symbol,window_id,train_ratio,train_size,val_size,test_size,test_start,test_end,oos_accuracy,auc,f1,precision,recall,tp,fp,tn,fn,lgbm_acc,xgb_acc,lstm_acc,bilstm_acc,gru_acc,cnn_lstm_acc,cnn_gru_acc,tcn_gru_acc,tcn_transformer_acc,nbeats_acc,dir_acc_up,dir_acc_down,pct_neutral,pct_up,pct_down,temperature,dl_models_trained
ABB,1,0.7,879,97,140,2024-02-09,2024-10-16,0.5928571428571429,0.5258397932816538,0.7106598984771574,0.6306306306306306,0.813953488372093,70,41,13,16,0.4357142857142857,0.6214285714285714,0.0,0.5428571428571428,0.0,0.0,0.0,0.0,0.55,0.55,0.6306306306306306,0.4482758620689655,0.0,0.7928571428571428,0.2071428571428571,0.2454258562347881,0
ABB,2,0.75,942,104,139,2024-06-14,2025-02-10,0.5107913669064749,0.5410447761194029,0.5853658536585366,0.4948453608247423,0.7164179104477612,48,49,23,19,0.5179856115107914,0.4820143884892086,0.0,0.460431654676259,0.0,0.0,0.0,0.0,0.4676258992805755,0.5323741007194245,0.4948453608247423,0.5476190476190477,0.0,0.697841726618705,0.302158273381295,0.1696412814471037,0
ABB,3,0.8,1005,111,139,2024-10-17,2025-07-08,0.5107913669064749,0.501656314699793,0.6633663366336634,0.5037593984962406,0.9710144927536232,67,66,4,2,0.5107913669064749,0.4964028776978417,0.0,0.5035971223021583,0.0,0.0,0.0,0.0,0.4748201438848921,0.5251798561151079,0.5037593984962406,0.6666666666666667,0.0,0.9568345323741008,0.0431654676258992,0.1775169673333013,0
ABB,4,0.85,1067,118,140,2025-02-13,2025-11-27,0.4571428571428571,0.4976525821596244,0.62,0.4806201550387597,0.8732394366197183,62,67,2,9,0.4928571428571429,0.5285714285714286,0.0,0.5,0.0,0.0,0.0,0.0,0.4928571428571429,0.4857142857142857,0.4806201550387597,0.1818181818181817,0.0,0.9214285714285714,0.0785714285714285,1.0,0
ABB,5,0.9,1130,125,140,2025-07-10,2026-04-10,0.5142857142857142,0.403390522875817,0.66,0.515625,0.9166666666666666,66,62,6,6,0.4357142857142857,0.5071428571428571,0.0,0.4428571428571428,0.0,0.0,0.0,0.0,0.4928571428571429,0.5142857142857142,0.515625,0.5,0.0,0.9142857142857144,0.0857142857142857,0.6000770986353383,0
ABB,6,0.95,1193,132,70,2025-12-02,2026-04-10,0.6,0.4011579818031431,0.7083333333333334,0.5964912280701754,0.8717948717948718,34,23,8,5,0.3714285714285714,0.5571428571428572,0.0,0.4428571428571428,0.0,0.0,0.0,0.0,0.4285714285714285,0.5285714285714286,0.5964912280701754,0.6153846153846154,0.0,0.8142857142857143,0.1857142857142857,0.4018565289813078,3
ALKEM,1,0.7,717,79,114,2024-04-10,2024-11-11,0.6140350877192983,0.6634852216748769,0.6071428571428571,0.6296296296296297,0.5862068965517241,34,20,36,24,0.5877192982456141,0.5789473684210527,0.0,0.5263157894736842,0.0,0.0,0.0,0.0,0.5964912280701754,0.5,0.6296296296296297,0.6,0.0,0.4736842105263157,0.5263157894736842,0.1208293244371589,0
ALKEM,2,0.75,768,85,114,2024-07-26,2025-03-12,0.4824561403508772,0.4476600985221675,0.528,0.4782608695652174,0.5892857142857143,33,36,22,23,0.4561403508771929,0.4473684210526316,0.0,0.5175438596491229,0.0,0.0,0.0,0.0,0.5350877192982456,0.5087719298245614,0.4782608695652174,0.4888888888888889,0.0,0.6052631578947368,0.3947368421052631,0.252792798046389,0
ALKEM,3,0.8,819,91,114,2024-11-12,2025-07-14,0.5087719298245614,0.4967642526964561,0.5254237288135594,0.492063492063492,0.5636363636363636,31,32,27,24,0.4210526315789473,0.5087719298245614,0.0,0.543859649122807,0.0,0.0,0.0,0.0,0.5087719298245614,0.4736842105263157,0.492063492063492,0.5294117647058824,0.0,0.5526315789473685,0.4473684210526316,0.2333080846308876,0
ALKEM,4,0.85,871,96,114,2025-03-13,2025-12-09,0.5087719298245614,0.515818858560794,0.5172413793103449,0.5555555555555556,0.4838709677419355,30,24,28,32,0.4649122807017544,0.4736842105263157,0.0,0.4649122807017544,0.0,0.0,0.0,0.0,0.5350877192982456,0.5,0.5555555555555556,0.4666666666666667,0.0,0.4736842105263157,0.5263157894736842,0.2623533755808074,0
ALKEM,5,0.9,922,102,114,2025-07-15,2026-04-10,0.5614035087719298,0.5548029556650246,0.5901639344262295,0.5454545454545454,0.6428571428571429,36,30,28,20,0.5350877192982456,0.5701754385964912,0.0,0.5614035087719298,0.0,0.0,0.0,0.0,0.4824561403508772,0.5,0.5454545454545454,0.5833333333333333,0.0,0.5789473684210527,0.4210526315789473,1.0,0
ALKEM,6,0.95,973,108,57,2025-12-10,2026-04-10,0.4736842105263157,0.49875,0.4827586206896552,0.4242424242424242,0.56,14,19,13,11,0.4912280701754385,0.4561403508771929,0.0,0.5614035087719298,0.0,0.0,0.0,0.0,0.6140350877192983,0.4912280701754385,0.4242424242424242,0.5416666666666667,0.0,0.5789473684210527,0.4210526315789473,0.2526925086662994,3
AMBUJACEM,1,0.7,760,84,120,2024-04-26,2024-12-06,0.5166666666666667,0.5998331479421579,0.6329113924050633,0.5,0.8620689655172413,50,50,12,8,0.55,0.5416666666666666,0.0,0.5583333333333333,0.0,0.0,0.0,0.0,0.4833333333333333,0.5416666666666666,0.5,0.6,0.0,0.8333333333333334,0.1666666666666666,0.1000066028542544,0
AMBUJACEM,2,0.75,814,90,121,2024-08-12,2025-04-04,0.4628099173553719,0.5539135194307608,0.5454545454545454,0.4588235294117647,0.6724137931034483,39,46,17,19,0.4628099173553719,0.4793388429752066,0.0,0.4958677685950413,0.0,0.0,0.0,0.0,0.4628099173553719,0.512396694214876,0.4588235294117647,0.4722222222222222,0.0,0.7024793388429752,0.2975206611570248,0.1714125048303511,0
AMBUJACEM,3,0.8,868,96,121,2024-12-10,2025-08-05,0.4710743801652892,0.4638752052545155,0.5844155844155844,0.4945054945054945,0.7142857142857143,45,46,12,18,0.4958677685950413,0.5537190082644629,0.0,0.4958677685950413,0.0,0.0,0.0,0.0,0.4545454545454545,0.5537190082644629,0.4945054945054945,0.4,0.0,0.7520661157024794,0.2479338842975206,0.3065585083846223,0
AMBUJACEM,4,0.85,923,102,120,2025-04-07,2025-12-09,0.4833333333333333,0.486993006993007,0.5507246376811594,0.4578313253012048,0.6909090909090909,38,45,20,17,0.475,0.5083333333333333,0.0,0.4583333333333333,0.0,0.0,0.0,0.0,0.625,0.4833333333333333,0.4578313253012048,0.5405405405405406,0.0,0.6916666666666667,0.3083333333333333,0.209271516132513,0
AMBUJACEM,5,0.9,977,108,121,2025-08-06,2026-04-10,0.5289256198347108,0.5256410256410257,0.5648854961832062,0.4683544303797468,0.7115384615384616,37,42,27,15,0.4380165289256198,0.5785123966942148,0.0,0.4214876033057851,0.0,0.0,0.0,0.0,0.4297520661157025,0.4297520661157025,0.4683544303797468,0.6428571428571428,0.0,0.6528925619834711,0.3471074380165289,0.4655151624295113,0
AMBUJACEM,6,0.95,1031,114,61,2025-12-10,2026-04-10,0.5737704918032787,0.5688172043010753,0.4347826086956521,0.625,0.3333333333333333,10,6,25,20,0.5081967213114754,0.6065573770491803,0.0,0.5245901639344263,0.0,0.0,0.0,0.0,0.5245901639344263,0.5245901639344263,0.625,0.5555555555555556,0.0,0.2622950819672131,0.7377049180327869,0.4618380384511509,3
ASIANPAINT,1,0.7,792,87,126,2024-01-09,2024-10-30,0.4841269841269841,0.5026481715006306,0.6408839779005525,0.5,0.8923076923076924,58,58,3,7,0.4682539682539682,0.4841269841269841,0.0,0.5793650793650794,0.0,0.0,0.0,0.0,0.492063492063492,0.5317460317460317,0.5,0.3,0.0,0.9206349206349206,0.0793650793650793,0.269690456162068,0
ASIANPAINT,2,0.75,848,94,126,2024-06-18,2025-03-05,0.4682539682539682,0.5047037884566489,0.5786163522012578,0.4509803921568627,0.8070175438596491,46,56,13,11,0.5238095238095238,0.4444444444444444,0.0,0.5,0.0,0.0,0.0,0.0,0.5,0.5634920634920635,0.4509803921568627,0.5416666666666667,0.0,0.8095238095238095,0.1904761904761904,0.4017240556787394,0
ASIANPAINT,3,0.8,905,100,126,2024-11-01,2025-07-21,0.5,0.5816326530612245,0.5827814569536424,0.4631578947368421,0.7857142857142857,44,51,19,12,0.5,0.5396825396825397,0.0,0.4603174603174603,0.0,0.0,0.0,0.0,0.5555555555555556,0.4682539682539682,0.4631578947368421,0.6129032258064516,0.0,0.753968253968254,0.246031746031746,0.2754603228277992,0
ASIANPAINT,4,0.85,962,106,126,2025-03-11,2025-12-08,0.5476190476190477,0.5497090817100936,0.6013986013986014,0.5657894736842105,0.6417910447761194,43,33,26,24,0.4444444444444444,0.5317460317460317,0.0,0.492063492063492,0.0,0.0,0.0,0.0,0.4761904761904761,0.5,0.5657894736842105,0.52,0.0,0.6031746031746031,0.3968253968253968,1.0,0
ASIANPAINT,5,0.9,1018,113,126,2025-07-22,2026-04-09,0.5317460317460317,0.5263556116015132,0.4778761061946903,0.5192307692307693,0.4426229508196721,27,25,40,34,0.492063492063492,0.5158730158730159,0.0,0.5238095238095238,0.0,0.0,0.0,0.0,0.4523809523809524,0.4444444444444444,0.5192307692307693,0.5405405405405406,0.0,0.4126984126984127,0.5873015873015873,0.4614912704789525,0
ASIANPAINT,6,0.95,1075,119,63,2025-12-10,2026-04-09,0.492063492063492,0.4866255144032921,0.5675675675675675,0.4468085106382978,0.7777777777777778,21,26,10,6,0.5079365079365079,0.5714285714285714,0.0,0.4761904761904761,0.0,0.0,0.0,0.0,0.4603174603174603,0.4444444444444444,0.4468085106382978,0.625,0.0,0.746031746031746,0.2539682539682539,1.0,3
AUBANK,1,0.7,783,86,124,2024-05-03,2025-01-01,0.4354838709677419,0.4440651260504201,0.396551724137931,0.3833333333333333,0.4107142857142857,23,37,31,33,0.4516129032258064,0.4838709677419355,0.0,0.4596774193548387,0.0,0.0,0.0,0.0,0.4838709677419355,0.5080645161290323,0.3833333333333333,0.484375,0.0,0.4838709677419355,0.5161290322580645,0.226559087638048,0
AUBANK,2,0.75,838,93,124,2024-09-10,2025-04-24,0.4838709677419355,0.4503657262277952,0.5616438356164384,0.4659090909090909,0.7068965517241379,41,47,19,17,0.4838709677419355,0.4758064516129032,0.0,0.5887096774193549,0.0,0.0,0.0,0.0,0.4354838709677419,0.4596774193548387,0.4659090909090909,0.5277777777777778,0.0,0.7096774193548387,0.2903225806451613,0.4333242439261585,0
AUBANK,3,0.8,894,99,124,2025-01-03,2025-08-13,0.5725806451612904,0.5869791666666666,0.5691056910569106,0.5932203389830508,0.546875,35,24,36,29,0.5564516129032258,0.4838709677419355,0.0,0.5161290322580645,0.0,0.0,0.0,0.0,0.5161290322580645,0.4838709677419355,0.5932203389830508,0.5538461538461539,0.0,0.4758064516129032,0.5241935483870968,1.0,0
AUBANK,4,0.85,950,105,124,2025-04-25,2025-12-08,0.5887096774193549,0.6209508881922675,0.6165413533834586,0.6119402985074627,0.6212121212121212,41,26,32,25,0.5403225806451613,0.4677419354838709,0.0,0.5725806451612904,0.0,0.0,0.0,0.0,0.4677419354838709,0.5645161290322581,0.6119402985074627,0.5614035087719298,0.0,0.5403225806451613,0.4596774193548387,0.2238339761575032,0
AUBANK,5,0.9,1006,111,125,2025-08-14,2026-04-09,0.536,0.5548155737704918,0.532258064516129,0.55,0.515625,33,27,34,31,0.512,0.52,0.0,0.488,0.0,0.0,0.0,0.0,0.528,0.464,0.55,0.523076923076923,0.0,0.48,0.52,0.2210921215969559,0
AUBANK,6,0.95,1062,117,63,2025-12-09,2026-04-09,0.5555555555555556,0.5091277890466531,0.4615384615384615,0.5217391304347826,0.4137931034482758,12,11,23,17,0.5396825396825397,0.5873015873015873,0.0,0.4603174603174603,0.0,0.0,0.0,0.0,0.4444444444444444,0.5238095238095238,0.5217391304347826,0.575,0.0,0.365079365079365,0.6349206349206349,0.1909570445852056,3
AUROPHARMA,1,0.7,771,85,123,2024-05-03,2024-12-23,0.5121951219512195,0.505820105820106,0.3333333333333333,0.5,0.25,15,15,48,45,0.5284552845528455,0.5284552845528455,0.0,0.5121951219512195,0.0,0.0,0.0,0.0,0.5447154471544715,0.4959349593495935,0.5,0.5161290322580645,0.0,0.2439024390243902,0.7560975609756098,0.3835787024704877,0
AUROPHARMA,2,0.75,827,91,122,2024-08-27,2025-04-17,0.5901639344262295,0.6128141397404032,0.5454545454545454,0.5084745762711864,0.5882352941176471,30,29,42,21,0.5,0.5573770491803278,0.0,0.4344262295081967,0.0,0.0,0.0,0.0,0.4918032786885246,0.4426229508196721,0.5084745762711864,0.6666666666666667,0.0,0.4836065573770491,0.5163934426229508,0.228270414552194,0
AUROPHARMA,3,0.8,882,97,122,2024-12-24,2025-08-13,0.5409836065573771,0.5327956989247312,0.4285714285714285,0.5526315789473685,0.35,21,17,45,39,0.5081967213114754,0.4754098360655737,0.0,0.4754098360655737,0.0,0.0,0.0,0.0,0.5163934426229508,0.4754098360655737,0.5526315789473685,0.5357142857142857,0.0,0.3114754098360656,0.6885245901639344,1.0,0
AUROPHARMA,4,0.85,936,104,122,2025-04-22,2025-12-16,0.4918032786885246,0.5306451612903226,0.2954545454545454,0.5,0.2096774193548387,13,13,47,49,0.5,0.5409836065573771,0.0,0.5327868852459017,0.0,0.0,0.0,0.0,0.4918032786885246,0.4836065573770491,0.5,0.4895833333333333,0.0,0.2131147540983606,0.7868852459016393,0.2475950322833576,0
AUROPHARMA,5,0.9,991,110,123,2025-08-14,2026-04-10,0.5040650406504065,0.5097987288135594,0.512,0.5245901639344263,0.5,32,29,30,32,0.4796747967479675,0.5121951219512195,0.0,0.5040650406504065,0.0,0.0,0.0,0.0,0.4634146341463415,0.5203252032520326,0.5245901639344263,0.4838709677419355,0.0,0.4959349593495935,0.5040650406504065,0.1000066028542544,0
AUROPHARMA,6,0.95,1046,116,62,2025-12-17,2026-04-10,0.5161290322580645,0.4817136886102404,0.5161290322580645,0.5517241379310345,0.4848484848484848,16,13,16,17,0.532258064516129,0.4677419354838709,0.0,0.4354838709677419,0.0,0.0,0.0,0.0,0.5483870967741935,0.532258064516129,0.5517241379310345,0.4848484848484848,0.0,0.4677419354838709,0.532258064516129,0.1000066028542544,3
AXISBANK,1,0.7,744,82,118,2024-03-06,2024-11-01,0.5169491525423728,0.506463659867854,0.544,0.5151515151515151,0.576271186440678,34,32,27,25,0.5084745762711864,0.5508474576271186,0.0,0.5423728813559322,0.0,0.0,0.0,0.0,0.5338983050847458,0.4745762711864407,0.5151515151515151,0.5192307692307692,0.0,0.559322033898305,0.4406779661016949,0.2033727144769571,0
AXISBANK,2,0.75,797,88,118,2024-07-04,2025-03-24,0.4915254237288136,0.5491898148148148,0.625,0.4716981132075472,0.925925925925926,50,56,8,4,0.5338983050847458,0.4915254237288136,0.0,0.5084745762711864,0.0,0.0,0.0,0.0,0.4745762711864407,0.4915254237288136,0.4716981132075472,0.6666666666666667,0.0,0.8983050847457628,0.1016949152542373,0.550478147053188,0
AXISBANK,3,0.8,850,94,118,2024-11-04,2025-07-31,0.4745762711864407,0.5288264559555165,0.6075949367088608,0.4485981308411215,0.9411764705882352,48,59,8,3,0.423728813559322,0.4576271186440678,0.0,0.4830508474576271,0.0,0.0,0.0,0.0,0.5677966101694916,0.4576271186440678,0.4485981308411215,0.7272727272727273,0.0,0.9067796610169492,0.0932203389830508,0.3488582288241994,0
AXISBANK,4,0.85,903,100,118,2025-03-25,2025-12-05,0.5,0.5166666666666666,0.562962962962963,0.4935064935064935,0.6551724137931034,38,39,21,20,0.4745762711864407,0.4661016949152542,0.0,0.5084745762711864,0.0,0.0,0.0,0.0,0.559322033898305,0.5338983050847458,0.4935064935064935,0.5121951219512195,0.0,0.652542372881356,0.3474576271186441,0.2286735749310689,0
AXISBANK,5,0.9,956,106,118,2025-08-01,2026-04-09,0.5338983050847458,0.5457949308755761,0.5045045045045045,0.5714285714285714,0.4516129032258064,28,21,35,34,0.4745762711864407,0.4322033898305085,0.0,0.5508474576271186,0.0,0.0,0.0,0.0,0.4830508474576271,0.4661016949152542,0.5714285714285714,0.5072463768115942,0.0,0.4152542372881356,0.5847457627118644,0.1124531483819118,0
AXISBANK,6,0.95,1009,112,59,2025-12-10,2026-04-09,0.559322033898305,0.5436781609195402,0.4347826086956521,0.5882352941176471,0.3448275862068966,10,7,23,19,0.4745762711864407,0.5084745762711864,0.0,0.3898305084745763,0.0,0.0,0.0,0.0,0.5423728813559322,0.576271186440678,0.5882352941176471,0.5476190476190477,0.0,0.288135593220339,0.711864406779661,0.1000066028542544,3
BAJAJ-AUTO,1,0.7,700,77,111,2024-05-13,2024-12-24,0.4774774774774775,0.4892787524366471,0.5166666666666667,0.492063492063492,0.543859649122807,31,32,22,26,0.4954954954954955,0.5585585585585585,0.0,0.4864864864864865,0.0,0.0,0.0,0.0,0.5045045045045045,0.4774774774774775,0.492063492063492,0.4583333333333333,0.0,0.5675675675675675,0.4324324324324324,0.1417452859480891,0
BAJAJ-AUTO,2,0.75,750,83,111,2024-09-04,2025-04-29,0.4504504504504504,0.4875409836065573,0.5271317829457365,0.430379746835443,0.68,34,45,16,16,0.5405405405405406,0.4864864864864865,0.0,0.3873873873873873,0.0,0.0,0.0,0.0,0.4414414414414414,0.4414414414414414,0.430379746835443,0.5,0.0,0.7117117117117117,0.2882882882882883,0.2468595037191419,0
BAJAJ-AUTO,3,0.8,800,88,111,2024-12-27,2025-08-28,0.5225225225225225,0.4954545454545455,0.5391304347826087,0.5254237288135594,0.5535714285714286,31,28,27,25,0.4774774774774775,0.5045045045045045,0.0,0.4594594594594595,0.0,0.0,0.0,0.0,0.5585585585585585,0.5225225225225225,0.5254237288135594,0.5192307692307692,0.0,0.5315315315315315,0.4684684684684684,0.1000066028542544,0
BAJAJ-AUTO,4,0.85,850,94,111,2025-04-30,2025-12-29,0.5135135135135135,0.5376868096166342,0.5846153846153846,0.5205479452054794,0.6666666666666666,38,35,19,19,0.5585585585585585,0.5135135135135135,0.0,0.4234234234234234,0.0,0.0,0.0,0.0,0.5045045045045045,0.5225225225225225,0.5205479452054794,0.5,0.0,0.6576576576576577,0.3423423423423423,1.0,0
BAJAJ-AUTO,5,0.9,900,99,112,2025-08-29,2026-04-09,0.5803571428571429,0.5574712643678161,0.6887417218543046,0.5591397849462365,0.896551724137931,52,41,13,6,0.4464285714285714,0.5178571428571429,0.0,0.5357142857142857,0.0,0.0,0.0,0.0,0.5535714285714286,0.4910714285714285,0.5591397849462365,0.6842105263157895,0.0,0.8303571428571429,0.1696428571428571,0.2943147268107773,0
BAJAJ-AUTO,6,0.95,950,105,56,2025-12-30,2026-04-09,0.5,0.4348387096774193,0.6111111111111112,0.5365853658536586,0.7096774193548387,22,19,6,9,0.4821428571428571,0.4642857142857143,0.0,0.5535714285714286,0.0,0.0,0.0,0.0,0.5535714285714286,0.5357142857142857,0.5365853658536586,0.4,0.0,0.7321428571428571,0.2678571428571428,0.2376569895478974,3
BAJAJFINSV,1,0.7,732,81,116,2024-04-12,2024-12-05,0.4741379310344827,0.5110119047619048,0.4873949579831932,0.4915254237288136,0.4833333333333333,29,30,26,31,0.5086206896551724,0.4827586206896552,0.0,0.4655172413793103,0.0,0.0,0.0,0.0,0.4827586206896552,0.4913793103448275,0.4915254237288136,0.4561403508771929,0.0,0.5086206896551724,0.4913793103448275,1.0,0
BAJAJFINSV,2,0.75,784,87,116,2024-08-19,2025-04-09,0.5344827586206896,0.5370205173951829,0.5846153846153846,0.5352112676056338,0.6440677966101694,38,33,24,21,0.4224137931034483,0.5517241379310345,0.0,0.5517241379310345,0.0,0.0,0.0,0.0,0.5086206896551724,0.4913793103448275,0.5352112676056338,0.5333333333333333,0.0,0.6120689655172413,0.3879310344827586,0.1714849682352555,0
BAJAJFINSV,3,0.8,837,92,116,2024-12-09,2025-07-25,0.3793103448275862,0.36068986024383,0.4461538461538462,0.4084507042253521,0.4915254237288136,29,42,15,30,0.5258620689655172,0.4741379310344827,0.0,0.4396551724137931,0.0,0.0,0.0,0.0,0.5,0.5172413793103449,0.4084507042253521,0.3333333333333333,0.0,0.6120689655172413,0.3879310344827586,0.2338388756260161,0
BAJAJFINSV,4,0.85,889,98,116,2025-04-11,2025-12-01,0.5603448275862069,0.4953910199226881,0.6222222222222222,0.5526315789473685,0.711864406779661,42,34,23,17,0.5172413793103449,0.5431034482758621,0.0,0.4568965517241379,0.0,0.0,0.0,0.0,0.5775862068965517,0.5258620689655172,0.5526315789473685,0.575,0.0,0.6551724137931034,0.3448275862068966,1.0,0
BAJAJFINSV,5,0.9,941,104,117,2025-07-29,2026-04-10,0.452991452991453,0.4785923753665688,0.4838709677419355,0.4347826086956521,0.5454545454545454,30,39,23,25,0.5213675213675214,0.5299145299145299,0.0,0.4615384615384615,0.0,0.0,0.0,0.0,0.4871794871794871,0.5811965811965812,0.4347826086956521,0.4791666666666666,0.0,0.5897435897435898,0.4102564102564102,0.4249602971903158,0
BAJAJFINSV,6,0.95,993,110,59,2025-12-02,2026-04-10,0.559322033898305,0.4965034965034964,0.5185185185185185,0.5,0.5384615384615384,14,14,19,12,0.423728813559322,0.5084745762711864,0.0,0.423728813559322,0.0,0.0,0.0,0.0,0.4576271186440678,0.4745762711864407,0.5,0.6129032258064516,0.0,0.4745762711864407,0.5254237288135594,0.1190311365670296,3
BAJFINANCE,1,0.7,737,81,117,2024-04-30,2024-12-30,0.6153846153846154,0.6633547632963179,0.5454545454545454,0.675,0.4576271186440678,27,13,45,32,0.5299145299145299,0.5641025641025641,0.0,0.5726495726495726,0.0,0.0,0.0,0.0,0.5042735042735043,0.5213675213675214,0.675,0.5844155844155844,0.0,0.3418803418803419,0.6581196581196581,0.2942009523331828,0
BAJFINANCE,2,0.75,789,87,117,2024-08-30,2025-04-30,0.5555555555555556,0.602863822326125,0.559322033898305,0.559322033898305,0.559322033898305,33,26,32,26,0.5299145299145299,0.5555555555555556,0.0,0.5384615384615384,0.0,0.0,0.0,0.0,0.5384615384615384,0.5213675213675214,0.559322033898305,0.5517241379310345,0.0,0.5042735042735043,0.4957264957264957,0.132919643327466,0
BAJFINANCE,3,0.8,842,93,117,2024-12-31,2025-08-19,0.5213675213675214,0.4915204678362573,0.5625,0.5294117647058824,0.6,36,32,25,24,0.4615384615384615,0.4700854700854701,0.0,0.5470085470085471,0.0,0.0,0.0,0.0,0.5042735042735043,0.5213675213675214,0.5294117647058824,0.5102040816326531,0.0,0.5811965811965812,0.4188034188034188,0.1879077128745909,0
BAJFINANCE,4,0.85,894,99,117,2025-05-02,2025-12-03,0.5213675213675214,0.5282186948853616,0.3777777777777777,0.6296296296296297,0.2698412698412698,17,10,44,46,0.4786324786324786,0.4786324786324786,0.0,0.4957264957264957,0.0,0.0,0.0,0.0,0.5128205128205128,0.4615384615384615,0.6296296296296297,0.4888888888888889,0.0,0.2307692307692307,0.7692307692307693,0.3297785829874852,0
BAJFINANCE,5,0.9,947,105,117,2025-08-20,2026-04-10,0.5213675213675214,0.5274693161893629,0.5692307692307692,0.5211267605633803,0.6271186440677966,37,34,24,22,0.4444444444444444,0.4957264957264957,0.0,0.4957264957264957,0.0,0.0,0.0,0.0,0.5811965811965812,0.4957264957264957,0.5211267605633803,0.5217391304347826,0.0,0.6068376068376068,0.3931623931623931,0.1000066028542544,0
BAJFINANCE,6,0.95,999,111,59,2025-12-04,2026-04-10,0.5084745762711864,0.6014492753623187,0.5797101449275363,0.4347826086956521,0.8695652173913043,20,26,10,3,0.423728813559322,0.5423728813559322,0.0,0.4576271186440678,0.0,0.0,0.0,0.0,0.4067796610169492,0.4067796610169492,0.4347826086956521,0.7692307692307692,0.0,0.7796610169491526,0.2203389830508474,0.1133158926426531,3
BANDHANBNK,1,0.7,812,90,130,2024-05-06,2024-12-03,0.5923076923076923,0.5814285714285714,0.4175824175824176,0.6129032258064516,0.3166666666666666,19,12,58,41,0.5692307692307692,0.5461538461538461,0.0,0.5153846153846153,0.0,0.0,0.0,0.0,0.5384615384615384,0.5307692307692308,0.6129032258064516,0.5858585858585859,0.0,0.2384615384615384,0.7615384615384615,0.2499702914800186,0
BANDHANBNK,2,0.75,871,96,129,2024-08-23,2025-04-04,0.5426356589147286,0.5466830466830466,0.1917808219178082,0.3888888888888889,0.1272727272727272,7,11,63,48,0.5813953488372093,0.4263565891472868,0.0,0.5581395348837209,0.0,0.0,0.0,0.0,0.5968992248062015,0.4651162790697674,0.3888888888888889,0.5675675675675675,0.0,0.1395348837209302,0.8604651162790697,0.1830973602236985,0
BANDHANBNK,3,0.8,929,103,129,2024-12-05,2025-08-01,0.5426356589147286,0.5629218900675024,0.4957264957264957,0.5178571428571429,0.4754098360655737,29,27,41,32,0.4651162790697674,0.4728682170542636,0.0,0.6124031007751938,0.0,0.0,0.0,0.0,0.4883720930232558,0.5348837209302325,0.5178571428571429,0.5616438356164384,0.0,0.4341085271317829,0.5658914728682171,0.1000066028542544,0
BANDHANBNK,4,0.85,987,109,129,2025-04-07,2025-11-27,0.5116279069767442,0.4353510895883777,0.2758620689655172,0.4285714285714285,0.2033898305084746,12,16,54,47,0.4883720930232558,0.5038759689922481,0.0,0.5503875968992248,0.0,0.0,0.0,0.0,0.5581395348837209,0.5348837209302325,0.4285714285714285,0.5346534653465347,0.0,0.2170542635658914,0.7829457364341085,0.1626213242105507,0
BANDHANBNK,5,0.9,1045,116,129,2025-08-04,2026-04-10,0.5348837209302325,0.5296260320543954,0.4117647058823529,0.4772727272727273,0.3620689655172414,21,23,48,37,0.5348837209302325,0.5038759689922481,0.0,0.5193798449612403,0.0,0.0,0.0,0.0,0.5736434108527132,0.5038759689922481,0.4772727272727273,0.5647058823529412,0.0,0.3410852713178294,0.6589147286821705,0.1000066028542544,0
BANDHANBNK,6,0.95,1103,122,65,2025-12-02,2026-04-10,0.6153846153846154,0.6193181818181819,0.4680851063829787,0.7333333333333333,0.34375,11,4,29,21,0.4615384615384615,0.5846153846153846,0.0,0.4615384615384615,0.0,0.0,0.0,0.0,0.5384615384615384,0.5076923076923077,0.7333333333333333,0.5800000000000001,0.0,0.2307692307692307,0.7692307692307693,0.194140466320847,3
BERGEPAINT,1,0.7,820,91,130,2024-01-09,2024-10-14,0.5153846153846153,0.4945238095238095,0.6227544910179641,0.5360824742268041,0.7428571428571429,52,45,15,18,0.5153846153846153,0.5,0.0,0.5846153846153846,0.0,0.0,0.0,0.0,0.4538461538461538,0.5384615384615384,0.5360824742268041,0.4545454545454546,0.0,0.7461538461538462,0.2538461538461538,0.1000066028542544,0
BERGEPAINT,2,0.75,879,97,130,2024-06-04,2025-02-17,0.5538461538461539,0.5481855323239606,0.6419753086419753,0.5842696629213483,0.7123287671232876,52,37,20,21,0.5076923076923077,0.4846153846153846,0.0,0.5230769230769231,0.0,0.0,0.0,0.0,0.4,0.4,0.5842696629213483,0.4878048780487805,0.0,0.6846153846153846,0.3153846153846154,0.2026883298746943,0
BERGEPAINT,3,0.8,937,104,130,2024-10-15,2025-07-14,0.4846153846153846,0.4464962121212121,0.593939393939394,0.4851485148514851,0.765625,49,52,14,15,0.4538461538461538,0.4923076923076923,0.0,0.5,0.0,0.0,0.0,0.0,0.4846153846153846,0.5307692307692308,0.4851485148514851,0.4827586206896551,0.0,0.7769230769230769,0.2230769230769231,0.1302443494268123,0
BERGEPAINT,4,0.85,996,110,130,2025-02-19,2025-11-17,0.5076923076923077,0.5426136363636364,0.6,0.5106382978723404,0.7272727272727273,48,46,18,18,0.4384615384615384,0.4538461538461538,0.0,0.5076923076923077,0.0,0.0,0.0,0.0,0.5,0.5230769230769231,0.5106382978723404,0.5,0.0,0.7230769230769231,0.2769230769230769,0.1525377523047479,0
BERGEPAINT,5,0.9,1054,117,131,2025-07-15,2026-04-10,0.5648854961832062,0.5630885122410546,0.6122448979591837,0.5113636363636364,0.7627118644067796,45,43,29,14,0.5038167938931297,0.4961832061068702,0.0,0.4274809160305343,0.0,0.0,0.0,0.0,0.4580152671755725,0.5190839694656488,0.5113636363636364,0.6744186046511628,0.0,0.6717557251908397,0.3282442748091603,0.2544056101082441,0
BERGEPAINT,6,0.95,1113,123,66,2025-11-18,2026-04-10,0.4848484848484848,0.5230769230769231,0.5277777777777778,0.4130434782608695,0.7307692307692307,19,27,13,7,0.5606060606060606,0.4848484848484848,0.0,0.5606060606060606,0.0,0.0,0.0,0.0,0.5909090909090909,0.5,0.4130434782608695,0.65,0.0,0.696969696969697,0.303030303030303,1.0,3
BHARTIARTL,1,0.7,707,78,112,2024-03-21,2024-11-21,0.5267857142857143,0.5506875599616246,0.5826771653543307,0.5441176470588235,0.6271186440677966,37,31,22,22,0.5625,0.5267857142857143,0.0,0.5357142857142857,0.0,0.0,0.0,0.0,0.4910714285714285,0.5,0.5441176470588235,0.5,0.0,0.6071428571428571,0.3928571428571428,0.2620351460026934,0
BHARTIARTL,2,0.75,757,84,112,2024-08-01,2025-03-24,0.5357142857142857,0.5258759241401478,0.6338028169014085,0.5555555555555556,0.7377049180327869,45,36,15,16,0.5357142857142857,0.4732142857142857,0.0,0.4910714285714285,0.0,0.0,0.0,0.0,0.4732142857142857,0.5535714285714286,0.5555555555555556,0.4838709677419355,0.0,0.7232142857142857,0.2767857142857143,0.1398202559091992,0
BHARTIARTL,3,0.8,808,89,112,2024-11-22,2025-07-25,0.5446428571428571,0.5177865612648221,0.6530612244897959,0.5925925925925926,0.7272727272727273,48,33,13,18,0.4553571428571428,0.5535714285714286,0.0,0.5446428571428571,0.0,0.0,0.0,0.0,0.4732142857142857,0.5357142857142857,0.5925925925925926,0.4193548387096774,0.0,0.7232142857142857,0.2767857142857143,0.1000066028542544,0
BHARTIARTL,4,0.85,858,95,112,2025-03-25,2025-11-24,0.5357142857142857,0.4519716885743174,0.6666666666666666,0.5977011494252874,0.7536231884057971,52,35,8,17,0.4553571428571428,0.5803571428571429,0.0,0.6339285714285714,0.0,0.0,0.0,0.0,0.5446428571428571,0.5982142857142857,0.5977011494252874,0.3199999999999999,0.0,0.7767857142857143,0.2232142857142857,0.3967540648061728,0
BHARTIARTL,5,0.9,909,100,113,2025-07-28,2026-04-09,0.5486725663716814,0.537037037037037,0.5984251968503937,0.5588235294117647,0.6440677966101694,38,30,24,21,0.584070796460177,0.5221238938053098,0.0,0.504424778761062,0.0,0.0,0.0,0.0,0.495575221238938,0.5221238938053098,0.5588235294117647,0.5333333333333333,0.0,0.6017699115044248,0.3982300884955752,0.1427110216950043,0
BHARTIARTL,6,0.95,959,106,57,2025-11-25,2026-04-09,0.4385964912280701,0.6445012787723785,0.5675675675675675,0.4117647058823529,0.9130434782608696,21,30,4,2,0.5614035087719298,0.4210526315789473,0.0,0.4035087719298245,0.0,0.0,0.0,0.0,0.4561403508771929,0.3859649122807017,0.4117647058823529,0.6666666666666667,0.0,0.8947368421052632,0.1052631578947368,0.193166156364813,3
BHEL,1,0.7,939,104,149,2024-01-09,2024-10-11,0.5167785234899329,0.4983455882352941,0.6326530612244898,0.5585585585585585,0.7294117647058823,62,49,15,23,0.5771812080536913,0.5704697986577181,0.0,0.5704697986577181,0.0,0.0,0.0,0.0,0.5704697986577181,0.5167785234899329,0.5585585585585585,0.3947368421052631,0.0,0.7449664429530202,0.2550335570469799,0.1953330750142235,0
BHEL,2,0.75,1006,111,149,2024-05-27,2025-02-13,0.5973154362416108,0.6632395382395382,0.6739130434782609,0.5535714285714286,0.8611111111111112,62,50,27,10,0.6308724832214765,0.4832214765100671,0.0,0.5637583892617449,0.0,0.0,0.0,0.0,0.4966442953020134,0.5637583892617449,0.5535714285714286,0.7297297297297297,0.0,0.7516778523489933,0.2483221476510067,0.117580806505264,0
BHEL,3,0.8,1073,119,149,2024-10-14,2025-07-08,0.5973154362416108,0.6566265060240963,0.6808510638297872,0.6095238095238096,0.7710843373493976,64,41,25,19,0.5570469798657718,0.5838926174496645,0.0,0.5637583892617449,0.0,0.0,0.0,0.0,0.5234899328859061,0.5570469798657718,0.6095238095238096,0.5681818181818181,0.0,0.7046979865771812,0.2953020134228188,0.3254077905465434,0
BHEL,4,0.85,1140,126,149,2025-02-17,2025-11-24,0.5503355704697986,0.5661764705882353,0.6127167630057804,0.6022727272727273,0.6235294117647059,53,35,29,32,0.4899328859060403,0.610738255033557,0.0,0.5838926174496645,0.0,0.0,0.0,0.0,0.4765100671140939,0.4295302013422818,0.6022727272727273,0.4754098360655737,0.0,0.5906040268456376,0.4093959731543624,1.0,0
BHEL,5,0.9,1207,134,149,2025-07-10,2026-04-10,0.5100671140939598,0.444564824846515,0.6439024390243903,0.5196850393700787,0.8461538461538461,66,61,10,12,0.5033557046979866,0.5234899328859061,0.0,0.5234899328859061,0.0,0.0,0.0,0.0,0.5234899328859061,0.5234899328859061,0.5196850393700787,0.4545454545454546,0.0,0.8523489932885906,0.1476510067114094,0.1255353924895492,0
BHEL,6,0.95,1274,141,75,2025-11-25,2026-04-10,0.44,0.4672364672364672,0.5531914893617021,0.4727272727272727,0.6666666666666666,26,29,7,13,0.5066666666666667,0.52,0.0,0.4533333333333333,0.0,0.0,0.0,0.0,0.5733333333333334,0.4666666666666667,0.4727272727272727,0.35,0.0,0.7333333333333333,0.2666666666666666,0.1000066028542544,3
BPCL,1,0.7,764,84,121,2024-04-25,2024-12-06,0.5206611570247934,0.5308539944903581,0.6813186813186813,0.5344827586206896,0.9393939393939394,62,54,1,4,0.5454545454545454,0.5454545454545454,0.0,0.5206611570247934,0.0,0.0,0.0,0.0,0.4793388429752066,0.5454545454545454,0.5344827586206896,0.1999999999999999,0.0,0.9586776859504132,0.0413223140495867,0.1287393788567064,0
BPCL,2,0.75,819,90,121,2024-08-14,2025-04-03,0.4793388429752066,0.4467213114754098,0.5987261146496815,0.4845360824742268,0.7833333333333333,47,50,11,13,0.4462809917355372,0.4462809917355372,0.0,0.4380165289256198,0.0,0.0,0.0,0.0,0.4710743801652892,0.4710743801652892,0.4845360824742268,0.4583333333333333,0.0,0.8016528925619835,0.1983471074380165,0.1244694006964703,0
BPCL,3,0.8,873,96,121,2024-12-10,2025-07-29,0.512396694214876,0.5519624101713654,0.6467065868263473,0.54,0.8059701492537313,54,46,8,13,0.4793388429752066,0.5206611570247934,0.0,0.5619834710743802,0.0,0.0,0.0,0.0,0.5206611570247934,0.5454545454545454,0.54,0.3809523809523809,0.0,0.8264462809917356,0.1735537190082644,0.2251112592734207,0
BPCL,4,0.85,927,103,121,2025-04-04,2025-12-03,0.5206611570247934,0.4994517543859649,0.5396825396825397,0.5483870967741935,0.53125,34,28,29,30,0.4793388429752066,0.5289256198347108,0.0,0.4876033057851239,0.0,0.0,0.0,0.0,0.5289256198347108,0.5206611570247934,0.5483870967741935,0.4915254237288136,0.0,0.512396694214876,0.4876033057851239,1.0,0
BPCL,5,0.9,981,109,122,2025-07-30,2026-04-10,0.4754098360655737,0.4869095816464237,0.5294117647058824,0.4556962025316455,0.631578947368421,36,43,22,21,0.5163934426229508,0.4754098360655737,0.0,0.4836065573770491,0.0,0.0,0.0,0.0,0.4754098360655737,0.4836065573770491,0.4556962025316455,0.5116279069767442,0.0,0.6475409836065574,0.3524590163934426,0.2950039745932075,0
BPCL,6,0.95,1036,115,61,2025-12-04,2026-04-10,0.4754098360655737,0.5346320346320346,0.5151515151515151,0.4473684210526316,0.6071428571428571,17,21,12,11,0.5573770491803278,0.4262295081967213,0.0,0.4590163934426229,0.0,0.0,0.0,0.0,0.5245901639344263,0.5245901639344263,0.4473684210526316,0.5217391304347826,0.0,0.6229508196721312,0.3770491803278688,0.1000066028542544,3
BRITANNIA,1,0.7,658,73,105,2024-05-23,2025-01-17,0.5047619047619047,0.5218181818181817,0.5185185185185185,0.5283018867924528,0.509090909090909,28,25,25,27,0.580952380952381,0.5428571428571428,0.0,0.4666666666666667,0.0,0.0,0.0,0.0,0.4857142857142857,0.4476190476190476,0.5283018867924528,0.4807692307692307,0.0,0.5047619047619047,0.4952380952380952,0.2830040612344182,0
BRITANNIA,2,0.75,705,78,105,2024-09-19,2025-05-06,0.5142857142857142,0.5439360929557009,0.5233644859813084,0.5283018867924528,0.5185185185185185,28,25,26,26,0.5619047619047619,0.5428571428571428,0.0,0.5619047619047619,0.0,0.0,0.0,0.0,0.4666666666666667,0.4761904761904761,0.5283018867924528,0.5,0.0,0.5047619047619047,0.4952380952380952,1.0,0
BRITANNIA,3,0.8,753,83,104,2025-01-22,2025-08-21,0.5480769230769231,0.4284090909090909,0.6758620689655173,0.5764705882352941,0.8166666666666667,49,36,8,11,0.5480769230769231,0.5576923076923077,0.0,0.5288461538461539,0.0,0.0,0.0,0.0,0.5769230769230769,0.5769230769230769,0.5764705882352941,0.4210526315789473,0.0,0.8173076923076923,0.1826923076923076,0.3999292331298968,0
BRITANNIA,4,0.85,800,88,104,2025-05-07,2025-12-17,0.4903846153846153,0.5032015065913371,0.5691056910569106,0.546875,0.5932203389830508,35,29,16,24,0.4807692307692308,0.5673076923076923,0.0,0.5576923076923077,0.0,0.0,0.0,0.0,0.5288461538461539,0.5,0.546875,0.4,0.0,0.6153846153846154,0.3846153846153846,0.1587131197869999,0
BRITANNIA,5,0.9,846,94,105,2025-08-25,2026-04-10,0.4666666666666667,0.469090909090909,0.5942028985507246,0.4939759036144578,0.7454545454545455,41,42,8,14,0.4857142857142857,0.5238095238095238,0.0,0.5142857142857142,0.0,0.0,0.0,0.0,0.5428571428571428,0.5428571428571428,0.4939759036144578,0.3636363636363636,0.0,0.7904761904761904,0.2095238095238095,0.1000066028542544,0
BRITANNIA,6,0.95,893,99,53,2025-12-18,2026-04-10,0.4150943396226415,0.4344729344729344,0.4918032786885246,0.4285714285714285,0.5769230769230769,15,20,7,11,0.4528301886792453,0.5283018867924528,0.0,0.3962264150943396,0.0,0.0,0.0,0.0,0.5094339622641509,0.490566037735849,0.4285714285714285,0.3888888888888888,0.0,0.660377358490566,0.3396226415094339,0.1570760826674996,3
CHOLAFIN,1,0.7,802,89,127,2024-04-24,2024-12-09,0.4645669291338583,0.4280753968253968,0.5466666666666666,0.4767441860465116,0.640625,41,45,18,23,0.4566929133858268,0.4724409448818897,0.0,0.5433070866141733,0.0,0.0,0.0,0.0,0.4803149606299212,0.4724409448818897,0.4767441860465116,0.4390243902439024,0.0,0.6771653543307087,0.3228346456692913,0.2823885231684906,0
CHOLAFIN,2,0.75,859,95,128,2024-08-14,2025-04-03,0.484375,0.4891656288916563,0.4923076923076923,0.4266666666666667,0.5818181818181818,32,43,30,23,0.4609375,0.4765625,0.0,0.4375,0.0,0.0,0.0,0.0,0.5390625,0.5234375,0.4266666666666667,0.5660377358490566,0.0,0.5859375,0.4140625,0.6665997490146788,0
CHOLAFIN,3,0.8,917,101,127,2024-12-10,2025-07-29,0.4409448818897638,0.4761538461538461,0.5034965034965035,0.3956043956043956,0.6923076923076923,36,55,20,16,0.5196850393700787,0.4094488188976378,0.0,0.4724409448818897,0.0,0.0,0.0,0.0,0.5511811023622047,0.4488188976377952,0.3956043956043956,0.5555555555555556,0.0,0.7165354330708661,0.2834645669291338,0.1446525927331308,0
CHOLAFIN,4,0.85,974,108,127,2025-04-04,2025-12-02,0.4330708661417323,0.4830845771144278,0.4782608695652174,0.4230769230769231,0.55,33,45,22,27,0.4566929133858268,0.4724409448818897,0.0,0.5511811023622047,0.0,0.0,0.0,0.0,0.4881889763779528,0.5354330708661418,0.4230769230769231,0.4489795918367347,0.0,0.6141732283464567,0.3858267716535433,1.0,0
CHOLAFIN,5,0.9,1031,114,128,2025-07-30,2026-04-10,0.4921875,0.4866650354783459,0.453781512605042,0.4655172413793103,0.4426229508196721,27,31,36,34,0.4140625,0.5234375,0.0,0.53125,0.0,0.0,0.0,0.0,0.5625,0.5,0.4655172413793103,0.5142857142857142,0.0,0.453125,0.546875,0.1093272927335799,0
CHOLAFIN,6,0.95,1089,120,64,2025-12-03,2026-04-10,0.546875,0.535960591133005,0.4528301886792453,0.5,0.4137931034482758,12,12,23,17,0.5,0.546875,0.0,0.578125,0.0,0.0,0.0,0.0,0.546875,0.515625,0.5,0.575,0.0,0.375,0.625,0.3114584129189369,3
CIPLA,1,0.7,698,77,111,2024-03-26,2024-11-12,0.5675675675675675,0.5571895424836601,0.5636363636363636,0.5254237288135594,0.6078431372549019,31,28,32,20,0.4864864864864865,0.5405405405405406,0.0,0.4864864864864865,0.0,0.0,0.0,0.0,0.4594594594594595,0.5225225225225225,0.5254237288135594,0.6153846153846154,0.0,0.5315315315315315,0.4684684684684684,0.258469305735845,0
CIPLA,2,0.75,748,83,110,2024-08-02,2025-03-20,0.5363636363636364,0.5502645502645503,0.5853658536585366,0.5373134328358209,0.6428571428571429,36,31,23,20,0.5272727272727272,0.509090909090909,0.0,0.5363636363636364,0.0,0.0,0.0,0.0,0.5545454545454546,0.4909090909090909,0.5373134328358209,0.5348837209302326,0.0,0.6090909090909091,0.3909090909090909,0.1000066028542544,0
CIPLA,3,0.8,798,88,111,2024-11-14,2025-07-23,0.5495495495495496,0.4746543778801843,0.6376811594202898,0.5789473684210527,0.7096774193548387,44,32,17,18,0.5405405405405406,0.4864864864864865,0.0,0.5135135135135135,0.0,0.0,0.0,0.0,0.5045045045045045,0.5945945945945946,0.5789473684210527,0.4857142857142857,0.0,0.6846846846846847,0.3153153153153153,0.1000066028542544,0
CIPLA,4,0.85,847,94,111,2025-03-24,2025-11-21,0.5315315315315315,0.5094771241830066,0.6,0.5571428571428572,0.65,39,31,20,21,0.5495495495495496,0.5315315315315315,0.0,0.5315315315315315,0.0,0.0,0.0,0.0,0.4954954954954955,0.4414414414414414,0.5571428571428572,0.4878048780487805,0.0,0.6306306306306306,0.3693693693693693,0.1740541453074826,0
CIPLA,5,0.9,898,99,111,2025-07-24,2026-04-10,0.4954954954954955,0.5172413793103448,0.5757575757575758,0.4810126582278481,0.7169811320754716,38,41,17,15,0.4774774774774775,0.4954954954954955,0.0,0.4684684684684684,0.0,0.0,0.0,0.0,0.4774774774774775,0.4684684684684684,0.4810126582278481,0.53125,0.0,0.7117117117117117,0.2882882882882883,1.0,0
CIPLA,6,0.95,947,105,56,2025-11-25,2026-04-10,0.4107142857142857,0.49609375,0.4761904761904761,0.3846153846153846,0.625,15,24,8,9,0.4642857142857143,0.4642857142857143,0.0,0.5178571428571429,0.0,0.0,0.0,0.0,0.4642857142857143,0.4107142857142857,0.3846153846153846,0.4705882352941176,0.0,0.6964285714285714,0.3035714285714285,0.1887707297031374,3
COALINDIA,1,0.7,745,82,118,2024-03-22,2024-10-29,0.5254237288135594,0.5056277056277056,0.654320987654321,0.5353535353535354,0.8412698412698413,53,46,9,10,0.6694915254237288,0.5677966101694916,0.0,0.4745762711864407,0.0,0.0,0.0,0.0,0.5169491525423728,0.5338983050847458,0.5353535353535354,0.4736842105263158,0.0,0.8389830508474576,0.1610169491525423,0.2077429203390134,0
COALINDIA,2,0.75,798,88,118,2024-07-22,2025-02-24,0.5,0.4873271889400922,0.549618320610687,0.48,0.6428571428571429,36,39,23,20,0.4406779661016949,0.4406779661016949,0.0,0.5254237288135594,0.0,0.0,0.0,0.0,0.5084745762711864,0.4830508474576271,0.48,0.5348837209302326,0.0,0.635593220338983,0.3644067796610169,0.1936715701504717,0
COALINDIA,3,0.8,851,94,118,2024-10-30,2025-07-08,0.4915254237288136,0.4724137931034483,0.5652173913043478,0.5,0.65,39,39,19,21,0.3983050847457627,0.5084745762711864,0.0,0.4576271186440678,0.0,0.0,0.0,0.0,0.4915254237288136,0.5423728813559322,0.5,0.475,0.0,0.6610169491525424,0.3389830508474576,0.2406383100640007,0
COALINDIA,4,0.85,904,100,118,2025-02-27,2025-11-25,0.4152542372881356,0.4302662037037036,0.5490196078431373,0.4719101123595505,0.65625,42,47,7,22,0.4576271186440678,0.5423728813559322,0.0,0.5338983050847458,0.0,0.0,0.0,0.0,0.4661016949152542,0.559322033898305,0.4719101123595505,0.2413793103448276,0.0,0.7542372881355932,0.2457627118644068,1.0,0
COALINDIA,5,0.9,957,106,119,2025-07-09,2026-04-09,0.4957983193277311,0.4693877551020408,0.5945945945945946,0.5176470588235295,0.6984126984126984,44,41,15,19,0.4285714285714285,0.5294117647058824,0.0,0.453781512605042,0.0,0.0,0.0,0.0,0.5126050420168067,0.5294117647058824,0.5176470588235295,0.4411764705882353,0.0,0.7142857142857143,0.2857142857142857,1.0,0
COALINDIA,6,0.95,1010,112,60,2025-11-27,2026-04-09,0.5833333333333334,0.557285873192436,0.691358024691358,0.56,0.9032258064516128,28,22,7,3,0.4833333333333333,0.5333333333333333,0.0,0.4833333333333333,0.0,0.0,0.0,0.0,0.5166666666666667,0.5333333333333333,0.56,0.7,0.0,0.8333333333333334,0.1666666666666666,0.4250371276229385,3
COFORGE,1,0.7,804,89,128,2024-04-04,2024-12-11,0.546875,0.5184615384615384,0.618421052631579,0.6351351351351351,0.6025641025641025,47,27,23,31,0.5703125,0.390625,0.0,0.5390625,0.0,0.0,0.0,0.0,0.4375,0.4765625,0.6351351351351351,0.4259259259259259,0.0,0.578125,0.421875,0.3657404525287395,0
COFORGE,2,0.75,862,95,128,2024-08-08,2025-04-28,0.5234375,0.5246153846153846,0.5906040268456376,0.6197183098591549,0.5641025641025641,44,27,23,34,0.6015625,0.4296875,0.0,0.5859375,0.0,0.0,0.0,0.0,0.53125,0.3671875,0.6197183098591549,0.4035087719298246,0.0,0.5546875,0.4453125,0.1272951279826074,0
COFORGE,3,0.8,919,102,128,2024-12-12,2025-08-19,0.4921875,0.4452680998270323,0.6107784431137725,0.53125,0.7183098591549296,51,45,12,20,0.53125,0.4453125,0.0,0.4296875,0.0,0.0,0.0,0.0,0.5390625,0.453125,0.53125,0.375,0.0,0.75,0.25,0.3640535162012502,0
COFORGE,4,0.85,977,108,128,2025-04-29,2025-12-16,0.5,0.4452830188679245,0.6521739130434783,0.5504587155963303,0.8,60,49,4,15,0.515625,0.4609375,0.0,0.5546875,0.0,0.0,0.0,0.0,0.4921875,0.59375,0.5504587155963303,0.2105263157894736,0.0,0.8515625,0.1484375,0.1000066028542544,0
COFORGE,5,0.9,1035,114,128,2025-08-20,2026-04-10,0.4140625,0.4783882783882783,0.5562130177514792,0.4433962264150943,0.746031746031746,47,59,6,16,0.5859375,0.4921875,0.0,0.515625,0.0,0.0,0.0,0.0,0.4765625,0.5078125,0.4433962264150943,0.2727272727272727,0.0,0.828125,0.171875,0.2262206110106579,0
COFORGE,6,0.95,1092,121,64,2025-12-17,2026-04-10,0.484375,0.4614614614614614,0.4923076923076923,0.4210526315789473,0.5925925925925926,16,22,15,11,0.375,0.359375,0.0,0.5625,0.0,0.0,0.0,0.0,0.421875,0.390625,0.4210526315789473,0.5769230769230769,0.0,0.59375,0.40625,0.1510870882322852,3
COLPAL,1,0.7,699,77,111,2024-05-21,2025-01-15,0.4684684684684684,0.4534808067664281,0.4869565217391304,0.4912280701754385,0.4827586206896552,28,29,24,30,0.4324324324324324,0.5045045045045045,0.0,0.4954954954954955,0.0,0.0,0.0,0.0,0.5405405405405406,0.4684684684684684,0.4912280701754385,0.4444444444444444,0.0,0.5135135135135135,0.4864864864864865,0.2220580067397444,0
COLPAL,2,0.75,748,83,111,2024-09-27,2025-04-22,0.4864864864864865,0.4537037037037037,0.5899280575539568,0.4505494505494505,0.8541666666666666,41,50,13,7,0.3963963963963964,0.4324324324324324,0.0,0.3963963963963964,0.0,0.0,0.0,0.0,0.5405405405405406,0.4414414414414414,0.4505494505494505,0.65,0.0,0.8198198198198198,0.1801801801801801,0.2554826389070912,0
COLPAL,3,0.8,799,88,111,2025-01-16,2025-08-14,0.4414414414414414,0.531554977228367,0.5974025974025974,0.4554455445544554,0.8679245283018868,46,55,3,7,0.5045045045045045,0.4774774774774775,0.0,0.4864864864864865,0.0,0.0,0.0,0.0,0.4684684684684684,0.5315315315315315,0.4554455445544554,0.3,0.0,0.90990990990991,0.09009009009009,0.1000066028542544,0
COLPAL,4,0.85,848,94,111,2025-04-23,2025-12-10,0.4774774774774775,0.4354628422425032,0.6081081081081081,0.46875,0.8653846153846154,45,51,8,7,0.4684684684684684,0.4684684684684684,0.0,0.5135135135135135,0.0,0.0,0.0,0.0,0.5315315315315315,0.4684684684684684,0.46875,0.5333333333333333,0.0,0.8648648648648649,0.1351351351351351,1.0,0
COLPAL,5,0.9,899,99,111,2025-08-18,2026-04-10,0.4414414414414414,0.4290826284970722,0.5303030303030303,0.4430379746835443,0.660377358490566,35,44,14,18,0.5315315315315315,0.4684684684684684,0.0,0.4594594594594595,0.0,0.0,0.0,0.0,0.5315315315315315,0.4324324324324324,0.4430379746835443,0.4375,0.0,0.7117117117117117,0.2882882882882883,0.6382179283484536,0
COLPAL,6,0.95,948,105,56,2025-12-16,2026-04-10,0.4464285714285714,0.4814814814814814,0.392156862745098,0.4166666666666667,0.3703703703703703,10,14,15,17,0.4821428571428571,0.5714285714285714,0.0,0.4107142857142857,0.0,0.0,0.0,0.0,0.5535714285714286,0.5178571428571429,0.4166666666666667,0.46875,0.0,0.4285714285714285,0.5714285714285714,0.1850039735563996,3
CUMMINSIND,1,0.7,758,84,121,2024-05-08,2024-12-04,0.5206611570247934,0.4684908789386401,0.6588235294117647,0.5436893203883495,0.835820895522388,56,47,7,11,0.5371900826446281,0.5537190082644629,0.0,0.5371900826446281,0.0,0.0,0.0,0.0,0.5289256198347108,0.5206611570247934,0.5436893203883495,0.3888888888888888,0.0,0.8512396694214877,0.1487603305785124,0.3065830868503787,0
CUMMINSIND,2,0.75,813,90,120,2024-08-23,2025-04-03,0.525,0.5245901639344261,0.6666666666666666,0.5089285714285714,0.9661016949152542,57,55,6,2,0.55,0.4916666666666666,0.0,0.4916666666666666,0.0,0.0,0.0,0.0,0.5,0.5,0.5089285714285714,0.75,0.0,0.9333333333333332,0.0666666666666666,0.1064049196790864,0
CUMMINSIND,3,0.8,867,96,120,2024-12-06,2025-08-06,0.5,0.4853146853146853,0.5774647887323944,0.5324675324675324,0.6307692307692307,41,36,19,24,0.4666666666666667,0.5166666666666667,0.0,0.5166666666666667,0.0,0.0,0.0,0.0,0.4583333333333333,0.5,0.5324675324675324,0.4418604651162791,0.0,0.6416666666666667,0.3583333333333333,0.4375488888258863,0
CUMMINSIND,4,0.85,921,102,120,2025-04-04,2025-12-12,0.525,0.4819551008809321,0.6545454545454545,0.5625,0.782608695652174,54,42,9,15,0.5,0.575,0.0,0.4416666666666666,0.0,0.0,0.0,0.0,0.4166666666666667,0.575,0.5625,0.375,0.0,0.8,0.2,1.0,0
CUMMINSIND,5,0.9,975,108,121,2025-08-07,2026-04-10,0.5206611570247934,0.4843924191750279,0.6547619047619048,0.5555555555555556,0.7971014492753623,55,44,8,14,0.4958677685950413,0.5702479338842975,0.0,0.5289256198347108,0.0,0.0,0.0,0.0,0.5041322314049587,0.4876033057851239,0.5555555555555556,0.3636363636363636,0.0,0.8181818181818182,0.1818181818181818,0.5237725346503543,0
CUMMINSIND,6,0.95,1029,114,61,2025-12-15,2026-04-10,0.4918032786885246,0.4599999999999999,0.6172839506172839,0.5555555555555556,0.6944444444444444,25,20,5,11,0.6229508196721312,0.5409836065573771,0.0,0.5081967213114754,0.0,0.0,0.0,0.0,0.3934426229508196,0.5245901639344263,0.5555555555555556,0.3125,0.0,0.7377049180327869,0.2622950819672131,0.1180986523193485,3
DIVISLAB,1,0.7,814,90,129,2023-11-28,2024-09-18,0.5116279069767442,0.4809546769527483,0.5401459854014599,0.5362318840579711,0.5441176470588235,37,32,29,31,0.5426356589147286,0.5193798449612403,0.0,0.4418604651162791,0.0,0.0,0.0,0.0,0.4573643410852713,0.4496124031007752,0.5362318840579711,0.4833333333333333,0.0,0.5348837209302325,0.4651162790697674,0.1890738387778559,0
DIVISLAB,2,0.75,873,96,129,2024-04-24,2025-02-07,0.4961240310077519,0.529893924783028,0.4347826086956521,0.5319148936170213,0.3676470588235294,25,22,39,43,0.5581395348837209,0.5348837209302325,0.0,0.5426356589147286,0.0,0.0,0.0,0.0,0.4728682170542636,0.4883720930232558,0.5319148936170213,0.4756097560975609,0.0,0.3643410852713178,0.6356589147286822,0.5844225901202363,0
DIVISLAB,3,0.8,930,103,129,2024-09-20,2025-06-27,0.5426356589147286,0.5624397299903569,0.6289308176100629,0.5494505494505495,0.7352941176470589,50,41,20,18,0.5503875968992248,0.5271317829457365,0.0,0.4961240310077519,0.0,0.0,0.0,0.0,0.5193798449612403,0.5271317829457365,0.5494505494505495,0.5263157894736843,0.0,0.7054263565891473,0.2945736434108527,0.1000066028542544,0
DIVISLAB,4,0.85,989,109,129,2025-02-12,2025-11-10,0.4341085271317829,0.4487922705314009,0.4671532846715328,0.4705882352941176,0.463768115942029,32,36,24,37,0.5503875968992248,0.4651162790697674,0.0,0.5193798449612403,0.0,0.0,0.0,0.0,0.5348837209302325,0.5271317829457365,0.4705882352941176,0.3934426229508196,0.0,0.5271317829457365,0.4728682170542636,1.0,0
DIVISLAB,5,0.9,1046,116,130,2025-06-30,2026-04-10,0.4307692307692308,0.4571428571428571,0.4861111111111111,0.4166666666666667,0.5833333333333334,35,49,21,25,0.4307692307692308,0.4384615384615384,0.0,0.5230769230769231,0.0,0.0,0.0,0.0,0.4461538461538462,0.4923076923076923,0.4166666666666667,0.4565217391304348,0.0,0.6461538461538462,0.3538461538461538,0.1234900196063212,0
DIVISLAB,6,0.95,1105,122,65,2025-11-12,2026-04-10,0.5076923076923077,0.5086872586872587,0.5151515151515151,0.4473684210526316,0.6071428571428571,17,21,16,11,0.5692307692307692,0.5692307692307692,0.0,0.4923076923076923,0.0,0.0,0.0,0.0,0.4307692307692308,0.5230769230769231,0.4473684210526316,0.5925925925925926,0.0,0.5846153846153846,0.4153846153846154,0.1120310226150913,3
DMART,1,0.7,844,93,135,2023-12-27,2024-09-24,0.4074074074074074,0.4453612845673506,0.4594594594594595,0.4722222222222222,0.4473684210526316,34,38,21,42,0.4296296296296296,0.437037037037037,0.0,0.5481481481481482,0.0,0.0,0.0,0.0,0.4666666666666667,0.4814814814814814,0.4722222222222222,0.3333333333333333,0.0,0.5333333333333333,0.4666666666666667,0.2811674726579323,0
DMART,2,0.75,905,100,134,2024-05-23,2025-02-05,0.4104477611940298,0.4632034632034632,0.4768211920529801,0.3829787234042553,0.631578947368421,36,58,19,21,0.4626865671641791,0.4477611940298507,0.0,0.4402985074626865,0.0,0.0,0.0,0.0,0.417910447761194,0.4552238805970149,0.3829787234042553,0.475,0.0,0.7014925373134329,0.2985074626865671,0.5348950910743459,0
DMART,3,0.8,965,107,134,2024-09-25,2025-06-25,0.5373134328358209,0.5023728813559323,0.6172839506172839,0.4854368932038835,0.847457627118644,50,53,22,9,0.5298507462686567,0.4925373134328358,0.0,0.4402985074626865,0.0,0.0,0.0,0.0,0.4104477611940298,0.4850746268656716,0.4854368932038835,0.7096774193548387,0.0,0.7686567164179104,0.2313432835820895,0.3917891836156797,0
DMART,4,0.85,1026,113,134,2025-02-07,2025-11-18,0.4850746268656716,0.4222370766488414,0.5766871165644172,0.4845360824742268,0.7121212121212122,47,50,18,19,0.5,0.3880597014925373,0.0,0.6194029850746269,0.0,0.0,0.0,0.0,0.4701492537313433,0.4402985074626865,0.4845360824742268,0.4864864864864865,0.0,0.7238805970149254,0.2761194029850746,0.2086578158462096,0
DMART,5,0.9,1086,120,134,2025-06-27,2026-04-10,0.4626865671641791,0.4783783783783784,0.4929577464788732,0.4268292682926829,0.5833333333333334,35,47,27,25,0.4402985074626865,0.4402985074626865,0.0,0.5597014925373134,0.0,0.0,0.0,0.0,0.4402985074626865,0.5373134328358209,0.4268292682926829,0.5192307692307692,0.0,0.6119402985074627,0.3880597014925373,0.2102914703943843,0
DMART,6,0.95,1146,127,67,2025-11-19,2026-04-10,0.4328358208955223,0.4428571428571429,0.24,0.3333333333333333,0.1875,6,12,23,26,0.4776119402985074,0.5223880597014925,0.0,0.5522388059701493,0.0,0.0,0.0,0.0,0.5223880597014925,0.3880597014925373,0.3333333333333333,0.4693877551020408,0.0,0.2686567164179104,0.7313432835820896,1.0,3
DRREDDY,1,0.7,692,76,110,2024-04-12,2024-12-03,0.4363636363636363,0.4289021164021164,0.5079365079365079,0.4444444444444444,0.5925925925925926,32,40,16,22,0.5272727272727272,0.509090909090909,0.0,0.4545454545454545,0.0,0.0,0.0,0.0,0.4909090909090909,0.4272727272727272,0.4444444444444444,0.4210526315789473,0.0,0.6545454545454545,0.3454545454545454,0.2777796179828379,0
DRREDDY,2,0.75,741,82,110,2024-08-02,2025-04-03,0.4545454545454545,0.5537901357166501,0.5774647887323944,0.4606741573033708,0.7735849056603774,41,48,9,12,0.4363636363636363,0.4818181818181818,0.0,0.509090909090909,0.0,0.0,0.0,0.0,0.5272727272727272,0.4727272727272727,0.4606741573033708,0.4285714285714286,0.0,0.8090909090909091,0.1909090909090909,1.0,0
DRREDDY,3,0.8,791,87,110,2024-12-04,2025-07-29,0.5272727272727272,0.5269320843091335,0.59375,0.5671641791044776,0.6229508196721312,38,29,20,23,0.6,0.5545454545454546,0.0,0.5181818181818182,0.0,0.0,0.0,0.0,0.5818181818181818,0.4363636363636363,0.5671641791044776,0.4651162790697675,0.0,0.6090909090909091,0.3909090909090909,1.0,0
DRREDDY,4,0.85,840,93,110,2025-04-04,2025-12-02,0.509090909090909,0.4324048913043478,0.6142857142857143,0.5657894736842105,0.671875,43,33,13,21,0.5363636363636364,0.5818181818181818,0.0,0.6272727272727273,0.0,0.0,0.0,0.0,0.4090909090909091,0.3727272727272727,0.5657894736842105,0.3823529411764705,0.0,0.6909090909090909,0.3090909090909091,0.4836852348636218,0
DRREDDY,5,0.9,890,98,110,2025-07-30,2026-04-09,0.4818181818181818,0.5073333333333333,0.5714285714285714,0.5205479452054794,0.6333333333333333,38,35,15,22,0.509090909090909,0.4909090909090909,0.0,0.4272727272727272,0.0,0.0,0.0,0.0,0.509090909090909,0.4454545454545454,0.5205479452054794,0.4054054054054054,0.0,0.6636363636363637,0.3363636363636363,0.2322247194315406,0
DRREDDY,6,0.95,939,104,55,2025-12-05,2026-04-09,0.509090909090909,0.5264550264550265,0.6301369863013698,0.5111111111111111,0.8214285714285714,23,22,5,5,0.3818181818181818,0.4727272727272727,0.0,0.5454545454545454,0.0,0.0,0.0,0.0,0.509090909090909,0.5636363636363636,0.5111111111111111,0.5,0.0,0.8181818181818182,0.1818181818181818,0.1396444004337788,3
EICHERMOT,1,0.7,761,84,121,2024-03-21,2024-12-03,0.5454545454545454,0.5839256424275561,0.5299145299145299,0.5636363636363636,0.5,31,24,35,31,0.5537190082644629,0.5206611570247934,0.0,0.4876033057851239,0.0,0.0,0.0,0.0,0.4710743801652892,0.5371900826446281,0.5636363636363636,0.5303030303030303,0.0,0.4545454545454545,0.5454545454545454,0.1000066028542544,0
EICHERMOT,2,0.75,816,90,120,2024-08-05,2025-04-01,0.6166666666666667,0.5160839160839161,0.4390243902439024,0.6666666666666666,0.3272727272727272,18,9,56,37,0.5333333333333333,0.575,0.0,0.4666666666666667,0.0,0.0,0.0,0.0,0.5583333333333333,0.5416666666666666,0.6666666666666666,0.6021505376344086,0.0,0.225,0.775,1.0,0
EICHERMOT,3,0.8,870,96,121,2024-12-04,2025-08-01,0.4710743801652892,0.4879715691634773,0.4666666666666667,0.4827586206896552,0.4516129032258064,28,30,29,34,0.4545454545454545,0.4545454545454545,0.0,0.5371900826446281,0.0,0.0,0.0,0.0,0.5041322314049587,0.4628099173553719,0.4827586206896552,0.4603174603174603,0.0,0.4793388429752066,0.5206611570247934,0.1000066028542544,0
EICHERMOT,4,0.85,924,102,121,2025-04-02,2025-12-15,0.5206611570247934,0.4772475027746947,0.6419753086419753,0.5531914893617021,0.7647058823529411,52,42,11,16,0.5289256198347108,0.4793388429752066,0.0,0.4132231404958678,0.0,0.0,0.0,0.0,0.4793388429752066,0.5537190082644629,0.5531914893617021,0.4074074074074074,0.0,0.7768595041322314,0.2231404958677686,0.2894788002436735,0
EICHERMOT,5,0.9,979,108,121,2025-08-04,2026-04-10,0.4958677685950413,0.5359100877192983,0.5547445255474452,0.5205479452054794,0.59375,38,35,22,26,0.4876033057851239,0.4545454545454545,0.0,0.5950413223140496,0.0,0.0,0.0,0.0,0.5454545454545454,0.5289256198347108,0.5205479452054794,0.4583333333333333,0.0,0.6033057851239669,0.396694214876033,1.0,0
EICHERMOT,6,0.95,1033,114,61,2025-12-16,2026-04-10,0.5573770491803278,0.5754310344827586,0.5970149253731343,0.5263157894736842,0.6896551724137931,20,18,14,9,0.6229508196721312,0.5901639344262295,0.0,0.4918032786885246,0.0,0.0,0.0,0.0,0.5245901639344263,0.4918032786885246,0.5263157894736842,0.6086956521739131,0.0,0.6229508196721312,0.3770491803278688,0.3794353093922036,3
FEDERALBNK,1,0.7,745,82,118,2024-02-08,2024-10-24,0.5423728813559322,0.4735294117647058,0.6447368421052632,0.5833333333333334,0.7205882352941176,49,35,15,19,0.5338983050847458,0.5254237288135594,0.0,0.5169491525423728,0.0,0.0,0.0,0.0,0.576271186440678,0.5932203389830508,0.5833333333333334,0.4411764705882353,0.0,0.711864406779661,0.288135593220339,0.2139972287559788,0
FEDERALBNK,2,0.75,798,88,118,2024-06-19,2025-03-04,0.4576271186440678,0.436075036075036,0.5428571428571428,0.4935064935064935,0.6031746031746031,38,39,16,25,0.5,0.4830508474576271,0.0,0.4491525423728814,0.0,0.0,0.0,0.0,0.559322033898305,0.4661016949152542,0.4935064935064935,0.3902439024390244,0.0,0.652542372881356,0.3474576271186441,0.1144451094103715,0
FEDERALBNK,3,0.8,851,94,118,2024-10-25,2025-07-11,0.559322033898305,0.5191037058316575,0.6285714285714286,0.5432098765432098,0.7457627118644068,44,37,22,15,0.4915254237288136,0.5,0.0,0.4661016949152542,0.0,0.0,0.0,0.0,0.5084745762711864,0.5932203389830508,0.5432098765432098,0.5945945945945945,0.0,0.6864406779661016,0.3135593220338983,0.1000066028542544,0
FEDERALBNK,4,0.85,904,100,118,2025-03-06,2025-12-05,0.5847457627118644,0.5206876456876457,0.6918238993710691,0.5913978494623656,0.8333333333333334,55,38,14,11,0.5169491525423728,0.5169491525423728,0.0,0.5932203389830508,0.0,0.0,0.0,0.0,0.4830508474576271,0.4830508474576271,0.5913978494623656,0.56,0.0,0.788135593220339,0.211864406779661,0.3730440547593505,0
FEDERALBNK,5,0.9,957,106,119,2025-07-14,2026-04-10,0.4621848739495798,0.4316752429959977,0.5897435897435898,0.5111111111111111,0.696969696969697,46,44,9,20,0.4705882352941176,0.5546218487394958,0.0,0.5294117647058824,0.0,0.0,0.0,0.0,0.5126050420168067,0.5042016806722689,0.5111111111111111,0.3103448275862068,0.0,0.7563025210084033,0.2436974789915966,0.2300346646587477,0
FEDERALBNK,6,0.95,1010,112,60,2025-12-08,2026-04-10,0.4666666666666667,0.4582869855394883,0.5555555555555556,0.4878048780487805,0.6451612903225806,20,21,8,11,0.4166666666666667,0.5166666666666667,0.0,0.5166666666666667,0.0,0.0,0.0,0.0,0.5166666666666667,0.4666666666666667,0.4878048780487805,0.4210526315789473,0.0,0.6833333333333333,0.3166666666666666,0.1000066028542544,3
GAIL,1,0.7,890,98,141,2024-01-15,2024-09-26,0.5602836879432624,0.5588474025974026,0.6555555555555556,0.5728155339805825,0.7662337662337663,59,44,20,18,0.4609929078014184,0.5460992907801419,0.0,0.5035460992907801,0.0,0.0,0.0,0.0,0.5177304964539007,0.5957446808510638,0.5728155339805825,0.5263157894736843,0.0,0.7304964539007093,0.2695035460992908,0.1734012763494716,0
GAIL,2,0.75,954,105,141,2024-05-30,2025-02-10,0.4822695035460992,0.5044283413848631,0.5780346820809249,0.4807692307692308,0.7246376811594203,50,54,18,19,0.4822695035460992,0.4893617021276595,0.0,0.4609929078014184,0.0,0.0,0.0,0.0,0.5035460992907801,0.4680851063829787,0.4807692307692308,0.4864864864864865,0.0,0.7375886524822695,0.2624113475177305,0.1547935137119519,0
GAIL,3,0.8,1017,112,141,2024-09-27,2025-06-24,0.4964539007092198,0.533239323126511,0.5895953757225434,0.4857142857142857,0.75,51,54,19,17,0.5106382978723404,0.4822695035460992,0.0,0.4680851063829787,0.0,0.0,0.0,0.0,0.4893617021276595,0.4822695035460992,0.4857142857142857,0.5277777777777778,0.0,0.7446808510638298,0.2553191489361702,0.2899368145601204,0
GAIL,4,0.85,1080,120,141,2025-02-11,2025-11-12,0.5390070921985816,0.5527597402597403,0.6632124352331606,0.5517241379310345,0.8311688311688312,64,52,12,13,0.4964539007092198,0.5460992907801419,0.0,0.5319148936170213,0.0,0.0,0.0,0.0,0.475177304964539,0.5531914893617021,0.5517241379310345,0.48,0.0,0.8226950354609929,0.1773049645390071,1.0,0
GAIL,5,0.9,1143,127,142,2025-06-25,2026-04-09,0.5140845070422535,0.4546899841017488,0.6229508196721312,0.5229357798165137,0.7702702702702703,57,52,16,17,0.4788732394366197,0.4859154929577465,0.0,0.5140845070422535,0.0,0.0,0.0,0.0,0.4859154929577465,0.5,0.5229357798165137,0.4848484848484848,0.0,0.7676056338028169,0.2323943661971831,1.0,0
GAIL,6,0.95,1207,134,71,2025-11-14,2026-04-09,0.4929577464788732,0.3926868044515103,0.55,0.4782608695652174,0.6470588235294118,22,24,13,12,0.3661971830985915,0.4929577464788732,0.0,0.4366197183098591,0.0,0.0,0.0,0.0,0.4225352112676056,0.4788732394366197,0.4782608695652174,0.52,0.0,0.647887323943662,0.352112676056338,0.3803124200757979,3
GODREJCP,1,0.7,738,82,117,2024-04-19,2024-11-26,0.5470085470085471,0.5480938416422287,0.4854368932038835,0.5208333333333334,0.4545454545454545,25,23,39,30,0.5213675213675214,0.4957264957264957,0.0,0.3846153846153846,0.0,0.0,0.0,0.0,0.5555555555555556,0.5128205128205128,0.5208333333333334,0.5652173913043479,0.0,0.4102564102564102,0.5897435897435898,0.1828712562910292,0
GODREJCP,2,0.75,792,87,117,2024-08-08,2025-03-28,0.3846153846153846,0.4694444444444445,0.5068493150684932,0.3663366336633663,0.8222222222222222,37,64,8,8,0.4615384615384615,0.4102564102564102,0.0,0.4358974358974359,0.0,0.0,0.0,0.0,0.4615384615384615,0.4615384615384615,0.3663366336633663,0.5,0.0,0.8632478632478633,0.1367521367521367,0.2327843948783993,0
GODREJCP,3,0.8,844,93,117,2024-11-27,2025-08-06,0.4444444444444444,0.4714885954381753,0.5578231292517006,0.4183673469387755,0.8367346938775511,41,57,11,8,0.4615384615384615,0.4102564102564102,0.0,0.5384615384615384,0.0,0.0,0.0,0.0,0.4102564102564102,0.4786324786324786,0.4183673469387755,0.5789473684210527,0.0,0.8376068376068376,0.1623931623931624,1.0,0
GODREJCP,4,0.85,897,99,117,2025-04-01,2025-12-10,0.4957264957264957,0.518475073313783,0.5815602836879432,0.4767441860465116,0.7454545454545455,41,45,17,14,0.5470085470085471,0.4700854700854701,0.0,0.4188034188034188,0.0,0.0,0.0,0.0,0.4871794871794871,0.5042735042735043,0.4767441860465116,0.5483870967741935,0.0,0.7350427350427351,0.2649572649572649,0.1000066028542544,0
GODREJCP,5,0.9,949,105,118,2025-08-07,2026-04-10,0.5169491525423728,0.4985599078341013,0.4,0.5757575757575758,0.3064516129032258,19,14,42,43,0.5508474576271186,0.4745762711864407,0.0,0.4661016949152542,0.0,0.0,0.0,0.0,0.5169491525423728,0.5254237288135594,0.5757575757575758,0.4941176470588235,0.0,0.2796610169491525,0.7203389830508474,0.213665767375458,0
GODREJCP,6,0.95,1002,111,59,2025-12-11,2026-04-10,0.4406779661016949,0.5384615384615384,0.3265306122448979,0.5,0.2424242424242424,8,8,18,25,0.5254237288135594,0.4406779661016949,0.0,0.4406779661016949,0.0,0.0,0.0,0.0,0.4576271186440678,0.5254237288135594,0.5,0.4186046511627906,0.0,0.2711864406779661,0.7288135593220338,0.1682771408598432,3
GRASIM,1,0.7,742,82,118,2024-04-08,2024-11-19,0.559322033898305,0.5443001443001443,0.6976744186046512,0.5504587155963303,0.9523809523809524,60,49,6,3,0.5254237288135594,0.5423728813559322,0.0,0.4661016949152542,0.0,0.0,0.0,0.0,0.5254237288135594,0.5084745762711864,0.5504587155963303,0.6666666666666667,0.0,0.923728813559322,0.0762711864406779,0.1928142927205196,0
GRASIM,2,0.75,795,88,118,2024-07-30,2025-03-24,0.4406779661016949,0.4511494252873563,0.5657894736842105,0.4574468085106383,0.7413793103448276,43,51,9,15,0.4830508474576271,0.5508474576271186,0.0,0.4830508474576271,0.0,0.0,0.0,0.0,0.4745762711864407,0.4661016949152542,0.4574468085106383,0.375,0.0,0.7966101694915254,0.2033898305084746,0.2432920252384376,0
GRASIM,3,0.8,848,94,118,2024-11-21,2025-07-22,0.4406779661016949,0.4115783410138249,0.5416666666666666,0.4431818181818182,0.6964285714285714,39,49,13,17,0.4322033898305085,0.4830508474576271,0.0,0.3559322033898305,0.0,0.0,0.0,0.0,0.4915254237288136,0.4322033898305085,0.4431818181818182,0.4333333333333333,0.0,0.7457627118644068,0.2542372881355932,0.2478784916479264,0
GRASIM,4,0.85,901,100,118,2025-03-25,2025-12-10,0.4406779661016949,0.4636180615473109,0.5657894736842105,0.4526315789473684,0.7543859649122807,43,52,9,14,0.4915254237288136,0.5084745762711864,0.0,0.4830508474576271,0.0,0.0,0.0,0.0,0.4830508474576271,0.4915254237288136,0.4526315789473684,0.3913043478260869,0.0,0.8050847457627118,0.1949152542372881,0.4736077865347193,0
GRASIM,5,0.9,954,106,118,2025-07-23,2026-04-10,0.5,0.5033074489502445,0.5354330708661418,0.4857142857142857,0.5964912280701754,34,36,25,23,0.4322033898305085,0.5338983050847458,0.0,0.5084745762711864,0.0,0.0,0.0,0.0,0.5084745762711864,0.5847457627118644,0.4857142857142857,0.5208333333333333,0.0,0.5932203389830508,0.4067796610169492,1.0,0
GRASIM,6,0.95,1008,111,59,2025-12-11,2026-04-10,0.5084745762711864,0.479020979020979,0.6233766233766234,0.4705882352941176,0.9230769230769232,24,27,6,2,0.423728813559322,0.4406779661016949,0.0,0.5423728813559322,0.0,0.0,0.0,0.0,0.4576271186440678,0.5254237288135594,0.4705882352941176,0.75,0.0,0.864406779661017,0.135593220338983,0.5779583750834464,3
HAVELLS,1,0.7,843,93,134,2023-12-18,2024-09-20,0.4925373134328358,0.4690448791714615,0.569620253164557,0.569620253164557,0.569620253164557,45,34,21,34,0.5298507462686567,0.582089552238806,0.0,0.5746268656716418,0.0,0.0,0.0,0.0,0.5373134328358209,0.4029850746268656,0.569620253164557,0.3818181818181818,0.0,0.5895522388059702,0.4104477611940298,0.1599478861503105,0
HAVELLS,2,0.75,903,100,134,2024-05-13,2025-02-06,0.5522388059701493,0.5317442637558476,0.6296296296296297,0.5368421052631579,0.7611940298507462,51,44,23,16,0.5298507462686567,0.5,0.0,0.5149253731343284,0.0,0.0,0.0,0.0,0.5,0.4552238805970149,0.5368421052631579,0.5897435897435898,0.0,0.7089552238805971,0.291044776119403,0.3374329064790684,0
HAVELLS,3,0.8,963,107,134,2024-09-23,2025-06-16,0.5074626865671642,0.5669642857142858,0.5769230769230769,0.4891304347826087,0.703125,45,47,23,19,0.5970149253731343,0.5074626865671642,0.0,0.5671641791044776,0.0,0.0,0.0,0.0,0.4701492537313433,0.4104477611940298,0.4891304347826087,0.5476190476190477,0.0,0.6865671641791045,0.3134328358208955,0.1000066028542544,0
HAVELLS,4,0.85,1024,113,134,2025-02-07,2025-11-17,0.4925373134328358,0.4867335562987737,0.5277777777777778,0.5066666666666667,0.5507246376811594,38,37,28,31,0.4925373134328358,0.5149253731343284,0.0,0.5149253731343284,0.0,0.0,0.0,0.0,0.4328358208955223,0.4701492537313433,0.5066666666666667,0.4745762711864406,0.0,0.5597014925373134,0.4402985074626865,1.0,0
HAVELLS,5,0.9,1084,120,134,2025-06-17,2026-04-10,0.4925373134328358,0.5298573975044564,0.5211267605633803,0.4868421052631579,0.5606060606060606,37,39,29,29,0.5074626865671642,0.5074626865671642,0.0,0.4925373134328358,0.0,0.0,0.0,0.0,0.4850746268656716,0.5149253731343284,0.4868421052631579,0.5,0.0,0.5671641791044776,0.4328358208955223,0.1000066028542544,0
HAVELLS,6,0.95,1144,127,67,2025-11-18,2026-04-10,0.3880597014925373,0.4527629233511586,0.3492063492063492,0.3666666666666666,0.3333333333333333,11,19,15,22,0.5671641791044776,0.5074626865671642,0.0,0.3283582089552239,0.0,0.0,0.0,0.0,0.4925373134328358,0.4626865671641791,0.3666666666666666,0.4054054054054054,0.0,0.4477611940298507,0.5522388059701493,1.0,3
HCLTECH,1,0.7,708,78,112,2024-04-24,2024-12-19,0.5625,0.5807291666666666,0.6620689655172414,0.5925925925925926,0.75,48,33,15,16,0.5,0.5892857142857143,0.0,0.5,0.0,0.0,0.0,0.0,0.5714285714285714,0.5982142857142857,0.5925925925925926,0.4838709677419355,0.0,0.7232142857142857,0.2767857142857143,1.0,0
HCLTECH,2,0.75,758,84,112,2024-08-19,2025-04-22,0.5178571428571429,0.5801087304125359,0.6582278481012658,0.5252525252525253,0.8813559322033898,52,47,6,7,0.4464285714285714,0.5178571428571429,0.0,0.5267857142857143,0.0,0.0,0.0,0.0,0.5267857142857143,0.5535714285714286,0.5252525252525253,0.4615384615384615,0.0,0.8839285714285714,0.1160714285714285,0.2464032138300752,0
HCLTECH,3,0.8,809,89,112,2024-12-20,2025-08-08,0.4464285714285714,0.4584929757343551,0.5,0.4428571428571428,0.5740740740740741,31,39,19,23,0.3928571428571428,0.5267857142857143,0.0,0.4732142857142857,0.0,0.0,0.0,0.0,0.4732142857142857,0.5089285714285714,0.4428571428571428,0.4523809523809523,0.0,0.625,0.375,0.1000066028542544,0
HCLTECH,4,0.85,859,95,112,2025-04-23,2025-12-09,0.5,0.4626436781609195,0.6,0.4883720930232558,0.7777777777777778,42,44,14,12,0.4821428571428571,0.4375,0.0,0.4553571428571428,0.0,0.0,0.0,0.0,0.4821428571428571,0.5089285714285714,0.4883720930232558,0.5384615384615384,0.0,0.7678571428571429,0.2321428571428571,0.1000066028542544,0
HCLTECH,5,0.9,909,101,113,2025-08-11,2026-04-10,0.4690265486725664,0.4840225563909774,0.5238095238095238,0.4714285714285714,0.5892857142857143,33,37,20,23,0.6194690265486725,0.4601769911504424,0.0,0.5221238938053098,0.0,0.0,0.0,0.0,0.495575221238938,0.504424778761062,0.4714285714285714,0.4651162790697675,0.0,0.6194690265486725,0.3805309734513274,0.3243663054693763,0
HCLTECH,6,0.95,960,106,57,2025-12-12,2026-04-10,0.4912280701754385,0.4962962962962963,0.4081632653061224,0.4545454545454545,0.3703703703703703,10,12,18,17,0.3333333333333333,0.4210526315789473,0.0,0.5087719298245614,0.0,0.0,0.0,0.0,0.4912280701754385,0.5789473684210527,0.4545454545454545,0.5142857142857142,0.0,0.3859649122807017,0.6140350877192983,1.0,3
HDFCBANK,1,0.7,682,75,108,2024-03-04,2024-11-04,0.5185185185185185,0.4815340909090909,0.5272727272727272,0.6304347826086957,0.453125,29,17,27,35,0.4907407407407407,0.4722222222222222,0.0,0.5092592592592593,0.0,0.0,0.0,0.0,0.5277777777777778,0.4722222222222222,0.6304347826086957,0.4354838709677419,0.0,0.4259259259259259,0.5740740740740741,0.1069427518567194,0
HDFCBANK,2,0.75,730,81,108,2024-07-04,2025-03-03,0.4444444444444444,0.4498626373626374,0.5081967213114754,0.4696969696969697,0.5535714285714286,31,35,17,25,0.4814814814814814,0.4351851851851852,0.0,0.5,0.0,0.0,0.0,0.0,0.5462962962962963,0.5555555555555556,0.4696969696969697,0.4047619047619047,0.0,0.6111111111111112,0.3888888888888889,0.1473468753388102,0
HDFCBANK,3,0.8,779,86,108,2024-11-06,2025-07-14,0.5648148148148148,0.526334147192187,0.6356589147286822,0.6029411764705882,0.6721311475409836,41,27,20,20,0.4907407407407407,0.4537037037037037,0.0,0.5,0.0,0.0,0.0,0.0,0.5740740740740741,0.5462962962962963,0.6029411764705882,0.5,0.0,0.6296296296296297,0.3703703703703703,0.1000066028542544,0
HDFCBANK,4,0.85,828,91,108,2025-03-04,2025-12-09,0.6018518518518519,0.5785413744740533,0.7189542483660131,0.6043956043956044,0.8870967741935484,55,36,10,7,0.6018518518518519,0.5740740740740741,0.0,0.5648148148148148,0.0,0.0,0.0,0.0,0.5740740740740741,0.6388888888888888,0.6043956043956044,0.5882352941176471,0.0,0.8425925925925926,0.1574074074074074,0.1705723029370618,0
HDFCBANK,5,0.9,876,97,109,2025-07-16,2026-04-10,0.4495412844036697,0.541156462585034,0.5833333333333334,0.4421052631578947,0.8571428571428571,42,53,7,7,0.5596330275229358,0.4495412844036697,0.0,0.5045871559633027,0.0,0.0,0.0,0.0,0.5137614678899083,0.4954128440366973,0.4421052631578947,0.5,0.0,0.8715596330275229,0.128440366972477,0.1503823780249411,0
HDFCBANK,6,0.95,925,102,55,2025-12-10,2026-04-10,0.3818181818181818,0.6198347107438016,0.4848484848484848,0.3636363636363636,0.7272727272727273,16,28,5,6,0.4545454545454545,0.4363636363636363,0.0,0.5636363636363636,0.0,0.0,0.0,0.0,0.4,0.6,0.3636363636363636,0.4545454545454546,0.0,0.8,0.2,0.1681547404139781,3
HDFCLIFE,1,0.7,728,80,116,2024-04-23,2024-12-05,0.4741379310344827,0.4674397859054415,0.4504504504504504,0.4807692307692308,0.423728813559322,25,27,30,34,0.5,0.5258620689655172,0.0,0.5344827586206896,0.0,0.0,0.0,0.0,0.4827586206896552,0.5344827586206896,0.4807692307692308,0.46875,0.0,0.4482758620689655,0.5517241379310345,0.107797821831359,0
HDFCLIFE,2,0.75,780,86,115,2024-08-22,2025-04-07,0.591304347826087,0.6095556908094948,0.419753086419753,0.6071428571428571,0.320754716981132,17,11,51,36,0.4782608695652174,0.6173913043478261,0.0,0.5739130434782609,0.0,0.0,0.0,0.0,0.5478260869565217,0.5130434782608696,0.6071428571428571,0.5862068965517242,0.0,0.2434782608695652,0.7565217391304347,1.0,0
HDFCLIFE,3,0.8,832,92,115,2024-12-06,2025-08-07,0.5652173913043478,0.5604960677555959,0.5614035087719298,0.5714285714285714,0.5517241379310345,32,24,33,26,0.6521739130434783,0.5391304347826087,0.0,0.5043478260869565,0.0,0.0,0.0,0.0,0.3826086956521739,0.4869565217391304,0.5714285714285714,0.5593220338983051,0.0,0.4869565217391304,0.5130434782608696,0.3620841496597319,0
HDFCLIFE,4,0.85,883,98,116,2025-04-11,2025-12-10,0.5948275862068966,0.5688373476063039,0.5154639175257731,0.625,0.4385964912280701,25,15,44,32,0.5172413793103449,0.5,0.0,0.5172413793103449,0.0,0.0,0.0,0.0,0.5344827586206896,0.4827586206896552,0.625,0.5789473684210527,0.0,0.3448275862068966,0.6551724137931034,0.1810120568750531,0
HDFCLIFE,5,0.9,936,103,116,2025-08-08,2026-04-10,0.5086206896551724,0.4770027413950655,0.3595505617977528,0.4,0.3265306122448979,16,24,43,33,0.5258620689655172,0.5517241379310345,0.0,0.5172413793103449,0.0,0.0,0.0,0.0,0.5344827586206896,0.4568965517241379,0.4,0.5657894736842105,0.0,0.3448275862068966,0.6551724137931034,0.2055413480878239,0
HDFCLIFE,6,0.95,988,109,58,2025-12-12,2026-04-10,0.5689655172413793,0.555984555984556,0.4897959183673469,0.4285714285714285,0.5714285714285714,12,16,21,9,0.4655172413793103,0.396551724137931,0.0,0.5,0.0,0.0,0.0,0.0,0.5517241379310345,0.6379310344827587,0.4285714285714285,0.7,0.0,0.4827586206896552,0.5172413793103449,0.2334233725555511,3
HEROMOTOCO,1,0.7,740,82,118,2024-05-17,2025-01-03,0.4661016949152542,0.4746543778801843,0.5039370078740157,0.4507042253521127,0.5714285714285714,32,39,23,24,0.5338983050847458,0.5,0.0,0.5,0.0,0.0,0.0,0.0,0.5423728813559322,0.4915254237288136,0.4507042253521127,0.4893617021276596,0.0,0.6016949152542372,0.3983050847457627,0.1757239059773763,0
HEROMOTOCO,2,0.75,793,88,117,2024-09-16,2025-04-24,0.6239316239316239,0.6391044776119403,0.5925925925925926,0.5517241379310345,0.64,32,26,41,18,0.5299145299145299,0.4615384615384615,0.0,0.4615384615384615,0.0,0.0,0.0,0.0,0.4188034188034188,0.5982905982905983,0.5517241379310345,0.6949152542372881,0.0,0.4957264957264957,0.5042735042735043,0.2288562031170685,0
HEROMOTOCO,3,0.8,846,94,117,2025-01-06,2025-08-11,0.5470085470085471,0.5697947214076247,0.6131386861313869,0.56,0.6774193548387096,42,33,22,20,0.5897435897435898,0.6153846153846154,0.0,0.6068376068376068,0.0,0.0,0.0,0.0,0.6068376068376068,0.4700854700854701,0.56,0.5238095238095238,0.0,0.6410256410256411,0.358974358974359,0.5399128544315597,0
HEROMOTOCO,4,0.85,899,99,118,2025-04-25,2025-12-19,0.5084745762711864,0.497086247086247,0.5671641791044776,0.5588235294117647,0.5757575757575758,38,30,22,28,0.559322033898305,0.5254237288135594,0.0,0.5423728813559322,0.0,0.0,0.0,0.0,0.4491525423728814,0.4830508474576271,0.5588235294117647,0.4399999999999999,0.0,0.576271186440678,0.423728813559322,0.1696098253494835,0
HEROMOTOCO,5,0.9,952,105,118,2025-08-12,2026-04-10,0.5423728813559322,0.5722926267281105,0.6029411764705882,0.5540540540540541,0.6612903225806451,41,33,23,21,0.5932203389830508,0.5508474576271186,0.0,0.4915254237288136,0.0,0.0,0.0,0.0,0.5338983050847458,0.4745762711864407,0.5540540540540541,0.5227272727272727,0.0,0.6271186440677966,0.3728813559322034,0.1000066028542544,0
HEROMOTOCO,6,0.95,1005,111,59,2025-12-22,2026-04-10,0.559322033898305,0.5494252873563219,0.6176470588235294,0.5526315789473685,0.7,21,17,12,9,0.576271186440678,0.4745762711864407,0.0,0.559322033898305,0.0,0.0,0.0,0.0,0.4915254237288136,0.5084745762711864,0.5526315789473685,0.5714285714285714,0.0,0.6440677966101694,0.3559322033898305,0.3855109150322839,3
HINDALCO,1,0.7,790,87,126,2024-04-02,2024-11-25,0.5,0.5075757575757576,0.5116279069767442,0.5238095238095238,0.5,33,30,30,33,0.5,0.5,0.0,0.5396825396825397,0.0,0.0,0.0,0.0,0.5158730158730159,0.5873015873015873,0.5238095238095238,0.4761904761904761,0.0,0.5,0.5,0.1291877642343653,0
HINDALCO,2,0.75,846,94,125,2024-07-30,2025-04-02,0.48,0.467469262295082,0.5637583892617449,0.4941176470588235,0.65625,42,43,18,22,0.448,0.48,0.0,0.552,0.0,0.0,0.0,0.0,0.464,0.536,0.4941176470588235,0.4499999999999999,0.0,0.68,0.32,0.1327353013051213,0
HINDALCO,3,0.8,903,100,125,2024-11-26,2025-08-07,0.48,0.47,0.6107784431137725,0.5,0.7846153846153846,51,51,9,14,0.448,0.52,0.0,0.52,0.0,0.0,0.0,0.0,0.488,0.544,0.5,0.3913043478260869,0.0,0.816,0.184,1.0,0
HINDALCO,4,0.85,959,106,126,2025-04-03,2025-12-09,0.5,0.5345307361497597,0.6037735849056604,0.5217391304347826,0.7164179104477612,48,44,15,19,0.5238095238095238,0.4761904761904761,0.0,0.4841269841269841,0.0,0.0,0.0,0.0,0.4841269841269841,0.5079365079365079,0.5217391304347826,0.4411764705882353,0.0,0.7301587301587301,0.2698412698412698,0.1288551001506812,0
HINDALCO,5,0.9,1016,112,126,2025-08-11,2026-04-10,0.5317460317460317,0.5223529411764706,0.6040268456375839,0.6081081081081081,0.6,45,29,22,30,0.4841269841269841,0.4365079365079365,0.0,0.5555555555555556,0.0,0.0,0.0,0.0,0.492063492063492,0.4603174603174603,0.6081081081081081,0.4230769230769231,0.0,0.5873015873015873,0.4126984126984127,0.1910523372379617,0
HINDALCO,6,0.95,1072,119,63,2025-12-11,2026-04-10,0.6507936507936508,0.6485260770975056,0.7441860465116279,0.7272727272727273,0.7619047619047619,32,12,9,10,0.5238095238095238,0.3968253968253968,0.0,0.492063492063492,0.0,0.0,0.0,0.0,0.5079365079365079,0.6666666666666666,0.7272727272727273,0.4736842105263158,0.0,0.6984126984126984,0.3015873015873015,1.0,3
HINDUNILVR,1,0.7,668,74,106,2024-05-03,2024-12-19,0.5660377358490566,0.5427855352667383,0.5208333333333334,0.5319148936170213,0.5102040816326531,25,22,35,24,0.5094339622641509,0.4716981132075472,0.0,0.5188679245283019,0.0,0.0,0.0,0.0,0.5188679245283019,0.5283018867924528,0.5319148936170213,0.5932203389830508,0.0,0.4433962264150943,0.5566037735849056,0.2908190901591133,0
HINDUNILVR,2,0.75,716,79,106,2024-08-22,2025-05-07,0.5094339622641509,0.6287795992714025,0.59375,0.4578313253012048,0.8444444444444444,38,45,16,7,0.5943396226415094,0.4716981132075472,0.0,0.5,0.0,0.0,0.0,0.0,0.4528301886792453,0.4716981132075472,0.4578313253012048,0.6956521739130435,0.0,0.7830188679245284,0.2169811320754717,1.0,0
HINDUNILVR,3,0.8,764,84,106,2024-12-30,2025-08-19,0.5754716981132075,0.5393939393939393,0.6218487394957983,0.578125,0.6727272727272727,37,27,24,18,0.6132075471698113,0.5754716981132075,0.0,0.4811320754716981,0.0,0.0,0.0,0.0,0.5,0.4622641509433962,0.578125,0.5714285714285714,0.0,0.6037735849056604,0.3962264150943396,0.1921884629686128,0
HINDUNILVR,4,0.85,811,90,106,2025-05-08,2025-12-19,0.5,0.4586894586894587,0.5891472868217055,0.4935064935064935,0.7307692307692307,38,39,15,14,0.5,0.5,0.0,0.5660377358490566,0.0,0.0,0.0,0.0,0.5094339622641509,0.4528301886792453,0.4935064935064935,0.5172413793103448,0.0,0.7264150943396226,0.2735849056603773,0.2069095580986329,0
HINDUNILVR,5,0.9,859,95,107,2025-08-20,2026-04-10,0.4018691588785046,0.414496833216045,0.4074074074074074,0.3728813559322034,0.4489795918367347,22,37,21,27,0.4766355140186916,0.4299065420560747,0.0,0.4766355140186916,0.0,0.0,0.0,0.0,0.4579439252336448,0.4859813084112149,0.3728813559322034,0.4375,0.0,0.5514018691588785,0.4485981308411215,0.5974850408263984,0
HINDUNILVR,6,0.95,907,100,54,2025-12-22,2026-04-10,0.5370370370370371,0.4441379310344828,0.358974358974359,0.5,0.28,7,7,22,18,0.5185185185185185,0.5555555555555556,0.0,0.5,0.0,0.0,0.0,0.0,0.5,0.4814814814814814,0.5,0.55,0.0,0.2592592592592592,0.7407407407407407,0.1543307884324377,3
ICICIBANK,1,0.7,684,75,109,2024-02-16,2024-10-22,0.6055045871559633,0.6048999309868875,0.6950354609929078,0.6282051282051282,0.7777777777777778,49,29,17,14,0.5779816513761468,0.5963302752293578,0.0,0.5963302752293578,0.0,0.0,0.0,0.0,0.4128440366972477,0.6238532110091743,0.6282051282051282,0.5483870967741935,0.0,0.7155963302752294,0.2844036697247706,0.2326165087089763,0
ICICIBANK,2,0.75,732,81,109,2024-06-27,2025-03-12,0.5504587155963303,0.5625422582826234,0.6754966887417219,0.5483870967741935,0.8793103448275862,51,42,9,7,0.5321100917431193,0.5229357798165137,0.0,0.5137614678899083,0.0,0.0,0.0,0.0,0.5321100917431193,0.5321100917431193,0.5483870967741935,0.5625,0.0,0.8532110091743119,0.146788990825688,0.1000066028542544,0
ICICIBANK,3,0.8,782,86,108,2024-10-25,2025-07-21,0.5277777777777778,0.473884469041854,0.6577181208053692,0.5444444444444444,0.8305084745762712,49,41,8,10,0.4907407407407407,0.5462962962962963,0.0,0.5277777777777778,0.0,0.0,0.0,0.0,0.5,0.5277777777777778,0.5444444444444444,0.4444444444444444,0.0,0.8333333333333334,0.1666666666666666,0.1269323219054429,0
ICICIBANK,4,0.85,830,92,108,2025-03-13,2025-12-04,0.4814814814814814,0.4024725274725275,0.6111111111111112,0.5,0.7857142857142857,44,44,8,12,0.4351851851851852,0.4907407407407407,0.0,0.4722222222222222,0.0,0.0,0.0,0.0,0.5185185185185185,0.5092592592592593,0.5,0.4,0.0,0.8148148148148148,0.1851851851851851,0.2722247625516419,0
ICICIBANK,5,0.9,879,97,109,2025-07-22,2026-04-10,0.4678899082568807,0.5077597840755735,0.6081081081081081,0.46875,0.8653846153846154,45,51,6,7,0.5229357798165137,0.5045871559633027,0.0,0.4770642201834862,0.0,0.0,0.0,0.0,0.4770642201834862,0.4862385321100917,0.46875,0.4615384615384615,0.0,0.8807339449541285,0.1192660550458715,0.2573884071639259,0
ICICIBANK,6,0.95,927,103,55,2025-12-08,2026-04-10,0.5454545454545454,0.574074074074074,0.6753246753246753,0.52,0.9629629629629628,26,24,4,1,0.5454545454545454,0.4909090909090909,0.0,0.4909090909090909,0.0,0.0,0.0,0.0,0.5454545454545454,0.5272727272727272,0.52,0.8,0.0,0.9090909090909092,0.0909090909090909,2.7130751412806027,3
ICICIGI,1,0.7,718,79,114,2024-05-10,2024-12-20,0.5614035087719298,0.6101851851851852,0.5454545454545454,0.6,0.5,30,20,34,30,0.4736842105263157,0.4912280701754385,0.0,0.5087719298245614,0.0,0.0,0.0,0.0,0.5526315789473685,0.5526315789473685,0.6,0.53125,0.0,0.4385964912280701,0.5614035087719298,0.1474428619563007,0
ICICIGI,2,0.75,769,85,114,2024-09-09,2025-04-24,0.4298245614035088,0.4463383838383838,0.4961240310077519,0.3950617283950617,0.6666666666666666,32,49,17,16,0.4912280701754385,0.4210526315789473,0.0,0.543859649122807,0.0,0.0,0.0,0.0,0.4736842105263157,0.4210526315789473,0.3950617283950617,0.5151515151515151,0.0,0.7105263157894737,0.2894736842105263,0.1000066028542544,0
ICICIGI,3,0.8,820,91,114,2024-12-24,2025-08-14,0.4385964912280701,0.506650170120631,0.5492957746478874,0.4382022471910112,0.7358490566037735,39,50,11,14,0.5526315789473685,0.4561403508771929,0.0,0.3947368421052631,0.0,0.0,0.0,0.0,0.4385964912280701,0.4298245614035088,0.4382022471910112,0.4399999999999999,0.0,0.7807017543859649,0.219298245614035,0.1748022490523315,0
ICICIGI,4,0.85,872,96,114,2025-04-29,2025-12-03,0.5263157894736842,0.5668103448275863,0.6493506493506493,0.5102040816326531,0.8928571428571429,50,48,10,6,0.4385964912280701,0.4912280701754385,0.0,0.4561403508771929,0.0,0.0,0.0,0.0,0.5,0.5350877192982456,0.5102040816326531,0.625,0.0,0.8596491228070176,0.1403508771929824,0.2484682560827566,0
ICICIGI,5,0.9,923,102,114,2025-08-19,2026-04-09,0.4824561403508772,0.4511556240369799,0.3516483516483517,0.4444444444444444,0.2909090909090909,16,20,39,39,0.5,0.4824561403508772,0.0,0.4035087719298245,0.0,0.0,0.0,0.0,0.5175438596491229,0.5175438596491229,0.4444444444444444,0.5,0.0,0.3157894736842105,0.6842105263157895,0.1253227949009004,0
ICICIGI,6,0.95,974,108,57,2025-12-04,2026-04-09,0.543859649122807,0.564516129032258,0.35,0.5,0.2692307692307692,7,7,24,19,0.6140350877192983,0.4736842105263157,0.0,0.5263157894736842,0.0,0.0,0.0,0.0,0.4561403508771929,0.5087719298245614,0.5,0.5581395348837209,0.0,0.2456140350877192,0.7543859649122807,1.0,3
IDFCFIRSTB,1,0.7,782,86,124,2024-04-04,2024-12-10,0.4677419354838709,0.4715894213144802,0.56,0.4516129032258064,0.7368421052631579,42,51,16,15,0.5483870967741935,0.4435483870967742,0.0,0.5161290322580645,0.0,0.0,0.0,0.0,0.5483870967741935,0.5,0.4516129032258064,0.5161290322580645,0.0,0.75,0.25,0.1000066028542544,0
IDFCFIRSTB,2,0.75,837,93,124,2024-08-22,2025-04-03,0.4919354838709677,0.449582027168234,0.4615384615384615,0.4576271186440678,0.4655172413793103,27,32,34,31,0.4274193548387097,0.4274193548387097,0.0,0.5161290322580645,0.0,0.0,0.0,0.0,0.4354838709677419,0.4435483870967742,0.4576271186440678,0.523076923076923,0.0,0.4758064516129032,0.5241935483870968,0.3400857180796661,0
IDFCFIRSTB,3,0.8,893,99,124,2024-12-11,2025-08-05,0.5,0.5006518904823989,0.3541666666666667,0.4594594594594595,0.288135593220339,17,20,45,42,0.4838709677419355,0.4758064516129032,0.0,0.4193548387096774,0.0,0.0,0.0,0.0,0.4758064516129032,0.5,0.4594594594594595,0.5172413793103448,0.0,0.2983870967741935,0.7016129032258065,1.0,0
IDFCFIRSTB,4,0.85,949,105,124,2025-04-04,2025-12-05,0.4758064516129032,0.4883963494132985,0.5112781954887218,0.4594594594594595,0.576271186440678,34,40,25,25,0.4193548387096774,0.4758064516129032,0.0,0.4677419354838709,0.0,0.0,0.0,0.0,0.5403225806451613,0.5080645161290323,0.4594594594594595,0.5,0.0,0.5967741935483871,0.4032258064516129,0.3286740980463207,0
IDFCFIRSTB,5,0.9,1005,111,125,2025-08-06,2026-04-10,0.512,0.5207692307692308,0.2077922077922078,0.4705882352941176,0.1333333333333333,8,9,56,52,0.512,0.512,0.0,0.496,0.0,0.0,0.0,0.0,0.528,0.512,0.4705882352941176,0.5185185185185186,0.0,0.136,0.864,1.0,0
IDFCFIRSTB,6,0.95,1061,117,63,2025-12-08,2026-04-10,0.5873015873015873,0.5231854838709677,0.5517241379310345,0.5925925925925926,0.5161290322580645,16,11,21,15,0.5396825396825397,0.4285714285714285,0.0,0.492063492063492,0.0,0.0,0.0,0.0,0.5079365079365079,0.5079365079365079,0.5925925925925926,0.5833333333333333,0.0,0.4285714285714285,0.5714285714285714,0.1000066028542544,3
INDUSINDBK,1,0.7,782,86,124,2024-03-19,2024-12-11,0.4596774193548387,0.4509033778476041,0.588957055214724,0.4528301886792453,0.8421052631578947,48,58,9,9,0.5483870967741935,0.4596774193548387,0.0,0.4193548387096774,0.0,0.0,0.0,0.0,0.4596774193548387,0.5,0.4528301886792453,0.5,0.0,0.8548387096774194,0.1451612903225806,0.1000066028542544,0
INDUSINDBK,2,0.75,837,93,124,2024-08-05,2025-04-09,0.4919354838709677,0.4895833333333333,0.64,0.4869565217391304,0.9333333333333332,56,59,5,4,0.4919354838709677,0.4838709677419355,0.0,0.5,0.0,0.0,0.0,0.0,0.5725806451612904,0.4354838709677419,0.4869565217391304,0.5555555555555556,0.0,0.9274193548387096,0.0725806451612903,0.3753028156191564,0
INDUSINDBK,3,0.8,893,99,124,2024-12-12,2025-08-01,0.5403225806451613,0.506153443309767,0.5957446808510638,0.5675675675675675,0.6268656716417911,42,32,25,25,0.5967741935483871,0.5403225806451613,0.0,0.4596774193548387,0.0,0.0,0.0,0.0,0.4193548387096774,0.4919354838709677,0.5675675675675675,0.5,0.0,0.5967741935483871,0.4032258064516129,0.3375682761463788,0
INDUSINDBK,4,0.85,949,105,124,2025-04-11,2025-11-26,0.4758064516129032,0.5040333073119958,0.5806451612903226,0.4891304347826087,0.7142857142857143,45,47,14,18,0.4838709677419355,0.5080645161290323,0.0,0.5080645161290323,0.0,0.0,0.0,0.0,0.4758064516129032,0.4919354838709677,0.4891304347826087,0.4375,0.0,0.7419354838709677,0.2580645161290322,1.0,0
INDUSINDBK,5,0.9,1005,111,125,2025-08-04,2026-04-10,0.424,0.4094871794871794,0.4705882352941176,0.4210526315789473,0.5333333333333333,32,44,21,28,0.52,0.536,0.0,0.44,0.0,0.0,0.0,0.0,0.496,0.464,0.4210526315789473,0.4285714285714286,0.0,0.608,0.392,0.1000066028542544,0
INDUSINDBK,6,0.95,1061,117,63,2025-12-03,2026-04-10,0.3968253968253968,0.4314516129032258,0.4242424242424242,0.4117647058823529,0.4375,14,20,11,18,0.5555555555555556,0.4285714285714285,0.0,0.492063492063492,0.0,0.0,0.0,0.0,0.492063492063492,0.4761904761904761,0.4117647058823529,0.3793103448275862,0.0,0.5396825396825397,0.4603174603174603,0.3892137530330808,3
INDUSTOWER,1,0.7,770,85,122,2024-04-16,2024-12-03,0.5081967213114754,0.5157232704402517,0.53125,0.576271186440678,0.4927536231884058,34,25,28,35,0.4426229508196721,0.4672131147540984,0.0,0.5573770491803278,0.0,0.0,0.0,0.0,0.5819672131147541,0.5737704918032787,0.576271186440678,0.4444444444444444,0.0,0.4836065573770491,0.5163934426229508,0.1332780160457722,0
INDUSTOWER,2,0.75,825,91,122,2024-08-08,2025-04-02,0.5655737704918032,0.5646551724137931,0.576,0.5901639344262295,0.5625,36,25,33,28,0.5163934426229508,0.5163934426229508,0.0,0.4508196721311475,0.0,0.0,0.0,0.0,0.5245901639344263,0.5163934426229508,0.5901639344262295,0.540983606557377,0.0,0.5,0.5,0.1435049948830008,0
INDUSTOWER,3,0.8,880,97,122,2024-12-04,2025-08-05,0.5163934426229508,0.4891158290782048,0.5874125874125874,0.5121951219512195,0.6885245901639344,42,40,21,19,0.5573770491803278,0.5327868852459017,0.0,0.5409836065573771,0.0,0.0,0.0,0.0,0.5,0.4672131147540984,0.5121951219512195,0.525,0.0,0.6721311475409836,0.3278688524590163,0.4176959258747109,0
INDUSTOWER,4,0.85,935,103,122,2025-04-03,2025-12-02,0.4508196721311475,0.4108297413793103,0.4806201550387597,0.4769230769230769,0.484375,31,34,24,33,0.5081967213114754,0.4426229508196721,0.0,0.4590163934426229,0.0,0.0,0.0,0.0,0.5081967213114754,0.4754098360655737,0.4769230769230769,0.4210526315789473,0.0,0.5327868852459017,0.4672131147540984,0.5364396412898186,0
INDUSTOWER,5,0.9,990,109,123,2025-08-06,2026-04-08,0.5365853658536586,0.4510695187165775,0.6415094339622641,0.5604395604395604,0.75,51,40,15,17,0.5121951219512195,0.5447154471544715,0.0,0.6016260162601627,0.0,0.0,0.0,0.0,0.5772357723577236,0.5203252032520326,0.5604395604395604,0.46875,0.0,0.7398373983739838,0.2601626016260163,0.1000066028542544,0
INDUSTOWER,6,0.95,1044,116,62,2025-12-03,2026-04-08,0.5161290322580645,0.5172413793103449,0.5714285714285714,0.5405405405405406,0.6060606060606061,20,17,12,13,0.532258064516129,0.5645161290322581,0.0,0.5161290322580645,0.0,0.0,0.0,0.0,0.4354838709677419,0.5161290322580645,0.5405405405405406,0.48,0.0,0.5967741935483871,0.4032258064516129,0.4535971289386906,3
INFY,1,0.7,721,80,115,2024-03-21,2024-12-04,0.4869565217391304,0.4836116264687693,0.5354330708661418,0.5573770491803278,0.5151515151515151,34,27,22,32,0.5565217391304348,0.5130434782608696,0.0,0.4521739130434782,0.0,0.0,0.0,0.0,0.4260869565217391,0.4347826086956521,0.5573770491803278,0.4074074074074074,0.0,0.5304347826086957,0.4695652173913043,1.0,0
INFY,2,0.75,773,85,115,2024-07-26,2025-04-01,0.4695652173913043,0.4382940108892922,0.5547445255474452,0.4810126582278481,0.6551724137931034,38,41,16,20,0.4956521739130435,0.4956521739130435,0.0,0.4695652173913043,0.0,0.0,0.0,0.0,0.4956521739130435,0.4956521739130435,0.4810126582278481,0.4444444444444444,0.0,0.6869565217391305,0.3130434782608696,1.0,0
INFY,3,0.8,825,91,114,2024-12-05,2025-08-04,0.5,0.5604938271604938,0.5957446808510638,0.4827586206896552,0.7777777777777778,42,45,15,12,0.5350877192982456,0.5701754385964912,0.0,0.543859649122807,0.0,0.0,0.0,0.0,0.4824561403508772,0.5,0.4827586206896552,0.5555555555555556,0.0,0.7631578947368421,0.2368421052631578,0.1000066028542544,0
INFY,4,0.85,876,97,114,2025-04-02,2025-12-10,0.5526315789473685,0.5918744228993537,0.6577181208053692,0.532608695652174,0.8596491228070176,49,43,14,8,0.4912280701754385,0.4912280701754385,0.0,0.4912280701754385,0.0,0.0,0.0,0.0,0.5175438596491229,0.5526315789473685,0.532608695652174,0.6363636363636364,0.0,0.8070175438596491,0.1929824561403508,0.1000066028542544,0
INFY,5,0.9,927,103,115,2025-08-05,2026-04-10,0.4608695652173913,0.4542124542124542,0.4918032786885246,0.4285714285714285,0.5769230769230769,30,40,23,22,0.5478260869565217,0.4956521739130435,0.0,0.5304347826086957,0.0,0.0,0.0,0.0,0.5826086956521739,0.6173913043478261,0.4285714285714285,0.5111111111111111,0.0,0.6086956521739131,0.391304347826087,0.2083472721262546,0
INFY,6,0.95,979,108,58,2025-12-12,2026-04-10,0.4655172413793103,0.5674019607843137,0.5633802816901409,0.425531914893617,0.8333333333333334,20,27,7,4,0.3793103448275862,0.5862068965517241,0.0,0.5862068965517241,0.0,0.0,0.0,0.0,0.5517241379310345,0.4137931034482758,0.425531914893617,0.6363636363636364,0.0,0.8103448275862069,0.1896551724137931,0.1000066028542544,3
ITC,1,0.7,687,76,109,2024-02-26,2024-10-23,0.5321100917431193,0.5653198653198653,0.5565217391304348,0.5245901639344263,0.5925925925925926,32,29,26,22,0.5688073394495413,0.5412844036697247,0.0,0.4495412844036697,0.0,0.0,0.0,0.0,0.4495412844036697,0.4495412844036697,0.5245901639344263,0.5416666666666667,0.0,0.5596330275229358,0.4403669724770642,0.2402148929698133,0
ITC,2,0.75,737,81,109,2024-07-01,2025-03-11,0.4954128440366973,0.4825819672131147,0.5132743362831859,0.4461538461538462,0.6041666666666666,29,36,25,19,0.5688073394495413,0.4403669724770642,0.0,0.4587155963302752,0.0,0.0,0.0,0.0,0.5504587155963303,0.5596330275229358,0.4461538461538462,0.5681818181818181,0.0,0.5963302752293578,0.4036697247706422,1.0,0
ITC,3,0.8,785,87,109,2024-10-24,2025-07-31,0.5137614678899083,0.4929006085192697,0.5954198473282443,0.4875,0.7647058823529411,39,41,17,12,0.5596330275229358,0.4678899082568807,0.0,0.5963302752293578,0.0,0.0,0.0,0.0,0.5321100917431193,0.4770642201834862,0.4875,0.5862068965517242,0.0,0.7339449541284404,0.2660550458715596,0.5653319555575843,0
ITC,4,0.85,835,92,109,2025-03-13,2025-12-11,0.5137614678899083,0.4831536388140161,0.5309734513274337,0.5263157894736842,0.5357142857142857,30,27,26,26,0.4954128440366973,0.4770642201834862,0.0,0.4862385321100917,0.0,0.0,0.0,0.0,0.4678899082568807,0.4678899082568807,0.5263157894736842,0.5,0.0,0.5229357798165137,0.4770642201834862,0.1239917665478344,0
ITC,5,0.9,883,98,110,2025-08-04,2026-04-10,0.5363636363636364,0.5450861195542047,0.4137931034482758,0.45,0.3829787234042553,18,22,41,29,0.5363636363636364,0.4818181818181818,0.0,0.5818181818181818,0.0,0.0,0.0,0.0,0.5181818181818182,0.4909090909090909,0.45,0.5857142857142856,0.0,0.3636363636363636,0.6363636363636364,0.1000066028542544,0
ITC,6,0.95,933,103,55,2025-12-12,2026-04-10,0.6363636363636364,0.5798319327731092,0.2307692307692307,0.6,0.1428571428571428,3,2,32,18,0.6363636363636364,0.6181818181818182,0.0,0.6,0.0,0.0,0.0,0.0,0.6,0.6363636363636364,0.6,0.64,0.0,0.0909090909090909,0.9090909090909092,1.0,3
JSWSTEEL,1,0.7,757,84,120,2024-04-03,2024-11-08,0.575,0.6165413533834587,0.5853658536585366,0.6,0.5714285714285714,36,24,33,27,0.5166666666666667,0.525,0.0,0.5333333333333333,0.0,0.0,0.0,0.0,0.4666666666666667,0.5,0.6,0.55,0.0,0.5,0.5,0.1000066028542544,0
JSWSTEEL,2,0.75,811,90,120,2024-07-25,2025-03-13,0.5333333333333333,0.5739397321428572,0.5942028985507246,0.5540540540540541,0.640625,41,33,23,23,0.6,0.55,0.0,0.5583333333333333,0.0,0.0,0.0,0.0,0.55,0.4583333333333333,0.5540540540540541,0.5,0.0,0.6166666666666667,0.3833333333333333,0.2005531163391861,0
JSWSTEEL,3,0.8,865,96,120,2024-11-11,2025-07-28,0.5333333333333333,0.5208565072302558,0.4814814814814814,0.52,0.4482758620689655,26,24,38,32,0.5083333333333333,0.525,0.0,0.5166666666666667,0.0,0.0,0.0,0.0,0.45,0.4833333333333333,0.52,0.5428571428571429,0.0,0.4166666666666667,0.5833333333333334,0.2377822249374574,0
JSWSTEEL,4,0.85,919,102,120,2025-03-18,2025-12-03,0.4833333333333333,0.4595424107142858,0.4363636363636363,0.4444444444444444,0.4285714285714285,24,30,34,32,0.4833333333333333,0.5583333333333333,0.0,0.4583333333333333,0.0,0.0,0.0,0.0,0.5083333333333333,0.4583333333333333,0.4444444444444444,0.5151515151515151,0.0,0.45,0.55,0.1000066028542544,0
JSWSTEEL,5,0.9,973,108,121,2025-07-30,2026-04-10,0.5206611570247934,0.53125,0.5396825396825397,0.5483870967741935,0.53125,34,28,29,30,0.5289256198347108,0.5041322314049587,0.0,0.4545454545454545,0.0,0.0,0.0,0.0,0.4793388429752066,0.5371900826446281,0.5483870967741935,0.4915254237288136,0.0,0.512396694214876,0.4876033057851239,0.4577863254825973,0
JSWSTEEL,6,0.95,1027,114,61,2025-12-04,2026-04-10,0.5081967213114754,0.5337690631808278,0.4642857142857143,0.5909090909090909,0.3823529411764705,13,9,18,21,0.5245901639344263,0.5409836065573771,0.0,0.5901639344262295,0.0,0.0,0.0,0.0,0.4426229508196721,0.4262295081967213,0.5909090909090909,0.4615384615384615,0.0,0.360655737704918,0.639344262295082,0.2866166115936498,3
KOTAKBANK,1,0.7,712,79,113,2024-03-07,2024-11-14,0.4690265486725664,0.430503144654088,0.375,0.5,0.3,18,18,35,42,0.4690265486725664,0.5309734513274337,0.0,0.4513274336283185,0.0,0.0,0.0,0.0,0.4513274336283185,0.4601769911504424,0.5,0.4545454545454546,0.0,0.3185840707964602,0.6814159292035398,1.0,0
KOTAKBANK,2,0.75,764,84,113,2024-07-15,2025-03-25,0.4867256637168141,0.4256120527306968,0.5396825396825397,0.5074626865671642,0.576271186440678,34,33,21,25,0.5132743362831859,0.4867256637168141,0.0,0.5132743362831859,0.0,0.0,0.0,0.0,0.5575221238938053,0.4778761061946903,0.5074626865671642,0.4565217391304348,0.0,0.5929203539823009,0.4070796460176991,0.1000066028542544,0
KOTAKBANK,3,0.8,814,90,113,2024-11-19,2025-07-24,0.5929203539823009,0.5978056426332288,0.6515151515151515,0.581081081081081,0.7413793103448276,43,31,24,15,0.5221238938053098,0.5221238938053098,0.0,0.5309734513274337,0.0,0.0,0.0,0.0,0.4690265486725664,0.5752212389380531,0.581081081081081,0.6153846153846154,0.0,0.6548672566371682,0.3451327433628318,0.1000066028542544,0
KOTAKBANK,4,0.85,865,96,113,2025-03-26,2025-12-03,0.5309734513274337,0.5393650793650793,0.5391304347826087,0.4769230769230769,0.62,31,34,29,19,0.504424778761062,0.4601769911504424,0.0,0.5221238938053098,0.0,0.0,0.0,0.0,0.5309734513274337,0.4513274336283185,0.4769230769230769,0.6041666666666667,0.0,0.5752212389380531,0.4247787610619469,1.0,0
KOTAKBANK,5,0.9,916,101,114,2025-07-25,2026-04-10,0.5350877192982456,0.61875,0.5891472868217055,0.4810126582278481,0.76,38,41,23,12,0.5701754385964912,0.5263157894736842,0.0,0.4912280701754385,0.0,0.0,0.0,0.0,0.5614035087719298,0.5175438596491229,0.4810126582278481,0.6571428571428571,0.0,0.6929824561403509,0.3070175438596491,0.2098313548856243,0
KOTAKBANK,6,0.95,967,107,57,2025-12-04,2026-04-10,0.5964912280701754,0.585,0.6101694915254238,0.5294117647058824,0.72,18,16,16,7,0.4561403508771929,0.4385964912280701,0.0,0.543859649122807,0.0,0.0,0.0,0.0,0.4035087719298245,0.4912280701754385,0.5294117647058824,0.6956521739130435,0.0,0.5964912280701754,0.4035087719298245,1.0,3
LT,1,0.7,729,80,115,2024-03-18,2024-10-30,0.5826086956521739,0.6124387254901962,0.7,0.5833333333333334,0.875,56,40,11,8,0.6,0.5826086956521739,0.0,0.5217391304347826,0.0,0.0,0.0,0.0,0.5739130434782609,0.5565217391304348,0.5833333333333334,0.5789473684210527,0.0,0.8347826086956521,0.1652173913043478,0.3140333355051068,0
LT,2,0.75,781,86,115,2024-07-11,2025-02-27,0.4695652173913043,0.5924908424908426,0.5850340136054422,0.4526315789473684,0.8269230769230769,43,52,11,9,0.4608695652173913,0.5391304347826087,0.0,0.5130434782608696,0.0,0.0,0.0,0.0,0.5565217391304348,0.5043478260869565,0.4526315789473684,0.55,0.0,0.8260869565217391,0.1739130434782608,0.3124289252984744,0
LT,3,0.8,832,92,116,2024-11-01,2025-07-18,0.6120689655172413,0.6286054118346713,0.6853146853146853,0.5697674418604651,0.8596491228070176,49,37,22,8,0.603448275862069,0.4913793103448275,0.0,0.4655172413793103,0.0,0.0,0.0,0.0,0.4827586206896552,0.6293103448275862,0.5697674418604651,0.7333333333333334,0.0,0.7413793103448276,0.2586206896551724,0.2887896347788027,0
LT,4,0.85,884,98,116,2025-02-28,2025-11-18,0.5775862068965517,0.5284800487359123,0.6524822695035462,0.6216216216216216,0.6865671641791045,46,28,21,21,0.5,0.5172413793103449,0.0,0.6120689655172413,0.0,0.0,0.0,0.0,0.5258620689655172,0.4568965517241379,0.6216216216216216,0.5,0.0,0.6379310344827587,0.3620689655172414,0.1183725797394053,0
LT,5,0.9,936,104,116,2025-07-21,2026-04-09,0.5862068965517241,0.6334134615384617,0.6923076923076923,0.5869565217391305,0.84375,54,38,14,10,0.4655172413793103,0.5517241379310345,0.0,0.5,0.0,0.0,0.0,0.0,0.5172413793103449,0.5689655172413793,0.5869565217391305,0.5833333333333333,0.0,0.7931034482758621,0.2068965517241379,0.1000066028542544,0
LT,6,0.95,989,109,58,2025-11-19,2026-04-09,0.5862068965517241,0.5625,0.6470588235294118,0.6111111111111112,0.6875,22,14,12,10,0.4482758620689655,0.4482758620689655,0.0,0.4827586206896552,0.0,0.0,0.0,0.0,0.5344827586206896,0.5,0.6111111111111112,0.5454545454545454,0.0,0.6206896551724138,0.3793103448275862,0.1000066028542544,3
LTIM,1,0.7,754,83,119,2024-03-15,2024-11-27,0.5294117647058824,0.4965986394557823,0.631578947368421,0.5393258426966292,0.7619047619047619,48,41,15,15,0.4873949579831932,0.4705882352941176,0.0,0.5378151260504201,0.0,0.0,0.0,0.0,0.5042016806722689,0.5126050420168067,0.5393258426966292,0.5,0.0,0.7478991596638656,0.2521008403361344,1.0,0
LTIM,2,0.75,808,89,119,2024-08-01,2025-03-21,0.5798319327731093,0.6120543293718167,0.5689655172413793,0.6111111111111112,0.532258064516129,33,21,36,29,0.5294117647058824,0.5714285714285714,0.0,0.5042016806722689,0.0,0.0,0.0,0.0,0.5546218487394958,0.5210084033613446,0.6111111111111112,0.5538461538461539,0.0,0.453781512605042,0.5462184873949579,0.200466184050302,0
LTIM,3,0.8,861,95,120,2024-12-02,2025-08-01,0.625,0.6441666666666667,0.64,0.6153846153846154,0.6666666666666666,40,25,35,20,0.55,0.4916666666666666,0.0,0.5583333333333333,0.0,0.0,0.0,0.0,0.5,0.5166666666666667,0.6153846153846154,0.6363636363636364,0.0,0.5416666666666666,0.4583333333333333,0.1129825943577292,0
LTIM,4,0.85,915,101,120,2025-03-26,2025-12-09,0.575,0.4613394653636102,0.6982248520710059,0.6020408163265306,0.8309859154929577,59,39,10,12,0.5083333333333333,0.5,0.0,0.5833333333333334,0.0,0.0,0.0,0.0,0.4583333333333333,0.55,0.6020408163265306,0.4545454545454546,0.0,0.8166666666666667,0.1833333333333333,0.270709452325574,0
LTIM,5,0.9,969,107,120,2025-08-04,2026-04-10,0.525,0.5257588415483152,0.5957446808510638,0.5384615384615384,0.6666666666666666,42,36,21,21,0.525,0.5416666666666666,0.0,0.5333333333333333,0.0,0.0,0.0,0.0,0.475,0.4666666666666667,0.5384615384615384,0.5,0.0,0.65,0.35,0.3541608431906978,0
LTIM,6,0.95,1023,113,60,2025-12-10,2026-04-10,0.4666666666666667,0.5314285714285714,0.4285714285714285,0.3870967741935484,0.48,12,19,16,13,0.6166666666666667,0.5333333333333333,0.0,0.4833333333333333,0.0,0.0,0.0,0.0,0.4166666666666667,0.4333333333333333,0.3870967741935484,0.5517241379310345,0.0,0.5166666666666667,0.4833333333333333,0.2204554293824681,3
LUPIN,1,0.7,732,81,116,2024-04-04,2024-11-22,0.5172413793103449,0.4922341696535245,0.5757575757575758,0.5428571428571428,0.6129032258064516,38,32,22,24,0.4913793103448275,0.5344827586206896,0.0,0.5086206896551724,0.0,0.0,0.0,0.0,0.5,0.5517241379310345,0.5428571428571428,0.4782608695652174,0.0,0.603448275862069,0.396551724137931,0.1288067430109437,0
LUPIN,2,0.75,784,87,116,2024-08-02,2025-03-18,0.4913793103448275,0.5038690476190477,0.5693430656934306,0.5064935064935064,0.65,39,38,18,21,0.4655172413793103,0.4310344827586206,0.0,0.5086206896551724,0.0,0.0,0.0,0.0,0.4913793103448275,0.6551724137931034,0.5064935064935064,0.4615384615384615,0.0,0.6637931034482759,0.3362068965517241,0.3468093100777146,0
LUPIN,3,0.8,837,92,116,2024-11-25,2025-07-16,0.5258620689655172,0.4911650194669062,0.6405228758169934,0.5444444444444444,0.7777777777777778,49,41,12,14,0.5172413793103449,0.5431034482758621,0.0,0.4224137931034483,0.0,0.0,0.0,0.0,0.4568965517241379,0.5,0.5444444444444444,0.4615384615384615,0.0,0.7758620689655172,0.2241379310344827,0.2278508095723236,0
LUPIN,4,0.85,889,98,116,2025-03-19,2025-11-07,0.5086206896551724,0.5267857142857143,0.6666666666666666,0.5135135135135135,0.95,57,54,2,3,0.5,0.5172413793103449,0.0,0.5086206896551724,0.0,0.0,0.0,0.0,0.5086206896551724,0.5258620689655172,0.5135135135135135,0.4,0.0,0.956896551724138,0.043103448275862,0.1000066028542544,0
LUPIN,5,0.9,941,104,117,2025-07-17,2026-04-10,0.5213675213675214,0.5429824561403509,0.65,0.52,0.8666666666666667,52,48,9,8,0.5299145299145299,0.5128205128205128,0.0,0.5299145299145299,0.0,0.0,0.0,0.0,0.4700854700854701,0.5128205128205128,0.52,0.5294117647058824,0.0,0.8547008547008547,0.1452991452991453,0.4534703273625936,0
LUPIN,6,0.95,993,110,59,2025-11-10,2026-04-10,0.5084745762711864,0.5138888888888888,0.5797101449275363,0.5405405405405406,0.625,20,17,10,12,0.5423728813559322,0.5423728813559322,0.0,0.5084745762711864,0.0,0.0,0.0,0.0,0.5423728813559322,0.4406779661016949,0.5405405405405406,0.4545454545454546,0.0,0.6271186440677966,0.3728813559322034,0.1616165210167917,3
M&M,1,0.7,740,82,118,2024-05-08,2024-12-12,0.5847457627118644,0.5128205128205129,0.703030303030303,0.5858585858585859,0.8787878787878788,58,41,11,8,0.4830508474576271,0.5932203389830508,0.0,0.4406779661016949,0.0,0.0,0.0,0.0,0.5508474576271186,0.559322033898305,0.5858585858585859,0.5789473684210527,0.0,0.8389830508474576,0.1610169491525423,0.1338048217237076,0
M&M,2,0.75,793,88,117,2024-08-28,2025-04-04,0.4615384615384615,0.4590882524839275,0.5594405594405595,0.4761904761904761,0.6779661016949152,40,44,14,19,0.5470085470085471,0.5470085470085471,0.0,0.5128205128205128,0.0,0.0,0.0,0.0,0.5042735042735043,0.4871794871794871,0.4761904761904761,0.4242424242424242,0.0,0.717948717948718,0.282051282051282,0.1564278999915276,0
M&M,3,0.8,846,94,117,2024-12-16,2025-08-08,0.5042735042735043,0.4601873536299766,0.6375,0.5151515151515151,0.8360655737704918,51,48,8,10,0.4957264957264957,0.5213675213675214,0.0,0.5726495726495726,0.0,0.0,0.0,0.0,0.4615384615384615,0.5213675213675214,0.5151515151515151,0.4444444444444444,0.0,0.8461538461538461,0.1538461538461538,0.3423223530799596,0
M&M,4,0.85,899,99,118,2025-04-07,2025-12-05,0.576271186440678,0.5776997366110623,0.7093023255813954,0.580952380952381,0.9104477611940298,61,44,7,6,0.5254237288135594,0.5677966101694916,0.0,0.4915254237288136,0.0,0.0,0.0,0.0,0.4661016949152542,0.576271186440678,0.580952380952381,0.5384615384615384,0.0,0.8898305084745762,0.1101694915254237,1.0,0
M&M,5,0.9,952,105,118,2025-08-11,2026-04-10,0.4661016949152542,0.5022988505747127,0.5827814569536424,0.4731182795698925,0.7586206896551724,44,49,11,14,0.5084745762711864,0.4915254237288136,0.0,0.5084745762711864,0.0,0.0,0.0,0.0,0.4915254237288136,0.5169491525423728,0.4731182795698925,0.4399999999999999,0.0,0.788135593220339,0.211864406779661,0.3082667809402856,0
M&M,6,0.95,1005,111,59,2025-12-08,2026-04-10,0.423728813559322,0.4696969696969696,0.4137931034482758,0.375,0.4615384615384615,12,20,13,14,0.3898305084745763,0.5254237288135594,0.0,0.4406779661016949,0.0,0.0,0.0,0.0,0.5254237288135594,0.4915254237288136,0.375,0.4814814814814815,0.0,0.5423728813559322,0.4576271186440678,0.1301514785957451,3
MARICO,1,0.7,699,77,111,2024-05-06,2024-12-09,0.4864864864864865,0.4708196721311475,0.5043478260869565,0.5370370370370371,0.4754098360655737,29,25,25,32,0.4954954954954955,0.4324324324324324,0.0,0.5135135135135135,0.0,0.0,0.0,0.0,0.4864864864864865,0.5045045045045045,0.5370370370370371,0.4385964912280702,0.0,0.4864864864864865,0.5135135135135135,0.2315624960949394,0
MARICO,2,0.75,748,83,111,2024-08-22,2025-04-02,0.5495495495495496,0.5557366362451108,0.5967741935483871,0.5138888888888888,0.7115384615384616,37,35,24,15,0.5135135135135135,0.4594594594594595,0.0,0.4684684684684684,0.0,0.0,0.0,0.0,0.5495495495495496,0.4684684684684684,0.5138888888888888,0.6153846153846154,0.0,0.6486486486486487,0.3513513513513513,0.1000066028542544,0
MARICO,3,0.8,799,88,111,2024-12-10,2025-08-04,0.4144144144144144,0.4525974025974025,0.4444444444444444,0.4262295081967213,0.4642857142857143,26,35,20,30,0.5315315315315315,0.5765765765765766,0.0,0.5135135135135135,0.0,0.0,0.0,0.0,0.4594594594594595,0.6126126126126126,0.4262295081967213,0.4,0.0,0.5495495495495496,0.4504504504504504,0.3020054282946018,0
MARICO,4,0.85,848,94,111,2025-04-03,2025-12-04,0.5405405405405406,0.5875081327260898,0.6106870229007634,0.5128205128205128,0.7547169811320755,40,38,20,13,0.4774774774774775,0.4954954954954955,0.0,0.4414414414414414,0.0,0.0,0.0,0.0,0.5495495495495496,0.6126126126126126,0.5128205128205128,0.6060606060606061,0.0,0.7027027027027027,0.2972972972972973,1.0,0
MARICO,5,0.9,899,99,111,2025-08-06,2026-04-10,0.5675675675675675,0.5260756192959583,0.5471698113207547,0.5370370370370371,0.5576923076923077,29,25,34,23,0.5765765765765766,0.5045045045045045,0.0,0.5045045045045045,0.0,0.0,0.0,0.0,0.5585585585585585,0.5045045045045045,0.5370370370370371,0.5964912280701755,0.0,0.4864864864864865,0.5135135135135135,0.2715128730625214,0
MARICO,6,0.95,948,105,56,2025-12-05,2026-04-10,0.5178571428571429,0.4910714285714286,0.4705882352941176,0.5217391304347826,0.4285714285714285,12,11,17,16,0.5,0.4821428571428571,0.0,0.4821428571428571,0.0,0.0,0.0,0.0,0.5,0.5178571428571429,0.5217391304347826,0.5151515151515151,0.0,0.4107142857142857,0.5892857142857143,0.2147746109858247,3
MARUTI,1,0.7,697,77,111,2024-04-29,2024-12-12,0.4774774774774775,0.4674690956408589,0.4313725490196078,0.4489795918367347,0.4150943396226415,22,27,31,31,0.5315315315315315,0.4774774774774775,0.0,0.5315315315315315,0.0,0.0,0.0,0.0,0.4864864864864865,0.5315315315315315,0.4489795918367347,0.5,0.0,0.4414414414414414,0.5585585585585585,0.2917681525311866,0
MARUTI,2,0.75,747,83,110,2024-08-23,2025-04-22,0.4545454545454545,0.488,0.5774647887323944,0.4456521739130434,0.82,41,51,9,9,0.4545454545454545,0.4545454545454545,0.0,0.4181818181818181,0.0,0.0,0.0,0.0,0.5727272727272728,0.4636363636363636,0.4456521739130434,0.5,0.0,0.8363636363636363,0.1636363636363636,1.0,0
MARUTI,3,0.8,797,88,111,2024-12-16,2025-08-14,0.5225225225225225,0.537987012987013,0.5619834710743802,0.5230769230769231,0.6071428571428571,34,31,24,22,0.5045045045045045,0.5045045045045045,0.0,0.4954954954954955,0.0,0.0,0.0,0.0,0.4774774774774775,0.4864864864864865,0.5230769230769231,0.5217391304347826,0.0,0.5855855855855856,0.4144144144144144,0.1239506532842341,0
MARUTI,4,0.85,846,94,111,2025-04-24,2025-12-29,0.4144144144144144,0.4130434782608696,0.3689320388349514,0.5,0.2923076923076923,19,19,27,46,0.5135135135135135,0.5855855855855856,0.0,0.4234234234234234,0.0,0.0,0.0,0.0,0.4234234234234234,0.4594594594594595,0.5,0.3698630136986301,0.0,0.3423423423423423,0.6576576576576577,0.2460735636041521,0
MARUTI,5,0.9,897,99,111,2025-08-18,2026-04-10,0.4684684684684684,0.438722294654498,0.4587155963302752,0.5,0.423728813559322,25,25,27,34,0.3963963963963964,0.4684684684684684,0.0,0.5225225225225225,0.0,0.0,0.0,0.0,0.5045045045045045,0.4324324324324324,0.5,0.4426229508196722,0.0,0.4504504504504504,0.5495495495495496,0.3765649505854755,0
MARUTI,6,0.95,946,105,56,2026-01-01,2026-04-10,0.5,0.4929032258064516,0.5625,0.4615384615384615,0.72,18,21,10,7,0.5,0.4464285714285714,0.0,0.4642857142857143,0.0,0.0,0.0,0.0,0.4464285714285714,0.5357142857142857,0.4615384615384615,0.5882352941176471,0.0,0.6964285714285714,0.3035714285714285,1.0,3
MOTHERSON,1,0.7,796,88,127,2024-05-13,2024-12-30,0.4803149606299212,0.4917002012072434,0.6024096385542169,0.5263157894736842,0.704225352112676,50,45,11,21,0.4645669291338583,0.4330708661417323,0.0,0.5118110236220472,0.0,0.0,0.0,0.0,0.5275590551181102,0.5354330708661418,0.5263157894736842,0.34375,0.0,0.7480314960629921,0.2519685039370078,0.1000066028542544,0
MOTHERSON,2,0.75,854,94,126,2024-09-11,2025-04-24,0.5317460317460317,0.4477611940298507,0.6380368098159509,0.5,0.8813559322033898,52,52,15,7,0.4523809523809524,0.4682539682539682,0.0,0.4682539682539682,0.0,0.0,0.0,0.0,0.4682539682539682,0.5396825396825397,0.5,0.6818181818181819,0.0,0.8253968253968254,0.1746031746031746,0.1833338651712141,0
MOTHERSON,3,0.8,910,101,126,2024-12-31,2025-08-06,0.5158730158730159,0.527084908037289,0.6514285714285715,0.5089285714285714,0.9047619047619048,57,55,8,6,0.492063492063492,0.5,0.0,0.492063492063492,0.0,0.0,0.0,0.0,0.492063492063492,0.4603174603174603,0.5089285714285714,0.5714285714285714,0.0,0.8888888888888888,0.1111111111111111,1.0,0
MOTHERSON,4,0.85,967,107,126,2025-04-25,2025-12-10,0.5079365079365079,0.4892486718947634,0.5373134328358209,0.5373134328358209,0.5373134328358209,36,31,28,31,0.4841269841269841,0.5317460317460317,0.0,0.4523809523809524,0.0,0.0,0.0,0.0,0.4682539682539682,0.5,0.5373134328358209,0.4745762711864406,0.0,0.5317460317460317,0.4682539682539682,0.1954434471568278,0
MOTHERSON,5,0.9,1024,113,127,2025-08-07,2026-04-10,0.4094488188976378,0.4399801587301587,0.5283018867924528,0.4375,0.6666666666666666,42,54,10,21,0.5275590551181102,0.4566929133858268,0.0,0.5275590551181102,0.0,0.0,0.0,0.0,0.5196850393700787,0.5511811023622047,0.4375,0.3225806451612903,0.0,0.7559055118110236,0.2440944881889764,0.2322399806773113,0
MOTHERSON,6,0.95,1080,120,64,2025-12-11,2026-04-10,0.53125,0.4689655172413793,0.6052631578947368,0.4893617021276595,0.7931034482758621,23,24,11,6,0.484375,0.484375,0.0,0.5625,0.0,0.0,0.0,0.0,0.453125,0.390625,0.4893617021276595,0.6470588235294117,0.0,0.734375,0.265625,0.1000066028542544,3
MPHASIS,1,0.7,778,86,124,2024-04-15,2024-12-04,0.532258064516129,0.5288537549407115,0.5735294117647058,0.582089552238806,0.5652173913043478,39,28,27,30,0.4838709677419355,0.5161290322580645,0.0,0.5161290322580645,0.0,0.0,0.0,0.0,0.5161290322580645,0.4677419354838709,0.582089552238806,0.4736842105263158,0.0,0.5403225806451613,0.4596774193548387,0.1000066028542544,0
MPHASIS,2,0.75,834,92,123,2024-08-14,2025-04-01,0.5040650406504065,0.5230402542372881,0.5271317829457365,0.5230769230769231,0.53125,34,31,28,30,0.5121951219512195,0.5203252032520326,0.0,0.5447154471544715,0.0,0.0,0.0,0.0,0.4634146341463415,0.5121951219512195,0.5230769230769231,0.4827586206896551,0.0,0.5284552845528455,0.4715447154471545,0.1000066028542544,0
MPHASIS,3,0.8,890,98,123,2024-12-06,2025-08-08,0.5853658536585366,0.5307692307692308,0.6222222222222222,0.5454545454545454,0.7241379310344828,42,35,30,16,0.4959349593495935,0.5284552845528455,0.0,0.5121951219512195,0.0,0.0,0.0,0.0,0.4634146341463415,0.4634146341463415,0.5454545454545454,0.6521739130434783,0.0,0.6260162601626016,0.3739837398373983,0.1000066028542544,0
MPHASIS,4,0.85,945,104,124,2025-04-02,2025-12-04,0.4193548387096774,0.4091264667535854,0.4857142857142857,0.4533333333333333,0.5230769230769231,34,41,18,31,0.4838709677419355,0.4354838709677419,0.0,0.5080645161290323,0.0,0.0,0.0,0.0,0.5241935483870968,0.4838709677419355,0.4533333333333333,0.3673469387755101,0.0,0.6048387096774194,0.3951612903225806,0.2999144014778545,0
MPHASIS,5,0.9,1000,111,124,2025-08-11,2026-04-10,0.4435483870967742,0.4303929221962008,0.5714285714285714,0.46,0.7540983606557377,46,54,9,15,0.4354838709677419,0.4677419354838709,0.0,0.4596774193548387,0.0,0.0,0.0,0.0,0.4596774193548387,0.4919354838709677,0.46,0.375,0.0,0.8064516129032258,0.1935483870967742,0.2832083784054262,0
MPHASIS,6,0.95,1056,117,62,2025-12-05,2026-04-10,0.5161290322580645,0.5213675213675213,0.4444444444444444,0.4285714285714285,0.4615384615384615,12,16,20,14,0.4354838709677419,0.532258064516129,0.0,0.4354838709677419,0.0,0.0,0.0,0.0,0.4193548387096774,0.4677419354838709,0.4285714285714285,0.5882352941176471,0.0,0.4516129032258064,0.5483870967741935,0.1000066028542544,3
MUTHOOTFIN,1,0.7,752,83,119,2024-04-23,2024-12-11,0.5798319327731093,0.5378201310303753,0.6323529411764706,0.6825396825396826,0.589041095890411,43,20,26,30,0.5126050420168067,0.6050420168067226,0.0,0.5126050420168067,0.0,0.0,0.0,0.0,0.5462184873949579,0.5966386554621849,0.6825396825396826,0.4642857142857143,0.0,0.5294117647058824,0.4705882352941176,0.1402471138605878,0
MUTHOOTFIN,2,0.75,805,89,120,2024-08-14,2025-04-15,0.575,0.5684624017957352,0.6106870229007634,0.6153846153846154,0.6060606060606061,40,25,29,26,0.5083333333333333,0.5416666666666666,0.0,0.5083333333333333,0.0,0.0,0.0,0.0,0.5583333333333333,0.5416666666666666,0.6153846153846154,0.5272727272727273,0.0,0.5416666666666666,0.4583333333333333,0.1018209462168749,0
MUTHOOTFIN,3,0.8,859,95,119,2024-12-12,2025-08-18,0.4705882352941176,0.4332956472583381,0.5401459854014599,0.4868421052631579,0.6065573770491803,37,39,19,24,0.4789915966386555,0.4705882352941176,0.0,0.5126050420168067,0.0,0.0,0.0,0.0,0.5126050420168067,0.5210084033613446,0.4868421052631579,0.4418604651162791,0.0,0.6386554621848739,0.361344537815126,0.1097745495574334,0
MUTHOOTFIN,4,0.85,913,101,119,2025-04-16,2025-12-11,0.453781512605042,0.4162393162393162,0.5390070921985816,0.5,0.5846153846153846,38,38,16,27,0.4117647058823529,0.5462184873949579,0.0,0.453781512605042,0.0,0.0,0.0,0.0,0.5294117647058824,0.4453781512605042,0.5,0.3720930232558139,0.0,0.6386554621848739,0.361344537815126,1.0,0
MUTHOOTFIN,5,0.9,966,107,120,2025-08-19,2026-04-09,0.5333333333333333,0.4940610859728507,0.6781609195402298,0.5566037735849056,0.8676470588235294,59,47,5,9,0.5,0.5666666666666667,0.0,0.5,0.0,0.0,0.0,0.0,0.4666666666666667,0.5666666666666667,0.5566037735849056,0.3571428571428571,0.0,0.8833333333333333,0.1166666666666666,0.5076378614139854,0
MUTHOOTFIN,6,0.95,1020,113,60,2025-12-12,2026-04-09,0.6,0.4049773755656108,0.7333333333333333,0.5892857142857143,0.9705882352941176,33,23,3,1,0.5333333333333333,0.5666666666666667,0.0,0.4833333333333333,0.0,0.0,0.0,0.0,0.55,0.5666666666666667,0.5892857142857143,0.75,0.0,0.9333333333333332,0.0666666666666666,0.1814613078560318,3
NESTLEIND,1,0.7,668,74,106,2024-05-06,2024-12-30,0.4716981132075472,0.4358974358974359,0.6056338028169014,0.4777777777777778,0.8269230769230769,43,47,7,9,0.490566037735849,0.490566037735849,0.0,0.4528301886792453,0.0,0.0,0.0,0.0,0.3867924528301887,0.490566037735849,0.4777777777777778,0.4375,0.0,0.8490566037735849,0.1509433962264151,1.0,0
NESTLEIND,2,0.75,716,79,106,2024-09-02,2025-05-05,0.5566037735849056,0.5739285714285715,0.6618705035971223,0.5168539325842697,0.92,46,43,13,4,0.5566037735849056,0.5094339622641509,0.0,0.4811320754716981,0.0,0.0,0.0,0.0,0.5094339622641509,0.4811320754716981,0.5168539325842697,0.7647058823529411,0.0,0.839622641509434,0.160377358490566,0.1958233597731596,0
NESTLEIND,3,0.8,764,84,106,2025-01-01,2025-08-18,0.5377358490566038,0.5113960113960113,0.6370370370370371,0.5308641975308642,0.7962962962962963,43,38,14,11,0.5377358490566038,0.5094339622641509,0.0,0.6320754716981132,0.0,0.0,0.0,0.0,0.4528301886792453,0.5660377358490566,0.5308641975308642,0.56,0.0,0.7641509433962265,0.2358490566037736,0.2585925241737046,0
NESTLEIND,4,0.85,811,90,106,2025-05-06,2025-12-18,0.4811320754716981,0.4836182336182336,0.5217391304347826,0.4761904761904761,0.5769230769230769,30,33,21,22,0.4339622641509434,0.4622641509433962,0.0,0.490566037735849,0.0,0.0,0.0,0.0,0.5094339622641509,0.490566037735849,0.4761904761904761,0.4883720930232558,0.0,0.5943396226415094,0.4056603773584906,0.1966676378683252,0
NESTLEIND,5,0.9,859,95,107,2025-08-19,2026-04-10,0.5046728971962616,0.5555944055944056,0.5391304347826087,0.492063492063492,0.5961538461538461,31,32,23,21,0.5420560747663551,0.5887850467289719,0.0,0.5233644859813084,0.0,0.0,0.0,0.0,0.4766355140186916,0.5046728971962616,0.492063492063492,0.5227272727272727,0.0,0.5887850467289719,0.411214953271028,0.1923124099664085,0
NESTLEIND,6,0.95,907,100,54,2025-12-19,2026-04-10,0.6111111111111112,0.5912208504801097,0.6181818181818182,0.6071428571428571,0.6296296296296297,17,11,16,10,0.5555555555555556,0.5370370370370371,0.0,0.4629629629629629,0.0,0.0,0.0,0.0,0.5370370370370371,0.5740740740740741,0.6071428571428571,0.6153846153846154,0.0,0.5185185185185185,0.4814814814814814,0.2470506339214732,3
NTPC,1,0.7,731,81,116,2024-04-22,2024-11-11,0.5689655172413793,0.5288461538461539,0.7191011235955056,0.5614035087719298,1.0,64,50,2,0,0.4913793103448275,0.5517241379310345,0.0,0.5086206896551724,0.0,0.0,0.0,0.0,0.5775862068965517,0.5603448275862069,0.5614035087719298,1.0,0.0,0.9827586206896552,0.0172413793103448,0.117615518840559,0
NTPC,2,0.75,783,87,116,2024-08-06,2025-03-18,0.4913793103448275,0.4985119047619047,0.6335403726708074,0.4857142857142857,0.9107142857142856,51,54,6,5,0.5,0.4396551724137931,0.0,0.4568965517241379,0.0,0.0,0.0,0.0,0.5431034482758621,0.4913793103448275,0.4857142857142857,0.5454545454545454,0.0,0.9051724137931034,0.0948275862068965,0.2381060675881393,0
NTPC,3,0.8,836,92,116,2024-11-13,2025-07-30,0.4051724137931034,0.4345612458820006,0.5241379310344828,0.4130434782608695,0.7169811320754716,38,54,9,15,0.4655172413793103,0.3793103448275862,0.0,0.4741379310344827,0.0,0.0,0.0,0.0,0.4741379310344827,0.4741379310344827,0.4130434782608695,0.375,0.0,0.7931034482758621,0.2068965517241379,0.3097651888872073,0
NTPC,4,0.85,888,98,116,2025-03-20,2025-12-09,0.4913793103448275,0.5779433681073026,0.6380368098159509,0.4814814814814814,0.9454545454545454,52,56,5,3,0.4568965517241379,0.4741379310344827,0.0,0.4913793103448275,0.0,0.0,0.0,0.0,0.5086206896551724,0.4655172413793103,0.4814814814814814,0.625,0.0,0.9310344827586208,0.0689655172413793,1.0,0
NTPC,5,0.9,940,104,117,2025-07-31,2026-04-10,0.5299145299145299,0.5365925058548009,0.6153846153846154,0.5365853658536586,0.7213114754098361,44,38,18,17,0.4957264957264957,0.5213675213675214,0.0,0.5128205128205128,0.0,0.0,0.0,0.0,0.4700854700854701,0.4871794871794871,0.5365853658536586,0.5142857142857142,0.0,0.7008547008547008,0.2991452991452991,1.0,0
NTPC,6,0.95,992,110,59,2025-12-11,2026-04-10,0.4745762711864407,0.5324074074074073,0.5974025974025974,0.5111111111111111,0.71875,23,22,5,9,0.4745762711864407,0.5423728813559322,0.0,0.5254237288135594,0.0,0.0,0.0,0.0,0.4915254237288136,0.4915254237288136,0.5111111111111111,0.3571428571428571,0.0,0.7627118644067796,0.2372881355932203,1.0,3
ONGC,1,0.7,771,85,122,2024-04-02,2024-11-25,0.4590163934426229,0.4928705945655098,0.5217391304347826,0.4556962025316455,0.6101694915254238,36,43,20,23,0.4672131147540984,0.5,0.0,0.4672131147540984,0.0,0.0,0.0,0.0,0.5163934426229508,0.5,0.4556962025316455,0.4651162790697675,0.0,0.6475409836065574,0.3524590163934426,0.1723536991439048,0
ONGC,2,0.75,826,91,122,2024-08-07,2025-03-12,0.4672131147540984,0.5264187866927592,0.5578231292517006,0.4183673469387755,0.8367346938775511,41,57,16,8,0.4918032786885246,0.4754098360655737,0.0,0.4180327868852459,0.0,0.0,0.0,0.0,0.4016393442622951,0.4344262295081967,0.4183673469387755,0.6666666666666667,0.0,0.8032786885245902,0.1967213114754098,0.1984225593705104,0
ONGC,3,0.8,881,97,122,2024-11-27,2025-07-02,0.5737704918032787,0.5981182795698925,0.6338028169014085,0.5487804878048781,0.75,45,37,25,15,0.5983606557377049,0.4918032786885246,0.0,0.5,0.0,0.0,0.0,0.0,0.5081967213114754,0.5,0.5487804878048781,0.625,0.0,0.6721311475409836,0.3278688524590163,1.0,0
ONGC,4,0.85,936,103,122,2025-03-13,2025-12-02,0.4754098360655737,0.456439393939394,0.5616438356164384,0.5125,0.6212121212121212,41,39,17,25,0.4918032786885246,0.4918032786885246,0.0,0.5737704918032787,0.0,0.0,0.0,0.0,0.4672131147540984,0.5163934426229508,0.5125,0.4047619047619047,0.0,0.6557377049180327,0.3442622950819672,0.2089702913847563,0
ONGC,5,0.9,990,110,123,2025-07-03,2026-04-09,0.4796747967479675,0.4401069518716577,0.5616438356164384,0.5256410256410257,0.6029411764705882,41,37,18,27,0.5121951219512195,0.4552845528455284,0.0,0.5528455284552846,0.0,0.0,0.0,0.0,0.5528455284552846,0.5853658536585366,0.5256410256410257,0.4,0.0,0.6341463414634146,0.3658536585365853,0.2280251866236373,0
ONGC,6,0.95,1045,116,62,2025-12-03,2026-04-09,0.532258064516129,0.507027027027027,0.6329113924050633,0.5952380952380952,0.6756756756756757,25,17,8,12,0.4677419354838709,0.4193548387096774,0.0,0.4193548387096774,0.0,0.0,0.0,0.0,0.5967741935483871,0.5645161290322581,0.5952380952380952,0.4,0.0,0.6774193548387096,0.3225806451612903,1.0,3
PAGEIND,1,0.7,867,96,138,2023-12-12,2024-09-27,0.4927536231884058,0.4337197049525816,0.6276595744680851,0.5130434782608696,0.8082191780821918,59,56,9,14,0.4710144927536231,0.5289855072463768,0.0,0.5,0.0,0.0,0.0,0.0,0.4492753623188406,0.4927536231884058,0.5130434782608696,0.3913043478260869,0.0,0.8333333333333334,0.1666666666666666,1.0,0
PAGEIND,2,0.75,929,103,138,2024-05-10,2025-02-10,0.5,0.4512169312169312,0.5490196078431373,0.5384615384615384,0.56,42,36,27,33,0.4710144927536231,0.5507246376811594,0.0,0.463768115942029,0.0,0.0,0.0,0.0,0.5217391304347826,0.5507246376811594,0.5384615384615384,0.4499999999999999,0.0,0.5652173913043478,0.4347826086956521,0.1674096630617431,0
PAGEIND,3,0.8,991,110,138,2024-09-30,2025-06-23,0.5652173913043478,0.5732323232323233,0.589041095890411,0.581081081081081,0.5972222222222222,43,31,35,29,0.463768115942029,0.5217391304347826,0.0,0.4855072463768116,0.0,0.0,0.0,0.0,0.5579710144927537,0.5579710144927537,0.581081081081081,0.546875,0.0,0.5362318840579711,0.463768115942029,1.0,0
PAGEIND,4,0.85,1053,117,138,2025-02-11,2025-11-07,0.4782608695652174,0.4652091654404036,0.4545454545454545,0.4615384615384615,0.4477611940298507,30,35,36,37,0.4347826086956521,0.5217391304347826,0.0,0.4927536231884058,0.0,0.0,0.0,0.0,0.5072463768115942,0.5217391304347826,0.4615384615384615,0.4931506849315068,0.0,0.4710144927536231,0.5289855072463768,0.1868585297999903,0
PAGEIND,5,0.9,1116,123,138,2025-06-24,2026-04-10,0.5072463768115942,0.5079059829059829,0.5211267605633803,0.4512195121951219,0.6166666666666667,37,45,33,23,0.4855072463768116,0.5217391304347826,0.0,0.5362318840579711,0.0,0.0,0.0,0.0,0.4347826086956521,0.4782608695652174,0.4512195121951219,0.5892857142857143,0.0,0.5942028985507246,0.4057971014492754,0.2482818330225659,0
PAGEIND,6,0.95,1178,130,69,2025-11-11,2026-04-10,0.4492753623188406,0.4810344827586207,0.3870967741935484,0.3636363636363636,0.4137931034482758,12,21,19,17,0.5362318840579711,0.4347826086956521,0.0,0.4202898550724637,0.0,0.0,0.0,0.0,0.5507246376811594,0.463768115942029,0.3636363636363636,0.5277777777777778,0.0,0.4782608695652174,0.5217391304347826,1.0,3
PERSISTENT,1,0.7,785,87,125,2024-05-10,2024-12-24,0.52,0.5534642662302237,0.6153846153846154,0.6153846153846154,0.6153846153846154,48,30,17,30,0.56,0.48,0.0,0.432,0.0,0.0,0.0,0.0,0.432,0.464,0.6153846153846154,0.3617021276595744,0.0,0.624,0.376,0.1138873623002903,0
PERSISTENT,2,0.75,842,93,124,2024-09-02,2025-04-11,0.5483870967741935,0.5124869927159209,0.65,0.5306122448979592,0.8387096774193549,52,46,16,10,0.5161290322580645,0.5161290322580645,0.0,0.5241935483870968,0.0,0.0,0.0,0.0,0.4919354838709677,0.4919354838709677,0.5306122448979592,0.6153846153846154,0.0,0.7903225806451613,0.2096774193548387,0.1913813031587116,0
PERSISTENT,3,0.8,898,99,125,2024-12-27,2025-08-08,0.504,0.5010351966873705,0.6025641025641025,0.47,0.8392857142857143,47,53,16,9,0.424,0.472,0.0,0.472,0.0,0.0,0.0,0.0,0.52,0.472,0.47,0.64,0.0,0.8,0.2,0.1000066028542544,0
PERSISTENT,4,0.85,954,105,125,2025-04-16,2025-12-09,0.496,0.4022017409114183,0.64,0.495575221238938,0.9032258064516128,56,57,6,6,0.496,0.496,0.0,0.488,0.0,0.0,0.0,0.0,0.52,0.48,0.495575221238938,0.5,0.0,0.904,0.096,1.0,0
PERSISTENT,5,0.9,1010,112,125,2025-08-11,2026-04-10,0.456,0.4569672131147541,0.6091954022988506,0.4690265486725664,0.8688524590163934,53,60,4,8,0.424,0.488,0.0,0.52,0.0,0.0,0.0,0.0,0.504,0.464,0.4690265486725664,0.3333333333333333,0.0,0.904,0.096,1.0,0
PERSISTENT,6,0.95,1066,118,63,2025-12-10,2026-04-10,0.4126984126984127,0.4746450304259635,0.5542168674698795,0.4259259259259259,0.7931034482758621,23,31,3,6,0.4444444444444444,0.4603174603174603,0.0,0.4285714285714285,0.0,0.0,0.0,0.0,0.492063492063492,0.4761904761904761,0.4259259259259259,0.3333333333333333,0.0,0.8571428571428571,0.1428571428571428,1.0,3
PIDILITIND,1,0.7,815,90,129,2024-01-15,2024-10-04,0.5116279069767442,0.5044687189672294,0.5827814569536424,0.5866666666666667,0.5789473684210527,44,31,22,32,0.4806201550387597,0.4573643410852713,0.0,0.4573643410852713,0.0,0.0,0.0,0.0,0.5348837209302325,0.4961240310077519,0.5866666666666667,0.4074074074074074,0.0,0.5813953488372093,0.4186046511627907,0.1000066028542544,0
PIDILITIND,2,0.75,873,96,130,2024-05-30,2025-02-03,0.5230769230769231,0.5230075901328273,0.5866666666666667,0.5365853658536586,0.6470588235294118,44,38,24,24,0.5307692307692308,0.4769230769230769,0.0,0.5230769230769231,0.0,0.0,0.0,0.0,0.5076923076923077,0.5153846153846153,0.5365853658536586,0.5,0.0,0.6307692307692307,0.3692307692307692,0.3253162402697118,0
PIDILITIND,3,0.8,931,103,129,2024-10-07,2025-06-12,0.5116279069767442,0.5144927536231884,0.5655172413793104,0.4823529411764706,0.6833333333333333,41,44,25,19,0.4496124031007752,0.5658914728682171,0.0,0.4728682170542636,0.0,0.0,0.0,0.0,0.4806201550387597,0.5193798449612403,0.4823529411764706,0.5681818181818181,0.0,0.6589147286821705,0.3410852713178294,0.3496993889431734,0
PIDILITIND,4,0.85,990,109,129,2025-02-04,2025-11-20,0.4573643410852713,0.4536057692307692,0.5512820512820513,0.4673913043478261,0.671875,43,49,16,21,0.4418604651162791,0.3798449612403101,0.0,0.5348837209302325,0.0,0.0,0.0,0.0,0.4961240310077519,0.4418604651162791,0.4673913043478261,0.4324324324324324,0.0,0.7131782945736435,0.2868217054263566,0.1873640877761371,0
PIDILITIND,5,0.9,1047,116,130,2025-06-13,2026-04-10,0.5153846153846153,0.517649846008055,0.5714285714285714,0.525,0.6268656716417911,42,38,25,25,0.4692307692307692,0.4846153846153846,0.0,0.4615384615384615,0.0,0.0,0.0,0.0,0.4692307692307692,0.4846153846153846,0.525,0.5,0.0,0.6153846153846154,0.3846153846153846,0.4782138187112414,0
PIDILITIND,6,0.95,1106,122,65,2025-11-21,2026-04-10,0.5230769230769231,0.4507575757575758,0.5974025974025974,0.5227272727272727,0.696969696969697,23,21,11,10,0.4769230769230769,0.4923076923076923,0.0,0.4769230769230769,0.0,0.0,0.0,0.0,0.4769230769230769,0.4615384615384615,0.5227272727272727,0.5238095238095238,0.0,0.676923076923077,0.3230769230769231,1.0,3
POLYCAB,1,0.7,728,80,116,2024-06-18,2025-01-17,0.4224137931034483,0.4629794826048172,0.5732484076433121,0.45,0.7894736842105263,45,55,4,12,0.5258620689655172,0.4224137931034483,0.0,0.5689655172413793,0.0,0.0,0.0,0.0,0.4913793103448275,0.5,0.45,0.25,0.0,0.8620689655172413,0.1379310344827586,0.1572626046475,0
POLYCAB,2,0.75,780,86,115,2024-09-27,2025-05-14,0.5478260869565217,0.5775335775335775,0.7078651685393258,0.5478260869565217,1.0,63,52,0,0,0.5826086956521739,0.5478260869565217,0.0,0.591304347826087,0.0,0.0,0.0,0.0,0.5565217391304348,0.6173913043478261,0.5478260869565217,0.0,0.0,1.0,0.0,0.2040079367225591,0
POLYCAB,3,0.8,832,92,115,2025-01-20,2025-08-29,0.5478260869565217,0.4748774509803922,0.7011494252873564,0.5545454545454546,0.953125,61,49,2,3,0.5391304347826087,0.5565217391304348,0.0,0.5304347826086957,0.0,0.0,0.0,0.0,0.5217391304347826,0.4782608695652174,0.5545454545454546,0.4,0.0,0.9565217391304348,0.0434782608695652,0.1756136733310318,0
POLYCAB,4,0.85,883,98,116,2025-05-15,2025-12-19,0.5,0.4659498207885305,0.6547619047619048,0.5188679245283019,0.8870967741935484,55,51,3,7,0.5172413793103449,0.4741379310344827,0.0,0.5603448275862069,0.0,0.0,0.0,0.0,0.5431034482758621,0.5258620689655172,0.5188679245283019,0.3,0.0,0.913793103448276,0.0862068965517241,0.3477342620850226,0
POLYCAB,5,0.9,936,103,116,2025-09-01,2026-04-10,0.5258620689655172,0.5648809523809524,0.6540880503144654,0.5252525252525253,0.8666666666666667,52,47,9,8,0.4913793103448275,0.5086206896551724,0.0,0.5431034482758621,0.0,0.0,0.0,0.0,0.5086206896551724,0.5517241379310345,0.5252525252525253,0.5294117647058824,0.0,0.853448275862069,0.146551724137931,0.2711275584117375,0
POLYCAB,6,0.95,988,109,58,2025-12-22,2026-04-10,0.5344827586206896,0.6308243727598565,0.6301369863013698,0.5476190476190477,0.7419354838709677,23,19,8,8,0.5344827586206896,0.603448275862069,0.0,0.4310344827586206,0.0,0.0,0.0,0.0,0.5689655172413793,0.5344827586206896,0.5476190476190477,0.5,0.0,0.7241379310344828,0.2758620689655172,0.2228129401890987,3
POWERGRID,1,0.7,720,79,114,2024-03-22,2024-11-08,0.4912280701754385,0.5080645161290323,0.5857142857142857,0.5256410256410257,0.6612903225806451,41,37,15,21,0.4473684210526316,0.543859649122807,0.0,0.5175438596491229,0.0,0.0,0.0,0.0,0.5701754385964912,0.5175438596491229,0.5256410256410257,0.4166666666666666,0.0,0.6842105263157895,0.3157894736842105,0.1596977653611074,0
POWERGRID,2,0.75,771,85,114,2024-07-24,2025-03-04,0.5087719298245614,0.5549382716049382,0.6111111111111112,0.4888888888888889,0.8148148148148148,44,46,14,10,0.5175438596491229,0.4736842105263157,0.0,0.4736842105263157,0.0,0.0,0.0,0.0,0.5,0.5350877192982456,0.4888888888888889,0.5833333333333333,0.0,0.7894736842105263,0.2105263157894736,0.1388734130622395,0
POWERGRID,3,0.8,822,91,114,2024-11-11,2025-06-30,0.543859649122807,0.5560344827586207,0.6578947368421053,0.5319148936170213,0.8620689655172413,50,44,12,8,0.5964912280701754,0.5263157894736842,0.0,0.5263157894736842,0.0,0.0,0.0,0.0,0.4561403508771929,0.4824561403508772,0.5319148936170213,0.6,0.0,0.8245614035087719,0.175438596491228,0.2696390914091104,0
POWERGRID,4,0.85,873,97,114,2025-03-05,2025-11-21,0.543859649122807,0.5522342064714946,0.6904761904761905,0.5321100917431193,0.9830508474576272,58,51,4,1,0.5350877192982456,0.5175438596491229,0.0,0.5701754385964912,0.0,0.0,0.0,0.0,0.5350877192982456,0.4736842105263157,0.5321100917431193,0.8,0.0,0.956140350877193,0.043859649122807,1.0,0
POWERGRID,5,0.9,925,102,115,2025-07-01,2026-04-10,0.4608695652173913,0.4771758977480219,0.6025641025641025,0.4563106796116505,0.8867924528301887,47,56,6,6,0.4434782608695652,0.4608695652173913,0.0,0.5739130434782609,0.0,0.0,0.0,0.0,0.4956521739130435,0.4608695652173913,0.4563106796116505,0.5,0.0,0.8956521739130435,0.1043478260869565,0.4576575058298143,0
POWERGRID,6,0.95,976,108,58,2025-11-24,2026-04-10,0.4137931034482758,0.3490909090909091,0.4333333333333333,0.3714285714285714,0.52,13,22,11,12,0.4137931034482758,0.3620689655172414,0.0,0.3620689655172414,0.0,0.0,0.0,0.0,0.6206896551724138,0.4482758620689655,0.3714285714285714,0.4782608695652174,0.0,0.603448275862069,0.396551724137931,0.2712567646394148,3
RELIANCE,1,0.7,711,78,113,2024-03-27,2024-11-27,0.495575221238938,0.4724137931034482,0.5777777777777777,0.4875,0.7090909090909091,39,41,17,16,0.4867256637168141,0.4867256637168141,0.0,0.495575221238938,0.0,0.0,0.0,0.0,0.4778761061946903,0.4867256637168141,0.4875,0.5151515151515151,0.0,0.7079646017699115,0.2920353982300885,0.1000066028542544,0
RELIANCE,2,0.75,762,84,112,2024-08-01,2025-03-13,0.4017857142857143,0.4182053773890508,0.4369747899159664,0.3714285714285714,0.5306122448979592,26,44,19,23,0.4553571428571428,0.4464285714285714,0.0,0.4732142857142857,0.0,0.0,0.0,0.0,0.5,0.4732142857142857,0.3714285714285714,0.4523809523809523,0.0,0.625,0.375,0.1178508991005811,0
RELIANCE,3,0.8,812,90,113,2024-11-28,2025-07-16,0.4778761061946903,0.5169278996865203,0.4684684684684684,0.4642857142857143,0.4727272727272727,26,30,28,29,0.5929203539823009,0.4690265486725664,0.0,0.4247787610619469,0.0,0.0,0.0,0.0,0.5132743362831859,0.4601769911504424,0.4642857142857143,0.4912280701754385,0.0,0.495575221238938,0.504424778761062,0.5467866311622829,0
RELIANCE,4,0.85,863,95,113,2025-03-18,2025-12-02,0.5132743362831859,0.4924764890282132,0.60431654676259,0.5185185185185185,0.7241379310344828,42,39,16,16,0.4690265486725664,0.5132743362831859,0.0,0.4690265486725664,0.0,0.0,0.0,0.0,0.495575221238938,0.495575221238938,0.5185185185185185,0.5,0.0,0.7168141592920354,0.2831858407079646,1.0,0
RELIANCE,5,0.9,914,101,113,2025-07-18,2026-04-10,0.5575221238938053,0.5833855799373041,0.6031746031746031,0.5352112676056338,0.6909090909090909,38,33,25,17,0.495575221238938,0.5486725663716814,0.0,0.4867256637168141,0.0,0.0,0.0,0.0,0.504424778761062,0.5575221238938053,0.5352112676056338,0.5952380952380952,0.0,0.6283185840707964,0.3716814159292035,0.3460247957952527,0
RELIANCE,6,0.95,964,107,57,2025-12-08,2026-04-10,0.4561403508771929,0.4199507389162561,0.5079365079365079,0.4571428571428571,0.5714285714285714,16,19,10,12,0.4035087719298245,0.3859649122807017,0.0,0.5087719298245614,0.0,0.0,0.0,0.0,0.4736842105263157,0.4912280701754385,0.4571428571428571,0.4545454545454546,0.0,0.6140350877192983,0.3859649122807017,0.1633606769719436,3
SAIL,1,0.7,809,89,128,2024-04-12,2024-12-02,0.484375,0.5166666666666666,0.5217391304347826,0.4615384615384615,0.6,36,42,26,24,0.4921875,0.4609375,0.0,0.4765625,0.0,0.0,0.0,0.0,0.4609375,0.4609375,0.4615384615384615,0.52,0.0,0.609375,0.390625,0.1397875167379574,0
SAIL,2,0.75,866,96,128,2024-08-09,2025-03-21,0.4765625,0.4732077318326401,0.6127167630057804,0.4732142857142857,0.8688524590163934,53,59,8,8,0.5546875,0.4921875,0.0,0.421875,0.0,0.0,0.0,0.0,0.46875,0.4765625,0.4732142857142857,0.5,0.0,0.875,0.125,0.136552361281235,0
SAIL,3,0.8,924,102,128,2024-12-03,2025-07-29,0.453125,0.463134765625,0.527027027027027,0.4642857142857143,0.609375,39,45,19,25,0.4609375,0.484375,0.0,0.5234375,0.0,0.0,0.0,0.0,0.5,0.421875,0.4642857142857143,0.4318181818181817,0.0,0.65625,0.34375,0.2163062187956652,0
SAIL,4,0.85,981,109,128,2025-03-24,2025-12-08,0.5078125,0.5147741147741147,0.5467625899280576,0.5,0.6031746031746031,38,38,27,25,0.5390625,0.53125,0.0,0.4921875,0.0,0.0,0.0,0.0,0.5078125,0.4453125,0.5,0.5192307692307692,0.0,0.59375,0.40625,1.0,0
SAIL,5,0.9,1039,115,129,2025-07-31,2026-04-10,0.5038759689922481,0.5336538461538461,0.5151515151515151,0.5,0.53125,34,34,31,30,0.5891472868217055,0.5038759689922481,0.0,0.4496124031007752,0.0,0.0,0.0,0.0,0.4883720930232558,0.5271317829457365,0.5,0.5081967213114754,0.0,0.5271317829457365,0.4728682170542636,1.0,0
SAIL,6,0.95,1097,121,65,2025-12-09,2026-04-10,0.5230769230769231,0.5607210626185958,0.392156862745098,0.5882352941176471,0.2941176470588235,10,7,24,24,0.6461538461538462,0.5538461538461539,0.0,0.5692307692307692,0.0,0.0,0.0,0.0,0.4769230769230769,0.5230769230769231,0.5882352941176471,0.5,0.0,0.2615384615384615,0.7384615384615385,0.1000066028542544,3
SBILIFE,1,0.7,706,78,112,2024-04-18,2024-11-28,0.5803571428571429,0.5520434227330778,0.656934306569343,0.569620253164557,0.7758620689655172,45,34,20,13,0.5089285714285714,0.5535714285714286,0.0,0.4642857142857143,0.0,0.0,0.0,0.0,0.4732142857142857,0.5089285714285714,0.569620253164557,0.6060606060606061,0.0,0.7053571428571429,0.2946428571428571,0.1452900037698312,0
SBILIFE,2,0.75,756,84,112,2024-08-05,2025-03-24,0.5178571428571429,0.5641189638631277,0.6142857142857143,0.4942528735632184,0.8113207547169812,43,44,15,10,0.5,0.5,0.0,0.5357142857142857,0.0,0.0,0.0,0.0,0.5089285714285714,0.5267857142857143,0.4942528735632184,0.6,0.0,0.7767857142857143,0.2232142857142857,0.2095228593240387,0
SBILIFE,3,0.8,807,89,112,2024-12-02,2025-07-28,0.4910714285714285,0.4934609250398724,0.5210084033613446,0.5,0.543859649122807,31,31,24,26,0.5357142857142857,0.5178571428571429,0.0,0.5357142857142857,0.0,0.0,0.0,0.0,0.5,0.5714285714285714,0.5,0.48,0.0,0.5535714285714286,0.4464285714285714,0.1000066028542544,0
SBILIFE,4,0.85,857,95,112,2025-03-25,2025-12-02,0.5357142857142857,0.4840357598978287,0.6176470588235294,0.5384615384615384,0.7241379310344828,42,36,18,16,0.4642857142857143,0.5178571428571429,0.0,0.5357142857142857,0.0,0.0,0.0,0.0,0.4821428571428571,0.5357142857142857,0.5384615384615384,0.5294117647058824,0.0,0.6964285714285714,0.3035714285714285,1.0,0
SBILIFE,5,0.9,908,100,112,2025-07-31,2026-04-10,0.4464285714285714,0.4739366805244643,0.38,0.4634146341463415,0.3220338983050847,19,22,31,40,0.4732142857142857,0.4732142857142857,0.0,0.4464285714285714,0.0,0.0,0.0,0.0,0.5446428571428571,0.4285714285714285,0.4634146341463415,0.4366197183098591,0.0,0.3660714285714285,0.6339285714285714,0.2300702886650642,0
SBILIFE,6,0.95,958,106,56,2025-12-03,2026-04-10,0.3928571428571428,0.3935897435897436,0.32,0.4,0.2666666666666666,8,12,14,22,0.4464285714285714,0.375,0.0,0.4464285714285714,0.0,0.0,0.0,0.0,0.5357142857142857,0.4464285714285714,0.4,0.3888888888888888,0.0,0.3571428571428571,0.6428571428571429,0.3193231828730828,3
SBIN,1,0.7,722,80,114,2024-03-19,2024-11-06,0.5350877192982456,0.5189393939393939,0.624113475177305,0.5866666666666667,0.6666666666666666,44,31,17,22,0.4912280701754385,0.5087719298245614,0.0,0.5350877192982456,0.0,0.0,0.0,0.0,0.4912280701754385,0.5087719298245614,0.5866666666666667,0.4358974358974359,0.0,0.6578947368421053,0.3421052631578947,0.2209173112242247,0
SBIN,2,0.75,774,85,115,2024-07-10,2025-02-24,0.5043478260869565,0.4726775956284152,0.583941605839416,0.4819277108433735,0.7407407407407407,40,43,18,14,0.5043478260869565,0.4347826086956521,0.0,0.4869565217391304,0.0,0.0,0.0,0.0,0.4260869565217391,0.417391304347826,0.4819277108433735,0.5625,0.0,0.7217391304347827,0.2782608695652174,0.1831126909199839,0
SBIN,3,0.8,825,91,115,2024-11-07,2025-07-03,0.5043478260869565,0.4866908650937689,0.632258064516129,0.5,0.8596491228070176,49,49,9,8,0.5304347826086957,0.4956521739130435,0.0,0.5130434782608696,0.0,0.0,0.0,0.0,0.5217391304347826,0.4956521739130435,0.5,0.5294117647058824,0.0,0.8521739130434782,0.1478260869565217,0.3403957594058657,0
SBIN,4,0.85,877,97,114,2025-02-27,2025-12-01,0.5526315789473685,0.5353218210361068,0.6792452830188679,0.574468085106383,0.8307692307692308,54,40,9,11,0.543859649122807,0.5789473684210527,0.0,0.543859649122807,0.0,0.0,0.0,0.0,0.5175438596491229,0.5087719298245614,0.574468085106383,0.4499999999999999,0.0,0.8245614035087719,0.175438596491228,1.0,0
SBIN,5,0.9,928,103,115,2025-07-04,2026-04-09,0.4521739130434782,0.4560915275200989,0.5333333333333333,0.5217391304347826,0.5454545454545454,36,33,16,30,0.5478260869565217,0.591304347826087,0.0,0.5565217391304348,0.0,0.0,0.0,0.0,0.5130434782608696,0.6086956521739131,0.5217391304347826,0.3478260869565217,0.0,0.6,0.4,1.0,0
SBIN,6,0.95,980,108,58,2025-12-02,2026-04-09,0.4310344827586206,0.4044117647058823,0.547945205479452,0.5128205128205128,0.5882352941176471,20,19,5,14,0.5689655172413793,0.4310344827586206,0.0,0.5517241379310345,0.0,0.0,0.0,0.0,0.5172413793103449,0.5862068965517241,0.5128205128205128,0.2631578947368421,0.0,0.6724137931034483,0.3275862068965517,0.1388063728587589,3
SHREECEM,1,0.7,723,80,115,2024-03-22,2024-11-14,0.4956521739130435,0.5009090909090909,0.546875,0.4794520547945205,0.6363636363636364,35,38,22,20,0.5565217391304348,0.4782608695652174,0.0,0.5130434782608696,0.0,0.0,0.0,0.0,0.5304347826086957,0.5217391304347826,0.4794520547945205,0.5238095238095238,0.0,0.6347826086956522,0.3652173913043478,0.1000066028542544,0
SHREECEM,2,0.75,775,86,114,2024-08-02,2025-03-13,0.543859649122807,0.5769704433497538,0.6708860759493671,0.53,0.913793103448276,53,47,9,5,0.5526315789473685,0.5263157894736842,0.0,0.5087719298245614,0.0,0.0,0.0,0.0,0.5087719298245614,0.543859649122807,0.53,0.6428571428571428,0.0,0.8771929824561403,0.1228070175438596,0.1000066028542544,0
SHREECEM,3,0.8,827,91,115,2024-11-18,2025-07-29,0.4782608695652174,0.5139647844565878,0.5081967213114754,0.5081967213114754,0.5081967213114754,31,30,24,30,0.6521739130434783,0.5739130434782609,0.0,0.6,0.0,0.0,0.0,0.0,0.5130434782608696,0.5217391304347826,0.5081967213114754,0.4444444444444444,0.0,0.5304347826086957,0.4695652173913043,0.1000066028542544,0
SHREECEM,4,0.85,878,97,115,2025-03-18,2025-12-12,0.4956521739130435,0.4721706864564007,0.4727272727272727,0.4262295081967213,0.5306122448979592,26,35,31,23,0.4869565217391304,0.4608695652173913,0.0,0.4260869565217391,0.0,0.0,0.0,0.0,0.4521739130434782,0.408695652173913,0.4262295081967213,0.5740740740740741,0.0,0.5304347826086957,0.4695652173913043,0.1635591066190053,0
SHREECEM,5,0.9,930,103,115,2025-07-30,2026-04-09,0.5217391304347826,0.6168831168831169,0.5528455284552846,0.4594594594594595,0.6938775510204082,34,40,26,15,0.4782608695652174,0.5043478260869565,0.0,0.6086956521739131,0.0,0.0,0.0,0.0,0.4608695652173913,0.591304347826087,0.4594594594594595,0.6341463414634146,0.0,0.6434782608695652,0.3565217391304348,0.1094620041830057,0
SHREECEM,6,0.95,981,109,58,2025-12-15,2026-04-09,0.5172413793103449,0.592857142857143,0.6,0.5,0.75,21,21,9,7,0.4655172413793103,0.5344827586206896,0.0,0.603448275862069,0.0,0.0,0.0,0.0,0.5862068965517241,0.4655172413793103,0.5,0.5625,0.0,0.7241379310344828,0.2758620689655172,0.2007922094207991,3
SHRIRAMFIN,1,0.7,789,87,125,2024-05-14,2024-12-31,0.52,0.5387776065742168,0.5945945945945946,0.5365853658536586,0.6666666666666666,44,38,21,22,0.504,0.536,0.0,0.464,0.0,0.0,0.0,0.0,0.544,0.528,0.5365853658536586,0.4883720930232558,0.0,0.656,0.344,0.1832575399323134,0
SHRIRAMFIN,2,0.75,846,93,125,2024-08-30,2025-04-28,0.544,0.5591700819672131,0.583941605839416,0.5263157894736842,0.6557377049180327,40,36,28,21,0.536,0.504,0.0,0.48,0.0,0.0,0.0,0.0,0.488,0.544,0.5263157894736842,0.5714285714285714,0.0,0.608,0.392,0.1000066028542544,0
SHRIRAMFIN,3,0.8,901,100,125,2025-01-01,2025-08-13,0.496,0.5069230769230769,0.5401459854014599,0.4805194805194805,0.6166666666666667,37,40,25,23,0.52,0.472,0.0,0.568,0.0,0.0,0.0,0.0,0.488,0.456,0.4805194805194805,0.5208333333333333,0.0,0.616,0.384,1.0,0
SHRIRAMFIN,4,0.85,958,106,125,2025-04-29,2025-12-09,0.496,0.4737519300051467,0.5882352941176471,0.5232558139534884,0.6716417910447762,45,41,17,22,0.496,0.536,0.0,0.456,0.0,0.0,0.0,0.0,0.504,0.448,0.5232558139534884,0.4358974358974359,0.0,0.688,0.312,1.0,0
SHRIRAMFIN,5,0.9,1014,112,126,2025-08-14,2026-04-10,0.4365079365079365,0.4126819126819127,0.4817518248175182,0.5238095238095238,0.4459459459459459,33,30,22,41,0.4523809523809524,0.4285714285714285,0.0,0.5,0.0,0.0,0.0,0.0,0.5,0.4047619047619047,0.5238095238095238,0.3492063492063492,0.0,0.5,0.5,0.1761139753719554,0
SHRIRAMFIN,6,0.95,1071,118,63,2025-12-10,2026-04-10,0.4444444444444444,0.3959183673469388,0.4444444444444444,0.5,0.4,14,14,14,21,0.5079365079365079,0.3809523809523809,0.0,0.5396825396825397,0.0,0.0,0.0,0.0,0.5555555555555556,0.5079365079365079,0.5,0.4,0.0,0.4444444444444444,0.5555555555555556,0.1150844905573844,3
SIEMENS,1,0.7,848,94,135,2024-02-15,2024-10-30,0.5111111111111111,0.4919466175793833,0.5714285714285714,0.6111111111111112,0.5365853658536586,44,28,25,38,0.6,0.6222222222222222,0.0,0.4592592592592592,0.0,0.0,0.0,0.0,0.362962962962963,0.4740740740740741,0.6111111111111112,0.3968253968253968,0.0,0.5333333333333333,0.4666666666666667,0.115106350837587,0
SIEMENS,2,0.75,909,101,134,2024-06-24,2025-03-06,0.5074626865671642,0.5239687848383501,0.6071428571428571,0.4951456310679611,0.7846153846153846,51,52,17,14,0.5597014925373134,0.5,0.0,0.4552238805970149,0.0,0.0,0.0,0.0,0.5223880597014925,0.4552238805970149,0.4951456310679611,0.5483870967741935,0.0,0.7686567164179104,0.2313432835820895,0.1239801743787003,0
SIEMENS,3,0.8,970,107,135,2024-11-05,2025-07-11,0.5259259259259259,0.4967061923583662,0.6767676767676768,0.5193798449612403,0.9710144927536232,67,62,4,2,0.5925925925925926,0.5333333333333333,0.0,0.5555555555555556,0.0,0.0,0.0,0.0,0.4592592592592592,0.5111111111111111,0.5193798449612403,0.6666666666666667,0.0,0.9555555555555556,0.0444444444444444,0.1718622335656199,0
SIEMENS,4,0.85,1030,114,135,2025-03-07,2025-11-27,0.5555555555555556,0.5806451612903225,0.6470588235294118,0.5670103092783505,0.7534246575342466,55,42,20,18,0.5481481481481482,0.5555555555555556,0.0,0.6074074074074074,0.0,0.0,0.0,0.0,0.5037037037037037,0.5407407407407407,0.5670103092783505,0.5263157894736843,0.0,0.7185185185185186,0.2814814814814815,1.0,0
SIEMENS,5,0.9,1091,121,135,2025-07-15,2026-04-10,0.5555555555555556,0.62129916040654,0.6842105263157895,0.5555555555555556,0.8904109589041096,65,52,10,8,0.5185185185185185,0.562962962962963,0.0,0.562962962962963,0.0,0.0,0.0,0.0,0.5481481481481482,0.5481481481481482,0.5555555555555556,0.5555555555555556,0.0,0.8666666666666667,0.1333333333333333,0.3059523274195213,0
SIEMENS,6,0.95,1152,127,68,2025-12-01,2026-04-10,0.5147058823529411,0.4786399302528334,0.6597938144329897,0.5333333333333333,0.8648648648648649,32,28,3,5,0.5294117647058824,0.4558823529411764,0.0,0.5735294117647058,0.0,0.0,0.0,0.0,0.5441176470588235,0.5588235294117647,0.5333333333333333,0.375,0.0,0.8823529411764706,0.1176470588235294,0.1596438799269154,3
SUNPHARMA,1,0.7,702,77,111,2024-03-14,2024-11-08,0.5135135135135135,0.4670877659574468,0.6142857142857143,0.5657894736842105,0.671875,43,33,14,21,0.4414414414414414,0.5135135135135135,0.0,0.4774774774774775,0.0,0.0,0.0,0.0,0.5495495495495496,0.5405405405405406,0.5657894736842105,0.4,0.0,0.6846846846846847,0.3153153153153153,0.1000066028542544,0
SUNPHARMA,2,0.75,751,83,112,2024-07-15,2025-03-19,0.4821428571428571,0.4533844189016602,0.4629629629629629,0.5,0.4310344827586206,25,25,29,33,0.4821428571428571,0.5178571428571429,0.0,0.4285714285714285,0.0,0.0,0.0,0.0,0.5,0.5803571428571429,0.5,0.467741935483871,0.0,0.4464285714285714,0.5535714285714286,0.3555795320816519,0
SUNPHARMA,3,0.8,801,89,111,2024-11-12,2025-07-17,0.4684684684684684,0.4911994784876141,0.5354330708661418,0.4533333333333333,0.6538461538461539,34,41,18,18,0.4954954954954955,0.5495495495495496,0.0,0.4864864864864865,0.0,0.0,0.0,0.0,0.5315315315315315,0.5225225225225225,0.4533333333333333,0.5,0.0,0.6756756756756757,0.3243243243243243,0.3677524495654204,0
SUNPHARMA,4,0.85,852,94,111,2025-03-20,2025-12-02,0.4594594594594595,0.3955026455026455,0.6052631578947368,0.5168539325842697,0.7301587301587301,46,43,5,17,0.5045045045045045,0.5135135135135135,0.0,0.4864864864864865,0.0,0.0,0.0,0.0,0.4774774774774775,0.4954954954954955,0.5168539325842697,0.2272727272727273,0.0,0.8018018018018018,0.1981981981981982,0.1000066028542544,0
SUNPHARMA,5,0.9,901,100,112,2025-07-21,2026-04-09,0.5446428571428571,0.4493731918997107,0.6482758620689655,0.5595238095238095,0.7704918032786885,47,37,14,14,0.4285714285714285,0.5,0.0,0.5625,0.0,0.0,0.0,0.0,0.5714285714285714,0.5089285714285714,0.5595238095238095,0.5,0.0,0.75,0.25,0.1397062322875567,0
SUNPHARMA,6,0.95,952,105,56,2025-12-03,2026-04-09,0.5535714285714286,0.5205128205128204,0.6153846153846154,0.5128205128205128,0.7692307692307693,20,19,11,6,0.4821428571428571,0.4642857142857143,0.0,0.4642857142857143,0.0,0.0,0.0,0.0,0.5178571428571429,0.5178571428571429,0.5128205128205128,0.6470588235294117,0.0,0.6964285714285714,0.3035714285714285,0.152821468204732,3
TATACONSUM,1,0.7,739,82,117,2024-04-05,2024-12-09,0.5299145299145299,0.5624633431085043,0.5669291338582677,0.5,0.6545454545454545,36,36,26,19,0.5213675213675214,0.4957264957264957,0.0,0.4444444444444444,0.0,0.0,0.0,0.0,0.4871794871794871,0.5213675213675214,0.5,0.5777777777777777,0.0,0.6153846153846154,0.3846153846153846,1.0,0
TATACONSUM,2,0.75,792,87,118,2024-08-12,2025-04-08,0.576271186440678,0.5508620689655173,0.5689655172413793,0.5892857142857143,0.55,33,23,35,27,0.5254237288135594,0.5169491525423728,0.0,0.5338983050847458,0.0,0.0,0.0,0.0,0.3983050847457627,0.5,0.5892857142857143,0.564516129032258,0.0,0.4745762711864407,0.5254237288135594,0.2158382274394795,0
TATACONSUM,3,0.8,845,93,117,2024-12-10,2025-08-05,0.452991452991453,0.3747072599531616,0.4576271186440678,0.4736842105263157,0.4426229508196721,27,30,26,34,0.4700854700854701,0.4017094017094017,0.0,0.4957264957264957,0.0,0.0,0.0,0.0,0.4358974358974359,0.4188034188034188,0.4736842105263157,0.4333333333333333,0.0,0.4871794871794871,0.5128205128205128,0.201191520707361,0
TATACONSUM,4,0.85,898,99,117,2025-04-09,2025-12-11,0.5042735042735043,0.4932787843366452,0.5671641791044776,0.5066666666666667,0.6440677966101694,38,37,21,21,0.4786324786324786,0.5299145299145299,0.0,0.5042735042735043,0.0,0.0,0.0,0.0,0.4957264957264957,0.5299145299145299,0.5066666666666667,0.5,0.0,0.6410256410256411,0.358974358974359,0.3177651101252409,0
TATACONSUM,5,0.9,950,105,118,2025-08-08,2026-04-09,0.4915254237288136,0.5181451612903226,0.5652173913043478,0.5131578947368421,0.6290322580645161,39,37,19,23,0.6016949152542372,0.4745762711864407,0.0,0.5169491525423728,0.0,0.0,0.0,0.0,0.4576271186440678,0.5084745762711864,0.5131578947368421,0.4523809523809523,0.0,0.6440677966101694,0.3559322033898305,0.1927788153996886,0
TATACONSUM,6,0.95,1003,111,59,2025-12-12,2026-04-09,0.6101694915254238,0.6275862068965518,0.6461538461538462,0.6,0.7,21,14,15,9,0.576271186440678,0.5423728813559322,0.0,0.4745762711864407,0.0,0.0,0.0,0.0,0.5084745762711864,0.423728813559322,0.6,0.625,0.0,0.5932203389830508,0.4067796610169492,0.2218459065509337,3
TATAELXSI,1,0.7,761,84,121,2024-04-16,2024-12-12,0.4628099173553719,0.4989053092501368,0.5323741007194245,0.4567901234567901,0.6379310344827587,37,44,19,21,0.4793388429752066,0.5454545454545454,0.0,0.512396694214876,0.0,0.0,0.0,0.0,0.5206611570247934,0.4628099173553719,0.4567901234567901,0.475,0.0,0.6694214876033058,0.3305785123966942,0.1000066028542544,0
TATAELXSI,2,0.75,816,90,120,2024-08-27,2025-04-08,0.4666666666666667,0.4454285714285714,0.2727272727272727,0.3157894736842105,0.24,12,26,44,38,0.4916666666666666,0.5583333333333333,0.0,0.5333333333333333,0.0,0.0,0.0,0.0,0.4833333333333333,0.4833333333333333,0.3157894736842105,0.5365853658536586,0.0,0.3166666666666666,0.6833333333333333,0.1779911404141201,0
TATAELXSI,3,0.8,870,96,121,2024-12-16,2025-08-20,0.5619834710743802,0.5633223684210527,0.5309734513274337,0.5357142857142857,0.5263157894736842,30,26,38,27,0.5289256198347108,0.5289256198347108,0.0,0.4958677685950413,0.0,0.0,0.0,0.0,0.4793388429752066,0.512396694214876,0.5357142857142857,0.5846153846153845,0.0,0.4628099173553719,0.5371900826446281,0.1177059373267515,0
TATAELXSI,4,0.85,924,102,121,2025-04-11,2025-12-10,0.512396694214876,0.5229633679606341,0.5693430656934306,0.5,0.6610169491525424,39,39,23,20,0.5702479338842975,0.5041322314049587,0.0,0.4545454545454545,0.0,0.0,0.0,0.0,0.4545454545454545,0.4380165289256198,0.5,0.5348837209302326,0.0,0.6446280991735537,0.3553719008264462,0.1586834375524516,0
TATAELXSI,5,0.9,979,108,121,2025-08-21,2026-04-10,0.5041322314049587,0.5107042253521127,0.4339622641509434,0.4107142857142857,0.46,23,33,38,27,0.4876033057851239,0.5867768595041323,0.0,0.5041322314049587,0.0,0.0,0.0,0.0,0.4628099173553719,0.3801652892561983,0.4107142857142857,0.5846153846153845,0.0,0.4628099173553719,0.5371900826446281,0.2544736245221637,0
TATAELXSI,6,0.95,1033,114,61,2025-12-15,2026-04-10,0.5901639344262295,0.5555555555555556,0.5098039215686274,0.5,0.52,13,13,23,12,0.5245901639344263,0.5901639344262295,0.0,0.5081967213114754,0.0,0.0,0.0,0.0,0.5901639344262295,0.6557377049180327,0.5,0.6571428571428571,0.0,0.4262295081967213,0.5737704918032787,0.123195045196967,3
TATAPOWER,1,0.7,861,95,136,2023-11-22,2024-08-22,0.4926470588235294,0.5203197868087941,0.5868263473053892,0.5568181818181818,0.620253164556962,49,39,18,30,0.5588235294117647,0.5073529411764706,0.0,0.5073529411764706,0.0,0.0,0.0,0.0,0.5735294117647058,0.4779411764705882,0.5568181818181818,0.375,0.0,0.6470588235294118,0.3529411764705882,0.1674778229538489,0
TATAPOWER,2,0.75,922,102,137,2024-04-05,2025-01-20,0.5766423357664233,0.570752688172043,0.6881720430107527,0.5765765765765766,0.8533333333333334,64,47,15,11,0.5547445255474452,0.583941605839416,0.0,0.5182481751824818,0.0,0.0,0.0,0.0,0.5620437956204379,0.5474452554744526,0.5765765765765766,0.5769230769230769,0.0,0.8102189781021898,0.1897810218978102,0.2145912215444672,0
TATAPOWER,3,0.8,983,109,137,2024-08-23,2025-06-11,0.5620437956204379,0.5770060396893875,0.6551724137931034,0.5816326530612245,0.75,57,41,20,19,0.5693430656934306,0.6204379562043796,0.0,0.5328467153284672,0.0,0.0,0.0,0.0,0.5474452554744526,0.5547445255474452,0.5816326530612245,0.5128205128205128,0.0,0.7153284671532847,0.2846715328467153,0.1679302953082994,0
TATAPOWER,4,0.85,1045,116,136,2025-01-22,2025-11-04,0.5220588235294118,0.5019616390584132,0.5806451612903226,0.5555555555555556,0.6081081081081081,45,36,26,29,0.4632352941176471,0.5294117647058824,0.0,0.4632352941176471,0.0,0.0,0.0,0.0,0.5,0.4411764705882353,0.5555555555555556,0.4727272727272728,0.0,0.5955882352941176,0.4044117647058823,0.1328840502885579,0
TATAPOWER,5,0.9,1107,122,137,2025-06-12,2026-04-10,0.4817518248175182,0.5164109121909634,0.5988700564971752,0.4862385321100917,0.7794117647058824,53,56,13,15,0.4817518248175182,0.4890510948905109,0.0,0.4817518248175182,0.0,0.0,0.0,0.0,0.5109489051094891,0.5182481751824818,0.4862385321100917,0.4642857142857143,0.0,0.7956204379562044,0.2043795620437956,0.2094439632715962,0
TATAPOWER,6,0.95,1168,129,69,2025-11-07,2026-04-10,0.4347826086956521,0.5739495798319328,0.5411764705882353,0.4509803921568627,0.6764705882352942,23,28,7,11,0.463768115942029,0.4927536231884058,0.0,0.5507246376811594,0.0,0.0,0.0,0.0,0.5217391304347826,0.4927536231884058,0.4509803921568627,0.3888888888888888,0.0,0.7391304347826086,0.2608695652173913,0.2554954490516747,3
TATASTEEL,1,0.7,877,97,139,2023-12-14,2024-09-30,0.5323741007194245,0.5334719334719336,0.5962732919254659,0.5517241379310345,0.6486486486486487,48,39,26,26,0.539568345323741,0.5323741007194245,0.0,0.4892086330935252,0.0,0.0,0.0,0.0,0.5539568345323741,0.5323741007194245,0.5517241379310345,0.5,0.0,0.6258992805755396,0.3741007194244604,0.2296430857074985,0
TATASTEEL,2,0.75,940,104,139,2024-05-08,2025-02-06,0.4460431654676259,0.4728778467908903,0.5032258064516129,0.4534883720930232,0.5652173913043478,39,47,23,30,0.4460431654676259,0.4748201438848921,0.0,0.5107913669064749,0.0,0.0,0.0,0.0,0.4676258992805755,0.5035971223021583,0.4534883720930232,0.4339622641509434,0.0,0.6187050359712231,0.381294964028777,0.2023614907769275,0
TATASTEEL,3,0.8,1002,111,139,2024-10-04,2025-06-25,0.5323741007194245,0.6052195526097762,0.5751633986928104,0.5365853658536586,0.6197183098591549,44,38,30,27,0.4820143884892086,0.5107913669064749,0.0,0.4964028776978417,0.0,0.0,0.0,0.0,0.5107913669064749,0.5107913669064749,0.5365853658536586,0.5263157894736843,0.0,0.5899280575539568,0.4100719424460431,0.2141171988526529,0
TATASTEEL,4,0.85,1065,118,139,2025-02-07,2025-11-20,0.5827338129496403,0.5981288981288981,0.6777777777777778,0.5754716981132075,0.8243243243243243,61,45,20,13,0.5107913669064749,0.5323741007194245,0.0,0.5035971223021583,0.0,0.0,0.0,0.0,0.4748201438848921,0.4892086330935252,0.5754716981132075,0.6060606060606061,0.0,0.762589928057554,0.237410071942446,1.0,0
TATASTEEL,5,0.9,1127,125,140,2025-06-26,2026-04-09,0.5214285714285715,0.4988754855857698,0.588957055214724,0.5333333333333333,0.6575342465753424,48,42,25,25,0.4928571428571429,0.5357142857142857,0.0,0.45,0.0,0.0,0.0,0.0,0.5357142857142857,0.45,0.5333333333333333,0.5,0.0,0.6428571428571429,0.3571428571428571,0.3946270360634032,0
TATASTEEL,6,0.95,1190,132,70,2025-11-21,2026-04-09,0.4428571428571428,0.403782894736842,0.4935064935064935,0.4871794871794871,0.5,19,20,12,19,0.4857142857142857,0.4857142857142857,0.0,0.5571428571428572,0.0,0.0,0.0,0.0,0.5428571428571428,0.4142857142857143,0.4871794871794871,0.3870967741935484,0.0,0.5571428571428572,0.4428571428571428,0.2371876070328681,3
TCS,1,0.7,672,74,107,2024-04-08,2024-12-09,0.4953271028037383,0.4793706293706293,0.5573770491803278,0.5074626865671642,0.6181818181818182,34,33,19,21,0.5607476635514018,0.4859813084112149,0.0,0.4766355140186916,0.0,0.0,0.0,0.0,0.5233644859813084,0.514018691588785,0.5074626865671642,0.475,0.0,0.6261682242990654,0.3738317757009345,0.1000066028542544,0
TCS,2,0.75,720,80,106,2024-08-09,2025-04-11,0.5471698113207547,0.5323275862068965,0.6363636363636364,0.5,0.875,42,42,16,6,0.5471698113207547,0.4528301886792453,0.0,0.4339622641509434,0.0,0.0,0.0,0.0,0.4433962264150943,0.4716981132075472,0.5,0.7272727272727273,0.0,0.7924528301886793,0.2075471698113207,0.1000066028542544,0
TCS,3,0.8,768,85,107,2024-12-11,2025-08-19,0.4766355140186916,0.5267284390591589,0.6,0.4468085106382978,0.9130434782608696,42,52,9,4,0.4485981308411215,0.4766355140186916,0.0,0.4485981308411215,0.0,0.0,0.0,0.0,0.4205607476635514,0.4299065420560747,0.4468085106382978,0.6923076923076923,0.0,0.8785046728971962,0.1214953271028037,0.1784033399867376,0
TCS,4,0.85,816,90,107,2025-04-15,2025-12-17,0.514018691588785,0.5258741258741259,0.5806451612903226,0.5,0.6923076923076923,36,36,19,16,0.4766355140186916,0.5046728971962616,0.0,0.5420560747663551,0.0,0.0,0.0,0.0,0.5887850467289719,0.5233644859813084,0.5,0.5428571428571429,0.0,0.6728971962616822,0.3271028037383177,1.0,0
TCS,5,0.9,864,96,107,2025-08-21,2026-04-10,0.514018691588785,0.5654761904761905,0.6176470588235294,0.4941176470588235,0.8235294117647058,42,43,13,9,0.5514018691588785,0.6355140186915887,0.0,0.4859813084112149,0.0,0.0,0.0,0.0,0.4953271028037383,0.4205607476635514,0.4941176470588235,0.5909090909090908,0.0,0.794392523364486,0.205607476635514,1.0,0
TCS,6,0.95,912,101,54,2025-12-19,2026-04-10,0.4074074074074074,0.425,0.3846153846153846,0.3571428571428571,0.4166666666666667,10,18,12,14,0.4259259259259259,0.5555555555555556,0.0,0.5370370370370371,0.0,0.0,0.0,0.0,0.5370370370370371,0.5370370370370371,0.3571428571428571,0.4615384615384615,0.0,0.5185185185185185,0.4814814814814814,0.2121208673522122,3
TECHM,1,0.7,746,82,118,2024-04-04,2024-11-21,0.5254237288135594,0.4710648148148148,0.6111111111111112,0.55,0.6875,44,36,18,20,0.4661016949152542,0.4830508474576271,0.0,0.4745762711864407,0.0,0.0,0.0,0.0,0.5338983050847458,0.4915254237288136,0.55,0.4736842105263158,0.0,0.6779661016949152,0.3220338983050847,0.3788436479523653,0
TECHM,2,0.75,799,88,118,2024-08-05,2025-04-02,0.4322033898305085,0.4548850574712644,0.524822695035461,0.4457831325301205,0.6379310344827587,37,46,14,21,0.4830508474576271,0.4661016949152542,0.0,0.5254237288135594,0.0,0.0,0.0,0.0,0.5169491525423728,0.4830508474576271,0.4457831325301205,0.4,0.0,0.7033898305084746,0.2966101694915254,0.1342446231553349,0
TECHM,3,0.8,852,94,118,2024-11-22,2025-07-31,0.4576271186440678,0.4719908072392991,0.5076923076923077,0.4647887323943662,0.559322033898305,33,38,21,26,0.4745762711864407,0.5084745762711864,0.0,0.5169491525423728,0.0,0.0,0.0,0.0,0.5084745762711864,0.5847457627118644,0.4647887323943662,0.4468085106382978,0.0,0.6016949152542372,0.3983050847457627,1.0,0
TECHM,4,0.85,905,100,118,2025-04-03,2025-11-26,0.4915254237288136,0.4926660914581536,0.5714285714285714,0.5063291139240507,0.6557377049180327,40,39,18,21,0.4830508474576271,0.5423728813559322,0.0,0.4067796610169492,0.0,0.0,0.0,0.0,0.5084745762711864,0.5169491525423728,0.5063291139240507,0.4615384615384615,0.0,0.6694915254237288,0.3305084745762712,1.0,0
TECHM,5,0.9,958,106,119,2025-08-01,2026-04-09,0.4789915966386555,0.4923728813559321,0.5694444444444444,0.4823529411764706,0.6949152542372882,41,44,16,18,0.4957983193277311,0.4285714285714285,0.0,0.453781512605042,0.0,0.0,0.0,0.0,0.4873949579831932,0.5042016806722689,0.4823529411764706,0.4705882352941176,0.0,0.7142857142857143,0.2857142857142857,0.1000066028542544,0
TECHM,6,0.95,1011,112,60,2025-11-27,2026-04-09,0.6,0.528888888888889,0.6470588235294118,0.5789473684210527,0.7333333333333333,22,16,14,8,0.45,0.5166666666666667,0.0,0.5166666666666667,0.0,0.0,0.0,0.0,0.3833333333333333,0.5166666666666667,0.5789473684210527,0.6363636363636364,0.0,0.6333333333333333,0.3666666666666666,0.3364812983927179,3
TITAN,1,0.7,815,90,130,2024-01-09,2024-09-24,0.4923076923076923,0.4725588025659301,0.56,0.5185185185185185,0.6086956521739131,42,39,22,27,0.5461538461538461,0.4692307692307692,0.0,0.5153846153846153,0.0,0.0,0.0,0.0,0.4923076923076923,0.5307692307692308,0.5185185185185185,0.4489795918367347,0.0,0.6230769230769231,0.3769230769230769,0.1000066028542544,0
TITAN,2,0.75,873,97,129,2024-05-15,2025-02-05,0.4263565891472868,0.4168273866923819,0.4931506849315068,0.4615384615384615,0.5294117647058824,36,42,19,32,0.4186046511627907,0.4341085271317829,0.0,0.4961240310077519,0.0,0.0,0.0,0.0,0.4418604651162791,0.4728682170542636,0.4615384615384615,0.3725490196078431,0.0,0.6046511627906976,0.3953488372093023,0.1000066028542544,0
TITAN,3,0.8,932,103,129,2024-09-25,2025-06-23,0.4961240310077519,0.4757094757094757,0.5751633986928104,0.4888888888888889,0.6984126984126984,44,46,20,19,0.4496124031007752,0.4418604651162791,0.0,0.4806201550387597,0.0,0.0,0.0,0.0,0.4418604651162791,0.4651162790697674,0.4888888888888889,0.5128205128205128,0.0,0.6976744186046512,0.3023255813953488,1.8737846757497447,0
TITAN,4,0.85,990,109,130,2025-02-06,2025-11-21,0.5230769230769231,0.5048520710059172,0.5633802816901409,0.5194805194805194,0.6153846153846154,40,37,28,25,0.5076923076923077,0.4923076923076923,0.0,0.5307692307692308,0.0,0.0,0.0,0.0,0.4923076923076923,0.5230769230769231,0.5194805194805194,0.5283018867924528,0.0,0.5923076923076923,0.4076923076923077,1.0,0
TITAN,5,0.9,1048,116,130,2025-06-24,2026-04-10,0.4923076923076923,0.4759763313609467,0.56,0.4941176470588235,0.6461538461538462,42,43,22,23,0.4615384615384615,0.5,0.0,0.5153846153846153,0.0,0.0,0.0,0.0,0.5,0.4923076923076923,0.4941176470588235,0.4888888888888889,0.0,0.6538461538461539,0.3461538461538461,0.270431008715389,0
TITAN,6,0.95,1107,122,65,2025-11-24,2026-04-10,0.5846153846153846,0.5435606060606061,0.64,0.5581395348837209,0.75,24,19,14,8,0.5384615384615384,0.4769230769230769,0.0,0.4769230769230769,0.0,0.0,0.0,0.0,0.5538461538461539,0.6307692307692307,0.5581395348837209,0.6363636363636364,0.0,0.6615384615384615,0.3384615384615385,0.1055758572064117,3
TORNTPHARM,1,0.7,711,79,113,2024-04-02,2024-12-10,0.4867256637168141,0.4853316326530612,0.5857142857142857,0.5394736842105263,0.640625,41,35,14,23,0.4336283185840708,0.4867256637168141,0.0,0.5752212389380531,0.0,0.0,0.0,0.0,0.4867256637168141,0.4778761061946903,0.5394736842105263,0.3783783783783784,0.0,0.672566371681416,0.3274336283185841,0.2342352537764864,0
TORNTPHARM,2,0.75,762,84,113,2024-07-31,2025-04-01,0.504424778761062,0.4978056426332288,0.6164383561643836,0.4945054945054945,0.8181818181818182,45,46,12,10,0.5663716814159292,0.5132743362831859,0.0,0.5132743362831859,0.0,0.0,0.0,0.0,0.4867256637168141,0.5221238938053098,0.4945054945054945,0.5454545454545454,0.0,0.8053097345132744,0.1946902654867256,0.1950986593903212,0
TORNTPHARM,3,0.8,813,90,113,2024-12-11,2025-07-28,0.5575221238938053,0.6374213836477987,0.7023809523809523,0.5462962962962963,0.9833333333333332,59,49,4,1,0.5398230088495575,0.5752212389380531,0.0,0.5221238938053098,0.0,0.0,0.0,0.0,0.5486725663716814,0.5221238938053098,0.5462962962962963,0.8,0.0,0.9557522123893806,0.0442477876106194,0.1765390286651118,0
TORNTPHARM,4,0.85,864,95,113,2025-04-02,2025-12-05,0.5132743362831859,0.5213836477987421,0.5801526717557252,0.5352112676056338,0.6333333333333333,38,33,20,22,0.5132743362831859,0.5309734513274337,0.0,0.5575221238938053,0.0,0.0,0.0,0.0,0.4513274336283185,0.4778761061946903,0.5352112676056338,0.4761904761904761,0.0,0.6283185840707964,0.3716814159292035,0.1288032636443214,0
TORNTPHARM,5,0.9,915,101,113,2025-07-29,2026-04-10,0.5309734513274337,0.4915413533834586,0.6344827586206897,0.5227272727272727,0.8070175438596491,46,42,14,11,0.4867256637168141,0.5221238938053098,0.0,0.495575221238938,0.0,0.0,0.0,0.0,0.504424778761062,0.5132743362831859,0.5227272727272727,0.56,0.0,0.7787610619469026,0.2212389380530973,0.1664970161313108,0
TORNTPHARM,6,0.95,965,107,57,2025-12-09,2026-04-10,0.5087719298245614,0.49375,0.6111111111111112,0.55,0.6875,22,18,7,10,0.5087719298245614,0.5087719298245614,0.0,0.5964912280701754,0.0,0.0,0.0,0.0,0.5789473684210527,0.4561403508771929,0.55,0.4117647058823529,0.0,0.7017543859649122,0.2982456140350877,0.3022047971168496,3
TVSMOTOR,1,0.7,758,84,120,2024-04-18,2024-11-28,0.525,0.4779411764705882,0.6627218934911243,0.5544554455445545,0.8235294117647058,56,45,7,12,0.5,0.55,0.0,0.5416666666666666,0.0,0.0,0.0,0.0,0.55,0.4416666666666666,0.5544554455445545,0.368421052631579,0.0,0.8416666666666667,0.1583333333333333,0.196032966012581,0
TVSMOTOR,2,0.75,812,90,120,2024-08-06,2025-03-26,0.55,0.52665544332211,0.6538461538461539,0.5666666666666667,0.7727272727272727,51,39,15,15,0.5416666666666666,0.55,0.0,0.525,0.0,0.0,0.0,0.0,0.575,0.475,0.5666666666666667,0.5,0.0,0.75,0.25,0.2121579480970851,0
TVSMOTOR,3,0.8,866,96,120,2024-12-02,2025-07-21,0.525,0.3836495535714285,0.6850828729281768,0.5299145299145299,0.96875,62,55,1,2,0.45,0.5083333333333333,0.0,0.4666666666666667,0.0,0.0,0.0,0.0,0.5333333333333333,0.5333333333333333,0.5299145299145299,0.3333333333333333,0.0,0.975,0.025,0.2511773960275189,0
TVSMOTOR,4,0.85,920,102,120,2025-03-27,2025-12-12,0.5083333333333333,0.4411188811188811,0.6666666666666666,0.5267857142857143,0.9076923076923076,59,53,2,6,0.5166666666666667,0.5416666666666666,0.0,0.5583333333333333,0.0,0.0,0.0,0.0,0.5416666666666666,0.55,0.5267857142857143,0.25,0.0,0.9333333333333332,0.0666666666666666,0.4063017086039225,0
TVSMOTOR,5,0.9,974,108,121,2025-07-24,2026-04-10,0.4876033057851239,0.4592673592126846,0.6219512195121951,0.5,0.8225806451612904,51,51,8,11,0.4628099173553719,0.512396694214876,0.0,0.4380165289256198,0.0,0.0,0.0,0.0,0.512396694214876,0.5289256198347108,0.5,0.4210526315789473,0.0,0.8429752066115702,0.1570247933884297,0.2442619994788089,0
TVSMOTOR,6,0.95,1028,114,61,2025-12-15,2026-04-10,0.4754098360655737,0.4536637931034483,0.5675675675675675,0.4666666666666667,0.7241379310344828,21,24,8,8,0.4918032786885246,0.4754098360655737,0.0,0.4754098360655737,0.0,0.0,0.0,0.0,0.5409836065573771,0.4918032786885246,0.4666666666666667,0.5,0.0,0.7377049180327869,0.2622950819672131,0.1622818410142578,3
ULTRACEMCO,1,0.7,715,79,114,2024-05-02,2024-12-04,0.4736842105263157,0.5063174114021571,0.5652173913043478,0.4936708860759494,0.6610169491525424,39,40,15,20,0.4736842105263157,0.5,0.0,0.4561403508771929,0.0,0.0,0.0,0.0,0.5350877192982456,0.4912280701754385,0.4936708860759494,0.4285714285714286,0.0,0.6929824561403509,0.3070175438596491,0.1329261544839116,0
ULTRACEMCO,2,0.75,766,85,113,2024-08-14,2025-03-18,0.4513274336283185,0.4883647798742138,0.5507246376811594,0.4470588235294118,0.7169811320754716,38,47,13,15,0.504424778761062,0.4778761061946903,0.0,0.5486725663716814,0.0,0.0,0.0,0.0,0.495575221238938,0.4690265486725664,0.4470588235294118,0.4642857142857143,0.0,0.7522123893805309,0.247787610619469,0.1910534403409471,0
ULTRACEMCO,3,0.8,818,90,113,2024-12-05,2025-08-08,0.6017699115044248,0.5983709273182958,0.5794392523364486,0.6078431372549019,0.5535714285714286,31,20,37,25,0.5398230088495575,0.504424778761062,0.0,0.5132743362831859,0.0,0.0,0.0,0.0,0.504424778761062,0.5398230088495575,0.6078431372549019,0.5967741935483871,0.0,0.4513274336283185,0.5486725663716814,0.1000066028542544,0
ULTRACEMCO,4,0.85,868,96,114,2025-03-21,2025-12-09,0.5526315789473685,0.5137643055985153,0.4848484848484848,0.5217391304347826,0.4528301886792453,24,22,39,29,0.4912280701754385,0.5263157894736842,0.0,0.4912280701754385,0.0,0.0,0.0,0.0,0.4912280701754385,0.5350877192982456,0.5217391304347826,0.5735294117647058,0.0,0.4035087719298245,0.5964912280701754,0.1493208016302,0
ULTRACEMCO,5,0.9,919,102,114,2025-08-13,2026-04-10,0.5350877192982456,0.5511982570806101,0.576,0.4864864864864865,0.7058823529411765,36,38,25,15,0.5175438596491229,0.5263157894736842,0.0,0.4736842105263157,0.0,0.0,0.0,0.0,0.3947368421052631,0.4298245614035088,0.4864864864864865,0.625,0.0,0.6491228070175439,0.3508771929824561,0.3336990438618011,0
ULTRACEMCO,6,0.95,971,107,57,2025-12-10,2026-04-10,0.4912280701754385,0.5357142857142856,0.4912280701754385,0.5,0.4827586206896552,14,14,14,15,0.4736842105263157,0.5614035087719298,0.0,0.5964912280701754,0.0,0.0,0.0,0.0,0.5087719298245614,0.5087719298245614,0.5,0.4827586206896551,0.0,0.4912280701754385,0.5087719298245614,0.2999295629206823,3
VEDL,1,0.7,804,89,127,2024-05-03,2024-12-18,0.5196850393700787,0.5141579731743666,0.6064516129032258,0.5280898876404494,0.7121212121212122,47,42,19,19,0.5511811023622047,0.4881889763779528,0.0,0.5275590551181102,0.0,0.0,0.0,0.0,0.5275590551181102,0.5196850393700787,0.5280898876404494,0.5,0.0,0.7007874015748031,0.2992125984251969,0.2752195821216543,0
VEDL,2,0.75,862,95,127,2024-08-22,2025-04-11,0.4881889763779528,0.4540486835568802,0.5637583892617449,0.5060240963855421,0.6363636363636364,42,41,20,24,0.4724409448818897,0.5039370078740157,0.0,0.4803149606299212,0.0,0.0,0.0,0.0,0.5433070866141733,0.4566929133858268,0.5060240963855421,0.4545454545454546,0.0,0.6535433070866141,0.3464566929133858,0.3256394426094092,0
VEDL,3,0.8,918,102,128,2024-12-19,2025-08-06,0.5234375,0.5211822660098522,0.6064516129032258,0.5529411764705883,0.6714285714285714,47,38,20,23,0.5234375,0.53125,0.0,0.4609375,0.0,0.0,0.0,0.0,0.5703125,0.4609375,0.5529411764705883,0.4651162790697675,0.0,0.6640625,0.3359375,0.1642047131709887,0
VEDL,4,0.85,976,108,128,2025-04-15,2025-12-08,0.5078125,0.4942274625399165,0.5531914893617021,0.5416666666666666,0.5652173913043478,39,33,26,30,0.578125,0.421875,0.0,0.4921875,0.0,0.0,0.0,0.0,0.5390625,0.4609375,0.5416666666666666,0.4642857142857143,0.0,0.5625,0.4375,0.1000066028542544,0
VEDL,5,0.9,1034,114,128,2025-08-07,2026-04-10,0.6328125,0.4841145833333333,0.745945945945946,0.6571428571428571,0.8625,69,36,12,11,0.546875,0.453125,0.0,0.59375,0.0,0.0,0.0,0.0,0.625,0.625,0.6571428571428571,0.5217391304347826,0.0,0.8203125,0.1796875,0.583205152055958,0
VEDL,6,0.95,1091,121,64,2025-12-09,2026-04-10,0.5,0.4680851063829787,0.627906976744186,0.6923076923076923,0.574468085106383,27,12,5,20,0.53125,0.546875,0.0,0.671875,0.0,0.0,0.0,0.0,0.734375,0.5,0.6923076923076923,0.1999999999999999,0.0,0.609375,0.390625,0.5433596818689925,3
VOLTAS,1,0.7,882,97,141,2024-02-13,2024-10-25,0.574468085106383,0.5717238528317485,0.6703296703296703,0.61,0.7439024390243902,61,39,20,21,0.5390070921985816,0.3900709219858156,0.0,0.4042553191489361,0.0,0.0,0.0,0.0,0.6170212765957447,0.5886524822695035,0.61,0.4878048780487805,0.0,0.7092198581560284,0.2907801418439716,0.3174515146865289,0
VOLTAS,2,0.75,945,105,140,2024-06-25,2025-02-21,0.5357142857142857,0.550520514390692,0.4961240310077519,0.5333333333333333,0.463768115942029,32,28,43,37,0.4571428571428571,0.4428571428571428,0.0,0.4857142857142857,0.0,0.0,0.0,0.0,0.4928571428571429,0.5571428571428572,0.5333333333333333,0.5375,0.0,0.4285714285714285,0.5714285714285714,0.1031213676886035,0
VOLTAS,3,0.8,1008,112,140,2024-10-28,2025-07-11,0.4928571428571429,0.4957107843137255,0.5798816568047337,0.4851485148514851,0.7205882352941176,49,52,20,19,0.5285714285714286,0.4857142857142857,0.0,0.4785714285714286,0.0,0.0,0.0,0.0,0.4642857142857143,0.5071428571428571,0.4851485148514851,0.5128205128205128,0.0,0.7214285714285714,0.2785714285714286,0.1000066028542544,0
VOLTAS,4,0.85,1071,119,140,2025-02-27,2025-11-26,0.5785714285714286,0.5600907029478458,0.6549707602339181,0.5957446808510638,0.7272727272727273,56,38,25,21,0.5642857142857143,0.5428571428571428,0.0,0.5571428571428572,0.0,0.0,0.0,0.0,0.4428571428571428,0.5428571428571428,0.5957446808510638,0.5434782608695652,0.0,0.6714285714285714,0.3285714285714285,1.0,0
VOLTAS,5,0.9,1134,126,140,2025-07-14,2026-04-10,0.5,0.5059377559377559,0.5512820512820513,0.524390243902439,0.581081081081081,43,39,27,31,0.5,0.55,0.0,0.4642857142857143,0.0,0.0,0.0,0.0,0.5285714285714286,0.4857142857142857,0.524390243902439,0.4655172413793104,0.0,0.5857142857142857,0.4142857142857143,0.1763422393616394,0
VOLTAS,6,0.95,1197,133,70,2025-11-27,2026-04-10,0.5571428571428572,0.5204248366013071,0.6172839506172839,0.5555555555555556,0.6944444444444444,25,20,14,11,0.5,0.5,0.0,0.5142857142857142,0.0,0.0,0.0,0.0,0.5571428571428572,0.4714285714285714,0.5555555555555556,0.56,0.0,0.6428571428571429,0.3571428571428571,1.0,3
WIPRO,1,0.7,715,79,114,2024-05-06,2024-12-23,0.5701754385964912,0.5962323390894819,0.5663716814159292,0.6666666666666666,0.4923076923076923,32,16,33,33,0.5526315789473685,0.5087719298245614,0.0,0.4912280701754385,0.0,0.0,0.0,0.0,0.4824561403508772,0.5,0.6666666666666666,0.5,0.0,0.4210526315789473,0.5789473684210527,0.1000066028542544,0
WIPRO,2,0.75,766,85,113,2024-09-02,2025-04-17,0.5486725663716814,0.5473057644110275,0.6106870229007634,0.5333333333333333,0.7142857142857143,40,35,22,16,0.4867256637168141,0.504424778761062,0.0,0.5575221238938053,0.0,0.0,0.0,0.0,0.495575221238938,0.5132743362831859,0.5333333333333333,0.5789473684210527,0.0,0.6637168141592921,0.336283185840708,0.1858503513347292,0
WIPRO,3,0.8,818,90,113,2024-12-27,2025-08-13,0.5486725663716814,0.5207547169811321,0.5486725663716814,0.5166666666666667,0.5849056603773585,31,29,31,22,0.5221238938053098,0.5221238938053098,0.0,0.5398230088495575,0.0,0.0,0.0,0.0,0.4690265486725664,0.4513274336283185,0.5166666666666667,0.5849056603773585,0.0,0.5309734513274337,0.4690265486725664,0.1163390801031169,0
WIPRO,4,0.85,868,96,114,2025-04-22,2025-12-12,0.5701754385964912,0.6083333333333333,0.6016260162601627,0.5873015873015873,0.6166666666666667,37,26,28,23,0.5789473684210527,0.5,0.0,0.4824561403508772,0.0,0.0,0.0,0.0,0.4912280701754385,0.5614035087719298,0.5873015873015873,0.5490196078431373,0.0,0.5526315789473685,0.4473684210526316,0.2446862132394366,0
WIPRO,5,0.9,919,102,114,2025-08-14,2026-04-10,0.5087719298245614,0.5426810477657935,0.4909090909090909,0.5294117647058824,0.4576271186440678,27,24,31,32,0.4824561403508772,0.5175438596491229,0.0,0.4912280701754385,0.0,0.0,0.0,0.0,0.4824561403508772,0.4561403508771929,0.5294117647058824,0.4920634920634921,0.0,0.4473684210526316,0.5526315789473685,0.1501500467909237,0
WIPRO,6,0.95,971,107,57,2025-12-15,2026-04-10,0.5789473684210527,0.5825123152709359,0.5555555555555556,0.5769230769230769,0.5357142857142857,15,11,18,13,0.4912280701754385,0.6666666666666666,0.0,0.4912280701754385,0.0,0.0,0.0,0.0,0.4912280701754385,0.5087719298245614,0.5769230769230769,0.5806451612903225,0.0,0.4561403508771929,0.543859649122807,0.2441412263453485,3
