{
  "window_id": 3,
  "train_ratio": 0.9,
  "acc_all": 0.5490196078431373,
  "acc_conf": 0.5769230769230769,
  "conf_rate": 0.8496732026143791,
  "n_conf": 130,
  "auc": 0.5446581930608039
}