{
  "window_id": 1,
  "train_ratio": 0.7,
  "acc_all": 0.48859934853420195,
  "acc_conf": 0.4469026548672566,
  "conf_rate": 0.7361563517915309,
  "n_conf": 226,
  "auc": 0.45428595773687797
}