{
  "window_id": 2,
  "train_ratio": 0.8,
  "acc_all": 0.4983164983164983,
  "acc_conf": 0.49130434782608695,
  "conf_rate": 0.7744107744107744,
  "n_conf": 230,
  "auc": 0.5000455331936982
}