{
  "window_id": 3,
  "train_ratio": 0.9,
  "acc_all": 0.5414012738853503,
  "acc_conf": 0.5299145299145299,
  "conf_rate": 0.7452229299363057,
  "n_conf": 117,
  "auc": 0.5135492399206874
}