{
  "window_id": 1,
  "train_ratio": 0.7,
  "acc_all": 0.44297082228116713,
  "acc_conf": 0.428169014084507,
  "conf_rate": 0.9416445623342176,
  "n_conf": 355,
  "auc": 0.484876965140123
}