{
  "window_id": 1,
  "train_ratio": 0.7,
  "acc_all": 0.4713375796178344,
  "acc_conf": 0.5068493150684932,
  "conf_rate": 0.697452229299363,
  "n_conf": 219,
  "auc": 0.49808382257012396
}