symbol,window_id,train_ratio,train_size,val_size,test_size,test_start,test_end,oos_accuracy,auc,f1,precision,recall,tp,fp,tn,fn,lgbm_acc,xgb_acc,lstm_acc,bilstm_acc,gru_acc,cnn_lstm_acc,cnn_gru_acc,tcn_gru_acc,tcn_transformer_acc,nbeats_acc,dir_acc_up,dir_acc_down,pct_neutral,pct_up,pct_down,temperature,dl_models_trained
ABB,1,0.7,873,96,139,2024-01-12,2024-09-19,0.4676258992805755,0.4780757769263516,0.5595238095238095,0.5402298850574713,0.5802469135802469,47,40,18,34,0.5611510791366906,0.5755395683453237,0.5971223021582733,0.5467625899280576,0.5971223021582733,0.5611510791366906,0.5971223021582733,0.60431654676259,0.5827338129496403,0.539568345323741,0.5402298850574713,0.3461538461538461,0.0,0.6258992805755396,0.3741007194244604,0.7047133060272276,0
ABB,2,0.75,935,103,139,2024-05-13,2025-01-10,0.4748201438848921,0.4925373134328358,0.562874251497006,0.4947368421052631,0.6527777777777778,47,48,19,25,0.5323741007194245,0.5107913669064749,0.5323741007194245,0.5179856115107914,0.5755395683453237,0.4964028776978417,0.4820143884892086,0.4964028776978417,0.5107913669064749,0.4460431654676259,0.4947368421052631,0.4318181818181817,0.0,0.6834532374100719,0.316546762589928,0.5054176520400534,0
ABB,3,0.8,998,110,138,2024-09-20,2025-05-19,0.5217391304347826,0.5207983193277311,0.611764705882353,0.5098039215686274,0.7647058823529411,52,50,20,16,0.4927536231884058,0.463768115942029,0.5072463768115942,0.4927536231884058,0.4710144927536231,0.5217391304347826,0.5217391304347826,0.4927536231884058,0.4782608695652174,0.4855072463768116,0.5098039215686274,0.5555555555555556,0.0,0.7391304347826086,0.2608695652173913,0.4059988924358048,0
ABB,4,0.85,1060,117,138,2025-01-13,2025-10-10,0.4565217391304347,0.4531512605042017,0.6073298429319371,0.4715447154471545,0.8529411764705882,58,65,5,10,0.4927536231884058,0.4927536231884058,0.5289855072463768,0.4782608695652174,0.4855072463768116,0.4855072463768116,0.4492753623188406,0.5217391304347826,0.463768115942029,0.5144927536231884,0.4715447154471545,0.3333333333333333,0.0,0.8913043478260869,0.108695652173913,7.999995926084863,0
ABB,5,0.9,1122,124,139,2025-05-20,2026-03-05,0.4892086330935252,0.4707953603976802,0.6502463054187192,0.4888888888888889,0.9705882352941176,66,69,2,2,0.4892086330935252,0.4892086330935252,0.4892086330935252,0.4892086330935252,0.4892086330935252,0.4964028776978417,0.4964028776978417,0.4820143884892086,0.460431654676259,0.4964028776978417,0.4888888888888889,0.5,0.0,0.9712230215827338,0.0287769784172661,7.999996015943952,0
ABB,6,0.95,1184,131,70,2025-10-13,2026-03-05,0.5,0.5093877551020408,0.6601941747572816,0.5,0.9714285714285714,34,34,1,1,0.5,0.5,0.5,0.5,0.4714285714285714,0.4428571428571428,0.5142857142857142,0.5714285714285714,0.4285714285714285,0.5,0.5,0.5,0.0,0.9714285714285714,0.0285714285714285,7.999995711772023,8
ADANIENT,1,0.7,882,98,140,2023-11-13,2024-09-05,0.5428571428571428,0.565359477124183,0.6862745098039216,0.5303030303030303,0.9722222222222222,70,62,6,2,0.5142857142857142,0.5285714285714286,0.5142857142857142,0.4928571428571429,0.5571428571428572,0.4928571428571429,0.5142857142857142,0.5071428571428571,0.4714285714285714,0.5071428571428571,0.5303030303030303,0.75,0.0,0.9428571428571428,0.0571428571428571,0.1000035356387145,0
ADANIENT,2,0.75,945,105,140,2024-04-08,2025-01-13,0.4571428571428571,0.5041118421052632,0.6274509803921569,0.4571428571428571,1.0,64,76,0,0,0.4571428571428571,0.4571428571428571,0.4857142857142857,0.4357142857142857,0.5571428571428572,0.4642857142857143,0.5642857142857143,0.4642857142857143,0.4642857142857143,0.5071428571428571,0.4571428571428571,0.0,0.0,1.0,0.0,0.2955573807802305,0
ADANIENT,3,0.8,1008,112,140,2024-09-09,2025-06-02,0.5428571428571428,0.5746070626658502,0.6666666666666666,0.5203252032520326,0.927536231884058,64,59,12,5,0.5,0.5071428571428571,0.5285714285714286,0.5142857142857142,0.5571428571428572,0.4928571428571429,0.5214285714285715,0.4785714285714286,0.5071428571428571,0.4928571428571429,0.5203252032520326,0.7058823529411764,0.0,0.8785714285714286,0.1214285714285714,1.2181074792751934,0
ADANIENT,4,0.85,1071,119,140,2025-01-15,2025-10-15,0.4857142857142857,0.4984690753214942,0.6435643564356436,0.4887218045112781,0.9420289855072465,65,68,3,4,0.5071428571428571,0.4785714285714286,0.4857142857142857,0.4714285714285714,0.4857142857142857,0.4428571428571428,0.5285714285714286,0.5285714285714286,0.4571428571428571,0.4928571428571429,0.4887218045112781,0.4285714285714286,0.0,0.95,0.05,0.3922619264569746,0
ADANIENT,5,0.9,1134,126,141,2025-06-03,2026-03-06,0.4539007092198581,0.5698051948051949,0.6130653266331658,0.4518518518518518,0.953125,61,74,3,3,0.4539007092198581,0.5106382978723404,0.4893617021276595,0.4539007092198581,0.5106382978723404,0.4609929078014184,0.4822695035460992,0.4184397163120567,0.4680851063829787,0.5319148936170213,0.4518518518518518,0.5,0.0,0.9574468085106383,0.0425531914893617,0.7431762427179769,0
ADANIENT,6,0.95,1197,133,71,2025-10-23,2026-03-06,0.5492957746478874,0.6810897435897436,0.627906976744186,0.5,0.84375,27,27,12,5,0.6056338028169014,0.6056338028169014,0.4788732394366197,0.5211267605633803,0.5774647887323944,0.5352112676056338,0.5492957746478874,0.5211267605633803,0.5492957746478874,0.4929577464788732,0.5,0.7058823529411764,0.0,0.7605633802816901,0.2394366197183098,0.6824569137809805,8
ADANIPORTS,1,0.7,850,94,136,2024-01-02,2024-10-03,0.5588235294117647,0.5975212002609263,0.4339622641509434,0.696969696969697,0.3150684931506849,23,10,53,50,0.5294117647058824,0.5073529411764706,0.5588235294117647,0.5073529411764706,0.4852941176470588,0.5367647058823529,0.5294117647058824,0.4852941176470588,0.5220588235294118,0.5220588235294118,0.696969696969697,0.5145631067961165,0.0,0.2426470588235294,0.7573529411764706,0.3306165928996296,0
ADANIPORTS,2,0.75,911,101,135,2024-05-14,2025-01-14,0.4814814814814814,0.4720510563380282,0.4927536231884058,0.4594594594594595,0.53125,34,40,31,30,0.4740740740740741,0.4740740740740741,0.4592592592592592,0.4444444444444444,0.5407407407407407,0.562962962962963,0.5333333333333333,0.5037037037037037,0.4296296296296296,0.4444444444444444,0.4594594594594595,0.5081967213114754,0.0,0.5481481481481482,0.4518518518518518,0.2074182315539255,0
ADANIPORTS,3,0.8,972,108,135,2024-10-04,2025-06-02,0.4518518518518518,0.4883618796662274,0.5842696629213483,0.4642857142857143,0.7878787878787878,52,60,9,14,0.5407407407407407,0.4962962962962963,0.4814814814814814,0.4962962962962963,0.4666666666666667,0.4888888888888889,0.5037037037037037,0.4740740740740741,0.4592592592592592,0.437037037037037,0.4642857142857143,0.3913043478260869,0.0,0.8296296296296296,0.1703703703703703,0.821308642290984,0
ADANIPORTS,4,0.85,1033,114,135,2025-01-15,2025-10-21,0.5333333333333333,0.5232967032967033,0.5531914893617021,0.5492957746478874,0.5571428571428572,39,32,33,31,0.5185185185185185,0.5185185185185185,0.5185185185185185,0.5185185185185185,0.4888888888888889,0.5037037037037037,0.5407407407407407,0.4444444444444444,0.4814814814814814,0.4518518518518518,0.5492957746478874,0.515625,0.0,0.5259259259259259,0.4740740740740741,7.999996302917822,0
ADANIPORTS,5,0.9,1094,121,135,2025-06-04,2026-03-06,0.5407407407407407,0.547912087912088,0.4259259259259259,0.5348837209302325,0.3538461538461538,23,20,50,42,0.4814814814814814,0.5555555555555556,0.4962962962962963,0.4592592592592592,0.5185185185185185,0.5259259259259259,0.5037037037037037,0.5259259259259259,0.4740740740740741,0.5259259259259259,0.5348837209302325,0.5434782608695652,0.0,0.3185185185185185,0.6814814814814815,7.999993734214208,0
ADANIPORTS,6,0.95,1154,128,68,2025-10-23,2026-03-06,0.5441176470588235,0.4904513888888889,0.4363636363636363,0.5217391304347826,0.375,12,11,25,20,0.5441176470588235,0.5735294117647058,0.5,0.5147058823529411,0.4264705882352941,0.4705882352941176,0.5294117647058824,0.3823529411764705,0.5147058823529411,0.4558823529411764,0.5217391304347826,0.5555555555555556,0.0,0.3382352941176471,0.6617647058823529,0.6651924349089735,8
ALKEM,1,0.7,819,90,131,2023-12-08,2024-08-23,0.5190839694656488,0.5293706293706294,0.64,0.509090909090909,0.8615384615384616,56,54,12,9,0.4961832061068702,0.4961832061068702,0.4885496183206106,0.4885496183206106,0.465648854961832,0.4427480916030534,0.4961832061068702,0.5190839694656488,0.5190839694656488,0.4885496183206106,0.509090909090909,0.5714285714285714,0.0,0.8396946564885496,0.1603053435114503,0.2127672286713704,0
ALKEM,2,0.75,878,97,130,2024-04-22,2024-12-27,0.5615384615384615,0.5442708333333334,0.583941605839416,0.5633802816901409,0.6060606060606061,40,31,33,26,0.4384615384615384,0.4923076923076923,0.5692307692307692,0.5076923076923077,0.5,0.5461538461538461,0.5076923076923077,0.5461538461538461,0.5384615384615384,0.5076923076923077,0.5633802816901409,0.5593220338983051,0.0,0.5461538461538461,0.4538461538461538,0.4862425359039596,0
ALKEM,3,0.8,936,104,130,2024-08-26,2025-05-09,0.5692307692307692,0.591802890310353,0.6410256410256411,0.5376344086021505,0.7936507936507936,50,43,24,13,0.5538461538461539,0.5230769230769231,0.4846153846153846,0.4846153846153846,0.4538461538461538,0.4384615384615384,0.5,0.5384615384615384,0.5461538461538461,0.5076923076923077,0.5376344086021505,0.6486486486486487,0.0,0.7153846153846154,0.2846153846153846,0.4270664164956433,0
ALKEM,4,0.85,995,110,130,2024-12-30,2025-10-03,0.5076923076923077,0.5116003787878788,0.632183908045977,0.5092592592592593,0.8333333333333334,55,53,11,11,0.4846153846153846,0.4769230769230769,0.4769230769230769,0.5153846153846153,0.5230769230769231,0.5076923076923077,0.5076923076923077,0.4538461538461538,0.5076923076923077,0.4615384615384615,0.5092592592592593,0.5,0.0,0.8307692307692308,0.1692307692307692,0.1000035356387145,0
ALKEM,5,0.9,1053,117,130,2025-05-12,2026-03-05,0.5153846153846153,0.4825870646766169,0.6701570680628273,0.5161290322580645,0.9552238805970148,64,60,3,3,0.5461538461538461,0.5230769230769231,0.5,0.5076923076923077,0.4923076923076923,0.4692307692307692,0.5230769230769231,0.5076923076923077,0.4461538461538462,0.4692307692307692,0.5161290322580645,0.5,0.0,0.953846153846154,0.0461538461538461,0.3819225027750387,0
ALKEM,6,0.95,1112,123,65,2025-10-09,2026-03-05,0.5692307692307692,0.5170454545454546,0.6956521739130435,0.5333333333333333,1.0,32,28,5,0,0.5692307692307692,0.4769230769230769,0.4923076923076923,0.4923076923076923,0.4153846153846154,0.5076923076923077,0.5076923076923077,0.6,0.4615384615384615,0.4923076923076923,0.5333333333333333,1.0,0.0,0.9230769230769232,0.0769230769230769,0.4068473213368028,8
AMBUJACEM,1,0.7,873,97,138,2023-12-13,2024-08-21,0.5579710144927537,0.5369510135135136,0.6629834254143646,0.5607476635514018,0.8108108108108109,60,47,17,14,0.5507246376811594,0.5362318840579711,0.5144927536231884,0.5289855072463768,0.5289855072463768,0.5362318840579711,0.5507246376811594,0.5,0.4782608695652174,0.4782608695652174,0.5607476635514018,0.5483870967741935,0.0,0.7753623188405797,0.2246376811594203,0.8550950506235845,0
AMBUJACEM,2,0.75,936,103,139,2024-04-23,2025-01-08,0.4964028776978417,0.6535907015359069,0.65,0.4850746268656716,0.9848484848484848,65,69,4,1,0.4748201438848921,0.4748201438848921,0.4748201438848921,0.4820143884892086,0.4964028776978417,0.4748201438848921,0.4820143884892086,0.5467625899280576,0.4748201438848921,0.4748201438848921,0.4850746268656716,0.8,0.0,0.9640287769784172,0.0359712230215827,0.443403169105928,0
AMBUJACEM,3,0.8,998,110,139,2024-08-23,2025-05-19,0.4892086330935252,0.5492957746478873,0.6570048309178744,0.4892086330935252,1.0,68,71,0,0,0.4892086330935252,0.4892086330935252,0.5107913669064749,0.4532374100719424,0.5107913669064749,0.4676258992805755,0.4820143884892086,0.4892086330935252,0.4244604316546763,0.4892086330935252,0.4892086330935252,0.0,0.0,1.0,0.0,0.7606201280724015,0
AMBUJACEM,4,0.85,1061,117,138,2025-01-09,2025-10-13,0.4855072463768116,0.4784709094727999,0.6536585365853659,0.4926470588235294,0.9710144927536232,67,69,0,2,0.4347826086956521,0.5217391304347826,0.4927536231884058,0.5144927536231884,0.5217391304347826,0.4202898550724637,0.4782608695652174,0.5217391304347826,0.5144927536231884,0.5,0.4926470588235294,0.0,0.0,0.9855072463768116,0.0144927536231884,7.999994551862295,0
AMBUJACEM,5,0.9,1123,124,139,2025-05-20,2026-03-06,0.4676258992805755,0.4881496881496882,0.6372549019607843,0.4676258992805755,1.0,65,74,0,0,0.4532374100719424,0.4388489208633093,0.4820143884892086,0.5035971223021583,0.5035971223021583,0.4676258992805755,0.4532374100719424,0.4100719424460431,0.4748201438848921,0.4676258992805755,0.4676258992805755,0.0,0.0,1.0,0.0,1.402234879555647,0
AMBUJACEM,6,0.95,1185,131,70,2025-10-14,2026-03-06,0.4428571428571428,0.4679276315789474,0.6060606060606061,0.4477611940298507,0.9375,30,37,1,2,0.4571428571428571,0.4571428571428571,0.4571428571428571,0.4285714285714285,0.4714285714285714,0.4,0.5428571428571428,0.4857142857142857,0.5,0.5428571428571428,0.4477611940298507,0.3333333333333333,0.0,0.9571428571428572,0.0428571428571428,0.6664418738148173,8
ASIANPAINT,1,0.7,789,87,125,2023-12-04,2024-10-01,0.544,0.5470921255790014,0.6951871657754011,0.5416666666666666,0.9701492537313432,65,55,3,2,0.504,0.48,0.6,0.52,0.584,0.528,0.552,0.584,0.536,0.544,0.5416666666666666,0.6,0.0,0.96,0.04,0.1957927427127493,0
ASIANPAINT,2,0.75,846,93,125,2024-05-09,2025-01-31,0.48,0.61,0.6486486486486487,0.48,1.0,60,65,0,0,0.48,0.48,0.48,0.568,0.544,0.488,0.536,0.552,0.52,0.52,0.48,0.0,0.0,1.0,0.0,5.4738077673262735,0
ASIANPAINT,3,0.8,901,100,125,2024-10-03,2025-06-17,0.408,0.507154213036566,0.5795454545454546,0.408,1.0,51,74,0,0,0.408,0.408,0.408,0.424,0.448,0.408,0.4,0.464,0.44,0.408,0.408,0.0,0.0,1.0,0.0,1.7420846143538975,0
ASIANPAINT,4,0.85,958,106,125,2025-02-01,2025-10-24,0.48,0.4254992319508449,0.6408839779005525,0.4873949579831932,0.935483870967742,58,61,2,4,0.496,0.496,0.496,0.528,0.472,0.512,0.456,0.536,0.552,0.488,0.4873949579831932,0.3333333333333333,0.0,0.952,0.048,1.0479626123024517,0
ASIANPAINT,5,0.9,1014,112,126,2025-06-18,2026-03-06,0.5634920634920635,0.5329129886506936,0.6892655367231638,0.5446428571428571,0.9384615384615383,61,51,10,4,0.5158730158730159,0.4444444444444444,0.5238095238095238,0.4523809523809524,0.5,0.5317460317460317,0.5238095238095238,0.5476190476190477,0.4285714285714285,0.5396825396825397,0.5446428571428571,0.7142857142857143,0.0,0.8888888888888888,0.1111111111111111,1.1726104376442956,0
ASIANPAINT,6,0.95,1071,118,63,2025-10-28,2026-03-06,0.5079365079365079,0.5393145161290323,0.5507246376811594,0.5,0.6129032258064516,19,19,13,12,0.4761904761904761,0.4285714285714285,0.5396825396825397,0.4761904761904761,0.4444444444444444,0.5396825396825397,0.5396825396825397,0.5079365079365079,0.5238095238095238,0.4761904761904761,0.5,0.52,0.0,0.6031746031746031,0.3968253968253968,1.0669276587971743,8
AUBANK,1,0.7,891,98,141,2023-12-19,2024-10-07,0.4822695035460992,0.4128772635814889,0.6331658291457286,0.4921875,0.8873239436619719,63,65,5,8,0.5106382978723404,0.5319148936170213,0.5177304964539007,0.4609929078014184,0.425531914893617,0.475177304964539,0.4397163120567376,0.4680851063829787,0.5035460992907801,0.4468085106382978,0.4921875,0.3846153846153846,0.0,0.9078014184397164,0.0921985815602836,0.3923366516879292,0
AUBANK,2,0.75,954,105,142,2024-05-13,2025-02-07,0.5,0.5317965023847376,0.6358974358974359,0.4881889763779528,0.9117647058823528,62,65,9,6,0.5,0.5140845070422535,0.528169014084507,0.4577464788732394,0.5211267605633803,0.5140845070422535,0.4718309859154929,0.5563380281690141,0.4366197183098591,0.4718309859154929,0.4881889763779528,0.6,0.0,0.8943661971830986,0.1056338028169014,0.5741329044776963,0
AUBANK,3,0.8,1017,113,141,2024-10-08,2025-06-18,0.5319148936170213,0.5387252924566357,0.6526315789473685,0.5040650406504065,0.9253731343283582,62,61,13,5,0.5390070921985816,0.4609929078014184,0.4964539007092198,0.4609929078014184,0.4113475177304964,0.475177304964539,0.5177304964539007,0.4468085106382978,0.5177304964539007,0.4609929078014184,0.5040650406504065,0.7222222222222222,0.0,0.8723404255319149,0.1276595744680851,1.337585640554941,0
AUBANK,4,0.85,1081,120,141,2025-02-10,2025-10-23,0.4893617021276595,0.4774647887323944,0.5955056179775281,0.4953271028037383,0.7464788732394366,53,54,16,18,0.5035460992907801,0.5035460992907801,0.5390070921985816,0.425531914893617,0.4893617021276595,0.4964539007092198,0.4893617021276595,0.5319148936170213,0.5106382978723404,0.4964539007092198,0.4953271028037383,0.4705882352941176,0.0,0.7588652482269503,0.2411347517730496,0.5241854533038118,0
AUBANK,5,0.9,1144,127,142,2025-06-19,2026-03-05,0.4859154929577465,0.5441176470588236,0.2474226804123711,0.5217391304347826,0.1621621621621621,12,11,57,62,0.4788732394366197,0.4718309859154929,0.5070422535211268,0.528169014084507,0.4929577464788732,0.4507042253521127,0.5,0.5070422535211268,0.5,0.5211267605633803,0.5217391304347826,0.4789915966386554,0.0,0.1619718309859155,0.8380281690140845,0.4937950496212503,0
AUBANK,6,0.95,1208,134,71,2025-10-24,2026-03-05,0.5070422535211268,0.521531100478469,0.3636363636363636,0.5882352941176471,0.2631578947368421,10,7,26,28,0.4647887323943662,0.5633802816901409,0.5492957746478874,0.5070422535211268,0.4647887323943662,0.5070422535211268,0.5211267605633803,0.5774647887323944,0.4788732394366197,0.5211267605633803,0.5882352941176471,0.4814814814814815,0.0,0.2394366197183098,0.7605633802816901,0.7268058045809362,8
AUROPHARMA,1,0.7,886,98,140,2023-12-12,2024-09-17,0.5071428571428571,0.5125544718821332,0.4201680672268907,0.625,0.3164556962025316,25,15,46,54,0.4357142857142857,0.4714285714285714,0.5,0.4785714285714286,0.0,0.0,0.4428571428571428,0.4928571428571429,0.5428571428571428,0.4428571428571428,0.625,0.4599999999999999,0.0,0.2857142857142857,0.7142857142857143,0.3830999851118144,0
AUROPHARMA,2,0.75,949,105,141,2024-05-03,2025-01-22,0.5177304964539007,0.556809024979855,0.1282051282051282,0.5,0.0735294117647058,5,5,68,63,0.524822695035461,0.5815602836879432,0.5319148936170213,0.5177304964539007,0.5460992907801419,0.5602836879432624,0.5106382978723404,0.5106382978723404,0.5035460992907801,0.5531914893617021,0.5,0.5190839694656488,0.0,0.0709219858156028,0.9290780141843972,7.999993588219981,0
AUROPHARMA,3,0.8,1012,112,141,2024-09-18,2025-06-02,0.5531914893617021,0.5492037566353614,0.5190839694656488,0.4927536231884058,0.5483870967741935,34,35,44,28,0.5602836879432624,0.4893617021276595,0.5177304964539007,0.524822695035461,0.5886524822695035,0.475177304964539,0.524822695035461,0.4822695035460992,0.5460992907801419,0.5106382978723404,0.4927536231884058,0.6111111111111112,0.0,0.4893617021276595,0.5106382978723404,7.999996463272652,0
AUROPHARMA,4,0.85,1076,119,140,2025-01-23,2025-10-29,0.5,0.5365604575163399,0.1025641025641025,0.4,0.0588235294117647,4,6,66,64,0.5142857142857142,0.4928571428571429,0.5,0.5571428571428572,0.4571428571428571,0.5357142857142857,0.4428571428571428,0.5285714285714286,0.4928571428571429,0.5142857142857142,0.4,0.5076923076923077,0.0,0.0714285714285714,0.9285714285714286,0.2524226469554134,0
AUROPHARMA,5,0.9,1139,126,141,2025-06-03,2026-03-05,0.4609929078014184,0.4526972624798712,0.3448275862068966,0.425531914893617,0.2898550724637681,20,27,45,49,0.4893617021276595,0.4893617021276595,0.4680851063829787,0.4893617021276595,0.4609929078014184,0.425531914893617,0.524822695035461,0.5035460992907801,0.4539007092198581,0.4680851063829787,0.425531914893617,0.4787234042553191,0.0,0.3333333333333333,0.6666666666666666,0.6960857393393389,0
AUROPHARMA,6,0.95,1202,133,71,2025-10-30,2026-03-05,0.4507042253521127,0.4380952380952381,0.048780487804878,0.1666666666666666,0.0285714285714285,1,5,31,34,0.5070422535211268,0.5070422535211268,0.4929577464788732,0.4929577464788732,0.4366197183098591,0.4929577464788732,0.5211267605633803,0.5211267605633803,0.5070422535211268,0.4647887323943662,0.1666666666666666,0.4769230769230769,0.0,0.0845070422535211,0.9154929577464788,0.4469118638796547,8
AXISBANK,1,0.7,859,95,137,2023-10-31,2024-07-23,0.4744525547445255,0.4799402475458813,0.4857142857142857,0.4927536231884058,0.4788732394366197,34,35,31,37,0.4890510948905109,0.5182481751824818,0.5109489051094891,0.5328467153284672,0.4963503649635036,0.5328467153284672,0.4963503649635036,0.4744525547445255,0.5109489051094891,0.4890510948905109,0.4927536231884058,0.4558823529411765,0.0,0.5036496350364964,0.4963503649635036,0.1641773635301625,0
AXISBANK,2,0.75,921,102,136,2024-03-05,2024-12-06,0.5073529411764706,0.4782608695652173,0.6699507389162561,0.5074626865671642,0.9855072463768116,68,66,1,1,0.4705882352941176,0.5,0.5441176470588235,0.4852941176470588,0.5367647058823529,0.4558823529411764,0.5073529411764706,0.5441176470588235,0.5441176470588235,0.5073529411764706,0.5074626865671642,0.5,0.0,0.9852941176470588,0.0147058823529411,0.8095747031893124,0
AXISBANK,3,0.8,982,109,136,2024-07-24,2025-05-19,0.4926470588235294,0.4871961805555555,0.6270270270270271,0.4793388429752066,0.90625,58,63,9,6,0.4705882352941176,0.4705882352941176,0.5294117647058824,0.4926470588235294,0.4779411764705882,0.4705882352941176,0.5147058823529411,0.5588235294117647,0.4926470588235294,0.4558823529411764,0.4793388429752066,0.6,0.0,0.8897058823529411,0.1102941176470588,0.7583152042942233,0
AXISBANK,4,0.85,1044,115,136,2024-12-09,2025-10-13,0.4779411764705882,0.4882812499999999,0.5847953216374269,0.4672897196261682,0.78125,50,57,15,14,0.4117647058823529,0.4705882352941176,0.5073529411764706,0.4558823529411764,0.4705882352941176,0.4411764705882353,0.4852941176470588,0.5,0.4852941176470588,0.5735294117647058,0.4672897196261682,0.5172413793103448,0.0,0.7867647058823529,0.213235294117647,0.3529574020107122,0
AXISBANK,5,0.9,1105,122,137,2025-05-21,2026-03-05,0.5109489051094891,0.5191897654584222,0.5179856115107914,0.5217391304347826,0.5142857142857142,36,33,34,34,0.5036496350364964,0.5109489051094891,0.4525547445255474,0.4306569343065693,0.5182481751824818,0.4890510948905109,0.4817518248175182,0.5255474452554745,0.437956204379562,0.4817518248175182,0.5217391304347826,0.5,0.0,0.5036496350364964,0.4963503649635036,7.999993742230769,0
AXISBANK,6,0.95,1166,129,69,2025-10-14,2026-03-05,0.5362318840579711,0.5883838383838383,0.4482758620689655,0.5909090909090909,0.3611111111111111,13,9,24,23,0.5942028985507246,0.5072463768115942,0.4927536231884058,0.4782608695652174,0.6086956521739131,0.5217391304347826,0.5507246376811594,0.4492753623188406,0.5072463768115942,0.4782608695652174,0.5909090909090909,0.5106382978723405,0.0,0.3188405797101449,0.6811594202898551,0.934120651233652,8
BAJAJ-AUTO,1,0.7,808,89,128,2023-12-22,2024-09-16,0.5625,0.5352686529157117,0.6666666666666666,0.6153846153846154,0.7272727272727273,56,35,16,21,0.6015625,0.53125,0.5234375,0.421875,0.5390625,0.59375,0.578125,0.53125,0.53125,0.6015625,0.6153846153846154,0.4324324324324324,0.0,0.7109375,0.2890625,0.130323066687107,0
BAJAJ-AUTO,2,0.75,865,96,128,2024-05-08,2025-01-30,0.453125,0.438720703125,0.5512820512820513,0.4673913043478261,0.671875,43,49,15,21,0.5234375,0.4921875,0.4765625,0.4921875,0.4453125,0.4765625,0.4453125,0.46875,0.5078125,0.5,0.4673913043478261,0.4166666666666666,0.0,0.71875,0.28125,0.2672536896115225,0
BAJAJ-AUTO,3,0.8,923,102,128,2024-09-17,2025-06-11,0.4375,0.4677339901477833,0.6,0.4426229508196721,0.9310344827586208,54,68,2,4,0.453125,0.453125,0.4453125,0.4921875,0.4765625,0.4609375,0.5078125,0.4765625,0.4453125,0.46875,0.4426229508196721,0.3333333333333333,0.0,0.953125,0.046875,0.8805686332293174,0
BAJAJ-AUTO,4,0.85,981,108,128,2025-01-31,2025-11-03,0.4921875,0.5206349206349206,0.6596858638743456,0.4921875,1.0,63,65,0,0,0.4921875,0.4921875,0.5,0.5078125,0.5078125,0.53125,0.484375,0.46875,0.5390625,0.4765625,0.4921875,0.0,0.0,1.0,0.0,6.016927156086382,0
BAJAJ-AUTO,5,0.9,1038,115,129,2025-06-12,2026-03-05,0.4806201550387597,0.5182956186807897,0.6171428571428571,0.5,0.8059701492537313,54,54,8,13,0.5503875968992248,0.5193798449612403,0.5271317829457365,0.5271317829457365,0.5193798449612403,0.5193798449612403,0.4961240310077519,0.4806201550387597,0.5193798449612403,0.4961240310077519,0.5,0.3809523809523809,0.0,0.8372093023255814,0.1627906976744186,1.7217010925995837,0
BAJAJ-AUTO,6,0.95,1096,121,65,2025-11-07,2026-03-05,0.5692307692307692,0.4179536679536679,0.7254901960784313,0.5692307692307692,1.0,37,28,0,0,0.5692307692307692,0.5692307692307692,0.5692307692307692,0.5538461538461539,0.4769230769230769,0.4307692307692308,0.4153846153846154,0.4461538461538462,0.5384615384615384,0.5538461538461539,0.5692307692307692,0.0,0.0,1.0,0.0,7.999994277538454,8
BAJAJFINSV,1,0.7,843,93,134,2023-11-15,2024-08-30,0.5223880597014925,0.51089153379744,0.5897435897435898,0.5542168674698795,0.6301369863013698,46,37,24,27,0.4850746268656716,0.4626865671641791,0.5597014925373134,0.4402985074626865,0.5223880597014925,0.5373134328358209,0.5522388059701493,0.4925373134328358,0.5970149253731343,0.5298507462686567,0.5542168674698795,0.4705882352941176,0.0,0.6194029850746269,0.3805970149253731,0.269377817211872,0
BAJAJFINSV,2,0.75,903,100,134,2024-04-08,2025-01-15,0.4776119402985074,0.4107023411371237,0.6236559139784946,0.4957264957264957,0.8405797101449275,58,59,6,11,0.5298507462686567,0.5,0.4477611940298507,0.4626865671641791,0.5,0.4552238805970149,0.5149253731343284,0.5149253731343284,0.4850746268656716,0.5223880597014925,0.4957264957264957,0.3529411764705882,0.0,0.8731343283582089,0.126865671641791,0.7682763329314025,0
BAJAJFINSV,3,0.8,963,107,134,2024-09-02,2025-05-30,0.4850746268656716,0.3850267379679144,0.6349206349206349,0.4878048780487805,0.9090909090909092,60,63,5,6,0.4925373134328358,0.5298507462686567,0.4328358208955223,0.4328358208955223,0.417910447761194,0.5,0.5149253731343284,0.4552238805970149,0.5373134328358209,0.4552238805970149,0.4878048780487805,0.4545454545454546,0.0,0.917910447761194,0.0820895522388059,0.6841040359307674,0
BAJAJFINSV,4,0.85,1024,113,134,2025-01-16,2025-10-10,0.5074626865671642,0.4792780748663102,0.6666666666666666,0.5076923076923077,0.9705882352941176,66,64,2,2,0.5074626865671642,0.5074626865671642,0.4626865671641791,0.5298507462686567,0.5373134328358209,0.4701492537313433,0.5074626865671642,0.4402985074626865,0.5298507462686567,0.5447761194029851,0.5076923076923077,0.5,0.0,0.9701492537313432,0.0298507462686567,1.3211318512945849,0
BAJAJFINSV,5,0.9,1084,120,134,2025-06-02,2026-03-05,0.4776119402985074,0.4808853118712273,0.6391752577319587,0.4732824427480916,0.984126984126984,62,69,2,1,0.4701492537313433,0.4701492537313433,0.4701492537313433,0.4701492537313433,0.4776119402985074,0.4776119402985074,0.4701492537313433,0.4776119402985074,0.4701492537313433,0.5671641791044776,0.4732824427480916,0.6666666666666667,0.0,0.9776119402985076,0.0223880597014925,7.999993102291424,0
BAJAJFINSV,6,0.95,1144,127,67,2025-10-14,2026-03-05,0.4776119402985074,0.5008960573476703,0.5569620253164557,0.4583333333333333,0.7096774193548387,22,26,10,9,0.5223880597014925,0.4626865671641791,0.4776119402985074,0.4776119402985074,0.4477611940298507,0.4626865671641791,0.4626865671641791,0.3880597014925373,0.4626865671641791,0.5074626865671642,0.4583333333333333,0.5263157894736843,0.0,0.7164179104477612,0.2835820895522388,1.1529185572164156,8
BAJFINANCE,1,0.7,852,94,135,2023-11-24,2024-09-09,0.5259259259259259,0.5724799286351472,0.6144578313253012,0.5666666666666667,0.6710526315789473,51,39,20,25,0.4592592592592592,0.5481481481481482,0.4148148148148148,0.5407407407407407,0.5333333333333333,0.5037037037037037,0.5333333333333333,0.4592592592592592,0.5259259259259259,0.4666666666666667,0.5666666666666667,0.4444444444444444,0.0,0.6666666666666666,0.3333333333333333,0.1343682209694132,0
BAJFINANCE,2,0.75,913,101,135,2024-04-25,2025-01-28,0.5555555555555556,0.5584101888449715,0.6341463414634146,0.5473684210526316,0.7536231884057971,52,43,23,17,0.5111111111111111,0.4962962962962963,0.5111111111111111,0.5259259259259259,0.562962962962963,0.5333333333333333,0.4962962962962963,0.4666666666666667,0.4592592592592592,0.5333333333333333,0.5473684210526316,0.575,0.0,0.7037037037037037,0.2962962962962963,0.4441872756611822,0
BAJFINANCE,3,0.8,973,108,135,2024-09-10,2025-06-10,0.5111111111111111,0.5517998244073749,0.6024096385542169,0.5050505050505051,0.746268656716418,50,49,19,17,0.562962962962963,0.5481481481481482,0.4740740740740741,0.4814814814814814,0.4666666666666667,0.4814814814814814,0.5111111111111111,0.5259259259259259,0.5037037037037037,0.5111111111111111,0.5050505050505051,0.5277777777777778,0.0,0.7333333333333333,0.2666666666666666,0.4274587624157657,0
BAJFINANCE,4,0.85,1035,114,135,2025-01-29,2025-10-17,0.5555555555555556,0.5198483496877788,0.6842105263157895,0.5701754385964912,0.8552631578947368,65,49,10,11,0.5259259259259259,0.5185185185185185,0.5037037037037037,0.4962962962962963,0.4814814814814814,0.5555555555555556,0.5703703703703704,0.4592592592592592,0.4666666666666667,0.562962962962963,0.5701754385964912,0.4761904761904761,0.0,0.8444444444444444,0.1555555555555555,0.687690860603832,0
BAJFINANCE,5,0.9,1095,121,136,2025-06-11,2026-03-05,0.4779411764705882,0.4868079584775086,0.5170068027210885,0.4810126582278481,0.5588235294117647,38,41,27,30,0.4779411764705882,0.5073529411764706,0.4779411764705882,0.5147058823529411,0.4926470588235294,0.5147058823529411,0.4779411764705882,0.4926470588235294,0.5220588235294118,0.4632352941176471,0.4810126582278481,0.4736842105263158,0.0,0.5808823529411765,0.4191176470588235,0.6897577764402283,0
BAJFINANCE,6,0.95,1156,128,68,2025-10-20,2026-03-05,0.4705882352941176,0.4571428571428572,0.5609756097560976,0.4259259259259259,0.8214285714285714,23,31,9,5,0.4117647058823529,0.3970588235294117,0.4705882352941176,0.4705882352941176,0.5147058823529411,0.4852941176470588,0.5294117647058824,0.4558823529411764,0.4411764705882353,0.3529411764705882,0.4259259259259259,0.6428571428571428,0.0,0.7941176470588235,0.2058823529411764,1.270153741723575,8
BANDHANBNK,1,0.7,905,100,144,2024-01-10,2024-09-24,0.5694444444444444,0.568062317429406,0.5,0.5254237288135594,0.4769230769230769,31,28,51,34,0.5277777777777778,0.5347222222222222,0.5694444444444444,0.5902777777777778,0.5347222222222222,0.4513888888888889,0.5,0.5694444444444444,0.5625,0.4930555555555556,0.5254237288135594,0.6,0.0,0.4097222222222222,0.5902777777777778,0.5581267478829661,0
BANDHANBNK,2,0.75,970,107,144,2024-05-30,2025-01-24,0.6041666666666666,0.5360458226348016,0.4466019417475728,0.5476190476190477,0.3770491803278688,23,19,64,38,0.5416666666666666,0.5208333333333334,0.6180555555555556,0.5277777777777778,0.4930555555555556,0.4861111111111111,0.5972222222222222,0.5138888888888888,0.5625,0.4791666666666667,0.5476190476190477,0.6274509803921569,0.0,0.2916666666666667,0.7083333333333334,0.978510466751581,0
BANDHANBNK,3,0.8,1035,114,144,2024-09-26,2025-06-05,0.5763888888888888,0.6017578125,0.4695652173913043,0.5294117647058824,0.421875,27,24,56,37,0.5625,0.5347222222222222,0.5347222222222222,0.5694444444444444,0.5972222222222222,0.5347222222222222,0.6736111111111112,0.5763888888888888,0.5486111111111112,0.4444444444444444,0.5294117647058824,0.6021505376344086,0.0,0.3541666666666667,0.6458333333333334,0.7997976859759294,0
BANDHANBNK,4,0.85,1099,122,144,2025-01-27,2025-10-15,0.5833333333333334,0.5652089783281734,0.4230769230769231,0.6111111111111112,0.3235294117647059,22,14,62,46,0.4791666666666667,0.5208333333333334,0.5416666666666666,0.5347222222222222,0.5486111111111112,0.5555555555555556,0.4861111111111111,0.5347222222222222,0.5486111111111112,0.5277777777777778,0.6111111111111112,0.5740740740740741,0.0,0.25,0.75,0.5744783633829449,0
BANDHANBNK,5,0.9,1164,129,144,2025-06-06,2026-03-05,0.5416666666666666,0.5471990695871294,0.1081081081081081,0.5714285714285714,0.0597014925373134,4,3,74,63,0.5416666666666666,0.5069444444444444,0.5277777777777778,0.5416666666666666,0.5347222222222222,0.5902777777777778,0.5208333333333334,0.5208333333333334,0.5208333333333334,0.5486111111111112,0.5714285714285714,0.5401459854014599,0.0,0.0486111111111111,0.9513888888888888,0.4601297074135853,0
BANDHANBNK,6,0.95,1229,136,72,2025-10-17,2026-03-05,0.5,0.5756172839506173,0.0,0.0,0.0,0,0,36,36,0.5,0.5277777777777778,0.5,0.4861111111111111,0.5,0.5277777777777778,0.4861111111111111,0.4583333333333333,0.5138888888888888,0.5138888888888888,0.0,0.5,0.0,0.0,1.0,0.5277277360121274,8
BEL,1,0.7,917,101,146,2023-12-14,2024-09-06,0.5273972602739726,0.4601735776277724,0.6634146341463415,0.5666666666666667,0.8,68,52,9,17,0.589041095890411,0.589041095890411,0.547945205479452,0.6027397260273972,0.4726027397260274,0.4931506849315068,0.4520547945205479,0.5136986301369864,0.4246575342465753,0.6095890410958904,0.5666666666666667,0.3461538461538461,0.0,0.821917808219178,0.1780821917808219,0.7685450368331394,0
BEL,2,0.75,982,109,145,2024-04-29,2025-01-16,0.5379310344827586,0.517123287671233,0.6338797814207651,0.5272727272727272,0.7945205479452054,58,52,20,15,0.5172413793103449,0.503448275862069,0.5172413793103449,0.503448275862069,0.5172413793103449,0.496551724137931,0.5310344827586206,0.4758620689655172,0.4896551724137931,0.4689655172413793,0.5272727272727272,0.5714285714285714,0.0,0.7586206896551724,0.2413793103448276,0.3379155162893429,0
BEL,3,0.8,1048,116,145,2024-09-09,2025-06-06,0.5172413793103449,0.4929577464788732,0.6601941747572816,0.5151515151515151,0.918918918918919,68,64,7,6,0.5103448275862069,0.5103448275862069,0.4689655172413793,0.4689655172413793,0.496551724137931,0.4896551724137931,0.4758620689655172,0.4896551724137931,0.5241379310344828,0.4896551724137931,0.5151515151515151,0.5384615384615384,0.0,0.9103448275862068,0.0896551724137931,0.320664066917606,0
BEL,4,0.85,1113,123,146,2025-01-17,2025-10-10,0.4657534246575342,0.4570135746606334,0.6320754716981132,0.4652777777777778,0.9852941176470588,67,77,1,1,0.4657534246575342,0.4657534246575342,0.4178082191780822,0.5136986301369864,0.4863013698630137,0.4589041095890411,0.4452054794520548,0.4657534246575342,0.4794520547945205,0.5136986301369864,0.4652777777777778,0.5,0.0,0.9863013698630136,0.0136986301369863,1.2266338393007594,0
BEL,5,0.9,1179,130,146,2025-06-09,2026-03-06,0.4246575342465753,0.4166666666666667,0.4814814814814814,0.40625,0.5909090909090909,39,57,23,27,0.5068493150684932,0.4520547945205479,0.4246575342465753,0.4520547945205479,0.5,0.4726027397260274,0.5205479452054794,0.4794520547945205,0.4726027397260274,0.4589041095890411,0.40625,0.4599999999999999,0.0,0.6575342465753424,0.3424657534246575,0.7826355436950755,0
BEL,6,0.95,1244,138,73,2025-10-13,2026-03-06,0.4931506849315068,0.4354354354354354,0.6605504587155964,0.5,0.972972972972973,36,36,0,1,0.5068493150684932,0.5068493150684932,0.547945205479452,0.5068493150684932,0.5068493150684932,0.4794520547945205,0.547945205479452,0.4520547945205479,0.6164383561643836,0.5068493150684932,0.5,0.0,0.0,0.9863013698630136,0.0136986301369863,2.072762527346364,8
BERGEPAINT,1,0.7,817,90,129,2023-12-07,2024-09-11,0.5503875968992248,0.5174842156386595,0.6777777777777778,0.5596330275229358,0.8591549295774648,61,48,10,10,0.5503875968992248,0.5271317829457365,0.5503875968992248,0.5426356589147286,0.5968992248062015,0.5116279069767442,0.5271317829457365,0.4883720930232558,0.4496124031007752,0.5503875968992248,0.5596330275229358,0.5,0.0,0.8449612403100775,0.1550387596899224,0.2618457940251267,0
BERGEPAINT,2,0.75,875,97,129,2024-04-29,2025-01-20,0.5813953488372093,0.5587663914521613,0.686046511627907,0.5841584158415841,0.8309859154929577,59,42,16,12,0.5503875968992248,0.5503875968992248,0.5658914728682171,0.5813953488372093,0.5581395348837209,0.5503875968992248,0.5891472868217055,0.5348837209302325,0.5116279069767442,0.4961240310077519,0.5841584158415841,0.5714285714285714,0.0,0.7829457364341085,0.2170542635658914,2.624267049860665,0
BERGEPAINT,3,0.8,933,103,130,2024-09-13,2025-06-03,0.5,0.5088757396449703,0.6486486486486487,0.5,0.9230769230769232,60,60,5,5,0.4692307692307692,0.5153846153846153,0.4692307692307692,0.5230769230769231,0.5230769230769231,0.5230769230769231,0.4384615384615384,0.5769230769230769,0.4615384615384615,0.5153846153846153,0.5,0.5,0.0,0.9230769230769232,0.0769230769230769,0.518884041288908,0
BERGEPAINT,4,0.85,991,110,130,2025-01-22,2025-10-07,0.5,0.4969223484848485,0.6632124352331606,0.4961240310077519,1.0,64,65,1,0,0.4769230769230769,0.4692307692307692,0.4769230769230769,0.4538461538461538,0.4692307692307692,0.5,0.5,0.4692307692307692,0.4461538461538462,0.4923076923076923,0.4961240310077519,1.0,0.0,0.9923076923076924,0.0076923076923076,0.4585371467346845,0
BERGEPAINT,5,0.9,1050,116,130,2025-06-04,2026-03-06,0.4692307692307692,0.4265934590594414,0.6310160427807486,0.4609375,1.0,59,69,2,0,0.4461538461538462,0.4538461538461538,0.4615384615384615,0.4692307692307692,0.4307692307692308,0.4461538461538462,0.4538461538461538,0.4769230769230769,0.4538461538461538,0.5153846153846153,0.4609375,1.0,0.0,0.9846153846153848,0.0153846153846153,1.1378042965607915,0
BERGEPAINT,6,0.95,1108,123,65,2025-10-08,2026-03-06,0.4615384615384615,0.5170777988614801,0.6236559139784946,0.4677419354838709,0.935483870967742,29,33,1,2,0.4769230769230769,0.4769230769230769,0.4461538461538462,0.4461538461538462,0.4307692307692308,0.4615384615384615,0.4615384615384615,0.5384615384615384,0.4461538461538462,0.5384615384615384,0.4677419354838709,0.3333333333333333,0.0,0.953846153846154,0.0461538461538461,1.2855586939379036,8
BHARTIARTL,1,0.7,831,92,132,2023-10-12,2024-08-13,0.5,0.5456730769230769,0.4761904761904761,0.6521739130434783,0.375,30,16,36,50,0.3939393939393939,0.4545454545454545,0.4318181818181818,0.4848484848484848,0.4469696969696969,0.3939393939393939,0.4393939393939394,0.5,0.4848484848484848,0.3939393939393939,0.6521739130434783,0.4186046511627906,0.0,0.3484848484848485,0.6515151515151515,0.7889587184913247,0
BHARTIARTL,2,0.75,891,98,132,2024-03-14,2024-12-24,0.553030303030303,0.5774097078444904,0.5755395683453237,0.5714285714285714,0.5797101449275363,40,30,33,29,0.5227272727272727,0.5075757575757576,0.4848484848484848,0.5909090909090909,0.5151515151515151,0.5227272727272727,0.5227272727272727,0.4696969696969697,0.4772727272727273,0.4772727272727273,0.5714285714285714,0.532258064516129,0.0,0.5303030303030303,0.4696969696969697,0.1333221556992833,0
BHARTIARTL,3,0.8,950,105,132,2024-08-14,2025-05-13,0.5,0.5210648148148148,0.5822784810126582,0.5348837209302325,0.6388888888888888,46,40,20,26,0.5454545454545454,0.4924242424242424,0.5681818181818182,0.5454545454545454,0.5606060606060606,0.5984848484848485,0.6287878787878788,0.5454545454545454,0.4848484848484848,0.5606060606060606,0.5348837209302325,0.4347826086956522,0.0,0.6515151515151515,0.3484848484848485,0.3079746997816776,0
BHARTIARTL,4,0.85,1009,112,132,2024-12-27,2025-10-16,0.6060606060606061,0.519942679722952,0.7425742574257426,0.6097560975609756,0.9493670886075948,75,48,5,4,0.5833333333333334,0.5909090909090909,0.6212121212121212,0.6060606060606061,0.6060606060606061,0.5075757575757576,0.5984848484848485,0.5833333333333334,0.5757575757575758,0.4545454545454545,0.6097560975609756,0.5555555555555556,0.0,0.9318181818181818,0.0681818181818181,0.4077930809632506,0
BHARTIARTL,5,0.9,1069,118,132,2025-05-14,2026-03-05,0.5151515151515151,0.5733087046871392,0.6631578947368421,0.5294117647058824,0.8873239436619719,63,56,5,8,0.5378787878787878,0.553030303030303,0.5378787878787878,0.5303030303030303,0.5454545454545454,0.5454545454545454,0.5227272727272727,0.4848484848484848,0.5075757575757576,0.5303030303030303,0.5294117647058824,0.3846153846153846,0.0,0.9015151515151516,0.0984848484848484,0.7125131023979299,0
BHARTIARTL,6,0.95,1128,125,66,2025-10-17,2026-03-05,0.5909090909090909,0.625,0.6746987951807228,0.5490196078431373,0.875,28,23,11,4,0.4848484848484848,0.4696969696969697,0.5757575757575758,0.5454545454545454,0.4848484848484848,0.4848484848484848,0.5,0.5,0.5151515151515151,0.4696969696969697,0.5490196078431373,0.7333333333333334,0.0,0.7727272727272727,0.2272727272727272,0.5323190962454533,8
BHEL,1,0.7,934,103,148,2023-12-08,2024-09-12,0.5202702702702703,0.5153304132546181,0.5696969696969697,0.618421052631579,0.5280898876404494,47,29,30,42,0.6013513513513513,0.6013513513513513,0.4662162162162162,0.5067567567567568,0.5,0.581081081081081,0.5067567567567568,0.5,0.6013513513513513,0.5135135135135135,0.618421052631579,0.4166666666666666,0.0,0.5135135135135135,0.4864864864864865,0.3817441601674582,0
BHEL,2,0.75,1000,111,148,2024-04-30,2025-01-16,0.5,0.5434941520467836,0.6666666666666666,0.5068493150684932,0.9736842105263158,74,72,0,2,0.5067567567567568,0.5202702702702703,0.5675675675675675,0.527027027027027,0.5472972972972973,0.4864864864864865,0.5,0.4797297297297297,0.5202702702702703,0.5135135135135135,0.5068493150684932,0.0,0.0,0.9864864864864864,0.0135135135135135,0.2695287809082016,0
BHEL,3,0.8,1067,118,148,2024-09-13,2025-05-29,0.5135135135135135,0.5070629242340855,0.6288659793814433,0.5304347826086957,0.7721518987341772,61,54,15,18,0.5337837837837838,0.5337837837837838,0.5540540540540541,0.5472972972972973,0.527027027027027,0.5337837837837838,0.4729729729729729,0.4662162162162162,0.5,0.5540540540540541,0.5304347826086957,0.4545454545454546,0.0,0.777027027027027,0.2229729729729729,0.7875204175643795,0
BHEL,4,0.85,1134,125,148,2025-01-17,2025-10-14,0.5135135135135135,0.5223443223443223,0.625,0.5263157894736842,0.7692307692307693,60,54,16,18,0.5,0.5067567567567568,0.5135135135135135,0.5135135135135135,0.5405405405405406,0.4324324324324324,0.4797297297297297,0.5067567567567568,0.5337837837837838,0.527027027027027,0.5263157894736842,0.4705882352941176,0.0,0.7702702702702703,0.2297297297297297,0.1071924054816357,0
BHEL,5,0.9,1200,133,149,2025-05-30,2026-03-06,0.5100671140939598,0.465007215007215,0.663594470046083,0.5142857142857142,0.935064935064935,72,68,4,5,0.4966442953020134,0.5503355704697986,0.4899328859060403,0.5167785234899329,0.5167785234899329,0.5167785234899329,0.5234899328859061,0.4697986577181208,0.5234899328859061,0.4966442953020134,0.5142857142857142,0.4444444444444444,0.0,0.9395973154362416,0.0604026845637583,0.6465536799982516,0
BHEL,6,0.95,1267,140,75,2025-10-16,2026-03-06,0.4133333333333333,0.4505021520803444,0.5319148936170213,0.4716981132075472,0.6097560975609756,25,28,6,16,0.5466666666666666,0.4933333333333333,0.5333333333333333,0.52,0.4533333333333333,0.5066666666666667,0.4666666666666667,0.4,0.4133333333333333,0.4533333333333333,0.4716981132075472,0.2727272727272727,0.0,0.7066666666666667,0.2933333333333333,0.426845419170628,8
BOSCHLTD,1,0.7,477,52,76,2024-12-05,2025-04-29,0.4868421052631579,0.4012605042016807,0.3389830508474576,0.4,0.2941176470588235,10,15,27,24,0.3947368421052631,0.4605263157894737,0.4868421052631579,0.5,0.5657894736842105,0.5131578947368421,0.5526315789473685,0.5,0.5526315789473685,0.4342105263157895,0.4,0.5294117647058824,0.0,0.3289473684210526,0.6710526315789473,0.3395896138591637,0
BOSCHLTD,2,0.75,511,56,76,2025-02-06,2025-07-14,0.5394736842105263,0.5393728222996516,0.5205479452054794,0.5,0.5428571428571428,19,19,22,16,0.5131578947368421,0.4868421052631579,0.4605263157894737,0.4736842105263157,0.5657894736842105,0.5394736842105263,0.5394736842105263,0.5526315789473685,0.5263157894736842,0.5526315789473685,0.5,0.5789473684210527,0.0,0.5,0.5,0.7048815772867678,0
BOSCHLTD,3,0.8,545,60,76,2025-05-05,2025-09-25,0.5526315789473685,0.5785764622973926,0.4516129032258064,0.4827586206896552,0.4242424242424242,14,15,28,19,0.5657894736842105,0.5131578947368421,0.5131578947368421,0.5394736842105263,0.631578947368421,0.4342105263157895,0.6052631578947368,0.631578947368421,0.5394736842105263,0.4473684210526316,0.4827586206896552,0.5957446808510638,0.0,0.3815789473684211,0.618421052631579,0.5106780079373541,0
BOSCHLTD,4,0.85,579,64,76,2025-07-17,2025-12-18,0.618421052631579,0.6001467351430667,0.3555555555555555,0.5,0.2758620689655172,8,8,39,21,0.618421052631579,0.618421052631579,0.5526315789473685,0.618421052631579,0.631578947368421,0.4473684210526316,0.6578947368421053,0.6447368421052632,0.5394736842105263,0.4605263157894737,0.5,0.65,0.0,0.2105263157894736,0.7894736842105263,0.1000035356387145,0
BOSCHLTD,5,0.9,613,68,76,2025-09-26,2026-03-09,0.4736842105263157,0.5202898550724637,0.4871794871794871,0.3958333333333333,0.6333333333333333,19,29,17,11,0.5526315789473685,0.5526315789473685,0.5,0.5263157894736842,0.5394736842105263,0.4736842105263157,0.5131578947368421,0.5921052631578947,0.4605263157894737,0.5131578947368421,0.3958333333333333,0.6071428571428572,0.0,0.631578947368421,0.3684210526315789,0.3224861243003775,0
BOSCHLTD,6,0.95,648,71,38,2025-12-19,2026-03-09,0.4473684210526316,0.4346590909090909,0.4615384615384615,0.391304347826087,0.5625,9,14,8,7,0.4473684210526316,0.4473684210526316,0.3421052631578947,0.5,0.4736842105263157,0.3684210526315789,0.5526315789473685,0.5,0.5263157894736842,0.4473684210526316,0.391304347826087,0.5333333333333333,0.0,0.6052631578947368,0.3947368421052631,0.5598965338805464,8
BPCL,1,0.7,888,98,142,2023-12-04,2024-09-02,0.5,0.4625280784153563,0.5942857142857143,0.5652173913043478,0.6265060240963856,52,40,19,31,0.5492957746478874,0.5070422535211268,0.5704225352112676,0.5422535211267606,0.4718309859154929,0.5352112676056338,0.4718309859154929,0.4929577464788732,0.4718309859154929,0.4859154929577465,0.5652173913043478,0.38,0.0,0.647887323943662,0.352112676056338,0.5973482161981924,0
BPCL,2,0.75,952,105,141,2024-04-22,2025-01-13,0.5106382978723404,0.5343434343434343,0.5369127516778524,0.5405405405405406,0.5333333333333333,40,34,32,35,0.5460992907801419,0.5106382978723404,0.4468085106382978,0.5106382978723404,0.4964539007092198,0.5177304964539007,0.5602836879432624,0.4609929078014184,0.4326241134751773,0.5177304964539007,0.5405405405405406,0.4776119402985075,0.0,0.524822695035461,0.475177304964539,0.2042586639283933,0
BPCL,3,0.8,1016,112,141,2024-09-04,2025-05-20,0.5035460992907801,0.4772635814889335,0.6391752577319587,0.5040650406504065,0.8732394366197183,62,61,9,9,0.4964539007092198,0.5035460992907801,0.4964539007092198,0.4964539007092198,0.4822695035460992,0.4397163120567376,0.524822695035461,0.4822695035460992,0.5177304964539007,0.4609929078014184,0.5040650406504065,0.5,0.0,0.8723404255319149,0.1276595744680851,0.946674778722171,0
BPCL,4,0.85,1079,119,141,2025-01-14,2025-10-13,0.5177304964539007,0.4997975708502025,0.6494845360824743,0.5338983050847458,0.8289473684210527,63,55,10,13,0.5319148936170213,0.5673758865248227,0.524822695035461,0.4964539007092198,0.5390070921985816,0.475177304964539,0.4539007092198581,0.5390070921985816,0.475177304964539,0.5460992907801419,0.5338983050847458,0.4347826086956522,0.0,0.8368794326241135,0.1631205673758865,0.7447798354840556,0
BPCL,5,0.9,1143,126,141,2025-05-21,2026-03-05,0.5460992907801419,0.547887323943662,0.6444444444444445,0.5272727272727272,0.8285714285714286,58,52,19,12,0.524822695035461,0.4964539007092198,0.4964539007092198,0.5177304964539007,0.4822695035460992,0.4822695035460992,0.5460992907801419,0.5390070921985816,0.5531914893617021,0.4964539007092198,0.5272727272727272,0.6129032258064516,0.0,0.7801418439716312,0.2198581560283688,0.6583477805077235,0
BPCL,6,0.95,1206,133,71,2025-10-14,2026-03-05,0.5211267605633803,0.4817460317460318,0.32,0.5333333333333333,0.2285714285714285,8,7,29,27,0.4225352112676056,0.4507042253521127,0.5633802816901409,0.5211267605633803,0.4788732394366197,0.5352112676056338,0.5070422535211268,0.4929577464788732,0.4788732394366197,0.5070422535211268,0.5333333333333333,0.5178571428571428,0.0,0.2112676056338028,0.7887323943661971,0.4229317030421082,8
BRITANNIA,1,0.7,759,84,121,2023-12-27,2024-10-01,0.5041322314049587,0.5328947368421053,0.4642857142857143,0.5416666666666666,0.40625,26,22,35,38,0.5289256198347108,0.5289256198347108,0.5041322314049587,0.5041322314049587,0.5371900826446281,0.5371900826446281,0.4876033057851239,0.512396694214876,0.5041322314049587,0.4958677685950413,0.5416666666666666,0.4794520547945206,0.0,0.396694214876033,0.6033057851239669,0.3344708224690748,0
BRITANNIA,2,0.75,813,90,121,2024-05-15,2025-02-04,0.5619834710743802,0.5206043956043955,0.6666666666666666,0.5638297872340425,0.8153846153846154,53,41,15,12,0.5371900826446281,0.5371900826446281,0.4876033057851239,0.4710743801652892,0.4462809917355372,0.4958677685950413,0.4628099173553719,0.4380165289256198,0.4876033057851239,0.5454545454545454,0.5638297872340425,0.5555555555555556,0.0,0.7768595041322314,0.2231404958677686,0.4279718044334707,0
BRITANNIA,3,0.8,868,96,120,2024-10-03,2025-06-11,0.5666666666666667,0.5770300333704115,0.6285714285714286,0.5641025641025641,0.7096774193548387,44,34,24,18,0.5083333333333333,0.5583333333333333,0.5083333333333333,0.45,0.4833333333333333,0.5166666666666667,0.4916666666666666,0.5083333333333333,0.5166666666666667,0.5083333333333333,0.5641025641025641,0.5714285714285714,0.0,0.65,0.35,0.3950688403947177,0
BRITANNIA,4,0.85,922,102,120,2025-02-05,2025-10-24,0.55,0.4873543620346688,0.64,0.5925925925925926,0.6956521739130435,48,33,18,21,0.4833333333333333,0.5166666666666667,0.4666666666666667,0.525,0.5,0.575,0.4416666666666666,0.4833333333333333,0.5583333333333333,0.525,0.5925925925925926,0.4615384615384615,0.0,0.675,0.325,0.2542749651036723,0
BRITANNIA,5,0.9,976,108,121,2025-06-19,2026-03-04,0.5950413223140496,0.5657602663706993,0.6711409395973155,0.6172839506172839,0.7352941176470589,50,31,22,18,0.5619834710743802,0.5371900826446281,0.512396694214876,0.5619834710743802,0.4545454545454545,0.5041322314049587,0.5041322314049587,0.5537190082644629,0.5454545454545454,0.5619834710743802,0.6172839506172839,0.55,0.0,0.6694214876033058,0.3305785123966942,0.7389278350689112,0
BRITANNIA,6,0.95,1030,114,61,2025-10-27,2026-03-04,0.5737704918032787,0.4989106753812636,0.723404255319149,0.5666666666666667,1.0,34,26,1,0,0.5573770491803278,0.5409836065573771,0.5245901639344263,0.5573770491803278,0.3934426229508196,0.5409836065573771,0.5245901639344263,0.4754098360655737,0.5573770491803278,0.5573770491803278,0.5666666666666667,1.0,0.0,0.9836065573770492,0.0163934426229508,0.3544863806985188,8
CHOLAFIN,1,0.7,918,102,146,2023-12-07,2024-09-02,0.5205479452054794,0.5601503759398496,0.6846846846846847,0.5205479452054794,1.0,76,70,0,0,0.5205479452054794,0.5205479452054794,0.5205479452054794,0.541095890410959,0.5273972602739726,0.5205479452054794,0.5205479452054794,0.4726027397260274,0.547945205479452,0.5205479452054794,0.5205479452054794,0.0,0.0,1.0,0.0,1.867183932023016,0
CHOLAFIN,2,0.75,984,109,146,2024-04-25,2025-01-14,0.5616438356164384,0.5412206572769953,0.6767676767676768,0.5275590551181102,0.943661971830986,67,60,15,4,0.4863013698630137,0.4520547945205479,0.5,0.5684931506849316,0.5342465753424658,0.4863013698630137,0.5136986301369864,0.4315068493150685,0.4863013698630137,0.4726027397260274,0.5275590551181102,0.7894736842105263,0.0,0.8698630136986302,0.1301369863013698,0.7795698034261263,0
CHOLAFIN,3,0.8,1050,116,146,2024-09-04,2025-05-23,0.4726027397260274,0.4961890243902438,0.5882352941176471,0.4471544715447154,0.859375,55,68,14,9,0.4383561643835616,0.4794520547945205,0.4520547945205479,0.5,0.3698630136986301,0.5136986301369864,0.4589041095890411,0.541095890410959,0.4315068493150685,0.4589041095890411,0.4471544715447154,0.6086956521739131,0.0,0.8424657534246576,0.1575342465753424,0.3464266524473314,0
CHOLAFIN,4,0.85,1116,123,146,2025-01-15,2025-10-10,0.4726027397260274,0.471969696969697,0.5925925925925926,0.4552845528455284,0.8484848484848485,56,67,13,10,0.4520547945205479,0.4520547945205479,0.4794520547945205,0.4726027397260274,0.5273972602739726,0.5273972602739726,0.541095890410959,0.5273972602739726,0.4383561643835616,0.4520547945205479,0.4552845528455284,0.5652173913043479,0.0,0.8424657534246576,0.1575342465753424,1.3152022789964846,0
CHOLAFIN,5,0.9,1181,131,146,2025-05-26,2026-03-04,0.4657534246575342,0.4409879336349924,0.3157894736842105,0.391304347826087,0.2647058823529412,18,28,50,50,0.4452054794520548,0.4657534246575342,0.5205479452054794,0.5068493150684932,0.4383561643835616,0.5616438356164384,0.4794520547945205,0.4589041095890411,0.541095890410959,0.5547945205479452,0.391304347826087,0.5,0.0,0.3150684931506849,0.684931506849315,1.721573370050889,0
CHOLAFIN,6,0.95,1247,138,73,2025-10-14,2026-03-04,0.5068493150684932,0.4677177177177177,0.25,0.5,0.1666666666666666,6,6,31,30,0.5068493150684932,0.4794520547945205,0.5068493150684932,0.5068493150684932,0.5205479452054794,0.5068493150684932,0.5342465753424658,0.5753424657534246,0.4246575342465753,0.5342465753424658,0.5,0.5081967213114754,0.0,0.1643835616438356,0.8356164383561644,1.1277689337668828,8
CIPLA,1,0.7,800,88,127,2023-11-29,2024-08-29,0.5039370078740157,0.5221834496510469,0.2758620689655172,0.631578947368421,0.1764705882352941,12,7,52,56,0.5275590551181102,0.4645669291338583,0.5275590551181102,0.4488188976377952,0.4881889763779528,0.5039370078740157,0.4645669291338583,0.5354330708661418,0.5039370078740157,0.4803149606299212,0.631578947368421,0.4814814814814815,0.0,0.1496062992125984,0.8503937007874016,7.999994046029325,0
CIPLA,2,0.75,856,95,127,2024-04-08,2025-01-03,0.5039370078740157,0.5472636815920399,0.3636363636363636,0.4615384615384615,0.3,18,21,46,42,0.5826771653543307,0.5590551181102362,0.4566929133858268,0.4173228346456692,0.4566929133858268,0.5275590551181102,0.4960629921259842,0.5118110236220472,0.5196850393700787,0.5826771653543307,0.4615384615384615,0.5227272727272727,0.0,0.3070866141732283,0.6929133858267716,0.2061194538111991,0
CIPLA,3,0.8,914,101,127,2024-08-30,2025-05-14,0.5984251968503937,0.6106699751861042,0.6482758620689655,0.5662650602409639,0.7580645161290323,47,36,29,15,0.4881889763779528,0.4881889763779528,0.5118110236220472,0.4960629921259842,0.5511811023622047,0.4960629921259842,0.5433070866141733,0.5590551181102362,0.4881889763779528,0.4881889763779528,0.5662650602409639,0.6590909090909092,0.0,0.6535433070866141,0.3464566929133858,0.7553528923090592,0
CIPLA,4,0.85,971,107,127,2025-01-06,2025-10-09,0.5826771653543307,0.6062656641604011,0.624113475177305,0.6197183098591549,0.6285714285714286,44,27,30,26,0.5669291338582677,0.5354330708661418,0.5354330708661418,0.6062992125984252,0.5590551181102362,0.5433070866141733,0.5669291338582677,0.5196850393700787,0.5196850393700787,0.5196850393700787,0.6197183098591549,0.5357142857142857,0.0,0.5590551181102362,0.4409448818897638,0.2306207026908961,0
CIPLA,5,0.9,1028,114,127,2025-05-16,2026-03-04,0.5590551181102362,0.5243417784401392,0.654320987654321,0.5520833333333334,0.803030303030303,53,43,18,13,0.5039370078740157,0.5590551181102362,0.4724409448818897,0.5669291338582677,0.5196850393700787,0.5118110236220472,0.5118110236220472,0.4960629921259842,0.4724409448818897,0.5275590551181102,0.5520833333333334,0.5806451612903225,0.0,0.7559055118110236,0.2440944881889764,1.1286801886471896,0
CIPLA,6,0.95,1085,120,64,2025-10-13,2026-03-04,0.421875,0.4389051808406647,0.4477611940298507,0.4166666666666667,0.4838709677419355,15,21,12,16,0.515625,0.53125,0.40625,0.515625,0.609375,0.546875,0.546875,0.59375,0.609375,0.578125,0.4166666666666667,0.4285714285714286,0.0,0.5625,0.4375,0.475778859469554,8
COALINDIA,1,0.7,855,94,136,2023-11-21,2024-08-06,0.4926470588235294,0.4850729517396184,0.5714285714285714,0.575,0.5679012345679012,46,34,21,35,0.625,0.5955882352941176,0.6102941176470589,0.6029411764705882,0.4485294117647059,0.5955882352941176,0.5441176470588235,0.4411764705882353,0.4852941176470588,0.3970588235294117,0.575,0.375,0.0,0.5882352941176471,0.4117647058823529,0.1466623572527106,0
COALINDIA,2,0.75,916,101,136,2024-03-27,2024-12-10,0.4264705882352941,0.4220920138888889,0.5301204819277109,0.4680851063829787,0.6111111111111112,44,50,14,28,0.5220588235294118,0.4852941176470588,0.5514705882352942,0.4705882352941176,0.5220588235294118,0.5147058823529411,0.4852941176470588,0.4558823529411764,0.5073529411764706,0.4558823529411764,0.4680851063829787,0.3333333333333333,0.0,0.6911764705882353,0.3088235294117647,0.2890847401110738,0
COALINDIA,3,0.8,977,108,136,2024-08-07,2025-04-28,0.4338235294117647,0.4482683982683982,0.5276073619631901,0.4432989690721649,0.6515151515151515,43,54,16,23,0.4852941176470588,0.4852941176470588,0.5,0.4705882352941176,0.4926470588235294,0.4852941176470588,0.5367647058823529,0.5073529411764706,0.4852941176470588,0.5294117647058824,0.4432989690721649,0.4102564102564102,0.0,0.7132352941176471,0.2867647058823529,0.4741844052187128,0
COALINDIA,4,0.85,1038,115,136,2024-12-11,2025-09-25,0.4852941176470588,0.4884073672806067,0.5,0.5072463768115942,0.4929577464788732,35,34,31,36,0.5220588235294118,0.5220588235294118,0.5735294117647058,0.4558823529411764,0.5,0.4779411764705882,0.5514705882352942,0.4558823529411764,0.4705882352941176,0.4779411764705882,0.5072463768115942,0.4626865671641791,0.0,0.5073529411764706,0.4926470588235294,0.5568905049938409,0
COALINDIA,5,0.9,1099,122,136,2025-04-29,2026-03-05,0.5735294117647058,0.5594694498804088,0.6588235294117647,0.5773195876288659,0.7671232876712328,56,41,22,17,0.5367647058823529,0.5367647058823529,0.5514705882352942,0.5,0.5294117647058824,0.5588235294117647,0.4926470588235294,0.5294117647058824,0.4705882352941176,0.4779411764705882,0.5773195876288659,0.5641025641025641,0.0,0.7132352941176471,0.2867647058823529,0.392056195165225,0
COALINDIA,6,0.95,1161,128,68,2025-09-29,2026-03-05,0.5441176470588235,0.4289450741063644,0.7047619047619048,0.5441176470588235,1.0,37,31,0,0,0.5441176470588235,0.4705882352941176,0.5294117647058824,0.5441176470588235,0.5147058823529411,0.5588235294117647,0.4705882352941176,0.5294117647058824,0.5735294117647058,0.5588235294117647,0.5441176470588235,0.0,0.0,1.0,0.0,0.1965031036621014,8
COFORGE,1,0.7,906,100,144,2023-11-13,2024-09-09,0.5138888888888888,0.5253714065213196,0.6728971962616822,0.5106382978723404,0.9863013698630136,72,69,2,1,0.5347222222222222,0.5625,0.4791666666666667,0.5347222222222222,0.5347222222222222,0.4791666666666667,0.4513888888888889,0.4861111111111111,0.5694444444444444,0.5069444444444444,0.5106382978723404,0.6666666666666667,0.0,0.9791666666666666,0.0208333333333333,1.914076413307478,0
COFORGE,2,0.75,971,107,144,2024-04-22,2025-01-29,0.5972222222222222,0.6028600612870276,0.7040816326530612,0.6448598130841121,0.7752808988764045,69,38,17,20,0.6180555555555556,0.6597222222222222,0.4861111111111111,0.5347222222222222,0.5138888888888888,0.3958333333333333,0.4791666666666667,0.6041666666666666,0.3958333333333333,0.5833333333333334,0.6448598130841121,0.4594594594594594,0.0,0.7430555555555556,0.2569444444444444,0.9120799972838805,0
COFORGE,3,0.8,1035,115,144,2024-09-10,2025-06-13,0.5694444444444444,0.5014955134596211,0.7129629629629629,0.5877862595419847,0.9058823529411764,77,54,5,8,0.5902777777777778,0.5902777777777778,0.5486111111111112,0.5277777777777778,0.4513888888888889,0.5,0.5277777777777778,0.5277777777777778,0.5,0.4861111111111111,0.5877862595419847,0.3846153846153846,0.0,0.9097222222222222,0.0902777777777777,0.6759762282885798,0
COFORGE,4,0.85,1100,122,144,2025-01-30,2025-10-29,0.5694444444444444,0.5281250000000001,0.69,0.575,0.8625,69,51,13,11,0.4513888888888889,0.4236111111111111,0.5277777777777778,0.5138888888888888,0.5277777777777778,0.5486111111111112,0.5625,0.5208333333333334,0.5763888888888888,0.6180555555555556,0.575,0.5416666666666667,0.0,0.8333333333333334,0.1666666666666666,7.9999955151946045,0
COFORGE,5,0.9,1165,129,144,2025-06-16,2026-03-05,0.5277777777777778,0.6090821256038648,0.6851851851851852,0.524822695035461,0.9866666666666668,74,67,2,1,0.5208333333333334,0.5208333333333334,0.5416666666666666,0.5416666666666666,0.5069444444444444,0.5902777777777778,0.4791666666666667,0.5347222222222222,0.5694444444444444,0.5138888888888888,0.524822695035461,0.6666666666666667,0.0,0.9791666666666666,0.0208333333333333,0.3257895364398792,0
COFORGE,6,0.95,1230,136,72,2025-10-30,2026-03-05,0.5555555555555556,0.6037296037296038,0.6363636363636364,0.509090909090909,0.8484848484848485,28,27,12,5,0.4444444444444444,0.4583333333333333,0.5138888888888888,0.4583333333333333,0.5555555555555556,0.6111111111111112,0.5694444444444444,0.5694444444444444,0.5555555555555556,0.4861111111111111,0.509090909090909,0.7058823529411764,0.0,0.7638888888888888,0.2361111111111111,0.5996274177979585,8
COLPAL,1,0.7,807,89,128,2024-01-08,2024-10-07,0.453125,0.5815034874709377,0.396551724137931,0.6216216216216216,0.2911392405063291,23,14,35,56,0.6171875,0.6171875,0.484375,0.625,0.4765625,0.453125,0.5078125,0.5234375,0.3984375,0.3984375,0.6216216216216216,0.3846153846153846,0.0,0.2890625,0.7109375,3.955953964364949,0
COLPAL,2,0.75,864,96,128,2024-05-14,2025-02-01,0.515625,0.4880864652419553,0.581081081081081,0.5443037974683544,0.6231884057971014,43,36,23,26,0.5390625,0.515625,0.515625,0.5546875,0.5859375,0.4296875,0.515625,0.4921875,0.5390625,0.5,0.5443037974683544,0.4693877551020408,0.0,0.6171875,0.3828125,0.331644031990713,0
COLPAL,3,0.8,922,102,128,2024-10-08,2025-05-29,0.4453125,0.4677459526774595,0.5298013245033113,0.4166666666666667,0.7272727272727273,40,56,17,15,0.4296875,0.4296875,0.53125,0.546875,0.453125,0.5234375,0.4296875,0.5234375,0.4453125,0.4296875,0.4166666666666667,0.53125,0.0,0.75,0.25,0.2946520421408647,0
COLPAL,4,0.85,980,108,128,2025-02-03,2025-10-14,0.4453125,0.5626389918458118,0.6162162162162163,0.4453125,1.0,57,71,0,0,0.4453125,0.4453125,0.484375,0.5859375,0.5078125,0.5234375,0.5078125,0.515625,0.5390625,0.4609375,0.4453125,0.0,0.0,1.0,0.0,0.6784723537821855,0
COLPAL,5,0.9,1037,115,129,2025-05-30,2026-03-04,0.4728682170542636,0.4728234728234727,0.6179775280898876,0.4782608695652174,0.873015873015873,55,60,6,8,0.4728682170542636,0.4883720930232558,0.4883720930232558,0.5116279069767442,0.5038759689922481,0.5271317829457365,0.5038759689922481,0.4961240310077519,0.5193798449612403,0.5038759689922481,0.4782608695652174,0.4285714285714286,0.0,0.8914728682170543,0.1085271317829457,0.3340537813635862,0
COLPAL,6,0.95,1095,121,65,2025-10-15,2026-03-04,0.4923076923076923,0.540952380952381,0.6526315789473685,0.5166666666666667,0.8857142857142857,31,29,1,4,0.5384615384615384,0.5230769230769231,0.5076923076923077,0.4769230769230769,0.4769230769230769,0.4615384615384615,0.5692307692307692,0.4307692307692308,0.5076923076923077,0.5384615384615384,0.5166666666666667,0.1999999999999999,0.0,0.9230769230769232,0.0769230769230769,0.7627358659742451,8
CUMMINSIND,1,0.7,877,97,139,2023-12-14,2024-09-05,0.5683453237410072,0.4285403050108932,0.7087378640776699,0.6033057851239669,0.8588235294117647,73,48,6,12,0.4748201438848921,0.6115107913669064,0.4748201438848921,0.5107913669064749,0.5323741007194245,0.4460431654676259,0.4748201438848921,0.5467625899280576,0.4172661870503597,0.5971223021582733,0.6033057851239669,0.3333333333333333,0.0,0.8705035971223022,0.1294964028776978,0.5656868991002725,0
CUMMINSIND,2,0.75,940,104,139,2024-05-07,2025-01-08,0.5467625899280576,0.4287802840434419,0.6896551724137931,0.5511811023622047,0.9210526315789472,70,57,6,6,0.5467625899280576,0.5467625899280576,0.4676258992805755,0.5251798561151079,0.4532374100719424,0.4316546762589928,0.4532374100719424,0.4532374100719424,0.5035971223021583,0.5251798561151079,0.5511811023622047,0.5,0.0,0.9136690647482014,0.0863309352517985,0.3405826139141822,0
CUMMINSIND,3,0.8,1002,111,139,2024-09-06,2025-05-19,0.4964028776978417,0.4703933747412008,0.4927536231884058,0.5,0.4857142857142857,34,34,35,36,0.5035971223021583,0.5035971223021583,0.4892086330935252,0.4532374100719424,0.460431654676259,0.5179856115107914,0.5323741007194245,0.5467625899280576,0.4892086330935252,0.4676258992805755,0.5,0.4929577464788732,0.0,0.4892086330935252,0.5107913669064749,0.8219918274936359,0
CUMMINSIND,4,0.85,1065,118,139,2025-01-09,2025-10-21,0.4820143884892086,0.4945538332635107,0.5,0.5373134328358209,0.4675324675324675,36,31,31,41,0.5539568345323741,0.5539568345323741,0.5755395683453237,0.5611510791366906,0.5107913669064749,0.4748201438848921,0.539568345323741,0.4964028776978417,0.4820143884892086,0.5467625899280576,0.5373134328358209,0.4305555555555556,0.0,0.4820143884892086,0.5179856115107914,1.1092956893475394,0
CUMMINSIND,5,0.9,1127,125,140,2025-05-20,2026-03-05,0.5142857142857142,0.47478551998326,0.66,0.5546218487394958,0.8148148148148148,66,53,6,15,0.5785714285714286,0.5785714285714286,0.5642857142857143,0.5357142857142857,0.55,0.5785714285714286,0.5214285714285715,0.5071428571428571,0.55,0.5785714285714286,0.5546218487394958,0.2857142857142857,0.0,0.85,0.15,7.999996169948934,0
CUMMINSIND,6,0.95,1190,132,70,2025-10-23,2026-03-05,0.5285714285714286,0.4623655913978494,0.6666666666666666,0.55,0.8461538461538461,33,27,4,6,0.5571428571428572,0.5571428571428572,0.5,0.5571428571428572,0.5,0.5571428571428572,0.5285714285714286,0.4285714285714285,0.5571428571428572,0.5571428571428572,0.55,0.4,0.0,0.8571428571428571,0.1428571428571428,0.5145928173848695,8
DIVISLAB,1,0.7,841,93,134,2023-10-03,2024-08-13,0.4925373134328358,0.5017825311942958,0.66,0.4925373134328358,1.0,66,68,0,0,0.4925373134328358,0.4626865671641791,0.5074626865671642,0.5373134328358209,0.4701492537313433,0.4850746268656716,0.4776119402985074,0.4253731343283582,0.4925373134328358,0.5074626865671642,0.4925373134328358,0.0,0.0,1.0,0.0,0.426931155910807,0
DIVISLAB,2,0.75,901,100,133,2024-03-18,2025-01-09,0.518796992481203,0.5631793478260869,0.6831683168316832,0.518796992481203,1.0,69,64,0,0,0.518796992481203,0.556390977443609,0.4962406015037593,0.518796992481203,0.5037593984962406,0.518796992481203,0.6015037593984962,0.5263157894736842,0.4887218045112781,0.5112781954887218,0.518796992481203,0.0,0.0,1.0,0.0,7.999994389470815,0
DIVISLAB,3,0.8,962,106,133,2024-08-14,2025-05-22,0.518796992481203,0.5442176870748299,0.6521739130434783,0.5263157894736842,0.8571428571428571,60,54,9,10,0.5263157894736842,0.5263157894736842,0.5338345864661654,0.5488721804511278,0.5488721804511278,0.5413533834586466,0.6165413533834586,0.5112781954887218,0.5338345864661654,0.5112781954887218,0.5263157894736842,0.4736842105263158,0.0,0.8571428571428571,0.1428571428571428,0.3889297936211408,0
DIVISLAB,4,0.85,1021,113,134,2025-01-10,2025-10-06,0.5447761194029851,0.5108138238573021,0.6839378238341969,0.532258064516129,0.9565217391304348,66,58,7,3,0.5671641791044776,0.5895522388059702,0.5223880597014925,0.5671641791044776,0.4925373134328358,0.5223880597014925,0.5223880597014925,0.4552238805970149,0.5447761194029851,0.5074626865671642,0.532258064516129,0.7,0.0,0.9253731343283582,0.0746268656716417,0.3299943311282976,0
DIVISLAB,5,0.9,1081,120,134,2025-05-23,2026-03-05,0.5298507462686567,0.4731566050345289,0.676923076923077,0.515625,0.9850746268656716,66,62,5,1,0.5,0.4925373134328358,0.4776119402985074,0.4925373134328358,0.4850746268656716,0.4701492537313433,0.4402985074626865,0.5373134328358209,0.4701492537313433,0.5074626865671642,0.515625,0.8333333333333334,0.0,0.9552238805970148,0.044776119402985,0.3141314922365881,0
DIVISLAB,6,0.95,1142,126,67,2025-10-09,2026-03-05,0.6119402985074627,0.6783154121863799,0.7045454545454546,0.5961538461538461,0.8611111111111112,31,21,10,5,0.4776119402985074,0.5671641791044776,0.5074626865671642,0.4925373134328358,0.5223880597014925,0.582089552238806,0.417910447761194,0.5074626865671642,0.582089552238806,0.5223880597014925,0.5961538461538461,0.6666666666666667,0.0,0.7761194029850746,0.2238805970149253,0.3724530727442629,8
DLF,1,0.7,917,101,146,2023-11-07,2024-08-16,0.636986301369863,0.4753246753246753,0.7725321888412017,0.6338028169014085,0.989010989010989,90,52,3,1,0.4863013698630137,0.5547945205479452,0.4520547945205479,0.589041095890411,0.4726027397260274,0.5821917808219178,0.6301369863013698,0.6164383561643836,0.4589041095890411,0.3698630136986301,0.6338028169014085,0.75,0.0,0.9726027397260274,0.0273972602739726,0.1797105726361278,0
DLF,2,0.75,982,109,145,2024-03-28,2024-12-30,0.5103448275862069,0.4195270785659801,0.6757990867579908,0.5174825174825175,0.9736842105263158,74,69,0,2,0.4896551724137931,0.4620689655172413,0.5103448275862069,0.5241379310344828,0.5310344827586206,0.5241379310344828,0.5379310344827586,0.4689655172413793,0.5241379310344828,0.5103448275862069,0.5174825174825175,0.0,0.0,0.986206896551724,0.0137931034482758,0.1979941292401529,0
DLF,3,0.8,1048,116,145,2024-08-19,2025-05-13,0.4689655172413793,0.5154462242562929,0.6350710900473934,0.4718309859154929,0.9710144927536232,67,75,1,2,0.4758620689655172,0.4758620689655172,0.4758620689655172,0.4896551724137931,0.4689655172413793,0.496551724137931,0.4896551724137931,0.4482758620689655,0.4758620689655172,0.4758620689655172,0.4718309859154929,0.3333333333333333,0.0,0.9793103448275862,0.0206896551724137,0.6648834488907497,0
DLF,4,0.85,1113,123,146,2025-01-01,2025-09-29,0.4452054794520548,0.409306742640076,0.6161137440758294,0.4452054794520548,1.0,65,81,0,0,0.4452054794520548,0.4452054794520548,0.4589041095890411,0.4452054794520548,0.4178082191780822,0.4383561643835616,0.4178082191780822,0.4589041095890411,0.4931506849315068,0.4452054794520548,0.4452054794520548,0.0,0.0,1.0,0.0,2.197227398200992,0
DLF,5,0.9,1179,130,146,2025-05-14,2026-03-06,0.4726027397260274,0.5284337804647649,0.631578947368421,0.4647887323943662,0.9850746268656716,66,76,3,1,0.4589041095890411,0.4520547945205479,0.4589041095890411,0.4315068493150685,0.5,0.4452054794520548,0.5,0.5342465753424658,0.4589041095890411,0.5205479452054794,0.4647887323943662,0.75,0.0,0.9726027397260274,0.0273972602739726,7.999993598535299,0
DLF,6,0.95,1244,138,73,2025-09-30,2026-03-06,0.4794520547945205,0.5210526315789474,0.6481481481481481,0.4794520547945205,1.0,35,38,0,0,0.4794520547945205,0.5068493150684932,0.5616438356164384,0.5205479452054794,0.4520547945205479,0.5342465753424658,0.4931506849315068,0.547945205479452,0.4383561643835616,0.4794520547945205,0.4794520547945205,0.0,0.0,1.0,0.0,7.999993684286422,8
DMART,1,0.7,842,93,133,2023-12-01,2024-08-28,0.5488721804511278,0.5057260650480989,0.6428571428571429,0.574468085106383,0.7297297297297297,54,40,19,20,0.556390977443609,0.5413533834586466,0.4661654135338345,0.5263157894736842,0.4661654135338345,0.4736842105263157,0.518796992481203,0.5488721804511278,0.4360902255639097,0.4812030075187969,0.574468085106383,0.4871794871794872,0.0,0.706766917293233,0.2932330827067669,0.4264585628038735,0
DMART,2,0.75,902,100,133,2024-04-24,2025-01-10,0.3984962406015037,0.3680459770114941,0.5348837209302325,0.4035087719298245,0.7931034482758621,46,68,7,12,0.4812030075187969,0.4360902255639097,0.4661654135338345,0.4887218045112781,0.4511278195488721,0.4360902255639097,0.4360902255639097,0.4736842105263157,0.5488721804511278,0.4436090225563909,0.4035087719298245,0.368421052631579,0.0,0.8571428571428571,0.1428571428571428,2.0349677418437717,0
DMART,3,0.8,962,106,134,2024-08-29,2025-05-29,0.3805970149253731,0.4530677655677656,0.5513513513513514,0.3953488372093023,0.9107142857142856,51,78,0,5,0.4402985074626865,0.4029850746268656,0.4925373134328358,0.4402985074626865,0.4552238805970149,0.5074626865671642,0.4104477611940298,0.582089552238806,0.4552238805970149,0.4477611940298507,0.3953488372093023,0.0,0.0,0.9626865671641792,0.0373134328358208,7.999995638910456,0
DMART,4,0.85,1022,113,134,2025-01-13,2025-10-01,0.5,0.4849632434840721,0.6666666666666666,0.5,1.0,67,67,0,0,0.5,0.5,0.4477611940298507,0.4552238805970149,0.5223880597014925,0.4850746268656716,0.4253731343283582,0.6044776119402985,0.5671641791044776,0.5522388059701493,0.5,0.0,0.0,1.0,0.0,0.4288248589087319,0
DMART,5,0.9,1082,120,134,2025-05-30,2026-03-06,0.4850746268656716,0.5085585585585586,0.6229508196721312,0.4634146341463415,0.95,57,66,8,3,0.4477611940298507,0.4477611940298507,0.5149253731343284,0.5298507462686567,0.4925373134328358,0.4850746268656716,0.4925373134328358,0.4776119402985074,0.5074626865671642,0.5223880597014925,0.4634146341463415,0.7272727272727273,0.0,0.917910447761194,0.0820895522388059,0.1451905426432146,0
DMART,6,0.95,1143,126,67,2025-10-03,2026-03-06,0.5970149253731343,0.6282051282051282,0.3720930232558139,0.5333333333333333,0.2857142857142857,8,7,32,20,0.5223880597014925,0.5522388059701493,0.5671641791044776,0.5223880597014925,0.5671641791044776,0.4925373134328358,0.4925373134328358,0.5373134328358209,0.4776119402985074,0.4925373134328358,0.5333333333333333,0.6153846153846154,0.0,0.2238805970149253,0.7761194029850746,0.1000035356387145,8
DRREDDY,1,0.7,802,89,127,2023-10-23,2024-08-12,0.5196850393700787,0.5015037593984962,0.5960264900662252,0.5555555555555556,0.6428571428571429,45,36,21,25,0.4409448818897638,0.4645669291338583,0.5196850393700787,0.5196850393700787,0.5354330708661418,0.5511811023622047,0.4724409448818897,0.5275590551181102,0.5039370078740157,0.5275590551181102,0.5555555555555556,0.4565217391304348,0.0,0.6377952755905512,0.3622047244094488,0.3669730269896235,0
DRREDDY,2,0.75,859,95,128,2024-03-28,2025-01-01,0.5,0.5178396871945259,0.6631578947368421,0.5080645161290323,0.9545454545454546,63,61,1,3,0.484375,0.515625,0.515625,0.53125,0.5859375,0.515625,0.53125,0.4921875,0.4921875,0.515625,0.5080645161290323,0.25,0.0,0.96875,0.03125,0.984802156905906,0
DRREDDY,3,0.8,917,101,127,2024-08-13,2025-05-12,0.4960629921259842,0.5267990074441689,0.6559139784946236,0.4919354838709677,0.9838709677419356,61,63,2,1,0.4881889763779528,0.4881889763779528,0.5433070866141733,0.5354330708661418,0.5433070866141733,0.4881889763779528,0.4803149606299212,0.4251968503937008,0.4488188976377952,0.5118110236220472,0.4919354838709677,0.6666666666666667,0.0,0.9763779527559056,0.0236220472440944,1.5204779658634613,0
DRREDDY,4,0.85,974,108,127,2025-01-02,2025-09-26,0.5275590551181102,0.4630272952853598,0.6808510638297872,0.5203252032520326,0.9846153846153848,64,59,3,1,0.5118110236220472,0.5118110236220472,0.5275590551181102,0.5118110236220472,0.5511811023622047,0.4881889763779528,0.4724409448818897,0.4488188976377952,0.5748031496062992,0.4960629921259842,0.5203252032520326,0.75,0.0,0.968503937007874,0.0314960629921259,1.081967621218242,0
DRREDDY,5,0.9,1031,114,128,2025-05-13,2026-03-04,0.5234375,0.5004960317460317,0.680628272251309,0.5462184873949579,0.9027777777777778,65,54,2,7,0.5625,0.5625,0.5625,0.5546875,0.546875,0.515625,0.5625,0.5078125,0.53125,0.515625,0.5462184873949579,0.2222222222222222,0.0,0.9296875,0.0703125,2.749116512542347,0
DRREDDY,6,0.95,1089,120,64,2025-09-29,2026-03-04,0.546875,0.4595141700404858,0.7070707070707071,0.5737704918032787,0.9210526315789472,35,26,0,3,0.59375,0.59375,0.546875,0.59375,0.53125,0.59375,0.59375,0.421875,0.59375,0.515625,0.5737704918032787,0.0,0.0,0.953125,0.046875,0.986952525959359,8
EICHERMOT,1,0.7,869,96,138,2023-11-17,2024-08-21,0.5362318840579711,0.5162584459459459,0.5492957746478874,0.5735294117647058,0.527027027027027,39,29,35,35,0.4565217391304347,0.4565217391304347,0.4855072463768116,0.463768115942029,0.5289855072463768,0.5507246376811594,0.5362318840579711,0.5144927536231884,0.5144927536231884,0.4710144927536231,0.5735294117647058,0.5,0.0,0.4927536231884058,0.5072463768115942,0.2016104688927331,0
EICHERMOT,2,0.75,931,103,138,2024-03-22,2025-01-13,0.5072463768115942,0.5090336134453781,0.4925373134328358,0.5,0.4852941176470588,33,33,37,35,0.4927536231884058,0.5072463768115942,0.5,0.4782608695652174,0.5289855072463768,0.5652173913043478,0.4855072463768116,0.5507246376811594,0.5,0.5,0.5,0.5138888888888888,0.0,0.4782608695652174,0.5217391304347826,0.5403682070984345,0
EICHERMOT,3,0.8,993,110,138,2024-08-22,2025-05-19,0.5072463768115942,0.5286772486772487,0.5526315789473685,0.4719101123595505,0.6666666666666666,42,47,28,21,0.4565217391304347,0.463768115942029,0.5797101449275363,0.5652173913043478,0.5217391304347826,0.5,0.5217391304347826,0.5,0.5507246376811594,0.4492753623188406,0.4719101123595505,0.5714285714285714,0.0,0.644927536231884,0.3550724637681159,0.2197450943852049,0
EICHERMOT,4,0.85,1055,117,138,2025-01-14,2025-10-10,0.5507246376811594,0.4726421119863743,0.6770833333333334,0.5652173913043478,0.8441558441558441,65,50,11,12,0.5579710144927537,0.5579710144927537,0.5072463768115942,0.5434782608695652,0.572463768115942,0.5942028985507246,0.5217391304347826,0.4420289855072464,0.4492753623188406,0.5507246376811594,0.5652173913043478,0.4782608695652174,0.0,0.8333333333333334,0.1666666666666666,0.4976546610449745,0
EICHERMOT,5,0.9,1117,124,138,2025-05-21,2026-03-05,0.5869565217391305,0.5762820512820512,0.6545454545454545,0.6206896551724138,0.6923076923076923,54,33,27,24,0.5652173913043478,0.5869565217391305,0.572463768115942,0.5434782608695652,0.5652173913043478,0.5434782608695652,0.5652173913043478,0.5217391304347826,0.4855072463768116,0.4710144927536231,0.6206896551724138,0.5294117647058824,0.0,0.6304347826086957,0.3695652173913043,7.999996503473893,0
EICHERMOT,6,0.95,1179,131,69,2025-10-15,2026-03-05,0.463768115942029,0.4595959595959595,0.5647058823529412,0.4897959183673469,0.6666666666666666,24,25,8,12,0.4782608695652174,0.4927536231884058,0.5652173913043478,0.6231884057971014,0.6086956521739131,0.5507246376811594,0.5217391304347826,0.3768115942028985,0.5217391304347826,0.5362318840579711,0.4897959183673469,0.4,0.0,0.7101449275362319,0.2898550724637681,0.2921667842202116,8
ETERNAL,1,0.7,477,52,76,2024-12-05,2025-04-29,0.5,0.4404761904761905,0.4411764705882353,0.4411764705882353,0.4411764705882353,15,19,23,19,0.3947368421052631,0.4605263157894737,0.5394736842105263,0.4473684210526316,0.4868421052631579,0.4078947368421052,0.4736842105263157,0.4736842105263157,0.5394736842105263,0.5131578947368421,0.4411764705882353,0.5476190476190477,0.0,0.4473684210526316,0.5526315789473685,0.2722552363897846,0
ETERNAL,2,0.75,511,56,76,2025-02-06,2025-07-14,0.4868421052631579,0.4703832752613241,0.4657534246575342,0.4473684210526316,0.4857142857142857,17,21,20,18,0.5131578947368421,0.4868421052631579,0.4736842105263157,0.5921052631578947,0.4736842105263157,0.4473684210526316,0.5131578947368421,0.4868421052631579,0.4605263157894737,0.5394736842105263,0.4473684210526316,0.5263157894736843,0.0,0.5,0.5,0.3393657175207741,0
ETERNAL,3,0.8,545,60,76,2025-05-05,2025-09-25,0.5394736842105263,0.5553206483439042,0.4444444444444444,0.4666666666666667,0.4242424242424242,14,16,27,19,0.5657894736842105,0.5131578947368421,0.5526315789473685,0.5,0.5921052631578947,0.5526315789473685,0.6578947368421053,0.5921052631578947,0.5,0.4736842105263157,0.4666666666666667,0.5869565217391304,0.0,0.3947368421052631,0.6052631578947368,0.2402365003363758,0
ETERNAL,4,0.85,579,64,76,2025-07-17,2025-12-18,0.6447368421052632,0.5678650036683786,0.4,0.5625,0.3103448275862069,9,7,40,20,0.618421052631579,0.618421052631579,0.618421052631579,0.5921052631578947,0.631578947368421,0.5921052631578947,0.5921052631578947,0.5657894736842105,0.5921052631578947,0.5657894736842105,0.5625,0.6666666666666667,0.0,0.2105263157894736,0.7894736842105263,0.1000035356387145,0
ETERNAL,5,0.9,613,68,76,2025-09-26,2026-03-09,0.4868421052631579,0.4963768115942029,0.4347826086956521,0.3846153846153846,0.5,15,24,22,15,0.5526315789473685,0.5526315789473685,0.5263157894736842,0.5,0.4736842105263157,0.5657894736842105,0.5526315789473685,0.5263157894736842,0.5789473684210527,0.5263157894736842,0.3846153846153846,0.5945945945945945,0.0,0.5131578947368421,0.4868421052631579,0.312262584022459,0
ETERNAL,6,0.95,648,71,38,2025-12-19,2026-03-09,0.4210526315789473,0.4176136363636363,0.4761904761904761,0.3846153846153846,0.625,10,16,6,6,0.4473684210526316,0.4473684210526316,0.4736842105263157,0.3684210526315789,0.4473684210526316,0.3684210526315789,0.4210526315789473,0.4736842105263157,0.4473684210526316,0.5789473684210527,0.3846153846153846,0.5,0.0,0.6842105263157895,0.3157894736842105,0.5426773463944593,8
EXIDEIND,1,0.7,857,95,136,2023-12-29,2024-09-16,0.4264705882352941,0.4461202185792349,0.2909090909090909,0.4571428571428571,0.2133333333333333,16,19,42,59,0.5147058823529411,0.5514705882352942,0.5220588235294118,0.4338235294117647,0.5147058823529411,0.5220588235294118,0.5514705882352942,0.5147058823529411,0.5735294117647058,0.4338235294117647,0.4571428571428571,0.4158415841584159,0.0,0.2573529411764705,0.7426470588235294,0.1636895082972829,0
EXIDEIND,2,0.75,918,102,136,2024-05-08,2025-01-13,0.5735294117647058,0.6208017334777898,0.6375,0.5368421052631579,0.7846153846153846,51,44,27,14,0.4411764705882353,0.5073529411764706,0.4705882352941176,0.5073529411764706,0.5147058823529411,0.4852941176470588,0.4779411764705882,0.5147058823529411,0.5147058823529411,0.4779411764705882,0.5368421052631579,0.6585365853658536,0.0,0.6985294117647058,0.3014705882352941,0.4660597400129004,0
EXIDEIND,3,0.8,980,108,136,2024-09-17,2025-06-03,0.5441176470588235,0.5047619047619047,0.5079365079365079,0.5333333333333333,0.4848484848484848,32,28,42,34,0.4705882352941176,0.4852941176470588,0.5220588235294118,0.5514705882352942,0.5367647058823529,0.4852941176470588,0.5441176470588235,0.4411764705882353,0.5147058823529411,0.4852941176470588,0.5333333333333333,0.5526315789473684,0.0,0.4411764705882353,0.5588235294117647,0.4748996644093067,0
EXIDEIND,4,0.85,1041,115,136,2025-01-15,2025-10-15,0.4411764705882353,0.4140030441400304,0.4492753623188406,0.4769230769230769,0.4246575342465753,31,34,29,42,0.5,0.5220588235294118,0.5220588235294118,0.5073529411764706,0.5441176470588235,0.4558823529411764,0.4779411764705882,0.5,0.4632352941176471,0.4779411764705882,0.4769230769230769,0.4084507042253521,0.0,0.4779411764705882,0.5220588235294118,7.999995943946613,0
EXIDEIND,5,0.9,1102,122,137,2025-06-04,2026-03-06,0.3941605839416058,0.3747859589041096,0.4028776978417266,0.3733333333333333,0.4375,28,47,26,36,0.4671532846715328,0.4671532846715328,0.4817518248175182,0.5109489051094891,0.5109489051094891,0.437956204379562,0.583941605839416,0.5036496350364964,0.5401459854014599,0.4817518248175182,0.3733333333333333,0.4193548387096774,0.0,0.5474452554744526,0.4525547445255474,7.999994958006822,0
EXIDEIND,6,0.95,1163,129,69,2025-10-16,2026-03-06,0.4927536231884058,0.4320557491289198,0.5070422535211268,0.4186046511627907,0.6428571428571429,18,25,16,10,0.4057971014492754,0.4057971014492754,0.4202898550724637,0.4492753623188406,0.5362318840579711,0.4347826086956521,0.463768115942029,0.3768115942028985,0.3623188405797101,0.5797101449275363,0.4186046511627907,0.6153846153846154,0.0,0.6231884057971014,0.3768115942028985,0.2281913298725206,8
FEDERALBNK,1,0.7,864,96,137,2023-09-07,2024-07-10,0.4963503649635036,0.5346491228070176,0.448,0.6222222222222222,0.35,28,17,40,52,0.4598540145985401,0.4817518248175182,0.4817518248175182,0.4087591240875912,0.4598540145985401,0.5255474452554745,0.5036496350364964,0.4963503649635036,0.4671532846715328,0.5109489051094891,0.6222222222222222,0.4347826086956522,0.0,0.3284671532846715,0.6715328467153284,0.1771779300191315,0
FEDERALBNK,2,0.75,927,102,137,2024-02-06,2024-12-11,0.5109489051094891,0.5364469663902226,0.5179856115107914,0.6,0.4556962025316455,36,24,34,43,0.5766423357664233,0.5036496350364964,0.4598540145985401,0.3722627737226277,0.5036496350364964,0.5109489051094891,0.5328467153284672,0.4817518248175182,0.4817518248175182,0.4671532846715328,0.6,0.4415584415584416,0.0,0.437956204379562,0.5620437956204379,0.490076475678262,0
FEDERALBNK,3,0.8,988,109,137,2024-07-11,2025-04-29,0.4744525547445255,0.4505330490405117,0.6170212765957447,0.4915254237288136,0.8285714285714286,58,60,7,12,0.5109489051094891,0.5182481751824818,0.5109489051094891,0.5620437956204379,0.5182481751824818,0.4817518248175182,0.5036496350364964,0.5036496350364964,0.5109489051094891,0.5328467153284672,0.4915254237288136,0.368421052631579,0.0,0.8613138686131386,0.1386861313868613,0.1631010086953017,0
FEDERALBNK,4,0.85,1050,116,137,2024-12-16,2025-10-10,0.4963503649635036,0.520042643923241,0.6461538461538462,0.4921875,0.9402985074626866,63,65,5,4,0.4744525547445255,0.4963503649635036,0.4817518248175182,0.5109489051094891,0.5109489051094891,0.4890510948905109,0.4890510948905109,0.4525547445255474,0.5182481751824818,0.4890510948905109,0.4921875,0.5555555555555556,0.0,0.9343065693430656,0.0656934306569343,0.3357103268343417,0
FEDERALBNK,5,0.9,1111,123,138,2025-04-30,2026-03-05,0.5434782608695652,0.5053056027164686,0.6926829268292682,0.5503875968992248,0.9342105263157896,71,58,4,5,0.5507246376811594,0.5507246376811594,0.5362318840579711,0.5434782608695652,0.5,0.5507246376811594,0.5217391304347826,0.5072463768115942,0.5289855072463768,0.5507246376811594,0.5503875968992248,0.4444444444444444,0.0,0.9347826086956522,0.0652173913043478,1.0597650986184144,0
FEDERALBNK,6,0.95,1173,130,69,2025-10-13,2026-03-05,0.4492753623188406,0.446551724137931,0.5957446808510638,0.5185185185185185,0.7,28,26,3,12,0.5797101449275363,0.5797101449275363,0.5652173913043478,0.5217391304347826,0.5362318840579711,0.391304347826087,0.5507246376811594,0.4782608695652174,0.5797101449275363,0.5942028985507246,0.5185185185185185,0.1999999999999999,0.0,0.782608695652174,0.217391304347826,4.571028681254677,8
GAIL,1,0.7,888,98,141,2023-12-22,2024-09-09,0.4680851063829787,0.4904626623376624,0.4186046511627907,0.5192307692307693,0.3506493506493506,27,25,39,50,0.5460992907801419,0.5460992907801419,0.5460992907801419,0.5035460992907801,0.5886524822695035,0.5106382978723404,0.4893617021276595,0.4609929078014184,0.4964539007092198,0.4609929078014184,0.5192307692307693,0.4382022471910112,0.0,0.3687943262411347,0.6312056737588653,0.1689239527378677,0
GAIL,2,0.75,951,105,141,2024-04-30,2025-01-20,0.4964539007092198,0.5104754230459307,0.6467661691542289,0.4887218045112781,0.9558823529411764,65,68,5,3,0.4822695035460992,0.4893617021276595,0.475177304964539,0.4964539007092198,0.5319148936170213,0.5319148936170213,0.5319148936170213,0.5177304964539007,0.4822695035460992,0.4680851063829787,0.4887218045112781,0.625,0.0,0.9432624113475178,0.0567375886524822,0.3714247397968709,0
GAIL,3,0.8,1015,112,141,2024-09-10,2025-05-26,0.524822695035461,0.4947686116700202,0.6417112299465241,0.5128205128205128,0.8571428571428571,60,57,14,10,0.5106382978723404,0.4964539007092198,0.5177304964539007,0.4539007092198581,0.4893617021276595,0.5106382978723404,0.4893617021276595,0.5390070921985816,0.4964539007092198,0.4893617021276595,0.5128205128205128,0.5833333333333333,0.0,0.8297872340425532,0.1702127659574468,1.4337336222481205,0
GAIL,4,0.85,1078,119,141,2025-01-22,2025-10-14,0.5177304964539007,0.5150966183574879,0.6699029126213593,0.5149253731343284,0.9583333333333334,69,65,4,3,0.5106382978723404,0.5106382978723404,0.5106382978723404,0.5319148936170213,0.5177304964539007,0.5035460992907801,0.4964539007092198,0.4822695035460992,0.4964539007092198,0.4964539007092198,0.5149253731343284,0.5714285714285714,0.0,0.950354609929078,0.0496453900709219,1.6256888888619256,0
GAIL,5,0.9,1142,126,141,2025-05-28,2026-03-05,0.5106382978723404,0.5092592592592593,0.676056338028169,0.5106382978723404,1.0,72,69,0,0,0.5106382978723404,0.5106382978723404,0.5106382978723404,0.4964539007092198,0.5106382978723404,0.4893617021276595,0.5177304964539007,0.4609929078014184,0.5531914893617021,0.5460992907801419,0.5106382978723404,0.0,0.0,1.0,0.0,7.999996467962377,0
GAIL,6,0.95,1205,133,71,2025-10-15,2026-03-05,0.4788732394366197,0.4460317460317461,0.6185567010309279,0.4918032786885246,0.8333333333333334,30,31,4,6,0.5070422535211268,0.5070422535211268,0.5352112676056338,0.4929577464788732,0.5211267605633803,0.5211267605633803,0.4507042253521127,0.5211267605633803,0.5070422535211268,0.5070422535211268,0.4918032786885246,0.4,0.0,0.8591549295774648,0.1408450704225352,0.7990586411803139,8
GODREJCP,1,0.7,847,94,135,2023-12-08,2024-08-27,0.5037037037037037,0.5925274725274725,0.3619047619047619,0.5428571428571428,0.2714285714285714,19,16,49,51,0.5259259259259259,0.5259259259259259,0.5259259259259259,0.5259259259259259,0.5555555555555556,0.5555555555555556,0.5111111111111111,0.4666666666666667,0.5037037037037037,0.4888888888888889,0.5428571428571428,0.49,0.0,0.2592592592592592,0.7407407407407407,0.5103785982956872,0
GODREJCP,2,0.75,908,100,135,2024-04-19,2025-01-08,0.4592592592592592,0.439373897707231,0.376068376068376,0.4074074074074074,0.3492063492063492,22,32,40,41,0.4666666666666667,0.5037037037037037,0.4962962962962963,0.4814814814814814,0.5037037037037037,0.5481481481481482,0.4962962962962963,0.4592592592592592,0.5037037037037037,0.4888888888888889,0.4074074074074074,0.4938271604938271,0.0,0.4,0.6,0.1000035356387145,0
GODREJCP,3,0.8,969,107,134,2024-08-30,2025-05-23,0.5,0.49375,0.5109489051094891,0.4216867469879518,0.6481481481481481,35,48,32,19,0.4328358208955223,0.4626865671641791,0.4477611940298507,0.5373134328358209,0.5298507462686567,0.4626865671641791,0.4701492537313433,0.4776119402985074,0.5223880597014925,0.582089552238806,0.4216867469879518,0.6274509803921569,0.0,0.6194029850746269,0.3805970149253731,0.3671361296282201,0
GODREJCP,4,0.85,1029,114,134,2025-01-09,2025-10-13,0.4552238805970149,0.5224358974358974,0.535031847133758,0.4158415841584158,0.75,42,59,19,14,0.4029850746268656,0.4104477611940298,0.5671641791044776,0.5597014925373134,0.5149253731343284,0.5298507462686567,0.4776119402985074,0.5223880597014925,0.5373134328358209,0.4477611940298507,0.4158415841584158,0.5757575757575757,0.0,0.753731343283582,0.2462686567164179,7.999994675570879,0
GODREJCP,5,0.9,1089,121,135,2025-05-26,2026-03-04,0.4888888888888889,0.4124779541446208,0.6187845303867403,0.5137614678899083,0.7777777777777778,56,53,10,16,0.5333333333333333,0.5333333333333333,0.4740740740740741,0.4962962962962963,0.5333333333333333,0.4814814814814814,0.5185185185185185,0.4444444444444444,0.4592592592592592,0.5481481481481482,0.5137614678899083,0.3846153846153846,0.0,0.8074074074074075,0.1925925925925926,0.5562479247153627,0
GODREJCP,6,0.95,1150,127,68,2025-10-14,2026-03-04,0.3529411764705882,0.5056818181818181,0.1538461538461538,0.5,0.0909090909090909,4,4,20,40,0.3529411764705882,0.3529411764705882,0.4705882352941176,0.5147058823529411,0.3676470588235294,0.6470588235294118,0.5,0.4117647058823529,0.4705882352941176,0.3529411764705882,0.5,0.3333333333333333,0.0,0.1176470588235294,0.8823529411764706,0.3100887010159991,8
GODREJPROP,1,0.7,923,102,147,2023-12-15,2024-09-12,0.5238095238095238,0.5380597014925372,0.5882352941176471,0.5555555555555556,0.625,50,40,27,30,0.5306122448979592,0.4829931972789115,0.5510204081632653,0.5034013605442177,0.5306122448979592,0.5306122448979592,0.5374149659863946,0.4965986394557823,0.4965986394557823,0.5034013605442177,0.5555555555555556,0.4736842105263158,0.0,0.6122448979591837,0.3877551020408163,0.3384701930183847,0
GODREJPROP,2,0.75,989,109,147,2024-05-03,2025-01-17,0.5170068027210885,0.5418363569048501,0.6120218579234973,0.5137614678899083,0.7567567567567568,56,53,20,18,0.5034013605442177,0.5034013605442177,0.5306122448979592,0.5578231292517006,0.5102040816326531,0.5306122448979592,0.5578231292517006,0.5102040816326531,0.4761904761904761,0.5170068027210885,0.5137614678899083,0.5263157894736843,0.0,0.7414965986394558,0.2585034013605442,0.3735847096587777,0
GODREJPROP,3,0.8,1055,117,146,2024-09-13,2025-06-11,0.5068493150684932,0.5058183183183182,0.6326530612244898,0.5,0.8611111111111112,62,62,12,10,0.4931506849315068,0.4863013698630137,0.4726027397260274,0.4931506849315068,0.4726027397260274,0.4726027397260274,0.5,0.5,0.4589041095890411,0.5,0.5,0.5454545454545454,0.0,0.8493150684931506,0.1506849315068493,0.5246752247038136,0
GODREJPROP,4,0.85,1121,124,146,2025-01-20,2025-10-27,0.5,0.4495774647887324,0.6604651162790698,0.4930555555555556,1.0,71,73,2,0,0.4657534246575342,0.5,0.5,0.4452054794520548,0.4794520547945205,0.4863013698630137,0.5068493150684932,0.5273972602739726,0.4657534246575342,0.5068493150684932,0.4930555555555556,1.0,0.0,0.9863013698630136,0.0136986301369863,3.700591287750046,0
GODREJPROP,5,0.9,1187,131,147,2025-06-12,2026-03-06,0.4897959183673469,0.5009290226681531,0.6031746031746031,0.475,0.8260869565217391,57,63,15,12,0.4693877551020408,0.4693877551020408,0.4897959183673469,0.4625850340136054,0.4829931972789115,0.4965986394557823,0.4897959183673469,0.4217687074829932,0.4965986394557823,0.4693877551020408,0.475,0.5555555555555556,0.0,0.8163265306122449,0.1836734693877551,7.999995105440985,0
GODREJPROP,6,0.95,1252,139,74,2025-10-28,2026-03-06,0.4459459459459459,0.5757575757575758,0.616822429906542,0.4459459459459459,1.0,33,41,0,0,0.4459459459459459,0.4459459459459459,0.4459459459459459,0.4324324324324324,0.3783783783783784,0.581081081081081,0.4459459459459459,0.4729729729729729,0.4459459459459459,0.4864864864864865,0.4459459459459459,0.0,0.0,1.0,0.0,2.0952052315833853,8
GRASIM,1,0.7,855,94,136,2023-11-07,2024-08-12,0.5955882352941176,0.5850446428571427,0.7236180904522613,0.6050420168067226,0.9,72,47,9,8,0.5735294117647058,0.5882352941176471,0.5882352941176471,0.5220588235294118,0.5367647058823529,0.5661764705882353,0.5147058823529411,0.5588235294117647,0.5220588235294118,0.5882352941176471,0.6050420168067226,0.5294117647058824,0.0,0.875,0.125,1.50363444593803,0
GRASIM,2,0.75,916,101,136,2024-04-05,2024-12-24,0.4926470588235294,0.4775731310942578,0.6057142857142858,0.5096153846153846,0.7464788732394366,53,51,14,18,0.5220588235294118,0.5441176470588235,0.4926470588235294,0.5514705882352942,0.5073529411764706,0.4632352941176471,0.4852941176470588,0.5,0.5220588235294118,0.4852941176470588,0.5096153846153846,0.4375,0.0,0.7647058823529411,0.2352941176470588,0.4593233055225046,0
GRASIM,3,0.8,977,108,136,2024-08-14,2025-05-14,0.5441176470588235,0.4863754325259515,0.6736842105263158,0.5245901639344263,0.9411764705882352,64,58,10,4,0.5367647058823529,0.5294117647058824,0.4852941176470588,0.4632352941176471,0.4705882352941176,0.4852941176470588,0.5073529411764706,0.4926470588235294,0.4632352941176471,0.4779411764705882,0.5245901639344263,0.7142857142857143,0.0,0.8970588235294118,0.1029411764705882,0.3874504808503088,0
GRASIM,4,0.85,1038,115,136,2024-12-27,2025-09-30,0.4558823529411764,0.483982683982684,0.6021505376344086,0.4666666666666667,0.8484848484848485,56,64,6,10,0.4852941176470588,0.4852941176470588,0.4632352941176471,0.4852941176470588,0.5,0.4705882352941176,0.4191176470588235,0.4338235294117647,0.5147058823529411,0.5294117647058824,0.4666666666666667,0.375,0.0,0.8823529411764706,0.1176470588235294,1.351731949531212,0
GRASIM,5,0.9,1099,122,136,2025-05-15,2026-03-06,0.4779411764705882,0.5006510416666667,0.6432160804020101,0.4740740740740741,1.0,64,71,1,0,0.4485294117647059,0.4558823529411764,0.4926470588235294,0.4779411764705882,0.5073529411764706,0.4705882352941176,0.4632352941176471,0.5,0.5294117647058824,0.4632352941176471,0.4740740740740741,1.0,0.0,0.9926470588235294,0.0073529411764705,2.1515500785032846,0
GRASIM,6,0.95,1161,128,68,2025-10-03,2026-03-06,0.4852941176470588,0.2915224913494809,0.6534653465346535,0.4925373134328358,0.9705882352941176,33,34,0,1,0.5,0.5,0.5,0.5,0.4558823529411764,0.5,0.4558823529411764,0.5441176470588235,0.5441176470588235,0.5,0.4925373134328358,0.0,0.0,0.9852941176470588,0.0147058823529411,7.999993575454375,8
HAL,1,0.7,854,94,136,2024-01-24,2024-09-20,0.3823529411764705,0.4111475409836065,0.3114754098360656,0.4042553191489361,0.2533333333333333,19,28,33,56,0.5661764705882353,0.6323529411764706,0.4632352941176471,0.5294117647058824,0.5441176470588235,0.5514705882352942,0.5147058823529411,0.5147058823529411,0.5073529411764706,0.5514705882352942,0.4042553191489361,0.3707865168539326,0.0,0.3455882352941176,0.6544117647058824,0.4248501225837128,0
HAL,2,0.75,915,101,135,2024-05-29,2025-01-31,0.5037037037037037,0.5151648351648351,0.524822695035461,0.4868421052631579,0.5692307692307692,37,39,31,28,0.4740740740740741,0.5111111111111111,0.4814814814814814,0.4222222222222222,0.4814814814814814,0.4074074074074074,0.4962962962962963,0.5111111111111111,0.4074074074074074,0.437037037037037,0.4868421052631579,0.5254237288135593,0.0,0.562962962962963,0.437037037037037,0.2930945329570765,0
HAL,3,0.8,976,108,135,2024-09-23,2025-06-03,0.5185185185185185,0.4863736263736263,0.656084656084656,0.5210084033613446,0.8857142857142857,62,57,8,8,0.5185185185185185,0.5111111111111111,0.5185185185185185,0.5037037037037037,0.4666666666666667,0.5259259259259259,0.4962962962962963,0.5111111111111111,0.5185185185185185,0.4962962962962963,0.5210084033613446,0.5,0.0,0.8814814814814815,0.1185185185185185,1.0470998352437924,0
HAL,4,0.85,1036,115,136,2025-02-01,2025-10-24,0.4779411764705882,0.4761904761904761,0.6432160804020101,0.4961240310077519,0.9142857142857144,64,65,1,6,0.5147058823529411,0.5147058823529411,0.4411764705882353,0.5147058823529411,0.5220588235294118,0.5,0.4264705882352941,0.5147058823529411,0.4485294117647059,0.4705882352941176,0.4961240310077519,0.1428571428571429,0.0,0.9485294117647058,0.0514705882352941,7.999993245879508,0
HAL,5,0.9,1098,121,136,2025-06-04,2026-03-06,0.4852941176470588,0.4692640692640693,0.6354166666666666,0.4841269841269841,0.9242424242424242,61,65,5,5,0.4852941176470588,0.4852941176470588,0.4852941176470588,0.5294117647058824,0.4779411764705882,0.4852941176470588,0.5073529411764706,0.4485294117647059,0.4852941176470588,0.5441176470588235,0.4841269841269841,0.5,0.0,0.9264705882352942,0.0735294117647058,0.6651267143935596,0
HAL,6,0.95,1159,128,68,2025-10-27,2026-03-06,0.5294117647058824,0.5575757575757575,0.627906976744186,0.5094339622641509,0.8181818181818182,27,26,9,6,0.4852941176470588,0.5294117647058824,0.3970588235294117,0.4852941176470588,0.4411764705882353,0.4117647058823529,0.5,0.5,0.4411764705882353,0.5,0.5094339622641509,0.6,0.0,0.7794117647058824,0.2205882352941176,0.5272226859255906,8
HAVELLS,1,0.7,839,93,133,2023-11-20,2024-08-22,0.4661654135338345,0.4132867132867133,0.5748502994011976,0.5393258426966292,0.6153846153846154,48,41,14,30,0.5714285714285714,0.4887218045112781,0.4060150375939849,0.4736842105263157,0.4812030075187969,0.4736842105263157,0.4661654135338345,0.4736842105263157,0.5488721804511278,0.5488721804511278,0.5393258426966292,0.3181818181818182,0.0,0.6691729323308271,0.3308270676691729,0.3013200309310753,0
HAVELLS,2,0.75,900,99,133,2024-04-12,2025-01-10,0.5037593984962406,0.4753393665158371,0.6292134831460674,0.509090909090909,0.8235294117647058,56,54,11,12,0.5112781954887218,0.5112781954887218,0.4511278195488721,0.4736842105263157,0.518796992481203,0.5112781954887218,0.5263157894736842,0.5338345864661654,0.4887218045112781,0.4962406015037593,0.509090909090909,0.4782608695652174,0.0,0.8270676691729323,0.1729323308270676,1.4745727382839675,0
HAVELLS,3,0.8,959,106,133,2024-08-23,2025-05-12,0.4360902255639097,0.4262777023971054,0.5033112582781457,0.4470588235294118,0.5757575757575758,38,47,20,28,0.4962406015037593,0.4962406015037593,0.4812030075187969,0.6165413533834586,0.5413533834586466,0.4887218045112781,0.5263157894736842,0.4586466165413533,0.4210526315789473,0.4812030075187969,0.4470588235294118,0.4166666666666666,0.0,0.6390977443609023,0.3609022556390977,2.2046075023367604,0
HAVELLS,4,0.85,1019,113,133,2025-01-13,2025-10-10,0.4962406015037593,0.4402714932126697,0.5503355704697986,0.5061728395061729,0.6029411764705882,41,40,25,27,0.5112781954887218,0.5112781954887218,0.4586466165413533,0.4736842105263157,0.3984962406015037,0.4511278195488721,0.5112781954887218,0.4586466165413533,0.4887218045112781,0.4962406015037593,0.5061728395061729,0.4807692307692307,0.0,0.6090225563909775,0.3909774436090225,7.999996206532802,0
HAVELLS,5,0.9,1079,119,134,2025-05-15,2026-03-05,0.4626865671641791,0.4024064171122994,0.6210526315789474,0.4836065573770491,0.8676470588235294,59,63,3,9,0.5,0.5074626865671642,0.5074626865671642,0.5373134328358209,0.4776119402985074,0.5149253731343284,0.5,0.4925373134328358,0.5074626865671642,0.4626865671641791,0.4836065573770491,0.25,0.0,0.9104477611940298,0.0895522388059701,0.7076231826623585,0
HAVELLS,6,0.95,1139,126,67,2025-10-13,2026-03-05,0.4925373134328358,0.4711711711711712,0.6222222222222222,0.5283018867924528,0.7567567567567568,28,25,5,9,0.5671641791044776,0.5522388059701493,0.5671641791044776,0.4477611940298507,0.5223880597014925,0.4626865671641791,0.4776119402985074,0.5522388059701493,0.5074626865671642,0.5074626865671642,0.5283018867924528,0.3571428571428571,0.0,0.7910447761194029,0.208955223880597,0.4310147181298664,8
HCLTECH,1,0.7,819,90,130,2023-12-07,2024-08-30,0.5461538461538461,0.5469085700644545,0.7064676616915423,0.5461538461538461,1.0,71,59,0,0,0.5076923076923077,0.5461538461538461,0.5230769230769231,0.5461538461538461,0.4923076923076923,0.5,0.5384615384615384,0.5615384615384615,0.5538461538461539,0.5076923076923077,0.5461538461538461,0.0,0.0,1.0,0.0,0.5053741575403154,0
HCLTECH,2,0.75,877,97,130,2024-04-23,2025-01-27,0.5461538461538461,0.5452375268560516,0.7064676616915423,0.5461538461538461,1.0,71,59,0,0,0.5461538461538461,0.5461538461538461,0.5230769230769231,0.5,0.5,0.4923076923076923,0.4461538461538462,0.5769230769230769,0.5307692307692308,0.5461538461538461,0.5461538461538461,0.0,0.0,1.0,0.0,2.224005298269779,0
HCLTECH,3,0.8,936,103,130,2024-09-02,2025-06-09,0.5076923076923077,0.5411931818181819,0.673469387755102,0.5076923076923077,1.0,66,64,0,0,0.5076923076923077,0.5076923076923077,0.5230769230769231,0.4923076923076923,0.5076923076923077,0.5076923076923077,0.4692307692307692,0.4692307692307692,0.5230769230769231,0.5230769230769231,0.5076923076923077,0.0,0.0,1.0,0.0,0.7996172157484859,0
HCLTECH,4,0.85,994,110,130,2025-01-28,2025-10-21,0.4769230769230769,0.455965909090909,0.6091954022988506,0.4818181818181818,0.828125,53,57,9,11,0.5076923076923077,0.4769230769230769,0.4538461538461538,0.4769230769230769,0.5384615384615384,0.4923076923076923,0.5307692307692308,0.4769230769230769,0.5076923076923077,0.4769230769230769,0.4818181818181818,0.4499999999999999,0.0,0.8461538461538461,0.1538461538461538,0.1527719565846845,0
HCLTECH,5,0.9,1053,116,130,2025-06-10,2026-03-04,0.4923076923076923,0.5069888651978205,0.6526315789473685,0.4881889763779528,0.984126984126984,62,65,2,1,0.4846153846153846,0.4846153846153846,0.4769230769230769,0.4692307692307692,0.4692307692307692,0.4923076923076923,0.4615384615384615,0.5615384615384615,0.4846153846153846,0.5153846153846153,0.4881889763779528,0.6666666666666667,0.0,0.9769230769230768,0.023076923076923,0.5403247323080409,0
HCLTECH,6,0.95,1111,123,65,2025-10-24,2026-03-04,0.5076923076923077,0.3920454545454545,0.673469387755102,0.5076923076923077,1.0,33,32,0,0,0.5076923076923077,0.5076923076923077,0.4,0.5230769230769231,0.4615384615384615,0.4307692307692308,0.5384615384615384,0.4461538461538462,0.5230769230769231,0.5076923076923077,0.5076923076923077,0.0,0.0,1.0,0.0,7.999995202199861,8
HDFCBANK,1,0.7,777,86,124,2023-10-03,2024-07-29,0.4838709677419355,0.4569258968316313,0.5949367088607594,0.5164835164835165,0.7014925373134329,47,44,13,20,0.5403225806451613,0.5403225806451613,0.5967741935483871,0.4838709677419355,0.4919354838709677,0.4274193548387097,0.5080645161290323,0.4435483870967742,0.5161290322580645,0.4435483870967742,0.5164835164835165,0.3939393939393939,0.0,0.7338709677419355,0.2661290322580645,0.3394054144341971,0
HDFCBANK,2,0.75,833,92,123,2024-03-07,2024-12-12,0.5691056910569106,0.5631549917264203,0.6344827586206897,0.647887323943662,0.6216216216216216,46,25,24,28,0.6016260162601627,0.5609756097560976,0.5284552845528455,0.4634146341463415,0.5772357723577236,0.6016260162601627,0.4878048780487805,0.4715447154471545,0.4308943089430894,0.5772357723577236,0.647887323943662,0.4615384615384615,0.0,0.5772357723577236,0.4227642276422764,1.3621660625601113,0
HDFCBANK,3,0.8,889,98,123,2024-07-31,2025-04-28,0.5121951219512195,0.4932903918411165,0.5384615384615384,0.5737704918032787,0.5072463768115942,35,26,28,34,0.5365853658536586,0.5284552845528455,0.5691056910569106,0.5365853658536586,0.5609756097560976,0.5853658536585366,0.5284552845528455,0.4715447154471545,0.5365853658536586,0.4552845528455284,0.5737704918032787,0.4516129032258065,0.0,0.4959349593495935,0.5040650406504065,0.5989851240605213,0
HDFCBANK,4,0.85,944,104,124,2024-12-16,2025-09-30,0.5564516129032258,0.5329169919333854,0.60431654676259,0.5526315789473685,0.6666666666666666,42,34,27,21,0.532258064516129,0.532258064516129,0.4838709677419355,0.532258064516129,0.5645161290322581,0.4677419354838709,0.532258064516129,0.5403225806451613,0.5806451612903226,0.4919354838709677,0.5526315789473685,0.5625,0.0,0.6129032258064516,0.3870967741935484,0.1754178119556097,0
HDFCBANK,5,0.9,999,111,124,2025-04-29,2026-03-05,0.5080645161290323,0.4599375650364204,0.6347305389221557,0.5047619047619047,0.8548387096774194,53,52,10,9,0.4919354838709677,0.5,0.4758064516129032,0.4435483870967742,0.4677419354838709,0.4758064516129032,0.5403225806451613,0.4758064516129032,0.4596774193548387,0.5,0.5047619047619047,0.5263157894736843,0.0,0.8467741935483871,0.1532258064516129,0.6041817183809952,0
HDFCBANK,6,0.95,1055,117,62,2025-10-03,2026-03-05,0.4838709677419355,0.5104166666666667,0.6521739130434783,0.4838709677419355,1.0,30,32,0,0,0.4838709677419355,0.4677419354838709,0.4516129032258064,0.5161290322580645,0.5967741935483871,0.4838709677419355,0.5483870967741935,0.5,0.4838709677419355,0.4838709677419355,0.4838709677419355,0.0,0.0,1.0,0.0,3.974785406361059,8
HDFCLIFE,1,0.7,845,93,134,2023-11-23,2024-09-09,0.5970149253731343,0.5898863889507685,0.5645161290322581,0.6140350877192983,0.5223880597014925,35,22,45,32,0.5,0.4850746268656716,0.4701492537313433,0.4626865671641791,0.5,0.5223880597014925,0.4402985074626865,0.4701492537313433,0.5149253731343284,0.4701492537313433,0.6140350877192983,0.5844155844155844,0.0,0.4253731343283582,0.5746268656716418,0.3004954834342982,0
HDFCLIFE,2,0.75,905,100,134,2024-04-23,2025-01-20,0.5522388059701493,0.5015597147950089,0.5238095238095238,0.55,0.5,33,27,41,33,0.417910447761194,0.417910447761194,0.5970149253731343,0.4776119402985074,0.4925373134328358,0.5895522388059702,0.4925373134328358,0.5298507462686567,0.5223880597014925,0.4850746268656716,0.55,0.5540540540540541,0.0,0.4477611940298507,0.5522388059701493,0.5537113626114796,0
HDFCLIFE,3,0.8,965,107,134,2024-09-11,2025-06-02,0.5671641791044776,0.5844534050179211,0.4821428571428571,0.54,0.4354838709677419,27,23,49,35,0.5447761194029851,0.5447761194029851,0.4552238805970149,0.4925373134328358,0.5671641791044776,0.5373134328358209,0.5298507462686567,0.4850746268656716,0.5223880597014925,0.4776119402985074,0.54,0.5833333333333333,0.0,0.373134328358209,0.6268656716417911,0.8867057482167348,0
HDFCLIFE,4,0.85,1026,113,134,2025-01-22,2025-10-23,0.5746268656716418,0.6032523947427044,0.4672897196261682,0.625,0.373134328358209,25,15,52,42,0.5298507462686567,0.5,0.5597014925373134,0.5,0.5223880597014925,0.4402985074626865,0.5223880597014925,0.5223880597014925,0.5298507462686567,0.4850746268656716,0.625,0.5531914893617021,0.0,0.2985074626865671,0.7014925373134329,0.2644368924944208,0
HDFCLIFE,5,0.9,1086,120,135,2025-06-05,2026-03-05,0.5185185185185185,0.5141093474426808,0.3689320388349514,0.475,0.3015873015873015,19,21,51,44,0.4740740740740741,0.4740740740740741,0.5333333333333333,0.5111111111111111,0.4740740740740741,0.4074074074074074,0.5703703703703704,0.5111111111111111,0.5037037037037037,0.4592592592592592,0.475,0.5368421052631579,0.0,0.2962962962962963,0.7037037037037037,0.2177024752654186,0
HDFCLIFE,6,0.95,1146,127,68,2025-10-27,2026-03-05,0.6029411764705882,0.6652136006974716,0.5263157894736842,0.5769230769230769,0.4838709677419355,15,11,26,16,0.5441176470588235,0.5441176470588235,0.4705882352941176,0.5294117647058824,0.4852941176470588,0.5294117647058824,0.5735294117647058,0.4852941176470588,0.5294117647058824,0.5588235294117647,0.5769230769230769,0.6190476190476191,0.0,0.3823529411764705,0.6176470588235294,0.3268461000103037,8
HEROMOTOCO,1,0.7,860,95,137,2023-12-21,2024-09-24,0.5766423357664233,0.6010430247718384,0.6547619047619048,0.6111111111111112,0.7051282051282052,55,35,24,23,0.5766423357664233,0.5547445255474452,0.5401459854014599,0.5109489051094891,0.5182481751824818,0.4671532846715328,0.5255474452554745,0.4744525547445255,0.5182481751824818,0.5693430656934306,0.6111111111111112,0.5106382978723405,0.0,0.656934306569343,0.3430656934306569,0.4790055450831001,0
HEROMOTOCO,2,0.75,921,102,137,2024-05-08,2025-01-29,0.4817518248175182,0.5412393162393162,0.5942857142857143,0.4727272727272727,0.8,52,58,14,13,0.4744525547445255,0.4817518248175182,0.4817518248175182,0.4525547445255474,0.5109489051094891,0.437956204379562,0.5328467153284672,0.5255474452554745,0.3941605839416058,0.4890510948905109,0.4727272727272727,0.5185185185185186,0.0,0.8029197080291971,0.1970802919708029,0.2081952839495675,0
HEROMOTOCO,3,0.8,983,109,136,2024-09-25,2025-06-02,0.4338235294117647,0.4855822143957737,0.6051282051282051,0.4338235294117647,1.0,59,77,0,0,0.4338235294117647,0.4485294117647059,0.5220588235294118,0.4558823529411764,0.4558823529411764,0.5220588235294118,0.4117647058823529,0.4779411764705882,0.4338235294117647,0.5294117647058824,0.4338235294117647,0.0,0.0,1.0,0.0,3.8972619644444593,0
HEROMOTOCO,4,0.85,1044,116,136,2025-01-30,2025-10-17,0.5220588235294118,0.5018579234972678,0.6766169154228856,0.5396825396825397,0.9066666666666666,68,58,3,7,0.5514705882352942,0.5514705882352942,0.5735294117647058,0.4779411764705882,0.4926470588235294,0.5441176470588235,0.5441176470588235,0.5,0.5514705882352942,0.4779411764705882,0.5396825396825397,0.3,0.0,0.9264705882352942,0.0735294117647058,7.999996522719696,0
HEROMOTOCO,5,0.9,1106,122,137,2025-06-04,2026-03-05,0.5328467153284672,0.3905376344086021,0.673469387755102,0.5454545454545454,0.88,66,55,7,9,0.5474452554744526,0.5036496350364964,0.5401459854014599,0.437956204379562,0.4963503649635036,0.4744525547445255,0.5036496350364964,0.5255474452554745,0.4598540145985401,0.4963503649635036,0.5454545454545454,0.4375,0.0,0.8832116788321168,0.1167883211678832,0.5437897322209602,0
HEROMOTOCO,6,0.95,1167,129,69,2025-10-21,2026-03-05,0.4927536231884058,0.4310924369747899,0.5679012345679012,0.5,0.6571428571428571,23,23,11,12,0.4347826086956521,0.4202898550724637,0.4782608695652174,0.5072463768115942,0.3623188405797101,0.5072463768115942,0.4202898550724637,0.5362318840579711,0.4927536231884058,0.4927536231884058,0.5,0.4782608695652174,0.0,0.6666666666666666,0.3333333333333333,0.2325084089227358,8
HINDALCO,1,0.7,906,100,144,2023-11-16,2024-08-19,0.5694444444444444,0.5763276504017245,0.5694444444444444,0.6507936507936508,0.5061728395061729,41,22,41,40,0.5277777777777778,0.5,0.4791666666666667,0.5555555555555556,0.4791666666666667,0.4305555555555556,0.5347222222222222,0.5138888888888888,0.5694444444444444,0.4791666666666667,0.6507936507936508,0.5061728395061729,0.0,0.4375,0.5625,0.3412900877495656,0
HINDALCO,2,0.75,971,107,144,2024-04-09,2025-01-09,0.5,0.537065637065637,0.5384615384615384,0.4883720930232558,0.6,42,44,30,28,0.4861111111111111,0.4861111111111111,0.5208333333333334,0.4722222222222222,0.5069444444444444,0.4583333333333333,0.4861111111111111,0.4583333333333333,0.4791666666666667,0.5277777777777778,0.4883720930232558,0.5172413793103448,0.0,0.5972222222222222,0.4027777777777778,0.2695986926323166,0
HINDALCO,3,0.8,1035,115,144,2024-08-20,2025-06-05,0.5486111111111112,0.4978764478764478,0.6700507614213198,0.5365853658536586,0.8918918918918919,66,57,13,8,0.5138888888888888,0.5138888888888888,0.5138888888888888,0.4722222222222222,0.4930555555555556,0.4375,0.4166666666666667,0.4652777777777778,0.5277777777777778,0.5069444444444444,0.5365853658536586,0.6190476190476191,0.0,0.8541666666666666,0.1458333333333333,0.2949067734669129,0
HINDALCO,4,0.85,1100,122,144,2025-01-10,2025-10-24,0.5555555555555556,0.5185978578383642,0.6404494382022472,0.5757575757575758,0.7215189873417721,57,42,23,22,0.5486111111111112,0.5416666666666666,0.5138888888888888,0.5347222222222222,0.4375,0.4652777777777778,0.5069444444444444,0.5,0.5,0.4583333333333333,0.5757575757575758,0.5111111111111111,0.0,0.6875,0.3125,0.5137869910858631,0
HINDALCO,5,0.9,1165,129,144,2025-06-09,2026-03-05,0.5555555555555556,0.5150390625000001,0.7142857142857143,0.5555555555555556,1.0,80,64,0,0,0.5555555555555556,0.5555555555555556,0.5277777777777778,0.5486111111111112,0.5277777777777778,0.5555555555555556,0.5,0.5694444444444444,0.5069444444444444,0.5555555555555556,0.5555555555555556,0.0,0.0,1.0,0.0,1.347360473571055,0
HINDALCO,6,0.95,1230,136,72,2025-10-27,2026-03-05,0.5972222222222222,0.5549318364073776,0.7289719626168224,0.609375,0.9069767441860463,39,25,4,4,0.5972222222222222,0.5972222222222222,0.5972222222222222,0.5972222222222222,0.4861111111111111,0.5972222222222222,0.4444444444444444,0.5,0.5833333333333334,0.5972222222222222,0.609375,0.5,0.0,0.8888888888888888,0.1111111111111111,0.6244034690672691,8
HINDUNILVR,1,0.7,771,85,123,2023-11-16,2024-09-13,0.4471544715447154,0.4344919786096256,0.4516129032258064,0.5,0.4117647058823529,28,28,27,40,0.4552845528455284,0.4471544715447154,0.4308943089430894,0.5365853658536586,0.5447154471544715,0.5447154471544715,0.4552845528455284,0.5203252032520326,0.4959349593495935,0.4715447154471545,0.5,0.4029850746268657,0.0,0.4552845528455284,0.5447154471544715,0.2659756883080361,0
HINDUNILVR,2,0.75,827,91,122,2024-05-03,2025-02-01,0.5409836065573771,0.5821899381221415,0.5483870967741935,0.5230769230769231,0.576271186440678,34,31,32,25,0.4836065573770491,0.5,0.5491803278688525,0.4836065573770491,0.4672131147540984,0.5327868852459017,0.4262295081967213,0.4754098360655737,0.5081967213114754,0.4426229508196721,0.5230769230769231,0.5614035087719298,0.0,0.5327868852459017,0.4672131147540984,0.3927198226127558,0
HINDUNILVR,3,0.8,882,97,122,2024-09-18,2025-06-19,0.5163934426229508,0.5510989010989011,0.5042016806722689,0.4477611940298507,0.5769230769230769,30,37,33,22,0.5655737704918032,0.5491803278688525,0.4918032786885246,0.5,0.4836065573770491,0.4918032786885246,0.5737704918032787,0.4590163934426229,0.5327868852459017,0.5327868852459017,0.4477611940298507,0.6,0.0,0.5491803278688525,0.4508196721311475,0.6470105647596853,0
HINDUNILVR,4,0.85,936,104,122,2025-02-04,2025-10-27,0.4344262295081967,0.4296475652407855,0.4297520661157025,0.4193548387096774,0.4406779661016949,26,36,27,33,0.5163934426229508,0.5163934426229508,0.5081967213114754,0.5163934426229508,0.4508196721311475,0.5163934426229508,0.4344262295081967,0.5,0.4672131147540984,0.5081967213114754,0.4193548387096774,0.4499999999999999,0.0,0.5081967213114754,0.4918032786885246,0.1280998977850416,0
HINDUNILVR,5,0.9,991,110,123,2025-06-23,2026-03-05,0.5365853658536586,0.5929555084745763,0.4864864864864865,0.574468085106383,0.421875,27,20,39,37,0.5121951219512195,0.5284552845528455,0.5691056910569106,0.4634146341463415,0.5040650406504065,0.4552845528455284,0.5609756097560976,0.4634146341463415,0.4634146341463415,0.5609756097560976,0.574468085106383,0.513157894736842,0.0,0.3821138211382114,0.6178861788617886,1.7660501604074097,0
HINDUNILVR,6,0.95,1046,116,62,2025-10-29,2026-03-05,0.5967741935483871,0.6300940438871474,0.576271186440678,0.6538461538461539,0.5151515151515151,17,9,20,16,0.4677419354838709,0.4677419354838709,0.4354838709677419,0.4838709677419355,0.4677419354838709,0.532258064516129,0.4193548387096774,0.5483870967741935,0.5161290322580645,0.5806451612903226,0.6538461538461539,0.5555555555555556,0.0,0.4193548387096774,0.5806451612903226,0.2613371570902094,8
ICICIBANK,1,0.7,800,88,127,2023-09-08,2024-07-03,0.5354330708661418,0.4787878787878787,0.6775956284153005,0.5585585585585585,0.8611111111111112,62,49,6,10,0.5275590551181102,0.5118110236220472,0.5669291338582677,0.5275590551181102,0.5433070866141733,0.5511811023622047,0.4960629921259842,0.4881889763779528,0.5118110236220472,0.5669291338582677,0.5585585585585585,0.375,0.0,0.8740157480314961,0.1259842519685039,0.5357109733834332,0
ICICIBANK,2,0.75,856,95,127,2024-02-08,2024-11-22,0.5590551181102362,0.4812278031456114,0.7142857142857143,0.5691056910569106,0.958904109589041,70,53,1,3,0.5748031496062992,0.5826771653543307,0.5590551181102362,0.5669291338582677,0.5275590551181102,0.5669291338582677,0.5118110236220472,0.5511811023622047,0.5748031496062992,0.5669291338582677,0.5691056910569106,0.25,0.0,0.968503937007874,0.0314960629921259,0.9582828315175816,0
ICICIBANK,3,0.8,914,101,127,2024-07-08,2025-05-08,0.5433070866141733,0.5097744360902255,0.7040816326530612,0.5476190476190477,0.9857142857142858,69,57,0,1,0.5433070866141733,0.5118110236220472,0.5118110236220472,0.5826771653543307,0.4724409448818897,0.5511811023622047,0.5748031496062992,0.4409448818897638,0.5433070866141733,0.5433070866141733,0.5476190476190477,0.0,0.0,0.9921259842519684,0.0078740157480314,0.5806479467300264,0
ICICIBANK,4,0.85,971,107,127,2024-11-27,2025-10-16,0.5118110236220472,0.4379036264282166,0.6736842105263158,0.5161290322580645,0.9696969696969696,64,60,1,2,0.5275590551181102,0.5118110236220472,0.5196850393700787,0.5039370078740157,0.4645669291338583,0.5196850393700787,0.5275590551181102,0.5433070866141733,0.5196850393700787,0.5196850393700787,0.5161290322580645,0.3333333333333333,0.0,0.9763779527559056,0.0236220472440944,0.84972827546402,0
ICICIBANK,5,0.9,1028,114,127,2025-05-09,2026-03-05,0.5039370078740157,0.4806547619047619,0.6557377049180327,0.5,0.9523809523809524,60,60,4,3,0.4960629921259842,0.4960629921259842,0.4960629921259842,0.5039370078740157,0.4881889763779528,0.4881889763779528,0.4960629921259842,0.5354330708661418,0.4960629921259842,0.4803149606299212,0.5,0.5714285714285714,0.0,0.9448818897637796,0.0551181102362204,0.7782508384219448,0
ICICIBANK,6,0.95,1085,120,64,2025-10-17,2026-03-05,0.515625,0.5904203323558163,0.6804123711340206,0.515625,1.0,33,31,0,0,0.515625,0.515625,0.515625,0.515625,0.515625,0.53125,0.515625,0.59375,0.515625,0.609375,0.515625,0.0,0.0,1.0,0.0,1.306874923864097,8
ICICIGI,1,0.7,837,92,133,2023-12-11,2024-09-19,0.5263157894736842,0.5459372114496768,0.5467625899280576,0.6031746031746031,0.5,38,25,32,38,0.4285714285714285,0.5488721804511278,0.5263157894736842,0.5037593984962406,0.518796992481203,0.6015037593984962,0.4887218045112781,0.4135338345864661,0.4736842105263157,0.4285714285714285,0.6031746031746031,0.4571428571428572,0.0,0.4736842105263157,0.5263157894736842,0.4579114085696584,0
ICICIGI,2,0.75,897,99,132,2024-05-08,2025-01-20,0.5909090909090909,0.5739889705882353,0.6029411764705882,0.6029411764705882,0.6029411764705882,41,27,37,27,0.5303030303030303,0.5,0.5454545454545454,0.5,0.553030303030303,0.5681818181818182,0.5378787878787878,0.5227272727272727,0.5833333333333334,0.5075757575757576,0.6029411764705882,0.578125,0.0,0.5151515151515151,0.4848484848484848,0.2994444671606237,0
ICICIGI,3,0.8,956,106,133,2024-09-20,2025-06-11,0.4736842105263157,0.453601108033241,0.5394736842105263,0.431578947368421,0.7192982456140351,41,54,22,16,0.4962406015037593,0.5112781954887218,0.5263157894736842,0.5338345864661654,0.5413533834586466,0.4360902255639097,0.4736842105263157,0.4436090225563909,0.5488721804511278,0.4812030075187969,0.431578947368421,0.5789473684210527,0.0,0.7142857142857143,0.2857142857142857,0.4476766291329148,0
ICICIGI,4,0.85,1016,112,133,2025-01-22,2025-10-15,0.5037593984962406,0.4866394927536231,0.6206896551724138,0.4909090909090909,0.84375,54,56,13,10,0.4812030075187969,0.5112781954887218,0.4812030075187969,0.4436090225563909,0.4736842105263157,0.4962406015037593,0.4661654135338345,0.5037593984962406,0.4962406015037593,0.4436090225563909,0.4909090909090909,0.5652173913043479,0.0,0.8270676691729323,0.1729323308270676,0.4139253750558573,0
ICICIGI,5,0.9,1076,119,133,2025-06-12,2026-03-05,0.5263157894736842,0.5979591836734693,0.6519337016574586,0.5,0.9365079365079364,59,59,11,4,0.4736842105263157,0.4962406015037593,0.4736842105263157,0.4962406015037593,0.5338345864661654,0.5263157894736842,0.4962406015037593,0.5338345864661654,0.4812030075187969,0.4736842105263157,0.5,0.7333333333333334,0.0,0.8872180451127819,0.112781954887218,7.999993624950171,0
ICICIGI,6,0.95,1135,126,67,2025-10-16,2026-03-05,0.4626865671641791,0.5198198198198198,0.5714285714285714,0.4444444444444444,0.8,24,30,7,6,0.4328358208955223,0.5373134328358209,0.4626865671641791,0.5522388059701493,0.4328358208955223,0.5074626865671642,0.4477611940298507,0.5671641791044776,0.4626865671641791,0.5074626865671642,0.4444444444444444,0.5384615384615384,0.0,0.8059701492537313,0.1940298507462686,5.524723454870703,8
IDFCFIRSTB,1,0.7,903,100,144,2023-11-08,2024-09-05,0.5208333333333334,0.5045410628019323,0.4201680672268907,0.5,0.3623188405797101,25,25,50,44,0.5069444444444444,0.5208333333333334,0.5555555555555556,0.5277777777777778,0.4375,0.4444444444444444,0.5,0.4930555555555556,0.5347222222222222,0.4930555555555556,0.5,0.5319148936170213,0.0,0.3472222222222222,0.6527777777777778,0.2542961056107737,0
IDFCFIRSTB,2,0.75,968,107,143,2024-04-03,2025-01-13,0.4895104895104895,0.4925373134328358,0.3539823008849557,0.4347826086956521,0.2985074626865671,20,26,50,47,0.5454545454545454,0.5034965034965035,0.4685314685314685,0.4965034965034965,0.4475524475524475,0.4825174825174825,0.4825174825174825,0.5314685314685315,0.5454545454545454,0.5384615384615384,0.4347826086956521,0.5154639175257731,0.0,0.3216783216783216,0.6783216783216783,1.332492282011312,0
IDFCFIRSTB,3,0.8,1033,114,143,2024-09-06,2025-05-23,0.4755244755244755,0.5009784735812134,0.3697478991596639,0.4489795918367347,0.3142857142857143,22,27,46,48,0.4895104895104895,0.5664335664335665,0.4965034965034965,0.4615384615384615,0.5104895104895105,0.5174825174825175,0.4965034965034965,0.4335664335664335,0.4895104895104895,0.4965034965034965,0.4489795918367347,0.4893617021276596,0.0,0.3426573426573426,0.6573426573426573,0.543363113280471,0
IDFCFIRSTB,4,0.85,1097,121,144,2025-01-15,2025-10-15,0.5,0.5024154589371981,0.4375,0.4745762711864407,0.4057971014492754,28,31,44,41,0.4861111111111111,0.4930555555555556,0.4305555555555556,0.4791666666666667,0.4652777777777778,0.4652777777777778,0.5138888888888888,0.4791666666666667,0.4791666666666667,0.5,0.4745762711864407,0.5176470588235293,0.0,0.4097222222222222,0.5902777777777778,0.3420083155334168,0
IDFCFIRSTB,5,0.9,1161,129,144,2025-05-26,2026-03-05,0.4930555555555556,0.5590230664857531,0.4592592592592592,0.4558823529411764,0.4626865671641791,31,37,40,36,0.5208333333333334,0.5694444444444444,0.4930555555555556,0.4930555555555556,0.5208333333333334,0.4930555555555556,0.5555555555555556,0.4791666666666667,0.5555555555555556,0.5625,0.4558823529411764,0.5263157894736843,0.0,0.4722222222222222,0.5277777777777778,1.044612383640534,0
IDFCFIRSTB,6,0.95,1226,136,72,2025-10-17,2026-03-05,0.5416666666666666,0.5270897832817337,0.4761904761904761,0.5172413793103449,0.4411764705882353,15,14,24,19,0.5,0.4166666666666667,0.5277777777777778,0.5555555555555556,0.4583333333333333,0.5277777777777778,0.4305555555555556,0.5555555555555556,0.5555555555555556,0.5972222222222222,0.5172413793103449,0.5581395348837209,0.0,0.4027777777777778,0.5972222222222222,3.148991183428755,8
INDUSINDBK,1,0.7,904,100,144,2023-10-30,2024-08-22,0.5069444444444444,0.5285493827160493,0.5988700564971752,0.5047619047619047,0.7361111111111112,53,52,20,19,0.4583333333333333,0.4444444444444444,0.5277777777777778,0.4861111111111111,0.4722222222222222,0.5069444444444444,0.4791666666666667,0.5416666666666666,0.5,0.5,0.5047619047619047,0.5128205128205128,0.0,0.7291666666666666,0.2708333333333333,0.2445599529219264,0
INDUSINDBK,2,0.75,969,107,143,2024-03-13,2025-01-13,0.4895104895104895,0.4756480754124116,0.5828571428571429,0.4722222222222222,0.7611940298507462,51,57,19,16,0.4685314685314685,0.4685314685314685,0.4475524475524475,0.4825174825174825,0.4685314685314685,0.5174825174825175,0.5174825174825175,0.5034965034965035,0.4895104895104895,0.4895104895104895,0.4722222222222222,0.5428571428571429,0.0,0.7552447552447552,0.2447552447552447,0.5349139850148682,0
INDUSINDBK,3,0.8,1034,114,143,2024-08-27,2025-05-28,0.5244755244755245,0.5282796543597801,0.6263736263736264,0.5377358490566038,0.75,57,49,18,19,0.5314685314685315,0.5314685314685315,0.6013986013986014,0.5314685314685315,0.5454545454545454,0.5384615384615384,0.5874125874125874,0.6153846153846154,0.4405594405594406,0.5454545454545454,0.5377358490566038,0.4864864864864865,0.0,0.7412587412587412,0.2587412587412587,7.999995165448362,0
INDUSINDBK,4,0.85,1098,121,144,2025-01-15,2025-10-06,0.4930555555555556,0.4918918918918919,0.6096256684491979,0.504424778761062,0.7702702702702703,57,56,14,17,0.5138888888888888,0.5486111111111112,0.5208333333333334,0.4652777777777778,0.5138888888888888,0.5208333333333334,0.5277777777777778,0.4444444444444444,0.4375,0.5138888888888888,0.504424778761062,0.4516129032258065,0.0,0.7847222222222222,0.2152777777777778,1.1005994908990362,0
INDUSINDBK,5,0.9,1162,129,144,2025-05-29,2026-03-05,0.4861111111111111,0.5099363303106309,0.5487804878048781,0.4838709677419355,0.6338028169014085,45,48,25,26,0.4861111111111111,0.5138888888888888,0.4444444444444444,0.5486111111111112,0.4930555555555556,0.4930555555555556,0.4722222222222222,0.4722222222222222,0.5208333333333334,0.5486111111111112,0.4838709677419355,0.4901960784313726,0.0,0.6458333333333334,0.3541666666666667,0.3837222979597888,0
INDUSINDBK,6,0.95,1227,136,72,2025-10-07,2026-03-05,0.5,0.5990675990675991,0.217391304347826,0.7142857142857143,0.1282051282051282,5,2,31,34,0.5277777777777778,0.5694444444444444,0.5138888888888888,0.4861111111111111,0.5555555555555556,0.4583333333333333,0.5555555555555556,0.4861111111111111,0.4444444444444444,0.5138888888888888,0.7142857142857143,0.4769230769230769,0.0,0.0972222222222222,0.9027777777777778,0.3924142887257714,8
INDUSTOWER,1,0.7,883,98,140,2023-12-13,2024-09-02,0.4285714285714285,0.4851442203426588,0.1836734693877551,0.8181818181818182,0.1034482758620689,9,2,51,78,0.4785714285714286,0.4214285714285714,0.3857142857142857,0.5285714285714286,0.3857142857142857,0.4214285714285714,0.4714285714285714,0.5,0.4357142857142857,0.4928571428571429,0.8181818181818182,0.3953488372093023,0.0,0.0785714285714285,0.9214285714285714,0.3137465275971745,0
INDUSTOWER,2,0.75,946,105,140,2024-04-24,2025-01-14,0.5071428571428571,0.4937126365697794,0.5605095541401274,0.55,0.5714285714285714,44,36,27,33,0.5142857142857142,0.4785714285714286,0.4642857142857143,0.5071428571428571,0.5142857142857142,0.55,0.55,0.5,0.5142857142857142,0.4714285714285714,0.55,0.4499999999999999,0.0,0.5714285714285714,0.4285714285714285,0.1614478253779272,0
INDUSTOWER,3,0.8,1009,112,140,2024-09-04,2025-06-03,0.4928571428571429,0.4923328562666121,0.6358974358974359,0.5081967213114754,0.8493150684931506,62,60,7,11,0.4857142857142857,0.4571428571428571,0.45,0.4214285714285714,0.5285714285714286,0.4714285714285714,0.4642857142857143,0.4642857142857143,0.4928571428571429,0.4214285714285714,0.5081967213114754,0.3888888888888888,0.0,0.8714285714285714,0.1285714285714285,0.2536247840517837,0
INDUSTOWER,4,0.85,1072,119,140,2025-01-15,2025-10-24,0.5428571428571428,0.5493764056430178,0.6483516483516484,0.5412844036697247,0.8082191780821918,59,50,17,14,0.5214285714285715,0.5214285714285715,0.5,0.5071428571428571,0.4714285714285714,0.4785714285714286,0.4928571428571429,0.4857142857142857,0.4642857142857143,0.5142857142857142,0.5412844036697247,0.5483870967741935,0.0,0.7785714285714286,0.2214285714285714,0.76744084815079,0
INDUSTOWER,5,0.9,1135,126,141,2025-06-05,2026-03-06,0.4397163120567376,0.40923759580476,0.5948717948717949,0.4793388429752066,0.7837837837837838,58,63,4,16,0.524822695035461,0.524822695035461,0.5319148936170213,0.4964539007092198,0.5035460992907801,0.4822695035460992,0.4822695035460992,0.4822695035460992,0.4964539007092198,0.5390070921985816,0.4793388429752066,0.1999999999999999,0.0,0.8581560283687943,0.1418439716312056,7.999993444174355,0
INDUSTOWER,6,0.95,1198,133,71,2025-10-27,2026-03-06,0.6056338028169014,0.567741935483871,0.7083333333333334,0.6071428571428571,0.85,34,22,9,6,0.5633802816901409,0.5633802816901409,0.5070422535211268,0.5492957746478874,0.5352112676056338,0.5633802816901409,0.5492957746478874,0.5352112676056338,0.5633802816901409,0.5774647887323944,0.6071428571428571,0.6,0.0,0.7887323943661971,0.2112676056338028,7.999994649651067,8
INFY,1,0.7,822,91,131,2023-11-08,2024-08-14,0.5648854961832062,0.5555037313432836,0.5957446808510638,0.5675675675675675,0.6268656716417911,42,32,32,25,0.5114503816793893,0.5267175572519084,0.465648854961832,0.4809160305343511,0.4809160305343511,0.4427480916030534,0.5114503816793893,0.4580152671755725,0.4580152671755725,0.4580152671755725,0.5675675675675675,0.5614035087719298,0.0,0.5648854961832062,0.4351145038167939,0.3280469031750971,0
INFY,2,0.75,881,97,131,2024-03-26,2025-01-15,0.5038167938931297,0.4513462446858762,0.6700507614213198,0.532258064516129,0.9041095890410958,66,58,0,7,0.5267175572519084,0.5648854961832062,0.5419847328244275,0.5190839694656488,0.4809160305343511,0.5954198473282443,0.4351145038167939,0.4732824427480916,0.4732824427480916,0.5038167938931297,0.532258064516129,0.0,0.0,0.9465648854961832,0.0534351145038167,1.8636648521736685,0
INFY,3,0.8,940,104,130,2024-08-21,2025-05-26,0.5384615384615384,0.588472485768501,0.6842105263157895,0.5327868852459017,0.9558823529411764,65,57,5,3,0.5230769230769231,0.5230769230769231,0.5076923076923077,0.5461538461538461,0.4615384615384615,0.5307692307692308,0.5307692307692308,0.5153846153846153,0.5076923076923077,0.5230769230769231,0.5327868852459017,0.625,0.0,0.9384615384615383,0.0615384615384615,0.8054805164434983,0
INFY,4,0.85,999,110,130,2025-01-16,2025-10-20,0.4615384615384615,0.4758850083155143,0.6276595744680851,0.4645669291338583,0.9672131147540984,59,68,1,2,0.5153846153846153,0.5,0.5153846153846153,0.4769230769230769,0.4461538461538462,0.4230769230769231,0.4923076923076923,0.5,0.5461538461538461,0.5153846153846153,0.4645669291338583,0.3333333333333333,0.0,0.9769230769230768,0.023076923076923,0.3043641932550107,0
INFY,5,0.9,1057,117,131,2025-05-28,2026-03-04,0.4885496183206106,0.494131455399061,0.6214689265536724,0.4700854700854701,0.9166666666666666,55,62,9,5,0.4580152671755725,0.4580152671755725,0.5190839694656488,0.4732824427480916,0.549618320610687,0.5038167938931297,0.4427480916030534,0.465648854961832,0.5572519083969466,0.5343511450381679,0.4700854700854701,0.6428571428571428,0.0,0.8931297709923665,0.1068702290076335,0.4014357397652823,0
INFY,6,0.95,1116,123,66,2025-10-21,2026-03-04,0.4696969696969697,0.5441176470588236,0.631578947368421,0.4761904761904761,0.9375,30,33,1,2,0.4848484848484848,0.4848484848484848,0.4848484848484848,0.3787878787878788,0.4545454545454545,0.4242424242424242,0.4848484848484848,0.4545454545454545,0.5454545454545454,0.5151515151515151,0.4761904761904761,0.3333333333333333,0.0,0.9545454545454546,0.0454545454545454,1.6497664255812,8
IRFC,1,0.7,482,53,77,2024-12-02,2025-04-24,0.5064935064935064,0.4885135135135135,0.3214285714285714,0.4736842105263157,0.2432432432432432,9,10,30,28,0.4935064935064935,0.4935064935064935,0.4935064935064935,0.4415584415584415,0.6363636363636364,0.5324675324675324,0.6493506493506493,0.5324675324675324,0.4545454545454545,0.3636363636363636,0.4736842105263157,0.5172413793103448,0.0,0.2467532467532467,0.7532467532467533,0.3731300706042258,0
IRFC,2,0.75,516,57,77,2025-02-05,2025-07-11,0.5064935064935064,0.5253077975376197,0.1363636363636363,0.3,0.088235294117647,3,7,36,31,0.5584415584415584,0.5584415584415584,0.5454545454545454,0.5324675324675324,0.5974025974025974,0.5584415584415584,0.4805194805194805,0.5064935064935064,0.5454545454545454,0.5714285714285714,0.3,0.5373134328358209,0.0,0.1298701298701298,0.8701298701298701,1.4783134034244725,0
IRFC,3,0.8,551,61,76,2025-04-25,2025-09-24,0.6447368421052632,0.6370738636363636,0.509090909090909,0.6086956521739131,0.4375,14,9,35,18,0.5394736842105263,0.5131578947368421,0.4736842105263157,0.4736842105263157,0.5657894736842105,0.5921052631578947,0.5263157894736842,0.5789473684210527,0.3947368421052631,0.5789473684210527,0.6086956521739131,0.6603773584905661,0.0,0.3026315789473684,0.6973684210526315,0.8465377098672199,0
IRFC,4,0.85,585,65,76,2025-07-14,2025-12-15,0.5263157894736842,0.5108695652173914,0.28,0.35,0.2333333333333333,7,13,33,23,0.5394736842105263,0.5789473684210527,0.5657894736842105,0.4078947368421052,0.4605263157894737,0.3947368421052631,0.5131578947368421,0.5526315789473685,0.4605263157894737,0.5131578947368421,0.35,0.5892857142857143,0.0,0.2631578947368421,0.7368421052631579,0.4641835407382131,0
IRFC,5,0.9,620,68,77,2025-09-25,2026-03-06,0.5714285714285714,0.5557823129251701,0.5074626865671642,0.53125,0.4857142857142857,17,15,27,18,0.6103896103896104,0.5844155844155844,0.4935064935064935,0.4285714285714285,0.5194805194805194,0.5844155844155844,0.5714285714285714,0.5194805194805194,0.4415584415584415,0.4935064935064935,0.53125,0.6,0.0,0.4155844155844156,0.5844155844155844,0.2375756907793244,0
IRFC,6,0.95,654,72,39,2025-12-16,2026-03-06,0.5128205128205128,0.5291005291005291,0.3870967741935484,0.6,0.2857142857142857,6,4,14,15,0.4358974358974359,0.5384615384615384,0.4358974358974359,0.5897435897435898,0.5128205128205128,0.4871794871794871,0.5128205128205128,0.5897435897435898,0.4358974358974359,0.4102564102564102,0.6,0.4827586206896551,0.0,0.2564102564102564,0.7435897435897436,0.4670638025998455,8
ITC,1,0.7,796,88,126,2023-10-16,2024-07-18,0.4603174603174603,0.5030241935483871,0.5466666666666666,0.4767441860465116,0.640625,41,45,17,23,0.4523809523809524,0.5158730158730159,0.5,0.5714285714285714,0.5158730158730159,0.5158730158730159,0.4603174603174603,0.4523809523809524,0.4761904761904761,0.5317460317460317,0.4767441860465116,0.425,0.0,0.6825396825396826,0.3174603174603174,0.505922001607645,0
ITC,2,0.75,853,94,126,2024-02-27,2024-12-11,0.5079365079365079,0.4874778649127245,0.5633802816901409,0.4819277108433735,0.6779661016949152,40,43,24,19,0.492063492063492,0.4682539682539682,0.4444444444444444,0.3968253968253968,0.4761904761904761,0.5238095238095238,0.4841269841269841,0.4761904761904761,0.5079365079365079,0.4761904761904761,0.4819277108433735,0.5581395348837209,0.0,0.6587301587301587,0.3412698412698413,1.862828445853494,0
ITC,3,0.8,909,101,126,2024-07-19,2025-05-12,0.5238095238095238,0.5579084967320261,0.5652173913043478,0.4482758620689655,0.7647058823529411,39,48,27,12,0.4761904761904761,0.4682539682539682,0.4523809523809524,0.4523809523809524,0.4682539682539682,0.5238095238095238,0.4126984126984127,0.4206349206349206,0.5238095238095238,0.5317460317460317,0.4482758620689655,0.6923076923076923,0.0,0.6904761904761905,0.3095238095238095,0.2465684818339819,0
ITC,4,0.85,966,107,126,2024-12-12,2025-10-14,0.5317460317460317,0.5489501644320769,0.3917525773195876,0.5,0.3220338983050847,19,19,48,40,0.4682539682539682,0.4523809523809524,0.5555555555555556,0.5714285714285714,0.5158730158730159,0.5317460317460317,0.5396825396825397,0.5,0.5555555555555556,0.626984126984127,0.5,0.5454545454545454,0.0,0.3015873015873015,0.6984126984126984,0.3673696702230851,0
ITC,5,0.9,1023,113,127,2025-05-14,2026-03-05,0.4881889763779528,0.5104218362282879,0.5038167938931297,0.4782608695652174,0.532258064516129,33,36,29,29,0.4881889763779528,0.4881889763779528,0.5118110236220472,0.5196850393700787,0.4960629921259842,0.5511811023622047,0.4960629921259842,0.4881889763779528,0.5196850393700787,0.4881889763779528,0.4782608695652174,0.5,0.0,0.5433070866141733,0.4566929133858268,7.999993902696043,0
ITC,6,0.95,1080,119,64,2025-10-15,2026-03-05,0.53125,0.5862068965517242,0.0625,0.3333333333333333,0.0344827586206896,1,2,33,28,0.453125,0.453125,0.5,0.5,0.5,0.484375,0.5625,0.625,0.546875,0.5,0.3333333333333333,0.540983606557377,0.0,0.046875,0.953125,0.2140216020567621,8
JSWENERGY,1,0.7,943,104,150,2023-11-22,2024-08-21,0.44,0.5048701298701299,0.2631578947368421,0.5,0.1785714285714285,15,15,51,69,0.44,0.44,0.4533333333333333,0.4466666666666666,0.4733333333333333,0.4666666666666667,0.52,0.4533333333333333,0.52,0.4933333333333333,0.5,0.425,0.0,0.2,0.8,0.1000035356387145,0
JSWENERGY,2,0.75,1010,112,150,2024-04-08,2024-12-23,0.5333333333333333,0.5885490753911806,0.3269230769230769,0.5666666666666667,0.2297297297297297,17,13,63,57,0.5333333333333333,0.5066666666666667,0.58,0.4933333333333333,0.5333333333333333,0.5666666666666667,0.5533333333333333,0.5133333333333333,0.5266666666666666,0.5266666666666666,0.5666666666666667,0.525,0.0,0.2,0.8,0.3985562979798271,0
JSWENERGY,3,0.8,1078,119,150,2024-08-22,2025-05-09,0.5933333333333334,0.4857407407407407,0.1159420289855072,0.4444444444444444,0.0666666666666666,4,5,85,56,0.6,0.6,0.58,0.54,0.5333333333333333,0.58,0.4933333333333333,0.54,0.52,0.4066666666666667,0.4444444444444444,0.6028368794326241,0.0,0.06,0.94,0.344358787428467,0
JSWENERGY,4,0.85,1145,127,150,2024-12-24,2025-10-08,0.5333333333333333,0.5443037974683544,0.1025641025641025,0.5714285714285714,0.056338028169014,4,3,76,67,0.5266666666666666,0.52,0.52,0.5266666666666666,0.52,0.52,0.52,0.4533333333333333,0.5333333333333333,0.4933333333333333,0.5714285714285714,0.5314685314685315,0.0,0.0466666666666666,0.9533333333333334,0.4894477277433855,0
JSWENERGY,5,0.9,1213,134,150,2025-05-12,2026-03-06,0.4733333333333333,0.4697293447293447,0.0,0.0,0.0,0,1,71,78,0.52,0.56,0.4733333333333333,0.48,0.4533333333333333,0.4866666666666667,0.5,0.4666666666666667,0.4866666666666667,0.52,0.0,0.4765100671140939,0.0,0.0066666666666666,0.9933333333333332,0.5697594026581955,0
JSWENERGY,6,0.95,1280,142,75,2025-10-09,2026-03-06,0.5066666666666667,0.4166666666666667,0.0,0.0,0.0,0,1,38,36,0.52,0.52,0.52,0.52,0.5333333333333333,0.4666666666666667,0.5333333333333333,0.5333333333333333,0.52,0.5466666666666666,0.0,0.5135135135135135,0.0,0.0133333333333333,0.9866666666666668,7.999993123838491,8
JSWSTEEL,1,0.7,878,97,140,2023-11-02,2024-08-05,0.4714285714285714,0.4744062244062244,0.5978260869565217,0.5,0.7432432432432432,55,55,11,19,0.4857142857142857,0.4857142857142857,0.5214285714285715,0.4857142857142857,0.5642857142857143,0.5142857142857142,0.5571428571428572,0.6,0.5357142857142857,0.5642857142857143,0.5,0.3666666666666667,0.0,0.7857142857142857,0.2142857142857142,0.3319003379708627,0
JSWSTEEL,2,0.75,941,104,139,2024-03-26,2024-12-11,0.5323741007194245,0.5785416666666667,0.656084656084656,0.543859649122807,0.8266666666666667,62,52,12,13,0.539568345323741,0.539568345323741,0.539568345323741,0.5611510791366906,0.5323741007194245,0.5683453237410072,0.5035971223021583,0.5107913669064749,0.5611510791366906,0.4820143884892086,0.543859649122807,0.48,0.0,0.8201438848920863,0.1798561151079136,0.1000035356387145,0
JSWSTEEL,3,0.8,1004,111,139,2024-08-06,2025-05-07,0.5035971223021583,0.5358326429163214,0.5818181818181818,0.5106382978723404,0.676056338028169,48,46,22,23,0.5107913669064749,0.5107913669064749,0.5539568345323741,0.5179856115107914,0.5179856115107914,0.4748201438848921,0.4316546762589928,0.5467625899280576,0.5611510791366906,0.4748201438848921,0.5106382978723404,0.4888888888888889,0.0,0.6762589928057554,0.3237410071942446,0.8470596098969949,0
JSWSTEEL,4,0.85,1066,118,140,2024-12-12,2025-10-13,0.5,0.4660512820512821,0.5333333333333333,0.4705882352941176,0.6153846153846154,40,45,30,25,0.4642857142857143,0.5071428571428571,0.4785714285714286,0.4285714285714285,0.5285714285714286,0.4571428571428571,0.4642857142857143,0.5214285714285715,0.5214285714285715,0.4642857142857143,0.4705882352941176,0.5454545454545454,0.0,0.6071428571428571,0.3928571428571428,0.3509912465293592,0
JSWSTEEL,5,0.9,1129,125,140,2025-05-09,2026-03-05,0.45,0.4876505409267198,0.5837837837837838,0.4736842105263157,0.7605633802816901,54,60,9,17,0.5071428571428571,0.5071428571428571,0.4785714285714286,0.45,0.4142857142857143,0.4928571428571429,0.4928571428571429,0.4714285714285714,0.5357142857142857,0.5071428571428571,0.4736842105263157,0.3461538461538461,0.0,0.8142857142857143,0.1857142857142857,7.999993716619659,0
JSWSTEEL,6,0.95,1192,132,70,2025-10-14,2026-03-05,0.5714285714285714,0.5343258891645989,0.6511627906976745,0.5957446808510638,0.717948717948718,28,19,12,11,0.5571428571428572,0.5571428571428572,0.4571428571428571,0.5142857142857142,0.4285714285714285,0.5857142857142857,0.5857142857142857,0.5714285714285714,0.4714285714285714,0.4714285714285714,0.5957446808510638,0.5217391304347826,0.0,0.6714285714285714,0.3285714285714285,3.0836608759585893,8
KOTAKBANK,1,0.7,821,91,130,2023-09-18,2024-07-24,0.5538461538461539,0.5042857142857142,0.6777777777777778,0.5545454545454546,0.8714285714285714,61,49,11,9,0.4615384615384615,0.5461538461538461,0.5307692307692308,0.5461538461538461,0.5230769230769231,0.4923076923076923,0.4692307692307692,0.5,0.5,0.4769230769230769,0.5545454545454546,0.55,0.0,0.8461538461538461,0.1538461538461538,0.1938399066895989,0
KOTAKBANK,2,0.75,880,97,130,2024-03-05,2024-12-30,0.5692307692307692,0.5438095238095239,0.6923076923076923,0.5625,0.9,63,49,11,7,0.5538461538461539,0.5,0.4769230769230769,0.5461538461538461,0.4230769230769231,0.5307692307692308,0.5615384615384615,0.5,0.4769230769230769,0.5846153846153846,0.5625,0.6111111111111112,0.0,0.8615384615384616,0.1384615384615384,2.61651562461806,0
KOTAKBANK,3,0.8,938,104,130,2024-07-25,2025-05-08,0.6076923076923076,0.5894886363636362,0.5565217391304348,0.6530612244897959,0.4848484848484848,32,17,47,34,0.5846153846153846,0.4615384615384615,0.5461538461538461,0.6076923076923076,0.5384615384615384,0.5076923076923077,0.5538461538461539,0.4769230769230769,0.5230769230769231,0.5076923076923077,0.6530612244897959,0.5802469135802469,0.0,0.3769230769230769,0.6230769230769231,0.3005040279334372,0
KOTAKBANK,4,0.85,997,110,130,2025-01-01,2025-09-25,0.4769230769230769,0.5002371916508539,0.4769230769230769,0.4558823529411764,0.5,31,37,31,31,0.5307692307692308,0.5076923076923077,0.5307692307692308,0.5384615384615384,0.6153846153846154,0.5,0.6,0.5153846153846153,0.4846153846153846,0.5153846153846153,0.4558823529411764,0.5,0.0,0.5230769230769231,0.4769230769230769,0.3270455275615784,0
KOTAKBANK,5,0.9,1055,117,131,2025-05-09,2026-03-05,0.6335877862595419,0.6650921114785072,0.6065573770491803,0.578125,0.6379310344827587,37,27,46,21,0.5038167938931297,0.5038167938931297,0.5343511450381679,0.5267175572519084,0.5572519083969466,0.5877862595419847,0.5114503816793893,0.6030534351145038,0.5343511450381679,0.4503816793893129,0.578125,0.6865671641791045,0.0,0.4885496183206106,0.5114503816793893,0.2721154781713837,0
KOTAKBANK,6,0.95,1114,123,66,2025-09-30,2026-03-05,0.5757575757575758,0.6601851851851852,0.5882352941176471,0.5263157894736842,0.6666666666666666,20,18,18,10,0.6212121212121212,0.6060606060606061,0.5909090909090909,0.5606060606060606,0.5757575757575758,0.5909090909090909,0.5303030303030303,0.5606060606060606,0.5151515151515151,0.5151515151515151,0.5263157894736842,0.6428571428571428,0.0,0.5757575757575758,0.4242424242424242,0.4449721186603801,8
LT,1,0.7,833,92,132,2023-11-07,2024-07-25,0.5606060606060606,0.5467575187969924,0.6777777777777778,0.5865384615384616,0.8026315789473685,61,43,13,15,0.5757575757575758,0.5757575757575758,0.5454545454545454,0.5378787878787878,0.5151515151515151,0.5606060606060606,0.5303030303030303,0.5378787878787878,0.5378787878787878,0.6060606060606061,0.5865384615384616,0.4642857142857143,0.0,0.7878787878787878,0.2121212121212121,7.999993696508846,0
LT,2,0.75,892,99,132,2024-03-20,2024-12-06,0.5075757575757576,0.4794520547945205,0.6596858638743456,0.5338983050847458,0.863013698630137,63,55,4,10,0.553030303030303,0.5454545454545454,0.553030303030303,0.5303030303030303,0.5,0.5606060606060606,0.5227272727272727,0.4924242424242424,0.5833333333333334,0.5227272727272727,0.5338983050847458,0.2857142857142857,0.0,0.8939393939393939,0.106060606060606,0.3580603343274685,0
LT,3,0.8,952,105,132,2024-07-26,2025-04-15,0.5303030303030303,0.6085648148148148,0.6436781609195402,0.4912280701754385,0.9333333333333332,56,58,14,4,0.4545454545454545,0.4848484848484848,0.4545454545454545,0.5833333333333334,0.5075757575757576,0.5151515151515151,0.4924242424242424,0.5075757575757576,0.5,0.4696969696969697,0.4912280701754385,0.7777777777777778,0.0,0.8636363636363636,0.1363636363636363,0.4025403581489883,0
LT,4,0.85,1011,112,132,2024-12-09,2025-09-19,0.5303030303030303,0.5516129032258065,0.6395348837209303,0.5,0.8870967741935484,55,55,15,7,0.4696969696969697,0.4848484848484848,0.5378787878787878,0.5378787878787878,0.5303030303030303,0.4696969696969697,0.4696969696969697,0.5075757575757576,0.5303030303030303,0.4924242424242424,0.5,0.6818181818181819,0.0,0.8333333333333334,0.1666666666666666,0.7637773640404768,0
LT,5,0.9,1071,118,133,2025-04-16,2026-03-06,0.5639097744360902,0.4928107606679036,0.71,0.5772357723577236,0.922077922077922,71,52,4,6,0.5864661654135338,0.5789473684210527,0.5263157894736842,0.5714285714285714,0.556390977443609,0.5714285714285714,0.5639097744360902,0.5488721804511278,0.5488721804511278,0.5263157894736842,0.5772357723577236,0.4,0.0,0.924812030075188,0.075187969924812,7.999993426467301,0
LT,6,0.95,1130,125,67,2025-09-23,2026-03-06,0.5970149253731343,0.4090056285178236,0.7378640776699029,0.6129032258064516,0.926829268292683,38,24,2,3,0.5373134328358209,0.5373134328358209,0.5671641791044776,0.5074626865671642,0.4328358208955223,0.582089552238806,0.6119402985074627,0.4925373134328358,0.582089552238806,0.6119402985074627,0.6129032258064516,0.4,0.0,0.9253731343283582,0.0746268656716417,7.141257714821616,8
LTIM,1,0.7,867,96,137,2023-10-31,2024-08-08,0.4452554744525547,0.4156010230179028,0.5581395348837209,0.4615384615384615,0.7058823529411765,48,56,13,20,0.5036496350364964,0.5547445255474452,0.5109489051094891,0.4817518248175182,0.4963503649635036,0.4598540145985401,0.4744525547445255,0.5912408759124088,0.4963503649635036,0.4306569343065693,0.4615384615384615,0.3939393939393939,0.0,0.7591240875912408,0.2408759124087591,3.146164666407372,0
LTIM,2,0.75,929,103,137,2024-03-13,2024-12-31,0.4817518248175182,0.4752136752136752,0.5847953216374269,0.5050505050505051,0.6944444444444444,50,49,16,22,0.5255474452554745,0.5255474452554745,0.4963503649635036,0.5255474452554745,0.4598540145985401,0.5036496350364964,0.4963503649635036,0.4306569343065693,0.5766423357664233,0.4890510948905109,0.5050505050505051,0.4210526315789473,0.0,0.7226277372262774,0.2773722627737226,0.5557552205879264,0
LTIM,3,0.8,990,110,138,2024-08-09,2025-05-09,0.5507246376811594,0.5614478114478114,0.5866666666666667,0.5641025641025641,0.6111111111111112,44,34,32,28,0.5217391304347826,0.5144927536231884,0.5289855072463768,0.5362318840579711,0.5217391304347826,0.391304347826087,0.5,0.4782608695652174,0.4565217391304347,0.463768115942029,0.5641025641025641,0.5333333333333333,0.0,0.5652173913043478,0.4347826086956521,0.4978599447638056,0
LTIM,4,0.85,1053,116,138,2025-01-01,2025-10-14,0.5507246376811594,0.5548986486486487,0.6219512195121951,0.5666666666666667,0.6891891891891891,51,39,25,23,0.5144927536231884,0.5072463768115942,0.5289855072463768,0.6014492753623188,0.572463768115942,0.572463768115942,0.5289855072463768,0.4710144927536231,0.5072463768115942,0.4420289855072464,0.5666666666666667,0.5208333333333333,0.0,0.6521739130434783,0.3478260869565217,0.561863353938516,0
LTIM,5,0.9,1115,123,138,2025-05-12,2026-03-04,0.5797101449275363,0.5480093676814989,0.6777777777777778,0.5922330097087378,0.7922077922077922,61,42,19,16,0.6594202898550725,0.6159420289855072,0.5362318840579711,0.5579710144927537,0.5579710144927537,0.5507246376811594,0.5434782608695652,0.5434782608695652,0.5507246376811594,0.463768115942029,0.5922330097087378,0.5428571428571429,0.0,0.7463768115942029,0.2536231884057971,0.3857728763198013,0
LTIM,6,0.95,1177,130,69,2025-10-20,2026-03-04,0.5652173913043478,0.5126050420168067,0.5945945945945946,0.5641025641025641,0.6285714285714286,22,17,17,13,0.6231884057971014,0.6376811594202898,0.4927536231884058,0.4057971014492754,0.5362318840579711,0.463768115942029,0.4927536231884058,0.6086956521739131,0.4492753623188406,0.463768115942029,0.5641025641025641,0.5666666666666667,0.0,0.5652173913043478,0.4347826086956521,0.5381587537643441,8
LUPIN,1,0.7,846,94,134,2023-12-07,2024-08-27,0.417910447761194,0.4759615384615385,0.1521739130434782,0.5,0.0897435897435897,7,7,49,71,0.4776119402985074,0.4925373134328358,0.3656716417910448,0.5074626865671642,0.4626865671641791,0.417910447761194,0.582089552238806,0.5522388059701493,0.5522388059701493,0.5298507462686567,0.5,0.4083333333333333,0.0,0.1044776119402985,0.8955223880597015,0.1720449302067364,0
LUPIN,2,0.75,907,100,134,2024-04-19,2025-01-07,0.5373134328358209,0.4648551538288794,0.6477272727272727,0.5533980582524272,0.7808219178082192,57,46,15,16,0.5447761194029851,0.5447761194029851,0.5447761194029851,0.5447761194029851,0.5373134328358209,0.5447761194029851,0.4925373134328358,0.5223880597014925,0.5447761194029851,0.4776119402985074,0.5533980582524272,0.4838709677419355,0.0,0.7686567164179104,0.2313432835820895,0.7547236871245027,0
LUPIN,3,0.8,967,107,134,2024-08-29,2025-05-12,0.5298507462686567,0.5603832442067737,0.6272189349112426,0.5247524752475248,0.7794117647058824,53,48,18,15,0.5,0.5074626865671642,0.4850746268656716,0.5223880597014925,0.5149253731343284,0.5149253731343284,0.5298507462686567,0.5298507462686567,0.4925373134328358,0.4850746268656716,0.5247524752475248,0.5454545454545454,0.0,0.753731343283582,0.2462686567164179,0.7559953400324257,0
LUPIN,4,0.85,1027,114,134,2025-01-09,2025-09-29,0.4552238805970149,0.5096903541991535,0.5575757575757576,0.4693877551020408,0.6865671641791045,46,52,15,21,0.5,0.5,0.4776119402985074,0.4626865671641791,0.4626865671641791,0.4850746268656716,0.5074626865671642,0.5074626865671642,0.4328358208955223,0.4402985074626865,0.4693877551020408,0.4166666666666666,0.0,0.7313432835820896,0.2686567164179104,0.4643190662186013,0
LUPIN,5,0.9,1088,120,135,2025-05-16,2026-03-05,0.4962962962962963,0.4250440917107583,0.6494845360824743,0.5163934426229508,0.875,63,59,4,9,0.5333333333333333,0.5407407407407407,0.5333333333333333,0.5407407407407407,0.4444444444444444,0.562962962962963,0.5185185185185185,0.5185185185185185,0.4888888888888889,0.5407407407407407,0.5163934426229508,0.3076923076923077,0.0,0.9037037037037036,0.0962962962962963,2.689858563544757,0
LUPIN,6,0.95,1148,127,68,2025-09-30,2026-03-05,0.5441176470588235,0.5278514588859416,0.651685393258427,0.58,0.7435897435897436,29,21,8,10,0.5735294117647058,0.5441176470588235,0.5294117647058824,0.5735294117647058,0.5735294117647058,0.5588235294117647,0.5588235294117647,0.5294117647058824,0.4264705882352941,0.4264705882352941,0.58,0.4444444444444444,0.0,0.7352941176470589,0.2647058823529412,0.8049424703111272,8
M&M,1,0.7,856,95,137,2023-12-11,2024-09-05,0.5401459854014599,0.5584528465884399,0.6272189349112426,0.5824175824175825,0.6794871794871795,53,38,21,25,0.5693430656934306,0.5109489051094891,0.5036496350364964,0.4233576642335766,0.4525547445255474,0.4306569343065693,0.4963503649635036,0.4890510948905109,0.5474452554744526,0.4817518248175182,0.5824175824175825,0.4565217391304348,0.0,0.6642335766423357,0.3357664233576642,0.4584642793050166,0
M&M,2,0.75,918,102,136,2024-04-30,2025-01-10,0.5073529411764706,0.5125027179821701,0.6171428571428571,0.5294117647058824,0.7397260273972602,54,48,15,19,0.5367647058823529,0.5367647058823529,0.5294117647058824,0.5367647058823529,0.5294117647058824,0.5367647058823529,0.5220588235294118,0.4632352941176471,0.5735294117647058,0.4926470588235294,0.5294117647058824,0.4411764705882353,0.0,0.75,0.25,0.3507664871207818,0
M&M,3,0.8,980,108,136,2024-09-09,2025-05-14,0.5294117647058824,0.540798611111111,0.6923076923076923,0.5294117647058824,1.0,72,64,0,0,0.5294117647058824,0.5294117647058824,0.4558823529411764,0.5294117647058824,0.5661764705882353,0.5514705882352942,0.3970588235294117,0.4852941176470588,0.5147058823529411,0.5294117647058824,0.5294117647058824,0.0,0.0,1.0,0.0,0.4361029563911581,0
M&M,4,0.85,1041,115,136,2025-01-13,2025-10-08,0.5514705882352942,0.5075954861111112,0.6839378238341969,0.5454545454545454,0.9166666666666666,66,55,9,6,0.4779411764705882,0.5588235294117647,0.5147058823529411,0.5147058823529411,0.5661764705882353,0.5735294117647058,0.6397058823529411,0.4485294117647059,0.5220588235294118,0.5367647058823529,0.5454545454545454,0.6,0.0,0.8897058823529411,0.1102941176470588,0.7510819601697457,0
M&M,5,0.9,1102,122,136,2025-05-19,2026-03-04,0.5147058823529411,0.5861545138888888,0.6796116504854369,0.5223880597014925,0.9722222222222222,70,64,0,2,0.5294117647058824,0.5808823529411765,0.5882352941176471,0.5147058823529411,0.5514705882352942,0.5367647058823529,0.625,0.5588235294117647,0.5073529411764706,0.4705882352941176,0.5223880597014925,0.0,0.0,0.9852941176470588,0.0147058823529411,0.5639056024684436,0
M&M,6,0.95,1163,129,68,2025-10-14,2026-03-04,0.5147058823529411,0.6805194805194805,0.6526315789473685,0.5166666666666667,0.8857142857142857,31,29,4,4,0.5147058823529411,0.4558823529411764,0.6029411764705882,0.5441176470588235,0.5441176470588235,0.5882352941176471,0.6617647058823529,0.5882352941176471,0.4411764705882353,0.5147058823529411,0.5166666666666667,0.5,0.0,0.8823529411764706,0.1176470588235294,0.5584391645901948,8
MANAPPURAM,1,0.7,915,101,145,2023-11-28,2024-08-23,0.4689655172413793,0.524196670538134,0.2935779816513761,0.5925925925925926,0.1951219512195122,16,11,52,66,0.4551724137931034,0.496551724137931,0.4551724137931034,0.4344827586206896,0.4827586206896552,0.4275862068965517,0.503448275862069,0.4896551724137931,0.5379310344827586,0.5724137931034483,0.5925925925925926,0.4406779661016949,0.0,0.1862068965517241,0.8137931034482758,0.2071625145560753,0
MANAPPURAM,2,0.75,981,108,145,2024-04-12,2024-12-27,0.4344827586206896,0.4126712328767123,0.4533333333333333,0.4415584415584415,0.4657534246575342,34,43,29,39,0.503448275862069,0.4827586206896552,0.4620689655172413,0.4137931034482758,0.5448275862068965,0.5517241379310345,0.4344827586206896,0.4758620689655172,0.4758620689655172,0.5172413793103449,0.4415584415584415,0.4264705882352941,0.0,0.5310344827586206,0.4689655172413793,0.313980497115397,0
MANAPPURAM,3,0.8,1045,116,145,2024-08-26,2025-05-29,0.4551724137931034,0.4525714285714285,0.4836601307189542,0.4743589743589743,0.4933333333333333,37,41,29,38,0.5310344827586206,0.4551724137931034,0.4482758620689655,0.5379310344827586,0.5241379310344828,0.3931034482758621,0.5310344827586206,0.4482758620689655,0.5448275862068965,0.5172413793103449,0.4743589743589743,0.4328358208955224,0.0,0.5379310344827586,0.4620689655172413,0.8984819020627629,0
MANAPPURAM,4,0.85,1111,123,145,2024-12-31,2025-10-16,0.496551724137931,0.521239954075775,0.5575757575757576,0.5287356321839081,0.5897435897435898,46,41,26,32,0.5379310344827586,0.5379310344827586,0.5517241379310345,0.5241379310344828,0.5379310344827586,0.5379310344827586,0.5103448275862069,0.5448275862068965,0.5379310344827586,0.4689655172413793,0.5287356321839081,0.4482758620689655,0.0,0.6,0.4,0.6440112616277707,0
MANAPPURAM,5,0.9,1176,130,146,2025-05-30,2026-03-06,0.5342465753424658,0.5492587727528617,0.4848484848484848,0.5423728813559322,0.4383561643835616,32,27,46,41,0.5,0.5,0.5547945205479452,0.5068493150684932,0.4863013698630137,0.4931506849315068,0.547945205479452,0.5068493150684932,0.5342465753424658,0.4726027397260274,0.5423728813559322,0.5287356321839081,0.0,0.4041095890410959,0.5958904109589042,0.2598109783533085,0
MANAPPURAM,6,0.95,1242,137,73,2025-10-17,2026-03-06,0.547945205479452,0.5495495495495496,0.5352112676056338,0.5428571428571428,0.5277777777777778,19,16,21,17,0.4931506849315068,0.4931506849315068,0.5342465753424658,0.5205479452054794,0.5753424657534246,0.4931506849315068,0.4383561643835616,0.547945205479452,0.547945205479452,0.4931506849315068,0.5428571428571428,0.5526315789473684,0.0,0.4794520547945205,0.5205479452054794,0.7695577391683949,8
MARICO,1,0.7,794,88,126,2023-12-21,2024-09-11,0.5,0.5604591836734694,0.496,0.5636363636363636,0.4428571428571428,31,24,32,39,0.4444444444444444,0.4761904761904761,0.5555555555555556,0.5555555555555556,0.5238095238095238,0.5793650793650794,0.5158730158730159,0.5238095238095238,0.5793650793650794,0.5396825396825397,0.5636363636363636,0.4507042253521126,0.0,0.4365079365079365,0.5634920634920635,0.4847950419150728,0
MARICO,2,0.75,851,94,126,2024-05-09,2025-01-08,0.4603174603174603,0.5076530612244898,0.5,0.5151515151515151,0.4857142857142857,34,32,24,36,0.5317460317460317,0.5317460317460317,0.5238095238095238,0.5555555555555556,0.5476190476190477,0.492063492063492,0.5,0.5555555555555556,0.4841269841269841,0.3968253968253968,0.5151515151515151,0.4,0.0,0.5238095238095238,0.4761904761904761,0.5510422773865458,0
MARICO,3,0.8,908,100,126,2024-09-12,2025-05-20,0.5,0.4878787878787879,0.4615384615384615,0.4736842105263157,0.45,27,30,36,33,0.5158730158730159,0.4761904761904761,0.4761904761904761,0.4682539682539682,0.5238095238095238,0.3968253968253968,0.4761904761904761,0.3888888888888889,0.4682539682539682,0.4523809523809524,0.4736842105263157,0.5217391304347826,0.0,0.4523809523809524,0.5476190476190477,0.426261370413001,0
MARICO,4,0.85,964,107,126,2025-01-09,2025-10-08,0.4523809523809524,0.4428751576292559,0.5106382978723404,0.45,0.5901639344262295,36,44,21,25,0.4682539682539682,0.5,0.4603174603174603,0.492063492063492,0.5,0.5079365079365079,0.4523809523809524,0.4841269841269841,0.5396825396825397,0.4523809523809524,0.45,0.4565217391304348,0.0,0.6349206349206349,0.365079365079365,0.3676077256251371,0
MARICO,5,0.9,1021,113,126,2025-05-21,2026-03-04,0.492063492063492,0.4837490551776266,0.6444444444444445,0.4957264957264957,0.9206349206349206,58,59,4,5,0.5158730158730159,0.5,0.5079365079365079,0.4841269841269841,0.5,0.5,0.492063492063492,0.5079365079365079,0.5238095238095238,0.4682539682539682,0.4957264957264957,0.4444444444444444,0.0,0.9285714285714286,0.0714285714285714,7.999993180976068,0
MARICO,6,0.95,1078,119,63,2025-10-13,2026-03-04,0.5079365079365079,0.5594758064516129,0.4363636363636363,0.5217391304347826,0.375,12,11,20,20,0.5873015873015873,0.5079365079365079,0.6349206349206349,0.5396825396825397,0.5238095238095238,0.492063492063492,0.492063492063492,0.3968253968253968,0.492063492063492,0.5396825396825397,0.5217391304347826,0.5,0.0,0.365079365079365,0.6349206349206349,7.999994083991005,8
MARUTI,1,0.7,810,89,129,2023-12-07,2024-08-29,0.5116279069767442,0.5002405002405003,0.2588235294117647,0.5789473684210527,0.1666666666666666,11,8,55,55,0.5193798449612403,0.5116279069767442,0.4883720930232558,0.4573643410852713,0.5116279069767442,0.4806201550387597,0.4728682170542636,0.4728682170542636,0.4573643410852713,0.5116279069767442,0.5789473684210527,0.5,0.0,0.1472868217054263,0.8527131782945736,0.4100707802492435,0
MARUTI,2,0.75,867,96,129,2024-04-19,2025-01-07,0.4573643410852713,0.4708293153326905,0.5625,0.4545454545454545,0.7377049180327869,45,54,14,16,0.5271317829457365,0.4341085271317829,0.4651162790697674,0.5038759689922481,0.4573643410852713,0.4883720930232558,0.4496124031007752,0.5193798449612403,0.4883720930232558,0.4728682170542636,0.4545454545454545,0.4666666666666667,0.0,0.7674418604651163,0.2325581395348837,0.3459382055640355,0
MARUTI,3,0.8,926,102,128,2024-09-05,2025-06-06,0.4765625,0.4974308783949107,0.524822695035461,0.4625,0.6065573770491803,37,43,24,24,0.4609375,0.484375,0.453125,0.5234375,0.5234375,0.4765625,0.515625,0.5078125,0.515625,0.5390625,0.4625,0.5,0.0,0.625,0.375,0.2633638458565647,0
MARUTI,4,0.85,983,109,128,2025-01-08,2025-10-28,0.515625,0.4892512972572276,0.5753424657534246,0.56,0.5915492957746479,42,33,24,29,0.5546875,0.5546875,0.5078125,0.5859375,0.4609375,0.5625,0.53125,0.4765625,0.4765625,0.5234375,0.56,0.4528301886792453,0.0,0.5859375,0.4140625,7.999993937524115,0
MARUTI,5,0.9,1041,115,129,2025-06-09,2026-03-05,0.4806201550387597,0.5145278450363197,0.3495145631067961,0.5454545454545454,0.2571428571428571,18,15,44,52,0.5426356589147286,0.5038759689922481,0.4573643410852713,0.4961240310077519,0.4263565891472868,0.3953488372093023,0.5193798449612403,0.4883720930232558,0.4573643410852713,0.5038759689922481,0.5454545454545454,0.4583333333333333,0.0,0.2558139534883721,0.7441860465116279,7.999995811826156,0
MARUTI,6,0.95,1098,122,65,2025-10-29,2026-03-05,0.5230769230769231,0.5075901328273245,0.4363636363636363,0.5,0.3870967741935484,12,12,22,19,0.5384615384615384,0.5076923076923077,0.4461538461538462,0.4923076923076923,0.4769230769230769,0.5230769230769231,0.5538461538461539,0.4307692307692308,0.4923076923076923,0.4307692307692308,0.5,0.5365853658536586,0.0,0.3692307692307692,0.6307692307692307,7.999993728253919,8
MOTHERSON,1,0.7,924,102,146,2023-12-12,2024-09-16,0.4931506849315068,0.5360416666666666,0.4714285714285714,0.75,0.34375,33,11,39,63,0.4863013698630137,0.6027397260273972,0.5205479452054794,0.3493150684931507,0.3972602739726027,0.6506849315068494,0.4452054794520548,0.5136986301369864,0.6027397260273972,0.4726027397260274,0.75,0.3823529411764705,0.0,0.3013698630136986,0.6986301369863014,0.4907001634360622,0
MOTHERSON,2,0.75,990,109,147,2024-05-06,2025-01-23,0.4285714285714285,0.4318097361575622,0.5625,0.4736842105263157,0.6923076923076923,54,60,9,24,0.5306122448979592,0.5102040816326531,0.5510204081632653,0.5986394557823129,0.4965986394557823,0.5102040816326531,0.5306122448979592,0.5034013605442177,0.54421768707483,0.4829931972789115,0.4736842105263157,0.2727272727272727,0.0,0.7755102040816326,0.2244897959183673,0.3282057907570087,0
MOTHERSON,3,0.8,1055,117,147,2024-09-17,2025-06-03,0.4421768707482993,0.420886075949367,0.4533333333333333,0.4146341463414634,0.5,34,48,31,34,0.4625850340136054,0.4625850340136054,0.4489795918367347,0.5102040816326531,0.4693877551020408,0.4489795918367347,0.5170068027210885,0.5374149659863946,0.5034013605442177,0.4897959183673469,0.4146341463414634,0.4769230769230769,0.0,0.5578231292517006,0.4421768707482993,0.3476553274430755,0
MOTHERSON,4,0.85,1122,124,146,2025-01-24,2025-10-15,0.4863013698630137,0.4629699248120301,0.5989304812834224,0.5045045045045045,0.7368421052631579,56,55,15,20,0.5205479452054794,0.5205479452054794,0.5205479452054794,0.541095890410959,0.4794520547945205,0.5547945205479452,0.5136986301369864,0.5068493150684932,0.4863013698630137,0.4726027397260274,0.5045045045045045,0.4285714285714286,0.0,0.7602739726027398,0.2397260273972602,0.1000035356387145,0
MOTHERSON,5,0.9,1188,131,147,2025-06-04,2026-03-05,0.5238095238095238,0.5001855287569573,0.6875,0.5238095238095238,1.0,77,70,0,0,0.5238095238095238,0.5238095238095238,0.5238095238095238,0.5034013605442177,0.5170068027210885,0.5238095238095238,0.5102040816326531,0.5306122448979592,0.5034013605442177,0.5510204081632653,0.5238095238095238,0.0,0.0,1.0,0.0,7.999993771534443,0
MOTHERSON,6,0.95,1253,139,74,2025-10-16,2026-03-05,0.527027027027027,0.5765567765567765,0.6846846846846847,0.5277777777777778,0.9743589743589745,38,34,1,1,0.527027027027027,0.527027027027027,0.4324324324324324,0.4864864864864865,0.4864864864864865,0.527027027027027,0.5675675675675675,0.5135135135135135,0.5540540540540541,0.527027027027027,0.5277777777777778,0.5,0.0,0.972972972972973,0.027027027027027,3.854341486052951,8
MPHASIS,1,0.7,891,98,142,2023-11-29,2024-08-28,0.528169014084507,0.5127591706539075,0.6455026455026455,0.5398230088495575,0.8026315789473685,61,52,14,15,0.5352112676056338,0.5211267605633803,0.5352112676056338,0.4295774647887324,0.5,0.5845070422535211,0.4577464788732394,0.5140845070422535,0.5070422535211268,0.4154929577464789,0.5398230088495575,0.4827586206896551,0.0,0.795774647887324,0.204225352112676,0.2640050987818154,0
MPHASIS,2,0.75,954,106,141,2024-04-16,2025-01-15,0.5460992907801419,0.5085470085470086,0.6631578947368421,0.5625,0.8076923076923077,63,49,14,15,0.5531914893617021,0.5531914893617021,0.5602836879432624,0.5673758865248227,0.5460992907801419,0.4609929078014184,0.5319148936170213,0.475177304964539,0.5390070921985816,0.5106382978723404,0.5625,0.4827586206896551,0.0,0.7943262411347518,0.2056737588652482,2.545858899095608,0
MPHASIS,3,0.8,1018,113,141,2024-09-02,2025-05-20,0.4609929078014184,0.4223477208551835,0.6161616161616161,0.465648854961832,0.9104477611940298,61,70,4,6,0.5106382978723404,0.475177304964539,0.5177304964539007,0.4680851063829787,0.4539007092198581,0.4822695035460992,0.475177304964539,0.4680851063829787,0.5177304964539007,0.4893617021276595,0.465648854961832,0.4,0.0,0.9290780141843972,0.0709219858156028,0.6449051322423425,0
MPHASIS,4,0.85,1081,120,142,2025-01-17,2025-10-07,0.4577464788732394,0.4647129186602871,0.5698324022346368,0.4513274336283185,0.7727272727272727,51,62,14,15,0.4929577464788732,0.4647887323943662,0.4929577464788732,0.5352112676056338,0.4718309859154929,0.5140845070422535,0.4647887323943662,0.4436619718309859,0.5352112676056338,0.4647887323943662,0.4513274336283185,0.4827586206896551,0.0,0.795774647887324,0.204225352112676,0.5432524935749946,0
MPHASIS,5,0.9,1145,127,142,2025-05-21,2026-03-04,0.4788732394366197,0.4874032929974211,0.5697674418604651,0.4851485148514851,0.6901408450704225,49,52,19,22,0.4859154929577465,0.5,0.4577464788732394,0.528169014084507,0.5,0.4788732394366197,0.528169014084507,0.5,0.5211267605633803,0.5563380281690141,0.4851485148514851,0.4634146341463414,0.0,0.7112676056338029,0.2887323943661972,0.3462929999870504,0
MPHASIS,6,0.95,1209,134,71,2025-10-09,2026-03-04,0.5915492957746479,0.6174603174603175,0.5084745762711864,0.6521739130434783,0.4166666666666667,15,8,27,21,0.5070422535211268,0.5492957746478874,0.5633802816901409,0.5211267605633803,0.5492957746478874,0.5070422535211268,0.5211267605633803,0.5774647887323944,0.4647887323943662,0.5352112676056338,0.6521739130434783,0.5625,0.0,0.323943661971831,0.676056338028169,0.834262057855752,8
MUTHOOTFIN,1,0.7,870,96,138,2023-12-14,2024-08-27,0.5,0.5788461538461538,0.3893805309734513,0.6285714285714286,0.282051282051282,22,13,47,56,0.4927536231884058,0.5,0.5362318840579711,0.5144927536231884,0.6014492753623188,0.5362318840579711,0.4420289855072464,0.5362318840579711,0.463768115942029,0.463768115942029,0.6285714285714286,0.4563106796116505,0.0,0.2536231884057971,0.7463768115942029,0.6139092120404901,0
MUTHOOTFIN,2,0.75,932,103,138,2024-04-19,2025-01-08,0.427536231884058,0.4710365853658537,0.3247863247863248,0.5428571428571428,0.2317073170731707,19,16,40,63,0.4057971014492754,0.463768115942029,0.4927536231884058,0.5434782608695652,0.463768115942029,0.463768115942029,0.4130434782608695,0.5,0.4130434782608695,0.4927536231884058,0.5428571428571428,0.3883495145631068,0.0,0.2536231884057971,0.7463768115942029,7.999994135411792,0
MUTHOOTFIN,3,0.8,994,110,138,2024-08-28,2025-06-02,0.5217391304347826,0.5050675675675677,0.5285714285714286,0.5606060606060606,0.5,37,29,35,37,0.5362318840579711,0.5362318840579711,0.5289855072463768,0.5072463768115942,0.5217391304347826,0.5434782608695652,0.5289855072463768,0.5217391304347826,0.5362318840579711,0.4420289855072464,0.5606060606060606,0.4861111111111111,0.0,0.4782608695652174,0.5217391304347826,1.452121049512344,0
MUTHOOTFIN,4,0.85,1056,117,138,2025-01-10,2025-10-14,0.5217391304347826,0.5154138513513513,0.6413043478260869,0.5363636363636364,0.7972972972972973,59,51,13,15,0.5362318840579711,0.5362318840579711,0.5289855072463768,0.4565217391304347,0.5144927536231884,0.5289855072463768,0.5869565217391305,0.5507246376811594,0.4855072463768116,0.5289855072463768,0.5363636363636364,0.4642857142857143,0.0,0.7971014492753623,0.2028985507246377,0.523246474026303,0
MUTHOOTFIN,5,0.9,1118,124,139,2025-06-03,2026-03-05,0.5323741007194245,0.4804573804573805,0.6948356807511737,0.5323741007194245,1.0,74,65,0,0,0.5323741007194245,0.5323741007194245,0.5323741007194245,0.4460431654676259,0.4964028776978417,0.5323741007194245,0.539568345323741,0.4964028776978417,0.5323741007194245,0.5323741007194245,0.5323741007194245,0.0,0.0,1.0,0.0,0.9412763186356636,0
MUTHOOTFIN,6,0.95,1180,131,70,2025-10-16,2026-03-05,0.5,0.4302040816326531,0.6666666666666666,0.5,1.0,35,35,0,0,0.5,0.5,0.5,0.4142857142857143,0.5285714285714286,0.5857142857142857,0.5,0.4714285714285714,0.4714285714285714,0.5,0.5,0.0,0.0,1.0,0.0,0.808715310418681,8
NAUKRI,1,0.7,921,102,146,2023-12-22,2024-10-03,0.541095890410959,0.5076516153410164,0.593939393939394,0.5697674418604651,0.620253164556962,49,37,30,30,0.5136986301369864,0.5068493150684932,0.547945205479452,0.5616438356164384,0.5684931506849316,0.5547945205479452,0.5342465753424658,0.5068493150684932,0.5205479452054794,0.5136986301369864,0.5697674418604651,0.5,0.0,0.589041095890411,0.410958904109589,0.1000035356387145,0
NAUKRI,2,0.75,987,109,146,2024-05-22,2025-02-05,0.5684931506849316,0.577397910731244,0.5771812080536913,0.6323529411764706,0.5308641975308642,43,25,40,38,0.4863013698630137,0.5136986301369864,0.547945205479452,0.5342465753424658,0.5547945205479452,0.5547945205479452,0.5342465753424658,0.4452054794520548,0.4863013698630137,0.4863013698630137,0.6323529411764706,0.5128205128205128,0.0,0.4657534246575342,0.5342465753424658,0.3632763867972864,0
NAUKRI,3,0.8,1053,116,146,2024-10-04,2025-06-10,0.6027397260273972,0.5958968567664219,0.6777777777777778,0.5922330097087378,0.7922077922077922,61,42,27,16,0.5273972602739726,0.4589041095890411,0.4794520547945205,0.547945205479452,0.5821917808219178,0.5136986301369864,0.5273972602739726,0.589041095890411,0.541095890410959,0.5136986301369864,0.5922330097087378,0.627906976744186,0.0,0.7054794520547946,0.2945205479452055,0.3528377140402248,0
NAUKRI,4,0.85,1118,124,146,2025-02-06,2025-10-17,0.4863013698630137,0.4924459743736852,0.576271186440678,0.4473684210526316,0.8095238095238095,51,63,20,12,0.4315068493150685,0.4315068493150685,0.4520547945205479,0.4657534246575342,0.4246575342465753,0.4520547945205479,0.541095890410959,0.4657534246575342,0.4178082191780822,0.5342465753424658,0.4473684210526316,0.625,0.0,0.7808219178082192,0.2191780821917808,0.4698720060061407,0
NAUKRI,5,0.9,1184,131,147,2025-06-11,2026-03-06,0.3809523809523809,0.5818948213568849,0.5380710659898477,0.3680555555555556,1.0,53,91,3,0,0.3945578231292517,0.4081632653061224,0.3605442176870748,0.4013605442176871,0.3877551020408163,0.4149659863945578,0.4081632653061224,0.5374149659863946,0.4285714285714285,0.3945578231292517,0.3680555555555556,1.0,0.0,0.979591836734694,0.0204081632653061,0.3674141603381075,0
NAUKRI,6,0.95,1250,138,74,2025-10-20,2026-03-06,0.3648648648648648,0.4980299448384555,0.5346534653465347,0.3648648648648648,1.0,27,47,0,0,0.3648648648648648,0.3648648648648648,0.3648648648648648,0.3783783783783784,0.3648648648648648,0.3648648648648648,0.5,0.581081081081081,0.3648648648648648,0.4054054054054054,0.3648648648648648,0.0,0.0,1.0,0.0,7.999994095283603,8
NESTLEIND,1,0.7,785,87,125,2023-12-05,2024-09-04,0.52,0.5522388059701493,0.4827586206896552,0.5714285714285714,0.417910447761194,28,21,37,39,0.512,0.48,0.488,0.472,0.512,0.544,0.528,0.536,0.528,0.456,0.5714285714285714,0.4868421052631578,0.0,0.392,0.608,0.3704414112250236,0
NESTLEIND,2,0.75,842,93,124,2024-04-18,2025-01-20,0.4838709677419355,0.3942232630757221,0.6,0.4848484848484848,0.7868852459016393,48,51,12,13,0.5080645161290323,0.4919354838709677,0.4596774193548387,0.5,0.5,0.4516129032258064,0.4919354838709677,0.4596774193548387,0.4193548387096774,0.4758064516129032,0.4848484848484848,0.48,0.0,0.7983870967741935,0.2016129032258064,0.3505132065282058,0
NESTLEIND,3,0.8,898,99,125,2024-09-06,2025-06-10,0.496,0.5432889344262295,0.6519337016574586,0.4916666666666666,0.9672131147540984,59,61,3,2,0.488,0.512,0.488,0.44,0.48,0.448,0.488,0.424,0.472,0.488,0.4916666666666666,0.6,0.0,0.96,0.04,0.4648001983019911,0
NESTLEIND,4,0.85,954,105,125,2025-01-22,2025-10-10,0.448,0.4557091653865848,0.591715976331361,0.4716981132075472,0.7936507936507936,50,56,6,13,0.504,0.472,0.504,0.52,0.552,0.504,0.504,0.544,0.504,0.512,0.4716981132075472,0.3157894736842105,0.0,0.848,0.152,7.999995029127251,0
NESTLEIND,5,0.9,1010,112,125,2025-06-11,2026-03-05,0.52,0.4974385245901639,0.6808510638297872,0.5161290322580645,1.0,64,60,1,0,0.512,0.512,0.512,0.464,0.512,0.504,0.52,0.48,0.456,0.504,0.5161290322580645,1.0,0.0,0.992,0.008,7.999995551970573,0
NESTLEIND,6,0.95,1066,118,63,2025-10-13,2026-03-05,0.5079365079365079,0.4520408163265306,0.6436781609195402,0.5384615384615384,0.8,28,24,4,7,0.4603174603174603,0.5396825396825397,0.5396825396825397,0.5238095238095238,0.4761904761904761,0.4603174603174603,0.5396825396825397,0.5079365079365079,0.5555555555555556,0.492063492063492,0.5384615384615384,0.3636363636363636,0.0,0.8253968253968254,0.1746031746031746,0.1000035356387145,8
NMDC,1,0.7,477,52,76,2024-12-05,2025-04-29,0.4473684210526316,0.4313725490196078,0.16,0.25,0.1176470588235294,4,12,30,30,0.3947368421052631,0.4605263157894737,0.5526315789473685,0.5263157894736842,0.5,0.5394736842105263,0.5263157894736842,0.3947368421052631,0.5263157894736842,0.4342105263157895,0.25,0.5,0.0,0.2105263157894736,0.7894736842105263,0.340572997016219,0
NMDC,2,0.75,511,56,76,2025-02-06,2025-07-14,0.5394736842105263,0.5567944250871081,0.4444444444444444,0.5,0.4,14,14,27,21,0.5131578947368421,0.4868421052631579,0.4605263157894737,0.5394736842105263,0.4736842105263157,0.618421052631579,0.631578947368421,0.5394736842105263,0.5263157894736842,0.4868421052631579,0.5,0.5625,0.0,0.3684210526315789,0.631578947368421,0.9633758348748612,0
NMDC,3,0.8,545,60,76,2025-05-05,2025-09-25,0.5394736842105263,0.551092318534179,0.5454545454545454,0.4772727272727273,0.6363636363636364,21,23,20,12,0.5657894736842105,0.5131578947368421,0.5789473684210527,0.5131578947368421,0.618421052631579,0.5131578947368421,0.5526315789473685,0.5,0.631578947368421,0.5657894736842105,0.4772727272727273,0.625,0.0,0.5789473684210527,0.4210526315789473,0.2439422157046055,0
NMDC,4,0.85,579,64,76,2025-07-17,2025-12-18,0.631578947368421,0.574468085106383,0.4166666666666667,0.5263157894736842,0.3448275862068966,10,9,38,19,0.618421052631579,0.618421052631579,0.6052631578947368,0.5789473684210527,0.5657894736842105,0.5526315789473685,0.618421052631579,0.6052631578947368,0.631578947368421,0.631578947368421,0.5263157894736842,0.6666666666666667,0.0,0.25,0.75,0.1000035356387145,0
NMDC,5,0.9,613,68,76,2025-09-26,2026-03-09,0.4736842105263157,0.4971014492753623,0.3939393939393939,0.3611111111111111,0.4333333333333333,13,23,23,17,0.5526315789473685,0.5526315789473685,0.5526315789473685,0.5526315789473685,0.5131578947368421,0.5263157894736842,0.5,0.5921052631578947,0.5263157894736842,0.5,0.3611111111111111,0.575,0.0,0.4736842105263157,0.5263157894736842,0.3531322773041079,0
NMDC,6,0.95,648,71,38,2025-12-19,2026-03-09,0.4210526315789473,0.471590909090909,0.5217391304347826,0.4,0.75,12,18,4,4,0.4473684210526316,0.4473684210526316,0.3421052631578947,0.5263157894736842,0.5,0.3947368421052631,0.4473684210526316,0.5789473684210527,0.4736842105263157,0.4736842105263157,0.4,0.5,0.0,0.7894736842105263,0.2105263157894736,0.51414954315408,8
NTPC,1,0.7,840,93,134,2023-12-08,2024-08-21,0.5149253731343284,0.476409666283084,0.6198830409356725,0.5760869565217391,0.6708860759493671,53,39,16,26,0.5895522388059702,0.5074626865671642,0.4701492537313433,0.417910447761194,0.5298507462686567,0.5,0.4776119402985074,0.5074626865671642,0.5298507462686567,0.5223880597014925,0.5760869565217391,0.3809523809523809,0.0,0.6865671641791045,0.3134328358208955,0.2628059151490049,0
NTPC,2,0.75,900,100,133,2024-04-23,2024-12-17,0.5263157894736842,0.4664399092970522,0.6735751295336787,0.5284552845528455,0.9285714285714286,65,58,5,5,0.5037593984962406,0.5263157894736842,0.4661654135338345,0.4661654135338345,0.5037593984962406,0.5413533834586466,0.4887218045112781,0.518796992481203,0.4736842105263157,0.5263157894736842,0.5284552845528455,0.5,0.0,0.924812030075188,0.075187969924812,0.2604415681943781,0
NTPC,3,0.8,961,106,133,2024-08-23,2025-05-09,0.4887218045112781,0.5199909132212631,0.6222222222222222,0.4745762711864407,0.9032258064516128,56,62,9,6,0.4661654135338345,0.4661654135338345,0.4812030075187969,0.4360902255639097,0.4511278195488721,0.4887218045112781,0.4812030075187969,0.4436090225563909,0.4812030075187969,0.4586466165413533,0.4745762711864407,0.6,0.0,0.8872180451127819,0.112781954887218,0.7826518538521264,0
NTPC,4,0.85,1020,113,134,2024-12-18,2025-10-08,0.5,0.5234375,0.6035502958579881,0.4857142857142857,0.796875,51,54,16,13,0.4701492537313433,0.4776119402985074,0.4626865671641791,0.4776119402985074,0.4552238805970149,0.4701492537313433,0.5597014925373134,0.4328358208955223,0.4776119402985074,0.4776119402985074,0.4857142857142857,0.5517241379310345,0.0,0.7835820895522388,0.2164179104477611,2.157665350861293,0
NTPC,5,0.9,1080,120,134,2025-05-12,2026-03-05,0.5373134328358209,0.5482290042325684,0.6804123711340206,0.5196850393700787,0.9850746268656716,66,61,6,1,0.5149253731343284,0.5,0.5,0.4776119402985074,0.4776119402985074,0.4925373134328358,0.5373134328358209,0.5,0.5074626865671642,0.5,0.5196850393700787,0.8571428571428572,0.0,0.9477611940298508,0.0522388059701492,7.999996169227395,0
NTPC,6,0.95,1141,126,67,2025-10-09,2026-03-05,0.5970149253731343,0.5178571428571428,0.6666666666666666,0.5869565217391305,0.7714285714285715,27,19,13,8,0.5223880597014925,0.5373134328358209,0.4029850746268656,0.5671641791044776,0.4776119402985074,0.5074626865671642,0.4477611940298507,0.5522388059701493,0.4776119402985074,0.5074626865671642,0.5869565217391305,0.6190476190476191,0.0,0.6865671641791045,0.3134328358208955,0.3657566740022334,8
OFSS,1,0.7,832,92,132,2024-02-15,2024-10-25,0.4696969696969697,0.4578703703703704,0.5512820512820513,0.5119047619047619,0.5972222222222222,43,41,19,29,0.5151515151515151,0.4469696969696969,0.4621212121212121,0.5303030303030303,0.5,0.5075757575757576,0.4696969696969697,0.5378787878787878,0.4848484848484848,0.553030303030303,0.5119047619047619,0.3958333333333333,0.0,0.6363636363636364,0.3636363636363636,0.2291927779694128,0
OFSS,2,0.75,891,99,132,2024-07-02,2025-02-25,0.4696969696969697,0.5114929185047596,0.5333333333333333,0.4395604395604395,0.6779661016949152,40,51,22,19,0.4469696969696969,0.4469696969696969,0.4090909090909091,0.3636363636363636,0.4166666666666667,0.5227272727272727,0.4696969696969697,0.5606060606060606,0.5303030303030303,0.4469696969696969,0.4395604395604395,0.5365853658536586,0.0,0.6893939393939394,0.3106060606060606,0.4105418006537757,0
OFSS,3,0.8,951,105,132,2024-10-29,2025-06-25,0.4545454545454545,0.4446280991735537,0.4705882352941176,0.3950617283950617,0.5818181818181818,32,49,28,23,0.4848484848484848,0.4166666666666667,0.4015151515151515,0.4393939393939394,0.5075757575757576,0.4393939393939394,0.3560606060606061,0.4090909090909091,0.4090909090909091,0.4545454545454545,0.3950617283950617,0.5490196078431373,0.0,0.6136363636363636,0.3863636363636363,0.2803219807772389,0
OFSS,4,0.85,1010,112,132,2025-02-27,2025-10-28,0.4772727272727273,0.4738292011019283,0.5490196078431373,0.4827586206896552,0.6363636363636364,42,45,21,24,0.5,0.5,0.553030303030303,0.4772727272727273,0.4621212121212121,0.5075757575757576,0.5151515151515151,0.4924242424242424,0.4772727272727273,0.5,0.4827586206896552,0.4666666666666667,0.0,0.6590909090909091,0.3409090909090909,0.2622388104357074,0
OFSS,5,0.9,1070,118,133,2025-06-26,2026-03-06,0.4511278195488721,0.4849726775956284,0.5780346820809249,0.4464285714285714,0.819672131147541,50,62,10,11,0.4360902255639097,0.4135338345864661,0.4586466165413533,0.5037593984962406,0.4887218045112781,0.4736842105263157,0.4436090225563909,0.4812030075187969,0.518796992481203,0.4586466165413533,0.4464285714285714,0.4761904761904761,0.0,0.8421052631578947,0.1578947368421052,0.4422725627097664,0
OFSS,6,0.95,1129,125,67,2025-10-29,2026-03-06,0.4925373134328358,0.4446460980036297,0.4516129032258064,0.4242424242424242,0.4827586206896552,14,19,19,15,0.5223880597014925,0.5671641791044776,0.4776119402985074,0.4328358208955223,0.5074626865671642,0.417910447761194,0.5373134328358209,0.4029850746268656,0.417910447761194,0.5074626865671642,0.4242424242424242,0.5588235294117647,0.0,0.4925373134328358,0.5074626865671642,7.99999399397936,8
ONGC,1,0.7,887,98,141,2023-12-01,2024-08-30,0.5177304964539007,0.489458453906573,0.5342465753424658,0.609375,0.4756097560975609,39,25,34,43,0.5815602836879432,0.5815602836879432,0.4468085106382978,0.5390070921985816,0.524822695035461,0.425531914893617,0.4680851063829787,0.4397163120567376,0.5319148936170213,0.475177304964539,0.609375,0.4415584415584416,0.0,0.4539007092198581,0.5460992907801419,0.4720786910792283,0
ONGC,2,0.75,951,105,140,2024-04-10,2025-01-06,0.5071428571428571,0.5092516447368421,0.5660377358490566,0.4736842105263157,0.703125,45,50,26,19,0.4571428571428571,0.4428571428571428,0.4,0.4071428571428571,0.4285714285714285,0.4357142857142857,0.4214285714285714,0.4357142857142857,0.45,0.45,0.4736842105263157,0.5777777777777777,0.0,0.6785714285714286,0.3214285714285714,0.4312896479182114,0
ONGC,3,0.8,1014,112,141,2024-09-02,2025-05-05,0.4468085106382978,0.4674180327868852,0.61,0.4388489208633093,1.0,61,78,2,0,0.4326241134751773,0.4326241134751773,0.4184397163120567,0.4397163120567376,0.5602836879432624,0.4397163120567376,0.4680851063829787,0.4539007092198581,0.4397163120567376,0.4326241134751773,0.4388489208633093,1.0,0.0,0.9858156028368794,0.0141843971631205,1.025181924340135,0
ONGC,4,0.85,1077,119,141,2025-01-07,2025-10-10,0.5177304964539007,0.463291649858814,0.6382978723404256,0.5263157894736842,0.8108108108108109,60,54,13,14,0.4680851063829787,0.4184397163120567,0.524822695035461,0.5177304964539007,0.4609929078014184,0.4680851063829787,0.5390070921985816,0.5602836879432624,0.5390070921985816,0.524822695035461,0.5263157894736842,0.4814814814814815,0.0,0.8085106382978723,0.1914893617021276,7.999995170039558,0
ONGC,5,0.9,1141,126,141,2025-05-06,2026-03-05,0.5177304964539007,0.4240944240944241,0.6822429906542056,0.5367647058823529,0.935897435897436,73,63,0,5,0.5531914893617021,0.5531914893617021,0.5106382978723404,0.524822695035461,0.5319148936170213,0.5106382978723404,0.5390070921985816,0.5106382978723404,0.5390070921985816,0.5177304964539007,0.5367647058823529,0.0,0.0,0.9645390070921984,0.0354609929078014,7.999993961278042,0
ONGC,6,0.95,1204,133,71,2025-10-14,2026-03-05,0.5352112676056338,0.375801282051282,0.6972477064220184,0.5428571428571428,0.9743589743589745,38,32,0,1,0.5492957746478874,0.5492957746478874,0.4929577464788732,0.5070422535211268,0.5070422535211268,0.5492957746478874,0.4788732394366197,0.4507042253521127,0.5633802816901409,0.5211267605633803,0.5428571428571428,0.0,0.0,0.9859154929577464,0.0140845070422535,0.2396184726593453,8
PAGEIND,1,0.7,866,96,138,2023-11-09,2024-08-28,0.5,0.5082347972972973,0.3300970873786408,0.5862068965517241,0.2297297297297297,17,12,52,57,0.4492753623188406,0.463768115942029,0.4927536231884058,0.4710144927536231,0.4565217391304347,0.4710144927536231,0.5217391304347826,0.4855072463768116,0.5289855072463768,0.463768115942029,0.5862068965517241,0.4770642201834862,0.0,0.2101449275362318,0.7898550724637681,0.5871612944624821,0
PAGEIND,2,0.75,928,103,137,2024-04-15,2025-01-20,0.5547445255474452,0.5383955383955383,0.5196850393700787,0.6226415094339622,0.4459459459459459,33,20,43,41,0.437956204379562,0.5547445255474452,0.4671532846715328,0.4890510948905109,0.4817518248175182,0.5401459854014599,0.5474452554744526,0.5036496350364964,0.5401459854014599,0.4744525547445255,0.6226415094339622,0.5119047619047619,0.0,0.3868613138686131,0.6131386861313869,7.999994191530403,0
PAGEIND,3,0.8,990,110,137,2024-08-29,2025-05-23,0.5182481751824818,0.5692963752665245,0.4210526315789473,0.5454545454545454,0.3428571428571428,24,20,47,46,0.4890510948905109,0.5620437956204379,0.5109489051094891,0.5182481751824818,0.5620437956204379,0.4963503649635036,0.5474452554744526,0.4452554744525547,0.5036496350364964,0.4890510948905109,0.5454545454545454,0.5053763440860215,0.0,0.3211678832116788,0.6788321167883211,0.3253856086088004,0
PAGEIND,4,0.85,1052,116,138,2025-01-22,2025-10-01,0.5652173913043478,0.6245798319327731,0.3617021276595745,0.6538461538461539,0.25,17,9,61,51,0.4492753623188406,0.4927536231884058,0.5,0.5507246376811594,0.572463768115942,0.4855072463768116,0.4782608695652174,0.5362318840579711,0.5,0.5507246376811594,0.6538461538461539,0.5446428571428572,0.0,0.1884057971014492,0.8115942028985508,0.2525308931651503,0
PAGEIND,5,0.9,1114,123,138,2025-05-26,2026-03-06,0.5652173913043478,0.4716898954703832,0.1891891891891892,0.3888888888888889,0.125,7,11,71,49,0.5072463768115942,0.5072463768115942,0.5144927536231884,0.4782608695652174,0.5144927536231884,0.4565217391304347,0.5579710144927537,0.5072463768115942,0.391304347826087,0.5942028985507246,0.3888888888888889,0.5916666666666667,0.0,0.1304347826086956,0.8695652173913043,0.3369349769417655,0
PAGEIND,6,0.95,1176,130,69,2025-10-03,2026-03-06,0.5652173913043478,0.556710775047259,0.25,0.2941176470588235,0.217391304347826,5,12,34,18,0.3333333333333333,0.2753623188405797,0.5217391304347826,0.6521739130434783,0.5507246376811594,0.3333333333333333,0.4927536231884058,0.6086956521739131,0.5217391304347826,0.3333333333333333,0.2941176470588235,0.6538461538461539,0.0,0.2463768115942029,0.7536231884057971,0.6725430455019261,8
PERSISTENT,1,0.7,900,99,143,2023-12-21,2024-09-24,0.5594405594405595,0.5435825669732107,0.6956521739130435,0.576,0.8780487804878049,72,53,8,10,0.5734265734265734,0.5734265734265734,0.5804195804195804,0.5314685314685315,0.5804195804195804,0.5454545454545454,0.5384615384615384,0.5034965034965035,0.4405594405594406,0.5454545454545454,0.576,0.4444444444444444,0.0,0.8741258741258742,0.1258741258741259,0.6011571911761294,0
PERSISTENT,2,0.75,964,107,142,2024-05-21,2025-01-31,0.5633802816901409,0.5414634146341464,0.6868686868686869,0.5862068965517241,0.8292682926829268,68,48,12,14,0.5774647887323944,0.5140845070422535,0.5774647887323944,0.5915492957746479,0.5563380281690141,0.5140845070422535,0.5140845070422535,0.5211267605633803,0.5492957746478874,0.4225352112676056,0.5862068965517241,0.4615384615384615,0.0,0.8169014084507042,0.1830985915492957,7.999994131407292,0
PERSISTENT,3,0.8,1028,114,143,2024-09-25,2025-06-06,0.5104895104895105,0.4340766823161189,0.6568627450980392,0.5075757575757576,0.9305555555555556,67,65,6,5,0.5104895104895105,0.5034965034965035,0.4965034965034965,0.5314685314685315,0.5174825174825175,0.5174825174825175,0.4615384615384615,0.5244755244755245,0.5314685314685315,0.5524475524475524,0.5075757575757576,0.5454545454545454,0.0,0.9230769230769232,0.0769230769230769,0.3827601873031613,0
PERSISTENT,4,0.85,1092,121,143,2025-02-01,2025-10-20,0.4685314685314685,0.415553809897879,0.638095238095238,0.4685314685314685,1.0,67,76,0,0,0.4685314685314685,0.4755244755244755,0.4685314685314685,0.4545454545454545,0.4825174825174825,0.4265734265734265,0.4405594405594406,0.4405594405594406,0.4615384615384615,0.4685314685314685,0.4685314685314685,0.0,0.0,1.0,0.0,0.5538529945857577,0
PERSISTENT,5,0.9,1157,128,143,2025-06-09,2026-03-04,0.4475524475524475,0.5210547028728846,0.6108374384236454,0.4525547445255474,0.9393939393939394,62,75,2,4,0.4615384615384615,0.4615384615384615,0.4825174825174825,0.4475524475524475,0.4335664335664335,0.4895104895104895,0.4755244755244755,0.4965034965034965,0.4615384615384615,0.4545454545454545,0.4525547445255474,0.3333333333333333,0.0,0.958041958041958,0.0419580419580419,0.1000035356387145,0
PERSISTENT,6,0.95,1221,135,72,2025-10-21,2026-03-04,0.4722222222222222,0.4558823529411764,0.6415094339622641,0.4722222222222222,1.0,34,38,0,0,0.4722222222222222,0.4722222222222222,0.4722222222222222,0.4861111111111111,0.4861111111111111,0.5277777777777778,0.5555555555555556,0.4861111111111111,0.4861111111111111,0.5416666666666666,0.4722222222222222,0.0,0.0,1.0,0.0,7.999993480148141,8
PIDILITIND,1,0.7,809,89,129,2023-12-11,2024-09-06,0.6124031007751938,0.503061224489796,0.7474747474747475,0.6271186440677966,0.925,74,44,5,6,0.5116279069767442,0.5193798449612403,0.4883720930232558,0.5116279069767442,0.5736434108527132,0.5116279069767442,0.5658914728682171,0.5426356589147286,0.5116279069767442,0.6201550387596899,0.6271186440677966,0.4545454545454546,0.0,0.9147286821705426,0.0852713178294573,6.169839132141209,0
PIDILITIND,2,0.75,867,96,128,2024-05-02,2025-01-06,0.53125,0.5475490196078432,0.4736842105263157,0.5869565217391305,0.3970588235294117,27,19,41,41,0.546875,0.515625,0.546875,0.515625,0.578125,0.4609375,0.53125,0.515625,0.5078125,0.4921875,0.5869565217391305,0.5,0.0,0.359375,0.640625,0.4164981201838587,0
PIDILITIND,3,0.8,925,102,128,2024-09-09,2025-05-08,0.4921875,0.5217391304347826,0.5911949685534591,0.47,0.7966101694915254,47,53,16,12,0.4609375,0.5078125,0.4609375,0.515625,0.46875,0.515625,0.4765625,0.546875,0.4921875,0.5390625,0.47,0.5714285714285714,0.0,0.78125,0.21875,0.3613050277577686,0
PIDILITIND,4,0.85,982,109,128,2025-01-07,2025-10-15,0.484375,0.4576312576312576,0.648936170212766,0.488,0.9682539682539684,61,64,1,2,0.4921875,0.4765625,0.4375,0.5234375,0.3984375,0.453125,0.4921875,0.5234375,0.484375,0.4296875,0.488,0.3333333333333333,0.0,0.9765625,0.0234375,0.4814199902497404,0
PIDILITIND,5,0.9,1040,115,129,2025-05-09,2026-03-06,0.5193798449612403,0.4589371980676328,0.6309523809523809,0.5353535353535354,0.7681159420289855,53,46,14,16,0.5891472868217055,0.5658914728682171,0.5038759689922481,0.4883720930232558,0.4341085271317829,0.4728682170542636,0.5038759689922481,0.5038759689922481,0.4961240310077519,0.4651162790697674,0.5353535353535354,0.4666666666666667,0.0,0.7674418604651163,0.2325581395348837,3.635828676920252,0
PIDILITIND,6,0.95,1098,121,65,2025-10-16,2026-03-06,0.5230769230769231,0.5210727969348659,0.6868686868686869,0.5396825396825397,0.9444444444444444,34,29,0,2,0.5538461538461539,0.5538461538461539,0.5076923076923077,0.5538461538461539,0.5692307692307692,0.4,0.4153846153846154,0.5538461538461539,0.5230769230769231,0.5538461538461539,0.5396825396825397,0.0,0.0,0.9692307692307692,0.0307692307692307,7.9999964220826225,8
POLYCAB,1,0.7,722,80,115,2024-05-24,2024-12-19,0.4956521739130435,0.6122202056866304,0.6627906976744186,0.4956521739130435,1.0,57,58,0,0,0.4956521739130435,0.4956521739130435,0.4956521739130435,0.4956521739130435,0.5304347826086957,0.4,0.5739130434782609,0.5130434782608696,0.5217391304347826,0.4695652173913043,0.4956521739130435,0.0,0.0,1.0,0.0,0.8713090961888688,0
POLYCAB,2,0.75,774,86,114,2024-09-06,2025-04-04,0.5350877192982456,0.472007423445716,0.6971428571428572,0.5350877192982456,1.0,61,53,0,0,0.5350877192982456,0.5350877192982456,0.5350877192982456,0.5175438596491229,0.5614035087719298,0.5,0.543859649122807,0.5087719298245614,0.5350877192982456,0.4210526315789473,0.5350877192982456,0.0,0.0,1.0,0.0,1.9389171533290157,0
POLYCAB,3,0.8,826,91,115,2024-12-20,2025-07-25,0.5217391304347826,0.5323565323565324,0.6857142857142857,0.5357142857142857,0.9523809523809524,60,52,0,3,0.5217391304347826,0.5478260869565217,0.5478260869565217,0.5478260869565217,0.5565217391304348,0.5130434782608696,0.5739130434782609,0.5391304347826087,0.5652173913043478,0.5130434782608696,0.5357142857142857,0.0,0.0,0.9739130434782608,0.0260869565217391,0.6475646515589022,0
POLYCAB,4,0.85,877,97,115,2025-04-07,2025-11-14,0.5652173913043478,0.5575384615384615,0.7222222222222222,0.5652173913043478,1.0,65,50,0,0,0.5652173913043478,0.5652173913043478,0.5304347826086957,0.5652173913043478,0.6,0.5652173913043478,0.5391304347826087,0.591304347826087,0.5652173913043478,0.5565217391304348,0.5652173913043478,0.0,0.0,1.0,0.0,1.4260124460559582,0
POLYCAB,5,0.9,929,103,115,2025-07-28,2026-03-05,0.5130434782608696,0.5239393939393939,0.6056338028169014,0.524390243902439,0.7166666666666667,43,39,16,17,0.5217391304347826,0.5130434782608696,0.5130434782608696,0.5217391304347826,0.5043478260869565,0.5478260869565217,0.4782608695652174,0.4782608695652174,0.5304347826086957,0.4782608695652174,0.524390243902439,0.4848484848484848,0.0,0.7130434782608696,0.2869565217391304,0.9921726045056734,0
POLYCAB,6,0.95,981,108,58,2025-11-19,2026-03-05,0.4827586206896552,0.6266349583828775,0.625,0.4901960784313725,0.8620689655172413,25,26,3,4,0.4655172413793103,0.5689655172413793,0.5172413793103449,0.5,0.603448275862069,0.603448275862069,0.5517241379310345,0.4827586206896552,0.5,0.5172413793103449,0.4901960784313725,0.4285714285714286,0.0,0.8793103448275862,0.1206896551724138,0.6109383668217513,8
POWERGRID,1,0.7,833,92,132,2023-11-09,2024-08-02,0.5757575757575758,0.6415519399249061,0.6,0.7636363636363637,0.4941176470588235,42,13,34,43,0.553030303030303,0.5378787878787878,0.5606060606060606,0.5833333333333334,0.5,0.5,0.4545454545454545,0.4848484848484848,0.5606060606060606,0.4621212121212121,0.7636363636363637,0.4415584415584416,0.0,0.4166666666666667,0.5833333333333334,0.3619897349918545,0
POWERGRID,2,0.75,892,99,132,2024-03-21,2024-12-17,0.5151515151515151,0.5285153544216117,0.5294117647058824,0.5538461538461539,0.5070422535211268,36,29,32,35,0.5,0.553030303030303,0.4696969696969697,0.553030303030303,0.5606060606060606,0.4621212121212121,0.553030303030303,0.5151515151515151,0.4469696969696969,0.5454545454545454,0.5538461538461539,0.4776119402985075,0.0,0.4924242424242424,0.5075757575757576,0.1623439369921497,0
POWERGRID,3,0.8,952,105,132,2024-08-05,2025-05-02,0.4772727272727273,0.5509641873278236,0.6349206349206349,0.4878048780487805,0.9090909090909092,60,63,3,6,0.5,0.5,0.5,0.5,0.4696969696969697,0.4696969696969697,0.5303030303030303,0.5075757575757576,0.5151515151515151,0.5,0.4878048780487805,0.3333333333333333,0.0,0.9318181818181818,0.0681818181818181,0.2514262398171105,0
POWERGRID,4,0.85,1011,112,132,2024-12-19,2025-09-26,0.4696969696969697,0.5289256198347108,0.6354166666666666,0.4841269841269841,0.9242424242424242,61,65,1,5,0.5,0.4848484848484848,0.4772727272727273,0.5075757575757576,0.5,0.5378787878787878,0.5075757575757576,0.4848484848484848,0.5,0.5,0.4841269841269841,0.1666666666666666,0.0,0.9545454545454546,0.0454545454545454,0.7587009052433042,0
POWERGRID,5,0.9,1071,118,133,2025-05-06,2026-03-05,0.4736842105263157,0.4607709750566893,0.6428571428571429,0.4736842105263157,1.0,63,70,0,0,0.4736842105263157,0.4736842105263157,0.4812030075187969,0.4586466165413533,0.4736842105263157,0.4887218045112781,0.4511278195488721,0.4812030075187969,0.4736842105263157,0.4661654135338345,0.4736842105263157,0.0,0.0,1.0,0.0,7.999993481095376,0
POWERGRID,6,0.95,1130,125,67,2025-10-01,2026-03-05,0.4776119402985074,0.3758928571428571,0.6464646464646465,0.4776119402985074,1.0,32,35,0,0,0.4776119402985074,0.417910447761194,0.4925373134328358,0.4626865671641791,0.5074626865671642,0.4776119402985074,0.4925373134328358,0.4477611940298507,0.4776119402985074,0.4626865671641791,0.4776119402985074,0.0,0.0,1.0,0.0,2.267727377153898,8
RBLBANK,1,0.7,936,104,149,2023-12-13,2024-09-19,0.4697986577181208,0.540867992766727,0.3969465648854962,0.5,0.3291139240506329,26,26,44,53,0.5234899328859061,0.4832214765100671,0.4161073825503356,0.4966442953020134,0.5167785234899329,0.5234899328859061,0.4966442953020134,0.5302013422818792,0.5570469798657718,0.4832214765100671,0.5,0.4536082474226804,0.0,0.348993288590604,0.6510067114093959,0.3763451134263345,0
RBLBANK,2,0.75,1004,111,148,2024-05-03,2025-01-29,0.5472972972972973,0.5410045662100457,0.4885496183206106,0.5517241379310345,0.4383561643835616,32,26,49,41,0.5202702702702703,0.527027027027027,0.5675675675675675,0.5067567567567568,0.5202702702702703,0.5202702702702703,0.4324324324324324,0.5337837837837838,0.5,0.5067567567567568,0.5517241379310345,0.5444444444444445,0.0,0.3918918918918919,0.6081081081081081,0.4360158639920101,0
RBLBANK,3,0.8,1071,118,149,2024-09-20,2025-06-12,0.4832214765100671,0.4857657657657658,0.4967320261437908,0.4810126582278481,0.5135135135135135,38,41,34,36,0.4966442953020134,0.4966442953020134,0.4765100671140939,0.4899328859060403,0.5369127516778524,0.5302013422818792,0.4563758389261745,0.4630872483221476,0.5302013422818792,0.5302013422818792,0.4810126582278481,0.4857142857142857,0.0,0.5302013422818792,0.4697986577181208,0.6106959232792506,0
RBLBANK,4,0.85,1137,126,149,2025-01-30,2025-10-24,0.5100671140939598,0.5198269646719538,0.496551724137931,0.5217391304347826,0.4736842105263157,36,33,40,40,0.5033557046979866,0.5436241610738255,0.4966442953020134,0.4697986577181208,0.5302013422818792,0.5369127516778524,0.4765100671140939,0.5033557046979866,0.5033557046979866,0.4697986577181208,0.5217391304347826,0.5,0.0,0.4630872483221476,0.5369127516778524,0.9429316058775218,0
RBLBANK,5,0.9,1205,133,149,2025-06-13,2026-03-06,0.5637583892617449,0.5502883922134103,0.5859872611464968,0.5679012345679012,0.6052631578947368,46,35,38,30,0.5302013422818792,0.5234899328859061,0.4899328859060403,0.4630872483221476,0.5234899328859061,0.5033557046979866,0.4832214765100671,0.4899328859060403,0.4295302013422818,0.4899328859060403,0.5679012345679012,0.5588235294117647,0.0,0.5436241610738255,0.4563758389261745,0.4141290175135624,0
RBLBANK,6,0.95,1271,141,75,2025-10-27,2026-03-06,0.4933333333333333,0.4445234708392603,0.6274509803921569,0.5,0.8421052631578947,32,32,5,6,0.5066666666666667,0.4666666666666667,0.5066666666666667,0.44,0.48,0.48,0.4533333333333333,0.56,0.6266666666666667,0.5066666666666667,0.5,0.4545454545454546,0.0,0.8533333333333334,0.1466666666666666,0.4345862167152456,8
RELIANCE,1,0.7,820,91,130,2023-11-08,2024-08-09,0.4538461538461538,0.5478787878787879,0.3603603603603603,0.5555555555555556,0.2666666666666666,20,16,39,55,0.4230769230769231,0.5384615384615384,0.4615384615384615,0.4923076923076923,0.4769230769230769,0.5461538461538461,0.5615384615384615,0.4846153846153846,0.4461538461538462,0.4846153846153846,0.5555555555555556,0.4148936170212766,0.0,0.2769230769230769,0.7230769230769231,0.2999128402037286,0
RELIANCE,2,0.75,879,97,130,2024-03-26,2024-12-24,0.4692307692307692,0.49573055028463,0.5660377358490566,0.4639175257731959,0.7258064516129032,45,52,16,17,0.5,0.4923076923076923,0.5230769230769231,0.4923076923076923,0.5769230769230769,0.5769230769230769,0.5153846153846153,0.5,0.4923076923076923,0.4461538461538462,0.4639175257731959,0.4848484848484848,0.0,0.7461538461538462,0.2538461538461538,0.1302197500434656,0
RELIANCE,3,0.8,937,104,130,2024-08-14,2025-05-09,0.5,0.4617389244254916,0.644808743169399,0.4916666666666666,0.9365079365079364,59,61,6,4,0.5307692307692308,0.5153846153846153,0.4923076923076923,0.4923076923076923,0.4384615384615384,0.4846153846153846,0.4692307692307692,0.5615384615384615,0.4692307692307692,0.4846153846153846,0.4916666666666666,0.6,0.0,0.9230769230769232,0.0769230769230769,0.2823716905825635,0
RELIANCE,4,0.85,996,110,130,2024-12-27,2025-09-29,0.5230769230769231,0.5375503435204928,0.6025641025641025,0.5053763440860215,0.746031746031746,47,46,21,16,0.5,0.4615384615384615,0.4923076923076923,0.4846153846153846,0.4384615384615384,0.5307692307692308,0.4769230769230769,0.5769230769230769,0.4692307692307692,0.4923076923076923,0.5053763440860215,0.5675675675675675,0.0,0.7153846153846154,0.2846153846153846,3.119876307200901,0
RELIANCE,5,0.9,1054,117,131,2025-05-12,2026-03-05,0.4885496183206106,0.5224089635854341,0.5503355704697986,0.4767441860465116,0.6507936507936508,41,45,23,22,0.4809160305343511,0.4809160305343511,0.4809160305343511,0.4885496183206106,0.4961832061068702,0.4732824427480916,0.4961832061068702,0.4809160305343511,0.5419847328244275,0.465648854961832,0.4767441860465116,0.5111111111111111,0.0,0.6564885496183206,0.3435114503816794,1.7387429210176246,0
RELIANCE,6,0.95,1113,123,66,2025-10-03,2026-03-05,0.5303030303030303,0.5465437788018432,0.5633802816901409,0.5555555555555556,0.5714285714285714,20,16,15,15,0.5454545454545454,0.5303030303030303,0.5303030303030303,0.4696969696969697,0.5454545454545454,0.5909090909090909,0.5151515151515151,0.5909090909090909,0.4545454545454545,0.5454545454545454,0.5555555555555556,0.5,0.0,0.5454545454545454,0.4545454545454545,0.8216517108043672,8
SAIL,1,0.7,936,104,149,2023-12-01,2024-08-23,0.4966442953020134,0.4816163087004004,0.4444444444444444,0.5660377358490566,0.3658536585365853,30,23,44,52,0.5033557046979866,0.5033557046979866,0.4899328859060403,0.5234899328859061,0.4765100671140939,0.5100671140939598,0.4697986577181208,0.5234899328859061,0.5436241610738255,0.4697986577181208,0.5660377358490566,0.4583333333333333,0.0,0.3557046979865771,0.6442953020134228,0.1768065107252859,0
SAIL,2,0.75,1004,111,148,2024-04-12,2025-01-07,0.4662162162162162,0.4911764705882352,0.6291079812206573,0.4620689655172413,0.9852941176470588,67,78,2,1,0.4594594594594595,0.4864864864864865,0.5540540540540541,0.4797297297297297,0.5135135135135135,0.5067567567567568,0.4324324324324324,0.4729729729729729,0.5067567567567568,0.4594594594594595,0.4620689655172413,0.6666666666666667,0.0,0.9797297297297296,0.0202702702702702,0.3606683673765903,0
SAIL,3,0.8,1071,118,149,2024-08-26,2025-05-23,0.4496644295302013,0.4864816149963951,0.5287356321839081,0.4554455445544554,0.6301369863013698,46,55,21,27,0.4765100671140939,0.4899328859060403,0.4899328859060403,0.5838926174496645,0.5033557046979866,0.4899328859060403,0.5100671140939598,0.5100671140939598,0.5234899328859061,0.5033557046979866,0.4554455445544554,0.4375,0.0,0.6778523489932886,0.3221476510067114,0.3779731044741674,0
SAIL,4,0.85,1137,126,149,2025-01-08,2025-10-16,0.5369127516778524,0.5324675324675324,0.6634146341463415,0.53125,0.8831168831168831,68,60,12,9,0.5302013422818792,0.5167785234899329,0.5570469798657718,0.5100671140939598,0.5503355704697986,0.4832214765100671,0.4966442953020134,0.5167785234899329,0.5436241610738255,0.5234899328859061,0.53125,0.5714285714285714,0.0,0.8590604026845637,0.1409395973154362,1.2414219886953617,0
SAIL,5,0.9,1205,133,149,2025-05-26,2026-03-05,0.5906040268456376,0.533008658008658,0.5850340136054422,0.5733333333333334,0.5972222222222222,43,32,45,29,0.4832214765100671,0.4832214765100671,0.4832214765100671,0.4496644295302013,0.5704697986577181,0.4697986577181208,0.4697986577181208,0.4832214765100671,0.4630872483221476,0.5704697986577181,0.5733333333333334,0.6081081081081081,0.0,0.5033557046979866,0.4966442953020134,1.384532896266481,0
SAIL,6,0.95,1271,141,75,2025-10-17,2026-03-05,0.5066666666666667,0.5384615384615384,0.6476190476190476,0.4927536231884058,0.9444444444444444,34,35,4,2,0.48,0.48,0.4666666666666667,0.5333333333333333,0.4666666666666667,0.4933333333333333,0.48,0.4666666666666667,0.48,0.4933333333333333,0.4927536231884058,0.6666666666666667,0.0,0.92,0.08,1.103636241298941,8
SBILIFE,1,0.7,806,89,128,2023-12-12,2024-08-30,0.5078125,0.4916911045943304,0.4324324324324324,0.5333333333333333,0.3636363636363636,24,21,41,42,0.5234375,0.515625,0.4765625,0.5234375,0.5703125,0.53125,0.46875,0.515625,0.5390625,0.546875,0.5333333333333333,0.4939759036144578,0.0,0.3515625,0.6484375,0.2412580482217675,0
SBILIFE,2,0.75,864,95,128,2024-04-25,2025-01-07,0.5,0.4729630535845363,0.6049382716049383,0.5157894736842106,0.7313432835820896,49,46,15,18,0.4921875,0.5234375,0.484375,0.4609375,0.4765625,0.4453125,0.484375,0.578125,0.453125,0.4609375,0.5157894736842106,0.4545454545454546,0.0,0.7421875,0.2578125,0.515491987957016,0
SBILIFE,3,0.8,921,102,128,2024-09-02,2025-05-19,0.5234375,0.5232843137254901,0.5850340136054422,0.4942528735632184,0.7166666666666667,43,44,24,17,0.484375,0.5078125,0.4453125,0.5390625,0.515625,0.46875,0.484375,0.46875,0.5234375,0.5078125,0.4942528735632184,0.5853658536585367,0.0,0.6796875,0.3203125,0.8548203957048124,0
SBILIFE,4,0.85,979,108,128,2025-01-09,2025-10-07,0.546875,0.5452101661779081,0.5538461538461539,0.5294117647058824,0.5806451612903226,36,32,34,26,0.53125,0.5703125,0.5234375,0.5234375,0.5390625,0.4921875,0.5234375,0.515625,0.5390625,0.5078125,0.5294117647058824,0.5666666666666667,0.0,0.53125,0.46875,1.15428527482614,0
SBILIFE,5,0.9,1036,115,128,2025-05-22,2026-03-05,0.5546875,0.5482295482295483,0.4466019417475728,0.6052631578947368,0.3538461538461538,23,15,48,42,0.5078125,0.4921875,0.5,0.4921875,0.4609375,0.5078125,0.4765625,0.578125,0.5390625,0.5546875,0.6052631578947368,0.5333333333333333,0.0,0.296875,0.703125,0.2689350270901141,0
SBILIFE,6,0.95,1094,121,64,2025-10-08,2026-03-05,0.4375,0.4652777777777778,0.28,0.5,0.1944444444444444,7,7,21,29,0.4375,0.46875,0.390625,0.453125,0.375,0.453125,0.40625,0.4375,0.484375,0.5625,0.5,0.42,0.0,0.21875,0.78125,0.3168560429970042,8
SBIN,1,0.7,840,93,134,2023-10-17,2024-07-24,0.6343283582089553,0.5896432681242808,0.7407407407407407,0.6363636363636364,0.8860759493670886,70,40,15,9,0.5597014925373134,0.5373134328358209,0.5597014925373134,0.5373134328358209,0.5746268656716418,0.582089552238806,0.5746268656716418,0.5149253731343284,0.5,0.5746268656716418,0.6363636363636364,0.625,0.0,0.8208955223880597,0.1791044776119403,0.2227145240707259,0
SBIN,2,0.75,900,100,133,2024-03-14,2024-12-06,0.5639097744360902,0.5751259734310581,0.7184466019417476,0.5606060606060606,1.0,74,58,1,0,0.5789473684210527,0.5714285714285714,0.5789473684210527,0.5488721804511278,0.4962406015037593,0.4436090225563909,0.5714285714285714,0.4887218045112781,0.5714285714285714,0.5112781954887218,0.5606060606060606,1.0,0.0,0.9924812030075189,0.0075187969924812,0.3464673779933468,0
SBIN,3,0.8,961,106,133,2024-07-25,2025-04-11,0.4586466165413533,0.5404977375565612,0.5955056179775281,0.4690265486725664,0.8153846153846154,53,60,8,12,0.4812030075187969,0.4812030075187969,0.4887218045112781,0.4812030075187969,0.5413533834586466,0.4812030075187969,0.5037593984962406,0.518796992481203,0.4436090225563909,0.4962406015037593,0.4690265486725664,0.4,0.0,0.849624060150376,0.150375939849624,0.5687489175810432,0
SBIN,4,0.85,1020,113,134,2024-12-09,2025-10-07,0.5149253731343284,0.4849498327759197,0.6632124352331606,0.5,0.9846153846153848,64,64,5,1,0.4850746268656716,0.5,0.5149253731343284,0.5149253731343284,0.4626865671641791,0.4925373134328358,0.4701492537313433,0.5223880597014925,0.4850746268656716,0.5,0.5,0.8333333333333334,0.0,0.9552238805970148,0.044776119402985,0.7909777415529438,0
SBIN,5,0.9,1080,120,134,2025-04-15,2026-03-05,0.5746268656716418,0.5532407407407408,0.7135678391959799,0.5966386554621849,0.8875,71,48,6,9,0.5970149253731343,0.5970149253731343,0.5970149253731343,0.5970149253731343,0.5074626865671642,0.5149253731343284,0.5597014925373134,0.5895522388059702,0.5970149253731343,0.5970149253731343,0.5966386554621849,0.4,0.0,0.8880597014925373,0.1119402985074626,7.999995893713074,0
SBIN,6,0.95,1141,126,67,2025-10-08,2026-03-05,0.6567164179104478,0.5070707070707071,0.7889908256880734,0.671875,0.9555555555555556,43,21,1,2,0.6716417910447762,0.6716417910447762,0.6716417910447762,0.6119402985074627,0.5671641791044776,0.6417910447761194,0.6119402985074627,0.4776119402985074,0.5074626865671642,0.6865671641791045,0.671875,0.3333333333333333,0.0,0.9552238805970148,0.044776119402985,0.1000035356387145,8
SHREECEM,1,0.7,833,92,132,2023-10-27,2024-08-08,0.5151515151515151,0.4973544973544973,0.632183908045977,0.5238095238095238,0.7971014492753623,55,50,13,14,0.5227272727272727,0.5227272727272727,0.4621212121212121,0.4545454545454545,0.553030303030303,0.5227272727272727,0.5227272727272727,0.4242424242424242,0.5075757575757576,0.4696969696969697,0.5238095238095238,0.4814814814814815,0.0,0.7954545454545454,0.2045454545454545,0.7771156540300175,0
SHREECEM,2,0.75,892,99,132,2024-03-15,2024-12-10,0.553030303030303,0.5298713235294118,0.6878306878306878,0.5371900826446281,0.9558823529411764,65,56,8,3,0.4848484848484848,0.5151515151515151,0.5757575757575758,0.5227272727272727,0.5303030303030303,0.5227272727272727,0.5303030303030303,0.5151515151515151,0.4621212121212121,0.4848484848484848,0.5371900826446281,0.7272727272727273,0.0,0.9166666666666666,0.0833333333333333,0.797421110676123,0
SHREECEM,3,0.8,952,105,132,2024-08-09,2025-04-28,0.5151515151515151,0.447435012652404,0.6444444444444445,0.5225225225225225,0.8405797101449275,58,53,10,11,0.5,0.5,0.5151515151515151,0.553030303030303,0.5454545454545454,0.4924242424242424,0.553030303030303,0.4621212121212121,0.5909090909090909,0.4848484848484848,0.5225225225225225,0.4761904761904761,0.0,0.8409090909090909,0.1590909090909091,0.5314456468118611,0
SHREECEM,4,0.85,1011,112,132,2024-12-12,2025-10-06,0.4469696969696969,0.4924959593627337,0.5828571428571429,0.4473684210526316,0.8360655737704918,51,63,8,10,0.4621212121212121,0.4621212121212121,0.5151515151515151,0.5303030303030303,0.5984848484848485,0.5303030303030303,0.5303030303030303,0.5151515151515151,0.4469696969696969,0.4621212121212121,0.4473684210526316,0.4444444444444444,0.0,0.8636363636363636,0.1363636363636363,3.6485404923781055,0
SHREECEM,5,0.9,1071,118,133,2025-04-29,2026-03-06,0.5112781954887218,0.608675799086758,0.5859872611464968,0.4742268041237113,0.7666666666666667,46,51,22,14,0.4511278195488721,0.4511278195488721,0.4887218045112781,0.4812030075187969,0.631578947368421,0.518796992481203,0.5263157894736842,0.5263157894736842,0.5112781954887218,0.4962406015037593,0.4742268041237113,0.6111111111111112,0.0,0.7293233082706767,0.2706766917293233,1.6293846260734544,0
SHREECEM,6,0.95,1130,125,67,2025-10-07,2026-03-06,0.5223880597014925,0.6434937611408199,0.6521739130434783,0.5084745762711864,0.9090909090909092,30,29,5,3,0.4925373134328358,0.4925373134328358,0.5223880597014925,0.4925373134328358,0.5373134328358209,0.4776119402985074,0.4477611940298507,0.5074626865671642,0.4776119402985074,0.4925373134328358,0.5084745762711864,0.625,0.0,0.8805970149253731,0.1194029850746268,0.3517349872404188,8
SHRIRAMFIN,1,0.7,909,100,144,2023-12-22,2024-09-11,0.5347222222222222,0.5198662470495672,0.5562913907284768,0.6086956521739131,0.5121951219512195,42,27,35,40,0.4930555555555556,0.5416666666666666,0.5763888888888888,0.4791666666666667,0.4375,0.4305555555555556,0.5347222222222222,0.5486111111111112,0.5,0.5069444444444444,0.6086956521739131,0.4666666666666667,0.0,0.4791666666666667,0.5208333333333334,0.5273517571583054,0
SHRIRAMFIN,2,0.75,973,108,144,2024-05-09,2025-01-27,0.5138888888888888,0.4958518232683774,0.6195652173913043,0.5135135135135135,0.7808219178082192,57,54,17,16,0.5069444444444444,0.5069444444444444,0.5277777777777778,0.4861111111111111,0.5069444444444444,0.5208333333333334,0.4375,0.5,0.4930555555555556,0.5138888888888888,0.5135135135135135,0.5151515151515151,0.0,0.7708333333333334,0.2291666666666666,0.3183465110886111,0
SHRIRAMFIN,3,0.8,1038,115,144,2024-09-12,2025-06-04,0.5,0.521671826625387,0.6086956521739131,0.4827586206896552,0.8235294117647058,56,60,16,12,0.4722222222222222,0.4722222222222222,0.4722222222222222,0.4513888888888889,0.5208333333333334,0.4861111111111111,0.5069444444444444,0.5416666666666666,0.4583333333333333,0.4722222222222222,0.4827586206896552,0.5714285714285714,0.0,0.8055555555555556,0.1944444444444444,0.3808289811283379,0
SHRIRAMFIN,4,0.85,1103,122,144,2025-01-28,2025-10-14,0.5138888888888888,0.5608108108108107,0.65,0.5158730158730159,0.8783783783783784,65,61,9,9,0.5138888888888888,0.5138888888888888,0.5138888888888888,0.4861111111111111,0.5138888888888888,0.4930555555555556,0.5,0.4722222222222222,0.5555555555555556,0.5347222222222222,0.5158730158730159,0.5,0.0,0.875,0.125,0.7578506195434973,0
SHRIRAMFIN,5,0.9,1168,129,145,2025-06-05,2026-03-04,0.593103448275862,0.6078431372549019,0.6589595375722543,0.6477272727272727,0.6705882352941176,57,31,29,28,0.5862068965517241,0.6068965517241379,0.5103448275862069,0.496551724137931,0.5103448275862069,0.5862068965517241,0.5586206896551724,0.5517241379310345,0.4689655172413793,0.6,0.6477272727272727,0.5087719298245614,0.0,0.6068965517241379,0.3931034482758621,5.115940148626634,0
SHRIRAMFIN,6,0.95,1233,136,73,2025-10-15,2026-03-04,0.589041095890411,0.6054421768707484,0.6511627906976745,0.7567567567567568,0.5714285714285714,28,9,15,21,0.6301369863013698,0.6712328767123288,0.6164383561643836,0.4931506849315068,0.5616438356164384,0.6027397260273972,0.547945205479452,0.410958904109589,0.3013698630136986,0.3972602739726027,0.7567567567567568,0.4166666666666666,0.0,0.5068493150684932,0.4931506849315068,0.3946114499911062,8
SIEMENS,1,0.7,844,93,135,2024-01-19,2024-10-03,0.6074074074074074,0.543718361711919,0.7557603686635944,0.6074074074074074,1.0,82,53,0,0,0.6074074074074074,0.6074074074074074,0.5777777777777777,0.562962962962963,0.4518518518518518,0.5037037037037037,0.5851851851851851,0.5185185185185185,0.5185185185185185,0.6148148148148148,0.6074074074074074,0.0,0.0,1.0,0.0,4.480218177427681,0
SIEMENS,2,0.75,905,100,134,2024-05-27,2025-02-05,0.5,0.5016722408026756,0.6298342541436464,0.5089285714285714,0.8260869565217391,57,55,10,12,0.5149253731343284,0.5149253731343284,0.4925373134328358,0.4850746268656716,0.5074626865671642,0.5149253731343284,0.4552238805970149,0.5149253731343284,0.5522388059701493,0.5522388059701493,0.5089285714285714,0.4545454545454546,0.0,0.835820895522388,0.1641791044776119,0.2735690615002052,0
SIEMENS,3,0.8,965,107,134,2024-10-04,2025-06-10,0.5298507462686567,0.5525846702317291,0.6086956521739131,0.5268817204301075,0.7205882352941176,49,44,22,19,0.5074626865671642,0.4925373134328358,0.5074626865671642,0.5149253731343284,0.5447761194029851,0.5149253731343284,0.4776119402985074,0.5223880597014925,0.5223880597014925,0.4776119402985074,0.5268817204301075,0.5365853658536586,0.0,0.6940298507462687,0.3059701492537313,0.2887566662417628,0
SIEMENS,4,0.85,1026,113,134,2025-02-06,2025-10-21,0.4552238805970149,0.4822742474916388,0.6010928961748634,0.4824561403508772,0.7971014492753623,55,59,6,14,0.5149253731343284,0.5149253731343284,0.4776119402985074,0.5149253731343284,0.5074626865671642,0.5149253731343284,0.4925373134328358,0.4552238805970149,0.4477611940298507,0.4402985074626865,0.4824561403508772,0.3,0.0,0.8507462686567164,0.1492537313432835,2.3522041677675105,0
SIEMENS,5,0.9,1086,120,134,2025-06-11,2026-03-06,0.5223880597014925,0.5564732142857143,0.6862745098039216,0.5223880597014925,1.0,70,64,0,0,0.5223880597014925,0.5223880597014925,0.5373134328358209,0.5223880597014925,0.5597014925373134,0.5373134328358209,0.5522388059701493,0.4701492537313433,0.5298507462686567,0.5223880597014925,0.5223880597014925,0.0,0.0,1.0,0.0,0.1000035356387145,0
SIEMENS,6,0.95,1146,127,67,2025-10-27,2026-03-06,0.5373134328358209,0.5409982174688057,0.6736842105263158,0.5245901639344263,0.9411764705882352,32,29,4,2,0.5074626865671642,0.5074626865671642,0.5373134328358209,0.5074626865671642,0.4776119402985074,0.4925373134328358,0.4925373134328358,0.5970149253731343,0.5671641791044776,0.5522388059701493,0.5245901639344263,0.6666666666666667,0.0,0.9104477611940298,0.0895522388059701,0.7706982267993554,8
SUNPHARMA,1,0.7,824,91,131,2023-10-04,2024-07-25,0.4045801526717557,0.483203505355404,0.2777777777777778,0.5172413793103449,0.189873417721519,15,14,38,64,0.3969465648854962,0.3969465648854962,0.465648854961832,0.5343511450381679,0.5419847328244275,0.4885496183206106,0.4580152671755725,0.4122137404580153,0.4427480916030534,0.5343511450381679,0.5172413793103449,0.3725490196078431,0.0,0.2213740458015267,0.7786259541984732,1.6548327471747677,0
SUNPHARMA,2,0.75,883,98,130,2024-03-12,2024-12-18,0.5307692307692308,0.5311302681992338,0.5673758865248227,0.5797101449275363,0.5555555555555556,40,29,29,32,0.5384615384615384,0.4692307692307692,0.5307692307692308,0.4769230769230769,0.5461538461538461,0.5461538461538461,0.5615384615384615,0.4461538461538462,0.5461538461538461,0.5769230769230769,0.5797101449275363,0.4754098360655737,0.0,0.5307692307692308,0.4692307692307692,0.7393797655042611,0
SUNPHARMA,3,0.8,942,104,131,2024-07-26,2025-05-06,0.5343511450381679,0.5247086247086247,0.6514285714285715,0.5181818181818182,0.8769230769230769,57,53,13,8,0.549618320610687,0.5267175572519084,0.5038167938931297,0.4274809160305343,0.5190839694656488,0.4809160305343511,0.5343511450381679,0.5801526717557252,0.4198473282442748,0.5419847328244275,0.5181818181818182,0.6190476190476191,0.0,0.8396946564885496,0.1603053435114503,0.3448052926365993,0
SUNPHARMA,4,0.85,1000,111,131,2024-12-19,2025-09-25,0.465648854961832,0.4951048951048951,0.6022727272727273,0.4774774774774775,0.8153846153846154,53,58,8,12,0.4961832061068702,0.4885496183206106,0.549618320610687,0.4351145038167939,0.5267175572519084,0.5114503816793893,0.5114503816793893,0.4198473282442748,0.5114503816793893,0.549618320610687,0.4774774774774775,0.4,0.0,0.8473282442748091,0.1526717557251908,0.6064023695514508,0
SUNPHARMA,5,0.9,1060,117,131,2025-05-07,2026-03-04,0.5725190839694656,0.5734529995276334,0.6744186046511628,0.5858585858585859,0.7945205479452054,58,41,17,15,0.5572519083969466,0.5572519083969466,0.5877862595419847,0.549618320610687,0.5190839694656488,0.549618320610687,0.5343511450381679,0.5801526717557252,0.5572519083969466,0.5038167938931297,0.5858585858585859,0.53125,0.0,0.7557251908396947,0.2442748091603053,0.2977678053124257,0
SUNPHARMA,6,0.95,1118,124,66,2025-09-30,2026-03-04,0.5454545454545454,0.6062030075187971,0.7058823529411765,0.5625,0.9473684210526316,36,28,0,2,0.5454545454545454,0.5606060606060606,0.5909090909090909,0.5303030303030303,0.6212121212121212,0.5757575757575758,0.6060606060606061,0.5757575757575758,0.6363636363636364,0.5606060606060606,0.5625,0.0,0.0,0.9696969696969696,0.0303030303030303,3.1622370121737298,8
TATACONSUM,1,0.7,855,94,136,2023-11-13,2024-08-22,0.5147058823529411,0.4716242661448141,0.6413043478260869,0.5315315315315315,0.8082191780821918,59,52,11,14,0.5588235294117647,0.5514705882352942,0.4705882352941176,0.4558823529411764,0.4411764705882353,0.5,0.4485294117647059,0.5147058823529411,0.5,0.5220588235294118,0.5315315315315315,0.4399999999999999,0.0,0.8161764705882353,0.1838235294117647,7.999993844560876,0
TATACONSUM,2,0.75,916,101,136,2024-03-28,2025-01-06,0.5,0.6056277056277056,0.6494845360824743,0.4921875,0.9545454545454546,63,65,5,3,0.5588235294117647,0.5514705882352942,0.5367647058823529,0.5073529411764706,0.4852941176470588,0.4852941176470588,0.4779411764705882,0.4632352941176471,0.4705882352941176,0.5441176470588235,0.4921875,0.625,0.0,0.9411764705882352,0.0588235294117647,0.4581457594416986,0
TATACONSUM,3,0.8,977,108,136,2024-08-23,2025-05-30,0.5294117647058824,0.4810400866738895,0.6559139784946236,0.5304347826086957,0.8591549295774648,61,54,11,10,0.4558823529411764,0.4632352941176471,0.4705882352941176,0.4852941176470588,0.4632352941176471,0.4705882352941176,0.5588235294117647,0.5147058823529411,0.5,0.5147058823529411,0.5304347826086957,0.5238095238095238,0.0,0.8455882352941176,0.1544117647058823,0.5659659937910864,0
TATACONSUM,4,0.85,1038,115,136,2025-01-07,2025-10-24,0.5073529411764706,0.517965367965368,0.6455026455026455,0.5126050420168067,0.8714285714285714,61,58,8,9,0.4852941176470588,0.5073529411764706,0.4705882352941176,0.5220588235294118,0.4705882352941176,0.4485294117647059,0.4632352941176471,0.5514705882352942,0.5367647058823529,0.5367647058823529,0.5126050420168067,0.4705882352941176,0.0,0.875,0.125,0.7122037018726081,0
TATACONSUM,5,0.9,1099,122,136,2025-06-02,2026-03-04,0.4705882352941176,0.4832359939433268,0.6326530612244898,0.4881889763779528,0.8985507246376812,62,65,2,7,0.5073529411764706,0.5294117647058824,0.5147058823529411,0.5955882352941176,0.5,0.4558823529411764,0.4779411764705882,0.4779411764705882,0.5073529411764706,0.4558823529411764,0.4881889763779528,0.2222222222222222,0.0,0.9338235294117648,0.0661764705882353,7.999993948586004,0
TATACONSUM,6,0.95,1161,128,68,2025-10-28,2026-03-04,0.5441176470588235,0.5527462946817785,0.651685393258427,0.5576923076923077,0.7837837837837838,29,23,8,8,0.5441176470588235,0.5441176470588235,0.5294117647058824,0.5882352941176471,0.5294117647058824,0.5,0.5735294117647058,0.4852941176470588,0.4852941176470588,0.5441176470588235,0.5576923076923077,0.5,0.0,0.7647058823529411,0.2352941176470588,0.5591512908887338,8
TATAELXSI,1,0.7,875,97,139,2023-11-08,2024-09-18,0.4748201438848921,0.4763993316624895,0.4511278195488721,0.4285714285714285,0.4761904761904761,30,40,36,33,0.4892086330935252,0.4676258992805755,0.5107913669064749,0.5251798561151079,0.539568345323741,0.4820143884892086,0.4820143884892086,0.4820143884892086,0.4244604316546763,0.4892086330935252,0.4285714285714285,0.5217391304347826,0.0,0.5035971223021583,0.4964028776978417,0.2168076260973372,0
TATAELXSI,2,0.75,937,104,139,2024-04-23,2025-01-20,0.4748201438848921,0.5326403326403326,0.5875706214689266,0.4642857142857143,0.8,52,60,14,13,0.460431654676259,0.4892086330935252,0.5107913669064749,0.4820143884892086,0.5107913669064749,0.4892086330935252,0.4964028776978417,0.4244604316546763,0.460431654676259,0.5251798561151079,0.4642857142857143,0.5185185185185186,0.0,0.8057553956834532,0.1942446043165467,1.8703199572270752,0
TATAELXSI,3,0.8,1000,111,139,2024-09-19,2025-06-09,0.5179856115107914,0.5574212271973465,0.6417112299465241,0.5,0.8955223880597015,60,60,12,7,0.4964028776978417,0.4892086330935252,0.4676258992805755,0.4532374100719424,0.5323741007194245,0.5179856115107914,0.4820143884892086,0.5107913669064749,0.4028776978417266,0.4892086330935252,0.5,0.631578947368421,0.0,0.8633093525179856,0.1366906474820144,0.760520614296976,0
TATAELXSI,4,0.85,1062,118,139,2025-01-22,2025-10-27,0.5467625899280576,0.5855126608551265,0.6227544910179641,0.5148514851485149,0.7878787878787878,52,49,24,14,0.5323741007194245,0.5611510791366906,0.4964028776978417,0.4964028776978417,0.5107913669064749,0.5683453237410072,0.4532374100719424,0.4964028776978417,0.4892086330935252,0.5251798561151079,0.5148514851485149,0.631578947368421,0.0,0.7266187050359713,0.2733812949640288,1.2673504679386591,0
TATAELXSI,5,0.9,1125,125,139,2025-06-11,2026-03-05,0.4748201438848921,0.4946785866326096,0.5100671140939598,0.4175824175824176,0.6551724137931034,38,53,28,20,0.4820143884892086,0.5827338129496403,0.3884892086330935,0.5179856115107914,0.4748201438848921,0.460431654676259,0.4532374100719424,0.5539568345323741,0.4532374100719424,0.5827338129496403,0.4175824175824176,0.5833333333333333,0.0,0.6546762589928058,0.3453237410071942,0.2873917750294839,0
TATAELXSI,6,0.95,1188,131,70,2025-10-30,2026-03-05,0.4857142857142857,0.43986543313709,0.3571428571428571,0.3703703703703703,0.3448275862068966,10,17,24,19,0.5857142857142857,0.6285714285714286,0.6,0.4857142857142857,0.4285714285714285,0.4714285714285714,0.4857142857142857,0.5571428571428572,0.5142857142857142,0.4857142857142857,0.3703703703703703,0.5581395348837209,0.0,0.3857142857142857,0.6142857142857143,0.3809643450018212,8
TATAPOWER,1,0.7,861,95,136,2023-11-01,2024-08-01,0.625,0.5201182086837918,0.7649769585253456,0.6194029850746269,1.0,83,51,2,0,0.6102941176470589,0.6102941176470589,0.5294117647058824,0.4852941176470588,0.5367647058823529,0.6029411764705882,0.4852941176470588,0.4926470588235294,0.6029411764705882,0.5882352941176471,0.6194029850746269,1.0,0.0,0.9852941176470588,0.0147058823529411,0.3890949006325994,0
TATAPOWER,2,0.75,922,102,137,2024-03-13,2024-12-27,0.5620437956204379,0.5392579810181191,0.6842105263157895,0.5701754385964912,0.8552631578947368,65,49,12,11,0.5547445255474452,0.5547445255474452,0.5620437956204379,0.5182481751824818,0.5255474452554745,0.5474452554744526,0.5255474452554745,0.437956204379562,0.5693430656934306,0.5474452554744526,0.5701754385964912,0.5217391304347826,0.0,0.8321167883211679,0.1678832116788321,0.6068951042451983,0
TATAPOWER,3,0.8,983,109,137,2024-08-02,2025-05-15,0.5255474452554745,0.5049229452054794,0.6524064171122995,0.5350877192982456,0.8356164383561644,61,53,11,12,0.5328467153284672,0.5328467153284672,0.6277372262773723,0.5328467153284672,0.5401459854014599,0.4963503649635036,0.4963503649635036,0.5766423357664233,0.5328467153284672,0.5182481751824818,0.5350877192982456,0.4782608695652174,0.0,0.8321167883211679,0.1678832116788321,0.6648086493574538,0
TATAPOWER,4,0.85,1045,116,136,2024-12-30,2025-10-01,0.5441176470588235,0.5405815972222222,0.6736842105263158,0.5423728813559322,0.8888888888888888,64,54,10,8,0.5294117647058824,0.5294117647058824,0.5147058823529411,0.5294117647058824,0.4411764705882353,0.4632352941176471,0.5661764705882353,0.5220588235294118,0.5073529411764706,0.4558823529411764,0.5423728813559322,0.5555555555555556,0.0,0.8676470588235294,0.1323529411764706,1.7429326772938498,0
TATAPOWER,5,0.9,1107,122,137,2025-05-16,2026-03-05,0.5109489051094891,0.5763326226012794,0.6564102564102564,0.512,0.9142857142857144,64,61,6,6,0.5109489051094891,0.5109489051094891,0.5109489051094891,0.5547445255474452,0.5036496350364964,0.5109489051094891,0.4598540145985401,0.5255474452554745,0.5109489051094891,0.5547445255474452,0.512,0.5,0.0,0.9124087591240876,0.0875912408759124,0.9121278535286992,0
TATAPOWER,6,0.95,1168,129,69,2025-10-06,2026-03-05,0.4927536231884058,0.4915824915824915,0.5977011494252874,0.5098039215686274,0.7222222222222222,26,25,8,10,0.5362318840579711,0.5217391304347826,0.4927536231884058,0.5362318840579711,0.5072463768115942,0.5072463768115942,0.4927536231884058,0.4347826086956521,0.4347826086956521,0.5217391304347826,0.5098039215686274,0.4444444444444444,0.0,0.7391304347826086,0.2608695652173913,0.2425516056491591,8
TATASTEEL,1,0.7,900,99,143,2023-10-31,2024-08-21,0.5664335664335665,0.5321428571428571,0.7181818181818181,0.5642857142857143,0.9875,79,61,2,1,0.5244755244755245,0.5524475524475524,0.5314685314685315,0.5734265734265734,0.4825174825174825,0.5734265734265734,0.4895104895104895,0.5104895104895105,0.4055944055944055,0.5104895104895105,0.5642857142857143,0.6666666666666667,0.0,0.9790209790209792,0.0209790209790209,0.2433491708609983,0
TATASTEEL,2,0.75,964,107,142,2024-03-20,2025-01-06,0.5070422535211268,0.5649672683991273,0.6276595744680851,0.5042735042735043,0.8309859154929577,59,58,13,12,0.528169014084507,0.5211267605633803,0.5140845070422535,0.5563380281690141,0.528169014084507,0.5,0.4788732394366197,0.4859154929577465,0.5492957746478874,0.5352112676056338,0.5042735042735043,0.52,0.0,0.823943661971831,0.176056338028169,0.4574561564874799,0
TATASTEEL,3,0.8,1028,114,143,2024-08-23,2025-05-20,0.5034965034965035,0.4851272015655576,0.6666666666666666,0.5071428571428571,0.9726027397260274,71,69,1,2,0.4545454545454545,0.4825174825174825,0.4895104895104895,0.5244755244755245,0.4755244755244755,0.4755244755244755,0.4405594405594406,0.4195804195804196,0.4755244755244755,0.4965034965034965,0.5071428571428571,0.3333333333333333,0.0,0.9790209790209792,0.0209790209790209,0.4701349099865552,0
TATASTEEL,4,0.85,1092,121,143,2025-01-07,2025-10-16,0.5524475524475524,0.4752768987341772,0.7117117117117117,0.5524475524475524,1.0,79,64,0,0,0.5524475524475524,0.5524475524475524,0.5454545454545454,0.5244755244755245,0.5104895104895105,0.5384615384615384,0.4755244755244755,0.5454545454545454,0.5244755244755245,0.5244755244755245,0.5524475524475524,0.0,0.0,1.0,0.0,2.4222221601449587,0
TATASTEEL,5,0.9,1157,128,143,2025-05-22,2026-03-05,0.5174825174825175,0.418135526831179,0.6820276497695853,0.5174825174825175,1.0,74,69,0,0,0.5174825174825175,0.5174825174825175,0.5034965034965035,0.5174825174825175,0.5174825174825175,0.5174825174825175,0.5174825174825175,0.5174825174825175,0.5244755244755245,0.5174825174825175,0.5174825174825175,0.0,0.0,1.0,0.0,0.8254199742449666,0
TATASTEEL,6,0.95,1221,135,72,2025-10-20,2026-03-05,0.5,0.4637345679012346,0.6666666666666666,0.5,1.0,36,36,0,0,0.5,0.5,0.5,0.5555555555555556,0.5555555555555556,0.5277777777777778,0.4861111111111111,0.4722222222222222,0.5416666666666666,0.5,0.5,0.0,0.0,1.0,0.0,0.5761277006773635,8
TCS,1,0.7,781,86,124,2023-11-17,2024-08-16,0.5725806451612904,0.5449070437287248,0.7039106145251397,0.5625,0.9402985074626866,63,49,8,4,0.5403225806451613,0.5403225806451613,0.5,0.5241935483870968,0.5403225806451613,0.5,0.5,0.5725806451612904,0.5564516129032258,0.5241935483870968,0.5625,0.6666666666666667,0.0,0.9032258064516128,0.0967741935483871,0.669246147890463,0
TCS,2,0.75,837,92,124,2024-03-28,2025-01-06,0.532258064516129,0.4635416666666666,0.6847826086956522,0.525,0.984375,63,57,3,1,0.532258064516129,0.5403225806451613,0.5241935483870968,0.5161290322580645,0.5080645161290323,0.4758064516129032,0.5080645161290323,0.4112903225806452,0.5403225806451613,0.5,0.525,0.75,0.0,0.967741935483871,0.032258064516129,0.72568302860455,0
TCS,3,0.8,892,99,124,2024-08-19,2025-05-21,0.4596774193548387,0.5543335951819848,0.6214689265536724,0.4583333333333333,0.9649122807017544,55,65,2,2,0.4596774193548387,0.5725806451612904,0.5161290322580645,0.4032258064516129,0.5,0.4677419354838709,0.5241935483870968,0.3951612903225806,0.4516129032258064,0.4516129032258064,0.4583333333333333,0.5,0.0,0.967741935483871,0.032258064516129,0.4130540889855529,0
TCS,4,0.85,948,105,124,2025-01-07,2025-10-14,0.4435483870967742,0.5693121693121693,0.6011560693641619,0.4369747899159664,0.9629629629629628,52,67,3,2,0.4354838709677419,0.4274193548387097,0.4354838709677419,0.3548387096774194,0.4677419354838709,0.4274193548387097,0.5161290322580645,0.5161290322580645,0.4435483870967742,0.4516129032258064,0.4369747899159664,0.6,0.0,0.9596774193548387,0.0403225806451612,0.6651665967553423,0
TCS,5,0.9,1004,111,124,2025-05-22,2026-03-04,0.4677419354838709,0.5316091954022989,0.5822784810126582,0.46,0.7931034482758621,46,54,12,12,0.4838709677419355,0.4677419354838709,0.4596774193548387,0.4516129032258064,0.4677419354838709,0.4838709677419355,0.4516129032258064,0.4758064516129032,0.4677419354838709,0.4838709677419355,0.46,0.5,0.0,0.8064516129032258,0.1935483870967742,7.999995471341211,0
TCS,6,0.95,1060,117,62,2025-10-17,2026-03-04,0.5806451612903226,0.5837669094693028,0.5666666666666667,0.5862068965517241,0.5483870967741935,17,12,19,14,0.5,0.5,0.532258064516129,0.5,0.5,0.532258064516129,0.532258064516129,0.5483870967741935,0.4516129032258064,0.5645161290322581,0.5862068965517241,0.5757575757575757,0.0,0.4677419354838709,0.532258064516129,0.284388980197239,8
TECHM,1,0.7,858,95,136,2023-11-17,2024-08-22,0.5514705882352942,0.5841325196163906,0.6211180124223602,0.5747126436781609,0.6756756756756757,50,37,25,24,0.5073529411764706,0.5,0.4632352941176471,0.4632352941176471,0.4852941176470588,0.5,0.5220588235294118,0.4926470588235294,0.4485294117647059,0.5073529411764706,0.5747126436781609,0.5102040816326531,0.0,0.6397058823529411,0.3602941176470588,0.4116944501615011,0
TECHM,2,0.75,919,102,136,2024-04-10,2025-01-08,0.5441176470588235,0.5536024305555556,0.6868686868686869,0.5396825396825397,0.9444444444444444,68,58,6,4,0.5073529411764706,0.5,0.5220588235294118,0.4558823529411764,0.4411764705882353,0.5441176470588235,0.5147058823529411,0.4852941176470588,0.5294117647058824,0.4779411764705882,0.5396825396825397,0.6,0.0,0.9264705882352942,0.0735294117647058,7.99999322761012,0
TECHM,3,0.8,981,108,136,2024-08-23,2025-05-29,0.5661764705882353,0.5367647058823529,0.6549707602339181,0.5436893203883495,0.8235294117647058,56,47,21,12,0.5147058823529411,0.5,0.5,0.5661764705882353,0.5588235294117647,0.4926470588235294,0.4779411764705882,0.5,0.5735294117647058,0.5147058823529411,0.5436893203883495,0.6363636363636364,0.0,0.7573529411764706,0.2426470588235294,0.2949925996691218,0
TECHM,4,0.85,1042,115,136,2025-01-09,2025-10-13,0.5294117647058824,0.5532006920415224,0.6444444444444445,0.5178571428571429,0.8529411764705882,58,54,14,10,0.4632352941176471,0.5147058823529411,0.4485294117647059,0.4852941176470588,0.5367647058823529,0.4411764705882353,0.4852941176470588,0.5588235294117647,0.6029411764705882,0.5220588235294118,0.5178571428571429,0.5833333333333333,0.0,0.8235294117647058,0.1764705882352941,0.2518704647365725,0
TECHM,5,0.9,1103,122,137,2025-05-30,2026-03-04,0.5328467153284672,0.605072463768116,0.6363636363636364,0.5185185185185185,0.8235294117647058,56,52,17,12,0.4963503649635036,0.4744525547445255,0.5036496350364964,0.5036496350364964,0.5109489051094891,0.5401459854014599,0.4306569343065693,0.5109489051094891,0.5401459854014599,0.5036496350364964,0.5185185185185185,0.5862068965517242,0.0,0.7883211678832117,0.2116788321167883,0.1000035356387145,0
TECHM,6,0.95,1164,129,69,2025-10-14,2026-03-04,0.5507246376811594,0.5025210084033613,0.6666666666666666,0.5344827586206896,0.8857142857142857,31,27,7,4,0.5072463768115942,0.5072463768115942,0.5942028985507246,0.5362318840579711,0.463768115942029,0.5072463768115942,0.4927536231884058,0.463768115942029,0.5217391304347826,0.463768115942029,0.5344827586206896,0.6363636363636364,0.0,0.8405797101449275,0.1594202898550724,0.1000035356387145,8
TITAN,1,0.7,811,90,129,2023-12-04,2024-08-29,0.5271317829457365,0.4320058280718796,0.6871794871794872,0.5403225806451613,0.943661971830986,67,57,1,4,0.5116279069767442,0.4883720930232558,0.4961240310077519,0.5116279069767442,0.4961240310077519,0.5193798449612403,0.5038759689922481,0.5426356589147286,0.5503875968992248,0.5193798449612403,0.5403225806451613,0.1999999999999999,0.0,0.9612403100775194,0.0387596899224806,0.2516534116712955,0
TITAN,2,0.75,870,96,128,2024-04-19,2025-01-03,0.4609375,0.4666666666666668,0.6187845303867403,0.4827586206896552,0.8615384615384616,56,60,3,9,0.484375,0.484375,0.515625,0.515625,0.4296875,0.453125,0.4375,0.5234375,0.5390625,0.421875,0.4827586206896552,0.25,0.0,0.90625,0.09375,0.6685191643499193,0
TITAN,3,0.8,927,103,129,2024-08-30,2025-05-16,0.4961240310077519,0.555074555074555,0.644808743169399,0.5042735042735043,0.8939393939393939,59,58,5,7,0.5116279069767442,0.5116279069767442,0.5116279069767442,0.5038759689922481,0.4728682170542636,0.4418604651162791,0.5348837209302325,0.4883720930232558,0.5271317829457365,0.5271317829457365,0.5042735042735043,0.4166666666666666,0.0,0.9069767441860463,0.0930232558139534,0.7462828835168714,0
TITAN,4,0.85,985,109,129,2025-01-06,2025-10-07,0.4961240310077519,0.441826923076923,0.6632124352331606,0.4961240310077519,1.0,64,65,0,0,0.4961240310077519,0.4961240310077519,0.4961240310077519,0.4883720930232558,0.5038759689922481,0.4961240310077519,0.5116279069767442,0.5038759689922481,0.4418604651162791,0.4728682170542636,0.4961240310077519,0.0,0.0,1.0,0.0,1.42287253736172,0
TITAN,5,0.9,1044,115,129,2025-05-19,2026-03-06,0.4806201550387597,0.4682692307692307,0.6338797814207651,0.4915254237288136,0.8923076923076924,58,60,4,7,0.5038759689922481,0.5038759689922481,0.5038759689922481,0.4883720930232558,0.4496124031007752,0.4418604651162791,0.5116279069767442,0.4418604651162791,0.4651162790697674,0.5038759689922481,0.4915254237288136,0.3636363636363636,0.0,0.9147286821705426,0.0852713178294573,7.99999323817627,0
TITAN,6,0.95,1101,122,65,2025-10-08,2026-03-06,0.5384615384615384,0.6266666666666667,0.6938775510204082,0.5396825396825397,0.9714285714285714,34,29,1,1,0.5384615384615384,0.5384615384615384,0.3846153846153846,0.5846153846153846,0.4923076923076923,0.5384615384615384,0.5384615384615384,0.5230769230769231,0.4769230769230769,0.5230769230769231,0.5396825396825397,0.5,0.0,0.9692307692307692,0.0307692307692307,0.1000035356387145,8
TORNTPHARM,1,0.7,817,90,129,2023-11-29,2024-08-26,0.5813953488372093,0.5417721518987342,0.6707317073170732,0.6470588235294118,0.6962025316455697,55,30,20,24,0.5348837209302325,0.5813953488372093,0.5581395348837209,0.4263565891472868,0.5271317829457365,0.4961240310077519,0.4031007751937984,0.5503875968992248,0.5193798449612403,0.6124031007751938,0.6470588235294118,0.4545454545454546,0.0,0.6589147286821705,0.3410852713178294,0.205265685565865,0
TORNTPHARM,2,0.75,875,97,129,2024-04-02,2025-01-07,0.5426356589147286,0.5421539961013645,0.650887573964497,0.5670103092783505,0.7638888888888888,55,42,15,17,0.5581395348837209,0.5658914728682171,0.5813953488372093,0.5891472868217055,0.5193798449612403,0.5426356589147286,0.5736434108527132,0.4108527131782946,0.6046511627906976,0.5193798449612403,0.5670103092783505,0.46875,0.0,0.751937984496124,0.2480620155038759,0.5632066328690298,0
TORNTPHARM,3,0.8,933,103,130,2024-08-27,2025-05-21,0.4615384615384615,0.5657020872865275,0.6195652173913043,0.4672131147540984,0.9193548387096774,57,65,3,5,0.5076923076923077,0.4769230769230769,0.4307692307692308,0.4692307692307692,0.5307692307692308,0.5,0.5230769230769231,0.5076923076923077,0.4615384615384615,0.5230769230769231,0.4672131147540984,0.375,0.0,0.9384615384615383,0.0615384615384615,0.6226122122268335,0
TORNTPHARM,4,0.85,991,110,130,2025-01-09,2025-09-30,0.5384615384615384,0.5306508875739645,0.6428571428571429,0.5242718446601942,0.8307692307692308,54,49,16,11,0.5307692307692308,0.5076923076923077,0.5230769230769231,0.5,0.5846153846153846,0.5,0.5615384615384615,0.5,0.5,0.5461538461538461,0.5242718446601942,0.5925925925925926,0.0,0.7923076923076923,0.2076923076923077,0.3270135763027698,0
TORNTPHARM,5,0.9,1050,116,130,2025-05-22,2026-03-05,0.5615384615384615,0.5019047619047619,0.7076923076923077,0.552,0.9857142857142858,69,56,4,1,0.5461538461538461,0.5461538461538461,0.5461538461538461,0.5384615384615384,0.6,0.5076923076923077,0.5923076923076923,0.4923076923076923,0.4923076923076923,0.5615384615384615,0.552,0.8,0.0,0.9615384615384616,0.0384615384615384,1.5763349668667537,0
TORNTPHARM,6,0.95,1108,123,65,2025-10-01,2026-03-05,0.6,0.4914285714285714,0.717391304347826,0.5789473684210527,0.9428571428571428,33,24,6,2,0.5384615384615384,0.5384615384615384,0.5384615384615384,0.5230769230769231,0.4923076923076923,0.5230769230769231,0.5384615384615384,0.5076923076923077,0.4615384615384615,0.5230769230769231,0.5789473684210527,0.75,0.0,0.8769230769230769,0.123076923076923,0.8958149466318186,8
TVSMOTOR,1,0.7,880,97,139,2023-11-16,2024-08-13,0.4892086330935252,0.5060568086883876,0.5696969696969697,0.5280898876404494,0.618421052631579,47,42,21,29,0.5179856115107914,0.5467625899280576,0.5251798561151079,0.5467625899280576,0.4892086330935252,0.4964028776978417,0.5035971223021583,0.5323741007194245,0.4964028776978417,0.4388489208633093,0.5280898876404494,0.42,0.0,0.6402877697841727,0.3597122302158273,0.1662418202164175,0
TVSMOTOR,2,0.75,943,104,139,2024-04-10,2025-01-01,0.4892086330935252,0.4455383326351069,0.6395939086294417,0.525,0.8181818181818182,63,57,5,14,0.5539568345323741,0.5539568345323741,0.539568345323741,0.5251798561151079,0.4820143884892086,0.5251798561151079,0.5251798561151079,0.5539568345323741,0.5323741007194245,0.5323741007194245,0.525,0.2631578947368421,0.0,0.8633093525179856,0.1366906474820144,0.3500185571258494,0
TVSMOTOR,3,0.8,1005,111,140,2024-08-19,2025-05-06,0.55,0.4632034632034632,0.676923076923077,0.559322033898305,0.8571428571428571,66,52,11,11,0.55,0.55,0.55,0.4928571428571429,0.5857142857142857,0.5571428571428572,0.5428571428571428,0.5214285714285715,0.55,0.4642857142857143,0.559322033898305,0.5,0.0,0.8428571428571429,0.1571428571428571,0.6084678097432643,0
TVSMOTOR,4,0.85,1068,118,140,2025-01-02,2025-09-24,0.55,0.4778869778869778,0.6926829268292682,0.5419847328244275,0.9594594594594594,71,60,6,3,0.5285714285714286,0.5285714285714286,0.5785714285714286,0.5214285714285715,0.5642857142857143,0.55,0.5285714285714286,0.5071428571428571,0.5,0.5071428571428571,0.5419847328244275,0.6666666666666667,0.0,0.9357142857142856,0.0642857142857142,1.2021449506292594,0
TVSMOTOR,5,0.9,1131,125,140,2025-05-07,2026-03-05,0.5,0.4509803921568627,0.6666666666666666,0.5072463768115942,0.9722222222222222,70,68,0,2,0.4928571428571429,0.55,0.5214285714285715,0.5071428571428571,0.5,0.5142857142857142,0.5142857142857142,0.5142857142857142,0.5285714285714286,0.5142857142857142,0.5072463768115942,0.0,0.0,0.9857142857142858,0.0142857142857142,1.0314441852334562,0
TVSMOTOR,6,0.95,1194,132,70,2025-09-26,2026-03-05,0.5,0.5281632653061225,0.6666666666666666,0.5,1.0,35,35,0,0,0.4857142857142857,0.5,0.5,0.5,0.5,0.4571428571428571,0.5285714285714286,0.5142857142857142,0.5714285714285714,0.5,0.5,0.0,0.0,1.0,0.0,0.3642540474489867,8
ULTRACEMCO,1,0.7,826,91,131,2023-11-24,2024-08-29,0.4732824427480916,0.4789227166276346,0.4888888888888889,0.5076923076923077,0.4714285714285714,33,32,29,37,0.5343511450381679,0.5038167938931297,0.4122137404580153,0.5572519083969466,0.4885496183206106,0.4809160305343511,0.5114503816793893,0.5419847328244275,0.5038167938931297,0.5419847328244275,0.5076923076923077,0.4393939393939394,0.0,0.4961832061068702,0.5038167938931297,0.232634055005304,0
ULTRACEMCO,2,0.75,885,98,131,2024-04-19,2025-01-01,0.5114503816793893,0.5170401493930906,0.5362318840579711,0.5285714285714286,0.5441176470588235,37,33,30,31,0.5190839694656488,0.5190839694656488,0.5038167938931297,0.4809160305343511,0.5114503816793893,0.4961832061068702,0.5038167938931297,0.4809160305343511,0.4885496183206106,0.4961832061068702,0.5285714285714286,0.4918032786885246,0.0,0.5343511450381679,0.465648854961832,0.1000035356387145,0
ULTRACEMCO,3,0.8,944,104,131,2024-08-30,2025-05-08,0.5190839694656488,0.5958391771856008,0.6086956521739131,0.494949494949495,0.7903225806451613,49,50,19,13,0.4732824427480916,0.4732824427480916,0.4351145038167939,0.4809160305343511,0.4961832061068702,0.4427480916030534,0.4732824427480916,0.5038167938931297,0.5190839694656488,0.4732824427480916,0.494949494949495,0.59375,0.0,0.7557251908396947,0.2442748091603053,0.2832199506190571,0
ULTRACEMCO,4,0.85,1003,111,131,2025-01-03,2025-10-09,0.5190839694656488,0.6015406162464986,0.6037735849056604,0.5,0.7619047619047619,48,48,20,15,0.5038167938931297,0.4809160305343511,0.549618320610687,0.5038167938931297,0.4961832061068702,0.5419847328244275,0.5190839694656488,0.5190839694656488,0.5190839694656488,0.465648854961832,0.5,0.5714285714285714,0.0,0.732824427480916,0.2671755725190839,0.6804549951673082,0
ULTRACEMCO,5,0.9,1062,117,132,2025-05-09,2026-03-06,0.4924242424242424,0.5288174512055108,0.6214689265536724,0.4910714285714285,0.8461538461538461,55,57,10,10,0.4924242424242424,0.4924242424242424,0.5151515151515151,0.5227272727272727,0.4848484848484848,0.4696969696969697,0.5075757575757576,0.4545454545454545,0.5378787878787878,0.5,0.4910714285714285,0.5,0.0,0.8484848484848485,0.1515151515151515,0.2266571220892614,0
ULTRACEMCO,6,0.95,1121,124,66,2025-10-10,2026-03-06,0.5303030303030303,0.5996326905417815,0.5974025974025974,0.5227272727272727,0.696969696969697,23,21,12,10,0.4393939393939394,0.5,0.4393939393939394,0.4696969696969697,0.5151515151515151,0.4848484848484848,0.5757575757575758,0.5909090909090909,0.5,0.4848484848484848,0.5227272727272727,0.5454545454545454,0.0,0.6666666666666666,0.3333333333333333,0.1000035356387145,8
VEDL,1,0.7,933,103,148,2023-12-12,2024-09-04,0.5675675675675675,0.5292250233426704,0.7168141592920354,0.574468085106383,0.9529411764705882,81,60,3,4,0.5743243243243243,0.5743243243243243,0.5675675675675675,0.5135135135135135,0.4932432432432432,0.4932432432432432,0.5337837837837838,0.5540540540540541,0.4932432432432432,0.5405405405405406,0.574468085106383,0.4285714285714286,0.0,0.9527027027027029,0.0472972972972973,0.4574372537698624,0
VEDL,2,0.75,999,111,148,2024-04-29,2025-01-17,0.5202702702702703,0.5467349551856595,0.6844444444444444,0.5202702702702703,1.0,77,71,0,0,0.527027027027027,0.5202702702702703,0.5135135135135135,0.5202702702702703,0.4932432432432432,0.4864864864864865,0.5540540540540541,0.5405405405405406,0.4594594594594595,0.5337837837837838,0.5202702702702703,0.0,0.0,1.0,0.0,0.3181853336320883,0
VEDL,3,0.8,1066,118,148,2024-09-05,2025-06-03,0.5337837837837838,0.4646853788295725,0.6960352422907489,0.5337837837837838,1.0,79,69,0,0,0.5337837837837838,0.5337837837837838,0.527027027027027,0.4797297297297297,0.5,0.5337837837837838,0.4797297297297297,0.5337837837837838,0.4729729729729729,0.4324324324324324,0.5337837837837838,0.0,0.0,1.0,0.0,0.4032831576611418,0
VEDL,4,0.85,1133,125,148,2025-01-20,2025-10-21,0.5540540540540541,0.5072784227013083,0.7079646017699115,0.5517241379310345,0.9876543209876544,80,65,2,1,0.4797297297297297,0.5472972972972973,0.5472972972972973,0.5405405405405406,0.5405405405405406,0.4797297297297297,0.581081081081081,0.5945945945945946,0.5878378378378378,0.5067567567567568,0.5517241379310345,0.6666666666666667,0.0,0.9797297297297296,0.0202702702702702,0.906718211159628,0
VEDL,5,0.9,1199,133,149,2025-06-04,2026-03-05,0.5906040268456376,0.5523472429210134,0.7426160337552743,0.5906040268456376,1.0,88,61,0,0,0.5503355704697986,0.6040268456375839,0.5570469798657718,0.5637583892617449,0.5771812080536913,0.5436241610738255,0.6040268456375839,0.5503355704697986,0.6040268456375839,0.6442953020134228,0.5906040268456376,0.0,0.0,1.0,0.0,1.0806020293414982,0
VEDL,6,0.95,1266,140,75,2025-10-23,2026-03-05,0.5866666666666667,0.4717425431711146,0.7256637168141593,0.640625,0.8367346938775511,41,23,3,8,0.6533333333333333,0.6533333333333333,0.4933333333333333,0.6133333333333333,0.4933333333333333,0.4133333333333333,0.4266666666666667,0.48,0.4266666666666667,0.32,0.640625,0.2727272727272727,0.0,0.8533333333333334,0.1466666666666666,0.5212061580873183,8
VOLTAS,1,0.7,878,97,139,2024-01-25,2024-10-01,0.5971223021582733,0.5837662337662338,0.6705882352941176,0.6627906976744186,0.6785714285714286,57,29,26,27,0.39568345323741,0.39568345323741,0.5323741007194245,0.5827338129496403,0.5107913669064749,0.4748201438848921,0.5467625899280576,0.5323741007194245,0.4964028776978417,0.60431654676259,0.6627906976744186,0.490566037735849,0.0,0.6187050359712231,0.381294964028777,0.4242050699454303,0
VOLTAS,2,0.75,940,104,140,2024-05-29,2025-01-28,0.4714285714285714,0.4481209150326797,0.6021505376344086,0.4912280701754385,0.7777777777777778,56,58,10,16,0.4714285714285714,0.5142857142857142,0.4857142857142857,0.4857142857142857,0.5,0.4714285714285714,0.45,0.5142857142857142,0.5071428571428571,0.5214285714285715,0.4912280701754385,0.3846153846153846,0.0,0.8142857142857143,0.1857142857142857,0.2182486910277335,0
VOLTAS,3,0.8,1003,111,139,2024-10-03,2025-06-04,0.4460431654676259,0.4438178780284043,0.4967320261437908,0.4222222222222222,0.6031746031746031,38,52,24,25,0.4532374100719424,0.4532374100719424,0.460431654676259,0.5107913669064749,0.4892086330935252,0.4676258992805755,0.4892086330935252,0.5107913669064749,0.4820143884892086,0.5323741007194245,0.4222222222222222,0.4897959183673469,0.0,0.6474820143884892,0.3525179856115107,0.1000035356387145,0
VOLTAS,4,0.85,1066,118,139,2025-01-29,2025-10-27,0.5107913669064749,0.4941787941787941,0.6222222222222222,0.5283018867924528,0.7567567567567568,56,50,15,18,0.5323741007194245,0.5323741007194245,0.4820143884892086,0.5755395683453237,0.4892086330935252,0.4892086330935252,0.4388489208633093,0.4964028776978417,0.5107913669064749,0.539568345323741,0.5283018867924528,0.4545454545454546,0.0,0.762589928057554,0.237410071942446,0.1000035356387145,0
VOLTAS,5,0.9,1128,125,140,2025-06-05,2026-03-06,0.55,0.4919819078947368,0.6956521739130435,0.549618320610687,0.9473684210526316,72,59,5,4,0.5428571428571428,0.5428571428571428,0.55,0.5357142857142857,0.4571428571428571,0.5428571428571428,0.5,0.4714285714285714,0.5,0.4428571428571428,0.549618320610687,0.5555555555555556,0.0,0.9357142857142856,0.0642857142857142,7.999994422216032,0
VOLTAS,6,0.95,1191,132,70,2025-10-28,2026-03-06,0.5,0.4305555555555556,0.6601941747572816,0.5074626865671642,0.9444444444444444,34,33,1,2,0.5142857142857142,0.5142857142857142,0.5,0.4857142857142857,0.5428571428571428,0.2571428571428571,0.5,0.5571428571428572,0.5142857142857142,0.4857142857142857,0.5074626865671642,0.3333333333333333,0.0,0.9571428571428572,0.0428571428571428,0.3682681087603875,8
WIPRO,1,0.7,819,90,131,2023-12-20,2024-09-19,0.5267175572519084,0.5388758782201405,0.6666666666666666,0.5344827586206896,0.8857142857142857,62,54,7,8,0.5267175572519084,0.4885496183206106,0.4961832061068702,0.5419847328244275,0.5190839694656488,0.5038167938931297,0.5114503816793893,0.5114503816793893,0.5114503816793893,0.4580152671755725,0.5344827586206896,0.4666666666666667,0.0,0.8854961832061069,0.1145038167938931,0.3670714713333124,0
WIPRO,2,0.75,878,97,130,2024-05-13,2025-01-29,0.5,0.5136494252873562,0.5390070921985816,0.5507246376811594,0.5277777777777778,38,31,27,34,0.5153846153846153,0.5538461538461539,0.4538461538461538,0.5,0.5384615384615384,0.4538461538461538,0.4923076923076923,0.5,0.5769230769230769,0.4769230769230769,0.5507246376811594,0.4426229508196722,0.0,0.5307692307692308,0.4692307692307692,0.2839705523153552,0
WIPRO,3,0.8,936,104,130,2024-09-20,2025-06-10,0.4769230769230769,0.4889940828402367,0.6179775280898876,0.4867256637168141,0.8461538461538461,55,58,7,10,0.5,0.4538461538461538,0.5076923076923077,0.5538461538461539,0.5153846153846153,0.4923076923076923,0.5153846153846153,0.5538461538461539,0.4692307692307692,0.5230769230769231,0.4867256637168141,0.4117647058823529,0.0,0.8692307692307693,0.1307692307692307,0.3534150186885172,0
WIPRO,4,0.85,995,110,130,2025-01-30,2025-10-16,0.5076923076923077,0.4916982922201138,0.5076923076923077,0.4852941176470588,0.532258064516129,33,35,33,29,0.5153846153846153,0.4846153846153846,0.4923076923076923,0.5769230769230769,0.5076923076923077,0.5461538461538461,0.4923076923076923,0.4153846153846154,0.5307692307692308,0.5307692307692308,0.4852941176470588,0.532258064516129,0.0,0.5230769230769231,0.4769230769230769,0.3934074507245931,0
WIPRO,5,0.9,1053,117,130,2025-06-13,2026-03-04,0.5153846153846153,0.5155176498460081,0.5594405594405595,0.5263157894736842,0.5970149253731343,40,36,27,27,0.5153846153846153,0.5384615384615384,0.4615384615384615,0.4538461538461538,0.5076923076923077,0.5230769230769231,0.4769230769230769,0.5846153846153846,0.4692307692307692,0.4923076923076923,0.5263157894736842,0.5,0.0,0.5846153846153846,0.4153846153846154,0.4774627848378158,0
WIPRO,6,0.95,1112,123,65,2025-10-21,2026-03-04,0.6153846153846154,0.478927203065134,0.7311827956989247,0.5964912280701754,0.9444444444444444,34,23,6,2,0.4923076923076923,0.4769230769230769,0.4923076923076923,0.4461538461538462,0.5692307692307692,0.4153846153846154,0.5076923076923077,0.5846153846153846,0.5076923076923077,0.5230769230769231,0.5964912280701754,0.75,0.0,0.8769230769230769,0.123076923076923,0.9457687080690153,8
