{
  "window_id": 2,
  "train_ratio": 0.8,
  "acc_all": 0.38992042440318303,
  "acc_conf": 0.3770949720670391,
  "conf_rate": 0.9496021220159151,
  "n_conf": 358,
  "auc": 0.3755066079295154
}