{
  "window_id": 2,
  "train_ratio": 0.8,
  "acc_all": 0.4968152866242038,
  "acc_conf": 0.4826086956521739,
  "conf_rate": 0.732484076433121,
  "n_conf": 230,
  "auc": 0.4976016260162601
}