{
  "window_id": 2,
  "train_ratio": 0.8,
  "acc_all": 0.4952978056426332,
  "acc_conf": 0.4807692307692308,
  "conf_rate": 0.8150470219435737,
  "n_conf": 260,
  "auc": 0.4794025157232704
}