symbol,window_id,train_ratio,train_size,val_size,test_size,test_start,test_end,oos_accuracy,auc,f1,precision,recall,tp,fp,tn,fn,lgbm_acc,xgb_acc,lstm_acc,bilstm_acc,gru_acc,cnn_lstm_acc,cnn_gru_acc,tcn_gru_acc,tcn_transformer_acc,nbeats_acc,dir_acc_up,dir_acc_down,pct_neutral,pct_up,pct_down,temperature,dl_models_trained
ABB,1,0.7,829,92,131,2024-02-08,2024-10-17,0.5877862595419847,0.5674418604651164,0.6746987951807228,0.7,0.6511627906976745,56,24,21,30,0.5572519083969466,0.5954198473282443,0.0,0.0,0.0,0.0,0.0,0.0,0.0,0.0,0.7,0.4117647058823529,0.0,0.6106870229007634,0.3893129770992366,0.5091910012984737,0
ABB,2,0.75,889,98,131,2024-06-24,2025-02-10,0.4961832061068702,0.4232742537313432,0.6373626373626373,0.4915254237288136,0.90625,58,60,7,6,0.5190839694656488,0.4885496183206106,0.0,0.0,0.0,0.0,0.0,0.0,0.0,0.0,0.4915254237288136,0.5384615384615384,0.0,0.900763358778626,0.099236641221374,0.2392099157959332,0
ABB,3,0.8,947,105,132,2024-10-18,2025-07-11,0.4469696969696969,0.458294930875576,0.562874251497006,0.4476190476190476,0.7580645161290323,47,58,12,15,0.4848484848484848,0.4696969696969697,0.0,0.0,0.0,0.0,0.0,0.0,0.0,0.0,0.4476190476190476,0.4444444444444444,0.0,0.7954545454545454,0.2045454545454545,0.322597917446807,0
ABB,4,0.85,1007,111,132,2025-02-13,2025-12-02,0.5227272727272727,0.5115958668197474,0.64,0.509090909090909,0.8615384615384616,56,54,13,9,0.4924242424242424,0.4924242424242424,0.0,0.0,0.0,0.0,0.0,0.0,0.0,0.0,0.509090909090909,0.5909090909090908,0.0,0.8333333333333334,0.1666666666666666,1.0,0
ABB,5,0.9,1066,118,132,2025-07-14,2026-04-16,0.5151515151515151,0.4198069852941176,0.68,0.5151515151515151,1.0,68,64,0,0,0.4469696969696969,0.5151515151515151,0.0,0.0,0.0,0.0,0.0,0.0,0.0,0.0,0.5151515151515151,0.0,0.0,1.0,0.0,1.772212940798984,0
ABB,6,0.95,1125,125,66,2025-12-03,2026-04-16,0.5,0.4417520969245107,0.6292134831460674,0.5384615384615384,0.7567567567567568,28,24,5,9,0.4696969696969697,0.5606060606060606,0.0,0.0,0.0,0.0,0.0,0.0,0.0,0.0,0.5384615384615384,0.3571428571428571,0.0,0.7878787878787878,0.2121212121212121,2.373038141570122,0
ALKEM,1,0.7,680,75,108,2024-04-05,2024-11-11,0.5,0.5739279588336192,0.509090909090909,0.509090909090909,0.509090909090909,28,27,26,27,0.5092592592592593,0.4814814814814814,0.0,0.0,0.0,0.0,0.0,0.0,0.0,0.0,0.509090909090909,0.490566037735849,0.0,0.5092592592592593,0.4907407407407407,0.3290510365314438,0
ALKEM,2,0.75,729,80,108,2024-07-29,2025-03-10,0.5185185185185185,0.5447684391080617,0.59375,0.5066666666666667,0.7169811320754716,38,37,18,15,0.5185185185185185,0.5370370370370371,0.0,0.0,0.0,0.0,0.0,0.0,0.0,0.0,0.5066666666666667,0.5454545454545454,0.0,0.6944444444444444,0.3055555555555556,0.4119222880712065,0
ALKEM,3,0.8,777,86,108,2024-11-12,2025-07-10,0.5370370370370371,0.5472154963680388,0.5833333333333334,0.4929577464788732,0.7142857142857143,35,36,23,14,0.5,0.5,0.0,0.0,0.0,0.0,0.0,0.0,0.0,0.0,0.4929577464788732,0.6216216216216216,0.0,0.6574074074074074,0.3425925925925926,0.3521497373630167,0
ALKEM,4,0.85,826,91,108,2025-03-11,2025-12-08,0.5462962962962963,0.4817994505494505,0.6524822695035462,0.5411764705882353,0.8214285714285714,46,39,13,10,0.5462962962962963,0.5092592592592593,0.0,0.0,0.0,0.0,0.0,0.0,0.0,0.0,0.5411764705882353,0.5652173913043479,0.0,0.7870370370370371,0.2129629629629629,0.1487900273984661,0
ALKEM,5,0.9,874,97,108,2025-07-11,2026-04-10,0.5740740740740741,0.5459533607681756,0.640625,0.5540540540540541,0.7592592592592593,41,33,21,13,0.5277777777777778,0.5740740740740741,0.0,0.0,0.0,0.0,0.0,0.0,0.0,0.0,0.5540540540540541,0.6176470588235294,0.0,0.6851851851851852,0.3148148148148148,1.0,0
ALKEM,6,0.95,923,102,54,2025-12-09,2026-04-10,0.5370370370370371,0.4986111111111111,0.5098039215686274,0.4814814814814814,0.5416666666666666,13,14,16,11,0.5,0.5555555555555556,0.0,0.0,0.0,0.0,0.0,0.0,0.0,0.0,0.4814814814814814,0.5925925925925926,0.0,0.5,0.5,1.0,0
AUBANK,1,0.7,741,82,118,2024-05-07,2025-01-01,0.5,0.5532467532467532,0.5042016806722689,0.46875,0.5454545454545454,30,34,29,25,0.5254237288135594,0.5254237288135594,0.0,0.0,0.0,0.0,0.0,0.0,0.0,0.0,0.46875,0.537037037037037,0.0,0.5423728813559322,0.4576271186440678,0.3351891516736882,0
AUBANK,2,0.75,794,88,118,2024-09-13,2025-04-25,0.5169491525423728,0.5460087082728593,0.5289256198347108,0.4705882352941176,0.6037735849056604,32,36,29,21,0.5338983050847458,0.5508474576271186,0.0,0.0,0.0,0.0,0.0,0.0,0.0,0.0,0.4705882352941176,0.5800000000000001,0.0,0.576271186440678,0.423728813559322,1.0,0
AUBANK,3,0.8,847,94,118,2025-01-03,2025-08-12,0.4915254237288136,0.4666666666666667,0.4736842105263157,0.4821428571428571,0.4655172413793103,27,29,31,31,0.5254237288135594,0.5,0.0,0.0,0.0,0.0,0.0,0.0,0.0,0.0,0.4821428571428571,0.5,0.0,0.4745762711864407,0.5254237288135594,0.3077257618673699,0
AUBANK,4,0.85,900,100,118,2025-04-29,2025-12-09,0.559322033898305,0.509090909090909,0.543859649122807,0.6078431372549019,0.492063492063492,31,20,35,32,0.6016949152542372,0.4661016949152542,0.0,0.0,0.0,0.0,0.0,0.0,0.0,0.0,0.6078431372549019,0.5223880597014925,0.0,0.4322033898305085,0.5677966101694916,0.5558566240452509,0
AUBANK,5,0.9,954,105,118,2025-08-13,2026-04-16,0.5254237288135594,0.5408369408369408,0.4814814814814814,0.5777777777777777,0.4126984126984127,26,19,36,37,0.4830508474576271,0.4661016949152542,0.0,0.0,0.0,0.0,0.0,0.0,0.0,0.0,0.5777777777777777,0.4931506849315068,0.0,0.3813559322033898,0.6186440677966102,0.1355445556456287,0
AUBANK,6,0.95,1007,111,59,2025-12-10,2026-04-16,0.5423728813559322,0.6394009216589862,0.1818181818181818,0.6,0.1071428571428571,3,2,29,25,0.4576271186440678,0.5254237288135594,0.0,0.0,0.0,0.0,0.0,0.0,0.0,0.0,0.6,0.537037037037037,0.0,0.0847457627118644,0.9152542372881356,1.0,0
AUROPHARMA,1,0.7,727,80,116,2024-05-10,2024-12-30,0.5431034482758621,0.4883928571428572,0.4301075268817204,0.5405405405405406,0.3571428571428571,20,17,43,36,0.4396551724137931,0.4655172413793103,0.0,0.0,0.0,0.0,0.0,0.0,0.0,0.0,0.5405405405405406,0.5443037974683544,0.0,0.3189655172413793,0.6810344827586207,0.1000066028542544,0
AUROPHARMA,2,0.75,779,86,115,2024-09-10,2025-04-23,0.5130434782608696,0.5052860696517413,0.4285714285714285,0.42,0.4375,21,29,38,27,0.5739130434782609,0.4956521739130435,0.0,0.0,0.0,0.0,0.0,0.0,0.0,0.0,0.42,0.5846153846153845,0.0,0.4347826086956521,0.5652173913043478,0.3373839729446254,0
AUROPHARMA,3,0.8,831,92,115,2024-12-31,2025-08-14,0.5043478260869565,0.4875907990314769,0.5581395348837209,0.4931506849315068,0.6428571428571429,36,37,22,20,0.4695652173913043,0.4869565217391304,0.0,0.0,0.0,0.0,0.0,0.0,0.0,0.0,0.4931506849315068,0.5238095238095238,0.0,0.6347826086956522,0.3652173913043478,0.5827200390056955,0
AUROPHARMA,4,0.85,882,98,116,2025-04-24,2025-12-16,0.5258620689655172,0.536723163841808,0.5045045045045045,0.5384615384615384,0.4745762711864407,28,24,33,31,0.4913793103448275,0.4568965517241379,0.0,0.0,0.0,0.0,0.0,0.0,0.0,0.0,0.5384615384615384,0.515625,0.0,0.4482758620689655,0.5517241379310345,1.0,0
AUROPHARMA,5,0.9,935,103,116,2025-08-19,2026-04-16,0.5086206896551724,0.5606557377049181,0.3448275862068966,0.5769230769230769,0.2459016393442623,15,11,44,46,0.4827586206896552,0.5172413793103449,0.0,0.0,0.0,0.0,0.0,0.0,0.0,0.0,0.5769230769230769,0.4888888888888889,0.0,0.2241379310344827,0.7758620689655172,1.0,0
AUROPHARMA,6,0.95,987,109,58,2025-12-17,2026-04-16,0.5,0.5173237753882916,0.4528301886792453,0.5454545454545454,0.3870967741935484,12,10,17,19,0.5517241379310345,0.4655172413793103,0.0,0.0,0.0,0.0,0.0,0.0,0.0,0.0,0.5454545454545454,0.4722222222222222,0.0,0.3793103448275862,0.6206896551724138,1.0,0
AXISBANK,1,0.7,700,77,111,2024-03-05,2024-11-04,0.4954954954954955,0.5520494469746259,0.6,0.5121951219512195,0.7241379310344828,42,40,13,16,0.6216216216216216,0.5495495495495496,0.0,0.0,0.0,0.0,0.0,0.0,0.0,0.0,0.5121951219512195,0.4482758620689655,0.0,0.7387387387387387,0.2612612612612612,0.5075419445517444,0
AXISBANK,2,0.75,750,83,111,2024-07-16,2025-03-21,0.3963963963963964,0.4419672131147541,0.5179856115107914,0.4044943820224719,0.72,36,53,8,14,0.4324324324324324,0.4054054054054054,0.0,0.0,0.0,0.0,0.0,0.0,0.0,0.0,0.4044943820224719,0.3636363636363636,0.0,0.8018018018018018,0.1981981981981982,0.2946895497449011,0
AXISBANK,3,0.8,800,88,111,2024-11-05,2025-07-30,0.4414414414414414,0.5249335106382979,0.5633802816901409,0.4210526315789473,0.851063829787234,40,55,9,7,0.5045045045045045,0.4324324324324324,0.0,0.0,0.0,0.0,0.0,0.0,0.0,0.0,0.4210526315789473,0.5625,0.0,0.8558558558558559,0.1441441441441441,0.3446884812583046,0
AXISBANK,4,0.85,850,94,111,2025-03-24,2025-12-05,0.5135135135135135,0.5451298701298701,0.64,0.5106382978723404,0.8571428571428571,48,46,9,8,0.4234234234234234,0.5045045045045045,0.0,0.0,0.0,0.0,0.0,0.0,0.0,0.0,0.5106382978723404,0.5294117647058824,0.0,0.8468468468468469,0.1531531531531531,1.0,0
AXISBANK,5,0.9,900,99,112,2025-07-31,2026-04-16,0.5089285714285714,0.4822513591301566,0.6099290780141844,0.524390243902439,0.7288135593220338,43,39,14,16,0.4821428571428571,0.5267857142857143,0.0,0.0,0.0,0.0,0.0,0.0,0.0,0.0,0.524390243902439,0.4666666666666667,0.0,0.7321428571428571,0.2678571428571428,1.0,0
AXISBANK,6,0.95,950,105,56,2025-12-10,2026-04-16,0.4821428571428571,0.5134099616858238,0.4727272727272727,0.4642857142857143,0.4814814814814814,13,15,14,14,0.5535714285714286,0.5714285714285714,0.0,0.0,0.0,0.0,0.0,0.0,0.0,0.0,0.4642857142857143,0.5,0.0,0.5,0.5,0.3254342548267188,0
BAJAJ-AUTO,1,0.7,662,73,105,2024-05-16,2024-12-19,0.5142857142857142,0.4610909090909091,0.6433566433566433,0.5227272727272727,0.8363636363636363,46,42,8,9,0.4571428571428571,0.5238095238095238,0.0,0.0,0.0,0.0,0.0,0.0,0.0,0.0,0.5227272727272727,0.4705882352941176,0.0,0.8380952380952381,0.1619047619047619,0.4359129272078031,0
BAJAJ-AUTO,2,0.75,710,78,105,2024-09-10,2025-04-29,0.4476190476190476,0.4853264856933236,0.5797101449275363,0.4395604395604395,0.851063829787234,40,51,7,7,0.4476190476190476,0.4476190476190476,0.0,0.0,0.0,0.0,0.0,0.0,0.0,0.0,0.4395604395604395,0.5,0.0,0.8666666666666667,0.1333333333333333,0.2718621230665371,0
BAJAJ-AUTO,3,0.8,756,84,105,2024-12-24,2025-08-25,0.3904761904761905,0.3780841799709724,0.4576271186440678,0.4153846153846154,0.5094339622641509,27,38,14,26,0.4380952380952381,0.5047619047619047,0.0,0.0,0.0,0.0,0.0,0.0,0.0,0.0,0.4153846153846154,0.35,0.0,0.6190476190476191,0.3809523809523809,1.0,0
BAJAJ-AUTO,4,0.85,804,89,105,2025-04-30,2025-12-23,0.4380952380952381,0.4129172714078374,0.549618320610687,0.4615384615384615,0.6792452830188679,36,42,10,17,0.5523809523809524,0.4666666666666667,0.0,0.0,0.0,0.0,0.0,0.0,0.0,0.0,0.4615384615384615,0.3703703703703703,0.0,0.7428571428571429,0.2571428571428571,1.0,0
BAJAJ-AUTO,5,0.9,851,94,106,2025-08-29,2026-04-16,0.5377358490566038,0.5132142857142857,0.6016260162601627,0.5522388059701493,0.6607142857142857,37,30,20,19,0.5188679245283019,0.4339622641509434,0.0,0.0,0.0,0.0,0.0,0.0,0.0,0.0,0.5522388059701493,0.5128205128205128,0.0,0.6320754716981132,0.3679245283018867,0.2915072033414876,0
BAJAJ-AUTO,6,0.95,899,99,53,2025-12-24,2026-04-16,0.6037735849056604,0.596774193548387,0.6666666666666666,0.65625,0.6774193548387096,21,11,11,10,0.5094339622641509,0.4716981132075472,0.0,0.0,0.0,0.0,0.0,0.0,0.0,0.0,0.65625,0.5238095238095238,0.0,0.6037735849056604,0.3962264150943396,1.0,0
BAJAJFINSV,1,0.7,685,76,109,2024-04-22,2024-12-11,0.4770642201834862,0.4746450304259634,0.5289256198347108,0.5079365079365079,0.5517241379310345,32,31,20,26,0.5412844036697247,0.4770642201834862,0.0,0.0,0.0,0.0,0.0,0.0,0.0,0.0,0.5079365079365079,0.4347826086956522,0.0,0.5779816513761468,0.4220183486238532,0.3319067411726163,0
BAJAJFINSV,2,0.75,735,81,108,2024-08-26,2025-04-09,0.4629629629629629,0.4235253772290809,0.4423076923076923,0.46,0.4259259259259259,23,27,27,31,0.4351851851851852,0.4537037037037037,0.0,0.0,0.0,0.0,0.0,0.0,0.0,0.0,0.46,0.4655172413793104,0.0,0.4629629629629629,0.5370370370370371,0.5122854673623729,0
BAJAJFINSV,3,0.8,783,87,109,2024-12-16,2025-07-25,0.4220183486238532,0.4161616161616162,0.5116279069767442,0.44,0.6111111111111112,33,42,13,21,0.4220183486238532,0.5045871559633027,0.0,0.0,0.0,0.0,0.0,0.0,0.0,0.0,0.44,0.3823529411764705,0.0,0.6880733944954128,0.3119266055045872,0.1150071176124068,0
BAJAJFINSV,4,0.85,832,92,109,2025-04-16,2025-12-01,0.4862385321100917,0.4973063973063973,0.5483870967741935,0.4857142857142857,0.6296296296296297,34,36,19,20,0.4770642201834862,0.4954128440366973,0.0,0.0,0.0,0.0,0.0,0.0,0.0,0.0,0.4857142857142857,0.4871794871794872,0.0,0.6422018348623854,0.3577981651376147,1.0,0
BAJAJFINSV,5,0.9,882,97,109,2025-07-29,2026-04-16,0.4678899082568807,0.5162271805273835,0.5166666666666667,0.4492753623188406,0.6078431372549019,31,38,20,20,0.5321100917431193,0.5596330275229358,0.0,0.0,0.0,0.0,0.0,0.0,0.0,0.0,0.4492753623188406,0.5,0.0,0.6330275229357798,0.3669724770642202,0.1295751094396627,0
BAJAJFINSV,6,0.95,930,103,55,2025-12-02,2026-04-16,0.509090909090909,0.538978494623656,0.509090909090909,0.4516129032258064,0.5833333333333334,14,17,14,10,0.4545454545454545,0.4545454545454545,0.0,0.0,0.0,0.0,0.0,0.0,0.0,0.0,0.4516129032258064,0.5833333333333333,0.0,0.5636363636363636,0.4363636363636363,0.7017518427714898,0
BAJFINANCE,1,0.7,692,76,110,2024-05-08,2025-01-01,0.6090909090909091,0.6349469496021221,0.6126126126126126,0.6415094339622641,0.5862068965517241,34,19,33,24,0.5272727272727272,0.509090909090909,0.0,0.0,0.0,0.0,0.0,0.0,0.0,0.0,0.6415094339622641,0.5789473684210527,0.0,0.4818181818181818,0.5181818181818182,0.5042276028136791,0
BAJFINANCE,2,0.75,741,82,110,2024-09-05,2025-05-06,0.5272727272727272,0.5191798941798942,0.5517241379310345,0.5333333333333333,0.5714285714285714,32,28,26,24,0.509090909090909,0.509090909090909,0.0,0.0,0.0,0.0,0.0,0.0,0.0,0.0,0.5333333333333333,0.52,0.0,0.5454545454545454,0.4545454545454545,0.3638875966487685,0
BAJFINANCE,3,0.8,791,87,110,2025-01-03,2025-08-14,0.5636363636363636,0.570436507936508,0.5932203389830508,0.5645161290322581,0.625,35,27,27,21,0.4545454545454545,0.5454545454545454,0.0,0.0,0.0,0.0,0.0,0.0,0.0,0.0,0.5645161290322581,0.5625,0.0,0.5636363636363636,0.4363636363636363,0.340048622649289,0
BAJFINANCE,4,0.85,840,93,110,2025-05-07,2025-12-01,0.6,0.615053050397878,0.6333333333333333,0.6129032258064516,0.6551724137931034,38,24,28,20,0.5636363636363636,0.5272727272727272,0.0,0.0,0.0,0.0,0.0,0.0,0.0,0.0,0.6129032258064516,0.5833333333333333,0.0,0.5636363636363636,0.4363636363636363,0.5400571654401626,0
BAJFINANCE,5,0.9,890,98,110,2025-08-19,2026-04-16,0.5,0.5104270109235353,0.4444444444444444,0.4782608695652174,0.4150943396226415,22,24,33,31,0.5,0.5363636363636364,0.0,0.0,0.0,0.0,0.0,0.0,0.0,0.0,0.4782608695652174,0.515625,0.0,0.4181818181818181,0.5818181818181818,0.3215289234230536,0
BAJFINANCE,6,0.95,939,104,55,2025-12-03,2026-04-16,0.4727272727272727,0.5171428571428571,0.4912280701754385,0.3783783783783784,0.7,14,23,12,6,0.4,0.5818181818181818,0.0,0.0,0.0,0.0,0.0,0.0,0.0,0.0,0.3783783783783784,0.6666666666666667,0.0,0.6727272727272727,0.3272727272727272,0.3161668848858321,0
BANDHANBNK,1,0.7,769,85,122,2024-05-09,2024-12-02,0.5163934426229508,0.5086580086580086,0.4587155963302752,0.4716981132075472,0.4464285714285714,25,28,38,31,0.5245901639344263,0.5655737704918032,0.0,0.0,0.0,0.0,0.0,0.0,0.0,0.0,0.4716981132075472,0.5507246376811594,0.0,0.4344262295081967,0.5655737704918032,0.267119426425992,0
BANDHANBNK,2,0.75,824,91,122,2024-08-23,2025-04-02,0.5327868852459017,0.5454294393813863,0.4242424242424242,0.4375,0.4117647058823529,21,27,44,30,0.5819672131147541,0.5,0.0,0.0,0.0,0.0,0.0,0.0,0.0,0.0,0.4375,0.5945945945945945,0.0,0.3934426229508196,0.6065573770491803,0.27525093745609,0
BANDHANBNK,3,0.8,879,97,122,2024-12-03,2025-07-29,0.4672131147540984,0.4716417910447761,0.453781512605042,0.421875,0.4909090909090909,27,37,30,28,0.4590163934426229,0.4672131147540984,0.0,0.0,0.0,0.0,0.0,0.0,0.0,0.0,0.421875,0.5172413793103448,0.0,0.5245901639344263,0.4754098360655737,0.3329881757124245,0
BANDHANBNK,4,0.85,934,103,122,2025-04-03,2025-11-27,0.4180327868852459,0.4451736395952967,0.4661654135338345,0.3875,0.5849056603773585,31,49,20,22,0.4836065573770491,0.4098360655737705,0.0,0.0,0.0,0.0,0.0,0.0,0.0,0.0,0.3875,0.4761904761904761,0.0,0.6557377049180327,0.3442622950819672,0.5620006292606956,0
BANDHANBNK,5,0.9,989,109,122,2025-07-31,2026-04-16,0.4836065573770491,0.476461038961039,0.2758620689655172,0.3870967741935484,0.2142857142857142,12,19,47,44,0.5491803278688525,0.5409836065573771,0.0,0.0,0.0,0.0,0.0,0.0,0.0,0.0,0.3870967741935484,0.5164835164835164,0.0,0.2540983606557377,0.7459016393442623,1.0,0
BANDHANBNK,6,0.95,1044,115,61,2025-12-02,2026-04-16,0.5081967213114754,0.4827956989247311,0.3478260869565217,0.5333333333333333,0.2580645161290322,8,7,23,23,0.3770491803278688,0.4918032786885246,0.0,0.0,0.0,0.0,0.0,0.0,0.0,0.0,0.5333333333333333,0.5,0.0,0.2459016393442623,0.7540983606557377,0.1946629839599075,0
BHARTIARTL,1,0.7,667,74,106,2024-03-14,2024-11-14,0.5471698113207547,0.5675287356321839,0.5555555555555556,0.6,0.5172413793103449,30,20,28,28,0.5094339622641509,0.3584905660377358,0.0,0.0,0.0,0.0,0.0,0.0,0.0,0.0,0.6,0.5,0.0,0.4716981132075472,0.5283018867924528,1.0,0
BHARTIARTL,2,0.75,715,79,106,2024-07-31,2025-03-20,0.5754716981132075,0.6043478260869565,0.6017699115044248,0.6415094339622641,0.5666666666666667,34,19,27,26,0.5094339622641509,0.490566037735849,0.0,0.0,0.0,0.0,0.0,0.0,0.0,0.0,0.6415094339622641,0.5094339622641509,0.0,0.5,0.5,0.1915284538882677,0
BHARTIARTL,3,0.8,763,84,106,2024-11-22,2025-07-22,0.5849056603773585,0.5018328445747801,0.6901408450704225,0.6125,0.7903225806451613,49,31,13,13,0.4622641509433962,0.5754716981132075,0.0,0.0,0.0,0.0,0.0,0.0,0.0,0.0,0.6125,0.5,0.0,0.7547169811320755,0.2452830188679245,0.2059253392019713,0
BHARTIARTL,4,0.85,810,90,106,2025-03-21,2025-11-24,0.5660377358490566,0.5208564045773347,0.6973684210526315,0.5955056179775281,0.8412698412698413,53,36,7,10,0.5471698113207547,0.5943396226415094,0.0,0.0,0.0,0.0,0.0,0.0,0.0,0.0,0.5955056179775281,0.4117647058823529,0.0,0.839622641509434,0.160377358490566,1.0,0
BHARTIARTL,5,0.9,858,95,106,2025-07-25,2026-04-09,0.5188679245283019,0.568270944741533,0.6433566433566433,0.5227272727272727,0.8363636363636363,46,42,9,9,0.5377358490566038,0.5188679245283019,0.0,0.0,0.0,0.0,0.0,0.0,0.0,0.0,0.5227272727272727,0.5,0.0,0.8301886792452831,0.1698113207547169,0.4082260224039622,0
BHARTIARTL,6,0.95,906,100,53,2025-11-25,2026-04-09,0.5471698113207547,0.658357771260997,0.625,0.4761904761904761,0.9090909090909092,20,22,9,2,0.5283018867924528,0.5471698113207547,0.0,0.0,0.0,0.0,0.0,0.0,0.0,0.0,0.4761904761904761,0.8181818181818181,0.0,0.7924528301886793,0.2075471698113207,0.4955999796205023,0
BHEL,1,0.7,885,98,141,2023-12-28,2024-10-14,0.5390070921985816,0.4736842105263157,0.6486486486486487,0.594059405940594,0.7142857142857143,60,41,16,24,0.6028368794326241,0.5957446808510638,0.0,0.0,0.0,0.0,0.0,0.0,0.0,0.0,0.594059405940594,0.4,0.0,0.7163120567375887,0.2836879432624113,0.1637006278495683,0
BHEL,2,0.75,948,105,141,2024-05-29,2025-02-12,0.5177304964539007,0.5398390342052315,0.5903614457831325,0.5104166666666666,0.7,49,47,24,21,0.5460992907801419,0.4964539007092198,0.0,0.0,0.0,0.0,0.0,0.0,0.0,0.0,0.5104166666666666,0.5333333333333333,0.0,0.6808510638297872,0.3191489361702128,0.1000066028542544,0
BHEL,3,0.8,1012,112,140,2024-10-15,2025-07-08,0.5857142857142857,0.625025641025641,0.6847826086956522,0.5779816513761468,0.84,63,46,19,12,0.5642857142857143,0.5571428571428572,0.0,0.0,0.0,0.0,0.0,0.0,0.0,0.0,0.5779816513761468,0.6129032258064516,0.0,0.7785714285714286,0.2214285714285714,0.5105531815956611,0
BHEL,4,0.85,1075,119,140,2025-02-13,2025-11-21,0.5214285714285715,0.5726654298082868,0.6338797814207651,0.5471698113207547,0.7532467532467533,58,48,15,19,0.6,0.5,0.0,0.0,0.0,0.0,0.0,0.0,0.0,0.0,0.5471698113207547,0.4411764705882353,0.0,0.7571428571428571,0.2428571428571428,0.6194734976202341,0
BHEL,5,0.9,1138,126,141,2025-07-10,2026-04-16,0.475177304964539,0.4798549556809025,0.5697674418604651,0.494949494949495,0.6712328767123288,49,50,18,24,0.4964539007092198,0.5177304964539007,0.0,0.0,0.0,0.0,0.0,0.0,0.0,0.0,0.494949494949495,0.4285714285714286,0.0,0.7021276595744681,0.2978723404255319,0.518598054072718,0
BHEL,6,0.95,1201,133,71,2025-11-24,2026-04-16,0.3943661971830985,0.3569157392686805,0.4266666666666667,0.4210526315789473,0.4324324324324324,16,22,12,21,0.4084507042253521,0.380281690140845,0.0,0.0,0.0,0.0,0.0,0.0,0.0,0.0,0.4210526315789473,0.3636363636363636,0.0,0.5352112676056338,0.4647887323943662,0.2948433381386262,0
BOSCHLTD,1,0.7,782,86,124,2024-01-05,2024-10-01,0.4838709677419355,0.4388185654008439,0.5616438356164384,0.6119402985074627,0.5189873417721519,41,26,19,38,0.5887096774193549,0.6370967741935484,0.0,0.0,0.0,0.0,0.0,0.0,0.0,0.0,0.6119402985074627,0.3333333333333333,0.0,0.5403225806451613,0.4596774193548387,0.1160596785718617,0
BOSCHLTD,2,0.75,837,93,124,2024-05-31,2025-02-21,0.5,0.472490221642764,0.6125,0.5157894736842106,0.7538461538461538,49,46,13,16,0.4758064516129032,0.5241935483870968,0.0,0.0,0.0,0.0,0.0,0.0,0.0,0.0,0.5157894736842106,0.4482758620689655,0.0,0.7661290322580645,0.2338709677419354,0.2098149093382188,0
BOSCHLTD,3,0.8,893,99,124,2024-10-07,2025-07-22,0.5241935483870968,0.5428194993412384,0.6628571428571428,0.5471698113207547,0.8405797101449275,58,48,7,11,0.5725806451612904,0.5564516129032258,0.0,0.0,0.0,0.0,0.0,0.0,0.0,0.0,0.5471698113207547,0.3888888888888888,0.0,0.8548387096774194,0.1451612903225806,0.2812012651913138,0
BOSCHLTD,4,0.85,949,105,124,2025-02-24,2025-12-01,0.5887096774193549,0.5193121693121693,0.6792452830188679,0.6067415730337079,0.7714285714285715,54,35,19,16,0.5806451612903226,0.5564516129032258,0.0,0.0,0.0,0.0,0.0,0.0,0.0,0.0,0.6067415730337079,0.5428571428571429,0.0,0.717741935483871,0.282258064516129,0.500267441582108,0
BOSCHLTD,5,0.9,1005,111,125,2025-07-25,2026-04-16,0.488,0.4375644994840041,0.6049382716049383,0.4666666666666667,0.8596491228070176,49,56,12,8,0.464,0.456,0.0,0.0,0.0,0.0,0.0,0.0,0.0,0.0,0.4666666666666667,0.6,0.0,0.84,0.16,0.7556778251825457,0
BOSCHLTD,6,0.95,1061,117,63,2025-12-03,2026-04-16,0.4761904761904761,0.4452332657200811,0.5714285714285714,0.4583333333333333,0.7586206896551724,22,26,8,7,0.5079365079365079,0.5079365079365079,0.0,0.0,0.0,0.0,0.0,0.0,0.0,0.0,0.4583333333333333,0.5333333333333333,0.0,0.7619047619047619,0.238095238095238,0.501907298988883,0
BPCL,1,0.7,718,79,114,2024-04-24,2024-12-06,0.5263157894736842,0.5152276295133438,0.5344827586206896,0.6078431372549019,0.4769230769230769,31,20,29,34,0.5087719298245614,0.5087719298245614,0.0,0.0,0.0,0.0,0.0,0.0,0.0,0.0,0.6078431372549019,0.4603174603174603,0.0,0.4473684210526316,0.5526315789473685,0.4490616929719491,0
BPCL,2,0.75,769,85,114,2024-08-13,2025-03-27,0.4824561403508772,0.4419821483533395,0.609271523178808,0.4893617021276595,0.8070175438596491,46,48,9,11,0.4298245614035088,0.5350877192982456,0.0,0.0,0.0,0.0,0.0,0.0,0.0,0.0,0.4893617021276595,0.4499999999999999,0.0,0.8245614035087719,0.175438596491228,0.2421887208718916,0
BPCL,3,0.8,820,91,114,2024-12-10,2025-07-28,0.4561403508771929,0.463965357253325,0.515625,0.4925373134328358,0.5409836065573771,33,34,19,28,0.5175438596491229,0.4561403508771929,0.0,0.0,0.0,0.0,0.0,0.0,0.0,0.0,0.4925373134328358,0.4042553191489362,0.0,0.5877192982456141,0.4122807017543859,0.3673772698303704,0
BPCL,4,0.85,872,96,114,2025-03-28,2025-12-01,0.4473684210526316,0.4929187192118227,0.5655172413793104,0.4712643678160919,0.7068965517241379,41,46,10,17,0.5526315789473685,0.5087719298245614,0.0,0.0,0.0,0.0,0.0,0.0,0.0,0.0,0.4712643678160919,0.3703703703703703,0.0,0.7631578947368421,0.2368421052631578,0.4183888918753518,0
BPCL,5,0.9,923,102,114,2025-07-29,2026-04-16,0.4824561403508772,0.5120967741935484,0.5815602836879432,0.4606741573033708,0.7884615384615384,41,48,14,11,0.5526315789473685,0.4561403508771929,0.0,0.0,0.0,0.0,0.0,0.0,0.0,0.0,0.4606741573033708,0.56,0.0,0.7807017543859649,0.219298245614035,0.2755436662117511,0
BPCL,6,0.95,974,108,57,2025-12-03,2026-04-16,0.4385964912280701,0.4,0.5,0.4102564102564102,0.64,16,23,9,9,0.4912280701754385,0.4385964912280701,0.0,0.0,0.0,0.0,0.0,0.0,0.0,0.0,0.4102564102564102,0.5,0.0,0.6842105263157895,0.3157894736842105,0.6982707697118349,0
BRITANNIA,1,0.7,621,68,99,2024-05-24,2025-01-13,0.5252525252525253,0.5139458572600493,0.6050420168067226,0.5454545454545454,0.6792452830188679,36,30,16,17,0.494949494949495,0.5757575757575758,0.0,0.0,0.0,0.0,0.0,0.0,0.0,0.0,0.5454545454545454,0.4848484848484848,0.0,0.6666666666666666,0.3333333333333333,0.5009524287887384,0
BRITANNIA,2,0.75,665,73,99,2024-09-16,2025-05-07,0.5858585858585859,0.6228571428571429,0.6771653543307087,0.5584415584415584,0.86,43,34,15,7,0.6060606060606061,0.6161616161616161,0.0,0.0,0.0,0.0,0.0,0.0,0.0,0.0,0.5584415584415584,0.6818181818181819,0.0,0.7777777777777778,0.2222222222222222,0.483586796305852,0
BRITANNIA,3,0.8,710,78,98,2025-01-15,2025-08-20,0.5510204081632653,0.5602536997885834,0.6666666666666666,0.5714285714285714,0.8,44,33,10,11,0.5408163265306123,0.5510204081632653,0.0,0.0,0.0,0.0,0.0,0.0,0.0,0.0,0.5714285714285714,0.4761904761904761,0.0,0.7857142857142857,0.2142857142857142,0.5714716876462888,0
BRITANNIA,4,0.85,754,83,98,2025-05-08,2025-12-15,0.4795918367346938,0.4654882154882154,0.5565217391304348,0.5245901639344263,0.5925925925925926,32,29,15,22,0.4183673469387755,0.4693877551020408,0.0,0.0,0.0,0.0,0.0,0.0,0.0,0.0,0.5245901639344263,0.4054054054054054,0.0,0.6224489795918368,0.3775510204081632,0.6365557756308471,0
BRITANNIA,5,0.9,798,88,99,2025-08-21,2026-04-16,0.5555555555555556,0.5310457516339869,0.6,0.559322033898305,0.6470588235294118,33,26,22,18,0.5151515151515151,0.5959595959595959,0.0,0.0,0.0,0.0,0.0,0.0,0.0,0.0,0.559322033898305,0.55,0.0,0.5959595959595959,0.404040404040404,0.4083325934517056,0
BRITANNIA,6,0.95,842,93,50,2025-12-16,2026-04-16,0.52,0.5344,0.6,0.5142857142857142,0.72,18,17,8,7,0.54,0.52,0.0,0.0,0.0,0.0,0.0,0.0,0.0,0.0,0.5142857142857142,0.5333333333333333,0.0,0.7,0.3,0.2758859364129531,0
CHOLAFIN,1,0.7,760,84,120,2024-04-29,2024-12-10,0.5416666666666666,0.5692007797270955,0.6405228758169934,0.5444444444444444,0.7777777777777778,49,41,16,14,0.5583333333333333,0.55,0.0,0.0,0.0,0.0,0.0,0.0,0.0,0.0,0.5444444444444444,0.5333333333333333,0.0,0.75,0.25,0.2612636914446378,0
CHOLAFIN,2,0.75,814,90,121,2024-08-20,2025-04-03,0.4628099173553719,0.4528301886792452,0.4961240310077519,0.4210526315789473,0.6037735849056604,32,44,24,21,0.4628099173553719,0.396694214876033,0.0,0.0,0.0,0.0,0.0,0.0,0.0,0.0,0.4210526315789473,0.5333333333333333,0.0,0.628099173553719,0.371900826446281,0.4121870083434671,0
CHOLAFIN,3,0.8,868,96,121,2024-12-11,2025-07-30,0.3801652892561983,0.3935502283105023,0.4186046511627907,0.3333333333333333,0.5625,27,54,19,21,0.3801652892561983,0.371900826446281,0.0,0.0,0.0,0.0,0.0,0.0,0.0,0.0,0.3333333333333333,0.475,0.0,0.6694214876033058,0.3305785123966942,0.5098132704141325,0
CHOLAFIN,4,0.85,923,102,120,2025-04-04,2025-12-03,0.4583333333333333,0.4209790209790209,0.5517241379310345,0.4444444444444444,0.7272727272727273,40,50,15,15,0.5083333333333333,0.4583333333333333,0.0,0.0,0.0,0.0,0.0,0.0,0.0,0.0,0.4444444444444444,0.5,0.0,0.75,0.25,1.0,0
CHOLAFIN,5,0.9,977,108,121,2025-07-31,2026-04-16,0.4628099173553719,0.4942528735632184,0.4347826086956521,0.4385964912280701,0.4310344827586206,25,32,31,33,0.4628099173553719,0.5371900826446281,0.0,0.0,0.0,0.0,0.0,0.0,0.0,0.0,0.4385964912280701,0.484375,0.0,0.4710743801652892,0.5289256198347108,0.2621359820550001,0
CHOLAFIN,6,0.95,1031,114,61,2025-12-04,2026-04-16,0.5737704918032787,0.5887445887445888,0.4090909090909091,0.5625,0.3214285714285714,9,7,26,19,0.5245901639344263,0.5409836065573771,0.0,0.0,0.0,0.0,0.0,0.0,0.0,0.0,0.5625,0.5777777777777777,0.0,0.2622950819672131,0.7377049180327869,0.2493022627767933,0
CIPLA,1,0.7,659,73,104,2024-03-22,2024-11-11,0.5096153846153846,0.502962962962963,0.5486725663716814,0.492063492063492,0.62,31,32,22,19,0.5288461538461539,0.5,0.0,0.0,0.0,0.0,0.0,0.0,0.0,0.0,0.492063492063492,0.5365853658536586,0.0,0.6057692307692307,0.3942307692307692,0.3402323284657665,0
CIPLA,2,0.75,706,78,105,2024-08-05,2025-03-20,0.5428571428571428,0.5366739288307916,0.625,0.5405405405405406,0.7407407407407407,40,34,17,14,0.4857142857142857,0.5142857142857142,0.0,0.0,0.0,0.0,0.0,0.0,0.0,0.0,0.5405405405405406,0.5483870967741935,0.0,0.7047619047619048,0.2952380952380952,0.4475363426621411,0
CIPLA,3,0.8,753,83,105,2024-11-12,2025-07-24,0.5142857142857142,0.5142543859649122,0.592,0.5441176470588235,0.6491228070175439,37,31,17,20,0.5142857142857142,0.5333333333333333,0.0,0.0,0.0,0.0,0.0,0.0,0.0,0.0,0.5441176470588235,0.4594594594594594,0.0,0.6476190476190476,0.3523809523809524,0.3189960714065158,0
CIPLA,4,0.85,801,88,104,2025-03-24,2025-11-25,0.5,0.454985119047619,0.6388888888888888,0.5227272727272727,0.8214285714285714,46,42,6,10,0.5096153846153846,0.5288461538461539,0.0,0.0,0.0,0.0,0.0,0.0,0.0,0.0,0.5227272727272727,0.375,0.0,0.8461538461538461,0.1538461538461538,0.3965731344086368,0
CIPLA,5,0.9,847,94,105,2025-07-25,2026-04-16,0.4761904761904761,0.5032727272727273,0.4859813084112149,0.4561403508771929,0.52,26,31,24,24,0.4666666666666667,0.4857142857142857,0.0,0.0,0.0,0.0,0.0,0.0,0.0,0.0,0.4561403508771929,0.5,0.0,0.5428571428571428,0.4571428571428571,0.658712475680445,0
CIPLA,6,0.95,894,99,53,2025-12-01,2026-04-16,0.3584905660377358,0.4560117302052786,0.4848484848484848,0.3636363636363636,0.7272727272727273,16,28,3,6,0.4150943396226415,0.4150943396226415,0.0,0.0,0.0,0.0,0.0,0.0,0.0,0.0,0.3636363636363636,0.3333333333333333,0.0,0.8301886792452831,0.1698113207547169,0.3460035960480489,0
COALINDIA,1,0.7,702,77,112,2024-03-20,2024-11-01,0.5625,0.5056689342403629,0.631578947368421,0.6,0.6666666666666666,42,28,21,21,0.5625,0.5357142857142857,0.0,0.0,0.0,0.0,0.0,0.0,0.0,0.0,0.6,0.5,0.0,0.625,0.375,0.4871266082839703,0
COALINDIA,2,0.75,752,83,111,2024-07-29,2025-02-24,0.4504504504504504,0.4274509803921569,0.5793103448275863,0.4468085106382978,0.8235294117647058,42,52,8,9,0.4234234234234234,0.4594594594594595,0.0,0.0,0.0,0.0,0.0,0.0,0.0,0.0,0.4468085106382978,0.4705882352941176,0.0,0.8468468468468469,0.1531531531531531,0.1631056068320116,0
COALINDIA,3,0.8,802,89,111,2024-11-04,2025-07-10,0.4594594594594595,0.4661678594664932,0.5588235294117647,0.4578313253012048,0.7169811320754716,38,45,13,15,0.4684684684684684,0.4954954954954955,0.0,0.0,0.0,0.0,0.0,0.0,0.0,0.0,0.4578313253012048,0.4642857142857143,0.0,0.7477477477477478,0.2522522522522522,0.4847608635173962,0
COALINDIA,4,0.85,852,94,112,2025-02-28,2025-11-27,0.5089285714285714,0.5586824432363287,0.6308724832214765,0.5222222222222223,0.7966101694915254,47,43,10,12,0.5267857142857143,0.5357142857142857,0.0,0.0,0.0,0.0,0.0,0.0,0.0,0.0,0.5222222222222223,0.4545454545454546,0.0,0.8035714285714286,0.1964285714285714,1.0,0
COALINDIA,5,0.9,902,100,112,2025-07-11,2026-04-16,0.5178571428571429,0.4630636392708666,0.64,0.5274725274725275,0.8135593220338984,48,43,10,11,0.5089285714285714,0.5178571428571429,0.0,0.0,0.0,0.0,0.0,0.0,0.0,0.0,0.5274725274725275,0.4761904761904761,0.0,0.8125,0.1875,0.4731390733277879,0
COALINDIA,6,0.95,953,105,56,2025-12-02,2026-04-16,0.4642857142857143,0.4732142857142857,0.5714285714285714,0.4761904761904761,0.7142857142857143,20,22,6,8,0.4821428571428571,0.5178571428571429,0.0,0.0,0.0,0.0,0.0,0.0,0.0,0.0,0.4761904761904761,0.4285714285714286,0.0,0.75,0.25,1.0,0
COFORGE,1,0.7,757,84,120,2024-04-05,2024-12-16,0.5583333333333333,0.508813160987074,0.6787878787878788,0.6153846153846154,0.7567567567567568,56,35,11,18,0.5583333333333333,0.3833333333333333,0.0,0.0,0.0,0.0,0.0,0.0,0.0,0.0,0.6153846153846154,0.3793103448275862,0.0,0.7583333333333333,0.2416666666666666,0.4153573357946471,0
COFORGE,2,0.75,811,90,120,2024-08-19,2025-04-30,0.5416666666666666,0.5104166666666667,0.6496815286624203,0.6,0.7083333333333334,51,34,14,21,0.4916666666666666,0.4916666666666666,0.0,0.0,0.0,0.0,0.0,0.0,0.0,0.0,0.6,0.4,0.0,0.7083333333333334,0.2916666666666667,0.7121876677032277,0
COFORGE,3,0.8,865,96,120,2024-12-17,2025-08-14,0.4583333333333333,0.4492307692307692,0.5323741007194245,0.5,0.5692307692307692,37,37,18,28,0.4666666666666667,0.4333333333333333,0.0,0.0,0.0,0.0,0.0,0.0,0.0,0.0,0.5,0.3913043478260869,0.0,0.6166666666666667,0.3833333333333333,0.4973747036155522,0
COFORGE,4,0.85,919,102,120,2025-05-05,2025-12-11,0.4416666666666666,0.3469387755102041,0.54421768707483,0.5263157894736842,0.5633802816901409,40,36,13,31,0.4416666666666666,0.4333333333333333,0.0,0.0,0.0,0.0,0.0,0.0,0.0,0.0,0.5263157894736842,0.2954545454545454,0.0,0.6333333333333333,0.3666666666666666,0.4340163302412201,0
COFORGE,5,0.9,973,108,121,2025-08-19,2026-04-10,0.4710743801652892,0.475136612021858,0.6,0.48,0.8,48,52,9,12,0.4876033057851239,0.4958677685950413,0.0,0.0,0.0,0.0,0.0,0.0,0.0,0.0,0.48,0.4285714285714286,0.0,0.8264462809917356,0.1735537190082644,1.0,0
COFORGE,6,0.95,1027,114,61,2025-12-12,2026-04-10,0.4426229508196721,0.4288888888888889,0.4848484848484848,0.3902439024390244,0.64,16,25,11,9,0.5573770491803278,0.4098360655737705,0.0,0.0,0.0,0.0,0.0,0.0,0.0,0.0,0.3902439024390244,0.55,0.0,0.6721311475409836,0.3278688524590163,0.1345091670565156,0
COLPAL,1,0.7,656,72,104,2024-05-23,2025-01-14,0.5192307692307693,0.5072356215213358,0.6212121212121212,0.5324675324675324,0.7454545454545455,41,36,13,14,0.5288461538461539,0.5384615384615384,0.0,0.0,0.0,0.0,0.0,0.0,0.0,0.0,0.5324675324675324,0.4814814814814815,0.0,0.7403846153846154,0.2596153846153846,0.1207406075530301,0
COLPAL,2,0.75,702,78,104,2024-09-27,2025-04-22,0.4519230769230769,0.4643939393939394,0.5714285714285714,0.4269662921348314,0.8636363636363636,38,51,9,6,0.4903846153846153,0.4230769230769231,0.0,0.0,0.0,0.0,0.0,0.0,0.0,0.0,0.4269662921348314,0.6,0.0,0.8557692307692307,0.1442307692307692,0.3327707493879775,0
COLPAL,3,0.8,749,83,104,2025-01-15,2025-08-12,0.4711538461538461,0.5297619047619048,0.5864661654135338,0.4588235294117647,0.8125,39,46,10,9,0.4615384615384615,0.4711538461538461,0.0,0.0,0.0,0.0,0.0,0.0,0.0,0.0,0.4588235294117647,0.5263157894736843,0.0,0.8173076923076923,0.1826923076923076,0.6458429452243895,0
COLPAL,4,0.85,796,88,104,2025-04-23,2025-12-09,0.5288461538461539,0.5281821575214632,0.5882352941176471,0.4861111111111111,0.7446808510638298,35,37,20,12,0.5096153846153846,0.5096153846153846,0.0,0.0,0.0,0.0,0.0,0.0,0.0,0.0,0.4861111111111111,0.625,0.0,0.6923076923076923,0.3076923076923077,1.0,0
COLPAL,5,0.9,843,93,105,2025-08-13,2026-04-16,0.5047619047619047,0.5036443148688046,0.5873015873015873,0.4805194805194805,0.7551020408163265,37,40,16,12,0.4380952380952381,0.5047619047619047,0.0,0.0,0.0,0.0,0.0,0.0,0.0,0.0,0.4805194805194805,0.5714285714285714,0.0,0.7333333333333333,0.2666666666666666,1.0,0
COLPAL,6,0.95,890,98,53,2025-12-10,2026-04-16,0.4528301886792453,0.5128205128205129,0.5245901639344263,0.4571428571428571,0.6153846153846154,16,19,8,10,0.4339622641509434,0.4716981132075472,0.0,0.0,0.0,0.0,0.0,0.0,0.0,0.0,0.4571428571428571,0.4444444444444444,0.0,0.660377358490566,0.3396226415094339,0.362976036280202,0
CUMMINSIND,1,0.7,712,79,113,2024-05-15,2024-12-09,0.5663716814159292,0.4033801020408162,0.703030303030303,0.5742574257425742,0.90625,58,43,6,6,0.5221238938053098,0.5486725663716814,0.0,0.0,0.0,0.0,0.0,0.0,0.0,0.0,0.5742574257425742,0.5,0.0,0.8938053097345132,0.1061946902654867,0.3559079146174204,0
CUMMINSIND,2,0.75,763,84,113,2024-08-27,2025-04-03,0.4867256637168141,0.5319548872180452,0.6329113924050633,0.4901960784313725,0.8928571428571429,50,52,5,6,0.5398230088495575,0.4867256637168141,0.0,0.0,0.0,0.0,0.0,0.0,0.0,0.0,0.4901960784313725,0.4545454545454546,0.0,0.9026548672566372,0.0973451327433628,0.3767905705271153,0
CUMMINSIND,3,0.8,814,90,113,2024-12-10,2025-08-07,0.5309734513274337,0.5167087011349306,0.6863905325443787,0.5370370370370371,0.9508196721311476,58,50,2,3,0.504424778761062,0.5398230088495575,0.0,0.0,0.0,0.0,0.0,0.0,0.0,0.0,0.5370370370370371,0.4,0.0,0.9557522123893806,0.0442477876106194,1.0,0
CUMMINSIND,4,0.85,864,96,113,2025-04-04,2025-12-12,0.5309734513274337,0.4954867827208252,0.6624203821656051,0.5714285714285714,0.7878787878787878,52,39,8,14,0.504424778761062,0.584070796460177,0.0,0.0,0.0,0.0,0.0,0.0,0.0,0.0,0.5714285714285714,0.3636363636363636,0.0,0.8053097345132744,0.1946902654867256,1.0,0
CUMMINSIND,5,0.9,916,101,113,2025-08-11,2026-04-16,0.5486725663716814,0.5256410256410257,0.6982248520710059,0.5673076923076923,0.9076923076923076,59,45,3,6,0.495575221238938,0.5752212389380531,0.0,0.0,0.0,0.0,0.0,0.0,0.0,0.0,0.5673076923076923,0.3333333333333333,0.0,0.9203539823008848,0.079646017699115,1.0,0
CUMMINSIND,6,0.95,966,107,57,2025-12-15,2026-04-16,0.631578947368421,0.5421994884910486,0.7640449438202247,0.6181818181818182,1.0,34,21,2,0,0.5263157894736842,0.5964912280701754,0.0,0.0,0.0,0.0,0.0,0.0,0.0,0.0,0.6181818181818182,1.0,0.0,0.9649122807017544,0.0350877192982456,0.4225339807972399,0
DIVISLAB,1,0.7,766,85,121,2023-11-20,2024-09-18,0.4876033057851239,0.5187949143173024,0.5303030303030303,0.5384615384615384,0.5223880597014925,35,30,24,32,0.5289256198347108,0.4462809917355372,0.0,0.0,0.0,0.0,0.0,0.0,0.0,0.0,0.5384615384615384,0.4285714285714286,0.0,0.5371900826446281,0.4628099173553719,0.1086918919280682,0
DIVISLAB,2,0.75,821,91,121,2024-04-24,2025-02-01,0.4958677685950413,0.5440613026819923,0.5481481481481482,0.5138888888888888,0.5873015873015873,37,35,23,26,0.4710743801652892,0.4958677685950413,0.0,0.0,0.0,0.0,0.0,0.0,0.0,0.0,0.5138888888888888,0.4693877551020408,0.0,0.5950413223140496,0.4049586776859504,1.0,0
DIVISLAB,3,0.8,875,97,122,2024-09-20,2025-06-26,0.5573770491803278,0.5908602150537635,0.5846153846153846,0.5588235294117647,0.6129032258064516,38,30,30,24,0.5245901639344263,0.5655737704918032,0.0,0.0,0.0,0.0,0.0,0.0,0.0,0.0,0.5588235294117647,0.5555555555555556,0.0,0.5573770491803278,0.4426229508196721,0.4735548490749666,0
DIVISLAB,4,0.85,930,103,122,2025-02-03,2025-11-07,0.5409836065573771,0.5346320346320346,0.5882352941176471,0.5714285714285714,0.6060606060606061,40,30,26,26,0.4918032786885246,0.4918032786885246,0.0,0.0,0.0,0.0,0.0,0.0,0.0,0.0,0.5714285714285714,0.5,0.0,0.5737704918032787,0.4262295081967213,0.4153223241410702,0
DIVISLAB,5,0.9,985,109,122,2025-06-27,2026-04-16,0.4180327868852459,0.4014008620689654,0.5103448275862069,0.425287356321839,0.6379310344827587,37,50,14,21,0.4180327868852459,0.4590163934426229,0.0,0.0,0.0,0.0,0.0,0.0,0.0,0.0,0.425287356321839,0.4,0.0,0.7131147540983607,0.2868852459016393,0.377856949583817,0
DIVISLAB,6,0.95,1040,115,61,2025-11-10,2026-04-16,0.3934426229508196,0.4252747252747253,0.4477611940298507,0.3658536585365853,0.5769230769230769,15,26,9,11,0.4918032786885246,0.4754098360655737,0.0,0.0,0.0,0.0,0.0,0.0,0.0,0.0,0.3658536585365853,0.4499999999999999,0.0,0.6721311475409836,0.3278688524590163,0.7592808597298518,0
DRREDDY,1,0.7,652,72,104,2024-04-16,2024-12-11,0.4615384615384615,0.4713281539030707,0.582089552238806,0.4698795180722891,0.7647058823529411,39,44,9,12,0.4038461538461538,0.4903846153846153,0.0,0.0,0.0,0.0,0.0,0.0,0.0,0.0,0.4698795180722891,0.4285714285714286,0.0,0.7980769230769231,0.2019230769230769,0.2105122668455002,0
DRREDDY,2,0.75,699,77,103,2024-08-09,2025-04-04,0.4077669902912621,0.4136363636363637,0.5481481481481482,0.425287356321839,0.7708333333333334,37,50,5,11,0.4466019417475728,0.4660194174757281,0.0,0.0,0.0,0.0,0.0,0.0,0.0,0.0,0.425287356321839,0.3125,0.0,0.8446601941747572,0.1553398058252427,0.1000066028542544,0
DRREDDY,3,0.8,746,82,103,2024-12-13,2025-07-30,0.5728155339805825,0.562929061784897,0.6901408450704225,0.5764705882352941,0.8596491228070176,49,36,10,8,0.5436893203883495,0.5533980582524272,0.0,0.0,0.0,0.0,0.0,0.0,0.0,0.0,0.5764705882352941,0.5555555555555556,0.0,0.8252427184466019,0.174757281553398,1.0,0
DRREDDY,4,0.85,792,87,104,2025-04-07,2025-12-01,0.5769230769230769,0.5257296466973886,0.6901408450704225,0.6125,0.7903225806451613,49,31,11,13,0.5769230769230769,0.6153846153846154,0.0,0.0,0.0,0.0,0.0,0.0,0.0,0.0,0.6125,0.4583333333333333,0.0,0.7692307692307693,0.2307692307692307,1.0,0
DRREDDY,5,0.9,838,93,104,2025-07-31,2026-04-16,0.5288461538461539,0.5129943502824859,0.6573426573426573,0.5595238095238095,0.7966101694915254,47,37,8,12,0.6057692307692307,0.5,0.0,0.0,0.0,0.0,0.0,0.0,0.0,0.0,0.5595238095238095,0.4,0.0,0.8076923076923077,0.1923076923076923,0.405722387329512,0
DRREDDY,6,0.95,885,98,52,2025-12-02,2026-04-16,0.4615384615384615,0.4613095238095238,0.631578947368421,0.5,0.8571428571428571,24,24,0,4,0.4423076923076923,0.5192307692307693,0.0,0.0,0.0,0.0,0.0,0.0,0.0,0.0,0.5,0.0,0.0,0.9230769230769232,0.0769230769230769,0.5887071237022481,0
EICHERMOT,1,0.7,716,79,114,2024-03-20,2024-12-03,0.4122807017543859,0.4160246533127889,0.3232323232323232,0.4,0.2711864406779661,16,24,31,43,0.3684210526315789,0.4824561403508772,0.0,0.0,0.0,0.0,0.0,0.0,0.0,0.0,0.4,0.4189189189189189,0.0,0.3508771929824561,0.6491228070175439,1.0,0
EICHERMOT,2,0.75,767,85,114,2024-08-05,2025-03-26,0.5263157894736842,0.538771712158809,0.3720930232558139,0.4705882352941176,0.3076923076923077,16,18,44,36,0.4736842105263157,0.5350877192982456,0.0,0.0,0.0,0.0,0.0,0.0,0.0,0.0,0.4705882352941176,0.55,0.0,0.2982456140350877,0.7017543859649122,1.0,0
EICHERMOT,3,0.8,819,90,114,2024-12-04,2025-07-28,0.5614035087719298,0.5216989843028624,0.5370370370370371,0.5686274509803921,0.5087719298245614,29,22,35,28,0.5,0.5526315789473685,0.0,0.0,0.0,0.0,0.0,0.0,0.0,0.0,0.5686274509803921,0.5555555555555556,0.0,0.4473684210526316,0.5526315789473685,1.0,0
EICHERMOT,4,0.85,870,96,114,2025-03-28,2025-12-15,0.543859649122807,0.489375,0.5806451612903226,0.6,0.5625,36,24,26,28,0.5614035087719298,0.4824561403508772,0.0,0.0,0.0,0.0,0.0,0.0,0.0,0.0,0.6,0.4814814814814815,0.0,0.5263157894736842,0.4736842105263157,0.1214639250422094,0
EICHERMOT,5,0.9,921,102,114,2025-07-31,2026-04-16,0.5087719298245614,0.5200746965452848,0.5483870967741935,0.5573770491803278,0.5396825396825397,34,27,24,29,0.4824561403508772,0.5175438596491229,0.0,0.0,0.0,0.0,0.0,0.0,0.0,0.0,0.5573770491803278,0.4528301886792453,0.0,0.5350877192982456,0.4649122807017544,0.1000066028542544,0
EICHERMOT,6,0.95,972,108,57,2025-12-16,2026-04-16,0.4736842105263157,0.45935960591133,0.53125,0.4722222222222222,0.6071428571428571,17,19,10,11,0.5614035087719298,0.543859649122807,0.0,0.0,0.0,0.0,0.0,0.0,0.0,0.0,0.4722222222222222,0.4761904761904761,0.0,0.631578947368421,0.3684210526315789,0.5889627481238754,0
EXIDEIND,1,0.7,697,77,111,2024-05-08,2024-12-10,0.5135135135135135,0.5285899935022742,0.6086956521739131,0.5185185185185185,0.7368421052631579,42,39,15,15,0.4954954954954955,0.5135135135135135,0.0,0.0,0.0,0.0,0.0,0.0,0.0,0.0,0.5185185185185185,0.5,0.0,0.7297297297297297,0.2702702702702703,0.142812733830415,0
EXIDEIND,2,0.75,747,83,110,2024-09-04,2025-04-07,0.5181818181818182,0.4838816882685277,0.5891472868217055,0.4871794871794871,0.7450980392156863,38,40,19,13,0.4818181818181818,0.4636363636363636,0.0,0.0,0.0,0.0,0.0,0.0,0.0,0.0,0.4871794871794871,0.59375,0.0,0.7090909090909091,0.2909090909090909,0.4082181042607714,0
EXIDEIND,3,0.8,797,88,111,2024-12-11,2025-08-08,0.5675675675675675,0.5246753246753246,0.6619718309859155,0.5465116279069767,0.8392857142857143,47,39,16,9,0.5135135135135135,0.5045045045045045,0.0,0.0,0.0,0.0,0.0,0.0,0.0,0.0,0.5465116279069767,0.64,0.0,0.7747747747747747,0.2252252252252252,1.0,0
EXIDEIND,4,0.85,846,94,111,2025-04-08,2025-12-10,0.5135135135135135,0.48408057179987,0.6625,0.5145631067961165,0.9298245614035088,53,50,4,4,0.4774774774774775,0.5135135135135135,0.0,0.0,0.0,0.0,0.0,0.0,0.0,0.0,0.5145631067961165,0.5,0.0,0.927927927927928,0.072072072072072,1.0,0
EXIDEIND,5,0.9,897,99,111,2025-08-14,2026-04-16,0.5135135135135135,0.5335747202106649,0.46,0.4509803921568627,0.4693877551020408,23,28,34,26,0.6036036036036037,0.4414414414414414,0.0,0.0,0.0,0.0,0.0,0.0,0.0,0.0,0.4509803921568627,0.5666666666666667,0.0,0.4594594594594595,0.5405405405405406,1.0,0
EXIDEIND,6,0.95,946,105,56,2025-12-15,2026-04-16,0.5,0.4861660079051383,0.5625,0.4390243902439024,0.782608695652174,18,23,10,5,0.5714285714285714,0.4464285714285714,0.0,0.0,0.0,0.0,0.0,0.0,0.0,0.0,0.4390243902439024,0.6666666666666667,0.0,0.7321428571428571,0.2678571428571428,0.4040301701300504,0
FEDERALBNK,1,0.7,705,78,112,2024-02-06,2024-10-21,0.5,0.4816176470588235,0.5333333333333333,0.6153846153846154,0.4705882352941176,32,20,24,36,0.5,0.3928571428571428,0.0,0.0,0.0,0.0,0.0,0.0,0.0,0.0,0.6153846153846154,0.4,0.0,0.4642857142857143,0.5357142857142857,1.0,0
FEDERALBNK,2,0.75,756,83,112,2024-06-19,2025-03-03,0.5178571428571429,0.5004821600771456,0.578125,0.5522388059701493,0.6065573770491803,37,30,21,24,0.5089285714285714,0.5446428571428571,0.0,0.0,0.0,0.0,0.0,0.0,0.0,0.0,0.5522388059701493,0.4666666666666667,0.0,0.5982142857142857,0.4017857142857143,0.1279528393531931,0
FEDERALBNK,3,0.8,806,89,112,2024-10-24,2025-07-11,0.5535714285714286,0.5769476372924649,0.5967741935483871,0.5285714285714286,0.6851851851851852,37,33,25,17,0.5267857142857143,0.5625,0.0,0.0,0.0,0.0,0.0,0.0,0.0,0.0,0.5285714285714286,0.5952380952380952,0.0,0.625,0.375,0.3701365405685957,0
FEDERALBNK,4,0.85,856,95,112,2025-03-04,2025-12-05,0.5357142857142857,0.5400641025641025,0.6231884057971014,0.5512820512820513,0.7166666666666667,43,35,17,17,0.5178571428571429,0.5625,0.0,0.0,0.0,0.0,0.0,0.0,0.0,0.0,0.5512820512820513,0.5,0.0,0.6964285714285714,0.3035714285714285,1.3252156701958353,0
FEDERALBNK,5,0.9,907,100,112,2025-07-14,2026-04-16,0.4464285714285714,0.4589743589743589,0.515625,0.4852941176470588,0.55,33,35,17,27,0.5089285714285714,0.5357142857142857,0.0,0.0,0.0,0.0,0.0,0.0,0.0,0.0,0.4852941176470588,0.3863636363636363,0.0,0.6071428571428571,0.3928571428571428,0.503995566624627,0
FEDERALBNK,6,0.95,957,106,56,2025-12-08,2026-04-16,0.4642857142857143,0.4834183673469387,0.4642857142857143,0.4642857142857143,0.4642857142857143,13,15,13,15,0.4642857142857143,0.4642857142857143,0.0,0.0,0.0,0.0,0.0,0.0,0.0,0.0,0.4642857142857143,0.4642857142857143,0.0,0.5,0.5,0.4765314119618298,0
GAIL,1,0.7,837,93,133,2024-01-12,2024-09-27,0.6090225563909775,0.5852873563218391,0.6867469879518072,0.6263736263736264,0.76,57,34,24,18,0.556390977443609,0.5639097744360902,0.0,0.0,0.0,0.0,0.0,0.0,0.0,0.0,0.6263736263736264,0.5714285714285714,0.0,0.6842105263157895,0.3157894736842105,0.2892450451248873,0
GAIL,2,0.75,897,99,133,2024-05-31,2025-02-07,0.5413533834586466,0.5384615384615385,0.6514285714285715,0.5181818181818182,0.8769230769230769,57,53,15,8,0.5263157894736842,0.4887218045112781,0.0,0.0,0.0,0.0,0.0,0.0,0.0,0.0,0.5181818181818182,0.6521739130434783,0.0,0.8270676691729323,0.1729323308270676,0.2400289124813347,0
GAIL,3,0.8,957,106,133,2024-10-04,2025-06-25,0.4511278195488721,0.4113378684807257,0.535031847133758,0.4468085106382978,0.6666666666666666,42,52,18,21,0.4887218045112781,0.4135338345864661,0.0,0.0,0.0,0.0,0.0,0.0,0.0,0.0,0.4468085106382978,0.4615384615384615,0.0,0.706766917293233,0.2932330827067669,0.6887689591963914,0
GAIL,4,0.85,1017,112,133,2025-02-10,2025-11-14,0.4887218045112781,0.4904588823262154,0.5853658536585366,0.5161290322580645,0.676056338028169,48,45,17,23,0.5263157894736842,0.5338345864661654,0.0,0.0,0.0,0.0,0.0,0.0,0.0,0.0,0.5161290322580645,0.425,0.0,0.6992481203007519,0.3007518796992481,1.0,0
GAIL,5,0.9,1077,119,133,2025-06-26,2026-04-16,0.4661654135338345,0.4862053369516056,0.5170068027210885,0.4691358024691358,0.5757575757575758,38,43,24,28,0.5263157894736842,0.4962406015037593,0.0,0.0,0.0,0.0,0.0,0.0,0.0,0.0,0.4691358024691358,0.4615384615384615,0.0,0.6090225563909775,0.3909774436090225,1.0,0
GAIL,6,0.95,1136,126,67,2025-11-17,2026-04-16,0.4626865671641791,0.481081081081081,0.5,0.4285714285714285,0.6,18,24,13,12,0.5373134328358209,0.5223880597014925,0.0,0.0,0.0,0.0,0.0,0.0,0.0,0.0,0.4285714285714285,0.52,0.0,0.6268656716417911,0.373134328358209,0.3914597034611595,0
GODREJCP,1,0.7,700,77,111,2024-04-30,2024-12-05,0.4684684684684684,0.4449180327868852,0.4587155963302752,0.423728813559322,0.5,25,34,27,25,0.5045045045045045,0.4684684684684684,0.0,0.0,0.0,0.0,0.0,0.0,0.0,0.0,0.423728813559322,0.5192307692307692,0.0,0.5315315315315315,0.4684684684684684,0.5736926417728978,0
GODREJCP,2,0.75,749,83,111,2024-08-21,2025-04-03,0.4144144144144144,0.4237346101231189,0.4628099173553719,0.358974358974359,0.6511627906976745,28,50,18,15,0.4054054054054054,0.4234234234234234,0.0,0.0,0.0,0.0,0.0,0.0,0.0,0.0,0.358974358974359,0.5454545454545454,0.0,0.7027027027027027,0.2972972972972973,1.0,0
GODREJCP,3,0.8,800,88,111,2024-12-06,2025-08-08,0.4324324324324324,0.4581117021276595,0.5039370078740157,0.4,0.6808510638297872,32,48,16,15,0.5405405405405406,0.4234234234234234,0.0,0.0,0.0,0.0,0.0,0.0,0.0,0.0,0.4,0.5161290322580645,0.0,0.7207207207207207,0.2792792792792792,1.0,0
GODREJCP,4,0.85,849,94,111,2025-04-07,2025-12-11,0.4954954954954955,0.509433962264151,0.5692307692307692,0.4805194805194805,0.6981132075471698,37,40,18,16,0.4864864864864865,0.4774774774774775,0.0,0.0,0.0,0.0,0.0,0.0,0.0,0.0,0.4805194805194805,0.5294117647058824,0.0,0.6936936936936937,0.3063063063063063,1.0,0
GODREJCP,5,0.9,900,99,111,2025-08-13,2026-04-16,0.4684684684684684,0.4624183006535947,0.5203252032520326,0.5079365079365079,0.5333333333333333,32,31,20,28,0.4864864864864865,0.4594594594594595,0.0,0.0,0.0,0.0,0.0,0.0,0.0,0.0,0.5079365079365079,0.4166666666666666,0.0,0.5675675675675675,0.4324324324324324,0.7585336658682869,0
GODREJCP,6,0.95,949,105,56,2025-12-12,2026-04-16,0.5,0.40625,0.3636363636363636,0.6666666666666666,0.25,8,4,20,24,0.4642857142857143,0.4285714285714285,0.0,0.0,0.0,0.0,0.0,0.0,0.0,0.0,0.6666666666666666,0.4545454545454546,0.0,0.2142857142857142,0.7857142857142857,0.4609899883331952,0
GRASIM,1,0.7,698,77,111,2024-04-05,2024-11-19,0.5585585585585585,0.5875409836065574,0.6474820143884892,0.5769230769230769,0.7377049180327869,45,33,17,16,0.5315315315315315,0.5855855855855856,0.0,0.0,0.0,0.0,0.0,0.0,0.0,0.0,0.5769230769230769,0.5151515151515151,0.0,0.7027027027027027,0.2972972972972973,0.3866145854312505,0
GRASIM,2,0.75,748,83,110,2024-08-05,2025-03-19,0.4727272727272727,0.4515702479338843,0.6027397260273972,0.4835164835164835,0.8,44,47,8,11,0.4363636363636363,0.5272727272727272,0.0,0.0,0.0,0.0,0.0,0.0,0.0,0.0,0.4835164835164835,0.4210526315789473,0.0,0.8272727272727273,0.1727272727272727,0.559191890334803,0
GRASIM,3,0.8,798,88,111,2024-11-22,2025-07-18,0.5045045045045045,0.4749512036434613,0.6357615894039735,0.4897959183673469,0.9056603773584906,48,50,8,5,0.4684684684684684,0.4684684684684684,0.0,0.0,0.0,0.0,0.0,0.0,0.0,0.0,0.4897959183673469,0.6153846153846154,0.0,0.8828828828828829,0.1171171171171171,0.2756754480403288,0
GRASIM,4,0.85,847,94,111,2025-03-21,2025-12-02,0.4954954954954955,0.4853610930383865,0.5882352941176471,0.4819277108433735,0.7547169811320755,40,43,15,13,0.5225225225225225,0.4774774774774775,0.0,0.0,0.0,0.0,0.0,0.0,0.0,0.0,0.4819277108433735,0.5357142857142857,0.0,0.7477477477477478,0.2522522522522522,1.0,0
GRASIM,5,0.9,898,99,111,2025-07-21,2026-04-16,0.5405405405405406,0.6005204944697463,0.6165413533834586,0.5125,0.7735849056603774,41,39,19,12,0.5675675675675675,0.5225225225225225,0.0,0.0,0.0,0.0,0.0,0.0,0.0,0.0,0.5125,0.6129032258064516,0.0,0.7207207207207207,0.2792792792792792,1.4527313226872691,0
GRASIM,6,0.95,947,105,56,2025-12-04,2026-04-16,0.5,0.5756410256410257,0.5757575757575758,0.475,0.7307692307692307,19,21,9,7,0.5,0.5892857142857143,0.0,0.0,0.0,0.0,0.0,0.0,0.0,0.0,0.475,0.5625,0.0,0.7142857142857143,0.2857142857142857,0.7155894050194984,0
HAVELLS,1,0.7,794,88,126,2023-12-13,2024-09-20,0.492063492063492,0.5020199299757608,0.5675675675675675,0.6086956521739131,0.5316455696202531,42,27,20,37,0.5,0.626984126984127,0.0,0.0,0.0,0.0,0.0,0.0,0.0,0.0,0.6086956521739131,0.3508771929824561,0.0,0.5476190476190477,0.4523809523809524,1.0,0
HAVELLS,2,0.75,851,94,126,2024-05-14,2025-02-04,0.5396825396825397,0.5147392290249433,0.5396825396825397,0.5396825396825397,0.5396825396825397,34,29,34,29,0.5396825396825397,0.5,0.0,0.0,0.0,0.0,0.0,0.0,0.0,0.0,0.5396825396825397,0.5396825396825398,0.0,0.5,0.5,0.3841641602117102,0
HAVELLS,3,0.8,908,100,126,2024-09-23,2025-06-17,0.4682539682539682,0.4677991886409737,0.5503355704697986,0.4505494505494505,0.7068965517241379,41,50,18,17,0.5317460317460317,0.4523809523809524,0.0,0.0,0.0,0.0,0.0,0.0,0.0,0.0,0.4505494505494505,0.5142857142857142,0.0,0.7222222222222222,0.2777777777777778,0.1000066028542544,0
HAVELLS,4,0.85,964,107,126,2025-02-06,2025-11-18,0.5317460317460317,0.5939470365699874,0.6335403726708074,0.51,0.8360655737704918,51,49,16,10,0.5396825396825397,0.4841269841269841,0.0,0.0,0.0,0.0,0.0,0.0,0.0,0.0,0.51,0.6153846153846154,0.0,0.7936507936507936,0.2063492063492063,1.0,0
HAVELLS,5,0.9,1021,113,126,2025-06-18,2026-04-16,0.5079365079365079,0.513888888888889,0.5571428571428572,0.4875,0.65,39,41,25,21,0.492063492063492,0.4761904761904761,0.0,0.0,0.0,0.0,0.0,0.0,0.0,0.0,0.4875,0.5434782608695652,0.0,0.6349206349206349,0.365079365079365,1.0,0
HAVELLS,6,0.95,1078,119,63,2025-11-19,2026-04-16,0.5238095238095238,0.4899193548387096,0.53125,0.53125,0.53125,17,15,16,15,0.5079365079365079,0.5238095238095238,0.0,0.0,0.0,0.0,0.0,0.0,0.0,0.0,0.53125,0.5161290322580645,0.0,0.5079365079365079,0.492063492063492,0.6333701959680215,0
HCLTECH,1,0.7,666,74,106,2024-04-29,2024-12-27,0.5094339622641509,0.443351548269581,0.6338028169014085,0.5555555555555556,0.7377049180327869,45,36,9,16,0.5094339622641509,0.4622641509433962,0.0,0.0,0.0,0.0,0.0,0.0,0.0,0.0,0.5555555555555556,0.36,0.0,0.7641509433962265,0.2358490566037736,1.0,0
HCLTECH,2,0.75,714,79,106,2024-08-23,2025-04-23,0.5283018867924528,0.5539285714285714,0.6212121212121212,0.5394736842105263,0.7321428571428571,41,35,15,15,0.5377358490566038,0.5283018867924528,0.0,0.0,0.0,0.0,0.0,0.0,0.0,0.0,0.5394736842105263,0.5,0.0,0.7169811320754716,0.2830188679245283,1.0,0
HCLTECH,3,0.8,762,84,106,2024-12-30,2025-08-06,0.5188679245283019,0.5085714285714286,0.5641025641025641,0.4925373134328358,0.66,33,34,22,17,0.5283018867924528,0.5283018867924528,0.0,0.0,0.0,0.0,0.0,0.0,0.0,0.0,0.4925373134328358,0.5641025641025641,0.0,0.6320754716981132,0.3679245283018867,0.3482314220146577,0
HCLTECH,4,0.85,810,89,106,2025-04-24,2025-12-08,0.5,0.475222816399287,0.6394557823129252,0.4895833333333333,0.9215686274509804,47,49,6,4,0.5,0.4811320754716981,0.0,0.0,0.0,0.0,0.0,0.0,0.0,0.0,0.4895833333333333,0.6,0.0,0.9056603773584906,0.0943396226415094,0.177448009762633,0
HCLTECH,5,0.9,857,95,106,2025-08-08,2026-04-16,0.5,0.4827340690637237,0.6344827586206897,0.5,0.8679245283018868,46,46,7,7,0.5283018867924528,0.5,0.0,0.0,0.0,0.0,0.0,0.0,0.0,0.0,0.5,0.5,0.0,0.8679245283018868,0.1320754716981132,1.0,0
HCLTECH,6,0.95,905,100,53,2025-12-09,2026-04-16,0.5283018867924528,0.4971428571428571,0.576271186440678,0.5,0.68,17,17,11,8,0.5283018867924528,0.5471698113207547,0.0,0.0,0.0,0.0,0.0,0.0,0.0,0.0,0.5,0.5789473684210527,0.0,0.6415094339622641,0.3584905660377358,1.0,0
HDFCBANK,1,0.7,639,71,102,2024-02-27,2024-11-01,0.4803921568627451,0.4821428571428571,0.5137614678899083,0.5714285714285714,0.4666666666666667,28,21,21,32,0.5098039215686274,0.4215686274509804,0.0,0.0,0.0,0.0,0.0,0.0,0.0,0.0,0.5714285714285714,0.3962264150943396,0.0,0.4803921568627451,0.5196078431372549,1.0,0
HDFCBANK,2,0.75,685,76,101,2024-07-04,2025-02-19,0.5346534653465347,0.5349842767295597,0.6178861788617886,0.5428571428571428,0.7169811320754716,38,32,16,15,0.4752475247524752,0.5247524752475248,0.0,0.0,0.0,0.0,0.0,0.0,0.0,0.0,0.5428571428571428,0.5161290322580645,0.0,0.693069306930693,0.3069306930693069,0.1866141660578189,0
HDFCBANK,3,0.8,731,81,101,2024-11-04,2025-07-10,0.5544554455445545,0.5098814229249011,0.6153846153846154,0.5806451612903226,0.6545454545454545,36,26,20,19,0.5346534653465347,0.504950495049505,0.0,0.0,0.0,0.0,0.0,0.0,0.0,0.0,0.5806451612903226,0.5128205128205128,0.0,0.6138613861386139,0.3861386138613861,1.0,0
HDFCBANK,4,0.85,776,86,102,2025-02-21,2025-12-09,0.5980392156862745,0.5427115987460815,0.672,0.6268656716417911,0.7241379310344828,42,25,19,16,0.5980392156862745,0.5686274509803921,0.0,0.0,0.0,0.0,0.0,0.0,0.0,0.0,0.6268656716417911,0.5428571428571429,0.0,0.6568627450980392,0.3431372549019608,1.0,0
HDFCBANK,5,0.9,822,91,102,2025-07-14,2026-04-16,0.4803921568627451,0.5194099378881988,0.5954198473282443,0.4588235294117647,0.8478260869565217,39,46,10,7,0.4411764705882353,0.4509803921568627,0.0,0.0,0.0,0.0,0.0,0.0,0.0,0.0,0.4588235294117647,0.5882352941176471,0.0,0.8333333333333334,0.1666666666666666,1.0,0
HDFCBANK,6,0.95,868,96,51,2025-12-10,2026-04-16,0.5490196078431373,0.5394736842105263,0.5660377358490566,0.4411764705882353,0.7894736842105263,15,19,13,4,0.4509803921568627,0.392156862745098,0.0,0.0,0.0,0.0,0.0,0.0,0.0,0.0,0.4411764705882353,0.7647058823529411,0.0,0.6666666666666666,0.3333333333333333,0.2394479373496252,0
HDFCLIFE,1,0.7,686,76,109,2024-04-19,2024-12-04,0.3944954128440367,0.3989181879648411,0.4406779661016949,0.4333333333333333,0.4482758620689655,26,34,17,32,0.4862385321100917,0.4311926605504587,0.0,0.0,0.0,0.0,0.0,0.0,0.0,0.0,0.4333333333333333,0.3469387755102041,0.0,0.5504587155963303,0.4495412844036697,0.1000066028542544,0
HDFCLIFE,2,0.75,735,81,109,2024-08-20,2025-04-03,0.4954128440366973,0.4688135593220339,0.4761904761904761,0.4545454545454545,0.5,25,30,29,25,0.4862385321100917,0.5137614678899083,0.0,0.0,0.0,0.0,0.0,0.0,0.0,0.0,0.4545454545454545,0.537037037037037,0.0,0.5045871559633027,0.4954128440366973,0.3401552324243149,0
HDFCLIFE,3,0.8,784,87,109,2024-12-05,2025-08-06,0.4587155963302752,0.4625506072874493,0.4485981308411215,0.4363636363636363,0.4615384615384615,24,31,26,28,0.4862385321100917,0.5412844036697247,0.0,0.0,0.0,0.0,0.0,0.0,0.0,0.0,0.4363636363636363,0.4814814814814815,0.0,0.5045871559633027,0.4954128440366973,1.0,0
HDFCLIFE,4,0.85,833,92,109,2025-04-04,2025-12-09,0.4403669724770642,0.4266396213657877,0.5040650406504065,0.4305555555555556,0.6078431372549019,31,41,17,20,0.4403669724770642,0.4678899082568807,0.0,0.0,0.0,0.0,0.0,0.0,0.0,0.0,0.4305555555555556,0.4594594594594594,0.0,0.6605504587155964,0.3394495412844037,1.0,0
HDFCLIFE,5,0.9,882,98,109,2025-08-07,2026-04-16,0.4862385321100917,0.5128472222222222,0.4285714285714285,0.3962264150943396,0.4666666666666667,21,32,32,24,0.5321100917431193,0.4678899082568807,0.0,0.0,0.0,0.0,0.0,0.0,0.0,0.0,0.3962264150943396,0.5714285714285714,0.0,0.4862385321100917,0.5137614678899083,1.0,0
HDFCLIFE,6,0.95,931,103,55,2025-12-10,2026-04-16,0.4727272727272727,0.4371345029239766,0.3829787234042553,0.3214285714285714,0.4736842105263157,9,19,17,10,0.4181818181818181,0.4727272727272727,0.0,0.0,0.0,0.0,0.0,0.0,0.0,0.0,0.3214285714285714,0.6296296296296297,0.0,0.509090909090909,0.4909090909090909,0.1129293463027497,0
HEROMOTOCO,1,0.7,697,77,111,2024-05-16,2025-01-01,0.4864864864864865,0.52765126870527,0.5714285714285714,0.475,0.7169811320754716,38,42,16,15,0.5225225225225225,0.4954954954954955,0.0,0.0,0.0,0.0,0.0,0.0,0.0,0.0,0.475,0.5161290322580645,0.0,0.7207207207207207,0.2792792792792792,0.6224684638481599,0
HEROMOTOCO,2,0.75,747,83,110,2024-09-16,2025-04-24,0.4363636363636363,0.5067934782608696,0.5303030303030303,0.4069767441860465,0.7608695652173914,35,51,13,11,0.4727272727272727,0.4181818181818181,0.0,0.0,0.0,0.0,0.0,0.0,0.0,0.0,0.4069767441860465,0.5416666666666667,0.0,0.7818181818181819,0.2181818181818181,0.2083996441813673,0
HEROMOTOCO,3,0.8,797,88,111,2025-01-03,2025-08-08,0.5135135135135135,0.4915419648666232,0.5909090909090909,0.527027027027027,0.6724137931034483,39,35,18,19,0.4414414414414414,0.5225225225225225,0.0,0.0,0.0,0.0,0.0,0.0,0.0,0.0,0.527027027027027,0.4864864864864865,0.0,0.6666666666666666,0.3333333333333333,1.0,0
HEROMOTOCO,4,0.85,846,94,111,2025-04-25,2025-12-18,0.5135135135135135,0.4226190476190476,0.6538461538461539,0.5483870967741935,0.8095238095238095,51,42,6,12,0.4504504504504504,0.5585585585585585,0.0,0.0,0.0,0.0,0.0,0.0,0.0,0.0,0.5483870967741935,0.3333333333333333,0.0,0.8378378378378378,0.1621621621621621,1.0,0
HEROMOTOCO,5,0.9,897,99,111,2025-08-11,2026-04-16,0.5045045045045045,0.4504563233376792,0.5454545454545454,0.532258064516129,0.559322033898305,33,29,23,26,0.5045045045045045,0.4684684684684684,0.0,0.0,0.0,0.0,0.0,0.0,0.0,0.0,0.532258064516129,0.4693877551020408,0.0,0.5585585585585585,0.4414414414414414,1.0,0
HEROMOTOCO,6,0.95,946,105,56,2025-12-19,2026-04-16,0.4285714285714285,0.346938775510204,0.4482758620689655,0.4333333333333333,0.4642857142857143,13,17,11,15,0.5535714285714286,0.5535714285714286,0.0,0.0,0.0,0.0,0.0,0.0,0.0,0.0,0.4333333333333333,0.4230769230769231,0.0,0.5357142857142857,0.4642857142857143,1.0,0
HINDALCO,1,0.7,747,83,119,2024-03-28,2024-11-26,0.4705882352941176,0.4462365591397849,0.5263157894736842,0.4929577464788732,0.5645161290322581,35,36,21,27,0.4621848739495798,0.5042016806722689,0.0,0.0,0.0,0.0,0.0,0.0,0.0,0.0,0.4929577464788732,0.4375,0.0,0.5966386554621849,0.4033613445378151,0.3318525106685014,0
HINDALCO,2,0.75,801,89,118,2024-08-01,2025-03-27,0.4661016949152542,0.421264367816092,0.5531914893617021,0.4814814814814814,0.65,39,42,16,21,0.5338983050847458,0.5169491525423728,0.0,0.0,0.0,0.0,0.0,0.0,0.0,0.0,0.4814814814814814,0.4324324324324324,0.0,0.6864406779661016,0.3135593220338983,0.2066562875096966,0
HINDALCO,3,0.8,855,94,119,2024-11-27,2025-08-01,0.4789915966386555,0.4982993197278911,0.5753424657534246,0.5060240963855421,0.6666666666666666,42,41,15,21,0.5462184873949579,0.5294117647058824,0.0,0.0,0.0,0.0,0.0,0.0,0.0,0.0,0.5060240963855421,0.4166666666666666,0.0,0.6974789915966386,0.3025210084033613,0.5715209953231344,0
HINDALCO,4,0.85,908,100,119,2025-03-28,2025-12-05,0.5210084033613446,0.4994331065759637,0.6225165562913907,0.5340909090909091,0.746031746031746,47,41,15,16,0.5546218487394958,0.6386554621848739,0.0,0.0,0.0,0.0,0.0,0.0,0.0,0.0,0.5340909090909091,0.4838709677419355,0.0,0.7394957983193278,0.2605042016806723,0.5298511510147597,0
HINDALCO,5,0.9,962,106,119,2025-08-07,2026-04-16,0.4705882352941176,0.437391304347826,0.5333333333333333,0.5454545454545454,0.5217391304347826,36,30,20,33,0.5378151260504201,0.453781512605042,0.0,0.0,0.0,0.0,0.0,0.0,0.0,0.0,0.5454545454545454,0.3773584905660377,0.0,0.5546218487394958,0.4453781512605042,0.6310359919561371,0
HINDALCO,6,0.95,1015,112,60,2025-12-08,2026-04-16,0.6,0.5933014354066986,0.6756756756756757,0.6944444444444444,0.6578947368421053,25,11,11,13,0.5,0.55,0.0,0.0,0.0,0.0,0.0,0.0,0.0,0.0,0.6944444444444444,0.4583333333333333,0.0,0.6,0.4,0.2300059134020219,0
HINDUNILVR,1,0.7,635,70,101,2024-05-09,2025-01-07,0.6138613861386139,0.6037735849056605,0.6138613861386139,0.5849056603773585,0.6458333333333334,31,22,31,17,0.5841584158415841,0.6138613861386139,0.0,0.0,0.0,0.0,0.0,0.0,0.0,0.0,0.5849056603773585,0.6458333333333333,0.0,0.5247524752475248,0.4752475247524752,0.2609014703928857,0
HINDUNILVR,2,0.75,681,75,100,2024-09-11,2025-05-13,0.57,0.649028524183547,0.6055045871559633,0.4852941176470588,0.8048780487804879,33,35,24,8,0.59,0.48,0.0,0.0,0.0,0.0,0.0,0.0,0.0,0.0,0.4852941176470588,0.75,0.0,0.68,0.32,0.1477332999984824,0
HINDUNILVR,3,0.8,726,80,101,2025-01-08,2025-08-25,0.4851485148514851,0.4725490196078432,0.5666666666666667,0.4927536231884058,0.6666666666666666,34,35,15,17,0.504950495049505,0.504950495049505,0.0,0.0,0.0,0.0,0.0,0.0,0.0,0.0,0.4927536231884058,0.46875,0.0,0.6831683168316832,0.3168316831683168,0.1246411257208703,0
HINDUNILVR,4,0.85,771,85,101,2025-05-15,2025-12-22,0.5445544554455446,0.5086274509803922,0.603448275862069,0.5384615384615384,0.6862745098039216,35,30,20,16,0.504950495049505,0.5742574257425742,0.0,0.0,0.0,0.0,0.0,0.0,0.0,0.0,0.5384615384615384,0.5555555555555556,0.0,0.6435643564356436,0.3564356435643564,1.0,0
HINDUNILVR,5,0.9,817,90,101,2025-08-26,2026-04-16,0.5247524752475248,0.5425531914893618,0.5294117647058824,0.4909090909090909,0.574468085106383,27,28,26,20,0.5346534653465347,0.4851485148514851,0.0,0.0,0.0,0.0,0.0,0.0,0.0,0.0,0.4909090909090909,0.5652173913043479,0.0,0.5445544554455446,0.4554455445544554,0.1000066028542544,0
HINDUNILVR,6,0.95,862,95,51,2025-12-23,2026-04-16,0.4117647058823529,0.4456521739130434,0.4,0.3703703703703703,0.4347826086956521,10,17,11,13,0.5294117647058824,0.4313725490196078,0.0,0.0,0.0,0.0,0.0,0.0,0.0,0.0,0.3703703703703703,0.4583333333333333,0.0,0.5294117647058824,0.4705882352941176,0.5016175678980618,0
ICICIBANK,1,0.7,644,71,102,2024-02-19,2024-10-25,0.4901960784313725,0.4313492063492063,0.6,0.5571428571428572,0.65,39,31,11,21,0.5196078431372549,0.5882352941176471,0.0,0.0,0.0,0.0,0.0,0.0,0.0,0.0,0.5571428571428572,0.34375,0.0,0.6862745098039216,0.3137254901960784,0.5137424892943878,0
ICICIBANK,2,0.75,690,76,102,2024-07-02,2025-03-12,0.4607843137254901,0.3959627329192546,0.5864661654135338,0.5064935064935064,0.6964285714285714,39,38,8,17,0.5196078431372549,0.5392156862745098,0.0,0.0,0.0,0.0,0.0,0.0,0.0,0.0,0.5064935064935064,0.3199999999999999,0.0,0.7549019607843137,0.2450980392156862,0.4189228875812179,0
ICICIBANK,3,0.8,736,81,102,2024-10-28,2025-07-21,0.5294117647058824,0.4737654320987654,0.6571428571428571,0.5348837209302325,0.8518518518518519,46,40,8,8,0.4607843137254901,0.5294117647058824,0.0,0.0,0.0,0.0,0.0,0.0,0.0,0.0,0.5348837209302325,0.5,0.0,0.8431372549019608,0.1568627450980392,0.4418934420613415,0
ICICIBANK,4,0.85,782,86,102,2025-03-13,2025-12-02,0.4803921568627451,0.4973076923076923,0.6015037593984962,0.4819277108433735,0.8,40,43,9,10,0.5196078431372549,0.4607843137254901,0.0,0.0,0.0,0.0,0.0,0.0,0.0,0.0,0.4819277108433735,0.4736842105263158,0.0,0.8137254901960784,0.1862745098039215,0.5780182532411945,0
ICICIBANK,5,0.9,828,91,103,2025-07-22,2026-04-16,0.5048543689320388,0.4346182917611489,0.6482758620689655,0.4895833333333333,0.9591836734693876,47,49,5,2,0.5242718446601942,0.4951456310679611,0.0,0.0,0.0,0.0,0.0,0.0,0.0,0.0,0.4895833333333333,0.7142857142857143,0.0,0.9320388349514565,0.0679611650485436,0.7032030708701609,0
ICICIBANK,6,0.95,873,97,52,2025-12-04,2026-04-16,0.5384615384615384,0.477037037037037,0.6756756756756757,0.5319148936170213,0.925925925925926,25,22,3,2,0.5192307692307693,0.4807692307692308,0.0,0.0,0.0,0.0,0.0,0.0,0.0,0.0,0.5319148936170213,0.6,0.0,0.903846153846154,0.0961538461538461,1.4280176301225211,0
ICICIGI,1,0.7,676,75,108,2024-05-15,2024-12-24,0.4629629629629629,0.4633642930856553,0.532258064516129,0.4925373134328358,0.5789473684210527,33,34,17,24,0.5277777777777778,0.4444444444444444,0.0,0.0,0.0,0.0,0.0,0.0,0.0,0.0,0.4925373134328358,0.4146341463414634,0.0,0.6203703703703703,0.3796296296296296,0.523227703125559,0
ICICIGI,2,0.75,725,80,107,2024-09-12,2025-04-29,0.3925233644859813,0.4141126158232359,0.4036697247706422,0.3492063492063492,0.4782608695652174,22,41,20,24,0.4485981308411215,0.4299065420560747,0.0,0.0,0.0,0.0,0.0,0.0,0.0,0.0,0.3492063492063492,0.4545454545454546,0.0,0.5887850467289719,0.411214953271028,0.3093309477885604,0
ICICIGI,3,0.8,774,85,107,2024-12-27,2025-08-12,0.4299065420560747,0.4628070175438597,0.4695652173913043,0.4153846153846154,0.54,27,38,19,23,0.4766355140186916,0.4672897196261682,0.0,0.0,0.0,0.0,0.0,0.0,0.0,0.0,0.4153846153846154,0.4523809523809523,0.0,0.6074766355140186,0.3925233644859813,1.0,0
ICICIGI,4,0.85,821,91,108,2025-04-30,2025-12-02,0.4722222222222222,0.4853801169590643,0.6369426751592356,0.4716981132075472,0.9803921568627452,50,56,1,1,0.5648148148148148,0.4722222222222222,0.0,0.0,0.0,0.0,0.0,0.0,0.0,0.0,0.4716981132075472,0.5,0.0,0.9814814814814816,0.0185185185185185,1.0,0
ICICIGI,5,0.9,870,96,108,2025-08-13,2026-04-16,0.4907407407407407,0.5231034482758621,0.5299145299145299,0.4626865671641791,0.62,31,36,22,19,0.5185185185185185,0.4629629629629629,0.0,0.0,0.0,0.0,0.0,0.0,0.0,0.0,0.4626865671641791,0.5365853658536586,0.0,0.6203703703703703,0.3796296296296296,1.0,0
ICICIGI,6,0.95,918,102,54,2025-12-03,2026-04-16,0.5,0.5125,0.509090909090909,0.4516129032258064,0.5833333333333334,14,17,13,10,0.5370370370370371,0.4444444444444444,0.0,0.0,0.0,0.0,0.0,0.0,0.0,0.0,0.4516129032258064,0.5652173913043479,0.0,0.5740740740740741,0.4259259259259259,1.0,0
IDFCFIRSTB,1,0.7,739,82,118,2024-04-03,2024-12-11,0.4576271186440678,0.4994239631336405,0.5675675675675675,0.4565217391304347,0.75,42,50,12,14,0.4745762711864407,0.4745762711864407,0.0,0.0,0.0,0.0,0.0,0.0,0.0,0.0,0.4565217391304347,0.4615384615384615,0.0,0.7796610169491526,0.2203389830508474,0.5079346207080218,0
IDFCFIRSTB,2,0.75,792,88,117,2024-08-26,2025-03-28,0.5213675213675214,0.5456674473067915,0.65,0.5,0.9285714285714286,52,52,9,4,0.5042735042735043,0.4786324786324786,0.0,0.0,0.0,0.0,0.0,0.0,0.0,0.0,0.5,0.6923076923076923,0.0,0.8888888888888888,0.1111111111111111,1.0,0
IDFCFIRSTB,3,0.8,846,93,117,2024-12-16,2025-08-01,0.4700854700854701,0.4950146627565982,0.392156862745098,0.425531914893617,0.3636363636363636,20,27,35,35,0.5470085470085471,0.4615384615384615,0.0,0.0,0.0,0.0,0.0,0.0,0.0,0.0,0.425531914893617,0.5,0.0,0.4017094017094017,0.5982905982905983,0.7455940184791706,0
IDFCFIRSTB,4,0.85,898,99,118,2025-04-02,2025-12-05,0.559322033898305,0.5468795355587809,0.4901960784313725,0.5102040816326531,0.4716981132075472,25,24,41,28,0.559322033898305,0.5338983050847458,0.0,0.0,0.0,0.0,0.0,0.0,0.0,0.0,0.5102040816326531,0.5942028985507246,0.0,0.4152542372881356,0.5847457627118644,0.4184298716658261,0
IDFCFIRSTB,5,0.9,951,105,118,2025-08-05,2026-04-16,0.5677966101694916,0.5838133640552996,0.5984251968503937,0.5352112676056338,0.6785714285714286,38,33,29,18,0.5084745762711864,0.4830508474576271,0.0,0.0,0.0,0.0,0.0,0.0,0.0,0.0,0.5352112676056338,0.6170212765957447,0.0,0.6016949152542372,0.3983050847457627,1.0,0
IDFCFIRSTB,6,0.95,1004,111,59,2025-12-08,2026-04-16,0.6101694915254238,0.6057471264367816,0.6229508196721312,0.6129032258064516,0.6333333333333333,19,12,17,11,0.5254237288135594,0.5423728813559322,0.0,0.0,0.0,0.0,0.0,0.0,0.0,0.0,0.6129032258064516,0.6071428571428572,0.0,0.5254237288135594,0.4745762711864407,0.3020075270946756,0
INDUSINDBK,1,0.7,735,81,116,2024-03-18,2024-12-12,0.4396551724137931,0.4501347708894879,0.5578231292517006,0.4361702127659574,0.7735849056603774,41,53,10,12,0.5,0.4482758620689655,0.0,0.0,0.0,0.0,0.0,0.0,0.0,0.0,0.4361702127659574,0.4545454545454546,0.0,0.8103448275862069,0.1896551724137931,0.1798051494757567,0
INDUSINDBK,2,0.75,787,87,117,2024-08-13,2025-04-09,0.5213675213675214,0.5026300409117476,0.6111111111111112,0.5116279069767442,0.7586206896551724,44,42,17,14,0.5470085470085471,0.4957264957264957,0.0,0.0,0.0,0.0,0.0,0.0,0.0,0.0,0.5116279069767442,0.5483870967741935,0.0,0.7350427350427351,0.2649572649572649,1.0,0
INDUSINDBK,3,0.8,839,93,117,2024-12-13,2025-08-01,0.4444444444444444,0.3527336860670194,0.5637583892617449,0.4883720930232558,0.6666666666666666,42,44,10,21,0.4700854700854701,0.5384615384615384,0.0,0.0,0.0,0.0,0.0,0.0,0.0,0.0,0.4883720930232558,0.3225806451612903,0.0,0.7350427350427351,0.2649572649572649,1.0,0
INDUSINDBK,4,0.85,892,99,116,2025-04-16,2025-11-26,0.5344827586206896,0.5340469818614332,0.55,0.5409836065573771,0.559322033898305,33,28,29,26,0.5258620689655172,0.5603448275862069,0.0,0.0,0.0,0.0,0.0,0.0,0.0,0.0,0.5409836065573771,0.5272727272727273,0.0,0.5258620689655172,0.4741379310344827,0.2566980807034417,0
INDUSINDBK,5,0.9,945,104,117,2025-08-04,2026-04-16,0.4273504273504273,0.4155464640561075,0.4273504273504273,0.423728813559322,0.4310344827586206,25,34,25,33,0.4957264957264957,0.4957264957264957,0.0,0.0,0.0,0.0,0.0,0.0,0.0,0.0,0.423728813559322,0.4310344827586206,0.0,0.5042735042735043,0.4957264957264957,1.0,0
INDUSINDBK,6,0.95,997,110,59,2025-12-03,2026-04-16,0.4745762711864407,0.488479262672811,0.4745762711864407,0.5,0.4516129032258064,14,14,14,17,0.5423728813559322,0.559322033898305,0.0,0.0,0.0,0.0,0.0,0.0,0.0,0.0,0.5,0.4516129032258065,0.0,0.4745762711864407,0.5254237288135594,0.1878401977684881,0
INDUSTOWER,1,0.7,725,80,115,2024-04-15,2024-12-02,0.5304347826086957,0.5166153846153847,0.3720930232558139,0.7619047619047619,0.2461538461538461,16,5,45,49,0.5652173913043478,0.4782608695652174,0.0,0.0,0.0,0.0,0.0,0.0,0.0,0.0,0.7619047619047619,0.4787234042553191,0.0,0.1826086956521739,0.8173913043478261,1.0,0
INDUSTOWER,2,0.75,777,86,115,2024-08-08,2025-03-27,0.5304347826086957,0.5339393939393939,0.5645161290322581,0.546875,0.5833333333333334,35,29,26,25,0.4782608695652174,0.5043478260869565,0.0,0.0,0.0,0.0,0.0,0.0,0.0,0.0,0.546875,0.5098039215686274,0.0,0.5565217391304348,0.4434782608695652,0.2788792891316133,0
INDUSTOWER,3,0.8,828,92,115,2024-12-03,2025-07-31,0.4608695652173913,0.4346642468239565,0.4833333333333333,0.4677419354838709,0.5,29,33,24,29,0.4608695652173913,0.4695652173913043,0.0,0.0,0.0,0.0,0.0,0.0,0.0,0.0,0.4677419354838709,0.4528301886792453,0.0,0.5391304347826087,0.4608695652173913,0.5778068222916015,0
INDUSTOWER,4,0.85,881,97,115,2025-03-28,2025-12-01,0.4782608695652174,0.4927404718693284,0.5238095238095238,0.4782608695652174,0.5789473684210527,33,36,22,24,0.4956521739130435,0.4956521739130435,0.0,0.0,0.0,0.0,0.0,0.0,0.0,0.0,0.4782608695652174,0.4782608695652174,0.0,0.6,0.4,1.0,0
INDUSTOWER,5,0.9,932,103,116,2025-08-04,2026-04-08,0.5344827586206896,0.5245901639344263,0.5263157894736842,0.5660377358490566,0.4918032786885246,30,23,32,31,0.4655172413793103,0.5775862068965517,0.0,0.0,0.0,0.0,0.0,0.0,0.0,0.0,0.5660377358490566,0.5079365079365079,0.0,0.4568965517241379,0.5431034482758621,0.1874006762594631,0
INDUSTOWER,6,0.95,984,109,58,2025-12-02,2026-04-08,0.5344827586206896,0.5698924731182796,0.5263157894736842,0.5769230769230769,0.4838709677419355,15,11,16,16,0.5172413793103449,0.5689655172413793,0.0,0.0,0.0,0.0,0.0,0.0,0.0,0.0,0.5769230769230769,0.5,0.0,0.4482758620689655,0.5517241379310345,1.0,0
INFY,1,0.7,679,75,108,2024-03-15,2024-12-04,0.5185185185185185,0.5188516084399861,0.6,0.5492957746478874,0.6610169491525424,39,32,17,20,0.5185185185185185,0.4907407407407407,0.0,0.0,0.0,0.0,0.0,0.0,0.0,0.0,0.5492957746478874,0.4594594594594594,0.0,0.6574074074074074,0.3425925925925926,0.4491787165710096,0
INFY,2,0.75,728,80,108,2024-07-30,2025-03-27,0.5462962962962963,0.5569272976680385,0.5882352941176471,0.5384615384615384,0.6481481481481481,35,30,24,19,0.5462962962962963,0.5,0.0,0.0,0.0,0.0,0.0,0.0,0.0,0.0,0.5384615384615384,0.5581395348837209,0.0,0.6018518518518519,0.3981481481481481,1.0,0
INFY,3,0.8,776,86,108,2024-12-05,2025-08-01,0.4166666666666667,0.4286205710354317,0.3636363636363636,0.375,0.3529411764705882,18,30,27,33,0.4537037037037037,0.5277777777777778,0.0,0.0,0.0,0.0,0.0,0.0,0.0,0.0,0.375,0.4499999999999999,0.0,0.4444444444444444,0.5555555555555556,1.0,0
INFY,4,0.85,825,91,108,2025-03-28,2025-12-09,0.5277777777777778,0.5693681318681318,0.5984251968503937,0.5066666666666667,0.7307692307692307,38,37,19,14,0.5555555555555556,0.5370370370370371,0.0,0.0,0.0,0.0,0.0,0.0,0.0,0.0,0.5066666666666667,0.5757575757575757,0.0,0.6944444444444444,0.3055555555555556,1.0,0
INFY,5,0.9,873,97,108,2025-08-04,2026-04-10,0.5185185185185185,0.5215277777777777,0.559322033898305,0.4714285714285714,0.6875,33,37,23,15,0.5092592592592593,0.5740740740740741,0.0,0.0,0.0,0.0,0.0,0.0,0.0,0.0,0.4714285714285714,0.6052631578947368,0.0,0.6481481481481481,0.3518518518518518,1.0,0
INFY,6,0.95,922,102,54,2025-12-10,2026-04-10,0.4444444444444444,0.4081346423562412,0.4230769230769231,0.3793103448275862,0.4782608695652174,11,18,13,12,0.3888888888888889,0.5370370370370371,0.0,0.0,0.0,0.0,0.0,0.0,0.0,0.0,0.3793103448275862,0.52,0.0,0.5370370370370371,0.4629629629629629,0.1000066028542544,0
ITC,1,0.7,646,71,103,2024-02-22,2024-10-24,0.5145631067961165,0.5120663650075415,0.5535714285714286,0.5166666666666667,0.5961538461538461,31,29,22,21,0.6213592233009708,0.5145631067961165,0.0,0.0,0.0,0.0,0.0,0.0,0.0,0.0,0.5166666666666667,0.5116279069767442,0.0,0.5825242718446602,0.4174757281553398,0.2051604539932928,0
ITC,2,0.75,692,76,103,2024-07-02,2025-03-06,0.4660194174757281,0.5616858237547893,0.5454545454545454,0.4342105263157895,0.7333333333333333,33,43,15,12,0.5631067961165048,0.4757281553398058,0.0,0.0,0.0,0.0,0.0,0.0,0.0,0.0,0.4342105263157895,0.5555555555555556,0.0,0.7378640776699029,0.2621359223300971,0.3219946328730777,0
ITC,3,0.8,738,82,102,2024-10-28,2025-07-31,0.5392156862745098,0.5329968944099379,0.591304347826087,0.4927536231884058,0.7391304347826086,34,35,21,12,0.5490196078431373,0.4901960784313725,0.0,0.0,0.0,0.0,0.0,0.0,0.0,0.0,0.4927536231884058,0.6363636363636364,0.0,0.6764705882352942,0.3235294117647059,0.6543050727493307,0
ITC,4,0.85,784,87,102,2025-03-11,2025-12-11,0.4705882352941176,0.4665384615384615,0.5645161290322581,0.4861111111111111,0.6730769230769231,35,37,13,17,0.4313725490196078,0.4803921568627451,0.0,0.0,0.0,0.0,0.0,0.0,0.0,0.0,0.4861111111111111,0.4333333333333333,0.0,0.7058823529411765,0.2941176470588235,0.5255253826086622,0
ITC,5,0.9,830,92,103,2025-08-04,2026-04-16,0.5242718446601942,0.553875968992248,0.5585585585585585,0.4558823529411764,0.7209302325581395,31,37,23,12,0.5048543689320388,0.4466019417475728,0.0,0.0,0.0,0.0,0.0,0.0,0.0,0.0,0.4558823529411764,0.6571428571428571,0.0,0.6601941747572816,0.3398058252427184,1.0,0
ITC,6,0.95,876,97,52,2025-12-12,2026-04-16,0.6730769230769231,0.5757575757575757,0.4848484848484848,0.5714285714285714,0.4210526315789473,8,6,27,11,0.5192307692307693,0.6346153846153846,0.0,0.0,0.0,0.0,0.0,0.0,0.0,0.0,0.5714285714285714,0.7105263157894737,0.0,0.2692307692307692,0.7307692307692307,1.0,0
JSWSTEEL,1,0.7,718,79,114,2024-04-05,2024-11-22,0.5087719298245614,0.5400124069478908,0.6056338028169014,0.5375,0.6935483870967742,43,37,15,19,0.5701754385964912,0.4736842105263157,0.0,0.0,0.0,0.0,0.0,0.0,0.0,0.0,0.5375,0.4411764705882353,0.0,0.7017543859649122,0.2982456140350877,0.4507637883579575,0
JSWSTEEL,2,0.75,769,85,114,2024-08-05,2025-03-20,0.4912280701754385,0.5089950372208436,0.5857142857142857,0.5256410256410257,0.6612903225806451,41,37,15,21,0.5087719298245614,0.5087719298245614,0.0,0.0,0.0,0.0,0.0,0.0,0.0,0.0,0.5256410256410257,0.4166666666666666,0.0,0.6842105263157895,0.3157894736842105,0.6310025121100518,0
JSWSTEEL,3,0.8,820,91,114,2024-11-25,2025-08-01,0.5175438596491229,0.5047706986765158,0.5217391304347826,0.5172413793103449,0.5263157894736842,30,28,29,27,0.5614035087719298,0.4473684210526316,0.0,0.0,0.0,0.0,0.0,0.0,0.0,0.0,0.5172413793103449,0.5178571428571428,0.0,0.5087719298245614,0.4912280701754385,0.187520771536139,0
JSWSTEEL,4,0.85,872,96,114,2025-03-25,2025-12-05,0.5263157894736842,0.4553046705845963,0.425531914893617,0.4878048780487805,0.3773584905660377,20,21,40,33,0.5350877192982456,0.4736842105263157,0.0,0.0,0.0,0.0,0.0,0.0,0.0,0.0,0.4878048780487805,0.547945205479452,0.0,0.3596491228070175,0.6403508771929824,0.6443810398751509,0
JSWSTEEL,5,0.9,923,102,114,2025-08-06,2026-04-16,0.5087719298245614,0.5023198267862666,0.5172413793103449,0.5454545454545454,0.4918032786885246,30,25,28,31,0.4736842105263157,0.4736842105263157,0.0,0.0,0.0,0.0,0.0,0.0,0.0,0.0,0.5454545454545454,0.4745762711864406,0.0,0.4824561403508772,0.5175438596491229,0.6026247562048804,0
JSWSTEEL,6,0.95,974,108,57,2025-12-08,2026-04-16,0.5263157894736842,0.4825,0.5263157894736842,0.6,0.46875,15,10,15,17,0.543859649122807,0.4385964912280701,0.0,0.0,0.0,0.0,0.0,0.0,0.0,0.0,0.6,0.46875,0.0,0.4385964912280701,0.5614035087719298,0.1168948250079162,0
KOTAKBANK,1,0.7,672,74,107,2024-03-04,2024-11-12,0.4018691588785046,0.419298245614035,0.36,0.4186046511627907,0.3157894736842105,18,25,25,39,0.5794392523364486,0.4672897196261682,0.0,0.0,0.0,0.0,0.0,0.0,0.0,0.0,0.4186046511627907,0.390625,0.0,0.4018691588785046,0.5981308411214953,1.0,0
KOTAKBANK,2,0.75,720,80,106,2024-07-15,2025-03-18,0.5471698113207547,0.5543672014260249,0.5471698113207547,0.5686274509803921,0.5272727272727272,29,22,29,26,0.490566037735849,0.4811320754716981,0.0,0.0,0.0,0.0,0.0,0.0,0.0,0.0,0.5686274509803921,0.5272727272727273,0.0,0.4811320754716981,0.5188679245283019,0.1698502022251897,0
KOTAKBANK,3,0.8,768,85,107,2024-11-13,2025-07-22,0.514018691588785,0.5599999999999999,0.5806451612903226,0.5373134328358209,0.631578947368421,36,31,19,21,0.4672897196261682,0.4485981308411215,0.0,0.0,0.0,0.0,0.0,0.0,0.0,0.0,0.5373134328358209,0.475,0.0,0.6261682242990654,0.3738317757009345,0.3193099809718963,0
KOTAKBANK,4,0.85,816,90,107,2025-03-19,2025-11-25,0.5700934579439252,0.5627659574468085,0.5818181818181818,0.5079365079365079,0.6808510638297872,32,31,29,15,0.4766355140186916,0.5046728971962616,0.0,0.0,0.0,0.0,0.0,0.0,0.0,0.0,0.5079365079365079,0.6590909090909092,0.0,0.5887850467289719,0.411214953271028,0.529223126654292,0
KOTAKBANK,5,0.9,864,96,107,2025-07-23,2026-04-16,0.5233644859813084,0.5458152958152958,0.5142857142857142,0.4426229508196721,0.6136363636363636,27,34,29,17,0.5327102803738317,0.4953271028037383,0.0,0.0,0.0,0.0,0.0,0.0,0.0,0.0,0.4426229508196721,0.6304347826086957,0.0,0.5700934579439252,0.4299065420560747,0.6062870170120985,0
KOTAKBANK,6,0.95,912,101,54,2025-11-27,2026-04-16,0.5370370370370371,0.6241234221598878,0.5098039215686274,0.4642857142857143,0.5652173913043478,13,15,16,10,0.6111111111111112,0.5555555555555556,0.0,0.0,0.0,0.0,0.0,0.0,0.0,0.0,0.4642857142857143,0.6153846153846154,0.0,0.5185185185185185,0.4814814814814814,0.7809830857602306,0
LT,1,0.7,687,76,109,2024-03-21,2024-11-11,0.5412844036697247,0.540837336993823,0.6753246753246753,0.5652173913043478,0.8387096774193549,52,40,7,10,0.5779816513761468,0.5321100917431193,0.0,0.0,0.0,0.0,0.0,0.0,0.0,0.0,0.5652173913043478,0.4117647058823529,0.0,0.8440366972477065,0.1559633027522936,0.3882687964831771,0
LT,2,0.75,736,81,109,2024-07-23,2025-03-04,0.5045871559633027,0.5392156862745098,0.6142857142857143,0.4831460674157303,0.8431372549019608,43,46,12,8,0.5321100917431193,0.4678899082568807,0.0,0.0,0.0,0.0,0.0,0.0,0.0,0.0,0.4831460674157303,0.6,0.0,0.8165137614678899,0.1834862385321101,0.2914065324536189,0
LT,3,0.8,785,87,109,2024-11-12,2025-07-24,0.5688073394495413,0.6191919191919192,0.6518518518518519,0.55,0.8,44,36,18,11,0.5596330275229358,0.5045871559633027,0.0,0.0,0.0,0.0,0.0,0.0,0.0,0.0,0.55,0.6206896551724138,0.0,0.7339449541284404,0.2660550458715596,0.4303640228306344,0
LT,4,0.85,834,92,109,2025-03-05,2025-11-19,0.5688073394495413,0.5369220151828847,0.6928104575163399,0.5888888888888889,0.8412698412698413,53,37,9,10,0.5504587155963303,0.6055045871559633,0.0,0.0,0.0,0.0,0.0,0.0,0.0,0.0,0.5888888888888889,0.4736842105263158,0.0,0.8256880733944955,0.1743119266055046,1.0,0
LT,5,0.9,883,98,109,2025-07-25,2026-04-16,0.5688073394495413,0.5454234972677596,0.6618705035971223,0.5897435897435898,0.7540983606557377,46,32,16,15,0.5871559633027523,0.5229357798165137,0.0,0.0,0.0,0.0,0.0,0.0,0.0,0.0,0.5897435897435898,0.5161290322580645,0.0,0.7155963302752294,0.2844036697247706,0.1000066028542544,0
LT,6,0.95,932,103,55,2025-11-24,2026-04-16,0.509090909090909,0.5066666666666667,0.5846153846153846,0.5428571428571428,0.6333333333333333,19,16,9,11,0.5636363636363636,0.4727272727272727,0.0,0.0,0.0,0.0,0.0,0.0,0.0,0.0,0.5428571428571428,0.4499999999999999,0.0,0.6363636363636364,0.3636363636363636,0.1453215615062723,0
LTIM,1,0.7,707,78,112,2024-03-06,2024-11-27,0.5357142857142857,0.4990384615384615,0.6285714285714286,0.55,0.7333333333333333,44,36,16,16,0.4732142857142857,0.5,0.0,0.0,0.0,0.0,0.0,0.0,0.0,0.0,0.55,0.5,0.0,0.7142857142857143,0.2857142857142857,0.4198524656587813,0
LTIM,2,0.75,757,84,112,2024-07-29,2025-03-13,0.4821428571428571,0.446109693877551,0.5606060606060606,0.4868421052631579,0.6607142857142857,37,39,17,19,0.5178571428571429,0.5,0.0,0.0,0.0,0.0,0.0,0.0,0.0,0.0,0.4868421052631579,0.4722222222222222,0.0,0.6785714285714286,0.3214285714285714,0.6571743122856382,0
LTIM,3,0.8,808,89,112,2024-12-02,2025-07-30,0.4821428571428571,0.5157894736842106,0.4821428571428571,0.4736842105263157,0.4909090909090909,27,30,27,28,0.5535714285714286,0.5089285714285714,0.0,0.0,0.0,0.0,0.0,0.0,0.0,0.0,0.4736842105263157,0.4909090909090909,0.0,0.5089285714285714,0.4910714285714285,0.3080653556071576,0
LTIM,4,0.85,858,95,112,2025-03-19,2025-12-04,0.4821428571428571,0.445855614973262,0.6233766233766234,0.5581395348837209,0.7058823529411765,48,38,6,20,0.5446428571428571,0.5089285714285714,0.0,0.0,0.0,0.0,0.0,0.0,0.0,0.0,0.5581395348837209,0.2307692307692307,0.0,0.7678571428571429,0.2321428571428571,0.3235728943827747,0
LTIM,5,0.9,909,100,113,2025-07-31,2026-04-16,0.5398230088495575,0.5043942247332078,0.5873015873015873,0.5522388059701493,0.6271186440677966,37,30,24,22,0.5486725663716814,0.5486725663716814,0.0,0.0,0.0,0.0,0.0,0.0,0.0,0.0,0.5522388059701493,0.5217391304347826,0.0,0.5929203539823009,0.4070796460176991,0.5639678298065822,0
LTIM,6,0.95,959,106,57,2025-12-05,2026-04-16,0.4210526315789473,0.509090909090909,0.4,0.3333333333333333,0.5,11,22,13,11,0.5263157894736842,0.4210526315789473,0.0,0.0,0.0,0.0,0.0,0.0,0.0,0.0,0.3333333333333333,0.5416666666666667,0.0,0.5789473684210527,0.4210526315789473,0.4624495957077654,0
LUPIN,1,0.7,689,76,109,2024-04-03,2024-11-25,0.5321100917431193,0.5226504394861393,0.6222222222222222,0.5454545454545454,0.7241379310344828,42,35,16,16,0.5321100917431193,0.5045871559633027,0.0,0.0,0.0,0.0,0.0,0.0,0.0,0.0,0.5454545454545454,0.5,0.0,0.7064220183486238,0.2935779816513761,0.3821482721224818,0
LUPIN,2,0.75,738,81,110,2024-08-05,2025-03-13,0.4727272727272727,0.5552248677248678,0.5671641791044776,0.4871794871794871,0.6785714285714286,38,40,14,18,0.5363636363636364,0.4454545454545454,0.0,0.0,0.0,0.0,0.0,0.0,0.0,0.0,0.4871794871794871,0.4375,0.0,0.7090909090909091,0.2909090909090909,0.4293240315768147,0
LUPIN,3,0.8,787,87,109,2024-11-26,2025-07-16,0.5137614678899083,0.4386440677966101,0.6666666666666666,0.53,0.8983050847457628,53,47,3,6,0.4954128440366973,0.5412844036697247,0.0,0.0,0.0,0.0,0.0,0.0,0.0,0.0,0.53,0.3333333333333333,0.0,0.9174311926605504,0.0825688073394495,0.6765064811534482,0
LUPIN,4,0.85,837,92,109,2025-03-18,2025-11-07,0.4862385321100917,0.4591767881241565,0.6056338028169014,0.5058823529411764,0.7543859649122807,43,42,10,14,0.5229357798165137,0.5412844036697247,0.0,0.0,0.0,0.0,0.0,0.0,0.0,0.0,0.5058823529411764,0.4166666666666666,0.0,0.7798165137614679,0.2201834862385321,1.0,0
LUPIN,5,0.9,885,98,110,2025-07-17,2026-04-10,0.509090909090909,0.5802714333002317,0.6351351351351351,0.5164835164835165,0.8245614035087719,47,44,9,10,0.4909090909090909,0.5181818181818182,0.0,0.0,0.0,0.0,0.0,0.0,0.0,0.0,0.5164835164835165,0.4736842105263158,0.0,0.8272727272727273,0.1727272727272727,0.2373542346547802,0
LUPIN,6,0.95,935,103,55,2025-11-10,2026-04-10,0.5818181818181818,0.4573333333333333,0.684931506849315,0.5813953488372093,0.8333333333333334,25,18,7,5,0.4181818181818181,0.4727272727272727,0.0,0.0,0.0,0.0,0.0,0.0,0.0,0.0,0.5813953488372093,0.5833333333333333,0.0,0.7818181818181819,0.2181818181818181,0.2422610290092973,0
M&M,1,0.7,697,77,111,2024-05-10,2024-12-16,0.4864864864864865,0.4533730158730158,0.5957446808510638,0.5384615384615384,0.6666666666666666,42,36,12,21,0.4774774774774775,0.5675675675675675,0.0,0.0,0.0,0.0,0.0,0.0,0.0,0.0,0.5384615384615384,0.3636363636363636,0.0,0.7027027027027027,0.2972972972972973,1.0,0
M&M,2,0.75,747,83,110,2024-08-30,2025-04-03,0.4454545454545454,0.3816137566137565,0.5481481481481482,0.4683544303797468,0.6607142857142857,37,42,12,19,0.509090909090909,0.509090909090909,0.0,0.0,0.0,0.0,0.0,0.0,0.0,0.0,0.4683544303797468,0.3870967741935484,0.0,0.7181818181818181,0.2818181818181818,0.3083799170674579,0
M&M,3,0.8,797,88,111,2024-12-18,2025-08-08,0.4684684684684684,0.3989569752281616,0.593103448275862,0.5,0.7288135593220338,43,43,9,16,0.4594594594594595,0.5315315315315315,0.0,0.0,0.0,0.0,0.0,0.0,0.0,0.0,0.5,0.36,0.0,0.7747747747747747,0.2252252252252252,0.4234571731147907,0
M&M,4,0.85,846,94,111,2025-04-04,2025-12-04,0.4864864864864865,0.4188829787234043,0.6415094339622641,0.5368421052631579,0.796875,51,44,3,13,0.5495495495495496,0.5765765765765766,0.0,0.0,0.0,0.0,0.0,0.0,0.0,0.0,0.5368421052631579,0.1875,0.0,0.8558558558558559,0.1441441441441441,1.0,0
M&M,5,0.9,897,99,111,2025-08-11,2026-04-16,0.5315315315315315,0.4737012987012987,0.6486486486486487,0.5217391304347826,0.8571428571428571,48,44,11,8,0.5315315315315315,0.5045045045045045,0.0,0.0,0.0,0.0,0.0,0.0,0.0,0.0,0.5217391304347826,0.5789473684210527,0.0,0.8288288288288288,0.1711711711711711,1.0,0
M&M,6,0.95,946,105,56,2025-12-05,2026-04-16,0.4285714285714285,0.552258064516129,0.5675675675675675,0.4285714285714285,0.84,21,28,3,4,0.5,0.5,0.0,0.0,0.0,0.0,0.0,0.0,0.0,0.0,0.4285714285714285,0.4285714285714286,0.0,0.875,0.125,0.7390341098061659,0
MANAPPURAM,1,0.7,749,83,119,2024-04-05,2024-11-25,0.5294117647058824,0.5242937853107346,0.5409836065573771,0.5238095238095238,0.559322033898305,33,30,30,26,0.5378151260504201,0.4705882352941176,0.0,0.0,0.0,0.0,0.0,0.0,0.0,0.0,0.5238095238095238,0.5357142857142857,0.0,0.5294117647058824,0.4705882352941176,0.1737776775662061,0
MANAPPURAM,2,0.75,802,89,119,2024-08-09,2025-03-18,0.453781512605042,0.50423968343697,0.5185185185185185,0.4729729729729729,0.5737704918032787,35,39,19,26,0.4453781512605042,0.5210084033613446,0.0,0.0,0.0,0.0,0.0,0.0,0.0,0.0,0.4729729729729729,0.4222222222222223,0.0,0.6218487394957983,0.3781512605042016,0.152836671661886,0
MANAPPURAM,3,0.8,856,95,119,2024-11-27,2025-08-04,0.5294117647058824,0.4886297376093295,0.6363636363636364,0.5833333333333334,0.7,49,35,14,21,0.5630252100840336,0.5882352941176471,0.0,0.0,0.0,0.0,0.0,0.0,0.0,0.0,0.5833333333333334,0.4,0.0,0.7058823529411765,0.2941176470588235,1.0,0
MANAPPURAM,4,0.85,909,101,119,2025-03-19,2025-12-03,0.5294117647058824,0.5514414923685699,0.6363636363636364,0.5104166666666666,0.8448275862068966,49,47,14,9,0.5126050420168067,0.4873949579831932,0.0,0.0,0.0,0.0,0.0,0.0,0.0,0.0,0.5104166666666666,0.6086956521739131,0.0,0.8067226890756303,0.1932773109243697,1.0,0
MANAPPURAM,5,0.9,963,107,119,2025-08-05,2026-04-09,0.453781512605042,0.5265987549518959,0.4347826086956521,0.4310344827586206,0.4385964912280701,25,33,29,32,0.453781512605042,0.4789915966386555,0.0,0.0,0.0,0.0,0.0,0.0,0.0,0.0,0.4310344827586206,0.4754098360655737,0.0,0.4873949579831932,0.5126050420168067,0.4746741091482771,0
MANAPPURAM,6,0.95,1017,112,60,2025-12-04,2026-04-09,0.55,0.5770089285714286,0.6493506493506493,0.5555555555555556,0.78125,25,20,8,7,0.5166666666666667,0.5333333333333333,0.0,0.0,0.0,0.0,0.0,0.0,0.0,0.0,0.5555555555555556,0.5333333333333333,0.0,0.75,0.25,1.0,0
MARICO,1,0.7,661,73,105,2024-05-06,2024-12-09,0.5142857142857142,0.5297138664710198,0.5486725663716814,0.5636363636363636,0.5344827586206896,31,24,23,27,0.4761904761904761,0.580952380952381,0.0,0.0,0.0,0.0,0.0,0.0,0.0,0.0,0.5636363636363636,0.4599999999999999,0.0,0.5238095238095238,0.4761904761904761,1.0,0
MARICO,2,0.75,708,78,105,2024-08-22,2025-03-28,0.5428571428571428,0.5083819241982507,0.5636363636363636,0.5081967213114754,0.6326530612244898,31,30,26,18,0.5238095238095238,0.4666666666666667,0.0,0.0,0.0,0.0,0.0,0.0,0.0,0.0,0.5081967213114754,0.5909090909090908,0.0,0.580952380952381,0.419047619047619,0.3052188420267391,0
MARICO,3,0.8,756,83,105,2024-12-10,2025-08-01,0.5047619047619047,0.4985486211901306,0.5357142857142857,0.5084745762711864,0.5660377358490566,30,29,23,23,0.5619047619047619,0.4571428571428571,0.0,0.0,0.0,0.0,0.0,0.0,0.0,0.0,0.5084745762711864,0.5,0.0,0.5619047619047619,0.4380952380952381,0.5240373475631315,0
MARICO,4,0.85,802,89,105,2025-04-02,2025-12-03,0.4666666666666667,0.5314327485380117,0.5409836065573771,0.4459459459459459,0.6875,33,41,16,15,0.4857142857142857,0.4571428571428571,0.0,0.0,0.0,0.0,0.0,0.0,0.0,0.0,0.4459459459459459,0.5161290322580645,0.0,0.7047619047619048,0.2952380952380952,1.0,0
MARICO,5,0.9,850,94,105,2025-08-04,2026-04-16,0.4761904761904761,0.4793662490788504,0.5045045045045045,0.4307692307692308,0.6086956521739131,28,37,22,18,0.4380952380952381,0.4,0.0,0.0,0.0,0.0,0.0,0.0,0.0,0.0,0.4307692307692308,0.55,0.0,0.6190476190476191,0.3809523809523809,0.219663153043672,0
MARICO,6,0.95,897,99,53,2025-12-04,2026-04-16,0.5094339622641509,0.4586894586894587,0.5185185185185185,0.5,0.5384615384615384,14,14,13,12,0.4716981132075472,0.490566037735849,0.0,0.0,0.0,0.0,0.0,0.0,0.0,0.0,0.5,0.52,0.0,0.5283018867924528,0.4716981132075472,1.0,0
MARUTI,1,0.7,656,72,104,2024-04-29,2024-12-12,0.4519230769230769,0.444691083980762,0.5043478260869565,0.453125,0.5686274509803921,29,35,18,22,0.4326923076923077,0.5,0.0,0.0,0.0,0.0,0.0,0.0,0.0,0.0,0.453125,0.4499999999999999,0.0,0.6153846153846154,0.3846153846153846,0.3294898467758647,0
MARUTI,2,0.75,702,78,104,2024-08-26,2025-04-24,0.4134615384615384,0.4535274356103024,0.5040650406504065,0.4078947368421052,0.6595744680851063,31,45,12,16,0.4903846153846153,0.4519230769230769,0.0,0.0,0.0,0.0,0.0,0.0,0.0,0.0,0.4078947368421052,0.4285714285714286,0.0,0.7307692307692307,0.2692307692307692,0.2387903859132384,0
MARUTI,3,0.8,749,83,104,2024-12-16,2025-08-11,0.5192307692307693,0.5493895671476139,0.6323529411764706,0.5058823529411764,0.8431372549019608,43,42,11,8,0.5096153846153846,0.4903846153846153,0.0,0.0,0.0,0.0,0.0,0.0,0.0,0.0,0.5058823529411764,0.5789473684210527,0.0,0.8173076923076923,0.1826923076923076,1.0,0
MARUTI,4,0.85,796,88,104,2025-04-25,2025-12-23,0.5576923076923077,0.5116279069767442,0.6567164179104478,0.6027397260273972,0.7213114754098361,44,29,14,17,0.5192307692307693,0.5865384615384616,0.0,0.0,0.0,0.0,0.0,0.0,0.0,0.0,0.6027397260273972,0.4516129032258065,0.0,0.7019230769230769,0.2980769230769231,1.0,0
MARUTI,5,0.9,843,93,105,2025-08-13,2026-04-16,0.4571428571428571,0.4660087719298246,0.5043478260869565,0.5,0.5087719298245614,29,29,19,28,0.4380952380952381,0.4952380952380952,0.0,0.0,0.0,0.0,0.0,0.0,0.0,0.0,0.5,0.4042553191489362,0.0,0.5523809523809524,0.4476190476190476,1.0,0
MARUTI,6,0.95,890,98,53,2025-12-24,2026-04-16,0.490566037735849,0.4827586206896551,0.5423728813559322,0.4571428571428571,0.6666666666666666,16,19,10,8,0.4716981132075472,0.4528301886792453,0.0,0.0,0.0,0.0,0.0,0.0,0.0,0.0,0.4571428571428571,0.5555555555555556,0.0,0.660377358490566,0.3396226415094339,0.1000066028542544,0
MOTHERSON,1,0.7,751,83,119,2024-05-15,2024-12-27,0.4453781512605042,0.4188107489994283,0.4590163934426229,0.5,0.4242424242424242,28,28,25,38,0.4453781512605042,0.453781512605042,0.0,0.0,0.0,0.0,0.0,0.0,0.0,0.0,0.5,0.3968253968253968,0.0,0.4705882352941176,0.5294117647058824,0.3827387433762357,0
MOTHERSON,2,0.75,805,89,119,2024-09-12,2025-04-24,0.453781512605042,0.472934472934473,0.5255474452554745,0.4337349397590361,0.6666666666666666,36,47,18,18,0.453781512605042,0.453781512605042,0.0,0.0,0.0,0.0,0.0,0.0,0.0,0.0,0.4337349397590361,0.5,0.0,0.6974789915966386,0.3025210084033613,0.2994120214533887,0
MOTHERSON,3,0.8,858,95,119,2024-12-30,2025-08-04,0.4873949579831932,0.543502824858757,0.6257668711656442,0.4903846153846153,0.864406779661017,51,53,7,8,0.4957983193277311,0.4957983193277311,0.0,0.0,0.0,0.0,0.0,0.0,0.0,0.0,0.4903846153846153,0.4666666666666667,0.0,0.8739495798319328,0.1260504201680672,1.0,0
MOTHERSON,4,0.85,912,101,119,2025-04-25,2025-12-09,0.5462184873949579,0.4640633842671194,0.686046511627907,0.5363636363636364,0.9516129032258064,59,51,6,3,0.4873949579831932,0.5210084033613446,0.0,0.0,0.0,0.0,0.0,0.0,0.0,0.0,0.5363636363636364,0.6666666666666667,0.0,0.9243697478991596,0.0756302521008403,1.0,0
MOTHERSON,5,0.9,965,107,120,2025-08-05,2026-04-16,0.5083333333333333,0.4969410456062292,0.556390977443609,0.4933333333333333,0.6379310344827587,37,38,24,21,0.475,0.4666666666666667,0.0,0.0,0.0,0.0,0.0,0.0,0.0,0.0,0.4933333333333333,0.5333333333333333,0.0,0.625,0.375,0.2091104441725431,0
MOTHERSON,6,0.95,1019,113,60,2025-12-10,2026-04-16,0.5166666666666667,0.5061728395061728,0.5915492957746479,0.4772727272727273,0.7777777777777778,21,23,10,6,0.3833333333333333,0.4166666666666667,0.0,0.0,0.0,0.0,0.0,0.0,0.0,0.0,0.4772727272727273,0.625,0.0,0.7333333333333333,0.2666666666666666,0.4733001280944284,0
MPHASIS,1,0.7,738,81,117,2024-04-16,2024-12-06,0.5384615384615384,0.5112893642305407,0.6301369863013698,0.575,0.696969696969697,46,34,17,20,0.5641025641025641,0.6068376068376068,0.0,0.0,0.0,0.0,0.0,0.0,0.0,0.0,0.575,0.4594594594594594,0.0,0.6837606837606838,0.3162393162393162,0.4275947929875857,0
MPHASIS,2,0.75,790,87,117,2024-08-14,2025-03-28,0.4871794871794871,0.4733918128654971,0.6052631578947368,0.5,0.7666666666666667,46,46,11,14,0.452991452991453,0.5213675213675214,0.0,0.0,0.0,0.0,0.0,0.0,0.0,0.0,0.5,0.4399999999999999,0.0,0.7863247863247863,0.2136752136752136,0.2295512266571927,0
MPHASIS,3,0.8,843,93,117,2024-12-09,2025-08-05,0.4871794871794871,0.4656084656084656,0.5,0.4545454545454545,0.5555555555555556,30,36,27,24,0.5128205128205128,0.4786324786324786,0.0,0.0,0.0,0.0,0.0,0.0,0.0,0.0,0.4545454545454545,0.5294117647058824,0.0,0.5641025641025641,0.4358974358974359,1.0,0
MPHASIS,4,0.85,895,99,117,2025-04-02,2025-12-03,0.4957264957264957,0.4888888888888889,0.5693430656934306,0.5064935064935064,0.65,39,38,19,21,0.4957264957264957,0.5128205128205128,0.0,0.0,0.0,0.0,0.0,0.0,0.0,0.0,0.5064935064935064,0.475,0.0,0.6581196581196581,0.3418803418803419,1.0,0
MPHASIS,5,0.9,948,105,117,2025-08-06,2026-04-16,0.3675213675213675,0.3660818713450293,0.463768115942029,0.3950617283950617,0.5614035087719298,32,49,11,25,0.5128205128205128,0.4017094017094017,0.0,0.0,0.0,0.0,0.0,0.0,0.0,0.0,0.3950617283950617,0.3055555555555556,0.0,0.6923076923076923,0.3076923076923077,0.2721477106564486,0
MPHASIS,6,0.95,1000,111,59,2025-12-04,2026-04-16,0.559322033898305,0.5894117647058823,0.5666666666666667,0.4857142857142857,0.68,17,18,16,8,0.6440677966101694,0.576271186440678,0.0,0.0,0.0,0.0,0.0,0.0,0.0,0.0,0.4857142857142857,0.6666666666666667,0.0,0.5932203389830508,0.4067796610169492,0.4011369726417399,0
MUTHOOTFIN,1,0.7,711,78,113,2024-04-24,2024-12-11,0.504424778761062,0.512624584717608,0.6,0.6,0.6,42,28,15,28,0.504424778761062,0.6194690265486725,0.0,0.0,0.0,0.0,0.0,0.0,0.0,0.0,0.6,0.3488372093023255,0.0,0.6194690265486725,0.3805309734513274,0.2692534246167498,0
MUTHOOTFIN,2,0.75,762,84,112,2024-08-19,2025-04-08,0.5803571428571429,0.6200578592092574,0.591304347826087,0.6296296296296297,0.5573770491803278,34,20,31,27,0.5267857142857143,0.5446428571428571,0.0,0.0,0.0,0.0,0.0,0.0,0.0,0.0,0.6296296296296297,0.5344827586206897,0.0,0.4821428571428571,0.5178571428571429,0.1000066028542544,0
MUTHOOTFIN,3,0.8,812,90,113,2024-12-12,2025-08-13,0.5309734513274337,0.5513784461152883,0.5826771653543307,0.5285714285714286,0.6491228070175439,37,33,23,20,0.4867256637168141,0.495575221238938,0.0,0.0,0.0,0.0,0.0,0.0,0.0,0.0,0.5285714285714286,0.5348837209302326,0.0,0.6194690265486725,0.3805309734513274,0.288165300252503,0
MUTHOOTFIN,4,0.85,863,95,113,2025-04-09,2025-12-08,0.504424778761062,0.470440251572327,0.65,0.52,0.8666666666666667,52,48,5,8,0.4690265486725664,0.5221238938053098,0.0,0.0,0.0,0.0,0.0,0.0,0.0,0.0,0.52,0.3846153846153846,0.0,0.8849557522123894,0.1150442477876106,0.42228960471904,0
MUTHOOTFIN,5,0.9,914,101,113,2025-08-19,2026-04-16,0.5752212389380531,0.507051282051282,0.7272727272727273,0.5765765765765766,0.9846153846153848,64,47,1,1,0.5221238938053098,0.5752212389380531,0.0,0.0,0.0,0.0,0.0,0.0,0.0,0.0,0.5765765765765766,0.5,0.0,0.9823008849557522,0.0176991150442477,1.0,0
MUTHOOTFIN,6,0.95,964,107,57,2025-12-11,2026-04-16,0.5263157894736842,0.4833759590792839,0.6666666666666666,0.574468085106383,0.7941176470588235,27,20,3,7,0.4912280701754385,0.5964912280701754,0.0,0.0,0.0,0.0,0.0,0.0,0.0,0.0,0.574468085106383,0.3,0.0,0.8245614035087719,0.175438596491228,0.4701868964079184,0
NAUKRI,1,0.7,842,93,134,2024-02-09,2024-10-30,0.5373134328358209,0.5493868450390189,0.6172839506172839,0.5376344086021505,0.7246376811594203,50,43,22,19,0.5149253731343284,0.5149253731343284,0.0,0.0,0.0,0.0,0.0,0.0,0.0,0.0,0.5376344086021505,0.5365853658536586,0.0,0.6940298507462687,0.3059701492537313,1.0,0
NAUKRI,2,0.75,902,100,134,2024-07-02,2025-03-03,0.4925373134328358,0.4754464285714286,0.5903614457831325,0.5104166666666666,0.7,49,47,17,21,0.5447761194029851,0.4701492537313433,0.0,0.0,0.0,0.0,0.0,0.0,0.0,0.0,0.5104166666666666,0.4473684210526315,0.0,0.7164179104477612,0.2835820895522388,0.2165301644261176,0
NAUKRI,3,0.8,963,106,134,2024-11-01,2025-07-08,0.5074626865671642,0.4742704388505235,0.6071428571428571,0.504950495049505,0.7611940298507462,51,50,17,16,0.4701492537313433,0.5074626865671642,0.0,0.0,0.0,0.0,0.0,0.0,0.0,0.0,0.504950495049505,0.5151515151515151,0.0,0.753731343283582,0.2462686567164179,0.2357014069730262,0
NAUKRI,4,0.85,1023,113,134,2025-03-04,2025-11-14,0.4402985074626865,0.4467203682393555,0.5508982035928144,0.4107142857142857,0.8363636363636363,46,66,13,9,0.417910447761194,0.417910447761194,0.0,0.0,0.0,0.0,0.0,0.0,0.0,0.0,0.4107142857142857,0.5909090909090908,0.0,0.835820895522388,0.1641791044776119,0.634904287230472,0
NAUKRI,5,0.9,1083,120,134,2025-07-09,2026-04-16,0.4104477611940298,0.5740696278511405,0.5153374233128835,0.3684210526315789,0.8571428571428571,42,72,13,7,0.4328358208955223,0.4029850746268656,0.0,0.0,0.0,0.0,0.0,0.0,0.0,0.0,0.3684210526315789,0.65,0.0,0.8507462686567164,0.1492537313432835,0.1000066028542544,0
NAUKRI,6,0.95,1143,127,67,2025-11-17,2026-04-16,0.4029850746268656,0.4828571428571429,0.4594594594594595,0.3469387755102041,0.68,17,32,10,8,0.4029850746268656,0.373134328358209,0.0,0.0,0.0,0.0,0.0,0.0,0.0,0.0,0.3469387755102041,0.5555555555555556,0.0,0.7313432835820896,0.2686567164179104,1.0,0
NESTLEIND,1,0.7,629,69,100,2024-05-08,2025-01-01,0.44,0.3984,0.5409836065573771,0.4583333333333333,0.66,33,39,11,17,0.45,0.43,0.0,0.0,0.0,0.0,0.0,0.0,0.0,0.0,0.4583333333333333,0.3928571428571429,0.0,0.72,0.28,0.3503060286583995,0
NESTLEIND,2,0.75,674,74,100,2024-09-06,2025-05-08,0.52,0.4720995584102769,0.6417910447761194,0.4942528735632184,0.9148936170212766,43,44,9,4,0.51,0.55,0.0,0.0,0.0,0.0,0.0,0.0,0.0,0.0,0.4942528735632184,0.6923076923076923,0.0,0.87,0.13,0.4773053283559719,0
NESTLEIND,3,0.8,719,79,100,2025-01-03,2025-08-14,0.49,0.6086434573829532,0.6330935251798561,0.5,0.8627450980392157,44,44,5,7,0.56,0.51,0.0,0.0,0.0,0.0,0.0,0.0,0.0,0.0,0.5,0.4166666666666666,0.0,0.88,0.12,1.0,0
NESTLEIND,4,0.85,764,84,100,2025-05-09,2025-12-18,0.54,0.557422969187675,0.6567164179104478,0.5176470588235295,0.8979591836734694,44,41,10,5,0.46,0.49,0.0,0.0,0.0,0.0,0.0,0.0,0.0,0.0,0.5176470588235295,0.6666666666666667,0.0,0.85,0.15,1.0,0
NESTLEIND,5,0.9,809,89,100,2025-08-19,2026-04-16,0.46,0.5072115384615384,0.5,0.45,0.5625,27,33,19,21,0.41,0.46,0.0,0.0,0.0,0.0,0.0,0.0,0.0,0.0,0.45,0.475,0.0,0.6,0.4,0.4307775982114845,0
NESTLEIND,6,0.95,854,94,50,2025-12-19,2026-04-16,0.54,0.5888,0.5306122448979592,0.5416666666666666,0.52,13,11,14,12,0.6,0.54,0.0,0.0,0.0,0.0,0.0,0.0,0.0,0.0,0.5416666666666666,0.5384615384615384,0.0,0.48,0.52,0.577814708497932,0
NMDC,1,0.7,741,82,118,2024-05-09,2024-12-10,0.5423728813559322,0.538638322321172,0.5970149253731343,0.5333333333333333,0.6779661016949152,40,35,24,19,0.5677966101694916,0.5338983050847458,0.0,0.0,0.0,0.0,0.0,0.0,0.0,0.0,0.5333333333333333,0.5581395348837209,0.0,0.635593220338983,0.3644067796610169,0.4211902241693369,0
NMDC,2,0.75,794,88,118,2024-08-29,2025-03-27,0.4915254237288136,0.5101982189026142,0.5652173913043478,0.4936708860759494,0.6610169491525424,39,40,19,20,0.5254237288135594,0.5423728813559322,0.0,0.0,0.0,0.0,0.0,0.0,0.0,0.0,0.4936708860759494,0.4871794871794872,0.0,0.6694915254237288,0.3305084745762712,0.6540117178587265,0
NMDC,3,0.8,847,94,118,2024-12-12,2025-07-30,0.5084745762711864,0.471551724137931,0.5538461538461539,0.5142857142857142,0.6,36,34,24,24,0.5084745762711864,0.559322033898305,0.0,0.0,0.0,0.0,0.0,0.0,0.0,0.0,0.5142857142857142,0.5,0.0,0.5932203389830508,0.4067796610169492,1.0,0
NMDC,4,0.85,900,100,118,2025-03-28,2025-12-11,0.4661016949152542,0.4686781609195402,0.3225806451612903,0.4545454545454545,0.25,15,18,40,45,0.4830508474576271,0.4576271186440678,0.0,0.0,0.0,0.0,0.0,0.0,0.0,0.0,0.4545454545454545,0.4705882352941176,0.0,0.2796610169491525,0.7203389830508474,1.0,0
NMDC,5,0.9,954,105,118,2025-07-31,2026-04-16,0.4661016949152542,0.4985599078341013,0.4424778761061947,0.4901960784313725,0.4032258064516129,25,26,30,37,0.5508474576271186,0.4745762711864407,0.0,0.0,0.0,0.0,0.0,0.0,0.0,0.0,0.4901960784313725,0.4477611940298507,0.0,0.4322033898305085,0.5677966101694916,1.0,0
NMDC,6,0.95,1007,111,59,2025-12-12,2026-04-16,0.5254237288135594,0.6002331002331003,0.5483870967741935,0.5862068965517241,0.5151515151515151,17,12,14,16,0.6440677966101694,0.4745762711864407,0.0,0.0,0.0,0.0,0.0,0.0,0.0,0.0,0.5862068965517241,0.4666666666666667,0.0,0.4915254237288136,0.5084745762711864,1.0,0
NTPC,1,0.7,691,76,110,2024-04-19,2024-11-08,0.5454545454545454,0.5040322580645161,0.6710526315789473,0.5666666666666667,0.8225806451612904,51,39,9,11,0.5,0.5636363636363636,0.0,0.0,0.0,0.0,0.0,0.0,0.0,0.0,0.5666666666666667,0.4499999999999999,0.0,0.8181818181818182,0.1818181818181818,0.3368798934693663,0
NTPC,2,0.75,740,82,110,2024-08-06,2025-03-06,0.5,0.4084880636604774,0.6405228758169934,0.4851485148514851,0.9423076923076924,49,52,6,3,0.4454545454545454,0.4727272727272727,0.0,0.0,0.0,0.0,0.0,0.0,0.0,0.0,0.4851485148514851,0.6666666666666667,0.0,0.9181818181818182,0.0818181818181818,0.4320438708788163,0
NTPC,3,0.8,790,87,110,2024-11-11,2025-07-28,0.4272727272727272,0.404,0.5531914893617021,0.4285714285714285,0.78,39,52,8,11,0.4090909090909091,0.4545454545454545,0.0,0.0,0.0,0.0,0.0,0.0,0.0,0.0,0.4285714285714285,0.4210526315789473,0.0,0.8272727272727273,0.1727272727272727,0.5883270526094876,0
NTPC,4,0.85,839,93,110,2025-03-12,2025-12-05,0.5272727272727272,0.5158730158730159,0.6231884057971014,0.5119047619047619,0.7962962962962963,43,41,15,11,0.5545454545454546,0.4909090909090909,0.0,0.0,0.0,0.0,0.0,0.0,0.0,0.0,0.5119047619047619,0.5769230769230769,0.0,0.7636363636363637,0.2363636363636363,1.0,0
NTPC,5,0.9,889,98,110,2025-07-29,2026-04-16,0.5727272727272728,0.5470255898969758,0.6713286713286714,0.5714285714285714,0.8135593220338984,48,36,15,11,0.5545454545454546,0.5363636363636364,0.0,0.0,0.0,0.0,0.0,0.0,0.0,0.0,0.5714285714285714,0.5769230769230769,0.0,0.7636363636363637,0.2363636363636363,1.0,0
NTPC,6,0.95,938,104,55,2025-12-09,2026-04-16,0.6545454545454545,0.5954301075268816,0.7323943661971831,0.65,0.8387096774193549,26,14,10,5,0.5818181818181818,0.5636363636363636,0.0,0.0,0.0,0.0,0.0,0.0,0.0,0.0,0.65,0.6666666666666667,0.0,0.7272727272727273,0.2727272727272727,1.0,0
OFSS,1,0.7,687,76,109,2024-06-25,2025-01-28,0.5045871559633027,0.4993265993265993,0.4807692307692308,0.5102040816326531,0.4545454545454545,25,24,30,30,0.4770642201834862,0.4954128440366973,0.0,0.0,0.0,0.0,0.0,0.0,0.0,0.0,0.5102040816326531,0.5,0.0,0.4495412844036697,0.5504587155963303,0.288933637190957,0
OFSS,2,0.75,737,81,109,2024-10-11,2025-05-14,0.5137614678899083,0.515034965034965,0.4044943820224719,0.4,0.4090909090909091,18,27,38,26,0.5321100917431193,0.4678899082568807,0.0,0.0,0.0,0.0,0.0,0.0,0.0,0.0,0.4,0.59375,0.0,0.4128440366972477,0.5871559633027523,0.4973745910087321,0
OFSS,3,0.8,785,87,109,2025-01-29,2025-08-25,0.5045871559633027,0.495578231292517,0.490566037735849,0.4561403508771929,0.5306122448979592,26,31,29,23,0.4220183486238532,0.5229357798165137,0.0,0.0,0.0,0.0,0.0,0.0,0.0,0.0,0.4561403508771929,0.5576923076923077,0.0,0.5229357798165137,0.4770642201834862,0.5440407110670687,0
OFSS,4,0.85,835,92,109,2025-05-15,2025-12-10,0.4495412844036697,0.4308367071524966,0.5384615384615384,0.4487179487179487,0.6730769230769231,35,43,14,17,0.4403669724770642,0.4495412844036697,0.0,0.0,0.0,0.0,0.0,0.0,0.0,0.0,0.4487179487179487,0.4516129032258065,0.0,0.7155963302752294,0.2844036697247706,1.0,0
OFSS,5,0.9,883,98,110,2025-08-26,2026-04-16,0.4727272727272727,0.4993333333333333,0.5245901639344263,0.4444444444444444,0.64,32,40,20,18,0.4909090909090909,0.5,0.0,0.0,0.0,0.0,0.0,0.0,0.0,0.0,0.4444444444444444,0.5263157894736843,0.0,0.6545454545454545,0.3454545454545454,1.0,0
OFSS,6,0.95,933,103,55,2025-12-15,2026-04-16,0.5272727272727272,0.5426666666666666,0.35,0.4666666666666667,0.28,7,8,22,18,0.5818181818181818,0.5454545454545454,0.0,0.0,0.0,0.0,0.0,0.0,0.0,0.0,0.4666666666666667,0.55,0.0,0.2727272727272727,0.7272727272727273,0.1818646973322351,0
ONGC,1,0.7,723,80,115,2024-04-02,2024-12-03,0.4521739130434782,0.4644808743169398,0.5263157894736842,0.4430379746835443,0.6481481481481481,35,44,17,19,0.4869565217391304,0.4434782608695652,0.0,0.0,0.0,0.0,0.0,0.0,0.0,0.0,0.4430379746835443,0.4722222222222222,0.0,0.6869565217391305,0.3130434782608696,0.303830727167016,0
ONGC,2,0.75,775,86,114,2024-08-13,2025-03-13,0.4824561403508772,0.537987012987013,0.5426356589147286,0.4117647058823529,0.7954545454545454,35,50,20,9,0.543859649122807,0.3859649122807017,0.0,0.0,0.0,0.0,0.0,0.0,0.0,0.0,0.4117647058823529,0.6896551724137931,0.0,0.7456140350877193,0.2543859649122807,0.5076786269374832,0
ONGC,3,0.8,827,91,115,2024-12-05,2025-07-10,0.5739130434782609,0.5453995157384989,0.6423357664233577,0.5432098765432098,0.7857142857142857,44,37,22,12,0.591304347826087,0.5826086956521739,0.0,0.0,0.0,0.0,0.0,0.0,0.0,0.0,0.5432098765432098,0.6470588235294117,0.0,0.7043478260869566,0.2956521739130435,0.7297861583184161,0
ONGC,4,0.85,878,97,115,2025-03-18,2025-12-03,0.5130434782608696,0.5127504553734061,0.5942028985507246,0.5324675324675324,0.6721311475409836,41,36,18,20,0.4695652173913043,0.5739130434782609,0.0,0.0,0.0,0.0,0.0,0.0,0.0,0.0,0.5324675324675324,0.4736842105263158,0.0,0.6695652173913044,0.3304347826086956,0.7381674374849896,0
ONGC,5,0.9,930,103,115,2025-07-11,2026-04-16,0.5652173913043478,0.546865489957395,0.5833333333333334,0.603448275862069,0.5645161290322581,35,23,30,27,0.4608695652173913,0.4608695652173913,0.0,0.0,0.0,0.0,0.0,0.0,0.0,0.0,0.603448275862069,0.5263157894736843,0.0,0.5043478260869565,0.4956521739130435,1.0,0
ONGC,6,0.95,981,109,58,2025-12-04,2026-04-16,0.4655172413793103,0.4703030303030303,0.4745762711864407,0.5384615384615384,0.4242424242424242,14,12,13,19,0.396551724137931,0.5172413793103449,0.0,0.0,0.0,0.0,0.0,0.0,0.0,0.0,0.5384615384615384,0.40625,0.0,0.4482758620689655,0.5517241379310345,1.0,0
PERSISTENT,1,0.7,742,82,118,2024-05-22,2025-01-01,0.4830508474576271,0.3814496314496314,0.6211180124223602,0.5747126436781609,0.6756756756756757,50,37,7,24,0.5423728813559322,0.4915254237288136,0.0,0.0,0.0,0.0,0.0,0.0,0.0,0.0,0.5747126436781609,0.2258064516129032,0.0,0.7372881355932204,0.2627118644067797,0.3812854263619235,0
PERSISTENT,2,0.75,795,88,118,2024-09-09,2025-04-22,0.4406779661016949,0.4137931034482759,0.5285714285714286,0.4625,0.6166666666666667,37,43,15,23,0.4661016949152542,0.4322033898305085,0.0,0.0,0.0,0.0,0.0,0.0,0.0,0.0,0.4625,0.3947368421052631,0.0,0.6779661016949152,0.3220338983050847,0.3454958075896449,0
PERSISTENT,3,0.8,848,94,118,2025-01-03,2025-08-11,0.4491525423728814,0.5077553409423471,0.5637583892617449,0.4285714285714285,0.8235294117647058,42,56,11,9,0.4406779661016949,0.4491525423728814,0.0,0.0,0.0,0.0,0.0,0.0,0.0,0.0,0.4285714285714285,0.55,0.0,0.8305084745762712,0.1694915254237288,0.4089937529183185,0
PERSISTENT,4,0.85,901,100,118,2025-04-24,2025-12-09,0.4915254237288136,0.4605414746543779,0.6511627906976745,0.4827586206896552,1.0,56,60,2,0,0.4322033898305085,0.4745762711864407,0.0,0.0,0.0,0.0,0.0,0.0,0.0,0.0,0.4827586206896552,1.0,0.0,0.9830508474576272,0.0169491525423728,1.0,0
PERSISTENT,5,0.9,954,106,118,2025-08-13,2026-04-16,0.4830508474576271,0.5230414746543779,0.6211180124223602,0.4761904761904761,0.8928571428571429,50,55,7,6,0.5084745762711864,0.559322033898305,0.0,0.0,0.0,0.0,0.0,0.0,0.0,0.0,0.4761904761904761,0.5384615384615384,0.0,0.8898305084745762,0.1101694915254237,1.0,0
PERSISTENT,6,0.95,1008,111,59,2025-12-10,2026-04-16,0.4576271186440678,0.4592074592074592,0.5151515151515151,0.425,0.6538461538461539,17,23,10,9,0.4576271186440678,0.4745762711864407,0.0,0.0,0.0,0.0,0.0,0.0,0.0,0.0,0.425,0.5263157894736843,0.0,0.6779661016949152,0.3220338983050847,1.0,0
POLYCAB,1,0.7,684,75,109,2024-06-21,2025-01-17,0.5504587155963303,0.5326599326599326,0.6754966887417219,0.53125,0.9272727272727272,51,45,9,4,0.5504587155963303,0.5412844036697247,0.0,0.0,0.0,0.0,0.0,0.0,0.0,0.0,0.53125,0.6923076923076923,0.0,0.8807339449541285,0.1192660550458715,0.2660366360197023,0
POLYCAB,2,0.75,732,81,109,2024-09-27,2025-05-20,0.5137614678899083,0.5212981744421907,0.6442953020134228,0.5274725274725275,0.8275862068965517,48,43,8,10,0.5412844036697247,0.4587155963302752,0.0,0.0,0.0,0.0,0.0,0.0,0.0,0.0,0.5274725274725275,0.4444444444444444,0.0,0.8348623853211009,0.1651376146788991,0.6681342697829266,0
POLYCAB,3,0.8,782,86,108,2025-01-20,2025-08-29,0.5277777777777778,0.4741379310344827,0.6832298136645962,0.5339805825242718,0.9482758620689656,55,48,2,3,0.4444444444444444,0.5370370370370371,0.0,0.0,0.0,0.0,0.0,0.0,0.0,0.0,0.5339805825242718,0.4,0.0,0.9537037037037036,0.0462962962962962,0.4962527512795968,0
POLYCAB,4,0.85,830,92,108,2025-05-21,2025-12-16,0.4537037037037037,0.4289148351648351,0.6143790849673203,0.4845360824742268,0.8392857142857143,47,50,2,9,0.4351851851851852,0.5092592592592593,0.0,0.0,0.0,0.0,0.0,0.0,0.0,0.0,0.4845360824742268,0.1818181818181817,0.0,0.8981481481481481,0.1018518518518518,0.3627301986021604,0
POLYCAB,5,0.9,879,97,109,2025-09-01,2026-04-16,0.4678899082568807,0.5020215633423181,0.6027397260273972,0.4888888888888889,0.7857142857142857,44,46,7,12,0.4128440366972477,0.4587155963302752,0.0,0.0,0.0,0.0,0.0,0.0,0.0,0.0,0.4888888888888889,0.368421052631579,0.0,0.8256880733944955,0.1743119266055046,0.3909013671145542,0
POLYCAB,6,0.95,927,103,55,2025-12-18,2026-04-16,0.5272727272727272,0.4066666666666667,0.6486486486486487,0.5454545454545454,0.8,24,20,5,6,0.3818181818181818,0.5272727272727272,0.0,0.0,0.0,0.0,0.0,0.0,0.0,0.0,0.5454545454545454,0.4545454545454546,0.0,0.8,0.2,1.0,0
POWERGRID,1,0.7,684,76,108,2024-03-22,2024-11-11,0.5277777777777778,0.4836805555555556,0.6277372262773723,0.5584415584415584,0.7166666666666667,43,34,14,17,0.5648148148148148,0.6203703703703703,0.0,0.0,0.0,0.0,0.0,0.0,0.0,0.0,0.5584415584415584,0.4516129032258065,0.0,0.7129629629629629,0.287037037037037,0.2864348875381601,0
POWERGRID,2,0.75,733,81,109,2024-07-26,2025-03-06,0.4770642201834862,0.4996610169491525,0.6122448979591837,0.4639175257731959,0.9,45,52,7,5,0.5137614678899083,0.4587155963302752,0.0,0.0,0.0,0.0,0.0,0.0,0.0,0.0,0.4639175257731959,0.5833333333333333,0.0,0.8899082568807339,0.110091743119266,0.2834357179332822,0
POWERGRID,3,0.8,782,86,109,2024-11-12,2025-07-04,0.5504587155963303,0.4720350404312668,0.6918238993710691,0.5339805825242718,0.9821428571428572,55,48,5,1,0.4862385321100917,0.5137614678899083,0.0,0.0,0.0,0.0,0.0,0.0,0.0,0.0,0.5339805825242718,0.8333333333333334,0.0,0.944954128440367,0.055045871559633,1.0,0
POWERGRID,4,0.85,831,92,108,2025-03-07,2025-11-24,0.5277777777777778,0.6160714285714286,0.6832298136645962,0.5238095238095238,0.9821428571428572,55,50,2,1,0.5370370370370371,0.5185185185185185,0.0,0.0,0.0,0.0,0.0,0.0,0.0,0.0,0.5238095238095238,0.6666666666666667,0.0,0.9722222222222222,0.0277777777777777,1.0,0
POWERGRID,5,0.9,880,97,109,2025-07-08,2026-04-16,0.4587155963302752,0.5197278911564627,0.5986394557823129,0.4489795918367347,0.8979591836734694,44,54,6,5,0.4587155963302752,0.4403669724770642,0.0,0.0,0.0,0.0,0.0,0.0,0.0,0.0,0.4489795918367347,0.5454545454545454,0.0,0.8990825688073395,0.1009174311926605,1.0,0
POWERGRID,6,0.95,928,103,55,2025-11-25,2026-04-16,0.3636363636363636,0.3817934782608695,0.4444444444444444,0.35,0.6086956521739131,14,26,6,9,0.3818181818181818,0.4181818181818181,0.0,0.0,0.0,0.0,0.0,0.0,0.0,0.0,0.35,0.4,0.0,0.7272727272727273,0.2727272727272727,0.7647314202578211,0
RELIANCE,1,0.7,668,74,106,2024-03-27,2024-12-02,0.5094339622641509,0.5213675213675213,0.48,0.5217391304347826,0.4444444444444444,24,22,30,30,0.5754716981132075,0.490566037735849,0.0,0.0,0.0,0.0,0.0,0.0,0.0,0.0,0.5217391304347826,0.5,0.0,0.4339622641509434,0.5660377358490566,0.4619682968303329,0
RELIANCE,2,0.75,716,79,106,2024-08-02,2025-03-13,0.4150943396226415,0.4514965741074648,0.5,0.4025974025974026,0.6595744680851063,31,46,13,16,0.5377358490566038,0.4528301886792453,0.0,0.0,0.0,0.0,0.0,0.0,0.0,0.0,0.4025974025974026,0.4482758620689655,0.0,0.7264150943396226,0.2735849056603773,0.2490762270729587,0
RELIANCE,3,0.8,764,84,106,2024-12-03,2025-07-11,0.4716981132075472,0.4782142857142857,0.5692307692307692,0.4625,0.74,37,43,13,13,0.5094339622641509,0.4811320754716981,0.0,0.0,0.0,0.0,0.0,0.0,0.0,0.0,0.4625,0.5,0.0,0.7547169811320755,0.2452830188679245,0.4149754874456733,0
RELIANCE,4,0.85,811,90,106,2025-03-18,2025-12-02,0.5660377358490566,0.5788536845852618,0.5490196078431373,0.5714285714285714,0.5283018867924528,28,21,32,25,0.5377358490566038,0.5188679245283019,0.0,0.0,0.0,0.0,0.0,0.0,0.0,0.0,0.5714285714285714,0.5614035087719298,0.0,0.4622641509433962,0.5377358490566038,1.0,0
RELIANCE,5,0.9,859,95,106,2025-07-16,2026-04-16,0.4339622641509434,0.4640313390313391,0.4339622641509434,0.4259259259259259,0.4423076923076923,23,31,23,29,0.490566037735849,0.5471698113207547,0.0,0.0,0.0,0.0,0.0,0.0,0.0,0.0,0.4259259259259259,0.4423076923076923,0.0,0.5094339622641509,0.490566037735849,1.0,0
RELIANCE,6,0.95,907,100,53,2025-12-08,2026-04-16,0.5849056603773585,0.6225071225071226,0.5925925925925926,0.5925925925925926,0.5925925925925926,16,11,15,11,0.4716981132075472,0.4716981132075472,0.0,0.0,0.0,0.0,0.0,0.0,0.0,0.0,0.5925925925925926,0.5769230769230769,0.0,0.5094339622641509,0.490566037735849,0.113342545189958,0
SAIL,1,0.7,762,84,121,2024-04-15,2024-12-06,0.5537190082644629,0.5668859649122807,0.5714285714285714,0.5217391304347826,0.631578947368421,36,33,31,21,0.512396694214876,0.5454545454545454,0.0,0.0,0.0,0.0,0.0,0.0,0.0,0.0,0.5217391304347826,0.5961538461538461,0.0,0.5702479338842975,0.4297520661157025,0.4423324096630915,0
SAIL,2,0.75,816,90,121,2024-08-13,2025-03-21,0.5206611570247934,0.4928728070175437,0.6081081081081081,0.4945054945054945,0.7894736842105263,45,46,18,12,0.5289256198347108,0.4793388429752066,0.0,0.0,0.0,0.0,0.0,0.0,0.0,0.0,0.4945054945054945,0.6,0.0,0.7520661157024794,0.2479338842975206,0.5163901483727914,0
SAIL,3,0.8,871,96,121,2024-12-09,2025-08-01,0.4793388429752066,0.5032804811372334,0.5935483870967742,0.4791666666666667,0.7796610169491526,46,50,12,13,0.4876033057851239,0.4628099173553719,0.0,0.0,0.0,0.0,0.0,0.0,0.0,0.0,0.4791666666666667,0.48,0.0,0.7933884297520661,0.2066115702479339,1.4842035878349435,0
SAIL,4,0.85,925,102,121,2025-03-24,2025-12-10,0.5619834710743802,0.5944170771756978,0.6344827586206897,0.5287356321839081,0.7931034482758621,46,41,22,12,0.512396694214876,0.4793388429752066,0.0,0.0,0.0,0.0,0.0,0.0,0.0,0.0,0.5287356321839081,0.6470588235294117,0.0,0.71900826446281,0.2809917355371901,1.0,0
SAIL,5,0.9,980,108,121,2025-08-05,2026-04-16,0.6033057851239669,0.5560415527610716,0.6065573770491803,0.5873015873015873,0.6271186440677966,37,26,36,22,0.5702479338842975,0.5289256198347108,0.0,0.0,0.0,0.0,0.0,0.0,0.0,0.0,0.5873015873015873,0.6206896551724138,0.0,0.5206611570247934,0.4793388429752066,1.0,0
SAIL,6,0.95,1034,114,61,2025-12-11,2026-04-16,0.3934426229508196,0.3408602150537634,0.3272727272727272,0.375,0.2903225806451613,9,15,15,22,0.5081967213114754,0.4918032786885246,0.0,0.0,0.0,0.0,0.0,0.0,0.0,0.0,0.375,0.4054054054054054,0.0,0.3934426229508196,0.6065573770491803,0.1441214651557991,0
SBILIFE,1,0.7,662,73,105,2024-04-10,2024-11-28,0.4666666666666667,0.5043859649122807,0.5254237288135594,0.5081967213114754,0.543859649122807,31,30,18,26,0.4857142857142857,0.5333333333333333,0.0,0.0,0.0,0.0,0.0,0.0,0.0,0.0,0.5081967213114754,0.409090909090909,0.0,0.580952380952381,0.419047619047619,1.0,0
SBILIFE,2,0.75,710,78,105,2024-08-05,2025-03-20,0.4761904761904761,0.4564270152505447,0.5299145299145299,0.4696969696969697,0.6078431372549019,31,35,19,20,0.4761904761904761,0.4666666666666667,0.0,0.0,0.0,0.0,0.0,0.0,0.0,0.0,0.4696969696969697,0.4871794871794872,0.0,0.6285714285714286,0.3714285714285714,0.384834564153563,0
SBILIFE,3,0.8,756,84,105,2024-12-02,2025-07-23,0.4761904761904761,0.5141509433962264,0.5217391304347826,0.4761904761904761,0.5769230769230769,30,33,20,22,0.4761904761904761,0.4952380952380952,0.0,0.0,0.0,0.0,0.0,0.0,0.0,0.0,0.4761904761904761,0.4761904761904761,0.0,0.6,0.4,1.0,0
SBILIFE,4,0.85,804,89,105,2025-03-21,2025-12-01,0.4857142857142857,0.4585454545454545,0.6197183098591549,0.5057471264367817,0.8,44,43,7,11,0.4761904761904761,0.5238095238095238,0.0,0.0,0.0,0.0,0.0,0.0,0.0,0.0,0.5057471264367817,0.3888888888888888,0.0,0.8285714285714286,0.1714285714285714,1.0,0
SBILIFE,5,0.9,851,94,106,2025-07-24,2026-04-16,0.4622641509433962,0.4755747126436781,0.5128205128205128,0.5084745762711864,0.5172413793103449,30,29,19,28,0.5377358490566038,0.5471698113207547,0.0,0.0,0.0,0.0,0.0,0.0,0.0,0.0,0.5084745762711864,0.4042553191489362,0.0,0.5566037735849056,0.4433962264150943,1.0,0
SBILIFE,6,0.95,899,99,53,2025-12-02,2026-04-16,0.5660377358490566,0.5128571428571429,0.6101694915254238,0.5806451612903226,0.6428571428571429,18,13,12,10,0.6226415094339622,0.4716981132075472,0.0,0.0,0.0,0.0,0.0,0.0,0.0,0.0,0.5806451612903226,0.5454545454545454,0.0,0.5849056603773585,0.4150943396226415,0.436870810275698,0
SBIN,1,0.7,678,75,107,2024-03-20,2024-11-06,0.5046728971962616,0.4696969696969696,0.6293706293706294,0.5625,0.7142857142857143,45,35,9,18,0.5700934579439252,0.5887850467289719,0.0,0.0,0.0,0.0,0.0,0.0,0.0,0.0,0.5625,0.3333333333333333,0.0,0.7476635514018691,0.2523364485981308,0.1404475170192436,0
SBIN,2,0.75,727,80,107,2024-07-19,2025-02-20,0.5514018691588785,0.492280701754386,0.6129032258064516,0.5135135135135135,0.76,38,36,21,12,0.5046728971962616,0.4766355140186916,0.0,0.0,0.0,0.0,0.0,0.0,0.0,0.0,0.5135135135135135,0.6363636363636364,0.0,0.6915887850467289,0.308411214953271,0.4119308713580401,0
SBIN,3,0.8,774,86,108,2024-11-07,2025-07-04,0.5462962962962963,0.5578044596912521,0.6620689655172414,0.5217391304347826,0.9056603773584906,48,44,11,5,0.5648148148148148,0.5370370370370371,0.0,0.0,0.0,0.0,0.0,0.0,0.0,0.0,0.5217391304347826,0.6875,0.0,0.8518518518518519,0.1481481481481481,0.3609753331865621,0
SBIN,4,0.85,823,91,108,2025-02-21,2025-12-02,0.5833333333333334,0.5549354726194629,0.7133757961783439,0.5833333333333334,0.918032786885246,56,40,7,5,0.5740740740740741,0.5740740740740741,0.0,0.0,0.0,0.0,0.0,0.0,0.0,0.0,0.5833333333333334,0.5833333333333333,0.0,0.8888888888888888,0.1111111111111111,1.0,0
SBIN,5,0.9,872,96,108,2025-07-14,2026-04-16,0.5833333333333334,0.5262784090909092,0.7169811320754716,0.6,0.890625,57,38,6,7,0.5833333333333334,0.5925925925925926,0.0,0.0,0.0,0.0,0.0,0.0,0.0,0.0,0.6,0.4615384615384615,0.0,0.8796296296296297,0.1203703703703703,0.1000066028542544,0
SBIN,6,0.95,920,102,54,2025-12-04,2026-04-16,0.5925925925925926,0.5324675324675325,0.717948717948718,0.6222222222222222,0.8484848484848485,28,17,4,5,0.6481481481481481,0.6481481481481481,0.0,0.0,0.0,0.0,0.0,0.0,0.0,0.0,0.6222222222222222,0.4444444444444444,0.0,0.8333333333333334,0.1666666666666666,0.486648500252788,0
SHRIRAMFIN,1,0.7,744,82,118,2024-05-16,2025-01-03,0.4576271186440678,0.4707754629629629,0.5,0.5,0.5,32,32,22,32,0.5,0.5423728813559322,0.0,0.0,0.0,0.0,0.0,0.0,0.0,0.0,0.5,0.4074074074074074,0.0,0.5423728813559322,0.4576271186440678,0.3296344580774663,0
SHRIRAMFIN,2,0.75,797,88,118,2024-09-06,2025-04-30,0.4067796610169492,0.4077922077922078,0.4262295081967213,0.3880597014925373,0.4727272727272727,26,41,22,29,0.4067796610169492,0.4661016949152542,0.0,0.0,0.0,0.0,0.0,0.0,0.0,0.0,0.3880597014925373,0.4313725490196078,0.0,0.5677966101694916,0.4322033898305085,0.1203433932148546,0
SHRIRAMFIN,3,0.8,850,94,118,2025-01-07,2025-08-13,0.3983050847457627,0.4152958152958153,0.5359477124183006,0.4183673469387755,0.7454545454545455,41,57,6,14,0.5338983050847458,0.4661016949152542,0.0,0.0,0.0,0.0,0.0,0.0,0.0,0.0,0.4183673469387755,0.3,0.0,0.8305084745762712,0.1694915254237288,0.671440516297568,0
SHRIRAMFIN,4,0.85,903,100,118,2025-05-05,2025-12-09,0.5084745762711864,0.5489631336405529,0.5538461538461539,0.5294117647058824,0.5806451612903226,36,32,24,26,0.6016949152542372,0.5169491525423728,0.0,0.0,0.0,0.0,0.0,0.0,0.0,0.0,0.5294117647058824,0.48,0.0,0.576271186440678,0.423728813559322,1.0,0
SHRIRAMFIN,5,0.9,956,106,118,2025-08-14,2026-04-16,0.4322033898305085,0.4392742171495464,0.4806201550387597,0.5,0.4626865671641791,31,31,20,36,0.4661016949152542,0.5,0.0,0.0,0.0,0.0,0.0,0.0,0.0,0.0,0.5,0.3571428571428571,0.0,0.5254237288135594,0.4745762711864407,1.0,0
SHRIRAMFIN,6,0.95,1009,112,59,2025-12-10,2026-04-16,0.4406779661016949,0.4004629629629629,0.4590163934426229,0.4827586206896552,0.4375,14,15,12,18,0.5254237288135594,0.5084745762711864,0.0,0.0,0.0,0.0,0.0,0.0,0.0,0.0,0.4827586206896552,0.4,0.0,0.4915254237288136,0.5084745762711864,0.1000066028542544,0
SIEMENS,1,0.7,798,88,127,2024-02-15,2024-11-07,0.5905511811023622,0.5931293612453032,0.6904761904761905,0.6666666666666666,0.7160493827160493,58,29,17,23,0.6377952755905512,0.5984251968503937,0.0,0.0,0.0,0.0,0.0,0.0,0.0,0.0,0.6666666666666666,0.425,0.0,0.6850393700787402,0.3149606299212598,0.1469315049354882,0
SIEMENS,2,0.75,855,95,126,2024-06-27,2025-03-06,0.5238095238095238,0.5020161290322581,0.6103896103896104,0.5108695652173914,0.7580645161290323,47,45,19,15,0.4682539682539682,0.492063492063492,0.0,0.0,0.0,0.0,0.0,0.0,0.0,0.0,0.5108695652173914,0.5588235294117647,0.0,0.7301587301587301,0.2698412698412698,0.1153696028379006,0
SIEMENS,3,0.8,912,101,127,2024-11-08,2025-07-15,0.4803149606299212,0.4781637717121588,0.6162790697674418,0.4818181818181818,0.8548387096774194,53,57,8,9,0.5433070866141733,0.4724409448818897,0.0,0.0,0.0,0.0,0.0,0.0,0.0,0.0,0.4818181818181818,0.4705882352941176,0.0,0.8661417322834646,0.1338582677165354,0.2719800641109324,0
SIEMENS,4,0.85,969,107,127,2025-03-07,2025-12-01,0.5039370078740157,0.4370646766169154,0.64,0.5185185185185185,0.835820895522388,56,52,8,11,0.4960629921259842,0.4803149606299212,0.0,0.0,0.0,0.0,0.0,0.0,0.0,0.0,0.5185185185185185,0.4210526315789473,0.0,0.8503937007874016,0.1496062992125984,0.4532487252855714,0
SIEMENS,5,0.9,1026,114,127,2025-07-16,2026-04-16,0.4960629921259842,0.4680957128614157,0.6631578947368421,0.5163934426229508,0.9264705882352942,63,59,0,5,0.5039370078740157,0.4803149606299212,0.0,0.0,0.0,0.0,0.0,0.0,0.0,0.0,0.5163934426229508,0.0,0.0,0.9606299212598424,0.0393700787401574,0.3008908812450269,0
SIEMENS,6,0.95,1083,120,64,2025-12-02,2026-04-16,0.53125,0.4235294117647059,0.6428571428571429,0.54,0.7941176470588235,27,23,7,7,0.515625,0.546875,0.0,0.0,0.0,0.0,0.0,0.0,0.0,0.0,0.54,0.5,0.0,0.78125,0.21875,1.0,0
SUNPHARMA,1,0.7,662,73,105,2024-03-13,2024-11-05,0.4571428571428571,0.483371126228269,0.4864864864864865,0.5625,0.4285714285714285,27,21,21,36,0.5333333333333333,0.4952380952380952,0.0,0.0,0.0,0.0,0.0,0.0,0.0,0.0,0.5625,0.368421052631579,0.0,0.4571428571428571,0.5428571428571428,1.0,0
SUNPHARMA,2,0.75,710,78,105,2024-07-15,2025-03-11,0.5142857142857142,0.5112481857764877,0.5565217391304348,0.5161290322580645,0.6037735849056604,32,30,22,21,0.5428571428571428,0.5333333333333333,0.0,0.0,0.0,0.0,0.0,0.0,0.0,0.0,0.5161290322580645,0.5116279069767442,0.0,0.5904761904761905,0.4095238095238095,0.2756740430987226,0
SUNPHARMA,3,0.8,756,84,105,2024-11-06,2025-07-15,0.4571428571428571,0.4788011695906433,0.5581395348837209,0.4444444444444444,0.75,36,45,12,12,0.4666666666666667,0.4476190476190476,0.0,0.0,0.0,0.0,0.0,0.0,0.0,0.0,0.4444444444444444,0.5,0.0,0.7714285714285715,0.2285714285714285,0.4620102152983896,0
SUNPHARMA,4,0.85,804,89,105,2025-03-13,2025-12-01,0.6095238095238096,0.4904200442151806,0.7092198581560284,0.6097560975609756,0.847457627118644,50,32,14,9,0.5333333333333333,0.5904761904761905,0.0,0.0,0.0,0.0,0.0,0.0,0.0,0.0,0.6097560975609756,0.6086956521739131,0.0,0.780952380952381,0.219047619047619,0.3771638068854293,0
SUNPHARMA,5,0.9,851,94,106,2025-07-17,2026-04-16,0.6226415094339622,0.6292857142857143,0.6923076923076923,0.6081081081081081,0.8035714285714286,45,29,21,11,0.5754716981132075,0.5754716981132075,0.0,0.0,0.0,0.0,0.0,0.0,0.0,0.0,0.6081081081081081,0.65625,0.0,0.6981132075471698,0.3018867924528302,0.8138661233012311,0
SUNPHARMA,6,0.95,899,99,53,2025-12-02,2026-04-16,0.6226415094339622,0.64,0.6153846153846154,0.5925925925925926,0.64,16,11,17,9,0.6415094339622641,0.490566037735849,0.0,0.0,0.0,0.0,0.0,0.0,0.0,0.0,0.5925925925925926,0.6538461538461539,0.0,0.5094339622641509,0.490566037735849,0.7348334464326146,0
TATACONSUM,1,0.7,696,77,111,2024-03-27,2024-12-09,0.5315315315315315,0.4987004548408057,0.4222222222222222,0.5277777777777778,0.3518518518518518,19,17,40,35,0.4774774774774775,0.5225225225225225,0.0,0.0,0.0,0.0,0.0,0.0,0.0,0.0,0.5277777777777778,0.5333333333333333,0.0,0.3243243243243243,0.6756756756756757,1.0,0
TATACONSUM,2,0.75,746,82,111,2024-08-09,2025-04-04,0.5225225225225225,0.4905844155844156,0.5619834710743802,0.5230769230769231,0.6071428571428571,34,31,24,22,0.5135135135135135,0.5135135135135135,0.0,0.0,0.0,0.0,0.0,0.0,0.0,0.0,0.5230769230769231,0.5217391304347826,0.0,0.5855855855855856,0.4144144144144144,0.3257524745360688,0
TATACONSUM,3,0.8,796,88,110,2024-12-10,2025-07-29,0.4090909090909091,0.3816617014233697,0.5185185185185185,0.4487179487179487,0.6140350877192983,35,43,10,22,0.4636363636363636,0.4636363636363636,0.0,0.0,0.0,0.0,0.0,0.0,0.0,0.0,0.4487179487179487,0.3125,0.0,0.7090909090909091,0.2909090909090909,0.6184053163493605,0
TATACONSUM,4,0.85,846,93,110,2025-04-07,2025-12-05,0.4818181818181818,0.4862809917355372,0.6225165562913907,0.4895833333333333,0.8545454545454545,47,49,6,8,0.4909090909090909,0.5636363636363636,0.0,0.0,0.0,0.0,0.0,0.0,0.0,0.0,0.4895833333333333,0.4285714285714286,0.0,0.8727272727272727,0.1272727272727272,0.2520183849731782,0
TATACONSUM,5,0.9,895,99,111,2025-08-04,2026-04-16,0.5225225225225225,0.5172413793103449,0.5691056910569106,0.5384615384615384,0.603448275862069,35,30,23,23,0.5495495495495496,0.4774774774774775,0.0,0.0,0.0,0.0,0.0,0.0,0.0,0.0,0.5384615384615384,0.5,0.0,0.5855855855855856,0.4144144144144144,1.0,0
TATACONSUM,6,0.95,945,104,56,2025-12-09,2026-04-16,0.5178571428571429,0.4393358876117497,0.6493506493506493,0.5208333333333334,0.8620689655172413,25,23,4,4,0.5357142857142857,0.5178571428571429,0.0,0.0,0.0,0.0,0.0,0.0,0.0,0.0,0.5208333333333334,0.5,0.0,0.8571428571428571,0.1428571428571428,1.0,0
TATAELXSI,1,0.7,719,79,114,2024-04-16,2024-12-12,0.4736842105263157,0.4989214175654853,0.4545454545454545,0.4545454545454545,0.4545454545454545,25,30,29,30,0.4385964912280701,0.5175438596491229,0.0,0.0,0.0,0.0,0.0,0.0,0.0,0.0,0.4545454545454545,0.4915254237288136,0.0,0.4824561403508772,0.5175438596491229,0.3063503382494318,0
TATAELXSI,2,0.75,770,85,114,2024-08-28,2025-04-07,0.4210526315789473,0.4604636392505558,0.3653846153846153,0.3333333333333333,0.4042553191489361,19,38,29,28,0.5087719298245614,0.5263157894736842,0.0,0.0,0.0,0.0,0.0,0.0,0.0,0.0,0.3333333333333333,0.5087719298245614,0.0,0.5,0.5,0.1926251387252788,0
TATAELXSI,3,0.8,821,91,114,2024-12-16,2025-08-11,0.5526315789473685,0.538151364764268,0.5142857142857142,0.5094339622641509,0.5192307692307693,27,26,36,25,0.5877192982456141,0.5263157894736842,0.0,0.0,0.0,0.0,0.0,0.0,0.0,0.0,0.5094339622641509,0.5901639344262295,0.0,0.4649122807017544,0.5350877192982456,0.5564052343638953,0
TATAELXSI,4,0.85,873,96,114,2025-04-08,2025-12-09,0.5175438596491229,0.3860191772347665,0.2253521126760563,0.4444444444444444,0.1509433962264151,8,10,51,45,0.4561403508771929,0.5350877192982456,0.0,0.0,0.0,0.0,0.0,0.0,0.0,0.0,0.4444444444444444,0.53125,0.0,0.1578947368421052,0.8421052631578947,0.1279879744690172,0
TATAELXSI,5,0.9,924,102,115,2025-08-12,2026-04-16,0.5217391304347826,0.4922263681592039,0.3820224719101123,0.4146341463414634,0.3541666666666667,17,24,43,31,0.5043478260869565,0.5826086956521739,0.0,0.0,0.0,0.0,0.0,0.0,0.0,0.0,0.4146341463414634,0.5810810810810811,0.0,0.3565217391304348,0.6434782608695652,0.2415135687712126,0
TATAELXSI,6,0.95,975,108,58,2025-12-10,2026-04-16,0.4655172413793103,0.5066666666666666,0.5373134328358209,0.4285714285714285,0.72,18,24,9,7,0.5,0.5689655172413793,0.0,0.0,0.0,0.0,0.0,0.0,0.0,0.0,0.4285714285714285,0.5625,0.0,0.7241379310344828,0.2758620689655172,1.0,0
TATAPOWER,1,0.7,807,89,128,2023-11-13,2024-08-23,0.5234375,0.5566590272472625,0.6114649681528662,0.6,0.6233766233766234,48,32,19,29,0.5625,0.5859375,0.0,0.0,0.0,0.0,0.0,0.0,0.0,0.0,0.6,0.3958333333333333,0.0,0.625,0.375,0.4369301259954508,0
TATAPOWER,2,0.75,864,96,128,2024-04-02,2025-01-16,0.4765625,0.4786706349206349,0.588957055214724,0.5274725274725275,0.6666666666666666,48,43,13,24,0.5234375,0.4765625,0.0,0.0,0.0,0.0,0.0,0.0,0.0,0.0,0.5274725274725275,0.3513513513513513,0.0,0.7109375,0.2890625,0.4636205577917966,0
TATAPOWER,3,0.8,922,102,128,2024-08-26,2025-06-12,0.46875,0.4699091132399902,0.5526315789473685,0.5060240963855421,0.6086956521739131,42,41,18,27,0.4453125,0.484375,0.0,0.0,0.0,0.0,0.0,0.0,0.0,0.0,0.5060240963855421,0.4,0.0,0.6484375,0.3515625,0.4695006092943194,0
TATAPOWER,4,0.85,980,108,128,2025-01-20,2025-11-03,0.5625,0.5026960784313725,0.654320987654321,0.5638297872340425,0.7794117647058824,53,41,19,15,0.5390625,0.5234375,0.0,0.0,0.0,0.0,0.0,0.0,0.0,0.0,0.5638297872340425,0.5588235294117647,0.0,0.734375,0.265625,0.35110160683428,0
TATAPOWER,5,0.9,1037,115,129,2025-06-13,2026-04-16,0.4651162790697674,0.5052961001444392,0.6011560693641619,0.4684684684684684,0.8387096774193549,52,59,8,10,0.5038759689922481,0.4806201550387597,0.0,0.0,0.0,0.0,0.0,0.0,0.0,0.0,0.4684684684684684,0.4444444444444444,0.0,0.8604651162790697,0.1395348837209302,0.6293847729202096,0
TATAPOWER,6,0.95,1095,121,65,2025-11-04,2026-04-16,0.4769230769230769,0.5285714285714287,0.6046511627906976,0.4642857142857143,0.8666666666666667,26,30,5,4,0.4461538461538462,0.4769230769230769,0.0,0.0,0.0,0.0,0.0,0.0,0.0,0.0,0.4642857142857143,0.5555555555555556,0.0,0.8615384615384616,0.1384615384615384,1.0,0
TATASTEEL,1,0.7,826,91,131,2023-12-12,2024-10-04,0.5572519083969466,0.6179378531073446,0.6375,0.5795454545454546,0.7083333333333334,51,37,22,21,0.5725190839694656,0.549618320610687,0.0,0.0,0.0,0.0,0.0,0.0,0.0,0.0,0.5795454545454546,0.5116279069767442,0.0,0.6717557251908397,0.3282442748091603,0.2653218948991201,0
TATASTEEL,2,0.75,885,98,131,2024-05-10,2025-02-05,0.4732824427480916,0.426107226107226,0.6057142857142858,0.4862385321100917,0.803030303030303,53,56,9,13,0.4809160305343511,0.4351145038167939,0.0,0.0,0.0,0.0,0.0,0.0,0.0,0.0,0.4862385321100917,0.409090909090909,0.0,0.8320610687022901,0.1679389312977099,0.5178448864994274,0
TATASTEEL,3,0.8,944,104,131,2024-10-07,2025-06-26,0.4351145038167939,0.4456623134328358,0.5647058823529412,0.4660194174757281,0.7164179104477612,48,55,9,19,0.4503816793893129,0.4732824427480916,0.0,0.0,0.0,0.0,0.0,0.0,0.0,0.0,0.4660194174757281,0.3214285714285714,0.0,0.7862595419847328,0.2137404580152671,0.6189794164148389,0
TATASTEEL,4,0.85,1003,111,131,2025-02-06,2025-11-21,0.5190839694656488,0.4990662931839403,0.6440677966101694,0.5229357798165137,0.8382352941176471,57,52,11,11,0.4580152671755725,0.5190839694656488,0.0,0.0,0.0,0.0,0.0,0.0,0.0,0.0,0.5229357798165137,0.5,0.0,0.8320610687022901,0.1679389312977099,1.0,0
TATASTEEL,5,0.9,1062,117,132,2025-06-27,2026-04-16,0.5151515151515151,0.5130853994490359,0.6235294117647059,0.5096153846153846,0.803030303030303,53,51,15,13,0.4924242424242424,0.5,0.0,0.0,0.0,0.0,0.0,0.0,0.0,0.0,0.5096153846153846,0.5357142857142857,0.0,0.7878787878787878,0.2121212121212121,1.0,0
TATASTEEL,6,0.95,1121,124,66,2025-11-24,2026-04-16,0.5,0.5391705069124424,0.6024096385542169,0.5208333333333334,0.7142857142857143,25,23,8,10,0.5151515151515151,0.5606060606060606,0.0,0.0,0.0,0.0,0.0,0.0,0.0,0.0,0.5208333333333334,0.4444444444444444,0.0,0.7272727272727273,0.2727272727272727,0.3685795095743819,0
TCS,1,0.7,635,70,101,2024-04-09,2024-12-12,0.4851485148514851,0.5070754716981132,0.559322033898305,0.5076923076923077,0.6226415094339622,33,32,16,20,0.4752475247524752,0.4752475247524752,0.0,0.0,0.0,0.0,0.0,0.0,0.0,0.0,0.5076923076923077,0.4444444444444444,0.0,0.6435643564356436,0.3564356435643564,0.5024422717806748,0
TCS,2,0.75,681,75,100,2024-08-13,2025-04-16,0.5,0.5211038961038961,0.6323529411764706,0.4673913043478261,0.9772727272727272,43,49,7,1,0.47,0.44,0.0,0.0,0.0,0.0,0.0,0.0,0.0,0.0,0.4673913043478261,0.875,0.0,0.92,0.08,0.1286832086387226,0
TCS,3,0.8,726,80,101,2024-12-13,2025-08-21,0.4455445544554455,0.4795081967213115,0.4716981132075472,0.3787878787878788,0.625,25,41,20,15,0.495049504950495,0.4257425742574257,0.0,0.0,0.0,0.0,0.0,0.0,0.0,0.0,0.3787878787878788,0.5714285714285714,0.0,0.6534653465346535,0.3465346534653465,0.2685486626079115,0
TCS,4,0.85,771,85,101,2025-04-17,2025-12-17,0.495049504950495,0.4523246650906225,0.592,0.4743589743589743,0.7872340425531915,37,41,13,10,0.5247524752475248,0.4653465346534653,0.0,0.0,0.0,0.0,0.0,0.0,0.0,0.0,0.4743589743589743,0.5652173913043479,0.0,0.7722772277227723,0.2277227722772277,1.0,0
TCS,5,0.9,817,90,101,2025-08-22,2026-04-16,0.5544554455445545,0.5753532182103611,0.6564885496183206,0.524390243902439,0.8775510204081632,43,39,13,6,0.5148514851485149,0.4653465346534653,0.0,0.0,0.0,0.0,0.0,0.0,0.0,0.0,0.524390243902439,0.6842105263157895,0.0,0.8118811881188119,0.1881188118811881,1.0,0
TCS,6,0.95,862,95,51,2025-12-19,2026-04-16,0.3725490196078431,0.3633540372670807,0.4666666666666667,0.3783783783783784,0.6086956521739131,14,23,5,9,0.392156862745098,0.5490196078431373,0.0,0.0,0.0,0.0,0.0,0.0,0.0,0.0,0.3783783783783784,0.3571428571428571,0.0,0.7254901960784313,0.2745098039215686,0.1000066028542544,0
TECHM,1,0.7,701,77,111,2024-03-21,2024-11-13,0.5045045045045045,0.515645371577575,0.5528455284552846,0.53125,0.576271186440678,34,30,22,25,0.5045045045045045,0.5045045045045045,0.0,0.0,0.0,0.0,0.0,0.0,0.0,0.0,0.53125,0.4680851063829787,0.0,0.5765765765765766,0.4234234234234234,0.4428498723197844,0
TECHM,2,0.75,751,83,111,2024-08-02,2025-03-26,0.5405405405405406,0.5725439167208849,0.6106870229007634,0.5128205128205128,0.7547169811320755,40,38,20,13,0.5765765765765766,0.5225225225225225,0.0,0.0,0.0,0.0,0.0,0.0,0.0,0.0,0.5128205128205128,0.6060606060606061,0.0,0.7027027027027027,0.2972972972972973,1.0,0
TECHM,3,0.8,801,88,111,2024-11-14,2025-07-24,0.4324324324324324,0.4938271604938271,0.5531914893617021,0.4482758620689655,0.7222222222222222,39,48,9,15,0.5135135135135135,0.5135135135135135,0.0,0.0,0.0,0.0,0.0,0.0,0.0,0.0,0.4482758620689655,0.375,0.0,0.7837837837837838,0.2162162162162162,1.0,0
TECHM,4,0.85,851,94,111,2025-03-28,2025-11-25,0.4864864864864865,0.496103896103896,0.6068965517241379,0.4943820224719101,0.7857142857142857,44,45,10,12,0.4954954954954955,0.5045045045045045,0.0,0.0,0.0,0.0,0.0,0.0,0.0,0.0,0.4943820224719101,0.4545454545454546,0.0,0.8018018018018018,0.1981981981981982,0.5649799822485075,0
TECHM,5,0.9,900,100,112,2025-07-25,2026-04-16,0.5892857142857143,0.5409888357256778,0.640625,0.5616438356164384,0.7454545454545455,41,32,25,14,0.4732142857142857,0.4107142857142857,0.0,0.0,0.0,0.0,0.0,0.0,0.0,0.0,0.5616438356164384,0.641025641025641,0.0,0.6517857142857143,0.3482142857142857,0.2982004064282089,0
TECHM,6,0.95,951,105,56,2025-11-26,2026-04-16,0.5178571428571429,0.4904214559386973,0.4705882352941176,0.5,0.4444444444444444,12,12,17,15,0.5535714285714286,0.5178571428571429,0.0,0.0,0.0,0.0,0.0,0.0,0.0,0.0,0.5,0.53125,0.0,0.4285714285714285,0.5714285714285714,1.0,0
TORNTPHARM,1,0.7,672,74,106,2024-04-03,2024-12-11,0.490566037735849,0.473224043715847,0.578125,0.5522388059701493,0.6065573770491803,37,30,15,24,0.4245283018867924,0.5188679245283019,0.0,0.0,0.0,0.0,0.0,0.0,0.0,0.0,0.5522388059701493,0.3846153846153846,0.0,0.6320754716981132,0.3679245283018867,0.2523051532707511,0
TORNTPHARM,2,0.75,720,79,107,2024-08-05,2025-04-02,0.4672897196261682,0.4478291316526611,0.5777777777777777,0.4642857142857143,0.7647058823529411,39,45,11,12,0.4859813084112149,0.4953271028037383,0.0,0.0,0.0,0.0,0.0,0.0,0.0,0.0,0.4642857142857143,0.4782608695652174,0.0,0.7850467289719626,0.2149532710280373,0.3134394030972937,0
TORNTPHARM,3,0.8,767,85,107,2024-12-12,2025-07-25,0.514018691588785,0.4618347338935574,0.6533333333333333,0.5212765957446809,0.875,49,45,6,7,0.4953271028037383,0.4953271028037383,0.0,0.0,0.0,0.0,0.0,0.0,0.0,0.0,0.5212765957446809,0.4615384615384615,0.0,0.8785046728971962,0.1214953271028037,0.4900476184857985,0
TORNTPHARM,4,0.85,816,90,106,2025-04-03,2025-12-03,0.5283018867924528,0.5103571428571428,0.6621621621621622,0.532608695652174,0.875,49,43,7,7,0.5,0.5283018867924528,0.0,0.0,0.0,0.0,0.0,0.0,0.0,0.0,0.532608695652174,0.5,0.0,0.8679245283018868,0.1320754716981132,1.0,0
TORNTPHARM,5,0.9,864,95,107,2025-07-28,2026-04-16,0.514018691588785,0.5667832167832167,0.6666666666666666,0.5148514851485149,0.9454545454545454,52,49,3,3,0.5046728971962616,0.514018691588785,0.0,0.0,0.0,0.0,0.0,0.0,0.0,0.0,0.5148514851485149,0.5,0.0,0.9439252336448598,0.0560747663551401,1.0,0
TORNTPHARM,6,0.95,911,101,54,2025-12-05,2026-04-16,0.5,0.4319444444444444,0.6086956521739131,0.5384615384615384,0.7,21,18,6,9,0.5555555555555556,0.5185185185185185,0.0,0.0,0.0,0.0,0.0,0.0,0.0,0.0,0.5384615384615384,0.4,0.0,0.7222222222222222,0.2777777777777778,0.4329282701356202,0
TVSMOTOR,1,0.7,712,79,113,2024-04-22,2024-12-02,0.5221238938053098,0.3388136686009027,0.6785714285714286,0.5588235294117647,0.8636363636363636,57,45,2,9,0.4336283185840708,0.584070796460177,0.0,0.0,0.0,0.0,0.0,0.0,0.0,0.0,0.5588235294117647,0.1818181818181817,0.0,0.9026548672566372,0.0973451327433628,0.41192314700998,0
TVSMOTOR,2,0.75,763,84,113,2024-08-07,2025-03-24,0.5132743362831859,0.3877679697351828,0.6625766871165644,0.5294117647058824,0.8852459016393442,54,48,4,7,0.4690265486725664,0.5398230088495575,0.0,0.0,0.0,0.0,0.0,0.0,0.0,0.0,0.5294117647058824,0.3636363636363636,0.0,0.9026548672566372,0.0973451327433628,0.5565029883340337,0
TVSMOTOR,3,0.8,814,90,113,2024-12-03,2025-07-21,0.5309734513274337,0.4968612680477087,0.6535947712418301,0.5319148936170213,0.847457627118644,50,44,10,9,0.4513274336283185,0.5221238938053098,0.0,0.0,0.0,0.0,0.0,0.0,0.0,0.0,0.5319148936170213,0.5263157894736843,0.0,0.831858407079646,0.168141592920354,0.5041225117505053,0
TVSMOTOR,4,0.85,864,96,113,2025-03-25,2025-12-11,0.5132743362831859,0.5147798742138365,0.6666666666666666,0.5238095238095238,0.9166666666666666,55,50,3,5,0.5221238938053098,0.5309734513274337,0.0,0.0,0.0,0.0,0.0,0.0,0.0,0.0,0.5238095238095238,0.375,0.0,0.9292035398230089,0.0707964601769911,0.5465637728826679,0
TVSMOTOR,5,0.9,916,101,113,2025-07-24,2026-04-16,0.4336283185840708,0.406015037593985,0.5555555555555556,0.4545454545454545,0.7142857142857143,40,48,9,16,0.4336283185840708,0.4690265486725664,0.0,0.0,0.0,0.0,0.0,0.0,0.0,0.0,0.4545454545454545,0.36,0.0,0.7787610619469026,0.2212389380530973,0.4244889437818208,0
TVSMOTOR,6,0.95,966,107,57,2025-12-12,2026-04-16,0.4736842105263157,0.532258064516129,0.6341463414634146,0.4642857142857143,1.0,26,30,1,0,0.4912280701754385,0.4561403508771929,0.0,0.0,0.0,0.0,0.0,0.0,0.0,0.0,0.4642857142857143,1.0,0.0,0.9824561403508772,0.0175438596491228,1.0,0
ULTRACEMCO,1,0.7,673,74,107,2024-04-26,2024-12-03,0.5794392523364486,0.5945378151260504,0.6341463414634146,0.582089552238806,0.6964285714285714,39,28,23,17,0.5420560747663551,0.4953271028037383,0.0,0.0,0.0,0.0,0.0,0.0,0.0,0.0,0.582089552238806,0.575,0.0,0.6261682242990654,0.3738317757009345,0.3002542571807274,0
ULTRACEMCO,2,0.75,721,80,106,2024-08-14,2025-03-11,0.5754716981132075,0.5993555316863588,0.6017699115044248,0.53125,0.6938775510204082,34,30,27,15,0.5,0.4622641509433962,0.0,0.0,0.0,0.0,0.0,0.0,0.0,0.0,0.53125,0.6428571428571428,0.0,0.6037735849056604,0.3962264150943396,0.6864156050819104,0
ULTRACEMCO,3,0.8,769,85,107,2024-12-04,2025-08-05,0.5233644859813084,0.5482180293501049,0.6046511627906976,0.52,0.7222222222222222,39,36,17,15,0.5420560747663551,0.4953271028037383,0.0,0.0,0.0,0.0,0.0,0.0,0.0,0.0,0.52,0.53125,0.0,0.7009345794392523,0.2990654205607476,0.4206618630082007,0
ULTRACEMCO,4,0.85,817,90,107,2025-03-12,2025-12-05,0.4953271028037383,0.4887955182072829,0.5714285714285714,0.48,0.7058823529411765,36,39,17,15,0.4859813084112149,0.514018691588785,0.0,0.0,0.0,0.0,0.0,0.0,0.0,0.0,0.48,0.53125,0.0,0.7009345794392523,0.2990654205607476,0.4429746565917558,0
ULTRACEMCO,5,0.9,865,96,107,2025-08-07,2026-04-16,0.5700934579439252,0.6232344632768362,0.6229508196721312,0.5135135135135135,0.7916666666666666,38,36,23,10,0.5046728971962616,0.5607476635514018,0.0,0.0,0.0,0.0,0.0,0.0,0.0,0.0,0.5135135135135135,0.696969696969697,0.0,0.6915887850467289,0.308411214953271,0.5853964885059442,0
ULTRACEMCO,6,0.95,913,101,54,2025-12-08,2026-04-16,0.4814814814814814,0.5212620027434842,0.5757575757575758,0.4871794871794871,0.7037037037037037,19,20,7,8,0.4444444444444444,0.4814814814814814,0.0,0.0,0.0,0.0,0.0,0.0,0.0,0.0,0.4871794871794871,0.4666666666666667,0.0,0.7222222222222222,0.2777777777777778,0.5902514805925902,0
VEDL,1,0.7,759,84,121,2024-05-06,2024-12-20,0.5041322314049587,0.5361842105263158,0.5522388059701493,0.5285714285714286,0.578125,37,33,24,27,0.5041322314049587,0.5289256198347108,0.0,0.0,0.0,0.0,0.0,0.0,0.0,0.0,0.5285714285714286,0.4705882352941176,0.0,0.5785123966942148,0.4214876033057851,0.4254509971192698,0
VEDL,2,0.75,813,90,121,2024-08-23,2025-04-09,0.5206611570247934,0.5641447368421053,0.5797101449275363,0.5405405405405406,0.625,40,34,23,24,0.512396694214876,0.5619834710743802,0.0,0.0,0.0,0.0,0.0,0.0,0.0,0.0,0.5405405405405406,0.4893617021276596,0.0,0.6115702479338843,0.3884297520661157,0.6177938587110724,0
VEDL,3,0.8,868,96,120,2024-12-23,2025-08-04,0.5416666666666666,0.5028058361391694,0.6308724832214765,0.5662650602409639,0.7121212121212122,47,36,18,19,0.5083333333333333,0.4666666666666667,0.0,0.0,0.0,0.0,0.0,0.0,0.0,0.0,0.5662650602409639,0.4864864864864865,0.0,0.6916666666666667,0.3083333333333333,0.3990049585256293,0
VEDL,4,0.85,922,102,120,2025-04-17,2025-12-04,0.55,0.5321637426900585,0.6538461538461539,0.5483870967741935,0.8095238095238095,51,42,15,12,0.5166666666666667,0.5666666666666667,0.0,0.0,0.0,0.0,0.0,0.0,0.0,0.0,0.5483870967741935,0.5555555555555556,0.0,0.775,0.225,0.6180480428281153,0
VEDL,5,0.9,976,108,121,2025-08-05,2026-04-16,0.5867768595041323,0.555779183438758,0.6875,0.6395348837209303,0.7432432432432432,55,31,16,19,0.5950413223140496,0.5206611570247934,0.0,0.0,0.0,0.0,0.0,0.0,0.0,0.0,0.6395348837209303,0.4571428571428572,0.0,0.7107438016528925,0.2892561983471074,0.7179136975036953,0
VEDL,6,0.95,1030,114,61,2025-12-05,2026-04-16,0.6229508196721312,0.5240641711229946,0.7472527472527473,0.723404255319149,0.7727272727272727,34,13,4,10,0.5737704918032787,0.4098360655737705,0.0,0.0,0.0,0.0,0.0,0.0,0.0,0.0,0.723404255319149,0.2857142857142857,0.0,0.7704918032786885,0.2295081967213114,0.2410159253793131,0
WIPRO,1,0.7,673,74,107,2024-05-08,2024-12-23,0.4485981308411215,0.54590395480226,0.3655913978494624,0.5,0.288135593220339,17,17,31,42,0.5420560747663551,0.4485981308411215,0.0,0.0,0.0,0.0,0.0,0.0,0.0,0.0,0.5,0.4246575342465754,0.0,0.3177570093457944,0.6822429906542056,1.0,0
WIPRO,2,0.75,721,80,106,2024-09-04,2025-04-17,0.5094339622641509,0.4960714285714286,0.559322033898305,0.4852941176470588,0.66,33,35,21,17,0.490566037735849,0.5094339622641509,0.0,0.0,0.0,0.0,0.0,0.0,0.0,0.0,0.4852941176470588,0.5526315789473684,0.0,0.6415094339622641,0.3584905660377358,1.0,0
WIPRO,3,0.8,769,85,107,2024-12-27,2025-08-07,0.5327102803738317,0.550494350282486,0.5283018867924528,0.4827586206896552,0.5833333333333334,28,30,29,20,0.5233644859813084,0.5233644859813084,0.0,0.0,0.0,0.0,0.0,0.0,0.0,0.0,0.4827586206896552,0.5918367346938775,0.0,0.5420560747663551,0.4579439252336448,1.0,0
WIPRO,4,0.85,817,90,107,2025-04-22,2025-12-11,0.5233644859813084,0.5549719887955182,0.5142857142857142,0.5510204081632653,0.4821428571428571,27,22,29,29,0.5887850467289719,0.5327102803738317,0.0,0.0,0.0,0.0,0.0,0.0,0.0,0.0,0.5510204081632653,0.5,0.0,0.4579439252336448,0.5420560747663551,1.0,0
WIPRO,5,0.9,865,96,107,2025-08-08,2026-04-16,0.5327102803738317,0.5854341736694678,0.576271186440678,0.5483870967741935,0.6071428571428571,34,28,23,22,0.5794392523364486,0.5420560747663551,0.0,0.0,0.0,0.0,0.0,0.0,0.0,0.0,0.5483870967741935,0.5111111111111111,0.0,0.5794392523364486,0.4205607476635514,0.5271639637229304,0
WIPRO,6,0.95,913,101,54,2025-12-12,2026-04-16,0.5740740740740741,0.5686813186813187,0.5818181818181818,0.5517241379310345,0.6153846153846154,16,13,15,10,0.4629629629629629,0.4814814814814814,0.0,0.0,0.0,0.0,0.0,0.0,0.0,0.0,0.5517241379310345,0.6,0.0,0.5370370370370371,0.4629629629629629,0.1042889569735461,0
