{
  "window_id": 3,
  "train_ratio": 0.9,
  "acc_all": 0.4868421052631579,
  "acc_conf": 0.5,
  "conf_rate": 0.6578947368421053,
  "n_conf": 100,
  "auc": 0.5173130193905817
}