symbol,stock_idx,entry_day_idx,exit_day_idx,entry_px,entry_date,entry_score,gross_return,net_return,hold_days_real
DIVISLAB,46,13,17,1.0,2023-11-06,0.3777256985318112,-0.003849803481289049,-0.00634980348128905,4
TITAN,77,21,22,1.0,2023-11-20,0.4532195894863633,0.014525455361030781,0.01202545536103078,1
BERGEPAINT,80,19,23,1.0,2023-11-16,0.3987496016935121,0.016515296500018373,0.014015296500018372,4
BERGEPAINT,80,23,29,1.0165152965000184,2023-11-22,0.42071336143357807,0.00833840373731598,0.00583840373731598,6
DIVISLAB,46,22,29,1.0612826650125602,2023-11-21,0.399145704724724,-0.008893973681226575,-0.011393973681226575,7
DLF,84,44,47,1.243909968989006,2023-12-27,0.39131719814157917,0.004372206488507224,0.0018722064885072242,3
DLF,84,51,52,1.3109872749917528,2024-01-08,0.4656594603438794,0.039905181321701955,0.03740518132170195,1
DIVISLAB,46,51,52,1.0596779743808604,2024-01-08,0.4001595073202202,0.01283629784445961,0.01033629784445961,1
DLF,84,52,55,1.3633024599107426,2024-01-09,0.45544295188239386,0.01386785742616703,0.011367857426167029,3
DIVISLAB,46,54,55,1.0518801596317497,2024-01-11,0.43874717465029717,-0.005441468059643295,-0.007941468059643296,1
DIVISLAB,46,55,56,1.046156387340541,2024-01-12,0.47624646418515415,0.00660415352202981,0.004104153522029809,1
HAVELLS,70,59,60,0.9927847190434836,2024-01-19,0.5585363363640528,-0.06628312024218475,-0.06878312024218475,1
NAUKRI,93,59,61,0.974737511325479,2024-01-19,0.5421160788293479,-0.04026126912126249,-0.04276126912126249,2
DIVISLAB,46,59,61,1.0043661432893216,2024-01-19,0.501174693991145,-0.038469876011307136,-0.04096987601130714,2
PIDILITIND,79,59,61,1.0869769519007826,2024-01-19,0.36109200711520745,-0.03629493168720399,-0.03879493168720399,2
GODREJPROP,85,60,62,1.1855711480766664,2024-01-25,0.5991173351103534,0.02159525639645432,0.019095256396454322,2
PIDILITIND,79,61,62,1.0475251976859785,2024-01-30,0.4282275550103872,-0.013494470026838123,-0.015994470026838122,1
HAVELLS,70,60,62,0.9269798501365208,2024-01-25,0.5977331891576266,0.0031386618433730806,0.0006386618433730806,2
DIVISLAB,46,61,63,0.9657283022870267,2024-01-30,0.548196058395646,0.03347696318055027,0.03097696318055027,2
PIDILITIND,79,62,64,1.0333894003034474,2024-01-31,0.4095794365138343,-0.006987686230522927,-0.009487686230522928,2
BHEL,67,63,64,1.320346680088273,2024-02-01,0.4105544221690738,0.02769229196169909,0.02519229196169909,1
BERGEPAINT,80,63,64,0.9755572502263139,2024-02-01,0.3828914331000357,0.007161850673651715,0.004661850673651715,1
BHEL,67,64,65,1.3569101058439377,2024-02-02,0.4917559720053514,0.006415770689083944,0.003915770689083943,1
LTIM,23,66,67,1.0058563424205906,2024-02-06,0.5123402689715992,-0.004094894718202791,-0.006594894718202791,1
BHEL,67,65,68,1.365615729928733,2024-02-05,0.4369545002889571,-0.019124547897050537,-0.021624547897050535,3
LTIM,23,67,68,1.0017374665967418,2024-02-07,0.4687354200658522,-0.004974408752429937,-0.007474408752429938,1
TITAN,77,67,68,1.0388322620456338,2024-02-07,0.4308963350461126,-0.007661071367116357,-0.010161071367116357,1
BERGEPAINT,80,65,69,0.9783175539132775,2024-02-05,0.38696170984611966,-0.01992592074033539,-0.02242592074033539,4
TITAN,77,68,70,1.0308736939476393,2024-02-08,0.38495438438980056,0.010185635321942277,0.007685635321942276,2
ABB,69,66,70,0.9934215564186981,2024-02-06,0.41626108030564235,0.03908719187794096,0.03658719187794096,4
AXISBANK,3,70,71,0.9860575404627826,2024-02-12,0.6083889010609269,0.022977025777749516,0.020477025777749517,1
BERGEPAINT,80,70,71,0.9536314640177624,2024-02-12,0.38871891575161777,0.013611683478555126,0.011111683478555125,1
BHARTIARTL,64,68,72,0.9689074699127426,2024-02-08,0.5229441368890088,-0.023026824494912557,-0.025526824494912555,4
AXISBANK,3,71,72,1.0087142099883402,2024-02-13,0.6265518794028087,0.0243753351475815,0.021875335147581502,1
KOTAKBANK,4,71,72,0.9781158858169807,2024-02-13,0.5441322550310065,0.0067928365330631735,0.004292836533063173,1
BERGEPAINT,80,73,74,0.970679158500249,2024-02-15,0.3996288150451078,0.017166616084702824,0.014666616084702823,1
BERGEPAINT,80,74,75,0.9873424349556452,2024-02-16,0.3831902405215563,-0.010659029162346956,-0.013159029162346956,1
AXISBANK,3,75,76,1.0068300128938141,2024-02-19,0.6088450872452312,0.01999162366634999,0.01749162366634999,1
SHREECEM,76,75,76,0.9608260813896558,2024-02-19,0.5938654978107726,-0.017538565288265362,-0.02003856528826536,1
ABB,69,75,76,1.0463424721405141,2024-02-19,0.4209570889993918,0.11046251461821166,0.10796251461821166,1
LTIM,23,74,77,1.0132802065200281,2024-02-16,0.5426430553481466,-0.028725567098853433,-0.03122556709885343,3
LTIM,23,78,79,0.9941999317767916,2024-02-23,0.5313065785903014,-0.013801940554034164,-0.016301940554034163,1
NAUKRI,93,78,79,1.0294351066105518,2024-02-23,0.4086335772669222,-0.015026669327131703,-0.017526669327131702,1
SHREECEM,76,78,80,0.9491576526717042,2024-02-23,0.6965026208185803,-0.011262916703972725,-0.013762916703972726,2
LTIM,23,79,80,0.9804780434195834,2024-02-26,0.5037442768653565,-0.004290005940529529,-0.006790005940529529,1
DIVISLAB,46,78,80,1.0089373499499232,2024-02-23,0.4365654139042959,-0.019393745246597316,-0.021893745246597315,2
HDFCBANK,1,75,80,0.8428235723393737,2024-02-19,0.4409610378212906,0.015559893505662892,0.013059893505662891,5
NAUKRI,93,79,80,1.0139661256697745,2024-02-26,0.45907191717685325,0.016834812367590768,0.014334812367590767,1
NAUKRI,93,80,81,1.0310360551425182,2024-02-27,0.5735622076089184,-0.0057151560066605045,-0.008215156006660505,1
TATAPOWER,58,80,81,1.4742811909163587,2024-02-27,0.4840574140070598,-0.02609507619014928,-0.02859507619014928,1
SHREECEM,76,80,82,0.9384673690907245,2024-02-27,0.7218284163215094,-0.026226283971100717,-0.028726283971100715,2
KOTAKBANK,4,80,82,0.9529086554096592,2024-02-27,0.7161243861297887,-0.010136247917157282,-0.012636247917157282,2
TATAPOWER,58,81,82,1.4358097109136922,2024-02-28,0.4698017976892617,0.016404680431370444,0.013904680431370444,1
POWERGRID,55,81,82,1.0514954503709948,2024-02-28,0.4168428725208605,0.011804850700952496,0.009304850700952496,1
TATAPOWER,58,82,83,1.4593637103814898,2024-02-29,0.4835972474506578,0.015198345766406218,0.012698345766406218,1
SHREECEM,76,82,84,0.9138548573713393,2024-02-29,0.7365946966777772,0.008857387168876185,0.006357387168876185,2
TATAPOWER,58,83,84,1.4815436246508131,2024-03-01,0.473595716075887,0.03802335276058999,0.03552335276058999,1
KOTAKBANK,4,82,85,0.9432497370360219,2024-02-29,0.6499262316666221,0.022344554748692236,0.019844554748692237,3
TITAN,77,84,85,1.0721521519968917,2024-03-04,0.47574609256570555,0.004916428871203804,0.002416428871203804,1
LTIM,23,82,86,0.9508277603281267,2024-02-29,0.4906452108777203,-0.005150092401467021,-0.007650092401467022,4
DIVISLAB,46,80,86,0.9893702760152174,2024-02-27,0.43482996691936115,-0.0060595650659094336,-0.008559565065909434,6
SHREECEM,76,84,87,0.9219492236592354,2024-03-04,0.635369440240536,-0.028004100801441556,-0.030504100801441555,3
KOTAKBANK,4,85,87,0.9643262324269128,2024-03-05,0.5697600377226566,0.02567465747349207,0.02317465747349207,2
HAVELLS,70,86,88,1.0928395824334636,2024-03-06,0.45286494539735483,-0.01034458911667624,-0.01284458911667624,2
TITAN,77,86,88,1.0946586747435199,2024-03-06,0.45234896467255836,-0.006258621165394329,-0.00875862116539433,2
SHREECEM,76,87,89,0.8961308646660714,2024-03-07,0.6605452158600381,0.010301068283148362,0.007801068283148362,2
KOTAKBANK,4,88,89,0.9734118093294298,2024-03-12,0.5674256725922862,0.005347770898356918,0.0028477708983569183,1
DIVISLAB,46,88,89,0.9925579121895743,2024-03-12,0.47098003036231995,-0.027377519725603316,-0.029877519725603315,1
TATAPOWER,58,88,89,1.5549534302568275,2024-03-12,0.44294367856327627,-0.060969423883346585,-0.06346942388334659,1
SHREECEM,76,89,90,0.9053619698936334,2024-03-13,0.645194701463661,0.024517262072218493,0.022017262072218494,1
LTIM,23,86,90,0.9459309095045568,2024-03-06,0.5323092240901806,0.005964121221241125,0.0034641212212411254,4
DIVISLAB,46,89,90,0.9653841383698006,2024-03-13,0.5056765273878243,0.010948864995364627,0.008448864995364626,1
TATAPOWER,58,89,90,1.4601488154486353,2024-03-13,0.4548562697522802,0.03360664375568745,0.03110664375568745,1
BHEL,67,90,91,1.3776702479972107,2024-03-14,0.5061175917482457,-0.04283507865537517,-0.04533507865537517,1
LTIM,23,90,91,0.9515725561157609,2024-03-14,0.4813292792605593,-0.013269010497071188,-0.015769010497071186,1
TATAPOWER,58,90,91,1.5092195165197066,2024-03-14,0.46554585068382004,-0.00962417221265377,-0.01212417221265377,1
HAVELLS,70,90,92,1.0614087996121848,2024-03-14,0.5225247454498742,-0.022841863931171158,-0.025341863931171157,2
AXISBANK,3,89,92,1.0272890221312083,2024-03-13,0.6214205825419561,-0.020501660204654715,-0.023001660204654713,3
LTIM,23,91,92,0.938946129879936,2024-03-15,0.5165312176653721,-0.005178567607100892,-0.007678567607100893,1
DIVISLAB,46,91,92,0.966937696072739,2024-03-15,0.5042847637434846,0.006082566154057334,0.003582566154057334,1
BHEL,67,91,92,1.31865763456308,2024-03-15,0.46577307128605894,0.03483276853803918,0.03233276853803918,1
BHEL,67,92,93,1.364590130728734,2024-03-18,0.5460588632077942,-0.024520712152045654,-0.027020712152045653,1
GAIL,57,92,93,1.2308078642640206,2024-03-18,0.4684510009194381,-0.016770932760986956,-0.019270932760986955,1
POWERGRID,55,93,94,0.9741990950163492,2024-03-19,0.5280524998446815,0.021814654569187075,0.019314654569187076,1
GRASIM,74,92,94,1.0053390852875297,2024-03-18,0.5256690881737028,-0.0161591716479067,-0.0186591716479067,2
TATAPOWER,58,93,94,1.5045087650520572,2024-03-19,0.48337397952374317,-0.008740994828803639,-0.01124099482880364,1
DIVISLAB,46,92,94,0.9728191585759532,2024-03-18,0.46540291557723606,-0.016953762338404843,-0.019453762338404842,2
BERGEPAINT,80,92,94,0.9720906918498016,2024-03-18,0.39506355201307897,-0.01179640961308992,-0.01429640961308992,2
LTIM,23,94,95,0.9220810259335471,2024-03-20,0.6220717992318457,0.011536912111328013,0.009036912111328012,1
HAVELLS,70,94,95,1.0092261191940024,2024-03-20,0.5324425871821578,0.016322210197875497,0.013822210197875497,1
DIVISLAB,46,94,95,0.9563262137632096,2024-03-20,0.5287368863322864,0.010792466492171027,0.008292466492171026,1
GRASIM,74,94,95,0.989093638444019,2024-03-20,0.5205959074788441,0.01755473791133566,0.01505473791133566,1
SHREECEM,76,94,96,0.9267507115468699,2024-03-20,0.5928683313437225,0.017252148924927102,0.014752148924927102,2
GRASIM,74,95,96,1.0064569180366731,2024-03-21,0.5284050754501689,0.008161280645229363,0.005661280645229362,1
DIVISLAB,46,95,96,0.9666473323808338,2024-03-21,0.5054492901988262,-0.009768332160891124,-0.012268332160891125,1
LTIM,23,95,96,0.9327189936892656,2024-03-21,0.47565927885664006,-0.030020032180747225,-0.03252003218074723,1
BHEL,67,95,97,1.4430708343395937,2024-03-21,0.5381217664893668,0.024873539656661503,0.022373539656661504,2
SAIL,63,96,97,1.09519800655157,2024-03-22,0.8177803888582121,0.0280768289881983,0.0255768289881983,1
GRASIM,74,96,97,1.014670895402103,2024-03-22,0.5429115863443831,-0.007285581383000284,-0.009785581383000284,1
HAVELLS,70,96,97,1.014786044902722,2024-03-22,0.5409100623663623,0.013033867035589619,0.010533867035589619,1
SAIL,63,97,98,1.1259476936897341,2024-03-27,0.9027448053650892,0.0044894157503478915,0.0019894157503478915,1
JSWSTEEL,61,97,98,1.0080083876018986,2024-03-27,0.6761044014156871,0.014852400742784155,0.012352400742784155,1
SHREECEM,76,96,99,0.9427391528387588,2024-03-22,0.6536521875030495,0.02260104624349002,0.02010104624349002,3
SAIL,63,98,100,1.1310025409998528,2024-03-28,0.9284778111834568,0.10391055452719744,0.10141055452719744,2
BANDHANBNK,6,99,100,1.070102619945363,2024-04-02,0.636007426091366,-0.013464544461732175,-0.015964544461732174,1
GRASIM,74,97,100,1.0072784280166893,2024-03-27,0.5310793444443124,0.04444236932514878,0.041942369325148776,3
ADANIENT,86,100,101,1.4451289117475883,2024-04-03,0.6004706428276338,-0.0070048875966134405,-0.009504887596613441,1
KOTAKBANK,4,100,101,0.9587252092279569,2024-04-03,0.44465954866657487,0.010397628295850003,0.007897628295850003,1
TECHM,22,100,101,1.0075509692771163,2024-04-03,0.4317747971135198,0.01920084903812036,0.01670084903812036,1
NESTLEIND,37,101,102,0.990751593947671,2024-04-04,0.4304102333631984,-0.00468710805384176,-0.00718710805384176,1
POWERGRID,55,97,102,1.0165146918848562,2024-03-27,0.561362652710456,0.024606849040749168,0.02210684904074917,5
JSWSTEEL,61,98,103,1.0229797321266496,2024-03-28,0.6617137279058153,0.05908211639067806,0.05658211639067806,5
TITAN,77,101,103,1.0976590735385976,2024-04-04,0.4221879865546708,-0.02733458061047489,-0.02983458061047489,2
POWERGRID,55,103,104,1.0520031836496926,2024-04-09,0.5000043395138813,0.0048005982076944065,0.0023005982076944064,1
HAVELLS,70,103,104,1.04479615270221,2024-04-09,0.4980496545879879,-0.007536132581928867,-0.010036132581928868,1
TECHM,22,103,104,1.0045406295116812,2024-04-09,0.43704814499353545,0.011906682405537827,0.009406682405537827,1
TATACONSUM,39,103,105,0.9739099596910782,2024-04-09,0.44316205368570566,0.0044864887758022665,0.0019864887758022664,2
NESTLEIND,37,103,106,0.9725655598869797,2024-04-09,0.5521100410993635,0.017300501406243507,0.014800501406243506,3
POWERGRID,55,104,106,1.05705342824761,2024-04-10,0.5359358912766533,-0.02937507675005202,-0.03187507675005202,2
TITAN,77,104,106,1.0768970958857316,2024-04-10,0.41554127781822936,-0.029801661415233327,-0.03230166141523333,2
AXISBANK,3,109,110,1.0064335739414232,2024-04-23,0.678744421940323,0.0071039317726062645,0.004603931772606264,1
HCLTECH,21,109,110,0.9877743742404591,2024-04-23,0.6093235707176912,-0.004977444204840031,-0.007477444204840032,1
NMDC,94,109,110,1.15060956676043,2024-04-23,0.5442053977264995,0.05731940953732262,0.054819409537322616,1
SAIL,63,109,111,1.299628377142302,2024-04-23,0.7164708675425852,0.08341537690283585,0.08091537690283584,2
SHREECEM,76,110,111,0.8854284505881087,2024-04-24,0.7201165089127121,-0.016313744472189695,-0.018813744472189694,1
HDFCLIFE,12,109,111,0.9658580259929507,2024-04-23,0.63034121508344,-0.010729502807491298,-0.013229502807491298,2
SAIL,63,111,112,1.408037368055248,2024-04-25,0.7283220946557273,0.021824890586690904,0.019324890586690905,1
MUTHOOTFIN,15,110,112,1.2219388326962741,2024-04-24,0.6387712720153967,0.0073954834747718134,0.004895483474771813,2
EXIDEIND,98,112,113,1.0,2024-04-26,0.603247479160436,-0.02378660847396341,-0.02628660847396341,1
SHREECEM,76,111,113,0.8709837970968075,2024-04-25,0.6970582941830705,0.007239928993588718,0.004739928993588717,2
ADANIENT,86,111,113,1.4110618472162528,2024-04-25,0.6546798890024104,-0.010930085183990523,-0.013430085183990524,2
AXISBANK,3,110,113,1.0135832093843633,2024-04-24,0.6653177754362225,0.06306144380257206,0.06056144380257206,3
HCLTECH,21,112,113,0.9792697730148027,2024-04-26,0.5864673341277311,-0.058655827250087444,-0.06115582725008745,1
HCLTECH,21,113,114,0.9218298943776141,2024-04-29,0.7342399586823509,-0.014992178680300228,-0.017492178680300226,1
SHREECEM,76,113,114,0.8772896579423547,2024-04-29,0.7226163258388648,0.012412270557295324,0.009912270557295324,1
EXIDEIND,98,113,114,0.9762133915260366,2024-04-29,0.6062655651453708,0.03698823820135555,0.03448823820135555,1
TITAN,77,113,114,1.022732459647631,2024-04-29,0.4706687816424798,-0.004327495845984242,-0.006827495845984242,1
INDUSINDBK,5,113,114,0.9929637173580108,2024-04-29,0.46172874488552257,0.019129232090415726,0.016629232090415728,1
ADANIENT,86,114,115,1.3836355461025642,2024-04-30,0.6142730206107575,-0.020116608607143593,-0.022616608607143592,1
EXIDEIND,98,114,115,1.0123218049871547,2024-04-30,0.588056110271805,-0.007303069599243095,-0.009803069599243095,1
SHREECEM,76,114,116,0.8881788145338523,2024-04-30,0.7022363984184534,0.053250614620472536,0.050750614620472534,2
EXIDEIND,98,115,116,1.004928748388502,2024-05-03,0.656678553725353,-0.018018941996975513,-0.02051894199697551,1
HCLTECH,21,114,117,0.9080096558882627,2024-04-30,0.7738532288111213,-0.013573830544789556,-0.016073830544789555,3
SHREECEM,76,116,117,0.9354748823006626,2024-05-06,0.7049852741785324,-0.005535144301680894,-0.008035144301680895,1
EXIDEIND,98,116,117,0.9868209955601965,2024-05-06,0.6564536343276173,-0.015960952258426198,-0.018460952258426196,1
HCLTECH,21,117,118,0.8956844866862027,2024-05-07,0.8060465555838263,-0.012998126145626565,-0.015498126145626566,1
BRITANNIA,38,115,118,0.9889115226975741,2024-05-03,0.6506841292063857,0.06681287831339278,0.06431287831339277,3
HDFCLIFE,12,114,118,0.9377410191609689,2024-04-30,0.5835342122264922,-0.0304120133297604,-0.0329120133297604,4
EXIDEIND,98,117,119,0.9710703927624477,2024-05-07,0.718806939268332,0.01566808339866932,0.013168083398669319,2
SHREECEM,76,117,119,0.9302968938365305,2024-05-07,0.6556196818694454,0.010426891875885635,0.007926891875885635,2
VOLTAS,81,118,119,1.2748918657338761,2024-05-08,0.7114844039054952,-0.032415959048527676,-0.03491595904852768,1
TATACONSUM,39,118,119,0.9562077778924118,2024-05-08,0.6102094777722447,-0.026904557287601216,-0.029404557287601215,1
MUTHOOTFIN,15,119,120,1.1949286943461932,2024-05-09,0.7771123571063941,0.04057183492527727,0.03807183492527727,1
VOLTAS,81,119,120,1.2335650232229458,2024-05-09,0.7064900236864753,0.009012245531626606,0.006512245531626605,1
EXIDEIND,98,119,120,0.9862852046622282,2024-05-09,0.6200164524931487,0.007687167334682776,0.005187167334682776,1
HCLTECH,21,118,121,0.8840422667415747,2024-05-08,0.7909216896156054,-0.0005709588304586566,-0.0030709588304586566,3
HCLTECH,21,121,122,0.8835375150028799,2024-05-13,0.7023501391634352,0.0062076219714197745,0.0037076219714197744,1
SHREECEM,76,119,122,0.9399969989610363,2024-05-09,0.6389569829436779,0.006293786620896746,0.0037937866208967463,3
EXIDEIND,98,122,123,1.0136454152941126,2024-05-14,0.6336930324046902,0.004010803086530457,0.0015108030865304566,1
VOLTAS,81,120,123,1.2446822140914577,2024-05-10,0.7362209397277091,0.012348961847277629,0.009848961847277628,3
HDFCLIFE,12,120,123,0.90608390020526,2024-05-10,0.61193592937051,0.023698844596656832,0.021198844596656833,3
VOLTAS,81,123,124,1.2600527472652583,2024-05-15,0.7219164289781874,0.013157401003800695,0.010657401003800695,1
TATACONSUM,39,120,124,0.93554077631096,2024-05-10,0.6135238848161119,0.005499758301648283,0.002999758301648283,4
EXIDEIND,98,123,124,1.0177109474544217,2024-05-15,0.6560389552079727,0.02180962420296395,0.019309624202963952,1
VOLTAS,81,124,125,1.276631766546968,2024-05-16,0.7170653347543997,-0.02445858275379409,-0.026958582753794088,1
MUTHOOTFIN,15,123,125,1.2495766005793332,2024-05-15,0.6854557925578676,0.015106233681999814,0.012606233681999814,2
SHREECEM,76,124,125,0.9335808297335174,2024-05-16,0.6478520028375593,0.024145910191650577,0.021645910191650578,1
VOLTAS,81,125,126,1.2454071628387566,2024-05-17,0.7238414486290352,0.007257717935706731,0.004757717935706731,1
MUTHOOTFIN,15,125,126,1.2684529967112435,2024-05-17,0.6388757705400732,0.017028358180100733,0.014528358180100733,1
BAJAJ-AUTO,31,125,126,0.9683880636246034,2024-05-17,0.6099960703896151,0.002830029467163042,0.0003300294671630421,1
HCLTECH,21,122,126,0.8890221818935854,2024-05-14,0.6205717287844684,0.008970303398154966,0.006470303398154966,4
TCS,18,124,126,1.000043783045538,2024-05-16,0.6350899641010381,-0.0176751963292332,-0.0201751963292332,2
DRREDDY,44,126,127,0.9436520881345863,2024-05-22,0.7665788606246136,0.004248400497885552,0.0017484004978855516,1
HCLTECH,21,126,127,0.8969969805928606,2024-05-22,0.6238807436773612,0.007818155145554728,0.005318155145554728,1
HEROMOTOCO,32,126,127,0.9898567557654239,2024-05-22,0.6099298387904902,0.02987409543136965,0.027374095431369653,1
VOLTAS,81,126,128,1.254445976741749,2024-05-22,0.7092815504804458,0.038415536082177626,0.035915536082177624,2
MUTHOOTFIN,15,126,128,1.2900526686738647,2024-05-22,0.6618033408991654,0.006088453873980271,0.0035884538739802707,2
SHREECEM,76,127,129,0.9332646515438983,2024-05-23,0.731732065449887,-0.010192080724661046,-0.012692080724661046,2
SAIL,63,128,129,1.446876932125156,2024-05-24,0.7346296014114657,-0.01681417408703867,-0.019314174087038668,1
MUTHOOTFIN,15,128,129,1.2979070948420908,2024-05-24,0.6523795860719518,0.007846902054990945,0.005346902054990945,1
SAIL,63,129,130,1.4225488915058833,2024-05-27,0.9193839184506257,-0.025502586191819332,-0.02800258619181933,1
MUTHOOTFIN,15,129,130,1.3080916446917945,2024-05-27,0.7393917400113849,0.017942274475291287,0.015442274475291286,1
DRREDDY,44,127,130,0.9476611001356481,2024-05-23,0.7257967207290328,-0.004239018497973035,-0.0067390184979730355,3
SAIL,63,130,131,1.3862702157881774,2024-05-29,0.9268063836456494,-0.028632925640164286,-0.031132925640164285,1
MUTHOOTFIN,15,130,131,1.3315617840196898,2024-05-29,0.7608509770696168,-0.03732239758386313,-0.039822397583863134,1
SHREECEM,76,129,131,0.9237527428778902,2024-05-27,0.6931256525327256,-0.0035273162191826746,-0.006027316219182675,2
DRREDDY,44,130,131,0.9436439472023636,2024-05-29,0.6952261456474258,-0.021163995014492953,-0.023663995014492952,1
TCS,18,127,131,0.9981210199728465,2024-05-23,0.6073861306940026,-0.02306435047579336,-0.02556435047579336,4
MUTHOOTFIN,15,131,132,1.2818647057090289,2024-05-30,0.7746393648123604,0.020272696521231426,0.017772696521231427,1
SAIL,63,131,132,1.34657724378234,2024-05-30,0.6493499345857122,0.004754341424662911,0.002254341424662911,1
TCS,18,131,132,0.9751000069509365,2024-05-30,0.5917784907197848,-0.01743811847626986,-0.019938118476269858,1
INFY,19,131,133,0.9805962766775257,2024-05-30,0.7318706811240324,0.004609055905160142,0.002109055905160142,2
DRREDDY,44,131,133,0.9236726714083163,2024-05-30,0.5938474298791171,-0.015399079818907757,-0.017899079818907756,2
DRREDDY,44,133,134,0.9094489622147559,2024-06-03,0.7093235790640248,-0.009077783905367176,-0.011577783905367177,1
HCLTECH,21,133,134,0.8919027401366884,2024-06-03,0.5894268709449692,-0.008292379118342796,-0.010792379118342797,1
CUMMINSIND,72,133,134,1.082678428528805,2024-06-03,0.5482742150821222,-0.12562460927655128,-0.12812460927655128,1
NESTLEIND,37,133,134,0.9231062507142928,2024-06-03,0.5344051260558603,0.03086976074842851,0.02836976074842851,1
INFY,19,133,134,0.9851158997371243,2024-06-03,0.5194173939764213,-0.008713349070301746,-0.011213349070301746,1
DRREDDY,44,134,135,0.9011931810628099,2024-06-04,0.7189061212589952,0.016289059349811952,0.013789059349811951,1
ADANIENT,86,134,135,1.1220449457860033,2024-06-04,0.6956317257440423,0.05919254346192293,0.05669254346192293,1
HCLTECH,21,134,135,0.8845067444787862,2024-06-04,0.681671537929812,0.030800448190685392,0.028300448190685393,1
INFY,19,134,135,0.9765322410280104,2024-06-04,0.637141438115725,0.026154288870128273,0.023654288870128274,1
INFY,19,135,136,1.0020727473508506,2024-06-05,0.6394780073149783,0.02947353170315692,0.02697353170315692,1
DRREDDY,44,135,136,0.9158727702747879,2024-06-05,0.611267309381141,0.011469470246581848,0.008969470246581847,1
CUMMINSIND,72,135,136,0.9928064754784311,2024-06-05,0.6103787153151076,0.029728806757236548,0.02722880675723655,1
BRITANNIA,38,134,136,1.0827889907696635,2024-06-04,0.6265365770512565,0.030337313068494076,0.027837313068494077,2
CUMMINSIND,72,136,137,1.0223214273352625,2024-06-06,0.6322249577029958,0.02888488385828003,0.02638488385828003,1
DRREDDY,44,136,138,0.926377345763109,2024-06-06,0.7835588734208632,0.028917365291565744,0.026417365291565745,2
SHREECEM,76,137,138,0.9577789133095044,2024-06-07,0.5996065077296853,0.04456730877092596,0.04206730877092596,1
BHARTIARTL,64,136,139,1.2007319272393402,2024-06-06,0.44164204416560227,0.041332190510005695,0.03883219051000569,3
CUMMINSIND,72,139,140,1.0399079162499356,2024-06-11,0.5601956650337993,0.030640121392642605,0.028140121392642607,1
DIVISLAB,46,139,140,2.0163004107220703,2024-06-11,0.46741209665146005,-0.005161593676231591,-0.007661593676231591,1
MUTHOOTFIN,15,139,141,1.3495188063294556,2024-06-11,0.6555340048535617,0.012608151230011355,0.010108151230011355,2
ADANIENT,86,135,141,1.1884616400056722,2024-06-05,0.6221949772800419,0.022565552714149062,0.020065552714149063,6
TITAN,77,136,141,0.9534840882803102,2024-06-06,0.443891363103538,0.03684916476306266,0.034349164763062656,5
CUMMINSIND,72,140,141,1.0717708210410037,2024-06-12,0.575316031188127,0.010245208287721352,0.007745208287721352,1
MUTHOOTFIN,15,141,142,1.3665337435274019,2024-06-13,0.6190004857554646,-0.012662455911272907,-0.015162455911272908,1
NMDC,94,141,142,1.219380359450314,2024-06-13,0.40094006690976686,0.007725707483392519,0.005225707483392518,1
CUMMINSIND,72,141,143,1.082751336339271,2024-06-13,0.569428952072263,0.021279495546364213,0.018779495546364215,2
MARICO,40,140,143,1.044466592346772,2024-06-12,0.6230935388170273,-0.028991275535197314,-0.031491275535197316,3
MUTHOOTFIN,15,142,144,1.3492300702487194,2024-06-14,0.6883386405194134,-0.029745749495234897,-0.0322457494952349,2
TATACONSUM,39,142,144,0.9581094409215287,2024-06-14,0.5934092469799369,-0.024765024217495935,-0.027265024217495933,2
SAIL,63,144,145,1.3268587490334784,2024-06-21,0.7522919573617278,-0.035962441380368526,-0.03846244138036853,1
MARICO,40,143,145,1.014186173580738,2024-06-19,0.6821112811290423,-0.020322923901335388,-0.022822923901335387,2
DIVISLAB,46,143,145,2.067277352196391,2024-06-19,0.5832946351856456,0.008895543954481333,0.006395543954481333,2
SAIL,63,145,146,1.2791416690513329,2024-06-24,0.9427563017427526,-0.018952328505213667,-0.021452328505213666,1
SAIL,63,146,147,1.2548989559347647,2024-06-25,0.9337981174463525,-0.020678898163354775,-0.023178898163354774,1
HEROMOTOCO,32,144,147,1.0802147602034022,2024-06-21,0.6810907154550208,0.010638194017474012,0.008138194017474011,3
SAIL,63,147,148,1.2289490282196895,2024-06-26,0.9316577435739801,-0.007570929404714266,-0.010070929404714267,1
MUTHOOTFIN,15,145,148,1.3199585959423883,2024-06-24,0.7773689790281997,0.0252945604050403,0.022794560405040302,3
HEROMOTOCO,32,147,148,1.0917062944029852,2024-06-26,0.7257305594183432,0.005905047667932317,0.003405047667932317,1
LT,66,141,148,1.0912392814752974,2024-06-13,0.37029761779009895,-0.030699372107674927,-0.03319937210767493,7
MARICO,40,145,149,0.9935749451532702,2024-06-24,0.7321375387636997,-0.016130249887976178,-0.018630249887976177,4
VEDL,62,148,149,1.1034040641109628,2024-06-27,0.5853079369077148,0.024137134021270157,0.021637134021270158,1
SAIL,63,148,150,1.219644741885046,2024-06-27,0.9467470747130808,0.04325308383933879,0.04075308383933879,2
MARICO,40,149,150,0.9775483330055157,2024-06-28,0.7283371854751879,0.012234863193333334,0.009734863193333334,1
MUTHOOTFIN,15,149,150,1.3285994531193444,2024-06-28,0.6946454598050417,-0.004037089703769814,-0.006537089703769814,1
JSWSTEEL,61,152,153,1.3667615481505206,2024-07-03,0.6257920527350167,-0.006365765190103567,-0.008865765190103568,1
HEROMOTOCO,32,148,154,1.0981528721108165,2024-06-27,0.6881298072163198,0.01720979448000004,0.01470979448000004,6
MUTHOOTFIN,15,152,154,1.325233283932286,2024-07-03,0.649302569673615,-0.0038519232438019024,-0.006351923243801903,2
DIVISLAB,46,148,154,2.0975732276627324,2024-06-27,0.5898915705072741,0.017634541198552567,0.015134541198552566,6
ADANIENT,86,152,156,1.2029934949596084,2024-07-03,0.6513480503914516,-0.02513354800015699,-0.02763354800015699,4
CUMMINSIND,72,155,156,1.1656548315520165,2024-07-09,0.6172887187607704,0.011779343424322963,0.009279343424322963,1
CUMMINSIND,72,156,157,1.179385480127089,2024-07-10,0.6157069315478244,-0.00903844424248157,-0.01153844424248157,1
JSWSTEEL,61,155,157,1.355582701558369,2024-07-09,0.689964865921823,-0.011012510075867676,-0.013512510075867677,2
MARICO,40,155,157,1.0170967250557674,2024-07-09,0.6398419918975425,0.01097530878591968,0.00847530878591968,2
MUTHOOTFIN,15,155,157,1.3368483639295283,2024-07-09,0.615917317625066,0.009241811373693842,0.006741811373693842,2
CUMMINSIND,72,157,158,1.168725670224568,2024-07-11,0.6308413250207898,-0.01057228138403321,-0.013072281384033211,1
ADANIENT,86,157,159,1.1660532124430634,2024-07-11,0.6370009793294481,-0.004174340758148154,-0.0066743407581481545,2
CUMMINSIND,72,158,159,1.1563695735782111,2024-07-12,0.6155743917187083,-0.0159962938360122,-0.018496293836012197,1
BAJAJ-AUTO,31,156,159,1.0104041688512277,2024-07-10,0.5979338014841046,-0.011705631397795235,-0.014205631397795236,3
ADANIENT,86,159,160,1.1611857089921926,2024-07-15,0.6557022698530182,0.006115789069337962,0.0036157890693379624,1
CUMMINSIND,72,159,160,1.1378719460962299,2024-07-15,0.6252696971758768,-0.005577257264382074,-0.008077257264382074,1
NAUKRI,93,157,160,1.237334242022515,2024-07-11,0.5844782084097117,0.02995198665946952,0.027451986659469522,3
MUTHOOTFIN,15,160,161,1.3512286862292124,2024-07-16,0.6688143966660071,0.003597381528129606,0.0010973815281296062,1
TATACONSUM,39,159,161,0.9855903974215909,2024-07-15,0.5741255227669565,0.02142642667555683,0.018926426675556832,2
CUMMINSIND,72,160,161,1.1315257415189282,2024-07-16,0.6418313987167167,-0.07515991861172311,-0.07765991861172311,1
JSWSTEEL,61,157,162,1.3406543333987855,2024-07-11,0.631721685698537,-0.03940540801252734,-0.041905408012527345,5
ADANIENT,86,160,163,1.1682872758587186,2024-07-16,0.6513919450283981,-0.036648123479353645,-0.03914812347935365,3
JSWSTEEL,61,163,164,1.2956518255002347,2024-07-23,0.6257462507848945,-0.014094748993333295,-0.016594748993333294,1
CUMMINSIND,72,163,164,1.051596030345397,2024-07-23,0.6032458560427588,-0.009924954011857778,-0.012424954011857779,1
VEDL,62,163,164,1.112001861445708,2024-07-23,0.5616847388709135,-0.0051730393777231765,-0.007673039377723177,1
MUTHOOTFIN,15,163,165,1.2770625346181212,2024-07-23,0.7501777583808908,0.004931025081127638,0.002431025081127638,2
JSWSTEEL,61,164,165,1.2773899382370548,2024-07-24,0.6435273357733016,-0.007772168236968469,-0.010272168236968469,1
CUMMINSIND,72,164,165,1.0411589881051668,2024-07-24,0.5964601565361158,0.01958290575679489,0.01708290575679489,1
SAIL,63,163,165,1.168704155066681,2024-07-23,0.6014206828315926,0.0396067461511036,0.0371067461511036,2
TATACONSUM,39,164,166,1.0001096164047394,2024-07-24,0.577692740168685,-0.0062132960997342,-0.0087132960997342,2
HAL,89,167,168,1.4328156217567607,2024-07-29,0.5563341693939854,-0.015179033919720641,-0.01767903391972064,1
AMBUJACEM,75,167,168,1.0692716744728075,2024-07-29,0.5459478480993467,-0.007942936930461109,-0.010442936930461109,1
GRASIM,74,167,168,1.2858045777158305,2024-07-29,0.5449357748485394,-0.013188662889879077,-0.015688662889879076,1
HAL,89,167,168,1.4328156217567607,2024-07-29,0.5386340783885871,-0.015179033919720641,-0.01767903391972064,1
SIEMENS,68,167,168,1.5855724947580523,2024-07-29,0.5366524996221405,-0.010596966608603542,-0.013096966608603542,1
JSWSTEEL,61,168,169,1.3074640779760216,2024-07-30,0.6086697830846333,0.028987919048934163,0.026487919048934164,1
AMBUJACEM,75,168,169,1.0607785170009414,2024-07-30,0.5667303410543065,0.008154853570222276,0.005654853570222275,1
BHARTIARTL,64,168,169,1.325419951553433,2024-07-30,0.5588771387328465,0.014418497916414141,0.011918497916414141,1
JSWSTEEL,61,169,170,1.3453647408277798,2024-07-31,0.596124023897156,0.006786965166020176,0.004286965166020175,1
SHREECEM,76,168,170,0.9685623617411845,2024-07-30,0.5964131732596354,0.016626744657997516,0.014126744657997516,2
AMBUJACEM,75,169,170,1.0694290104775217,2024-07-31,0.5409931063488421,-0.023457636439425444,-0.025957636439425443,1
SIEMENS,68,169,170,1.5937389901157157,2024-07-31,0.5245226316719525,-0.014594324542472226,-0.017094324542472224,1
GRASIM,74,168,170,1.268846534598073,2024-07-30,0.5426765740961395,-0.00856344271460896,-0.01106344271460896,2
HINDALCO,60,170,171,1.2859099277846375,2024-08-01,0.6813477005734295,-0.03778778505364866,-0.04028778505364866,1
GRASIM,74,170,171,1.2579808399854124,2024-08-01,0.47184368431493906,-0.021756420364140272,-0.02425642036414027,1
HINDALCO,60,170,171,1.2859099277846375,2024-08-01,0.4602385282696069,-0.03778778505364866,-0.04028778505364866,1
SIEMENS,68,170,172,1.570479446057975,2024-08-01,0.4822619562876998,-0.02166803836968001,-0.024168038369680008,2
HAL,89,170,172,1.371087691100921,2024-08-01,0.4600909855171913,-0.024421898014057142,-0.02692189801405714,2
INFY,19,175,176,1.2163100380236995,2024-08-08,0.6185555260617372,0.015833330112611677,0.013333330112611676,1
SIEMENS,68,175,176,1.5535022526425506,2024-08-08,0.551797148406873,0.017801787429979843,0.015301787429979842,1
INFY,19,175,176,1.2163100380236995,2024-08-08,0.5248321709982492,0.015833330112611677,0.013333330112611676,1
OFSS,91,175,176,1.3130922883439617,2024-08-08,0.49552919857378663,0.049968399025348775,0.04746839902534877,1
SIEMENS,68,176,177,1.581157369516088,2024-08-09,0.5435189223785213,0.004564832433997523,0.002064832433997523,1
GAIL,57,176,177,1.81518151310491,2024-08-09,0.44142145926768156,0.019878599802313213,0.017378599802313214,1
NMDC,94,176,177,0.9827799289569968,2024-08-09,0.4315048149437318,0.03656399886149608,0.03406399886149608,1
BERGEPAINT,80,176,177,1.0442567619262828,2024-08-09,0.42088567084511197,-0.010533391335942777,-0.013033391335942777,1
TVSMOTOR,30,175,177,1.1919219812153266,2024-08-08,0.4939053286613356,0.019355120489456867,0.01685512048945687,2
TITAN,77,177,178,0.9828604189137892,2024-08-12,0.5266569762831779,0.018880735594266396,0.016380735594266397,1
TVSMOTOR,30,177,178,1.2149917747757812,2024-08-12,0.50110136608621,0.02242049123157841,0.01992049123157841,1
TITAN,77,177,178,0.9828604189137892,2024-08-12,0.4869915776091169,0.018880735594266396,0.016380735594266397,1
SIEMENS,68,177,179,1.5883750879597094,2024-08-12,0.5597151391608487,0.006957190878290609,0.004457190878290608,2
CUMMINSIND,72,178,179,1.099139033981651,2024-08-13,0.5493331979052759,0.005195404308544704,0.0026954043085447043,1
TITAN,77,178,179,1.0014175466093704,2024-08-13,0.4718830545214295,0.005497111693209433,0.0029971116932094332,1
TECHM,22,178,179,1.7325291470886321,2024-08-13,0.47065655370144494,0.013968330717631705,0.011468330717631705,1
NMDC,94,177,179,1.0187142931604816,2024-08-12,0.4400635177379018,-0.022514557742597696,-0.025014557742597695,2
BHARTIARTL,64,179,180,1.8107097412796087,2024-08-14,0.4969995084444298,-0.0013928323290995914,-0.0038928323290995915,1
HINDALCO,60,179,180,1.1933329625352145,2024-08-14,0.44066830620074277,0.06018177011769832,0.05768177011769832,1
NMDC,94,179,180,0.9957783913839103,2024-08-14,0.43786115103312456,0.04228702049586497,0.039787020495864966,1
HAL,89,179,180,1.3581722843610309,2024-08-14,0.43400541631836426,0.028004789836709065,0.025504789836709067,1
ADANIENT,86,180,181,1.1484773088835534,2024-08-19,0.7442524356309393,-0.010281891909680096,-0.012781891909680097,1
HEROMOTOCO,32,180,181,1.03629758076551,2024-08-19,0.7202951565682189,0.010695919603805004,0.008195919603805004,1
DIVISLAB,46,180,181,2.2658634952710854,2024-08-19,0.5757021267859984,0.011402847970569674,0.008902847970569673,1
LT,66,180,181,0.9278487702542342,2024-08-19,0.5441707015349794,0.004964741298134179,0.0024647412981341787,1
ADANIENT,86,181,182,1.1366687893328924,2024-08-20,0.7454882061670701,0.01467121146434458,0.01217121146434458,1
HEROMOTOCO,32,181,182,1.0473817363749955,2024-08-20,0.7061213337424287,0.007684532744356876,0.005184532744356875,1
ADANIENT,86,182,183,1.1533450975061157,2024-08-21,0.7488648277179373,-0.00534393407624445,-0.00784393407624445,1
SIEMENS,68,179,183,1.5994257166329666,2024-08-14,0.4452698080101409,0.0022727954518477755,-0.0002272045481522245,4
HEROMOTOCO,32,182,183,1.0554303756240107,2024-08-21,0.7165128729283337,0.008562313021335921,0.006062313021335921,1
RBLBANK,97,181,183,1.1115349963017664,2024-08-20,0.601572099717625,0.0428859231405494,0.040385923140549396,2
HEROMOTOCO,32,183,184,1.0644673008723295,2024-08-22,0.6841447228375538,0.010309653073565128,0.007809653073565128,1
SHREECEM,76,183,184,0.8000375426818447,2024-08-22,0.6340043876907174,-0.01224794479621516,-0.01474794479621516,1
SAIL,63,184,185,0.8888962199624798,2024-08-23,0.8280007377825238,0.0452235427772294,0.042723542777229395,1
BRITANNIA,38,181,185,1.2797927396800746,2024-08-20,0.6024511017922071,0.012313983368181791,0.00981398336818179,4
ADANIENT,86,183,186,1.1471816973378832,2024-08-22,0.7219923141432133,-0.010309583060194916,-0.012809583060194916,3
SAIL,63,185,186,0.9290952561904705,2024-08-26,0.9310530130004594,-0.013430207579425146,-0.015930207579425145,1
HEROMOTOCO,32,184,186,1.0754415894524776,2024-08-23,0.7054588792291753,-0.005264699052452304,-0.0077646990524523046,2
RBLBANK,97,185,186,1.149983399215321,2024-08-26,0.6722485560909325,0.013188474764418867,0.010688474764418867,1
EXIDEIND,98,183,186,1.0572902095582135,2024-08-22,0.6310366575611223,-0.02673693923379372,-0.02923693923379372,3
SAIL,63,186,188,0.9166173140387733,2024-08-27,0.9283517088154547,-0.012141261258114322,-0.014641261258114322,2
EXIDEIND,98,186,188,1.0290215054727705,2024-08-27,0.7718594990679275,-0.01704433713899789,-0.019544337138997888,2
EXIDEIND,98,186,188,1.0290215054727705,2024-08-27,0.719430881844785,-0.01704433713899789,-0.019544337138997888,2
EXIDEIND,98,188,189,1.0114825160102134,2024-08-29,0.9071070315451514,0.005507939582384935,0.0030079395823849353,1
EXIDEIND,98,188,189,1.0114825160102134,2024-08-29,0.8303779000799946,0.005507939582384935,0.0030079395823849353,1
SAIL,63,188,190,0.9054884237553176,2024-08-29,0.9068099258530867,-0.008044622994767492,-0.010544622994767492,2
RBLBANK,97,186,190,1.1651499262553728,2024-08-27,0.6581443286707186,-0.01491963018712994,-0.01741963018712994,4
EXIDEIND,98,189,191,1.0170537005970364,2024-08-30,0.907371265955892,-0.017752084737983398,-0.020252084737983397,2
RBLBANK,97,190,191,1.147766320243081,2024-09-02,0.6941951179790683,-0.04780717901330889,-0.05030717901330889,1
EXIDEIND,98,189,191,1.0170537005970364,2024-08-30,0.8440184713212447,-0.017752084737983398,-0.020252084737983397,2
HINDALCO,60,190,191,1.3285618780040642,2024-09-02,0.6205448780275526,-0.025003676918763484,-0.027503676918763483,1
EXIDEIND,98,191,192,0.9989988771209581,2024-09-04,0.8731643761134502,0.023752967164535788,0.02125296716453579,1
EXIDEIND,98,191,192,0.9989988771209581,2024-09-04,0.7971090162823191,0.023752967164535788,0.02125296716453579,1
ADANIENT,86,186,192,1.135354732344043,2024-08-27,0.7422269876449799,-0.015568444908369394,-0.018068444908369393,6
NAUKRI,93,191,192,1.7318393195867314,2024-09-04,0.6073626642209489,0.00532595755568277,0.00282595755568277,1
MARICO,40,192,193,1.015948230829685,2024-09-05,0.6557131798013645,0.033157291849723824,0.030657291849723826,1
SAIL,63,191,193,0.8799257496578474,2024-09-04,0.6902308242103755,0.0058253699455979024,0.0033253699455979024,2
EXIDEIND,98,192,194,1.0227280646466204,2024-09-05,0.8584079598150848,-0.025522058277859694,-0.028022058277859693,2
EXIDEIND,98,192,194,1.0227280646466204,2024-09-05,0.6972828888742856,-0.025522058277859694,-0.028022058277859693,2
MARICO,40,193,194,1.0496343228235154,2024-09-06,0.5939506152334766,0.016159301416782235,0.013659301416782234,1
LT,66,192,194,0.9346244325658624,2024-09-05,0.6170555615368445,-0.012651155694104244,-0.015151155694104244,2
SHREECEM,76,195,196,0.8242937995000978,2024-09-10,0.5923672001257477,-0.004316775592934752,-0.006816775592934752,1
SIEMENS,68,193,196,1.4845542557525617,2024-09-06,0.6393140175636289,-0.003273219352454948,-0.0057732193524549485,3
LT,66,195,196,0.927403587846596,2024-09-10,0.5775829741668478,-0.01646200791518282,-0.018962007915182818,1
NAUKRI,93,195,197,1.7414588315510275,2024-09-10,0.6189890717382317,0.025820251974782105,0.023320251974782106,2
SIEMENS,68,196,197,1.479694984032863,2024-09-11,0.6380399578780716,0.009358854404504013,0.006858854404504013,1
SHREECEM,76,196,197,0.8207355081450084,2024-09-11,0.6015280906743525,0.015833042496868233,0.013333042496868232,1
EXIDEIND,98,197,198,1.0051279365213255,2024-09-12,0.8406822011286122,0.011566108974872202,0.009066108974872202,1
EXIDEIND,98,197,198,1.0051279365213255,2024-09-12,0.7000313694835719,0.011566108974872202,0.009066108974872202,1
EICHERMOT,33,196,198,1.263013244357427,2024-09-11,0.6111216013741205,0.02785271696573499,0.025352716965734993,2
SHREECEM,76,197,198,0.8337302483241571,2024-09-12,0.6558938443128217,-0.005247984970525366,-0.007747984970525366,1
EXIDEIND,98,198,199,1.0167533557688195,2024-09-13,0.8555915628645706,0.00937377864943767,0.006873778649437669,1
EXIDEIND,98,198,199,1.0167533557688195,2024-09-13,0.722807048872482,0.00937377864943767,0.006873778649437669,1
SHREECEM,76,198,199,0.8293548445114796,2024-09-13,0.5942926104657287,-0.010188040747605487,-0.012688040747605487,1
EXIDEIND,98,199,200,1.0262841766668693,2024-09-16,0.8350086119247013,-0.015613895865782212,-0.01811389586578221,1
NESTLEIND,37,198,200,0.99338162672888,2024-09-13,0.6107554565483067,0.006103442581903984,0.003603442581903984,2
EXIDEIND,98,199,200,1.0262841766668693,2024-09-16,0.6378672999217118,-0.015613895865782212,-0.01811389586578221,1
SHREECEM,76,200,201,0.8150640383619033,2024-09-17,0.6438194179229462,-0.014170208362139447,-0.016670208362139446,1
EXIDEIND,98,200,202,1.0102598824036928,2024-09-17,0.8687037669887828,-0.02187436810649246,-0.024374368106492458,2
SIEMENS,68,199,202,1.5066507709327626,2024-09-16,0.6449118703762797,0.0019142249164223468,-0.0005857750835776532,3
EXIDEIND,98,200,202,1.0102598824036928,2024-09-17,0.7387870804148122,-0.02187436810649246,-0.024374368106492458,2
SHREECEM,76,201,202,0.8035144111098284,2024-09-18,0.7124355515413457,-0.0057803354913649185,-0.008280335491364919,1
DRREDDY,44,195,202,1.0296377408703272,2024-09-10,0.5726299223742903,-0.005698811139867144,-0.008198811139867144,7
EXIDEIND,98,202,203,0.9881610858527726,2024-09-19,0.8835647277554279,0.013805794844168773,0.011305794844168772,1
EXIDEIND,98,202,203,0.9881610858527726,2024-09-19,0.8058651982186074,0.013805794844168773,0.011305794844168772,1
SIEMENS,68,202,203,1.509534839378829,2024-09-19,0.6531226069976476,0.015924169074966965,0.013424169074966965,1
SHREECEM,76,202,203,0.798869828241467,2024-09-19,0.649405468199938,0.00842295728401865,0.00592295728401865,1
EXIDEIND,98,203,204,1.001803435077047,2024-09-20,0.898036708907411,0.010401023207629478,0.007901023207629478,1
SAIL,63,203,204,0.870560157916731,2024-09-20,0.8734258293528963,0.026924261810725048,0.02442426181072505,1
EXIDEIND,98,203,204,1.001803435077047,2024-09-20,0.7970334308667583,0.010401023207629478,0.007901023207629478,1
EXIDEIND,98,204,205,1.0122232158547664,2024-09-23,0.8936730629501554,-0.14291044346229942,-0.14541044346229942,1
EXIDEIND,98,204,205,1.0122232158547664,2024-09-23,0.8183007807958095,-0.14291044346229942,-0.14541044346229942,1
SAIL,63,204,206,0.8939993475304673,2024-09-23,0.9248092216075913,0.035086394130676046,0.032586394130676044,2
EXIDEIND,98,205,206,0.8675659471941269,2024-09-24,0.8951635935847042,-0.006293304598850025,-0.008793304598850025,1
DRREDDY,44,202,206,1.0237700298426278,2024-09-19,0.6597014958803855,0.007473951121016453,0.004973951121016453,4
EXIDEIND,98,205,206,0.8675659471941269,2024-09-24,0.8145899540322681,-0.006293304598850025,-0.008793304598850025,1
SHREECEM,76,203,206,0.8055986746802362,2024-09-20,0.6248702191966065,0.030306309834325695,0.027806309834325697,3
SAIL,63,206,207,0.9253665609904885,2024-09-25,0.927787226411147,0.03702597879741343,0.034525978797413426,1
EXIDEIND,98,206,207,0.8621060904288445,2024-09-25,0.9024948664724554,-0.004116567674325222,-0.006616567674325223,1
EXIDEIND,98,206,207,0.8621060904288445,2024-09-25,0.792352898638938,-0.004116567674325222,-0.006616567674325223,1
SHREECEM,76,206,207,0.8300133977172175,2024-09-25,0.6841979060953557,0.008471748795062961,0.005971748795062961,1
SAIL,63,207,208,0.9596291636575577,2024-09-26,0.9031085058473616,0.009626413339408613,0.007126413339408612,1
EXIDEIND,98,207,209,0.8585571723651462,2024-09-26,0.9031391722586091,0.05416006050839872,0.05166006050839872,2
EXIDEIND,98,207,209,0.8585571723651462,2024-09-26,0.8217427618048557,0.05416006050839872,0.05166006050839872,2
SHREECEM,76,207,209,0.8370450627192144,2024-09-26,0.7354631568199411,0.007112520163818248,0.004612520163818247,2
HEROMOTOCO,32,209,210,1.1081736744136168,2024-09-30,0.7151624500113734,0.006599744280312292,0.004099744280312291,1
TCS,18,208,210,0.9898815360327845,2024-09-27,0.7256108589291084,-0.0093300927012826,-0.0118300927012826,2
INFY,19,209,210,1.528365934683931,2024-09-30,0.6719754953078785,0.015328358024856215,0.012828358024856214,1
INDUSTOWER,65,210,211,0.8198089266382105,2024-10-01,0.710103423540634,-0.030855294786058973,-0.033355294786058975,1
SHREECEM,76,210,211,0.8498667547200427,2024-10-01,0.6698278970639411,-0.0184385115115705,-0.020938511511570498,1
EXIDEIND,98,209,211,0.9050566807703622,2024-09-30,0.685471823389622,0.01790865398555308,0.01540865398555308,2
INFY,19,210,211,1.5517932749237602,2024-10-01,0.6303581323566843,0.007246566418181111,0.00474656641818111,1
DRREDDY,44,206,212,1.031421637004833,2024-09-25,0.7052673799769721,-0.012187241260929071,-0.014687241260929072,6
EXIDEIND,98,212,213,0.8811063914412901,2024-10-07,0.7516330431494256,0.027679509608737662,0.025179509608737664,1
INDUSTOWER,65,212,213,0.7709256561968274,2024-10-07,0.7321791972923666,0.024505070616309688,0.02200507061630969,1
FEDERALBNK,8,212,213,1.4764373806514723,2024-10-07,0.6329475383345364,0.019326792506157098,0.0168267925061571,1
HAVELLS,70,212,213,1.0246974883754136,2024-10-07,0.6284828786413738,0.017679999582934425,0.015179999582934424,1
CUMMINSIND,72,212,213,1.1477402264354382,2024-10-07,0.5918285034410598,0.032665009218976415,0.030165009218976416,1
FEDERALBNK,8,215,216,1.4883000972391707,2024-10-10,0.6000411411888447,0.024852286100486953,0.022352286100486955,1
COLPAL,41,215,216,1.1902665386404472,2024-10-10,0.5513356157777701,0.013250345651584006,0.010750345651584005,1
LTIM,23,215,216,1.2618924703101586,2024-10-10,0.5131985579355843,0.010226832200229241,0.007726832200229241,1
POWERGRID,55,215,218,1.2936757427487875,2024-10-10,0.6286068648750874,-0.01345891804579502,-0.01595891804579502,3
INDUSTOWER,65,216,218,0.7972884880403576,2024-10-11,0.6813673199062112,0.019550842527034096,0.017050842527034097,2
CUMMINSIND,72,215,218,1.2089946611391131,2024-10-10,0.5270735862941665,-0.04454556161506085,-0.04704556161506085,3
TVSMOTOR,30,216,218,1.4058704003139129,2024-10-11,0.5547220726732718,0.014046163250001298,0.011546163250001297,2
POWERGRID,55,218,219,1.2762642669492985,2024-10-15,0.7306860913480983,-0.0080338776318577,-0.0105338776318577,1
SAIL,63,218,219,0.8733868183042667,2024-10-15,0.7090580184262688,-0.0077899116749972075,-0.010289911674997208,1
CUMMINSIND,72,218,219,1.1551393149690612,2024-10-15,0.6153038132871548,0.035254338347469494,0.03275433834746949,1
INDUSTOWER,65,218,219,0.8128761497186517,2024-10-15,0.6100024760341624,0.0060896764464457576,0.0035896764464457575,1
SAIL,63,219,220,0.8665832121315696,2024-10-16,0.7201439683255944,-0.01608678703546973,-0.01858678703546973,1
BAJAJ-AUTO,31,219,220,1.0809978122485064,2024-10-16,0.6460413371319846,-0.12890653147756204,-0.13140653147756204,1
DRREDDY,44,216,220,1.0172020952785736,2024-10-11,0.6139774259618278,-0.09040470032725378,-0.09290470032725379,4
NESTLEIND,37,219,220,0.8636328824260028,2024-10-16,0.6397950463988407,-0.0339323770436033,-0.0364323770436033,1
SAIL,63,220,221,0.8526426725494958,2024-10-17,0.777283309090729,0.009387438216636124,0.006887438216636123,1
BAJAJ-AUTO,31,220,221,0.9416501337367187,2024-10-17,0.6889609148535207,-0.00548446268453795,-0.00798446268453795,1
BAJAJ-AUTO,31,220,221,0.9416501337367187,2024-10-17,0.6667522379765198,-0.00548446268453795,-0.00798446268453795,1
SAIL,63,221,222,0.8606468029589217,2024-10-18,0.7405467753370053,-0.01991782494009353,-0.02241782494009353,1
BAJAJ-AUTO,31,221,222,0.9364856887163495,2024-10-18,0.7046584846795548,0.043377619540971635,0.04087761954097163,1
TCS,18,220,222,0.9415150558581946,2024-10-17,0.6696894877412112,0.005867301762851218,0.003367301762851218,2
POWERGRID,55,219,222,1.2660109160027153,2024-10-16,0.6424221937742027,0.012072109044445778,0.009572109044445777,3
BAJAJ-AUTO,31,221,222,0.9364856887163495,2024-10-18,0.6547943103188119,0.043377619540971635,0.04087761954097163,1
SAIL,63,222,223,0.8435045906023347,2024-10-21,0.763476340939303,-0.03684959609208727,-0.03934959609208727,1
RBLBANK,97,222,223,0.5989845493526497,2024-10-21,0.7547843618017778,-0.05075516313386619,-0.05325516313386619,1
TCS,18,222,223,0.9470392088051823,2024-10-21,0.7023067196076601,-0.015772600770216583,-0.01827260077021658,1
TCS,18,222,223,0.9470392088051823,2024-10-21,0.6763794021526995,-0.015772600770216583,-0.01827260077021658,1
BAJAJ-AUTO,31,222,223,0.9771082086270522,2024-10-21,0.6597250978069064,-0.012585134918516427,-0.015085134918516428,1
TCS,18,223,224,0.9321019374509564,2024-10-22,0.787250449900568,0.01263848010004831,0.01013848010004831,1
INDUSTOWER,65,223,224,0.7725377886097848,2024-10-22,0.720217472135527,-0.02631218513014799,-0.02881218513014799,1
TCS,18,223,224,0.9321019374509564,2024-10-22,0.7184521854647979,0.01263848010004831,0.01013848010004831,1
SAIL,63,223,225,0.8124217871368172,2024-10-22,0.8280270384142526,-0.030131430552399863,-0.032631430552399865,2
INDUSTOWER,65,224,225,0.7522106312958491,2024-10-23,0.7145877699627885,-0.019182318640252438,-0.021682318640252437,1
RBLBANK,97,223,225,0.5685829908355906,2024-10-22,0.7427144490469995,-0.007655489595675635,-0.010155489595675636,2
BAJAJ-AUTO,31,224,225,0.9851340768991858,2024-10-23,0.6907264838869016,-0.02684965317850163,-0.02934965317850163,1
BAJAJ-AUTO,31,224,225,0.9851340768991858,2024-10-23,0.6707437040987897,-0.02684965317850163,-0.02934965317850163,1
SAIL,63,225,226,0.7879423564784477,2024-10-24,0.843483835203782,-0.04823693144655772,-0.05073693144655772,1
BAJAJ-AUTO,31,225,226,0.9586835686001193,2024-10-24,0.7893640230492227,-0.009356986823592761,-0.011856986823592762,1
RBLBANK,97,225,226,0.5642302096649706,2024-10-24,0.7396127202358315,-0.024107986323096187,-0.026607986323096185,1
BAJAJ-AUTO,31,225,226,0.9586835686001193,2024-10-24,0.7292702900594888,-0.009356986823592761,-0.011856986823592762,1
VOLTAS,81,225,226,1.9666456271539483,2024-10-24,0.6980637560399812,-0.022422174441750542,-0.02492217444175054,1
EXIDEIND,98,229,230,0.8371564662792043,2024-10-30,0.8709527367578633,-0.021063884726013504,-0.023563884726013503,1
EXIDEIND,98,229,230,0.8371564662792043,2024-10-30,0.8074182041827243,-0.021063884726013504,-0.023563884726013503,1
EXIDEIND,98,230,231,0.8195226989758623,2024-10-31,0.8790426067948259,0.007684709354779828,0.005184709354779828,1
EXIDEIND,98,230,231,0.8195226989758623,2024-10-31,0.877856795969277,0.007684709354779828,0.005184709354779828,1
TCS,18,229,231,0.9481533735636851,2024-10-30,0.7930521113344828,-0.02459204695117201,-0.027092046951172007,2
TCS,18,229,231,0.9481533735636851,2024-10-30,0.6992124629107965,-0.02459204695117201,-0.027092046951172007,2
INFY,19,229,232,1.4970346105401464,2024-10-30,0.7956599820628915,-0.021336243361038898,-0.023836243361038897,3
HCLTECH,21,232,233,1.4079942953592062,2024-11-04,0.8148243205009841,0.006012680542220261,0.003512680542220261,1
RBLBANK,97,232,233,0.5641322034940898,2024-11-04,0.7447037231603225,-0.0041870240282522175,-0.006687024028252218,1
INFY,19,232,233,1.4650935157697638,2024-11-04,0.7028420989381775,-0.005358261303711198,-0.007858261303711199,1
BAJAJ-AUTO,31,232,233,0.9166559603586905,2024-11-04,0.6450633349785632,0.036669783783646936,0.034169783783646934,1
EXIDEIND,98,233,234,0.7981101450213045,2024-11-05,0.8664185440195743,0.01950180302767679,0.01700180302767679,1
EXIDEIND,98,233,234,0.7981101450213045,2024-11-05,0.7771860012935562,0.01950180302767679,0.01700180302767679,1
INDUSTOWER,65,232,234,0.7153050223924798,2024-11-04,0.646538102823494,0.013781843451691422,0.011281843451691422,2
HEROMOTOCO,32,233,234,0.6869650183854878,2024-11-05,0.7599964353920042,0.01495612428929749,0.01245612428929749,1
EXIDEIND,98,234,235,0.8136747318639005,2024-11-06,0.870711301591741,-0.009730249279123027,-0.012230249279123027,1
EXIDEIND,98,234,235,0.8136747318639005,2024-11-06,0.7924076428328761,-0.009730249279123027,-0.012230249279123027,1
HAL,89,234,235,0.9973669002043106,2024-11-06,0.6899597891941899,0.009942666318791149,0.0074426663187911486,1
HCLTECH,21,233,236,1.4164601152624696,2024-11-05,0.7856025230165349,0.03605771635302446,0.03355771635302446,3
MUTHOOTFIN,15,235,236,1.4485328532832729,2024-11-07,0.7659058780656886,-0.010581938531357027,-0.013081938531357027,1
EXIDEIND,98,235,237,0.8057574738907411,2024-11-07,0.9095127389363208,-0.02501117353186355,-0.02751117353186355,2
MUTHOOTFIN,15,236,237,1.433204567669178,2024-11-08,0.7913995964434417,0.0069823322774227314,0.004482332277422731,1
EXIDEIND,98,235,237,0.8057574738907411,2024-11-07,0.8089907616618992,-0.02501117353186355,-0.02751117353186355,2
HEROMOTOCO,32,234,237,0.6972393525828607,2024-11-06,0.6819287773365794,-0.015696406554080444,-0.018196406554080443,3
EXIDEIND,98,237,238,0.7856045338866638,2024-11-11,0.92365422456607,-0.010994028348129015,-0.013494028348129015,1
INDUSTOWER,65,237,238,0.7197571413612787,2024-11-11,0.8195892992378394,-0.012459584510266186,-0.014959584510266187,1
EXIDEIND,98,237,238,0.7856045338866638,2024-11-11,0.812956794846932,-0.010994028348129015,-0.013494028348129015,1
MUTHOOTFIN,15,237,238,1.4432116781821642,2024-11-11,0.8067224706623055,-0.013455149309636871,-0.01595514930963687,1
EXIDEIND,98,238,240,0.7769675753706952,2024-11-12,0.9323729861309793,-0.0317276715004684,-0.034227671500468404,2
EXIDEIND,98,238,240,0.7769675753706952,2024-11-12,0.84212019456552,-0.0317276715004684,-0.034227671500468404,2
INDUSTOWER,65,238,240,0.7107892664316202,2024-11-12,0.8015555028303962,-0.010124610591897065,-0.012624610591897066,2
MUTHOOTFIN,15,238,240,1.4237930495668116,2024-11-12,0.7452811376611147,-0.0093992077883438,-0.0118992077883438,2
EXIDEIND,98,240,241,0.7523162033728183,2024-11-14,0.9129032982174694,0.008132007509649819,0.0056320075096498185,1
EXIDEIND,98,240,241,0.7523162033728183,2024-11-14,0.7872863955828721,0.008132007509649819,0.0056320075096498185,1
HCLTECH,21,236,241,1.467534432323976,2024-11-08,0.7590401432687947,0.01923805970180248,0.01673805970180248,5
EXIDEIND,98,241,242,0.7584340443882773,2024-11-19,0.907684930134015,0.0060498449346479966,0.0035498449346479965,1
EXIDEIND,98,241,242,0.7584340443882773,2024-11-19,0.831077650578346,0.0060498449346479966,0.0035498449346479965,1
INDUSTOWER,65,240,242,0.7035928018960999,2024-11-14,0.7681969894712298,0.03886705304016291,0.03636705304016291,2
EXIDEIND,98,242,243,0.7630224527499844,2024-11-22,0.9276588779450272,0.010140337560786694,0.007640337560786694,1
HCLTECH,21,241,243,1.4957669473474755,2024-11-19,0.7084266491821982,0.03908146509452304,0.036581465094523036,2
INFY,19,242,243,1.6331903585524554,2024-11-22,0.6627470250628632,-0.006597419333013721,-0.009097419333013721,1
EXIDEIND,98,243,244,0.7707597579873287,2024-11-25,0.8796318563925792,-0.005953097984368938,-0.008453097984368938,1
HAL,89,243,244,0.7172689918504104,2024-11-25,0.6922507037223556,0.017389239792426014,0.014889239792426014,1
EXIDEIND,98,244,245,0.7661713496256216,2024-11-26,0.881000558393927,0.04520903274304522,0.04270903274304522,1
MUTHOOTFIN,15,240,245,1.4104105228463335,2024-11-14,0.8149764884344313,0.08809864653735078,0.08559864653735078,5
INFY,19,243,245,1.6224155169064498,2024-11-25,0.6921958226512341,0.01841560130725539,0.015915601307255393,2
EXIDEIND,98,245,246,0.8008092152576295,2024-11-27,0.8864534403304674,0.02696322154956121,0.024463221549561213,1
RBLBANK,97,242,246,0.5163665938199061,2024-11-22,0.6906621587871206,0.0005719016488725526,-0.0019280983511274475,4
RBLBANK,97,246,247,0.5166619047263344,2024-11-28,0.7564358225252898,-0.009714923439800405,-0.012214923439800405,1
INFY,19,245,247,1.6522932742205036,2024-11-27,0.697305824802756,-0.02322674939729874,-0.02572674939729874,2
VOLTAS,81,246,247,1.234853897575023,2024-11-28,0.7438225052129355,0.04483230686881057,0.042332306868810565,1
HCLTECH,21,245,247,1.5606733973817462,2024-11-27,0.6582292852507806,-0.010338295563122046,-0.012838295563122047,2
RBLBANK,97,247,248,0.5116425738776567,2024-12-02,0.7381823130391267,0.04328040501326669,0.040780405013266685,1
CUMMINSIND,72,247,248,1.1225559118752084,2024-12-02,0.6218820283058623,0.023994182171938938,0.02149418217193894,1
DRREDDY,44,248,249,0.8581698664754038,2024-12-03,0.6992707768116107,-0.007309072354960144,-0.009809072354960145,1
INFY,19,247,249,1.6139158724093419,2024-12-02,0.6946887649684896,0.005027048432978409,0.0025270484329784093,2
HCLTECH,21,247,249,1.5445386945221118,2024-12-02,0.6457154939136572,0.01397280863751238,0.011472808637512379,2
INFY,19,249,250,1.6220291056666962,2024-12-04,0.7141097021121784,0.02413657323034113,0.02163657323034113,1
HCLTECH,21,249,251,1.5661202381339026,2024-12-04,0.7716409976635985,0.013200438245751789,0.010700438245751788,2
HAL,89,244,251,0.7297417543453688,2024-11-26,0.6727342257077578,0.03592590937425966,0.033425909374259655,7
BRITANNIA,38,248,251,0.8426620401035536,2024-12-03,0.684268099066861,-0.011823819854836048,-0.014323819854836049,3
INFY,19,250,252,1.6611793299573652,2024-12-05,0.6085670192535565,-0.00578855248512522,-0.00828855248512522,2
DRREDDY,44,249,252,0.8518974408284886,2024-12-04,0.6029010072408442,0.01999094494912934,0.017490944949129342,3
RBLBANK,97,251,252,0.5688562234363397,2024-12-06,0.6516864808091694,-0.01889383163327074,-0.02139383163327074,1
BRITANNIA,38,251,253,0.8326985559428606,2024-12-06,0.6881832729049576,-0.017163422032865694,-0.019663422032865693,2
PIDILITIND,79,252,253,1.2636724430122708,2024-12-09,0.5917288703314534,0.016578305344685962,0.014078305344685961,1
HAL,89,251,253,0.7559583904785938,2024-12-06,0.5997545000869161,0.014924477325737318,0.012424477325737317,2
RBLBANK,97,253,254,0.5799949379853795,2024-12-10,0.6049156768848003,0.005447024973239012,0.002947024973239012,1
INFY,19,252,254,1.6515635062187017,2024-12-09,0.7288860448492257,0.012944166383218159,0.010444166383218158,2
INFY,19,252,254,1.6515635062187017,2024-12-09,0.5961425636036699,0.012944166383218159,0.010444166383218158,2
ASIANPAINT,78,253,254,0.5965578051174834,2024-12-10,0.5911525208278255,0.011888384879383818,0.009388384879383817,1
BRITANNIA,38,253,254,0.8184065992010554,2024-12-10,0.5837616490142626,0.021358901464267444,0.018858901464267445,1
INFY,19,254,255,1.6729416190356479,2024-12-11,0.6371880443044957,0.006509103009940231,0.004009103009940231,1
ASIANPAINT,78,254,255,0.6036499139075204,2024-12-11,0.5900083804739408,-0.01147970942039711,-0.013979709420397111,1
POWERGRID,55,254,255,1.2143944717627442,2024-12-11,0.5776848930350693,0.005037515139944881,0.0025375151399448814,1
EXIDEIND,98,255,256,0.6738674971757063,2024-12-12,0.7259410748400945,-0.013759493503437081,-0.01625949350343708,1
SIEMENS,68,254,256,1.389269142815998,2024-12-11,0.6036437860450794,0.0017596574352525263,-0.0007403425647474738,2
HINDALCO,60,255,256,1.3687905146908144,2024-12-12,0.6004457252054008,-0.009869973207601856,-0.012369973207601857,1
EXIDEIND,98,256,257,0.6645954217261397,2024-12-13,0.728618445150794,0.00966711679271004,0.007167116792710039,1
RBLBANK,97,256,257,0.5642639433227603,2024-12-13,0.6216078435082566,-0.004155847967119208,-0.006655847967119209,1
ASIANPAINT,78,255,257,0.5967201883042144,2024-12-12,0.6098595583064816,0.0053148773604232424,0.0028148773604232424,2
BRITANNIA,38,254,257,0.835886865111097,2024-12-11,0.5815356150642406,-0.012506368773322452,-0.015006368773322452,3
NTPC,54,256,257,0.9591923346736191,2024-12-13,0.5799283390996718,-0.011899762796685254,-0.014399762796685254,1
HINDALCO,60,257,258,1.337676959962805,2024-12-16,0.6508723495440533,-0.021499584720886755,-0.023999584720886754,1
EXIDEIND,98,257,258,0.6710201432878667,2024-12-16,0.6410072584557827,-0.01838750195927341,-0.02088750195927341,1
HEROMOTOCO,32,257,258,0.6461228612306573,2024-12-16,0.6367793741425481,-0.02729675536692211,-0.02979675536692211,1
RBLBANK,97,257,258,0.5619189481609838,2024-12-16,0.6216078435082566,-0.03176258674470511,-0.034262586744705115,1
PIDILITIND,79,257,258,1.2769059190412737,2024-12-16,0.6056721168017121,-0.03522392787906736,-0.037723927879067365,1
EXIDEIND,98,258,259,0.6586817590884492,2024-12-17,0.8292294073204106,-0.01418756499256002,-0.01668756499256002,1
NTPC,54,258,259,0.9374382572315588,2024-12-17,0.604015786687963,-0.020913913379428717,-0.023413913379428716,1
PIDILITIND,79,258,259,1.2319282770406097,2024-12-17,0.6032758143008055,-0.007691470050102511,-0.010191470050102512,1
COFORGE,26,258,259,2.4521634010690834,2024-12-17,0.5949145410777422,0.007274436650579474,0.004774436650579474,1
EXIDEIND,98,259,260,0.649336668821968,2024-12-18,0.6488854897602411,-0.011243489127474193,-0.013743489127474194,1
HEROMOTOCO,32,258,260,0.6284858035506683,2024-12-17,0.6652723087746112,-0.0018458849717883918,-0.004345884971788392,2
ASIANPAINT,78,259,260,0.5857074653434657,2024-12-18,0.6051893204029204,-0.02285259394059691,-0.02535259394059691,1
NTPC,54,259,262,0.9178327547212554,2024-12-18,0.5902468703582896,-0.012728526938103779,-0.01522852693810378,3
COFORGE,26,259,263,2.47000150838703,2024-12-18,0.6110189142295385,0.01961174677445854,0.01711174677445854,4
NMDC,94,262,263,0.8046258558563665,2024-12-23,0.6228869283518218,-0.007567936792650665,-0.010067936792650665,1
COFORGE,26,263,264,2.518442552502047,2024-12-24,0.6094391249174579,0.006110536106736175,0.003610536106736175,1
BRITANNIA,38,262,264,0.8012226717996013,2024-12-23,0.6269528282739079,0.013806270151406341,0.01130627015140634,2
TCS,18,262,265,0.7067837127669915,2024-12-23,0.661583457336832,0.00012031446303573112,-0.002379685536964269,3
SIEMENS,68,262,265,1.2038950390082181,2024-12-23,0.6288381547687014,-0.024315577290807133,-0.026815577290807132,3
EXIDEIND,98,264,265,0.6224695455044262,2024-12-27,0.9123873754964368,-0.017088873963968743,-0.01958887396396874,1
EXIDEIND,98,265,266,0.6118322418948922,2024-12-30,0.9068783390300881,0.012887477900042965,0.010387477900042965,1
TCS,18,265,266,0.7068687490698754,2024-12-30,0.6157899038432173,-0.01538905913347477,-0.017889059133474768,1
BPCL,53,263,266,1.0805314880574879,2024-12-24,0.5850713943528328,0.0015411910648837068,-0.0009588089351162932,3
EXIDEIND,98,266,267,0.6197172163908463,2024-12-31,0.8976605630898508,0.011523283230231218,0.009023283230231218,1
COFORGE,26,265,267,2.6321836507766063,2024-12-30,0.6529841913687818,-0.019291189238151762,-0.02179118923815176,2
TCS,18,266,267,0.6959907040908337,2024-12-31,0.6675952763449616,0.004310355116675435,0.001810355116675435,1
HAL,89,264,267,0.7018602007060741,2024-12-27,0.6170819282968878,-0.035976372241567245,-0.03847637224156725,3
SIEMENS,68,266,267,1.1933264745561771,2024-12-31,0.62096279494876,0.01516207684468851,0.01266207684468851,1
EXIDEIND,98,267,268,0.6268583933979686,2025-01-01,0.9205274465866758,0.008069282687873658,0.005569282687873657,1
HAL,89,267,268,0.6766098168639313,2025-01-01,0.6260848394716636,0.008584732065535228,0.006084732065535227,1
TCS,18,267,269,0.6989906711833702,2025-01-01,0.7238183101806829,-0.004243193355301322,-0.006743193355301323,2
EXIDEIND,98,268,270,0.631916690979563,2025-01-03,0.923325290586112,-0.03696292086918651,-0.03946292086918651,2
TCS,18,269,270,0.6960247186119873,2025-01-06,0.6996060077786171,-0.01628818400938059,-0.01878818400938059,1
COFORGE,26,267,270,2.5814056978599056,2025-01-01,0.6380662483723447,-0.0008672149837102294,-0.0033672149837102295,3
BAJAJ-AUTO,31,268,270,0.870352208619184,2025-01-03,0.745975813071282,-0.15331788526753487,-0.15581788526753487,2
EXIDEIND,98,270,271,0.6085592043349672,2025-01-07,0.909768168004696,-0.00880082934742521,-0.01130082934742521,1
HDFCBANK,1,270,271,1.2240144627260123,2025-01-07,0.7027389299855537,-0.011147322372425217,-0.013647322372425217,1
TCS,18,270,271,0.684687739920158,2025-01-07,0.6563670719996919,0.019884259699737283,0.017384259699737285,1
EXIDEIND,98,271,272,0.6032033786298103,2025-01-08,0.896932150719638,-0.01973115742826581,-0.02223115742826581,1
INFY,19,267,272,1.3845136793886195,2025-01-01,0.7414943470119012,0.02690568828463613,0.024405688284636132,5
HAL,89,270,272,0.6755064664252771,2025-01-07,0.627963983798569,-0.01586429435754899,-0.01836429435754899,2
INFY,19,272,273,1.4217649728720643,2025-01-09,0.7048512696057153,0.023418264065709682,0.020918264065709683,1
HINDUNILVR,35,271,273,0.9771906523990967,2025-01-08,0.7594355628929689,0.02082476590533111,0.018324765905331112,2
POWERGRID,55,271,273,1.1394854819857565,2025-01-08,0.7220877604352346,-0.004565488401203965,-0.007065488401203966,2
TCS,18,272,273,0.6864808910391706,2025-01-09,0.690415304964814,0.06245602356754487,0.05995602356754487,1
POWERGRID,55,273,274,1.1342831742344102,2025-01-13,0.6479699588863723,0.009214082466888263,0.006714082466888262,1
VOLTAS,81,273,274,1.1605906914348354,2025-01-13,0.6465038628759241,0.02873927985087943,0.02623927985087943,1
HINDUNILVR,35,273,275,0.9975404189801858,2025-01-13,0.7359834289507814,-0.031823722686827094,-0.034323722686827096,2
EXIDEIND,98,272,276,0.5913014778048037,2025-01-09,0.8928957363159287,-0.06252360441875449,-0.06502360441875449,4
HDFCBANK,1,273,276,1.1914389525543003,2025-01-13,0.7558678510426374,0.0074807995845154185,0.004980799584515418,3
VOLTAS,81,276,277,1.1574557383358837,2025-01-16,0.6823102561497628,0.005889392158595186,0.0033893921585951858,1
HDFCBANK,1,276,277,1.200351868575544,2025-01-16,0.6726711017974709,-0.00926129443639978,-0.011761294436399781,1
HAL,89,276,277,0.6358123707639013,2025-01-16,0.6323339223269343,0.05048807460271765,0.047988074602717645,1
BPCL,53,277,278,1.0817535002517087,2025-01-17,0.7248738773327369,0.013523473577026879,0.011023473577026878,1
HDFCBANK,1,277,278,1.1892350564933833,2025-01-17,0.6783944173380555,0.008859033576189779,0.006359033576189778,1
HAL,89,277,278,0.6679133131723599,2025-01-17,0.644796411111201,0.017222831946545725,0.014722831946545724,1
INFY,19,276,279,1.430033079721298,2025-01-16,0.7558517674652973,-0.05971106324369835,-0.06221106324369835,3
INDUSTOWER,65,278,279,0.7459334843633318,2025-01-20,0.6519281892979713,-0.04925452529118557,-0.05175452529118557,1
INFY,19,276,279,1.430033079721298,2025-01-16,0.6266970004902034,-0.05971106324369835,-0.06221106324369835,3
HINDUNILVR,35,279,280,0.9535647078903432,2025-01-22,0.7205421624957998,-0.009069828649294176,-0.011569828649294176,1
HDFCBANK,1,278,280,1.1997705297888401,2025-01-20,0.7578790889926607,0.008266503749184029,0.005766503749184028,2
VOLTAS,81,278,280,1.12738202497065,2025-01-20,0.6554663047603458,-0.03834837389586898,-0.040848373895868983,2
BEL,88,279,280,1.3884077324127428,2025-01-22,0.700450945834814,0.01331603061702813,0.010816030617028129,1
HDFCBANK,1,280,281,1.2096884373715,2025-01-23,0.7924629752215904,-0.009069579141326778,-0.011569579141326778,1
HINDUNILVR,35,280,281,0.9449160393837636,2025-01-23,0.6575380002810781,0.01998550547228839,0.01748550547228839,1
EXIDEIND,98,280,281,0.5479726613310667,2025-01-23,0.6474212684386922,-0.037679305655537676,-0.04017930565553768,1
HDFCBANK,1,280,281,1.2096884373715,2025-01-23,0.6338268832595089,-0.009069579141326778,-0.011569579141326778,1
HDFCBANK,1,281,282,1.1987170723524112,2025-01-24,0.8235785079621117,-0.012122761937363835,-0.014622761937363836,1
BPCL,53,281,282,1.0430064829439405,2025-01-24,0.749807755954569,-0.009476889547622047,-0.011976889547622048,1
INFY,19,279,282,1.3446442840574788,2025-01-22,0.7144352664944584,0.004847909433837394,0.002347909433837394,3
HDFCBANK,1,281,282,1.1987170723524112,2025-01-24,0.6574665108745837,-0.012122761937363835,-0.014622761937363836,1
INFY,19,282,283,1.3511629977673165,2025-01-27,0.7199959306870285,0.004253559112799898,0.0017535591127998983,1
VOLTAS,81,282,283,1.0270330350827486,2025-01-27,0.6739014618873101,0.008599066853251625,0.006099066853251624,1
HDFCBANK,1,282,284,1.1841853106540292,2025-01-27,0.8225398137338554,0.024911071740103097,0.022411071740103098,2
IDFCFIRSTB,7,283,284,0.4268651816221589,2025-01-28,0.6947385420365385,0.02660033495565317,0.024100334955653172,1
HDFCBANK,1,282,284,1.1841853106540292,2025-01-27,0.6686715530128957,0.024911071740103097,0.022411071740103098,2
HDFCBANK,1,284,285,1.213684635881308,2025-01-29,0.7585979439327437,0.008466061806764458,0.005966061806764457,1
INFY,19,283,285,1.3569102494493477,2025-01-28,0.7159161859589581,0.028145895061455484,0.025645895061455485,2
HINDUNILVR,35,281,285,0.9638006640597209,2025-01-24,0.7319922616155543,-0.018224620201371833,-0.02072462020137183,4
GAIL,57,284,285,1.4133079074117516,2025-01-29,0.7089964517081264,0.01143929852672776,0.008939298526727759,1
HDFCBANK,1,284,285,1.213684635881308,2025-01-29,0.6162610222212223,0.008466061806764458,0.005966061806764457,1
HAL,89,285,286,0.6004015385014598,2025-01-30,0.6659048870052783,0.04171573867521072,0.03921573867521072,1
HDFCBANK,1,285,286,1.2239597650225995,2025-01-30,0.6329686013965313,0.004286070071126691,0.0017860700711266908,1
HDFCBANK,1,285,286,1.2239597650225995,2025-01-30,0.6326733102411031,0.004286070071126691,0.0017860700711266908,1
COFORGE,26,285,286,1.7818062980547393,2025-01-30,0.5837831337956657,-0.007625489202531477,-0.010125489202531477,1
GAIL,57,285,287,1.4294751584748195,2025-01-30,0.694541137955308,0.05990054691624658,0.057400546916246575,2
HAL,89,286,287,0.6254477321817812,2025-01-31,0.6900803979298821,-0.04111208748013573,-0.04361208748013573,1
POWERGRID,55,286,287,1.1313845605967154,2025-01-31,0.6154789476449843,-0.039118109110989674,-0.041618109110989676,1
VOLTAS,81,286,287,0.912729258126373,2025-01-31,0.6087991071521266,0.050045533554536004,0.047545533554536,1
BPCL,53,287,288,1.052729107280714,2025-02-01,0.6239199433243853,-0.023860695750524297,-0.026360695750524295,1
PIDILITIND,79,287,288,1.1703882263393606,2025-02-01,0.6107619339362701,0.00458053213374332,0.00208053213374332,1
CUMMINSIND,72,287,288,0.7970708053307491,2025-02-01,0.5871790268926603,-0.03458503102041022,-0.03708503102041022,1
COFORGE,26,286,288,1.7682191533679203,2025-01-31,0.610161934784303,-0.022689187144062428,-0.025189187144062427,2
PIDILITIND,79,288,289,1.1757492272190628,2025-02-03,0.6143343568150365,-0.011416011890498678,-0.013916011890498679,1
VOLTAS,81,287,289,0.9584072808401431,2025-02-01,0.5686992147881927,0.05789501938279984,0.05539501938279984,2
POWERGRID,55,288,290,1.0644353604391152,2025-02-03,0.6150462614674098,0.004933188887397799,0.002433188887397799,2
BPCL,53,288,290,1.0276102583441677,2025-02-03,0.6149407295677569,0.02564618876765401,0.02314618876765401,2
TORNTPHARM,48,288,290,1.6344546902280883,2025-02-03,0.5756122133777025,-0.01708827979542915,-0.01958827979542915,2
BPCL,53,290,291,1.05396454500924,2025-02-05,0.6838151232690386,0.004976053450600482,0.0024760534506004816,1
PIDILITIND,79,289,291,1.1623268600608854,2025-02-04,0.6100405947997242,-0.009361326666931014,-0.011861326666931014,2
INDUSTOWER,65,290,291,0.6916348578118765,2025-02-05,0.6019298227123525,-0.005446115782526184,-0.007946115782526185,1
BPCL,53,291,292,1.0592091289202439,2025-02-06,0.5764462616813641,0.006665394850354778,0.004165394850354777,1
HAL,89,291,292,0.5992497281354853,2025-02-06,0.522637894833797,0.0124472985869577,0.0099472985869577,1
BHARTIARTL,64,291,292,1.7678325622965225,2025-02-06,0.5114209541751543,0.03519063477848827,0.03269063477848827,1
COFORGE,26,289,292,1.7519065386675525,2025-02-04,0.5423615166365955,0.0090789700993672,0.0065789700993672,3
POWERGRID,55,292,293,1.0554447830232918,2025-02-07,0.6797745126765287,-0.033974446057225105,-0.03647444605722511,1
HINDUNILVR,35,290,293,0.939282637364591,2025-02-05,0.6274095863704122,-0.012379491457511826,-0.014879491457511827,3
COFORGE,26,292,293,1.7678120457490012,2025-02-07,0.6067698977000354,-0.014222447089764834,-0.016722447089764832,1
RELIANCE,51,292,293,0.6445631895817567,2025-02-07,0.5291499571957123,-0.010302329044275305,-0.012802329044275305,1
HAVELLS,70,292,293,0.8747606724651626,2025-02-07,0.5268979438021394,-0.010036556798279972,-0.012536556798279972,1
HINDUNILVR,35,293,294,0.9276547959791469,2025-02-10,0.6548636957388361,-0.019564222359408245,-0.022064222359408244,1
BANDHANBNK,6,293,294,0.6365054735201604,2025-02-10,0.6198527992440259,-0.030219562896806496,-0.0327195628968065,1
PIDILITIND,79,293,294,1.1389369691163038,2025-02-10,0.5926004462816221,-0.0059274239824026465,-0.008427423982402647,1
TATASTEEL,59,293,294,0.8287775688314872,2025-02-10,0.5761742002414997,-0.029319550735597666,-0.03181955073559767,1
HAVELLS,70,293,294,0.8659810872910645,2025-02-10,0.5701405017182191,-0.030884312768481692,-0.033384312768481694,1
HINDUNILVR,35,294,295,0.9095059512778394,2025-02-11,0.7528671394191121,0.007450454701763531,0.004950454701763531,1
TATASTEEL,59,294,295,0.8044781828536072,2025-02-11,0.5432392139176441,0.01667823072800312,0.014178230728003118,1
COFORGE,26,294,295,1.6768724512771829,2025-02-11,0.5387505448234169,-0.01140580835724836,-0.01390580835724836,1
POLYCAB,71,294,295,0.7351265394865664,2025-02-11,0.5145807439052855,0.02419192077671406,0.02169192077671406,1
POWERGRID,55,295,296,0.9920764711824182,2025-02-12,0.656285763655735,0.008169684927890053,0.0056696849278900525,1
COFORGE,26,295,296,1.657746365458366,2025-02-12,0.5570779616659866,-0.01610990699206516,-0.018609906992065158,1
HINDUNILVR,35,295,297,0.9162821841688192,2025-02-12,0.7347736368402722,-0.006066358006266204,-0.008566358006266204,2
BEL,88,296,297,1.2824716281932806,2025-02-13,0.5442594613193537,-0.04282166261783116,-0.04532166261783116,1
PIDILITIND,79,294,297,1.132186006811119,2025-02-11,0.5115166325401601,-0.011557119768793034,-0.014057119768793034,3
HINDUNILVR,35,297,298,0.9107236884048876,2025-02-14,0.7683617776577573,0.004766273999621262,0.002266273999621262,1
INDUSTOWER,65,297,298,0.6480756953134176,2025-02-14,0.6121005288433408,0.011326342154895919,0.008826342154895918,1
BEL,88,297,298,1.2275540608138473,2025-02-14,0.6098443446958932,-0.007389729025581437,-0.009889729025581438,1
BEL,88,298,299,1.218482768940181,2025-02-17,0.6874195057959297,0.01971825996378307,0.01721825996378307,1
TATASTEEL,59,295,299,0.8178954556028843,2025-02-12,0.5435836571243318,0.030012131204913306,0.027512131204913307,4
PIDILITIND,79,298,299,1.1093306978636506,2025-02-17,0.6157393442065204,-0.004673395201067576,-0.007173395201067577,1
COFORGE,26,296,300,1.6310402256943977,2025-02-13,0.5928390267751361,-0.010424752679956462,-0.012924752679956462,4
PIDILITIND,79,299,300,1.1041463571038577,2025-02-19,0.6255265952822208,0.019070256414216225,0.016570256414216226,1
GAIL,57,299,300,1.4341999332531266,2025-02-19,0.5334228190748797,0.02207557151950934,0.019575571519509342,1
TVSMOTOR,30,299,300,1.0697044687502815,2025-02-19,0.5272629122476006,0.01568084708633255,0.01318084708633255,1
PIDILITIND,79,300,301,1.125202711252651,2025-02-20,0.6016914792240635,-0.009144027670797916,-0.011644027670797917,1
COFORGE,26,300,301,1.614037034730473,2025-02-20,0.5762579145974596,-0.038128765255487806,-0.04062876525548781,1
HINDUNILVR,35,298,302,0.915064447041771,2025-02-17,0.741922108964472,-0.03775653708229254,-0.04025653708229254,4
BPCL,53,300,302,1.0432736371963585,2025-02-20,0.6281323211307561,-0.029389035388272533,-0.031889035388272535,2
TCS,18,301,302,0.654921324436996,2025-02-21,0.7280812584460302,-0.02916007368923923,-0.03166007368923923,1
POWERGRID,55,300,302,1.0028573789371087,2025-02-20,0.547630530327515,-0.014487291660089219,-0.016987291660089218,2
PIDILITIND,79,301,303,1.1149138265257,2025-02-21,0.6300223658336276,-0.012125766180429265,-0.014625766180429265,2
HINDUNILVR,35,304,305,0.8604018517743743,2025-03-03,0.8949640941949177,-0.008957863636788965,-0.011457863636788966,1
BPCL,53,304,305,0.977958085254964,2025-03-03,0.7227476484160659,0.030980598028269357,0.02848059802826936,1
IRFC,90,304,305,0.8540854251816683,2025-03-03,0.692128872753988,0.031134745176690126,0.028634745176690127,1
HAVELLS,70,304,305,0.7904806522222774,2025-03-03,0.5741572328375506,-0.01553221807624483,-0.01803221807624483,1
PIDILITIND,79,304,306,1.1110913476564779,2025-03-03,0.6108110209932603,0.004344801113409957,0.0018448011134099573,2
PERSISTENT,25,307,308,2.1896946943440136,2025-03-06,0.45384326702353833,-0.004610430611680427,-0.007110430611680428,1
FEDERALBNK,8,307,308,1.5190992609158251,2025-03-06,0.41099484622109794,-0.006767973837986885,-0.009267973837986885,1
DMART,83,307,309,0.8746657079638412,2025-03-06,0.5162794382305613,0.01786470837452292,0.015364708374522919,2
HINDUNILVR,35,307,310,0.877041908165947,2025-03-06,0.9297779814975734,-0.0064895190340023,-0.0089895190340023,3
ALKEM,50,309,310,0.8563908072151769,2025-03-10,0.5394973234139165,0.031354502191615286,0.028854502191615287,1
OFSS,91,309,311,0.5787626100742066,2025-03-10,0.5464029595143582,0.019530933710039777,0.01703093371003978,2
PERSISTENT,25,309,311,2.1334377124223183,2025-03-10,0.5121802429236229,0.014118509399295487,0.011618509399295486,2
PIDILITIND,79,312,313,1.1377751515291097,2025-03-13,0.6005314571621087,0.006959911690261222,0.004459911690261222,1
ALKEM,50,312,313,0.8701541666135975,2025-03-13,0.5141437228919716,0.023624594926888953,0.021124594926888954,1
BPCL,53,312,313,1.1003838650215583,2025-03-13,0.502602290687274,-0.011308155949525944,-0.013808155949525945,1
HINDUNILVR,35,313,314,0.8533884303383555,2025-03-18,0.9038988368273871,0.013264288079901876,0.010764288079901875,1
BHARTIARTL,64,312,314,1.7817481983720573,2025-03-13,0.5236583562440119,0.0028483929882043846,0.00034839298820438453,2
MARICO,40,313,314,1.2126465317326645,2025-03-18,0.7373251567762945,0.01901078457115668,0.01651078457115668,1
M&M,29,313,314,1.4371836738391819,2025-03-18,0.6399627902657178,0.031033433090876805,0.028533433090876806,1
TCS,18,314,315,0.5910291533435741,2025-03-19,0.8220458289098775,0.018886970112590884,0.016386970112590885,1
PIDILITIND,79,314,315,1.138587902438602,2025-03-19,0.6573527951943632,0.06384614252412901,0.06134614252412901,1
M&M,29,315,316,1.5025042375893922,2025-03-20,0.6282253125946414,-0.00928184424518319,-0.011781844245183191,1
HINDUNILVR,35,314,317,0.8647080203224188,2025-03-19,0.9320153620044815,0.02097677561583655,0.018476775615836553,3
TCS,18,315,317,0.6021919032984441,2025-03-20,0.7782656739584929,0.004195820950707585,0.001695820950707585,2
M&M,29,316,317,1.4885582272783597,2025-03-21,0.6020192997658962,-0.009690106492707407,-0.012190106492707407,1
MARICO,40,314,317,1.2356998937083945,2025-03-19,0.6295082246767274,0.022290479992580492,0.019790479992580493,3
HINDUNILVR,35,317,318,0.8828468064379363,2025-03-24,0.9292407594334473,0.006692828171196874,0.0041928281711968735,1
TCS,18,317,318,0.6047185927026502,2025-03-24,0.784527831394429,0.007936164903851406,0.0054361649038514055,1
TCS,18,318,319,0.6095177391747634,2025-03-25,0.792420370481762,-0.006000965772660405,-0.008500965772660405,1
ITC,36,307,319,1.1467719833871106,2025-03-06,0.44743811514845744,0.001232488676832677,-0.001267511323167323,12
HINDUNILVR,35,318,320,0.8887555484149153,2025-03-25,0.9259352061490523,-0.011733490449850614,-0.014233490449850615,2
TCS,18,319,320,0.6058600440841463,2025-03-26,0.8253191833934078,0.0042357759921747284,0.0017357759921747284,1
M&M,29,317,320,1.4741339395354367,2025-03-24,0.7591289653175534,-0.01502866179612683,-0.01752866179612683,3
BPCL,53,317,320,1.1670953147453464,2025-03-24,0.557588641215148,-0.004742677816504393,-0.007242677816504393,3
HINDUNILVR,35,320,321,0.8783273436753372,2025-03-27,0.9018286615168748,0.006326155994816007,0.0038261559948160073,1
TCS,18,320,321,0.6084263315134958,2025-03-27,0.7779457766677024,-0.012338491469615409,-0.01483849146961541,1
M&M,29,320,321,1.4519796791159665,2025-03-27,0.7061789711686474,-0.024588326062830457,-0.027088326062830455,1
PIDILITIND,79,320,321,1.2491690566730929,2025-03-27,0.6336654979838038,-0.006000347992913158,-0.008500347992913158,1
TCS,18,321,322,0.6009192684122271,2025-03-28,0.7899594880706413,-0.017248267468755518,-0.019748267468755517,1
IRFC,90,319,322,0.9322872663723346,2025-03-26,0.5959683342142962,-0.0070877426946641675,-0.009587742694664168,3
BAJAJ-AUTO,31,321,322,0.6368484211452121,2025-03-28,0.7272318471968967,0.024635563751926215,0.022135563751926216,1
TCS,18,322,323,0.5905544521435241,2025-04-02,0.730070216386477,-0.03972969790856162,-0.042229697908561625,1
M&M,29,321,323,1.416277929329259,2025-03-28,0.7868675299650314,-0.010597215256038295,-0.013097215256038295,2
BANDHANBNK,6,322,323,0.638416462244497,2025-04-02,0.7044352639266508,0.03345885871553378,0.03095885871553378,1
HCLTECH,21,322,323,1.0472827826213524,2025-04-02,0.6049614175508226,-0.03760933101350816,-0.040109331013508165,1
M&M,29,323,324,1.4012693272497807,2025-04-03,0.8631885809488004,-0.005705643671696126,-0.008205643671696126,1
PIDILITIND,79,323,324,1.2469901906641085,2025-04-03,0.6262636521210445,0.010658702048145896,0.008158702048145896,1
HCLTECH,21,323,324,1.007895177784998,2025-04-03,0.6243893830678312,-0.03265087610916473,-0.03515087610916473,1
COLPAL,41,323,324,0.5625738389358964,2025-04-03,0.5128650322531236,0.005601944552590998,0.0031019445525909983,1
HINDUNILVR,35,321,325,0.8838837794659397,2025-03-28,0.8350111614135659,-0.004183586418699647,-0.006683586418699648,4
M&M,29,328,329,1.4136913535568087,2025-04-16,0.845137475318292,0.017004357181455543,0.014504357181455542,1
INFY,19,328,329,1.0283392147980968,2025-04-16,0.5685322131714841,0.004528978176036702,0.002028978176036702,1
INFY,19,328,329,1.0283392147980968,2025-04-16,0.5559562451756568,0.004528978176036702,0.002028978176036702,1
HCLTECH,21,328,329,0.9815681973459819,2025-04-16,0.4878067397963607,0.0044003447063176715,0.0019003447063176714,1
HINDUNILVR,35,329,330,0.9293331261187013,2025-04-17,0.8134771139777224,0.009978979609655658,0.007478979609655658,1
M&M,29,329,330,1.4377302662770242,2025-04-17,0.8128278302741974,0.051392202621902916,0.048892202621902914,1
INFY,19,329,330,1.03299654065948,2025-04-17,0.5711486020064064,0.002324890369439503,-0.00017510963056049716,1
ITC,36,328,330,1.1756338149741483,2025-04-16,0.5098744966210862,0.006596685778414102,0.0040966857784141015,2
INFY,19,329,330,1.03299654065948,2025-04-17,0.5488966352549647,0.002324890369439503,-0.00017510963056049716,1
HINDUNILVR,35,330,331,0.9386069224348174,2025-04-22,0.705396261902166,0.010463984947020277,0.007963984947020277,1
M&M,29,330,331,1.5116183914371755,2025-04-22,0.6968406702773197,0.035745994300453,0.033245994300453,1
IRFC,90,330,331,0.9939979874888638,2025-04-22,0.6219240580875125,0.015493878013481677,0.012993878013481676,1
IRFC,90,331,332,1.0093988710526625,2025-04-23,0.5843925608669249,-0.006996141791863475,-0.009496141791863475,1
EICHERMOT,33,331,332,1.609777845674388,2025-04-23,0.5146866027912625,-0.015592359287251112,-0.01809235928725111,1
ITC,36,330,332,1.183389101842011,2025-04-22,0.6166289530256513,-0.008187256984600433,-0.010687256984600433,2
HINDUNILVR,35,331,333,0.9484284911423443,2025-04-23,0.7063320337464132,-0.037791984768062226,-0.04029198476806223,2
IRFC,90,332,333,1.002336973426231,2025-04-24,0.662305822678137,-0.03462746510005088,-0.03712746510005088,1
MARICO,40,330,333,1.4267134643644426,2025-04-22,0.6313838193746306,0.010434947237647263,0.007934947237647262,3
HINDUNILVR,35,333,334,0.9125854960514965,2025-04-25,0.7561147019622262,-0.004502243498778924,-0.007002243498778924,1
IRFC,90,333,334,0.9676285848604236,2025-04-25,0.6666096422639574,-0.014518662047452224,-0.017018662047452223,1
MARICO,40,333,335,1.4416011440883265,2025-04-25,0.7943515965446782,7.037237224061244e-05,-0.0024296276277593876,2
INFY,19,332,335,1.0707652299591583,2025-04-24,0.6138553311659993,0.019505193409786736,0.017005193409786738,3
HINDUNILVR,35,334,336,0.9084768139348187,2025-04-29,0.7768494139900319,0.008786785326019952,0.006286785326019952,2
BHARTIARTL,64,334,336,2.3211431116026437,2025-04-29,0.7181984249644014,0.02231602925994758,0.01981602925994758,2
MARICO,40,335,337,1.4417025929806608,2025-04-30,0.8569359149752224,0.013582907744926098,0.011082907744926098,2
IDFCFIRSTB,7,336,337,0.7218894550275419,2025-05-05,0.6906573086824751,-0.02238142613561811,-0.02488142613561811,1
MARICO,40,335,337,1.4417025929806608,2025-04-30,0.682760119963981,0.013582907744926098,0.011082907744926098,2
MARICO,40,337,338,1.4612851062967378,2025-05-06,0.8882863142083065,0.022566279790227073,0.020066279790227074,1
MARICO,40,337,338,1.4612851062967378,2025-05-06,0.7474194470420126,0.022566279790227073,0.020066279790227074,1
IRFC,90,337,338,0.9391556258292388,2025-05-06,0.6643141502429871,0.007310764296658334,0.004810764296658334,1
HINDUNILVR,35,336,339,0.9164594046725305,2025-05-05,0.7475806753553791,0.014136039128884281,0.01163603912888428,3
IRFC,90,338,339,0.946021571247557,2025-05-07,0.6387617971074996,-0.019051531545473788,-0.021551531545473786,1
IRFC,90,339,340,0.9279984114402355,2025-05-08,0.6253440545867948,-0.02118718390062979,-0.02368718390062979,1
ITC,36,332,340,1.173700391152455,2025-04-24,0.6098216046624484,-0.009882538011249165,-0.012382538011249165,8
MARICO,40,338,341,1.4942608748587216,2025-05-07,0.8408180188242131,-0.022815264143958847,-0.025315264143958845,3
MARICO,40,338,341,1.4942608748587216,2025-05-07,0.7280573807625869,-0.022815264143958847,-0.025315264143958845,3
IRFC,90,340,341,0.9083367384375589,2025-05-09,0.7856477442064439,0.07825115250933745,0.07575115250933745,1
IRFC,90,340,341,0.9083367384375589,2025-05-09,0.7296240183023185,0.07825115250933745,0.07575115250933745,1
HINDUNILVR,35,339,342,0.9294145106770154,2025-05-08,0.7589470634183919,-0.00934225475248196,-0.01184225475248196,3
GAIL,57,343,344,2.2300324582919018,2025-05-14,0.5851520105034633,-0.004894281793955013,-0.007394281793955014,1
ASIANPAINT,78,343,344,0.6356668442869443,2025-05-14,0.5238434157329406,0.020856134559835704,0.018356134559835705,1
MARICO,40,344,345,1.4255490526112962,2025-05-15,0.9104773607429951,0.005273451551286001,0.0027734515512860014,1
CIPLA,45,343,345,1.288060193766846,2025-05-14,0.5461105245692814,0.0034117766007273342,0.0009117766007273342,2
MARICO,40,344,345,1.4255490526112962,2025-05-15,0.7476684126893571,0.005273451551286001,0.0027734515512860014,1
PERSISTENT,25,343,347,2.4027718634183146,2025-05-14,0.5379609347640664,-0.018233980738514455,-0.020733980738514454,4
ALKEM,50,343,347,0.9140410323920382,2025-05-14,0.515016293986687,0.02925698205081151,0.02675698205081151,4
M&M,29,347,348,1.6765211227412304,2025-05-20,0.8298818054670454,0.2082748982657372,0.2057748982657372,1
COLPAL,41,347,348,0.6067485798645624,2025-05-20,0.6467330400403012,0.011371485018659255,0.008871485018659255,1
PERSISTENT,25,347,350,2.3589597675417004,2025-05-20,0.613232713175646,0.004073008569850156,0.001573008569850156,3
MARICO,40,347,351,1.4176358916752203,2025-05-20,0.8628256197673403,0.007954018930784512,0.005454018930784512,4
MARICO,40,347,351,1.4176358916752203,2025-05-20,0.7547760600599317,0.007954018930784512,0.005454018930784512,4
PERSISTENT,25,350,351,2.3685678308908296,2025-05-23,0.5932542688043217,0.005121900823039427,0.002621900823039427,1
MARICO,40,351,352,1.4289117943945646,2025-05-26,0.8330200783329352,0.011175998514359797,0.008675998514359797,1
MARICO,40,351,352,1.4289117943945646,2025-05-26,0.7491039935499767,0.011175998514359797,0.008675998514359797,1
COLPAL,41,348,352,0.6136482122505851,2025-05-21,0.6763645270613192,-0.06764938386072528,-0.07014938386072528,4
PIDILITIND,79,351,352,1.271341636252081,2025-05-26,0.6275284672267364,-0.014514628245133498,-0.017014628245133497,1
MARICO,40,352,353,1.4448813104858695,2025-05-28,0.8219253574213758,0.005769493798326808,0.003269493798326808,1
M&M,29,348,353,2.0256983890205196,2025-05-21,0.8240463903827381,-0.025236948993558217,-0.027736948993558216,5
MARICO,40,352,353,1.4448813104858695,2025-05-28,0.7172762771062337,0.005769493798326808,0.003269493798326808,1
COLPAL,41,352,353,0.5721352887845974,2025-05-28,0.7088093834641701,-0.00793848151819021,-0.01043848151819021,1
M&M,29,353,354,1.9745759421004756,2025-05-29,0.8385266988997401,-0.010701146366203118,-0.013201146366203119,1
MARICO,40,353,354,1.453217544246036,2025-05-29,0.7531979383703991,-0.00967586281349797,-0.012175862813497971,1
BRITANNIA,38,352,354,1.0025388426983413,2025-05-28,0.8074543410929047,0.006851767860232005,0.004351767860232005,2
MARICO,40,353,354,1.453217544246036,2025-05-29,0.7082196458555006,-0.00967586281349797,-0.012175862813497971,1
M&M,29,354,355,1.953445715932875,2025-05-30,0.8341780445426812,0.016494161814084363,0.013994161814084362,1
IDFCFIRSTB,7,354,355,0.7479316746775397,2025-05-30,0.6363266948179457,0.010593025889130248,0.008093025889130247,1
COLPAL,41,353,357,0.5675934033686765,2025-05-29,0.7212134305389457,-0.012465282288029789,-0.01496528228802979,4
MARICO,40,354,358,1.439156410649743,2025-05-30,0.6478402485417004,-0.018563733926292736,-0.021063733926292735,4
ITC,36,355,358,1.1442464192787885,2025-06-02,0.5630819506058689,-0.005485308914682685,-0.007985308914682685,3
M&M,29,355,359,1.9856661656665018,2025-06-02,0.841859210277789,0.005188565879414853,0.0026885658794148525,4
M&M,29,359,360,1.9959689253815875,2025-06-06,0.7476154723652295,-0.006148392778755674,-0.008648392778755674,1
IRFC,90,358,360,1.2705708346633449,2025-06-05,0.7010397059973729,0.011633487341005777,0.009133487341005777,2
HDFCBANK,1,357,360,1.6748495773040364,2025-06-04,0.5882612015145324,0.004327216191786665,0.0018272161917866647,3
IRFC,90,358,360,1.2705708346633449,2025-06-05,0.6842052277536779,0.011633487341005777,0.009133487341005777,2
M&M,29,360,361,1.9836969244541507,2025-06-09,0.7579300403246076,-0.006445492583179613,-0.008945492583179613,1
M&M,29,361,362,1.9709110206403053,2025-06-10,0.7558769445013047,0.004303155698323513,0.001803155698323513,1
BRITANNIA,38,354,362,1.009408006119376,2025-05-30,0.7652902181645221,0.017149123122001342,0.014649123122001341,8
IRFC,90,360,362,1.2853520043842521,2025-06-09,0.6202720426231101,-0.010274941293525686,-0.012774941293525686,2
IRFC,90,360,362,1.2853520043842521,2025-06-09,0.6159382718224252,-0.010274941293525686,-0.012774941293525686,2
M&M,29,362,363,1.9793921576296623,2025-06-11,0.8152736529705571,-0.019963049940097455,-0.022463049940097454,1
IDFCFIRSTB,7,360,363,0.7873255492812448,2025-06-09,0.6203338950739098,-0.013967656677898899,-0.016467656677898897,3
ICICIGI,14,362,363,1.1294421497485336,2025-06-11,0.6043433283950648,-0.02064879733927527,-0.02314879733927527,1
M&M,29,363,364,1.939877453135864,2025-06-12,0.7638581660739611,-0.004371996269994849,-0.006871996269994849,1
COLPAL,41,363,364,0.5492270191571365,2025-06-12,0.6372628528203447,-0.014627609525810104,-0.017127609525810102,1
M&M,29,364,365,1.9313963161465069,2025-06-13,0.7783986655460617,0.005855035235332595,0.003355035235332595,1
ICICIGI,14,363,365,1.1061205276919408,2025-06-12,0.6384012422252672,0.02250380797564322,0.02000380797564322,2
MARICO,40,362,365,1.448313109164197,2025-06-11,0.6111012641058241,-0.013495190167458593,-0.01599519016745859,3
M&M,29,365,366,1.9427047096309362,2025-06-16,0.7211551512666329,-0.005424077564960106,-0.007924077564960106,1
MARICO,40,365,366,1.428767848334003,2025-06-16,0.6564767677046088,-0.005718046813936395,-0.008218046813936395,1
M&M,29,366,367,1.9321673286000847,2025-06-17,0.7890426518733302,0.01127296772651798,0.008772967726517979,1
DIVISLAB,46,365,367,3.9425046722672996,2025-06-16,0.5482803460895906,-0.020710259463914693,-0.023210259463914692,2
BRITANNIA,38,362,368,1.026718468296651,2025-06-11,0.6491154843095344,-0.01628320781444037,-0.01878320781444037,6
HDFCBANK,1,364,368,1.648359365988323,2025-06-13,0.6818882040836455,0.009230313830669301,0.006730313830669301,4
BRITANNIA,38,368,369,1.0100001981104527,2025-06-19,0.7091537749023439,0.0020690590627492345,-0.0004309409372507656,1
M&M,29,368,369,1.988451553959203,2025-06-19,0.6594349238165875,0.012989542172851642,0.010489542172851642,1
MARICO,40,366,369,1.420598086890982,2025-06-17,0.6780635124619973,0.010264333350982202,0.007764333350982202,3
DIVISLAB,46,368,369,3.8278405483500215,2025-06-19,0.6261433110330493,0.02202367853660525,0.019523678536605252,1
IRFC,90,368,369,1.161768180794943,2025-06-19,0.615826661407112,0.03498285003498269,0.03248285003498269,1
BRITANNIA,38,369,370,1.0120899481737318,2025-06-23,0.6987568063253009,0.008528625947248791,0.006028625947248791,1
HDFCBANK,1,369,370,1.67483483179571,2025-06-23,0.6470692553193063,0.00641556382065156,0.003915563820651559,1
MARICO,40,369,371,1.4351795792125985,2025-06-23,0.6991972114490478,0.015852459579988043,0.013352459579988043,2
BRITANNIA,38,370,371,1.020721684766676,2025-06-24,0.7465007260816142,0.016200798058197297,0.013700798058197296,1
COLPAL,41,369,371,0.4481470780554509,2025-06-23,0.6911374598813638,0.004149749404168457,0.0016497494041684568,2
HDFCBANK,1,370,371,1.6855798415481456,2025-06-24,0.6406584069773719,0.009842419828162141,0.007342419828162141,1
COLPAL,41,371,373,0.45000677612559137,2025-06-25,0.8376849236820489,-0.01673691842158309,-0.01923691842158309,2
BRITANNIA,38,371,373,1.0372581906552039,2025-06-25,0.7640180888451866,0.16145399186031661,0.1589539918603166,2
IRFC,90,369,373,1.2024101428391072,2025-06-23,0.6767581606817049,0.011972546145728513,0.009472546145728513,4
MARICO,40,371,374,1.4579307054820905,2025-06-25,0.7174623124686008,0.030287920109034472,0.027787920109034473,3
HCLTECH,21,371,374,1.194584237745501,2025-06-25,0.6616695056964044,0.006697382187679235,0.0041973821876792345,3
MARICO,40,374,375,1.5020883942142402,2025-06-30,0.6907155073615171,-0.00699105140641032,-0.00949105140641032,1
IRFC,90,373,375,1.2168060537603405,2025-06-27,0.7478103621904221,0.010786411456648048,0.008286411456648048,2
COLPAL,41,373,376,0.44247504942441773,2025-06-27,0.8217443902120093,0.012776756250377996,0.010276756250377996,3
IRFC,90,375,376,1.2299310245191397,2025-07-01,0.7640661529125189,-0.008409930622270134,-0.010909930622270135,1
IRFC,90,375,376,1.2299310245191397,2025-07-01,0.717549209680192,-0.008409930622270134,-0.010909930622270135,1
LUPIN,47,374,376,1.4084490504547813,2025-06-30,0.5992824258591537,0.015686307815126588,0.013186307815126587,2
NAUKRI,93,376,377,1.5744417019935562,2025-07-02,0.6514182824118971,-0.004614667441432907,-0.0071146674414329075,1
COLPAL,41,376,378,0.4481284452777875,2025-07-02,0.8435663594618587,0.004969985568785917,0.0024699855687859173,2
BRITANNIA,38,373,378,1.2047276661262958,2025-06-27,0.80498764631657,0.009750693807247357,0.0072506938072473565,5
IRFC,90,376,378,1.219587389932756,2025-07-02,0.7227425415728118,-0.007625938431880086,-0.010125938431880087,2
IRFC,90,376,378,1.219587389932756,2025-07-02,0.7003034517886291,-0.007625938431880086,-0.010125938431880087,2
NAUKRI,93,377,378,1.5671761771329322,2025-07-03,0.6701905669230147,0.028508270440960715,0.026008270440960716,1
COLPAL,41,378,379,0.4503556371837806,2025-07-04,0.8430977446962531,0.0017574345006661218,-0.0007425654993338782,1
IRFC,90,378,379,1.2102868915848315,2025-07-04,0.7903952171136036,-0.0074692069445833065,-0.009969206944583307,1
IRFC,90,378,379,1.2102868915848315,2025-07-04,0.7594472708855002,-0.0074692069445833065,-0.009969206944583307,1
BRITANNIA,38,378,379,1.216474596719813,2025-07-04,0.7304982123961562,0.011695417229286686,0.009195417229286686,1
COFORGE,26,378,379,2.139723661740123,2025-07-04,0.6458041820674114,-0.00051261579934192,-0.00301261579934192,1
IDFCFIRSTB,7,379,380,0.8476043460179241,2025-07-08,0.8193266504018253,-0.005265842257522024,-0.007765842257522025,1
IDFCFIRSTB,7,379,380,0.8476043460179241,2025-07-08,0.8135293554783055,-0.005265842257522024,-0.007765842257522025,1
COLPAL,41,379,380,0.4511471077181368,2025-07-08,0.8131600902409686,-0.005059064370114719,-0.007559064370114719,1
IDFCFIRSTB,7,380,381,0.8431409952350036,2025-07-09,0.8098319023017052,-0.010587535114205848,-0.013087535114205849,1
COLPAL,41,380,381,0.44886472545979966,2025-07-09,0.7498023814449296,-0.011195015397256869,-0.01369501539725687,1
IRFC,90,379,381,1.201247008329268,2025-07-08,0.6887663843993351,-0.00774225709586307,-0.01024225709586307,2
BRITANNIA,38,379,381,1.2307017746772795,2025-07-08,0.6758378983828671,0.006679156656290708,0.004179156656290707,2
IDFCFIRSTB,7,381,382,0.8342142103417266,2025-07-10,0.8306639846114396,-0.015056218091594742,-0.01755621809159474,1
IDFCFIRSTB,7,381,382,0.8342142103417266,2025-07-10,0.7530387888648092,-0.015056218091594742,-0.01755621809159474,1
MARICO,40,380,383,1.483373346294007,2025-07-09,0.7735212011377506,-0.00321757724586591,-0.005717577245865911,3
COLPAL,41,381,383,0.44383967794699175,2025-07-10,0.7901932495704822,-0.013768491572770047,-0.016268491572770046,2
IRFC,90,381,383,1.1919466451551464,2025-07-10,0.7387065529456714,-0.013490994776286569,-0.015990994776286568,2
COLPAL,41,383,384,0.43772867508151764,2025-07-14,0.839073918400639,0.01042840051541627,0.007928400515416269,1
IDFCFIRSTB,7,382,385,0.8216540992557141,2025-07-11,0.8223396762963863,-0.012760955350634484,-0.015260955350634485,3
COLPAL,41,384,385,0.4422934850223502,2025-07-15,0.7519683519512175,-0.009363697069497467,-0.011863697069497468,1
IDFCFIRSTB,7,382,385,0.8216540992557141,2025-07-11,0.7600034479698272,-0.012760955350634484,-0.015260955350634485,3
IDFCFIRSTB,7,385,386,0.8111690079814461,2025-07-16,0.7070292731118548,-0.005144831441609821,-0.007644831441609821,1
IRFC,90,383,386,1.175866099191746,2025-07-14,0.7357080393866389,0.0059653145998082024,0.0034653145998082024,3
IDFCFIRSTB,7,385,386,0.8111690079814461,2025-07-16,0.6789868933028848,-0.005144831441609821,-0.007644831441609821,1
IRFC,90,383,386,1.175866099191746,2025-07-14,0.6759497865461273,0.0059653145998082024,0.0034653145998082024,3
HINDUNILVR,35,386,387,1.1136326447422273,2025-07-17,0.7440329343378231,-0.008048463724216526,-0.010548463724216526,1
IDFCFIRSTB,7,386,387,0.8069956801647237,2025-07-17,0.6975022103944344,-0.005307661965500254,-0.007807661965500255,1
COLPAL,41,385,388,0.4381519828127886,2025-07-16,0.7233521316133367,0.004873213106813656,0.0023732131068136563,3
HCLTECH,21,387,388,1.0859386985042314,2025-07-18,0.6768525426990901,-0.01188013453744341,-0.01438013453744341,1
COFORGE,26,387,388,2.032894795349275,2025-07-18,0.6214145054964609,0.008067606138829175,0.005567606138829175,1
COLPAL,41,388,389,0.44028719079820827,2025-07-21,0.8060877456862099,-0.005225735644134755,-0.007725735644134755,1
MARICO,40,386,389,1.489365035069124,2025-07-17,0.8675172876289836,-0.023114682686521948,-0.025614682686521947,3
MARICO,40,386,389,1.489365035069124,2025-07-17,0.757399479047359,-0.023114682686521948,-0.025614682686521947,3
IRFC,90,388,389,1.1781457862434745,2025-07-21,0.6620288271043512,-0.02679168395460918,-0.02929168395460918,1
MARICO,40,389,390,1.4549388348791006,2025-07-22,0.899171582072619,0.005932828795486511,0.003432828795486511,1
COLPAL,41,389,390,0.4379863663315981,2025-07-22,0.8328026977644677,-0.03958817881413368,-0.04208817881413368,1
MARICO,40,389,390,1.4549388348791006,2025-07-22,0.7656747523643165,0.005932828795486511,0.003432828795486511,1
IRFC,90,389,390,1.1465812766859849,2025-07-22,0.6557772956867557,0.03119986718853296,0.02869986718853296,1
MARICO,40,390,391,1.463570737894343,2025-07-23,0.8839892080711043,-0.01901191945817471,-0.021511919458174707,1
MARICO,40,390,391,1.463570737894343,2025-07-23,0.7344721924287287,-0.01901191945817471,-0.021511919458174707,1
IRFC,90,390,391,1.1823544602394462,2025-07-23,0.7108512808435968,0.005932463649211517,0.0034324636492115168,1
IRFC,90,390,391,1.1823544602394462,2025-07-23,0.6711612665223968,0.005932463649211517,0.0034324636492115168,1
BRITANNIA,38,388,391,1.1975050261098577,2025-07-21,0.6516342392085392,0.006688347906583569,0.004188347906583569,3
MARICO,40,391,392,1.4357454489041543,2025-07-24,0.7633661441497089,-0.01831939119067938,-0.020819391190679378,1
IRFC,90,391,392,1.1893687350953,2025-07-24,0.6839102236926798,-0.026686307344953808,-0.029186307344953807,1
MARICO,40,391,392,1.4357454489041543,2025-07-24,0.6786786028111856,-0.01831939119067938,-0.020819391190679378,1
HCLTECH,21,391,392,1.0567708668095268,2025-07-24,0.6235444133384239,-0.011345531859116909,-0.013845531859116909,1
HCLTECH,21,392,393,1.0447812392723528,2025-07-25,0.6025449308070565,-0.01610631123569961,-0.01860631123569961,1
MARICO,40,392,394,1.4094434663754416,2025-07-25,0.8724281237341228,0.006124334335622761,0.003624334335622761,2
MARICO,40,392,394,1.4094434663754416,2025-07-25,0.7548145037026954,0.006124334335622761,0.003624334335622761,2
BRITANNIA,38,392,394,1.1887268445392394,2025-07-25,0.6369605853217124,0.005720391966407723,0.003220391966407723,2
TORNTPHARM,48,391,394,1.958971058607915,2025-07-24,0.6110545457788956,0.023835898421475266,0.021335898421475267,3
MARICO,40,394,395,1.4180753693906838,2025-07-29,0.8807335188454157,0.006946456074892415,0.004446456074892415,1
MARICO,40,394,395,1.4180753693906838,2025-07-29,0.7662863679802453,0.006946456074892415,0.004446456074892415,1
HINDUNILVR,35,394,395,1.0877916084881718,2025-07-29,0.7503147474208244,-0.006602678016278007,-0.009102678016278008,1
BRITANNIA,38,395,396,1.2212394232887527,2025-07-30,0.8216408339247679,0.004176075159023629,0.0016760751590236289,1
COLPAL,41,393,396,0.4158983696886557,2025-07-28,0.6775260859903677,0.00417071106713518,0.0016707110671351799,3
NAUKRI,93,394,396,1.2572302132614732,2025-07-29,0.6620707595113351,-0.012132708592475727,-0.014632708592475728,2
BRITANNIA,38,396,397,1.2263394109075691,2025-07-31,0.7919482277483558,0.004678589450839654,0.002178589450839654,1
MARICO,40,395,398,1.427925967655043,2025-07-30,0.8485300093384461,0.009600993373707789,0.0071009933737077886,3
BRITANNIA,38,397,398,1.2320769495385901,2025-08-01,0.7287923400509151,0.011182946007338712,0.008682946007338712,1
MARICO,40,395,398,1.427925967655043,2025-07-30,0.7603758511744105,0.009600993373707789,0.0071009933737077886,3
IRFC,90,396,398,1.1142113389367698,2025-07-31,0.6835912556368205,-0.01129805831018127,-0.01379805831018127,2
NAUKRI,93,396,398,1.2419766054503156,2025-07-31,0.6398559665729208,-0.015370347582270516,-0.017870347582270515,2
ADANIPORTS,87,399,400,0.9362544753637814,2025-08-05,0.5285175314629607,0.006626905354384149,0.004126905354384149,1
ADANIPORTS,87,399,400,0.9362544753637814,2025-08-05,0.5161286172882872,0.006626905354384149,0.004126905354384149,1
PAGEIND,82,399,400,1.2425928565958686,2025-08-05,0.5145027139470737,0.012464319391722878,0.009964319391722877,1
ETERNAL,92,399,400,2.159014240202607,2025-08-05,0.4717816025998899,-0.01092168743878319,-0.01342168743878319,1
COFORGE,26,399,401,1.8703233325860726,2025-08-05,0.5356401775738011,-0.04007725462265743,-0.042577254622657434,2
HINDUNILVR,35,400,401,1.1241458729274258,2025-08-06,0.7344482232453664,-0.0071384126173282825,-0.009638412617328283,1
SIEMENS,68,400,401,0.9918104054874693,2025-08-06,0.5482451867546277,0.010733194560268666,0.008233194560268666,1
HINDUNILVR,35,401,402,1.1161212558444031,2025-08-07,0.6597986529998332,-0.007507390102403533,-0.010007390102403533,1
MARICO,40,401,402,1.4243949192376626,2025-08-07,0.647399153444175,-0.02031866374499469,-0.02281866374499469,1
MARICO,40,401,402,1.4243949192376626,2025-08-07,0.5910152530494125,-0.02031866374499469,-0.02281866374499469,1
ETERNAL,92,400,402,2.1354341614952324,2025-08-06,0.5280136870363626,0.006859587589427729,0.004359587589427729,2
HINDUNILVR,35,402,403,1.1077420981751946,2025-08-08,0.7734391252394255,0.007924315289800976,0.005424315289800976,1
MARICO,40,402,403,1.3954531178335936,2025-08-08,0.6709627266581106,0.004332676667489377,0.0018326766674893768,1
BRITANNIA,38,400,403,1.1630780569425547,2025-08-06,0.5840763690740763,0.013697362332253382,0.011197362332253382,3
ADANIPORTS,87,402,403,0.9134358310563965,2025-08-08,0.5575928585828749,0.07327877280093342,0.07077877280093342,1
HINDUNILVR,35,403,404,1.1165201958209205,2025-08-11,0.7875110381825988,-0.013738764067173781,-0.01623876406717378,1
MARICO,40,403,404,1.4014991649978066,2025-08-11,0.684502913169945,-0.004101873287216562,-0.0066018732872165625,1
BRITANNIA,38,403,404,1.1790091585091902,2025-08-11,0.6210193945806871,-0.008083248165009604,-0.010583248165009605,1
DIVISLAB,46,402,404,3.574174128555621,2025-08-08,0.5936780511042163,0.0131033899737929,0.0106033899737929,2
IRFC,90,403,404,1.0804803353291799,2025-08-11,0.5956788112373514,-0.014114491546284635,-0.016614491546284634,1
HINDUNILVR,35,404,405,1.1011805882743022,2025-08-12,0.8002223195633904,0.004549500935875139,0.002049500935875139,1
DIVISLAB,46,404,405,3.621007925996327,2025-08-12,0.6267324950188047,0.02340211373930501,0.02090211373930501,1
ETERNAL,92,404,405,2.185809883308034,2025-08-12,0.5247646192535086,0.02108536232665581,0.01858536232665581,1
BRITANNIA,38,405,406,1.1776946449068384,2025-08-13,0.5802376269460408,-0.013580132080736385,-0.016080132080736383,1
MARICO,40,404,406,1.3957503930108457,2025-08-12,0.7023331990992896,0.009160648246952174,0.006660648246952174,2
INFY,19,405,406,0.9948303307483047,2025-08-13,0.5421006555737402,0.014790328304733036,0.012290328304733035,1
SIEMENS,68,404,406,1.0082768564365852,2025-08-12,0.5267198863354212,0.004975870954578632,0.0024758709545786317,2
ICICIGI,14,406,407,1.0484243213185516,2025-08-14,0.6001582208407114,0.028762537490700346,0.026262537490700347,1
BRITANNIA,38,406,407,1.1617013960782276,2025-08-14,0.594729441473737,0.03705799151343636,0.03455799151343636,1
EXIDEIND,98,406,407,0.525740479170692,2025-08-14,0.5408083306762744,0.04900514084050034,0.046505140840500336,1
ETERNAL,92,405,407,2.231898476674769,2025-08-13,0.5046853405670959,0.019369257802933415,0.016869257802933416,2
ADANIPORTS,87,406,408,0.9738569319299256,2025-08-14,0.6056790813383693,0.054064388308809,0.051564388308808995,2
MARICO,40,407,408,1.443028761341292,2025-08-19,0.6141186064419364,0.03283187441187341,0.03033187441187341,1
ETERNAL,92,407,408,2.275128693659457,2025-08-19,0.5535814306232612,0.015865532407107974,0.013365532407107973,1
BRITANNIA,38,408,409,1.2490070078344115,2025-08-20,0.5929729920787452,-0.018154709700052285,-0.020654709700052284,1
TORNTPHARM,48,408,409,1.9359893255288174,2025-08-20,0.5295507813560544,-0.004476298022768055,-0.006976298022768055,1
ETERNAL,92,408,409,2.3112248216790525,2025-08-20,0.51201789525711,-0.014546011874329134,-0.017046011874329133,1
INDUSTOWER,65,407,409,0.8173237413255956,2025-08-19,0.5464385743740329,0.02382696071504231,0.021326960715042313,2
VEDL,62,407,409,1.3314344357573076,2025-08-19,0.46230836021702165,-0.007330144551334961,-0.009830144551334961,2
COLPAL,41,409,410,0.43720051562700424,2025-08-21,0.5864236898761259,-0.021782571569948117,-0.024282571569948116,1
MARICO,40,409,411,1.4662219117495183,2025-08-21,0.6259411926397433,-0.01210033382222897,-0.01460033382222897,2
ITC,36,409,411,1.086457481729918,2025-08-21,0.5822625793046137,-0.015287864297853448,-0.017787864297853447,2
BRITANNIA,38,409,411,1.2263316481938469,2025-08-21,0.5810048253959795,-0.00839660562751221,-0.01089660562751221,2
ETERNAL,92,409,411,2.277605717978665,2025-08-21,0.5577287980234001,-0.007924138874139786,-0.010424138874139786,2
MARICO,40,411,412,1.4484801371598823,2025-08-25,0.775212428765349,-0.006436910654638361,-0.008936910654638362,1
POLYCAB,71,410,412,1.5002238436113733,2025-08-22,0.5148415428384101,-0.0051404830645728206,-0.007640483064572821,2
BRITANNIA,38,411,412,1.2160346249754261,2025-08-25,0.6546717139518572,0.03873524907665904,0.03623524907665904,1
IRFC,90,411,412,1.0595216508246759,2025-08-25,0.593828995690582,-0.025410133215664432,-0.02791013321566443,1
ETERNAL,92,411,412,2.259557653968867,2025-08-25,0.5668102642591701,-0.004228680042334232,-0.006728680042334232,1
IRFC,90,412,413,1.0325990645323402,2025-08-26,0.7210762160267141,-0.025495048266278242,-0.02799504826627824,1
COLPAL,41,412,413,0.4248499169701679,2025-08-26,0.6741196781979144,0.020883427048082215,0.018383427048082216,1
MARICO,40,412,414,1.4391563999319659,2025-08-26,0.7938456967780189,0.011285232442962645,0.008785232442962644,2
IRFC,90,413,414,1.0062729015423744,2025-08-29,0.7203111228054344,0.020574109791549278,0.01807410979154928,1
NAUKRI,93,413,414,1.211468952539471,2025-08-29,0.6947780550987107,0.010013947389032829,0.0075139473890328285,1
BRITANNIA,38,412,414,1.263138029059691,2025-08-26,0.6732676369407302,0.014049085075015011,0.01154908507501501,2
LUPIN,47,412,414,1.5208462276310963,2025-08-26,0.6530390964028193,-0.013821041215506646,-0.016321041215506645,2
MARICO,40,414,415,1.4553976144269754,2025-09-01,0.694186751760341,0.004580223508497738,0.0020802235084977382,1
LUPIN,47,414,415,1.4998265492365592,2025-09-01,0.6527052286588654,0.02797680483979703,0.025476804839797033,1
NAUKRI,93,414,415,1.223600538893648,2025-09-01,0.5406625641054088,-0.003863708346976691,-0.006363708346976691,1
SIEMENS,68,414,415,0.9967026884496261,2025-09-01,0.530359677980983,0.023256555567601866,0.020756555567601868,1
SIEMENS,68,414,415,0.9967026884496261,2025-09-01,0.5058570092533331,0.023256555567601866,0.020756555567601868,1
MARICO,40,415,416,1.4620636607947852,2025-09-03,0.6488166536585591,0.005239844281642814,0.0027398442816428136,1
SBILIFE,13,415,416,1.8028073314510682,2025-09-03,0.569295460602076,-0.010824589744598323,-0.013324589744598324,1
NAUKRI,93,415,416,1.2188729032781593,2025-09-03,0.5022547234024325,-0.025322058555773186,-0.027822058555773185,1
INDUSINDBK,5,415,417,0.26808692598970973,2025-09-03,0.6050953785397238,-0.014386132201785196,-0.016886132201785194,2
NAUKRI,93,416,417,1.1880085322493046,2025-09-04,0.5891376076537568,0.011413130248378422,0.008913130248378422,1
BHEL,67,416,417,1.083590216481512,2025-09-04,0.5268959268638396,0.0060164114571656935,0.0035164114571656934,1
LUPIN,47,415,418,1.5417869038980967,2025-09-03,0.6202875414938146,-0.0019988849689217547,-0.004498884968921755,3
INFY,19,417,418,1.0073824580543176,2025-09-05,0.5161935126999275,0.1196451962381393,0.11714519623813929,1
PERSISTENT,25,417,418,2.315524301703134,2025-09-05,0.5079729005386876,-0.023577527586065683,-0.026077527586065682,1
TECHM,22,417,418,1.4802329922975812,2025-09-05,0.4995265459260371,-0.011638187356262097,-0.014138187356262098,1
LUPIN,47,418,419,1.5387050492306145,2025-09-08,0.6148142499027485,0.005186985368488273,0.0026869853684882727,1
INFY,19,418,419,1.1279109299350856,2025-09-08,0.5593343012300941,0.04982896859503749,0.04732896859503749,1
INDUSTOWER,65,418,419,0.8273013510215949,2025-09-08,0.5472590181192546,0.00813713380791281,0.00563713380791281,1
LUPIN,47,419,420,1.5466862898073928,2025-09-09,0.6078712558764149,0.011444286407268134,0.008944286407268133,1
BRITANNIA,38,418,420,1.3398179891968667,2025-09-08,0.5945905548678456,0.0707725463081732,0.0682725463081732,2
ETERNAL,92,420,421,2.2726514533458024,2025-09-10,0.5004637207055618,0.011405709854023005,0.008905709854023005,1
MARICO,40,416,422,1.4697246467071985,2025-09-04,0.6504222918729219,0.02734712962530428,0.02484712962530428,6
COLPAL,41,421,422,0.39401888083794606,2025-09-11,0.607525862885058,-0.008801542169115106,-0.011301542169115107,1
DIVISLAB,46,419,422,3.7315416262431067,2025-09-09,0.49303994122878775,0.003998334027488504,0.0014983340274885037,3
COLPAL,41,422,423,0.39055090704282336,2025-09-12,0.7119379633767349,0.005055884079852246,0.0025558840798522464,1
MARICO,40,422,423,1.5099173971342048,2025-09-12,0.6963146965902284,-0.009597696426556612,-0.012097696426556613,1
NAUKRI,93,419,423,1.203797490542808,2025-09-09,0.5149611487272713,0.026898858472222065,0.024398858472222066,4
PAGEIND,82,422,423,1.1853895305749798,2025-09-12,0.5183651455760011,0.0047586488520867665,0.0022586488520867664,1
MARICO,40,423,424,1.4954256683273341,2025-09-15,0.7645504114741113,-0.004948420049397995,-0.007448420049397995,1
LUPIN,47,420,424,1.5643870106901434,2025-09-10,0.592995462157518,0.004192579195251955,0.0016925791952519553,4
M&M,29,423,424,2.3973720903726674,2025-09-15,0.7360410108567605,0.022009446816755762,0.019509446816755763,1
NAUKRI,93,423,424,1.236178268870135,2025-09-15,0.5484695649741961,-0.007631388323465438,-0.010131388323465438,1
MARICO,40,424,425,1.4880256739677988,2025-09-16,0.7738689840311342,-0.016576874699944177,-0.019076874699944176,1
SUNPHARMA,43,424,425,1.5004017420509683,2025-09-16,0.4647302748569448,0.006022931371508333,0.003522931371508333,1
HDFCBANK,1,425,426,1.7649228792866922,2025-09-17,0.8163893733714238,0.01076050120440919,0.00826050120440919,1
M&M,29,424,426,2.450136923895699,2025-09-16,0.6757790664485661,0.00947892216515367,0.006978922165153669,2
NAUKRI,93,424,426,1.2267445124633578,2025-09-16,0.500089343346015,0.016711079357983882,0.014211079357983882,2
BAJAJ-AUTO,31,423,426,0.8453106301736476,2025-09-15,0.48689666327021036,0.005540166204986097,0.0030401662049860966,3
MARICO,40,425,427,1.4633588588201347,2025-09-17,0.7569647941876935,0.011588705881544481,0.00908870588154448,2
M&M,29,426,428,2.4733615810912757,2025-09-18,0.7003976389013991,-0.01575967907123832,-0.018259679071238318,2
COLPAL,41,426,428,0.39252548715611296,2025-09-18,0.6513918572331435,-0.00879267409645934,-0.011292674096459341,2
HDFCBANK,1,426,429,1.783914334054946,2025-09-18,0.7590122352501949,-0.013000319264652838,-0.015500319264652838,3
M&M,29,428,429,2.4343821963461467,2025-09-22,0.7720930430741832,0.00831289009769609,0.00581289009769609,1
HDFCBANK,1,426,429,1.783914334054946,2025-09-18,0.6745556073239748,-0.013000319264652838,-0.015500319264652838,3
M&M,29,429,430,2.45461894800016,2025-09-23,0.7009998048243383,-0.01098328839703211,-0.01348328839703211,1
COLPAL,41,428,430,0.3890741384729953,2025-09-22,0.7495492151939628,-0.011003168329835944,-0.013503168329835944,2
HDFCBANK,1,429,431,1.760722878171441,2025-09-23,0.7913695026413188,-0.007678684211616216,-0.010178684211616216,2
HDFCBANK,1,429,431,1.760722878171441,2025-09-23,0.7197098193132191,-0.007678684211616216,-0.010178684211616216,2
MARICO,40,427,431,1.4803172942341538,2025-09-19,0.5969330658912774,-0.0045824463184731545,-0.007082446318473155,4
HDFCBANK,1,431,432,1.7472028432057944,2025-09-25,0.8107363858322026,-0.00505341676721871,-0.007553416767218711,1
M&M,29,431,432,2.3971683318602612,2025-09-25,0.789949204225411,-0.037818696883851755,-0.04031869688385176,1
HDFCBANK,1,431,432,1.7472028432057944,2025-09-25,0.6989581457916768,-0.00505341676721871,-0.007553416767218711,1
LUPIN,47,431,433,1.5033395351173033,2025-09-25,0.71389480098292,-0.02225615032944883,-0.02475615032944883,2
M&M,29,432,434,2.3065105493380695,2025-09-26,0.7906638851503042,0.008979832180185277,0.006479832180185276,2
HDFCBANK,1,432,434,1.7383734990622062,2025-09-26,0.7079040555809571,0.006295976174684803,0.003795976174684803,2
LUPIN,47,433,434,1.469880984427529,2025-09-29,0.687566482321424,-0.01132831724440786,-0.01382831724440786,1
HDFCBANK,1,432,434,1.7383734990622062,2025-09-26,0.6948309544716083,0.006295976174684803,0.003795976174684803,2
COLPAL,41,431,435,0.37735941299798753,2025-09-25,0.7899562260282195,-0.021677938314907497,-0.024177938314907495,4
M&M,29,434,436,2.3272226269929526,2025-09-30,0.8006314287172958,0.013131018383425452,0.010631018383425452,2
EXIDEIND,98,434,436,0.5756082072903693,2025-09-30,0.5680110955726856,0.011004447326852684,0.008504447326852684,2
M&M,29,436,437,2.357781430090321,2025-10-06,0.690298098670062,0.005990797473538034,0.003490797473538034,1
MARICO,40,435,437,1.4696594568705863,2025-10-01,0.650876340148338,0.01881013495836026,0.01631013495836026,2
LUPIN,47,434,437,1.4532297063244113,2025-09-30,0.7101755285977785,0.01360330630239881,0.01110330630239881,3
IRFC,90,434,437,0.9212630931464497,2025-09-30,0.6009413853676046,0.01400692149221583,0.011506921492215829,3
ETERNAL,92,436,437,2.6138739005930915,2025-10-06,0.5737957396570362,0.008206505371264328,0.005706505371264327,1
LUPIN,47,437,438,1.4729984351472873,2025-10-07,0.6373015239741695,-0.009975100142935012,-0.012475100142935012,1
M&M,29,437,438,2.371906421124861,2025-10-07,0.635102141699901,-0.01898191934873783,-0.02148191934873783,1
INFY,19,437,438,1.1872452288628235,2025-10-07,0.5873889181258366,0.025025750179788586,0.022525750179788587,1
ICICIBANK,2,437,438,1.7386324630614416,2025-10-07,0.5455008062736826,-0.0040700454150525145,-0.006570045415052515,1
ETERNAL,92,437,439,2.6353246707981164,2025-10-07,0.5673467931847849,0.011247558751866116,0.008747558751866115,2
ITC,36,439,440,1.0502806154925748,2025-10-09,0.6841607276398026,0.007251849308444136,0.0047518493084441355,1
ITC,36,439,440,1.0502806154925748,2025-10-09,0.5650465606232431,0.007251849308444136,0.0047518493084441355,1
ITC,36,440,441,1.057897092247707,2025-10-10,0.5523875644986963,-0.00881334404908185,-0.011313344049081851,1
NAUKRI,93,439,441,1.1923098609114486,2025-10-09,0.42979278460554404,-0.00965468983685358,-0.012154689836853581,2
SUNPHARMA,43,439,441,1.5539060706616228,2025-10-09,0.42466550674387027,0.005969220698780031,0.003469220698780031,2
ETERNAL,92,439,442,2.6649656398631603,2025-10-09,0.5647729352515644,0.006512301013022803,0.004012301013022803,3
HCLTECH,21,446,447,1.2640406881991388,2025-10-20,0.567762495362497,-0.006285945352703548,-0.008785945352703549,1
ICICIBANK,2,446,447,1.7388634627213884,2025-10-20,0.5080094320167633,-0.005969969457399138,-0.008469969457399138,1
ICICIBANK,2,446,447,1.7388634627213884,2025-10-20,0.48399386156460844,-0.005969969457399138,-0.008469969457399138,1
INFY,19,446,447,1.189198937246206,2025-10-20,0.4744456224107738,0.007871899487275735,0.005371899487275735,1
LUPIN,47,440,448,1.4994003702695968,2025-10-10,0.6372351518525128,0.006686048721211479,0.004186048721211479,8
HCLTECH,21,447,448,1.2560949975095252,2025-10-21,0.5425006531934642,0.025437454869410292,0.022937454869410293,1
ETERNAL,92,447,448,2.607886828085093,2025-10-21,0.5186180665298409,-0.03401360482813953,-0.036513604828139534,1
PERSISTENT,25,447,448,3.4162785866009613,2025-10-21,0.5075842537418,0.004465473434893896,0.001965473434893896,1
DIVISLAB,46,448,449,4.040883563741299,2025-10-24,0.5042988086561987,-0.015622630062186893,-0.018122630062186892,1
LUPIN,47,448,450,1.509425434197822,2025-10-24,0.6422359618790098,-0.006472659649983115,-0.008972659649983115,2
SHREECEM,76,448,450,1.302264719389255,2025-10-24,0.589425771165598,-0.004180498571553226,-0.006680498571553227,2
ETERNAL,92,448,450,2.5191831960780964,2025-10-24,0.5515687395538964,0.024494794398325803,0.021994794398325804,2
M&M,29,449,451,2.394481556894982,2025-10-27,0.78567265915526,-0.008998781460076377,-0.011498781460076378,2
INFY,19,447,451,1.1985601917505833,2025-10-21,0.48964611669568087,0.034478526657164776,0.031978526657164774,4
LUPIN,47,450,452,1.4996554370952315,2025-10-28,0.5971224133051802,0.019388166044130628,0.01688816604413063,2
ETERNAL,92,450,452,2.5808900705177464,2025-10-28,0.5882592864379521,-0.015690376282821328,-0.018190376282821327,2
ETERNAL,92,450,452,2.5808900705177464,2025-10-28,0.5805695563284363,-0.015690376282821328,-0.018190376282821327,2
COLPAL,41,451,452,0.36774435472910644,2025-10-29,0.7530002351926677,-0.005468101219344823,-0.007968101219344824,1
M&M,29,451,452,2.3729341406543005,2025-10-29,0.711390207773319,-0.009222806452020449,-0.01172280645202045,1
COLPAL,41,452,453,0.36573349137460504,2025-10-30,0.7962486248498476,-0.005453849525750565,-0.007953849525750565,1
M&M,29,452,453,2.3510490283516545,2025-10-30,0.724884595200602,-0.004254631812022347,-0.0067546318120223475,1
M&M,29,453,454,2.3410461803640055,2025-10-31,0.7386304337144177,0.017693264520475482,0.015193264520475482,1
IDFCFIRSTB,7,452,454,0.8132142958018317,2025-10-30,0.765679150317965,0.038768497995168794,0.03626849799516879,2
COLPAL,41,453,454,0.36373883594612055,2025-10-31,0.7018407762291695,-0.008382198132604435,-0.010882198132604435,1
INFY,19,452,454,1.2262578898752219,2025-10-30,0.6703206273900156,-0.005556331876301446,-0.008056331876301446,2
IDFCFIRSTB,7,452,454,0.8132142958018317,2025-10-30,0.638633376014389,0.038768497995168794,0.03626849799516879,2
M&M,29,454,455,2.3824669296878347,2025-11-03,0.6967515880281638,0.009101425714146627,0.0066014257141466266,1
COLPAL,41,454,455,0.36068990495469727,2025-11-03,0.6084217720185405,-0.004362776741354768,-0.0068627767413547685,1
SHREECEM,76,455,456,1.2556823278686307,2025-11-04,0.6188280535800829,-0.008152173913043459,-0.01065217391304346,1
INFY,19,454,456,1.219444394073142,2025-11-03,0.5944042043606689,-0.0058565810648768535,-0.008356581064876854,2
M&M,29,455,457,2.4041507754647995,2025-11-04,0.7121266225645331,0.03043672553506238,0.027936725535062382,2
BHARTIARTL,64,456,457,2.887516524662476,2025-11-07,0.7466081382112221,0.00929447237161729,0.00679447237161729,1
INFY,19,456,457,1.2123026191251431,2025-11-07,0.6357743260972553,0.024850995367311057,0.02235099536731106,1
BHARTIARTL,64,457,458,2.9143544672235397,2025-11-10,0.6621029714136475,0.011139716534343647,0.008639716534343646,1
IDFCFIRSTB,7,454,459,0.8447413925982676,2025-11-03,0.7737733992455939,-0.01048909175213597,-0.012989091752135971,5
BHARTIARTL,64,458,459,2.946819549869008,2025-11-11,0.6577223065093527,0.0154237865381599,0.0129237865381599,1
IDFCFIRSTB,7,454,459,0.8447413925982676,2025-11-03,0.6398161003841588,-0.01048909175213597,-0.012989091752135971,5
ETERNAL,92,457,459,2.3610593303264924,2025-11-10,0.598767676098179,0.014430172200320168,0.011930172200320168,2
IDFCFIRSTB,7,459,460,0.8358808226244773,2025-11-12,0.7843928434602889,-0.01936751404253212,-0.021867514042532118,1
IDFCFIRSTB,7,459,460,0.8358808226244773,2025-11-12,0.698020832613384,-0.01936751404253212,-0.021867514042532118,1
BHARTIARTL,64,459,460,2.992270665572664,2025-11-12,0.5870990965057383,0.008679718186992424,0.006179718186992424,1
ETERNAL,92,459,460,2.3951298230382765,2025-11-12,0.5449121343606717,-0.03578364064047024,-0.03828364064047024,1
IDFCFIRSTB,7,460,461,0.8196918890544144,2025-11-13,0.7072874700829882,0.005375003814690471,0.002875003814690471,1
IDFCFIRSTB,7,460,461,0.8196918890544144,2025-11-13,0.6653329424029112,0.005375003814690471,0.002875003814690471,1
SIEMENS,68,460,461,1.0217539234114021,2025-11-13,0.5755960357278047,0.005903216770209108,0.0034032167702091076,1
ETERNAL,92,460,461,2.309423358163402,2025-11-13,0.5399692996933052,0.02015113350125275,0.01765113350125275,1
IDFCFIRSTB,7,461,462,0.8240977360849527,2025-11-14,0.7958003136378445,0.007211262325665269,0.004711262325665268,1
IDFCFIRSTB,7,461,462,0.8240977360849527,2025-11-14,0.7485432081886058,0.007211262325665269,0.004711262325665268,1
M&M,29,457,462,2.477325252762529,2025-11-10,0.6435950842548921,0.024673203115222808,0.02217320311522281,5
NAUKRI,93,461,463,1.2103738072207122,2025-11-14,0.53534117775648,0.00657347004936093,0.0040734700493609294,2
IDFCFIRSTB,7,462,464,0.8300405210418482,2025-11-17,0.7922129567159663,-0.011109758081036758,-0.013609758081036758,2
IDFCFIRSTB,7,462,464,0.8300405210418482,2025-11-17,0.7728177112418405,-0.011109758081036758,-0.013609758081036758,2
POLYCAB,71,461,464,1.6170592493481015,2025-11-14,0.5521571571672863,0.007337526205450695,0.004837526205450695,3
M&M,29,462,467,2.5384488019064095,2025-11-17,0.6308437886423712,-0.010736526965678728,-0.013236526965678728,5
JSWSTEEL,61,467,468,2.265783618584002,2025-11-24,0.5440523194658863,0.005424954792042858,0.0029249547920428575,1
INFY,19,468,469,1.2753856253629838,2025-11-25,0.619502394127331,0.01783617487493583,0.015336174874935828,1
M&M,29,467,471,2.5111946778937466,2025-11-24,0.7521783979613941,-0.005825295251859042,-0.008325295251859042,4
IDFCFIRSTB,7,467,471,0.803909756705172,2025-11-24,0.6064764139977088,0.017699079540988594,0.015199079540988593,4
M&M,29,471,472,2.4965662274601184,2025-12-01,0.7003279612572534,-0.006708385984908305,-0.009208385984908305,1
DIVISLAB,46,467,472,3.931236755369227,2025-11-24,0.524701827311239,0.008334643811920062,0.005834643811920061,5
LUPIN,47,467,473,1.5661766343995103,2025-11-24,0.6411745688447159,0.021354307743314038,0.01885430774331404,6
COLPAL,41,469,473,0.3520026169466506,2025-11-26,0.7026552728453597,-0.012265468571223681,-0.014765468571223682,4
MARICO,40,472,473,1.5031449179009333,2025-12-02,0.6929526753699382,-0.009339863943539584,-0.011839863943539584,1
M&M,29,472,474,2.4798182975694294,2025-12-02,0.6992087056203052,-0.01805464755986763,-0.02055464755986763,2
COLPAL,41,473,474,0.34768513991150296,2025-12-03,0.5807546742886834,0.01722260668651865,0.014722606686518648,1
POLYCAB,71,473,474,1.5312483222010926,2025-12-03,0.5570385235557505,0.016811955168119397,0.014311955168119396,1
COLPAL,41,474,475,0.353673184326946,2025-12-04,0.771276612629362,0.012300548845364245,0.009800548845364245,1
TORNTPHARM,48,473,475,1.9233267824234528,2025-12-03,0.5875736532159161,0.017468899911904145,0.014968899911904145,2
IDFCFIRSTB,7,474,475,0.8168204679442248,2025-12-04,0.6507236569923558,0.012393659579406968,0.009893659579406968,1
COLPAL,41,475,476,0.3580235586060551,2025-12-05,0.7276454906921911,-0.008316392908957027,-0.010816392908957027,1
BRITANNIA,38,475,476,1.321377110746333,2025-12-05,0.6946679639212272,-0.019040429458144326,-0.021540429458144324,1
IDFCFIRSTB,7,475,476,0.8269438627614174,2025-12-05,0.6610379601346018,-0.02163966786895899,-0.024139667868958988,1
POLYCAB,71,474,476,1.5569916003451953,2025-12-04,0.5828405602384119,-0.012451520718513853,-0.014951520718513854,2
IDFCFIRSTB,7,476,477,0.8090490722249863,2025-12-08,0.6876498896468878,0.022623873273341255,0.020123873273341256,1
BRITANNIA,38,476,477,1.296217523081561,2025-12-08,0.6382879541042836,0.006241983753740854,0.003741983753740854,1
RELIANCE,51,471,477,0.9959925552181107,2025-12-01,0.5840355555377792,-0.012642824255458707,-0.015142824255458707,6
POLYCAB,71,476,477,1.5376046871749451,2025-12-08,0.5370031325742161,0.024056939501779118,0.02155693950177912,1
HINDALCO,60,476,477,1.8936416047093854,2025-12-08,0.46546602894147293,-0.007993151132339116,-0.010493151132339116,1
POLYCAB,71,477,478,1.5745947501119648,2025-12-09,0.478190233254871,-0.007645259938837801,-0.010145259938837801,1
AMBUJACEM,75,477,478,0.7174263153682597,2025-12-09,0.47613066340207344,-0.0062845430309586,-0.0087845430309586,1
IDFCFIRSTB,7,477,479,0.8273528959069187,2025-12-09,0.6254026374173158,-0.003707861057704376,-0.006207861057704376,2
SHREECEM,76,478,479,1.1852099640683187,2025-12-10,0.5752149912758613,0.007533320455862524,0.005033320455862524,1
ETERNAL,92,477,479,2.2124702364941062,2025-12-09,0.4632618221513834,-0.028968158565009117,-0.03146815856500912,2
BEL,88,477,479,3.3330336337458135,2025-12-09,0.41803870984856195,-0.005007082487368253,-0.007507082487368253,2
SHREECEM,76,479,480,1.1941385305351266,2025-12-11,0.5972027930241322,0.007860429447852813,0.005360429447852812,1
SHREECEM,76,480,481,1.2035249722053607,2025-12-12,0.6709994970007801,0.012935134106905055,0.010435134106905055,1
SUNPHARMA,43,479,481,1.7179808981008537,2025-12-11,0.49922383195111003,-0.005588741885514281,-0.008088741885514282,2
RELIANCE,51,478,481,0.9882228776532632,2025-12-10,0.5423801381252751,0.005270333435660524,0.0027703334356605235,3
HINDALCO,60,479,481,1.9049647780300587,2025-12-11,0.4723290538730962,0.03366288690707164,0.031162886907071644,2
SUNPHARMA,43,481,482,1.708379546297124,2025-12-15,0.5124677414533574,-0.008791925523164767,-0.011291925523164768,1
TVSMOTOR,30,481,482,2.428166809279836,2025-12-15,0.5104820198453878,-0.0054131190686929065,-0.007913119068692907,1
GAIL,57,481,482,1.7508672704265673,2025-12-15,0.45916458702618124,-0.00906631960686588,-0.01156631960686588,1
HINDALCO,60,481,482,1.9690913919148394,2025-12-15,0.45003465186103725,-0.012620099640244908,-0.015120099640244909,1
SIEMENS,68,482,483,1.036281955604698,2025-12-16,0.5663228787282033,-0.006737459779039279,-0.00923745977903928,1
SUNPHARMA,43,482,483,1.6933596005607818,2025-12-16,0.5031538425632313,0.006512104372450089,0.004012104372450089,1
SUNPHARMA,43,482,483,1.6933596005607818,2025-12-16,0.48429729154040735,0.006512104372450089,0.004012104372450089,1
HDFCLIFE,12,482,484,1.5257179672682983,2025-12-16,0.5018258568187284,-0.014195036217040102,-0.0166950362170401,2
SHREECEM,76,483,485,1.1925359673231357,2025-12-17,0.6341269547932983,-0.017085813015933926,-0.019585813015933925,2
CUMMINSIND,72,484,485,2.115857483326734,2025-12-18,0.5730022170750688,0.005700707913210534,0.0032007079132105342,1
ICICIBANK,2,479,485,1.7004332523356553,2025-12-11,0.47757198700655895,0.004411764705882115,0.0019117647058821152,6
SHREECEM,76,485,486,1.1721605207706767,2025-12-19,0.5786218022963374,0.004296875000000089,0.0017968750000000888,1
CUMMINSIND,72,485,487,2.12791936882516,2025-12-19,0.6656608041003336,0.021041277136957914,0.018541277136957916,2
SHREECEM,76,486,487,1.1771971480083632,2025-12-22,0.630724791000841,0.008945935433683383,0.0064459354336833825,1
SUNPHARMA,43,483,487,1.704386935019724,2025-12-17,0.5134810302971443,-0.026772252270080288,-0.029272252270080287,4
SHREECEM,76,487,488,1.1877282776871623,2025-12-23,0.49837922309704874,0.007902852737085464,0.0054028527370854635,1
SUNPHARMA,43,487,488,1.658756658029547,2025-12-23,0.4867060456860316,-0.010763672219664566,-0.013263672219664567,1
HINDALCO,60,485,488,1.978729626962636,2025-12-19,0.5060984369429351,0.014612690383837723,0.012112690383837723,3
TVSMOTOR,30,487,488,2.4278997128465867,2025-12-23,0.43618752481997036,-0.005777843732722943,-0.008277843732722943,1
SIEMENS,68,483,489,1.0293000476090672,2025-12-17,0.5580848753202715,-0.021050315467836422,-0.02355031546783642,6
TORNTPHARM,48,488,489,1.9721449827360527,2025-12-24,0.560189987939714,-0.010588691526706495,-0.013088691526706496,1
HDFCLIFE,12,488,489,1.5178691139746525,2025-12-24,0.529535724877627,-0.011782569228259043,-0.014282569228259044,1
CUMMINSIND,72,488,490,2.1312966872984775,2025-12-24,0.649384670937497,-0.006225375124238042,-0.008725375124238042,2
TORNTPHARM,48,489,490,1.9512625478679186,2025-12-29,0.6179843469878425,0.007486146886320544,0.004986146886320543,1
ITC,36,489,490,1.0505529595518932,2025-12-29,0.6030343812051615,-0.00496773191474531,-0.007467731914745311,1
ITC,36,489,490,1.0505529595518932,2025-12-29,0.5455030801214165,-0.00496773191474531,-0.007467731914745311,1
ITC,36,490,491,1.0453340940865972,2025-12-30,0.5859614240235304,0.005991024623950514,0.0034910246239505138,1
CUMMINSIND,72,490,491,2.1180285659189986,2025-12-30,0.5516525606009723,0.010136965913720042,0.007636965913720041,1
ITC,36,490,491,1.0453340940865972,2025-12-30,0.5431188318968787,0.005991024623950514,0.0034910246239505138,1
ITC,36,491,492,1.051596716384525,2025-12-31,0.5194697123648819,-0.09714638350094018,-0.09964638350094018,1
SBILIFE,13,490,492,2.0092512758234657,2025-12-30,0.5780053683881966,0.0225006145692066,0.020000614569206602,2
AMBUJACEM,75,491,492,0.7402165451780028,2025-12-31,0.48014845559582225,0.005931605954774932,0.003431605954774932,1
AMBUJACEM,75,492,493,0.7446072180452036,2026-01-01,0.4980823936434372,0.02072719571142745,0.01822719571142745,1
RELIANCE,51,492,493,1.0058155325561242,2026-01-01,0.4858221850769497,0.0015866971558375909,-0.0009133028441624092,1
TORNTPHARM,48,492,493,1.9793971803072001,2026-01-01,0.46442576394567603,0.00556078652253067,0.0030607865225306696,1
SIEMENS,68,491,493,0.9994512635021473,2025-12-31,0.47345319912383665,0.007606192164243852,0.005106192164243852,2
CUMMINSIND,72,493,494,2.079382159827646,2026-01-05,0.7015280012363655,-0.04164927258995388,-0.04414927258995388,1
TORNTPHARM,48,493,494,1.9904041854701877,2026-01-05,0.44618820210204974,0.017313549335735257,0.014813549335735256,1
SUNPHARMA,43,488,494,1.6409023450703306,2025-12-24,0.481845191608336,-0.009153772096375468,-0.011653772096375468,6
CUMMINSIND,72,494,495,1.9927774054342975,2026-01-06,0.6421786199891821,0.00426123475814677,0.0017612347581467702,1
RELIANCE,51,493,495,1.0074114572009283,2026-01-05,0.6407259134490279,-0.04682848080434143,-0.049328480804341435,2
SIEMENS,68,493,495,1.0070532818711408,2026-01-05,0.573900576786291,0.01522711025496526,0.012727110254965259,2
TVSMOTOR,30,494,495,2.496123653732169,2026-01-06,0.5227397090960676,-0.006699327880953843,-0.009199327880953843,1
BHARTIARTL,64,494,495,2.8925149752861135,2026-01-06,0.47578651041224385,-0.010022370762777455,-0.012522370762777455,1
SIEMENS,68,495,496,1.0223877932268173,2026-01-07,0.506046046155015,-0.03960304243960988,-0.04210304243960988,1
HDFCLIFE,12,495,496,1.4966613739465835,2026-01-07,0.47735996069710274,-0.018385384373321823,-0.02088538437332182,1
RELIANCE,51,495,497,0.960235909115321,2026-01-07,0.5396475397843905,-0.019212806330191068,-0.021712806330191067,2
BHARTIARTL,64,496,497,2.8389320743124755,2026-01-08,0.49038983108235495,-0.01897114277494083,-0.02147114277494083,1
BHEL,67,496,497,1.3480969266066987,2026-01-08,0.48777402249734125,0.009199632014716075,0.006699632014716074,1
SIEMENS,68,497,498,0.9930890726205366,2026-01-09,0.5527813846342338,-0.020697811613562878,-0.023197811613562876,1
ADANIENT,86,497,498,0.6418161541653994,2026-01-09,0.5367108223103445,0.008311346468961256,0.0058113464689612555,1
SIEMENS,68,498,499,0.9725343020799488,2026-01-12,0.47417883245284986,-0.011104434082810033,-0.013604434082810033,1
BHEL,67,498,499,1.328997823035164,2026-01-12,0.47116569459834345,-0.008771952807220984,-0.011271952807220985,1
ETERNAL,92,499,500,1.747056523890211,2026-01-13,0.5125173758660602,0.015956585984763905,0.013456585984763904,1
MANAPPURAM,96,497,501,2.6560519665346853,2026-01-09,0.66705203091308,0.029211159976565204,0.026711159976565205,4
LUPIN,47,499,501,1.6726252528717258,2026-01-13,0.5949480990399568,0.007755806490935768,0.005255806490935768,2
GAIL,57,495,501,1.7136272519701428,2026-01-07,0.4785492533431567,-0.029380234471429456,-0.03188023447142946,6
AMBUJACEM,75,495,501,0.7477338305837283,2026-01-07,0.46130346518818494,-0.02722417756755524,-0.02972417756755524,6
ETERNAL,92,500,502,1.7749335815339078,2026-01-14,0.4528507352261521,-0.05981618678856604,-0.06231618678856604,2
M&M,29,502,503,2.403609247533037,2026-01-19,0.4612681595966905,-0.028462803164869377,-0.030962803164869376,1
HEROMOTOCO,32,502,503,1.4873798064428447,2026-01-19,0.4473175501209655,-0.03887199757290216,-0.041371997572902164,1
SIEMENS,68,502,503,0.9633336111975098,2026-01-19,0.44390118289849856,-0.02306445011307323,-0.02556445011307323,1
HEROMOTOCO,32,502,503,1.4873798064428447,2026-01-19,0.4268344234016218,-0.03887199757290216,-0.041371997572902164,1
MANAPPURAM,96,504,506,2.6557872032199423,2026-01-22,0.627695312657972,-0.028314403264178778,-0.030814403264178777,2
M&M,29,504,506,2.348602416990428,2026-01-22,0.5015570982822707,-0.0348378436077631,-0.0373378436077631,2
RELIANCE,51,504,506,0.8953137257350983,2026-01-22,0.4394434408941921,-0.0041355071858285575,-0.006635507185828558,2
CUMMINSIND,72,506,507,1.941490134820976,2026-01-28,0.6208437260536306,0.005417519036037488,0.002917519036037488,1
ICICIBANK,2,506,507,1.7799361497298039,2026-01-28,0.5304945823123328,0.011625374703302382,0.009125374703302382,1
GAIL,57,502,508,1.6587488902596736,2026-01-19,0.49046459921712365,-0.01238473223757841,-0.014884732237578411,6
CUMMINSIND,72,507,508,1.9520081945846477,2026-01-29,0.6438697823502518,0.01648620102198084,0.01398620102198084,1
HAVELLS,70,507,508,0.6645933699504956,2026-01-29,0.5620886041656619,0.008713380464092646,0.0062133804640926455,1
MANAPPURAM,96,508,509,2.518220355114258,2026-01-30,0.604351222994953,-0.01844368543796615,-0.02094368543796615,1
ADANIENT,86,508,509,0.6020919361768758,2026-01-30,0.479232409268019,-0.012373787219315147,-0.014873787219315147,1
RELIANCE,51,506,509,0.8916111493887499,2026-01-28,0.5335410623533238,-0.004510579922714419,-0.00701057992271442,3
LTIM,23,504,509,0.8394901847785475,2026-01-22,0.45754753562231404,0.006557928367243893,0.004057928367243892,5
CHOLAFIN,16,508,509,1.7696731260470717,2026-01-30,0.46462190258932606,-0.022860902729078147,-0.025360902729078146,1
RELIANCE,51,509,510,0.8875894660394487,2026-02-02,0.5757851285107111,0.03358742113914426,0.03108742113914426,1
ETERNAL,92,509,510,1.6171616714182149,2026-02-02,0.548463622940881,0.02622407502857449,0.02372407502857449,1
HAVELLS,70,509,510,0.6669931762286642,2026-02-02,0.525140129215925,0.030895580758699248,0.02839558075869925,1
MOTHERSON,34,510,511,1.4998502191898773,2026-02-03,0.5414705354331785,0.010715498459883177,0.008215498459883177,1
HINDALCO,60,509,511,2.213414526855386,2026-02-02,0.5094690965516893,0.026652324334192512,0.024152324334192513,2
DIVISLAB,46,509,511,3.556955987279696,2026-02-02,0.4742639009019951,-0.024743790488054418,-0.027243790488054417,2
RELIANCE,51,510,512,0.9174013072339838,2026-02-03,0.5022589006586221,0.01370821346938933,0.01120821346938933,2
GAIL,57,510,512,1.594237044614462,2026-02-03,0.4730260046529874,0.014575008659713173,0.012075008659713173,2
ETERNAL,92,511,512,1.7446840507096646,2026-02-04,0.46699581657883155,-0.024817229115888573,-0.02731722911588857,1
ICICIBANK,2,511,513,1.8329035652790577,2026-02-04,0.5481716808525292,-0.008449321363092399,-0.0109493213630924,2
ICICIBANK,2,511,513,1.8329035652790577,2026-02-04,0.46391680441287914,-0.008449321363092399,-0.0109493213630924,2
CUMMINSIND,72,515,516,2.1317309511481404,2026-02-10,0.47182319228646064,-0.007980267588305834,-0.010480267588305834,1
AMBUJACEM,75,515,516,0.7123349831727586,2026-02-10,0.4635349784470809,0.005106778087278441,0.0026067780872784407,1
ETERNAL,92,516,517,1.6646512981425152,2026-02-11,0.4615547841142256,-0.008979089116801786,-0.011479089116801787,1
TVSMOTOR,30,516,517,2.654002280969402,2026-02-11,0.430386219558814,0.00416548689119689,0.00166548689119689,1
VEDL,62,515,517,2.505059272538305,2026-02-10,0.4385527408073514,0.018256868995563336,0.015756868995563337,2
LTIM,23,516,517,0.7785787984103052,2026-02-11,0.42436651485814947,-0.055117396428246646,-0.05761739642824665,1
AMBUJACEM,75,516,517,0.715972719855627,2026-02-11,0.420082549117272,-0.015519675591798565,-0.018019675591798564,1
ETERNAL,92,517,518,1.6497042457880937,2026-02-12,0.5604063035812049,-0.04295297917102181,-0.04545297917102181,1
ETERNAL,92,519,520,1.5865947882948643,2026-02-16,0.5279874274466624,-0.0322749469748993,-0.0347749469748993,1
ICICIBANK,2,517,520,1.8047501417952296,2026-02-12,0.48062022839698454,-0.015244789390296165,-0.017744789390296164,3
ICICIBANK,2,517,520,1.8047501417952296,2026-02-12,0.4524870770819306,-0.015244789390296165,-0.017744789390296164,3
TVSMOTOR,30,517,520,2.665057492679987,2026-02-12,0.4366511400975359,-0.004277042142913023,-0.006777042142913024,3
BPCL,53,517,520,1.873715510537782,2026-02-12,0.41995884731926786,0.008472283786155277,0.005972283786155276,3
ETERNAL,92,520,521,1.535387525631996,2026-02-18,0.5644797157872594,-0.02019111584740152,-0.02269111584740152,1
ICICIBANK,2,520,521,1.7772371059814542,2026-02-18,0.4626327065753358,-0.013776383337894882,-0.01627638333789488,1
LTIM,23,520,521,0.7134325531983844,2026-02-18,0.44185278164814695,-0.01869806094182791,-0.02119806094182791,1
MUTHOOTFIN,15,520,521,6.695911066166094,2026-02-18,0.41868944912550543,-0.01330672026945623,-0.015806720269456228,1
SIEMENS,68,520,521,1.0492546366680604,2026-02-18,0.4160103759165535,-0.02534577846314867,-0.02784577846314867,1
ETERNAL,92,521,522,1.5043863382313052,2026-02-19,0.5869711904616121,-0.008463616533460505,-0.010963616533460506,1
CUMMINSIND,72,521,522,2.2517841981756246,2026-02-19,0.5009261497203904,0.018919479626291036,0.016419479626291037,1
PAGEIND,82,521,522,0.8766137501167264,2026-02-19,0.4985272589055163,-0.1224139188040444,-0.1249139188040444,1
LTIM,23,521,522,0.7000927478407971,2026-02-19,0.4472139466146347,-0.2723743928796064,-0.2748743928796064,1
ETERNAL,92,522,523,1.4916537891463386,2026-02-20,0.5795435539706011,-0.005381377403377519,-0.007881377403377519,1
NAUKRI,93,522,523,0.6650377434042856,2026-02-20,0.42561218783299587,-0.004745159494373152,-0.007245159494373153,1
ICICIBANK,2,521,523,1.7527532063271227,2026-02-19,0.4709973011517724,0.007632470631665722,0.0051324706316657216,2
ETERNAL,92,523,524,1.4836266371517641,2026-02-23,0.5089239468122706,-0.06641792183489248,-0.06891792183489248,1
PAGEIND,82,522,524,0.7693040256874286,2026-02-20,0.4923404587474729,-0.00045815516188152383,-0.002958155161881524,2
NAUKRI,93,523,524,0.6618820332420542,2026-02-23,0.4533912936764698,-0.0247733020563069,-0.0272733020563069,1
VEDL,62,523,525,3.0224292425412203,2026-02-23,0.5068293542239781,0.06833026453932356,0.06583026453932356,2
AMBUJACEM,75,522,525,0.6772804296832977,2026-02-20,0.417565798782798,0.0002930164337158203,-0.0022069835662841797,3
IRFC,90,524,526,0.7961134020759313,2026-02-25,0.6777029353280842,-0.009659482786900098,-0.012159482786900098,2
ETERNAL,92,524,526,1.3850872391332538,2026-02-25,0.6220757451638339,-0.015587505771591181,-0.01808750577159118,2
IDFCFIRSTB,7,525,526,0.7412710241105441,2026-02-26,0.6175131691514393,0.009202112632949122,0.006702112632949122,1
HINDALCO,60,524,526,2.686033925043863,2026-02-25,0.5032882140827313,0.004160404605646928,0.0016604046056469279,2
ADANIPORTS,87,526,527,1.1883966635744454,2026-02-27,0.6765131702063849,-0.0333333012306849,-0.0358333012306849,1
IDFCFIRSTB,7,526,527,0.7480922835659509,2026-02-27,0.6097816639193866,-0.023135608328384683,-0.02563560832838468,1
ETERNAL,92,526,527,1.363497183799107,2026-02-27,0.6055763778490836,-0.0139261384168482,-0.016426138416848198,1
ICICIBANK,2,525,527,1.7730723903981842,2026-02-26,0.5411345049394025,-0.15467580546731752,-0.15717580546731752,2
BHARTIARTL,64,527,528,2.2519056135335203,2026-03-02,0.6417520118976348,0.018044015433044347,0.015544015433044346,1
IRFC,90,526,528,0.7884233583721584,2026-02-27,0.6407017655701608,-0.040656729620776044,-0.043156729620776046,2
ADANIPORTS,87,527,528,1.1487834796059775,2026-03-02,0.6337360175782129,0.01972386522268832,0.01722386522268832,1
ETERNAL,92,527,528,1.3445089332865379,2026-03-02,0.6248249347370305,-0.011240564015413734,-0.013740564015413735,1
HDFCBANK,1,527,528,1.5790399021276893,2026-03-02,0.5997731691762085,-0.0018763069914191632,-0.004376306991419164,1
IRFC,90,528,529,0.7563686430641173,2026-03-05,0.7084907871413508,0.006272154779341843,0.003772154779341843,1
IDFCFIRSTB,7,528,529,0.587497041708425,2026-03-05,0.6338740298162432,-0.005965882952294055,-0.008465882952294055,1
HDFCBANK,1,528,529,1.5760771385195973,2026-03-05,0.5838112624050311,-0.20654474627612962,-0.20904474627612962,1
ETERNAL,92,528,529,1.329395894552635,2026-03-05,0.5548030015332234,-0.03152324512645455,-0.03402324512645455,1
ADANIPORTS,87,528,529,1.1714419301277768,2026-03-05,0.5516630854481456,-0.014540150815817499,-0.017040150815817497,1
