symbol,stock_idx,entry_day_idx,exit_day_idx,entry_px,entry_date,entry_score,gross_return,net_return,hold_days_real
TITAN,16,1,2,1.0,2023-11-20,0.4532195894863633,0.014525455361030781,0.01202545536103078,1
TITAN,16,44,45,1.0388322620456338,2024-02-07,0.4308963350461126,-0.007661071367116357,-0.010161071367116357,1
TITAN,16,45,47,1.0308736939476393,2024-02-08,0.38495438438980056,0.010185635321942277,0.007685635321942276,2
AXISBANK,3,47,48,0.9860575404627826,2024-02-12,0.6083889010609269,0.022977025777749516,0.020477025777749517,1
BHARTIARTL,13,45,49,0.9689074699127426,2024-02-08,0.5229441368890088,-0.023026824494912557,-0.025526824494912555,4
AXISBANK,3,48,49,1.0087142099883402,2024-02-13,0.6265518794028087,0.0243753351475815,0.021875335147581502,1
KOTAKBANK,4,48,49,0.9781158858169807,2024-02-13,0.5441322550310065,0.0067928365330631735,0.004292836533063173,1
AXISBANK,3,52,53,1.0068300128938141,2024-02-19,0.6088450872452312,0.01999162366634999,0.01749162366634999,1
TITAN,16,55,56,1.0510986098042814,2024-02-23,0.392276956497007,-0.018811284401679007,-0.021311284401679006,1
HDFCBANK,1,52,57,0.8428235723393737,2024-02-19,0.4409610378212906,0.015559893505662892,0.013059893505662891,5
TITAN,16,57,58,1.0402515294225125,2024-02-27,0.3690233337435385,-0.016188427040328857,-0.018688427040328855,1
KOTAKBANK,4,57,59,0.9529086554096592,2024-02-27,0.7161243861297887,-0.010136247917157282,-0.012636247917157282,2
KOTAKBANK,4,59,62,0.9432497370360219,2024-02-29,0.6499262316666221,0.022344554748692236,0.019844554748692237,3
TITAN,16,61,62,1.0721521519968917,2024-03-04,0.47574609256570555,0.004916428871203804,0.002416428871203804,1
TATASTEEL,19,61,63,1.1708340968416515,2024-03-04,0.4237935565368121,-0.009797569746564538,-0.012297569746564539,2
KOTAKBANK,4,62,64,0.9643262324269128,2024-03-05,0.5697600377226566,0.02567465747349207,0.02317465747349207,2
TECHM,9,60,65,0.9995758117316876,2024-03-01,0.44609413539767195,0.006486898272057839,0.003986898272057839,5
TITAN,16,63,65,1.0946586747435199,2024-03-06,0.45234896467255836,-0.006258621165394329,-0.00875862116539433,2
KOTAKBANK,4,65,66,0.9734118093294298,2024-03-12,0.5674256725922862,0.005347770898356918,0.0028477708983569183,1
TATASTEEL,19,65,66,1.1662455409876689,2024-03-12,0.4175247666773117,-0.058032855790586146,-0.06053285579058615,1
TATASTEEL,19,66,67,1.0985649816911174,2024-03-13,0.429951487955677,-0.008353505002372086,-0.010853505002372086,1
AXISBANK,3,66,69,1.0272890221312083,2024-03-13,0.6214205825419561,-0.020501660204654715,-0.023001660204654713,3
TECHM,9,68,69,1.0068772261217096,2024-03-15,0.4487585286160684,-0.007448124066542605,-0.009948124066542606,1
TATASTEEL,19,70,71,1.1375672800835082,2024-03-19,0.41133876891370724,-0.02084025607994633,-0.023340256079946328,1
TITAN,16,71,72,1.0418729322008842,2024-03-20,0.446640744303194,0.010318965647010847,0.007818965647010847,1
TATASTEEL,19,71,72,1.1138600866583999,2024-03-20,0.4027499689768752,0.030552737241363204,0.028052737241363205,1
TITAN,16,75,76,1.1031869083844985,2024-03-28,0.397678803057886,-0.012060048023840197,-0.014560048023840198,1
KOTAKBANK,4,77,78,0.9587252092279569,2024-04-03,0.44465954866657487,0.010397628295850003,0.007897628295850003,1
TECHM,9,77,78,1.0075509692771163,2024-04-03,0.4317747971135198,0.01920084903812036,0.01670084903812036,1
TITAN,16,78,80,1.0976590735385976,2024-04-04,0.4221879865546708,-0.02733458061047489,-0.02983458061047489,2
TECHM,9,80,81,1.0045406295116812,2024-04-09,0.43704814499353545,0.011906682405537827,0.009406682405537827,1
TITAN,16,81,83,1.0768970958857316,2024-04-10,0.41554127781822936,-0.029801661415233327,-0.03230166141523333,2
AXISBANK,3,86,87,1.0064335739414232,2024-04-23,0.678744421940323,0.0071039317726062645,0.004603931772606264,1
HCLTECH,7,86,87,0.9877743742404591,2024-04-23,0.6093235707176912,-0.004977444204840031,-0.007477444204840032,1
HCLTECH,7,87,88,0.9828577824057064,2024-04-24,0.6195892127770896,0.016832811326569885,0.014332811326569885,1
WIPRO,8,86,88,1.0306679885900456,2024-04-23,0.36562640635786703,-0.002380337274212163,-0.004880337274212164,2
KOTAKBANK,4,88,89,0.9096023479395874,2024-04-25,0.6199335026014353,-0.020670323906609056,-0.023170323906609055,1
TITAN,16,87,89,1.0241226449532732,2024-04-24,0.41270238214567956,-0.006911885691075259,-0.00941188569107526,2
AXISBANK,3,87,90,1.0135832093843633,2024-04-24,0.6653177754362225,0.06306144380257206,0.06056144380257206,3
HCLTECH,7,89,90,0.9792697730148027,2024-04-26,0.5864673341277311,-0.058655827250087444,-0.06115582725008745,1
TITAN,16,89,90,1.0170440262977145,2024-04-26,0.5006606560586367,0.005593104332586085,0.003093104332586085,1
HCLTECH,7,90,91,0.9218298943776141,2024-04-29,0.7342399586823509,-0.014992178680300228,-0.017492178680300226,1
TITAN,16,90,91,1.022732459647631,2024-04-29,0.4706687816424798,-0.004327495845984242,-0.006827495845984242,1
TITAN,16,90,91,1.022732459647631,2024-04-29,0.45278970936812685,-0.004327495845984242,-0.006827495845984242,1
KOTAKBANK,4,89,91,0.890800572781464,2024-04-26,0.4830085852379477,0.019832097935322146,0.017332097935322147,2
KOTAKBANK,4,91,92,0.9084670169817071,2024-04-30,0.557601256485493,-0.04756929321274661,-0.05006929321274661,1
TITAN,16,91,92,1.0183065891769527,2024-04-30,0.4529101604121899,-0.015421105484161313,-0.01792110548416131,1
BHARTIARTL,13,91,92,1.148711227434355,2024-04-30,0.3921392013356507,-0.033956002007684005,-0.03645600200768401,1
KOTAKBANK,4,92,93,0.865251883076795,2024-05-03,0.5551855468400235,0.0501712776586436,0.047671277658643596,1
HCLTECH,7,91,94,0.9080096558882627,2024-04-30,0.7738532288111213,-0.013573830544789556,-0.016073830544789555,3
HCLTECH,7,94,95,0.8956844866862027,2024-05-07,0.8060465555838263,-0.012998126145626565,-0.015498126145626566,1
ITC,14,93,95,1.0500267856217371,2024-05-06,0.4315236605764193,0.01437608965906989,0.01187608965906989,2
KOTAKBANK,4,93,96,0.9086626755473052,2024-05-06,0.48168040704709014,0.011574211815105873,0.009074211815105872,3
TITAN,16,92,96,1.0026031758500384,2024-05-03,0.5328629419528388,-0.07754883152224323,-0.08004883152224324,4
TITAN,16,92,96,1.0026031758500384,2024-05-03,0.4737517630753058,-0.07754883152224323,-0.08004883152224324,4
BHARTIARTL,13,95,96,1.1194352225344508,2024-05-08,0.41719417798831643,-0.010204907903683114,-0.012704907903683114,1
HDFCBANK,1,96,97,0.8827749675874381,2024-05-09,0.4998989270321782,0.0069328438582678675,0.004432843858267867,1
TITAN,16,96,97,0.9248524710823778,2024-05-09,0.4412144678337815,0.013602629694391632,0.011102629694391632,1
TITAN,16,96,97,0.9248524710823778,2024-05-09,0.3751432596830379,0.013602629694391632,0.011102629694391632,1
HCLTECH,7,95,98,0.8840422667415747,2024-05-08,0.7909216896156054,-0.0005709588304586566,-0.0030709588304586566,3
TITAN,16,97,98,0.9374328967684544,2024-05-10,0.4928913006733343,-0.011003528719375377,-0.013503528719375378,1
WIPRO,8,96,98,1.022973090329452,2024-05-09,0.3642691556671643,-0.00866424198522231,-0.01116424198522231,2
HCLTECH,7,98,99,0.8835375150028799,2024-05-13,0.7023501391634352,0.0062076219714197745,0.0037076219714197744,1
TITAN,16,98,99,0.9271178269663755,2024-05-13,0.40671975897686025,0.010833964013941655,0.008333964013941654,1
HDFCBANK,1,97,99,0.8888951085997093,2024-05-10,0.46323441960301687,0.016030209820340424,0.013530209820340424,2
TITAN,16,98,99,0.9271178269663755,2024-05-13,0.36818095831679293,0.010833964013941655,0.008333964013941654,1
KOTAKBANK,4,97,100,0.9107045570449563,2024-05-10,0.5259955895157187,0.01403610096365182,0.01153610096365182,3
TITAN,16,99,100,0.937162188140413,2024-05-14,0.414547116263154,-0.0061874444895124725,-0.008687444489512473,1
BHARTIARTL,13,99,100,1.1156998208698308,2024-05-14,0.3862051335562572,0.019932944857610435,0.017432944857610436,1
WIPRO,8,100,101,1.0283582534360252,2024-05-15,0.45437516022044155,0.013419231264560016,0.010919231264560016,1
TITAN,16,100,101,0.9313635491236241,2024-05-15,0.3859709372364537,0.019993568985854804,0.017493568985854805,1
TECHM,9,100,102,1.01549988301774,2024-05-15,0.42057182948759236,0.024244838945358227,0.021744838945358228,2
TITAN,16,101,102,0.9499848304939378,2024-05-16,0.3749075453693119,0.008173598212210198,0.0056735982122101975,1
HCLTECH,7,99,103,0.8890221818935854,2024-05-14,0.6205717287844684,0.008970303398154966,0.006470303398154966,4
TCS,5,101,103,1.000043783045538,2024-05-16,0.6350899641010381,-0.0176751963292332,-0.0201751963292332,2
WIPRO,8,101,103,1.0421580306617022,2024-05-16,0.40152052026398277,-0.006782303472381512,-0.009282303472381513,2
HCLTECH,7,103,104,0.8969969805928606,2024-05-22,0.6238807436773612,0.007818155145554728,0.005318155145554728,1
TCS,5,103,104,0.982367812842379,2024-05-22,0.585967392030793,0.01603595610984776,0.01353595610984776,1
WIPRO,8,103,104,1.035089798631575,2024-05-22,0.44711392573897746,0.009755086811347624,0.007255086811347624,1
HDFCBANK,1,103,104,0.9020625132104895,2024-05-22,0.4460407445522203,0.022889193573560007,0.02038919357356001,1
TITAN,16,103,104,0.9642179999088554,2024-05-22,0.37642084220146715,0.02015443317449006,0.017654433174490062,1
HCLTECH,7,104,105,0.9040098421522297,2024-05-23,0.5928804483760073,-0.006169049987915676,-0.008669049987915676,1
WIPRO,8,104,105,1.0451871894747664,2024-05-23,0.4053138810670507,-0.004615715041640267,-0.0071157150416402675,1
LT,12,104,105,1.1040646541488843,2024-05-23,0.40234323036623193,0.011295862035238802,0.008795862035238801,1
TECHM,9,105,106,1.053147778680154,2024-05-24,0.3710373099524365,0.006014896615301746,0.0035148966153017457,1
WIPRO,8,105,107,1.040362903242978,2024-05-24,0.4225352712292195,-0.0241561154622143,-0.0266561154622143,2
TECHM,9,106,107,1.0594823536895497,2024-05-27,0.3851762676714939,-0.032526227728730484,-0.035026227728730486,1
TCS,5,104,108,0.9981210199728465,2024-05-23,0.6073861306940026,-0.02306435047579336,-0.02556435047579336,4
HCLTECH,7,105,108,0.8984329602464248,2024-05-24,0.6238013599505353,0.005872841265553097,0.003372841265553097,3
INFY,6,107,108,0.9967398361893031,2024-05-29,0.6616769474805676,-0.016196362306032386,-0.018696362306032385,1
LT,12,105,108,1.1165360161601339,2024-05-24,0.3884817028559202,0.0024269696722285516,-7.303032777144841e-05,3
TCS,5,108,109,0.9751000069509365,2024-05-30,0.5917784907197848,-0.01743811847626986,-0.019938118476269858,1
TECHM,9,108,109,0.9886881916049028,2024-05-30,0.4290283731681154,-0.009993280045270447,-0.012493280045270448,1
TATASTEEL,19,108,109,1.2402794550104113,2024-05-30,0.41611491605385775,0.018580480805627797,0.0160804808056278,1
WIPRO,8,107,109,1.0152317768296362,2024-05-29,0.4852345025825929,-0.027950170385757644,-0.030450170385757643,2
INFY,6,108,110,0.9805962766775257,2024-05-30,0.7318706811240324,0.004609055905160142,0.002109055905160142,2
HCLTECH,7,110,111,0.8919027401366884,2024-06-03,0.5894268709449692,-0.008292379118342796,-0.010792379118342797,1
INFY,6,110,111,0.9851158997371243,2024-06-03,0.5194173939764213,-0.008713349070301746,-0.011213349070301746,1
TITAN,16,110,111,0.9361318452210695,2024-06-03,0.42855424563715366,-0.006822626476907123,-0.009322626476907124,1
TATASTEEL,19,110,111,1.31659266801133,2024-06-03,0.4232001798775864,-0.08780494538439176,-0.09030494538439177,1
HCLTECH,7,111,112,0.8845067444787862,2024-06-04,0.681671537929812,0.030800448190685392,0.028300448190685393,1
INFY,6,111,112,0.9765322410280104,2024-06-04,0.637141438115725,0.026154288870128273,0.023654288870128274,1
BHARTIARTL,13,111,112,1.1386188907679897,2024-06-04,0.5533263231448088,0.034354079871971255,0.03185407987197125,1
ASIANPAINT,15,111,112,0.9151675816662659,2024-06-04,0.46900486618631654,0.036428539299246276,0.033928539299246274,1
INFY,6,112,113,1.0020727473508506,2024-06-05,0.6394780073149783,0.02947353170315692,0.02697353170315692,1
BHARTIARTL,13,112,113,1.1777350950851686,2024-06-05,0.4634755338466692,0.019526319840633244,0.017026319840633245,1
BHARTIARTL,13,112,113,1.1777350950851686,2024-06-05,0.40402794947385984,0.019526319840633244,0.017026319840633245,1
TATASTEEL,19,112,113,1.278435941153278,2024-06-05,0.40029659592084965,0.0168441288723844,0.0143441288723844,1
TECHM,9,113,115,1.049721727200855,2024-06-06,0.3547407630749054,0.04565625098587822,0.04315625098587822,2
AXISBANK,3,111,115,1.0647895413751391,2024-06-04,0.422575222942469,0.04707189013229596,0.044571890132295955,4
BHARTIARTL,13,113,116,1.2007319272393402,2024-06-06,0.44164204416560227,0.041332190510005695,0.03883219051000569,3
TATASTEEL,19,114,116,1.3517268546471106,2024-06-07,0.41845060683264407,0.007769708687340282,0.005269708687340282,2
TITAN,16,113,118,0.9534840882803102,2024-06-06,0.443891363103538,0.03684916476306266,0.034349164763062656,5
TATASTEEL,19,116,119,1.3622293785325734,2024-06-11,0.41714409684696113,0.010036918431046038,0.0075369184310460375,3
TITAN,16,118,119,0.9886191805483099,2024-06-13,0.3555007454534184,0.016660896570368955,0.014160896570368954,1
BHARTIARTL,13,116,120,1.2503608080074429,2024-06-11,0.4230294419895764,0.007812180882934339,0.005312180882934338,4
TATASTEEL,19,120,121,1.3523881807021307,2024-06-19,0.41642301374202745,0.019694306003331885,0.017194306003331886,1
ASIANPAINT,15,120,122,0.9302673773605592,2024-06-19,0.5427289760804042,0.0015043874976661264,-0.0009956125023338736,2
MARUTI,11,120,122,1.0584995157450496,2024-06-19,0.49432924021260544,-0.004794947597357435,-0.007294947597357436,2
TCS,5,122,123,0.9733224561296758,2024-06-24,0.6687158835618486,0.005672358956197554,0.003172358956197554,1
TCS,5,123,124,0.9788434904809712,2024-06-25,0.6765217323747537,0.004533084059944903,0.002033084059944903,1
BHARTIARTL,13,120,124,1.260128852808529,2024-06-19,0.5106365202346589,0.016231482600933322,0.013731482600933322,4
ASIANPAINT,15,122,124,0.9316668599725471,2024-06-24,0.5390821748189143,-0.011291138436629322,-0.013791138436629323,2
LT,12,118,125,1.0912392814752974,2024-06-13,0.37029761779009895,-0.030699372107674927,-0.03319937210767493,7
TCS,5,124,125,0.9832806703048513,2024-06-26,0.6959544765876919,0.020306825721764232,0.017806825721764234,1
ASIANPAINT,15,124,125,0.9211472804797772,2024-06-26,0.5836257816424437,0.006111575293042959,0.003611575293042959,1
WIPRO,8,124,125,1.1152236724677667,2024-06-26,0.38654640564569637,0.031502408925356606,0.029002408925356608,1
MARUTI,11,122,125,1.0534240660352239,2024-06-24,0.48511050697469543,-0.0054829046292095285,-0.007982904629209529,3
LT,12,125,126,1.0577389207147754,2024-06-27,0.4121860620104492,-0.004474838985852214,-0.006974838985852215,1
TITAN,16,125,126,0.9858146725566932,2024-06-27,0.3992861048411429,0.006980968521644648,0.004480968521644648,1
WIPRO,8,125,126,1.1503559046410843,2024-06-27,0.3781942223216722,0.00792868732047669,0.00542868732047669,1
TITAN,16,126,127,0.9926966137539869,2024-06-28,0.478544766794505,0.008004810324098166,0.005504810324098166,1
TITAN,16,126,127,0.9926966137539869,2024-06-28,0.47768472129984424,0.008004810324098166,0.005504810324098166,1
MARUTI,11,126,127,1.0351835060844565,2024-06-28,0.4602201032568455,0.0062157971139178425,0.0037157971139178425,1
WIPRO,8,126,127,1.1594767169162474,2024-06-28,0.36594349729263054,0.02427889821469975,0.021778898214699752,1
TITAN,16,129,130,0.9798803862660586,2024-07-03,0.45536068573813915,-0.007216727065976425,-0.009716727065976425,1
TITAN,16,129,130,0.9798803862660586,2024-07-03,0.44538113857826894,-0.007216727065976425,-0.009716727065976425,1
ASIANPAINT,15,125,132,0.9267769414404111,2024-06-27,0.5814122980454699,0.008382949800551431,0.005882949800551431,7
ASIANPAINT,15,132,133,0.9345460660168147,2024-07-09,0.47746322178551825,0.03148025879398131,0.02898025879398131,1
LT,12,132,134,1.090181000109727,2024-07-09,0.5543218843578015,-0.004377993133700908,-0.006877993133700909,2
TITAN,16,133,134,0.9404402044142123,2024-07-10,0.5027212063859496,0.007317863031526484,0.004817863031526483,1
LT,12,132,134,1.090181000109727,2024-07-09,0.45995545202636823,-0.004377993133700908,-0.006877993133700909,2
TITAN,16,133,134,0.9404402044142123,2024-07-10,0.4897718479052692,0.007317863031526484,0.004817863031526483,1
ASIANPAINT,15,134,135,0.972201357285226,2024-07-11,0.419605318852691,-0.007577613545389883,-0.010077613545389883,1
BHARTIARTL,13,132,136,1.2781562326912348,2024-07-09,0.5151479074124613,0.006617665824904417,0.004117665824904417,4
TITAN,16,134,137,0.9473222170194563,2024-07-11,0.5138871159978503,-0.004478853664322213,-0.006978853664322214,3
BHARTIARTL,13,136,137,1.2866146435112042,2024-07-15,0.5369984797072895,0.020102963057160972,0.017602963057160973,1
TITAN,16,134,137,0.9473222170194563,2024-07-11,0.4918466990147147,-0.004478853664322213,-0.006978853664322214,3
WIPRO,8,134,137,1.2028290589740884,2024-07-11,0.37180229310604274,0.04793112051196036,0.045431120511960355,3
LT,12,136,138,1.0945503828565182,2024-07-15,0.5027192467022085,-0.004121468013257967,-0.006621468013257968,2
TITAN,16,137,139,0.9430792994364648,2024-07-16,0.43968102505995155,0.00630782809894459,0.00380782809894459,2
ASIANPAINT,15,137,139,0.9511137675171715,2024-07-16,0.4325632248496096,-0.01349823848394971,-0.015998238483949708,2
BHARTIARTL,13,137,141,1.3124794101585122,2024-07-16,0.48761927381735715,-0.0005455799834266362,-0.003045579983426636,4
LT,12,140,141,1.0658044455933366,2024-07-23,0.4723589507442377,-0.0052571586492941025,-0.007757158649294103,1
LT,12,140,141,1.0658044455933366,2024-07-23,0.46671465304748616,-0.0052571586492941025,-0.007757158649294103,1
BHARTIARTL,13,137,141,1.3124794101585122,2024-07-16,0.4298143393516057,-0.0005455799834266362,-0.003045579983426636,4
LT,12,141,142,1.0602013425337296,2024-07-24,0.5090729256055619,0.028328305256011044,0.025828305256011045,1
ASIANPAINT,15,140,142,0.9263802927619047,2024-07-23,0.509556317573721,0.0014841765482356273,-0.0010158234517643728,2
LT,12,141,142,1.0602013425337296,2024-07-24,0.4594061435659652,0.028328305256011044,0.025828305256011045,1
BHARTIARTL,13,141,142,1.31176334766367,2024-07-24,0.44079587602546444,-0.004157562244139212,-0.006657562244139213,1
BHARTIARTL,13,141,142,1.31176334766367,2024-07-24,0.3726067051082149,-0.004157562244139212,-0.006657562244139213,1
BHARTIARTL,13,144,145,1.3353357369704224,2024-07-29,0.5244376513019489,-0.007425687145530935,-0.009925687145530935,1
BHARTIARTL,13,144,145,1.3353357369704224,2024-07-29,0.49371603126940444,-0.007425687145530935,-0.009925687145530935,1
ASIANPAINT,15,144,145,0.9447984526573842,2024-07-29,0.439690667281175,0.01704067336432291,0.014540673364322911,1
BHARTIARTL,13,145,146,1.325419951553433,2024-07-30,0.5588771387328465,0.014418497916414141,0.011918497916414141,1
BHARTIARTL,13,145,146,1.325419951553433,2024-07-30,0.5366367651709391,0.014418497916414141,0.011918497916414141,1
ASIANPAINT,15,145,146,0.9608984544842364,2024-07-30,0.4306003932287051,0.026422225346339534,0.023922225346339535,1
LT,12,146,147,1.14923301855388,2024-07-31,0.49505108372466383,-0.009357795782945821,-0.011857795782945822,1
LT,12,146,147,1.14923301855388,2024-07-31,0.4498549170004569,-0.009357795782945821,-0.011857795782945822,1
BHARTIARTL,13,146,147,1.34453051636328,2024-07-31,0.42691180831774317,0.366112780880935,0.363612780880935,1
BHARTIARTL,13,147,148,1.8367803226883197,2024-08-01,0.36974728390086886,-0.007771421994116845,-0.010271421994116845,1
TITAN,16,144,148,0.9948836964516857,2024-07-29,0.5078356639365361,0.014845976936913585,0.012345976936913585,4
TITAN,16,144,148,0.9948836964516857,2024-07-29,0.4763256156767426,0.014845976936913585,0.012345976936913585,4
INFY,6,152,153,1.2163100380236995,2024-08-08,0.6185555260617372,0.015833330112611677,0.013333330112611676,1
INFY,6,152,153,1.2163100380236995,2024-08-08,0.5248321709982492,0.015833330112611677,0.013333330112611676,1
TECHM,9,152,154,1.2571299223188332,2024-08-08,0.43645680540554427,0.38650431160037413,0.3840043116003741,2
TITAN,16,152,154,0.9756536590209827,2024-08-08,0.42899157399330107,0.007386596489617148,0.004886596489617147,2
TITAN,16,152,154,0.9756536590209827,2024-08-08,0.4232630519920063,0.007386596489617148,0.004886596489617147,2
AXISBANK,3,153,155,1.110670989845373,2024-08-09,0.402682335960946,0.018858140995361206,0.016358140995361207,2
TITAN,16,154,155,0.9828604189137892,2024-08-12,0.5266569762831779,0.018880735594266396,0.016380735594266397,1
TITAN,16,154,155,0.9828604189137892,2024-08-12,0.4869915776091169,0.018880735594266396,0.016380735594266397,1
TITAN,16,155,156,1.0014175466093704,2024-08-13,0.4718830545214295,0.005497111693209433,0.0029971116932094332,1
TECHM,9,155,156,1.7325291470886321,2024-08-13,0.47065655370144494,0.013968330717631705,0.011468330717631705,1
TITAN,16,155,156,1.0014175466093704,2024-08-13,0.4640935640475011,0.005497111693209433,0.0029971116932094332,1
BHARTIARTL,13,155,156,1.7959455110030489,2024-08-13,0.4170565966581395,0.00822086760767804,0.005720867607678039,1
BHARTIARTL,13,156,157,1.8107097412796087,2024-08-14,0.4969995084444298,-0.0013928323290995914,-0.0038928323290995915,1
TECHM,9,156,157,1.7567296871931026,2024-08-14,0.4092973459319682,0.046083761116341826,0.043583761116341824,1
LT,12,157,158,0.9278487702542342,2024-08-19,0.5441707015349794,0.004964741298134179,0.0024647412981341787,1
BHARTIARTL,13,157,158,1.808187726213339,2024-08-19,0.5255049079892594,-0.013948922740870562,-0.01644892274087056,1
LT,12,157,158,0.9278487702542342,2024-08-19,0.49280342010106853,0.004964741298134179,0.0024647412981341787,1
BHARTIARTL,13,157,158,1.808187726213339,2024-08-19,0.40316157891983984,-0.013948922740870562,-0.01644892274087056,1
BHARTIARTL,13,158,159,1.7829654553193988,2024-08-20,0.5495041402115519,0.009867819766828712,0.007367819766828711,1
ASIANPAINT,15,157,159,1.0658503399153767,2024-08-19,0.4461951560085141,0.008744231509591804,0.006244231509591804,2
BHARTIARTL,13,158,159,1.7829654553193988,2024-08-20,0.4023459584099109,0.009867819766828712,0.007367819766828711,1
BHARTIARTL,13,159,160,1.8005594370829723,2024-08-21,0.5423825058244984,0.015647912094935545,0.013147912094935545,1
BHARTIARTL,13,159,160,1.8005594370829723,2024-08-21,0.4262654825484309,0.015647912094935545,0.013147912094935545,1
BHARTIARTL,13,160,161,1.8287344328761532,2024-08-22,0.5356283303049623,0.013724954826950242,0.011224954826950241,1
HCLTECH,7,160,161,1.1160671471376955,2024-08-22,0.3613203732557806,-0.008770099117823782,-0.011270099117823782,1
LT,12,158,162,0.9324552993623384,2024-08-20,0.5705594426002969,0.00723540770701292,0.004735407707012919,4
BHARTIARTL,13,161,162,1.853833730357867,2024-08-23,0.5144520627014249,0.004513043622466295,0.002013043622466295,1
LT,12,158,162,0.9324552993623384,2024-08-20,0.5123531071694454,0.00723540770701292,0.004735407707012919,4
SBIN,0,163,164,0.9352718797781261,2024-08-27,0.3678187551825385,-0.007966685214899627,-0.010466685214899627,1
LT,12,162,165,0.9392019936217897,2024-08-26,0.5799751906869447,0.011408864441923239,0.008908864441923238,3
ITC,14,163,165,1.4746200218172347,2024-08-27,0.476983668371762,-0.006592047951405222,-0.009092047951405223,2
LT,12,165,166,0.9499172218506048,2024-08-29,0.5913358008901755,0.005755485298669649,0.003255485298669649,1
ITC,14,165,166,1.4648992559233134,2024-08-29,0.535247770646645,-0.006335433149346148,-0.008835433149346148,1
ASIANPAINT,15,163,166,1.0801682679356424,2024-08-27,0.39367786426961654,-0.012443885636549523,-0.014943885636549524,3
WIPRO,8,164,166,1.2090351191985569,2024-08-28,0.36253601210021646,0.007108202399704444,0.004608202399704444,2
TITAN,16,166,167,1.047787282685661,2024-08-30,0.49517823494759433,0.006283107010015998,0.003783107010015998,1
TITAN,16,166,167,1.047787282685661,2024-08-30,0.43933130595451403,0.006283107010015998,0.003783107010015998,1
LT,12,166,168,0.9553844564559191,2024-08-30,0.6571983050349774,-0.014535752679553204,-0.017035752679553203,2
ITC,14,166,168,1.4556184846168843,2024-08-30,0.5792137391032858,0.008866360139139218,0.006366360139139217,2
RELIANCE,10,167,168,0.735801465447939,2024-09-02,0.4402300135023502,-0.001121187056695172,-0.003621187056695172,1
ITC,14,166,168,1.4556184846168843,2024-08-30,0.44868620131393805,0.008866360139139218,0.006366360139139217,2
LT,12,168,169,0.9414972242829864,2024-09-04,0.5817898404447202,-0.007299853403559542,-0.009799853403559542,1
RELIANCE,10,168,169,0.7349764943685815,2024-09-04,0.45716146644351296,-0.014245210205861891,-0.01674521020586189,1
ITC,14,168,170,1.4685245223266856,2024-09-04,0.5153263525451053,0.009578354984248083,0.007078354984248083,2
LT,12,169,171,0.9346244325658624,2024-09-05,0.6170555615368445,-0.012651155694104244,-0.015151155694104244,2
TITAN,16,168,171,1.0602926145151876,2024-09-04,0.4854722215933052,0.03191789531399958,0.02941789531399958,3
TCS,5,169,171,1.047128395950355,2024-09-05,0.613067838753125,-0.0058983098340341655,-0.008398309834034166,2
LT,12,169,171,0.9346244325658624,2024-09-05,0.5807785096099294,-0.012651155694104244,-0.015151155694104244,2
LT,12,172,173,0.927403587846596,2024-09-10,0.5775829741668478,-0.01646200791518282,-0.018962007915182818,1
LT,12,172,173,0.927403587846596,2024-09-10,0.5264876469759356,-0.01646200791518282,-0.018962007915182818,1
LT,12,173,175,0.9121366626428964,2024-09-11,0.4762286173881003,0.021501542273853147,0.019001542273853148,2
LT,12,173,175,0.9121366626428964,2024-09-11,0.45162040763022493,0.021501542273853147,0.019001542273853148,2
NTPC,18,175,176,1.2075315871950711,2024-09-13,0.46856647160388815,0.024165383552334108,0.02166538355233411,1
ITC,14,170,176,1.482590571504604,2024-09-06,0.5527851765694844,0.025214233010222742,0.022714233010222743,6
NTPC,18,176,177,1.2367120511511989,2024-09-16,0.4031438206314605,0.01264896737841048,0.01014896737841048,1
MARUTI,11,174,178,0.9324535151397594,2024-09-12,0.4800400148415418,-0.015865869383811293,-0.01836586938381129,4
ITC,14,176,179,1.5199729556332804,2024-09-16,0.4470354070500092,-0.10356662173449926,-0.10606662173449927,3
TECHM,9,175,179,1.8855568551026183,2024-09-13,0.43832798024986674,-0.0027173513778910863,-0.005217351377891087,4
HCLTECH,7,178,179,1.4102041264455918,2024-09-18,0.37324197005639626,-0.011386207623891864,-0.013886207623891865,1
INFY,6,179,180,1.5435224317198109,2024-09-19,0.5441044097843243,0.006097603940411034,0.0035976039404110338,1
ITC,14,179,180,1.3625544914905396,2024-09-19,0.4839845931332036,0.012100293729824907,0.009600293729824906,1
TITAN,16,176,181,1.1235317517968102,2024-09-16,0.43764759806309317,0.00715114760472968,0.004651147604729679,5
LT,12,178,183,0.9529473864117057,2024-09-18,0.4818224177249882,-0.012531959409551319,-0.01503195940955132,5
TITAN,16,183,184,1.1070249376254033,2024-09-25,0.4856447674960693,0.005431780664016506,0.0029317806640165056,1
INFY,6,180,185,1.5529342201815783,2024-09-20,0.6206405492485226,0.0005246639059446334,-0.0019753360940553666,5
TECHM,9,179,185,1.8804331345843133,2024-09-19,0.5145512722790923,0.01673626174421794,0.014236261744217939,6
NTPC,18,184,185,1.2878531315280892,2024-09-26,0.505453443789602,-0.1357660541414092,-0.1382660541414092,1
INFY,6,180,185,1.5529342201815783,2024-09-20,0.6054713045865199,0.0005246639059446334,-0.0019753360940553666,5
HCLTECH,7,181,186,1.4072337248776365,2024-09-23,0.39972782323490685,0.017714451228511674,0.015214451228511673,5
INFY,6,185,186,1.5537489887152138,2024-09-27,0.5940133003178655,-0.016336650395680774,-0.018836650395680773,1
NTPC,18,185,186,1.1130063935468633,2024-09-27,0.5270199994745783,0.014419759735126325,0.011919759735126325,1
TCS,5,185,187,0.9898815360327845,2024-09-27,0.7256108589291084,-0.0093300927012826,-0.0118300927012826,2
INFY,6,186,187,1.528365934683931,2024-09-30,0.6719754953078785,0.015328358024856215,0.012828358024856214,1
INFY,6,186,187,1.528365934683931,2024-09-30,0.5892274612715069,0.015328358024856215,0.012828358024856214,1
TCS,5,185,187,0.9898815360327845,2024-09-27,0.591940925821369,-0.0093300927012826,-0.0118300927012826,2
TECHM,9,186,187,1.8738268613140034,2024-09-30,0.49046816893982365,0.0305605739540864,0.028060573954086402,1
INFY,6,187,188,1.5517932749237602,2024-10-01,0.6303581323566843,0.007246566418181111,0.00474656641818111,1
INFY,6,187,188,1.5517932749237602,2024-10-01,0.59869712606644,0.007246566418181111,0.00474656641818111,1
TCS,5,187,188,0.9806458495383106,2024-10-01,0.5941081796857501,-0.008314149755842548,-0.010814149755842549,1
TITAN,16,187,188,1.0303726308257748,2024-10-01,0.49846112471381926,-0.028032634484627228,-0.030532634484627227,1
ITC,14,187,189,1.3777174671024754,2024-10-01,0.456544205643701,-0.024505968478934936,-0.027005968478934935,2
ITC,14,189,190,1.343955166280784,2024-10-07,0.39922115641023687,-0.004410069981271136,-0.006910069981271137,1
TITAN,16,189,191,0.97942640495086,2024-10-07,0.4850730581716695,-0.026690850943651978,-0.029190850943651977,2
LT,12,189,191,0.8666195248341245,2024-10-07,0.4044786789124577,0.01846694725214193,0.01596694725214193,2
KOTAKBANK,4,189,191,1.001779924724565,2024-10-07,0.3871737509502881,0.005893043911072926,0.003393043911072926,2
TITAN,16,192,193,0.940677757099618,2024-10-10,0.49098195775502856,0.007875791063372217,0.005375791063372217,1
LT,12,192,193,0.8758526586953709,2024-10-10,0.46489092124745957,0.006415537034805574,0.0039155370348055735,1
NTPC,18,189,194,1.0583623461918938,2024-10-07,0.5316621371625715,0.01323860816788236,0.01073860816788236,5
BHARTIARTL,13,192,194,2.08890537928553,2024-10-10,0.43828708996599297,0.0055420572867761475,0.0030420572867761475,2
TITAN,16,193,195,0.9480863385724961,2024-10-11,0.4759843042961757,0.009814678736396631,0.007314678736396631,2
TECHM,9,193,195,2.0040518568818406,2024-10-11,0.44708784967981263,0.027594843713906858,0.02509484371390686,2
NTPC,18,194,195,1.072373590592769,2024-10-14,0.4610494525734231,0.004947041042003386,0.002447041042003386,1
ASIANPAINT,15,192,195,1.0418399603544948,2024-10-10,0.4059460829446378,-0.0065216324986345775,-0.009021632498634578,3
NTPC,18,195,196,1.077678666757792,2024-10-15,0.49353027885446954,-0.00550863398787127,-0.00800863398787127,1
LT,12,195,196,0.8990249172866026,2024-10-15,0.47425661357750243,-0.00543368804725286,-0.00793368804725286,1
ICICIBANK,2,194,197,1.1978952167821437,2024-10-14,0.4614008981435423,0.019281484811147775,0.016781484811147777,3
INFY,6,196,197,1.5771021646377024,2024-10-16,0.566005137527227,0.02499863293432525,0.02249863293432525,1
NTPC,18,196,197,1.0717421294260863,2024-10-16,0.5411289431499133,-0.015321220448064499,-0.017821220448064497,1
TCS,5,197,199,0.9415150558581946,2024-10-17,0.6696894877412112,0.005867301762851218,0.003367301762851218,2
LT,12,196,199,0.8941398963393599,2024-10-16,0.6047198633574613,0.015003108644780383,0.012503108644780382,3
TCS,5,197,199,0.9415150558581946,2024-10-17,0.6243270557447996,0.005867301762851218,0.003367301762851218,2
NTPC,18,197,199,1.055321731997671,2024-10-17,0.5441827383427921,0.017354917540891135,0.014854917540891134,2
LT,12,196,199,0.8941398963393599,2024-10-16,0.5302120805835275,0.015003108644780383,0.012503108644780382,3
TCS,5,199,200,0.9470392088051823,2024-10-21,0.7023067196076601,-0.015772600770216583,-0.01827260077021658,1
TCS,5,199,200,0.9470392088051823,2024-10-21,0.6763794021526995,-0.015772600770216583,-0.01827260077021658,1
ICICIBANK,2,199,200,1.2485608337152394,2024-10-21,0.46506711889402935,0.0067113733313279855,0.004211373331327985,1
TCS,5,200,201,0.9321019374509564,2024-10-22,0.787250449900568,0.01263848010004831,0.01013848010004831,1
TCS,5,200,201,0.9321019374509564,2024-10-22,0.7184521854647979,0.01263848010004831,0.01013848010004831,1
LT,12,200,202,0.8889004834074611,2024-10-22,0.5580245833002552,-0.019718667609235463,-0.02221866760923546,2
TCS,5,201,203,0.9438822892386468,2024-10-23,0.6579899477744803,-0.0021395341658086986,-0.004639534165808699,2
TCS,5,201,203,0.9438822892386468,2024-10-23,0.6195347245874382,-0.0021395341658086986,-0.004639534165808699,2
NTPC,18,199,203,1.073636753635601,2024-10-21,0.5173851725429637,-0.02176474773303272,-0.024264747733032718,4
LT,12,202,203,0.8713725502374606,2024-10-24,0.5703997823981974,-0.03376757719923984,-0.03626757719923984,1
RELIANCE,10,199,203,0.6390929807439922,2024-10-21,0.463844936425232,-0.02147232866270088,-0.023972328662700878,4
RELIANCE,10,206,207,0.6284314250337318,2024-10-30,0.48943821824487765,-0.008817617250716503,-0.011317617250716503,1
TCS,5,206,208,0.9481533735636851,2024-10-30,0.7930521113344828,-0.02459204695117201,-0.027092046951172007,2
TCS,5,206,208,0.9481533735636851,2024-10-30,0.6992124629107965,-0.02459204695117201,-0.027092046951172007,2
LT,12,206,208,0.8626908821782883,2024-10-30,0.5680961660752756,0.06396055005623169,0.06146055005623169,2
INFY,6,206,209,1.4970346105401464,2024-10-30,0.7956599820628915,-0.021336243361038898,-0.023836243361038897,3
HCLTECH,7,207,209,1.4104701396951167,2024-10-31,0.6447892959804404,-0.0017553326839274686,-0.004255332683927469,2
HCLTECH,7,209,210,1.4079942953592062,2024-11-04,0.8148243205009841,0.006012680542220261,0.003512680542220261,1
INFY,6,209,210,1.4650935157697638,2024-11-04,0.7028420989381775,-0.005358261303711198,-0.007858261303711199,1
NTPC,18,209,210,1.0354228403774857,2024-11-04,0.5656001782613628,0.005362228756040643,0.0028622287560406434,1
HCLTECH,7,209,210,1.4079942953592062,2024-11-04,0.5421798719176841,0.006012680542220261,0.003512680542220261,1
AXISBANK,3,209,210,1.0789445427244186,2024-11-04,0.4930078425718884,0.028483607150717738,0.02598360715071774,1
RELIANCE,10,210,211,0.6103813995984746,2024-11-05,0.6211387412413265,0.015360433017061581,0.01286043301706158,1
INFY,6,210,212,1.4572431618778965,2024-11-05,0.6979400770650348,0.039619277216506044,0.03711927721650604,2
HCLTECH,7,210,213,1.4164601152624696,2024-11-05,0.7856025230165349,0.03605771635302446,0.03355771635302446,3
TCS,5,210,213,0.9218535323518463,2024-11-05,0.7524631068953243,0.044229300564400775,0.04172930056440077,3
INFY,6,212,213,1.5149780826801946,2024-11-07,0.7014771436288529,0.014919115225296764,0.012419115225296764,1
TCS,5,210,213,0.9218535323518463,2024-11-05,0.6820350184921536,0.044229300564400775,0.04172930056440077,3
AXISBANK,3,211,213,1.1047520368691812,2024-11-06,0.5869943423134721,-0.0047578459893617975,-0.007257845989361798,2
INFY,6,213,214,1.5375802152594997,2024-11-08,0.6441137079440857,0.01647583062014446,0.01397583062014446,1
TCS,5,213,215,0.9626264693105907,2024-11-08,0.6932559642146768,0.012153361971973364,0.009653361971973364,2
TCS,5,213,215,0.9626264693105907,2024-11-08,0.6033901148523759,0.012153361971973364,0.009653361971973364,2
TCS,5,215,217,0.974325617235925,2024-11-12,0.6906877685272644,-0.012269596147267414,-0.014769596147267415,2
TCS,5,215,217,0.974325617235925,2024-11-12,0.611645668125502,-0.012269596147267414,-0.014769596147267415,2
BHARTIARTL,13,213,217,1.7694852996616433,2024-11-08,0.5752641889369835,-0.01235753585992827,-0.01485753585992827,4
HCLTECH,7,213,218,1.467534432323976,2024-11-08,0.7590401432687947,0.01923805970180248,0.01673805970180248,5
TCS,5,217,218,0.9623710353965031,2024-11-14,0.6675045004210498,-0.0256517607313117,-0.0281517607313117,1
INFY,6,214,218,1.5629131264510006,2024-11-11,0.6426514630602278,0.0023923739170903513,-0.00010762608290964875,4
LT,12,217,218,0.9200445293249525,2024-11-14,0.5951796203366871,-0.005771044985136142,-0.008271044985136143,1
TCS,5,217,218,0.9623710353965031,2024-11-14,0.5920694994100208,-0.0256517607313117,-0.0281517607313117,1
INFY,6,218,219,1.5666521990494,2024-11-19,0.678064458839993,0.042471557850190855,0.03997155785019085,1
NTPC,18,218,219,0.9619527269365388,2024-11-19,0.6282666020394919,-0.003408700592693048,-0.0059087005926930485,1
HCLTECH,7,218,220,1.4957669473474755,2024-11-19,0.7084266491821982,0.03908146509452304,0.036581465094523036,2
INFY,6,219,220,1.6331903585524554,2024-11-22,0.6627470250628632,-0.006597419333013721,-0.009097419333013721,1
NTPC,18,219,221,0.9586737181060875,2024-11-22,0.5927672532083423,0.0080722282644492,0.005572228264449199,2
ASIANPAINT,15,218,221,0.6284604192904708,2024-11-19,0.6163498900630692,-0.004630322381798946,-0.007130322381798946,3
INFY,6,220,222,1.6224155169064498,2024-11-25,0.6921958226512341,0.01841560130725539,0.015915601307255393,2
TCS,5,218,222,0.9376845238617674,2024-11-19,0.6997135573125947,0.05076076548138175,0.04826076548138175,4
HCLTECH,7,220,222,1.5542237110897772,2024-11-25,0.6493410847720458,0.004149779884291327,0.0016497798842913269,2
ASIANPAINT,15,221,222,0.6255504449449554,2024-11-26,0.5991146576591464,-0.005229518981585302,-0.007729518981585302,1
ASIANPAINT,15,222,223,0.6222791170191766,2024-11-27,0.6073527920304199,-0.013584010860236195,-0.016084010860236194,1
INFY,6,222,224,1.6522932742205036,2024-11-27,0.697305824802756,-0.02322674939729874,-0.02572674939729874,2
HCLTECH,7,222,224,1.5606733973817462,2024-11-27,0.6582292852507806,-0.010338295563122046,-0.012838295563122047,2
INFY,6,222,224,1.6522932742205036,2024-11-27,0.5318900044882171,-0.02322674939729874,-0.02572674939729874,2
ASIANPAINT,15,223,225,0.6138260707354899,2024-11-28,0.6083743552536178,0.004617399016483281,0.002117399016483281,2
NTPC,18,221,225,0.9664123511897681,2024-11-26,0.6146824442055492,0.02115301608914888,0.01865301608914888,4
INFY,6,224,226,1.6139158724093419,2024-12-02,0.6946887649684896,0.005027048432978409,0.0025270484329784093,2
HCLTECH,7,224,226,1.5445386945221118,2024-12-02,0.6457154939136572,0.01397280863751238,0.011472808637512379,2
NTPC,18,225,226,0.9868548872032374,2024-12-03,0.5930028764654247,0.014423708850609396,0.011923708850609395,1
INFY,6,224,226,1.6139158724093419,2024-12-02,0.6150860529128523,0.005027048432978409,0.0025270484329784093,2
INFY,6,226,227,1.6220291056666962,2024-12-04,0.7141097021121784,0.02413657323034113,0.02163657323034113,1
ASIANPAINT,15,225,227,0.6166603506307957,2024-12-03,0.6069560458025738,-0.0069652182794155415,-0.009465218279415542,2
INFY,6,226,227,1.6220291056666962,2024-12-04,0.5773339101901909,0.02413657323034113,0.02163657323034113,1
HCLTECH,7,226,228,1.5661202381339026,2024-12-04,0.7716409976635985,0.013200438245751789,0.010700438245751788,2
ASIANPAINT,15,227,228,0.6123651766843913,2024-12-05,0.5723406289310525,-0.009175415220873617,-0.011675415220873618,1
INFY,6,227,229,1.6611793299573652,2024-12-05,0.6085670192535565,-0.00578855248512522,-0.00828855248512522,2
RELIANCE,10,228,229,0.6355097074414945,2024-12-06,0.5392778477714791,-0.01250425525373633,-0.01500425525373633,1
INFY,6,227,229,1.6611793299573652,2024-12-05,0.5282749813413028,-0.00578855248512522,-0.00828855248512522,2
ASIANPAINT,15,228,230,0.6067464719215083,2024-12-06,0.5713375719495127,-0.016792296742589086,-0.019292296742589084,2
RELIANCE,10,229,230,0.6275631318434187,2024-12-09,0.535020457681956,-0.007952846338872943,-0.010452846338872944,1
NTPC,18,226,230,1.001088994774058,2024-12-04,0.5587381592876451,-0.00965794257418684,-0.01215794257418684,4
ASIANPAINT,15,230,231,0.5965578051174834,2024-12-10,0.5911525208278255,0.011888384879383818,0.009388384879383817,1
INFY,6,229,231,1.6515635062187017,2024-12-09,0.7288860448492257,0.012944166383218159,0.010444166383218158,2
INFY,6,229,231,1.6515635062187017,2024-12-09,0.5961425636036699,0.012944166383218159,0.010444166383218158,2
NTPC,18,230,231,0.9914205347508798,2024-12-10,0.5149030077466349,-0.009887495902832666,-0.012387495902832666,1
ASIANPAINT,15,230,231,0.5965578051174834,2024-12-10,0.5122796074653331,0.011888384879383818,0.009388384879383817,1
INFY,6,231,232,1.6729416190356479,2024-12-11,0.6371880443044957,0.006509103009940231,0.004009103009940231,1
ASIANPAINT,15,231,232,0.6036499139075204,2024-12-11,0.5900083804739408,-0.01147970942039711,-0.013979709420397111,1
INFY,6,231,232,1.6729416190356479,2024-12-11,0.5540382670677052,0.006509103009940231,0.004009103009940231,1
NTPC,18,231,232,0.9816178682755463,2024-12-11,0.510000504269592,-0.02708620972880027,-0.02958620972880027,1
ASIANPAINT,15,231,232,0.6036499139075204,2024-12-11,0.5095121891028248,-0.01147970942039711,-0.013979709420397111,1
NTPC,18,232,233,0.955029560821897,2024-12-12,0.5672746066718771,0.004358790578314231,0.001858790578314231,1
ASIANPAINT,15,232,234,0.5967201883042144,2024-12-12,0.6098595583064816,0.0053148773604232424,0.0028148773604232424,2
NTPC,18,233,234,0.9591923346736191,2024-12-13,0.5799283390996718,-0.011899762796685254,-0.014399762796685254,1
ASIANPAINT,15,232,234,0.5967201883042144,2024-12-12,0.5150901924049841,0.0053148773604232424,0.0028148773604232424,2
LT,12,232,234,1.0070981218881565,2024-12-12,0.5049471640153136,0.004650390173378982,0.002150390173378982,2
ASIANPAINT,15,234,235,0.5998916829235399,2024-12-16,0.5907489021912695,-0.01925291890510261,-0.02175291890510261,1
NTPC,18,234,235,0.9477781734146042,2024-12-16,0.5701600108494115,-0.010909637374105552,-0.013409637374105552,1
SUNPHARMA,17,234,235,1.541799290487242,2024-12-16,0.5476110359356297,-0.011465394995105238,-0.013965394995105239,1
NTPC,18,235,236,0.9374382572315588,2024-12-17,0.604015786687963,-0.020913913379428717,-0.023413913379428716,1
SUNPHARMA,17,235,236,1.5241219526186327,2024-12-17,0.5862194460055524,0.006707475571149812,0.004207475571149812,1
ASIANPAINT,15,235,236,0.5883420170003675,2024-12-17,0.5824886993374986,-0.004477925391652038,-0.006977925391652038,1
TITAN,16,234,236,0.9215908696338301,2024-12-16,0.49096553164371387,-0.010557873118350991,-0.013057873118350992,2
ITC,14,232,236,1.2396132995437197,2024-12-12,0.4981353834785449,0.021493786083778943,0.018993786083778944,4
ASIANPAINT,15,236,237,0.5857074653434657,2024-12-18,0.6051893204029204,-0.02285259394059691,-0.02535259394059691,1
TATASTEEL,19,236,237,0.8932051938662143,2024-12-18,0.5476899882502603,-0.008306906312959716,-0.010806906312959717,1
ASIANPAINT,15,236,237,0.5857074653434657,2024-12-18,0.5405444110228103,-0.02285259394059691,-0.02535259394059691,1
NTPC,18,236,239,0.9178327547212554,2024-12-18,0.5902468703582896,-0.012728526938103779,-0.01522852693810378,3
TITAN,16,239,240,0.9105340334530123,2024-12-23,0.5330221325933814,-0.012820354783995347,-0.015320354783995347,1
NTPC,18,239,241,0.9061500957781119,2024-12-23,0.604408071171497,0.004046082863851552,0.0015460828638515522,2
TITAN,16,240,241,0.8988606641012424,2024-12-24,0.44686876286377447,-0.013180580873242365,-0.015680580873242363,1
SUNPHARMA,17,236,241,1.5343449633832753,2024-12-18,0.5453906088062941,0.01235389396224873,0.00985389396224873,5
TATASTEEL,19,239,241,0.8762017591954381,2024-12-23,0.5104887229678756,-0.01975866352587563,-0.02225866352587563,2
TCS,5,239,242,0.7067837127669915,2024-12-23,0.661583457336832,0.00012031446303573112,-0.002379685536964269,3
NTPC,18,241,242,0.9098164541527172,2024-12-27,0.5958296114139163,-0.010746263256025346,-0.013246263256025346,1
INFY,6,241,242,1.409703350896833,2024-12-27,0.5939829070222384,-0.005608470493319251,-0.008108470493319251,1
TCS,5,242,243,0.7068687490698754,2024-12-30,0.6157899038432173,-0.01538905913347477,-0.017889059133474768,1
MARUTI,11,242,243,0.9616109102706282,2024-12-30,0.503182536847825,0.005505168322406773,0.0030051683224067726,1
TCS,5,243,244,0.6959907040908337,2024-12-31,0.6675952763449616,0.004310355116675435,0.001810355116675435,1
NTPC,18,242,244,0.9000393270217285,2024-12-30,0.6035147496002834,0.0067894463863087395,0.004289446386308739,2
ASIANPAINT,15,243,244,0.5703621001336439,2024-12-31,0.6070920958704358,0.010213144880819591,0.007713144880819591,1
SUNPHARMA,17,241,244,1.5533000983624228,2024-12-27,0.5662311078592672,0.015419689171643602,0.012919689171643602,3
TITAN,16,241,244,0.8870131584242796,2024-12-27,0.5207472199881991,-0.016726070079105204,-0.019226070079105203,3
NTPC,18,244,245,0.9061500957781119,2025-01-01,0.5981389718607469,0.018582367612711703,0.016082367612711704,1
ASIANPAINT,15,244,245,0.5761872908968373,2025-01-01,0.5597639017204745,0.013581257810681535,0.011081257810681535,1
TCS,5,244,246,0.6989906711833702,2025-01-01,0.7238183101806829,-0.004243193355301322,-0.006743193355301323,2
TCS,5,246,247,0.6960247186119873,2025-01-06,0.6996060077786171,-0.01628818400938059,-0.01878818400938059,1
HDFCBANK,1,245,247,1.2495891530831393,2025-01-03,0.6297018671096556,-0.020466479157590367,-0.022966479157590366,2
NTPC,18,245,247,0.9229885099701547,2025-01-03,0.6042199296014691,-0.033102982308555684,-0.035602982308555686,2
HDFCBANK,1,247,248,1.2240144627260123,2025-01-07,0.7027389299855537,-0.011147322372425217,-0.013647322372425217,1
TCS,5,247,248,0.684687739920158,2025-01-07,0.6563670719996919,0.019884259699737283,0.017384259699737285,1
HDFCBANK,1,247,248,1.2240144627260123,2025-01-07,0.611439403655324,-0.011147322372425217,-0.013647322372425217,1
INFY,6,244,249,1.3845136793886195,2025-01-01,0.7414943470119012,0.02690568828463613,0.024405688284636132,5
TCS,5,248,249,0.6983022487539565,2025-01-08,0.666339545518655,-0.016928712081165087,-0.019428712081165086,1
INFY,6,244,249,1.3845136793886195,2025-01-01,0.5741855125945965,0.02690568828463613,0.024405688284636132,5
INFY,6,249,250,1.4217649728720643,2025-01-09,0.7048512696057153,0.023418264065709682,0.020918264065709683,1
HDFCBANK,1,248,250,1.2103699789214946,2025-01-08,0.7164224798669664,-0.01564069391746048,-0.01814069391746048,2
TCS,5,249,250,0.6864808910391706,2025-01-09,0.690415304964814,0.06245602356754487,0.05995602356754487,1
NTPC,18,249,250,0.8837441151367476,2025-01-09,0.5795287305371507,-0.0691429844565673,-0.0716429844565673,1
HDFCBANK,1,248,250,1.2103699789214946,2025-01-08,0.6207212895171258,-0.01564069391746048,-0.01814069391746048,2
NTPC,18,250,251,0.8226394095202646,2025-01-13,0.6028730191384644,0.04091193708557905,0.03841193708557905,1
SUNPHARMA,17,250,251,1.4578696403470763,2025-01-13,0.5349031487031297,0.013709954333516183,0.011209954333516183,1
ASIANPAINT,15,250,252,0.5631867306437331,2025-01-13,0.5290914215401934,-0.005637768524702769,-0.00813776852470277,2
HDFCBANK,1,250,253,1.1914389525543003,2025-01-13,0.7558678510426374,0.0074807995845154185,0.004980799584515418,3
HDFCBANK,1,250,253,1.1914389525543003,2025-01-13,0.6355289852960163,0.0074807995845154185,0.004980799584515418,3
HDFCBANK,1,253,254,1.200351868575544,2025-01-16,0.6726711017974709,-0.00926129443639978,-0.011761294436399781,1
HDFCBANK,1,253,254,1.200351868575544,2025-01-16,0.6194968293790519,-0.00926129443639978,-0.011761294436399781,1
HDFCBANK,1,254,255,1.1892350564933833,2025-01-17,0.6783944173380555,0.008859033576189779,0.006359033576189778,1
HDFCBANK,1,254,255,1.1892350564933833,2025-01-17,0.6231034335320885,0.008859033576189779,0.006359033576189778,1
ASIANPAINT,15,253,255,0.5564702853451488,2025-01-16,0.5400042002797488,0.02049103136590924,0.01799103136590924,2
INFY,6,253,256,1.430033079721298,2025-01-16,0.7558517674652973,-0.05971106324369835,-0.06221106324369835,3
INFY,6,253,256,1.430033079721298,2025-01-16,0.6266970004902034,-0.05971106324369835,-0.06221106324369835,3
HDFCBANK,1,255,257,1.1997705297888401,2025-01-20,0.7578790889926607,0.008266503749184029,0.005766503749184028,2
HDFCBANK,1,255,257,1.1997705297888401,2025-01-20,0.6324535216397594,0.008266503749184029,0.005766503749184028,2
HDFCBANK,1,257,258,1.2096884373715,2025-01-23,0.7924629752215904,-0.009069579141326778,-0.011569579141326778,1
HDFCBANK,1,257,258,1.2096884373715,2025-01-23,0.6338268832595089,-0.009069579141326778,-0.011569579141326778,1
BHARTIARTL,13,255,258,1.8008238658862448,2025-01-20,0.5556180715074025,-0.003138041107520806,-0.005638041107520806,3
INFY,6,256,259,1.3446442840574788,2025-01-22,0.7144352664944584,0.004847909433837394,0.002347909433837394,3
HDFCBANK,1,258,259,1.1987170723524112,2025-01-24,0.8235785079621117,-0.012122761937363835,-0.014622761937363836,1
INFY,6,256,259,1.3446442840574788,2025-01-22,0.6191659807036396,0.004847909433837394,0.002347909433837394,3
HDFCBANK,1,258,259,1.1987170723524112,2025-01-24,0.6574665108745837,-0.012122761937363835,-0.014622761937363836,1
SBIN,0,258,259,0.7901699495105373,2025-01-24,0.5168251327873432,0.006786221067990095,0.004286221067990094,1
INFY,6,259,260,1.3511629977673165,2025-01-27,0.7199959306870285,0.004253559112799898,0.0017535591127998983,1
INFY,6,259,260,1.3511629977673165,2025-01-27,0.5995752581173872,0.004253559112799898,0.0017535591127998983,1
BHARTIARTL,13,259,260,1.7491146601211236,2025-01-27,0.5816747252581591,0.00982775581781814,0.00732775581781814,1
HDFCBANK,1,259,261,1.1841853106540292,2025-01-27,0.8225398137338554,0.024911071740103097,0.022411071740103098,2
HDFCBANK,1,259,261,1.1841853106540292,2025-01-27,0.6686715530128957,0.024911071740103097,0.022411071740103098,2
HDFCBANK,1,261,262,1.213684635881308,2025-01-29,0.7585979439327437,0.008466061806764458,0.005966061806764457,1
INFY,6,260,262,1.3569102494493477,2025-01-28,0.7159161859589581,0.028145895061455484,0.025645895061455485,2
HDFCBANK,1,261,262,1.213684635881308,2025-01-29,0.6162610222212223,0.008466061806764458,0.005966061806764457,1
INFY,6,260,262,1.3569102494493477,2025-01-28,0.6294368059363338,0.028145895061455484,0.025645895061455485,2
HDFCBANK,1,262,263,1.2239597650225995,2025-01-30,0.6329686013965313,0.004286070071126691,0.0017860700711266908,1
HDFCBANK,1,262,263,1.2239597650225995,2025-01-30,0.6326733102411031,0.004286070071126691,0.0017860700711266908,1
INFY,6,262,263,1.3951017029381625,2025-01-30,0.5625581294609324,0.010672455443871298,0.008172455443871298,1
TCS,5,260,263,0.6989114599516734,2025-01-28,0.618930733212819,0.01784505408860393,0.015345054088603928,3
HDFCBANK,1,263,264,1.2292057423397262,2025-01-31,0.6035914976146771,-0.004591581234390074,-0.007091581234390075,1
AXISBANK,3,263,264,0.9690744831114063,2025-01-31,0.5319959631820864,0.0122199421079765,0.0097199421079765,1
INFY,6,263,264,1.409990863702439,2025-01-31,0.5027022144243566,-0.01513463307286711,-0.01763463307286711,1
BHARTIARTL,13,262,264,1.79075248089534,2025-01-30,0.5571069446975804,-0.010665819428803958,-0.013165819428803958,2
NTPC,18,263,264,0.8976975833288563,2025-01-31,0.4911496470080005,-0.019444409802265694,-0.021944409802265693,1
NTPC,18,264,265,0.8802423836401064,2025-02-01,0.4843279502501377,-0.020302252345198335,-0.022802252345198334,1
WIPRO,8,264,265,1.3298604150783713,2025-02-01,0.4310909479712408,0.02887143670582759,0.026371436705827592,1
TATASTEEL,19,265,266,0.8150512998316275,2025-02-03,0.46200271051354624,0.012137645666071561,0.009637645666071561,1
ASIANPAINT,15,265,266,0.5707863112444704,2025-02-03,0.35589154931973416,0.027091336314580605,0.024591336314580606,1
NTPC,18,265,267,0.8623714806425061,2025-02-03,0.46868839494229725,0.02682735694408489,0.02432735694408489,2
INFY,6,264,267,1.3886511693442076,2025-02-01,0.442902901903145,0.0064547795109743955,0.003954779510974395,3
TATASTEEL,19,266,267,0.8249441037086549,2025-02-04,0.4821625002516701,0.007345267725652027,0.004845267725652027,1
NTPC,18,267,268,0.8855066281721017,2025-02-05,0.5239239329856943,-0.021276685410457796,-0.023776685410457795,1
RELIANCE,10,266,268,0.6539769494126941,2025-02-04,0.49952921508374465,-0.0028399435615927837,-0.005339943561592784,2
SUNPHARMA,17,265,268,1.4593922162725526,2025-02-03,0.404378512921408,0.014161758656267454,0.011661758656267453,3
BHARTIARTL,13,268,269,1.7678325622965225,2025-02-06,0.5114209541751543,0.03519063477848827,0.03269063477848827,1
BHARTIARTL,13,268,269,1.7678325622965225,2025-02-06,0.3927025103230569,0.03519063477848827,0.03269063477848827,1
RELIANCE,10,269,270,0.6445631895817567,2025-02-07,0.5291499571957123,-0.010302329044275305,-0.012802329044275305,1
NTPC,18,268,270,0.8666659822156086,2025-02-06,0.4825083804073775,0.013267401548179514,0.010767401548179513,2
TATASTEEL,19,270,271,0.8287775688314872,2025-02-10,0.5761742002414997,-0.029319550735597666,-0.03181955073559767,1
TATASTEEL,19,270,271,0.8287775688314872,2025-02-10,0.524352368903705,-0.029319550735597666,-0.03181955073559767,1
BHARTIARTL,13,269,271,1.8300437123458186,2025-02-07,0.4071799265094215,0.011927860821606462,0.009427860821606461,2
WIPRO,8,270,271,1.39203396393261,2025-02-10,0.37438343571674726,-0.018962444299164383,-0.02146244429916438,1
TATASTEEL,19,271,272,0.8044781828536072,2025-02-11,0.5432392139176441,0.01667823072800312,0.014178230728003118,1
TATASTEEL,19,271,272,0.8044781828536072,2025-02-11,0.4625778299970991,0.01667823072800312,0.014178230728003118,1
TECHM,9,271,273,1.8291729283131495,2025-02-11,0.41108337049820626,0.0037146377406078734,0.0012146377406078734,2
ASIANPAINT,15,267,274,0.5665407131904219,2025-02-05,0.39365745358670245,-0.002219610646191361,-0.004719610646191362,7
RELIANCE,10,271,274,0.6283562609927331,2025-02-11,0.5004063670224428,-0.01425277773642264,-0.016752777736422638,3
NTPC,18,273,274,0.867417190118944,2025-02-13,0.40899780605386626,-0.020704410349461133,-0.023204410349461132,1
NTPC,18,274,275,0.8494578286705449,2025-02-14,0.5094345668015945,0.006658908316974355,0.004158908316974354,1
TATASTEEL,19,272,276,0.8178954556028843,2025-02-12,0.5435836571243318,0.030012131204913306,0.027512131204913307,4
NTPC,18,275,276,0.8551142904707981,2025-02-17,0.5098459565480086,0.04117745781990312,0.038677457819903116,1
TATASTEEL,19,272,276,0.8178954556028843,2025-02-12,0.42348079057449983,0.030012131204913306,0.027512131204913307,4
RELIANCE,10,274,276,0.6194004388655141,2025-02-14,0.4425288798393693,0.008379544029405439,0.005879544029405439,2
TECHM,9,276,277,1.8474744595054113,2025-02-19,0.3915456874047709,-0.01657967097852653,-0.019079670978526527,1
NTPC,18,276,278,0.8903257230978558,2025-02-19,0.48253142341940874,0.03637235809438932,0.03387235809438932,2
BHARTIARTL,13,274,278,1.874028122443772,2025-02-14,0.4481657775887106,-0.04531029090879102,-0.04781029090879102,4
TCS,5,278,279,0.654921324436996,2025-02-21,0.7280812584460302,-0.02916007368923923,-0.03166007368923923,1
SUNPHARMA,17,277,279,1.4182915251038466,2025-02-20,0.400660989330228,-0.017851774665779363,-0.020351774665779362,2
BHARTIARTL,13,278,279,1.7891153630445893,2025-02-21,0.5944849115839764,-0.023150833300542684,-0.025650833300542682,1
NTPC,18,278,279,0.9227089691190171,2025-02-21,0.5239913017782675,-0.018850523331214286,-0.021350523331214285,1
TCS,5,278,279,0.654921324436996,2025-02-21,0.5154552208325835,-0.02916007368923923,-0.03166007368923923,1
SUNPHARMA,17,281,282,1.3467524880624278,2025-03-03,0.5374418533988681,-0.011734267153639788,-0.014234267153639788,1
BHARTIARTL,13,281,282,1.7416930860665512,2025-03-03,0.4792692200648582,-0.012814926522318415,-0.015314926522318415,1
ITC,14,281,282,1.1234520528247136,2025-03-03,0.47903610212795883,-0.006541686586003959,-0.009041686586003959,1
SUNPHARMA,17,281,282,1.3467524880624278,2025-03-03,0.4573255596790654,-0.011734267153639788,-0.014234267153639788,1
TATASTEEL,19,281,282,0.843263442520937,2025-03-03,0.4227982937857988,0.005556676762028312,0.003056676762028312,1
HCLTECH,7,284,286,1.0809436474994758,2025-03-06,0.3911479428965832,-0.01734519229397491,-0.019845192293974908,2
SUNPHARMA,17,286,287,1.3691826792094761,2025-03-10,0.4905570572879249,0.02717970818405635,0.02467970818405635,1
SUNPHARMA,17,286,287,1.3691826792094761,2025-03-10,0.47513489406739434,0.02717970818405635,0.02467970818405635,1
ICICIBANK,2,286,288,1.1737699885138055,2025-03-10,0.44420982195142167,0.02395358859309904,0.02145358859309904,2
SUNPHARMA,17,289,290,1.4303138444712602,2025-03-13,0.44767025842680835,0.012385275621880742,0.009885275621880742,1
WIPRO,8,289,290,1.1278805998236443,2025-03-13,0.4095920639346967,-0.015719695309416637,-0.018219695309416636,1
ASIANPAINT,15,289,290,0.5743475985267552,2025-03-13,0.40133287775206766,-0.005266020058300458,-0.007766020058300458,1
BHARTIARTL,13,289,291,1.7817481983720573,2025-03-13,0.5236583562440119,0.0028483929882043846,0.00034839298820438453,2
SUNPHARMA,17,290,291,1.4480286756608287,2025-03-18,0.5399231015418826,0.016458332218283855,0.013958332218283855,1
TCS,5,291,292,0.5910291533435741,2025-03-19,0.8220458289098775,0.018886970112590884,0.016386970112590885,1
BHARTIARTL,13,291,292,1.786823317447046,2025-03-19,0.5681400611921521,0.041596671604632096,0.039096671604632094,1
ASIANPAINT,15,290,292,0.5713230725524766,2025-03-18,0.4765409246269703,0.030479104758224684,0.027979104758224686,2
TATASTEEL,19,290,292,0.9238349879129202,2025-03-18,0.45015861667897766,0.04762529737072141,0.04512529737072141,2
TCS,5,292,294,0.6021919032984441,2025-03-20,0.7782656739584929,0.004195820950707585,0.001695820950707585,2
TCS,5,294,295,0.6047185927026502,2025-03-24,0.784527831394429,0.007936164903851406,0.0054361649038514055,1
NTPC,18,292,295,1.076121023172904,2025-03-20,0.4681861816955423,0.027944304049916324,0.025444304049916325,3
ITC,14,284,296,1.1467719833871106,2025-03-06,0.44743811514845744,0.001232488676832677,-0.001267511323167323,12
TCS,5,295,296,0.6095177391747634,2025-03-25,0.792420370481762,-0.006000965772660405,-0.008500965772660405,1
BHARTIARTL,13,294,296,1.883578110917305,2025-03-24,0.5103169486590176,0.006807018925891306,0.004307018925891306,2
BHARTIARTL,13,294,296,1.883578110917305,2025-03-24,0.46290456343745146,0.006807018925891306,0.004307018925891306,2
TCS,5,296,297,0.6058600440841463,2025-03-26,0.8253191833934078,0.0042357759921747284,0.0017357759921747284,1
HCLTECH,7,295,297,1.1140255063753202,2025-03-25,0.46865863008775605,0.0032309023277019566,0.0007309023277019566,2
NTPC,18,296,297,1.0691133112558668,2025-03-26,0.5213692145781329,0.016918114516923044,0.014418114516923044,1
TCS,5,297,298,0.6084263315134958,2025-03-27,0.7779457766677024,-0.012338491469615409,-0.01483849146961541,1
SUNPHARMA,17,296,298,1.4944609842504142,2025-03-26,0.5231248265175236,-0.013786613530861636,-0.016286613530861634,2
NTPC,18,297,298,1.0872006926872604,2025-03-27,0.4971468434636743,-0.008456985174630782,-0.010956985174630783,1
ITC,14,296,298,1.1481853668715443,2025-03-26,0.4505488247671945,0.005891717959054743,0.003391717959054743,2
TCS,5,298,299,0.6009192684122271,2025-03-28,0.7899594880706413,-0.017248267468755518,-0.019748267468755517,1
SUNPHARMA,17,298,299,1.4738574282236026,2025-03-28,0.5613745041642872,-0.012134624795959503,-0.014634624795959504,1
TCS,5,298,299,0.6009192684122271,2025-03-28,0.5098972203564873,-0.017248267468755518,-0.019748267468755517,1
TCS,5,299,300,0.5905544521435241,2025-04-02,0.730070216386477,-0.03972969790856162,-0.042229697908561625,1
HCLTECH,7,299,300,1.0472827826213524,2025-04-02,0.6049614175508226,-0.03760933101350816,-0.040109331013508165,1
TCS,5,299,300,0.5905544521435241,2025-04-02,0.52293915094489,-0.03972969790856162,-0.042229697908561625,1
HCLTECH,7,300,301,1.007895177784998,2025-04-03,0.6243893830678312,-0.03265087610916473,-0.03515087610916473,1
ITC,14,298,301,1.1549501512178653,2025-03-28,0.5179414447630345,-0.00012204615962330134,-0.0026220461596233014,3
INFY,6,300,301,1.0890308813235294,2025-04-03,0.4186003561341985,-0.029969894050942636,-0.03246989405094264,1
ITC,14,298,301,1.1549501512178653,2025-03-28,0.5053982919265524,-0.00012204615962330134,-0.0026220461596233014,3
TCS,5,300,302,0.5670919021613058,2025-04-03,0.46545484595788317,-0.030486436354653645,-0.03298643635465365,2
INFY,6,305,306,1.0283392147980968,2025-04-16,0.5685322131714841,0.004528978176036702,0.002028978176036702,1
INFY,6,305,306,1.0283392147980968,2025-04-16,0.5559562451756568,0.004528978176036702,0.002028978176036702,1
HCLTECH,7,305,306,0.9815681973459819,2025-04-16,0.4878067397963607,0.0044003447063176715,0.0019003447063176714,1
INFY,6,306,307,1.03299654065948,2025-04-17,0.5711486020064064,0.002324890369439503,-0.00017510963056049716,1
INFY,6,306,307,1.03299654065948,2025-04-17,0.5488966352549647,0.002324890369439503,-0.00017510963056049716,1
ITC,14,305,307,1.1756338149741483,2025-04-16,0.5098744966210862,0.006596685778414102,0.0040966857784141015,2
TCS,5,306,307,0.553976355935842,2025-04-17,0.4860516132198,0.004698366983461488,0.0021983669834614882,1
ITC,14,305,307,1.1756338149741483,2025-04-16,0.45880962864108754,0.006596685778414102,0.0040966857784141015,2
ITC,14,307,309,1.183389101842011,2025-04-22,0.6166289530256513,-0.008187256984600433,-0.010687256984600433,2
INFY,6,307,309,1.0353981443685236,2025-04-22,0.5849760662967574,0.0341579572872468,0.031657957287246796,2
INFY,6,307,309,1.0353981443685236,2025-04-22,0.5742192511409714,0.0341579572872468,0.031657957287246796,2
ITC,14,307,309,1.183389101842011,2025-04-22,0.5595303688173272,-0.008187256984600433,-0.010687256984600433,2
SBIN,0,307,309,0.9004583744467997,2025-04-22,0.44388113155689835,-0.010943622259172336,-0.013443622259172337,2
NTPC,18,309,310,1.1349473348580958,2025-04-24,0.42512064898368135,-0.018584819190903157,-0.021084819190903156,1
MARUTI,11,310,311,1.0556540336165692,2025-04-25,0.457862718091311,0.012224304649006035,0.009724304649006034,1
INFY,6,309,312,1.0707652299591583,2025-04-24,0.6138553311659993,0.019505193409786736,0.017005193409786738,3
INFY,6,309,312,1.0707652299591583,2025-04-24,0.5846181217379883,0.019505193409786736,0.017005193409786738,3
NTPC,18,312,313,1.107917354388585,2025-04-30,0.4934964729056505,-0.016781797320982172,-0.01928179732098217,1
SBIN,0,312,313,0.8635049405394097,2025-04-30,0.45865022074283057,0.001711784797159277,-0.000788215202840723,1
BHARTIARTL,13,311,313,2.3211431116026437,2025-04-29,0.7181984249644014,0.02231602925994758,0.01981602925994758,2
SUNPHARMA,17,313,314,1.6025940247769372,2025-05-05,0.49116274055029613,-0.009528447651728111,-0.012028447651728112,1
BHARTIARTL,13,313,315,2.372941809197694,2025-05-05,0.5711273651847859,0.016505909809927388,0.014005909809927388,2
NTPC,18,313,315,1.089324509898837,2025-05-05,0.5405971579778338,-0.01878955861478615,-0.02128955861478615,2
HCLTECH,7,315,316,1.089148063396795,2025-05-07,0.5718465983731658,0.011130261282249698,0.008630261282249698,1
NTPC,18,315,317,1.0688565831695696,2025-05-07,0.5910988188908968,-0.005993260134978695,-0.008493260134978696,2
ITC,14,309,317,1.173700391152455,2025-04-24,0.6098216046624484,-0.009882538011249165,-0.012382538011249165,8
MARUTI,11,316,317,1.117020061046545,2025-05-08,0.46964544407173286,-0.011459002467511858,-0.013959002467511859,1
ITC,14,309,317,1.173700391152455,2025-04-24,0.51634955119415,-0.009882538011249165,-0.012382538011249165,8
TCS,5,314,317,0.5810294486921418,2025-05-06,0.470604468594512,-0.005693588090527668,-0.008193588090527669,3
NTPC,18,317,318,1.0624506476196498,2025-05-09,0.5968179506146852,0.04122467903895455,0.038724679038954546,1
HCLTECH,7,317,318,1.093397896732036,2025-05-09,0.5759181346223117,0.0642920728860994,0.06179207288609939,1
MARUTI,11,317,318,1.1042201254107524,2025-05-09,0.5060628053950342,0.029877551283533643,0.027377551283533644,1
ITC,14,317,318,1.162101252423073,2025-05-09,0.47430528521993204,0.028213935984195748,0.02571393598419575,1
INFY,6,317,318,1.0971086037843145,2025-05-09,0.46803031486027896,0.07913246116155115,0.07663246116155115,1
ASIANPAINT,15,320,321,0.6356668442869443,2025-05-14,0.5238434157329406,0.020856134559835704,0.018356134559835705,1
ITC,14,320,321,1.1773289193096355,2025-05-14,0.4413860785213037,0.008273117208986935,0.005773117208986935,1
ITC,14,320,321,1.1773289193096355,2025-05-14,0.4389783869062076,0.008273117208986935,0.005773117208986935,1
ASIANPAINT,15,321,322,0.6489243975266189,2025-05-15,0.42353924360895767,0.010172124747332978,0.007672124747332977,1
SUNPHARMA,17,320,323,1.4905538363222857,2025-05-14,0.4656977313200095,0.012879029075937298,0.010379029075937298,3
HCLTECH,7,321,323,1.1409823501416063,2025-05-15,0.4297002657328156,-0.021285323824678626,-0.023785323824678625,2
MARUTI,11,320,323,1.1251326812697073,2025-05-14,0.4308816475420136,0.01826844916589465,0.015768449165894653,3
ITC,14,321,324,1.187069099452614,2025-05-15,0.4868556634339399,0.005200577080774149,0.002700577080774149,3
ITC,14,324,325,1.1932425438045224,2025-05-20,0.4973082423108951,-0.004368825854155545,-0.006868825854155545,1
SUNPHARMA,17,324,325,1.490204905678301,2025-05-20,0.41167490939459994,0.014053152789004875,0.011553152789004874,1
SUNPHARMA,17,324,325,1.490204905678301,2025-05-20,0.3941810782405801,0.014053152789004875,0.011553152789004874,1
ASIANPAINT,15,325,326,0.6440502950493094,2025-05-21,0.47208009071842444,-0.005708414324373856,-0.008208414324373857,1
ITC,14,325,327,1.188029474928871,2025-05-21,0.5053925963895168,-0.01593537792842925,-0.01843537792842925,2
ASIANPAINT,15,326,327,0.6403737891194328,2025-05-22,0.4417402789345555,0.007089491684347582,0.0045894916843475814,1
ITC,14,327,328,1.169097776255766,2025-05-23,0.4310403016410762,0.015127206367594903,0.012627206367594903,1
HCLTECH,7,324,329,1.1090466581624532,2025-05-20,0.5059898368761067,0.00836228937694683,0.005862289376946829,5
HCLTECH,7,324,329,1.1090466581624532,2025-05-20,0.4863073343716314,0.00836228937694683,0.005862289376946829,5
MARUTI,11,325,329,1.1126986841318596,2025-05-21,0.468798161459847,-0.022512874778657932,-0.02501287477865793,4
MARUTI,11,329,330,1.0876486379896215,2025-05-28,0.4956264250210409,0.0049468684949518504,0.0024468684949518504,1
SUNPHARMA,17,329,330,1.4625437623181603,2025-05-28,0.4261942100907518,0.020043207312619993,0.017543207312619994,1
SBIN,0,327,330,0.8829099993915672,2025-05-23,0.3498646007270064,0.008665370760198243,0.006165370760198243,3
HCLTECH,7,329,330,1.1183208272505434,2025-05-28,0.4228260523320941,0.004465017186129128,0.0019650171861291276,1
MARUTI,11,330,332,1.0930290927704698,2025-05-29,0.4957385389488534,-0.008231067326369135,-0.010731067326369135,2
ITC,14,328,332,1.1867829595810833,2025-05-26,0.44648424459680935,-0.03584188663890964,-0.03834188663890964,4
MARUTI,11,330,332,1.0930290927704698,2025-05-29,0.4013380738991669,-0.008231067326369135,-0.010731067326369135,2
ITC,14,332,335,1.1442464192787885,2025-06-02,0.5630819506058689,-0.005485308914682685,-0.007985308914682685,3
ITC,14,332,335,1.1442464192787885,2025-06-02,0.5285061427100697,-0.005485308914682685,-0.007985308914682685,3
MARUTI,11,332,335,1.084032296718196,2025-06-02,0.4560010033600147,-0.013344195803330683,-0.01584419580333068,3
AXISBANK,3,335,336,1.2572401937510713,2025-06-05,0.47436483099598775,0.030716115171356417,0.02821611517135642,1
ITC,14,335,336,1.1379698741945248,2025-06-05,0.4602539732913479,0.00465283153190188,0.0021528315319018798,1
HCLTECH,7,330,336,1.1233141489638232,2025-05-29,0.4890849631373672,-0.016219094637470732,-0.01871909463747073,6
HCLTECH,7,330,336,1.1233141489638232,2025-05-29,0.48044389264041676,-0.016219094637470732,-0.01871909463747073,6
ITC,14,335,336,1.1379698741945248,2025-06-05,0.4352002430386616,0.00465283153190188,0.0021528315319018798,1
ITC,14,336,337,1.1432646563075315,2025-06-06,0.45165504203805745,0.0047500508741085135,0.0022500508741085134,1
HCLTECH,7,336,337,1.105095010474169,2025-06-06,0.412900788010588,0.006472488206964888,0.003972488206964888,1
ITC,14,336,337,1.1432646563075315,2025-06-06,0.40346727695242224,0.0047500508741085135,0.0022500508741085134,1
TECHM,9,336,337,1.7250285390207767,2025-06-06,0.3962497117166504,0.005091961986284588,0.0025919619862845877,1
HCLTECH,7,337,338,1.1122477248970388,2025-06-09,0.40712189790848013,0.012012393867205207,0.009512393867205206,1
TECHM,9,337,338,1.7338123187667265,2025-06-09,0.3751504055081924,0.02013803278033821,0.017638032780338212,1
ITC,14,337,339,1.1486952215875625,2025-06-09,0.42264273146188774,0.0073276942358180275,0.004827694235818027,2
ASIANPAINT,15,338,339,0.6313219139755373,2025-06-10,0.4966192354466364,-0.004551790014427071,-0.007051790014427071,1
HCLTECH,7,338,339,1.125608482646405,2025-06-10,0.4800185606150068,0.06367332335598119,0.06117332335598119,1
TECHM,9,338,339,1.768727888077005,2025-06-10,0.40743473518444506,0.016512453285121742,0.014012453285121742,1
TECHM,9,338,339,1.768727888077005,2025-06-10,0.3861410182753711,0.016512453285121742,0.014012453285121742,1
ASIANPAINT,15,339,341,0.6284482691916145,2025-06-11,0.47454861763444023,0.0024447736763277828,-5.52263236722173e-05,2
BHARTIARTL,13,339,341,2.397220232270856,2025-06-11,0.4455714350084235,-0.010644026568874532,-0.013144026568874532,2
HCLTECH,7,339,341,1.197279715534185,2025-06-11,0.42144037161784004,-0.015448034568057545,-0.017948034568057544,2
BHARTIARTL,13,339,341,2.397220232270856,2025-06-11,0.38666531601390103,-0.010644026568874532,-0.013144026568874532,2
MARUTI,11,339,341,1.0932332814208527,2025-06-11,0.3640918584575086,-0.003533524364931928,-0.006033524364931929,2
MARUTI,11,341,342,1.0893703149843976,2025-06-13,0.40652557315374077,0.009832339478644814,0.007332339478644813,1
ICICIBANK,2,341,343,1.8388940691713493,2025-06-13,0.4740707012370496,0.005013696738104256,0.0025136967381042563,2
ASIANPAINT,15,342,343,0.638690981380401,2025-06-16,0.4227655498101824,0.008909550842868486,0.006409550842868485,1
ASIANPAINT,15,343,344,0.6443814311518913,2025-06-17,0.45371178680495106,0.007329495066272562,0.004829495066272562,1
HDFCBANK,1,341,345,1.648359365988323,2025-06-13,0.6818882040836455,0.009230313830669301,0.006730313830669301,4
HDFCBANK,1,341,345,1.648359365988323,2025-06-13,0.6766524789934353,0.009230313830669301,0.006730313830669301,4
ICICIBANK,2,343,345,1.848113726367673,2025-06-17,0.4499197310218927,-0.008361321956142698,-0.010861321956142698,2
HDFCBANK,1,345,346,1.6635742402421183,2025-06-19,0.6108746121512355,0.006768914353923128,0.004268914353923127,1
HDFCBANK,1,345,346,1.6635742402421183,2025-06-19,0.5914827663101442,0.006768914353923128,0.004268914353923127,1
HCLTECH,7,341,346,1.1787840971009789,2025-06-13,0.46540015077760527,0.02023233033596883,0.01773233033596883,5
HDFCBANK,1,346,347,1.67483483179571,2025-06-23,0.6470692553193063,0.00641556382065156,0.003915563820651559,1
WIPRO,8,346,347,1.1066861902574119,2025-06-23,0.3908959605006338,0.00657196119249126,0.00407196119249126,1
HDFCBANK,1,347,348,1.6855798415481456,2025-06-24,0.6406584069773719,0.009842419828162141,0.007342419828162141,1
ASIANPAINT,15,346,348,0.6441822483649073,2025-06-23,0.38334783689361723,0.006978387034099365,0.004478387034099364,2
SUNPHARMA,17,345,350,1.4697405333917601,2025-06-19,0.5472485298775929,0.008557888276631509,0.0060578882766315085,5
HDFCBANK,1,348,350,1.7021700260025494,2025-06-25,0.609313091880285,0.021008027701556742,0.018508027701556743,2
SUNPHARMA,17,345,350,1.4697405333917601,2025-06-19,0.48743049948549405,0.008557888276631509,0.0060578882766315085,5
HCLTECH,7,348,351,1.194584237745501,2025-06-25,0.6616695056964044,0.006697382187679235,0.0041973821876792345,3
TCS,5,350,351,0.49866766690104297,2025-06-27,0.46460388786889256,0.006073549600909445,0.0035735496009094447,1
SUNPHARMA,17,350,352,1.4823184086721637,2025-06-27,0.5684178772128882,-0.007051444619228242,-0.009551444619228243,2
SUNPHARMA,17,350,352,1.4823184086721637,2025-06-27,0.5096768655618956,-0.007051444619228242,-0.009551444619228243,2
HCLTECH,7,351,354,1.20258482494106,2025-06-30,0.5872890398061836,-0.009660900918138315,-0.012160900918138316,3
WIPRO,8,347,354,1.1139592889520495,2025-06-24,0.460202955967696,0.013397592625716825,0.010897592625716825,7
HCLTECH,7,351,354,1.20258482494106,2025-06-30,0.5395804258043008,-0.009660900918138315,-0.012160900918138316,3
HCLTECH,7,354,355,1.1909667721016477,2025-07-03,0.5973693228989198,0.008177954006979515,0.005677954006979515,1
TECHM,9,354,355,1.787036403802801,2025-07-03,0.5440867802440725,0.008100400035428557,0.005600400035428556,1
SUNPHARMA,17,352,355,1.4718659225053494,2025-07-01,0.5877992506882173,0.005458396629538731,0.002958396629538731,3
SUNPHARMA,17,352,355,1.4718659225053494,2025-07-01,0.5505972618055496,0.005458396629538731,0.002958396629538731,3
HCLTECH,7,354,355,1.1909667721016477,2025-07-03,0.5379827270593445,0.008177954006979515,0.005677954006979515,1
HCLTECH,7,355,356,1.200706443587736,2025-07-04,0.566208526315073,-0.010313468475333432,-0.012813468475333432,1
ITC,14,355,356,1.136106448509461,2025-07-04,0.5268213769631992,0.011271481576945686,0.008771481576945685,1
ICICIBANK,2,355,356,1.8223679316584682,2025-07-04,0.5056492893563671,-0.0005545269013328413,-0.0030545269013328414,1
SUNPHARMA,17,355,357,1.4798999504958856,2025-07-04,0.5723256354934279,-0.0008379379475880189,-0.003337937947588019,2
SUNPHARMA,17,355,357,1.4798999504958856,2025-07-04,0.5659282289408255,-0.0008379379475880189,-0.003337937947588019,2
TECHM,9,356,357,1.7799620006012564,2025-07-08,0.5794753782023223,-0.012596339099146814,-0.015096339099146814,1
HCLTECH,7,357,358,1.164599741174846,2025-07-09,0.570550913495354,-0.00615305614299011,-0.00865305614299011,1
SUNPHARMA,17,357,358,1.4786598861687315,2025-07-09,0.543605995359675,-0.004133295219770017,-0.006633295219770017,1
HCLTECH,7,357,358,1.164599741174846,2025-07-09,0.5033151753488654,-0.00615305614299011,-0.00865305614299011,1
TCS,5,356,358,0.4936100666443434,2025-07-08,0.5723941776298991,-0.007104718974275448,-0.009604718974275448,2
INFY,6,358,359,1.126767767428138,2025-07-10,0.576326989476851,-0.012934826063437543,-0.015434826063437544,1
TCS,5,358,359,0.490103105837962,2025-07-10,0.5664701688840964,-0.03429920968638367,-0.03679920968638367,1
INFY,6,358,359,1.126767767428138,2025-07-10,0.5374814483595867,-0.012934826063437543,-0.015434826063437544,1
INFY,6,359,360,1.1121932223425672,2025-07-11,0.593317654895257,-0.015424115781112913,-0.01792411578111291,1
ITC,14,356,360,1.1489120514132845,2025-07-08,0.6150594921490724,0.00539305509169874,0.0028930550916987396,4
INFY,6,359,360,1.1121932223425672,2025-07-11,0.5478861110804258,-0.015424115781112913,-0.01792411578111291,1
INFY,6,360,361,1.0950386253101865,2025-07-14,0.5388492406761004,0.009743300992206327,0.007243300992206327,1
SUNPHARMA,17,358,361,1.4725481483295646,2025-07-10,0.5418045976788797,0.005714305562442457,0.0032143055624424565,3
TECHM,9,359,361,1.7441536659597934,2025-07-11,0.5033573749929565,-0.014664571885435462,-0.01716457188543546,2
HCLTECH,7,360,362,1.1268928170455672,2025-07-14,0.6703876614068018,-0.0351895256297482,-0.0376895256297482,2
INFY,6,361,362,1.1057079162346755,2025-07-15,0.6119498564474324,0.01406414550396784,0.01156414550396784,1
TCS,5,360,362,0.467018129269414,2025-07-14,0.4823301145566896,0.006631818075532037,0.004131818075532036,2
INFY,6,361,362,1.1057079162346755,2025-07-15,0.5498770417106531,0.01406414550396784,0.01156414550396784,1
HCLTECH,7,362,363,1.087237993378163,2025-07-16,0.6431229085678658,-0.012093644218976518,-0.014593644218976519,1
HCLTECH,7,362,363,1.087237993378163,2025-07-16,0.4843108228086948,-0.012093644218976518,-0.014593644218976519,1
TECHM,9,362,363,1.750031079334125,2025-07-16,0.4766991954638673,-0.027489311821702667,-0.029989311821702665,1
HCLTECH,7,363,364,1.0740893239048936,2025-07-17,0.6153283274163671,0.011032019717186037,0.008532019717186036,1
HCLTECH,7,363,364,1.0740893239048936,2025-07-17,0.4998585211027618,0.011032019717186037,0.008532019717186036,1
TCS,5,363,364,0.46664005637192063,2025-07-17,0.4969299156770403,-0.006013970529810453,-0.008513970529810453,1
HCLTECH,7,364,365,1.0859386985042314,2025-07-18,0.6768525426990901,-0.01188013453744341,-0.01438013453744341,1
INFY,6,362,365,1.121258753253489,2025-07-16,0.5070432212536856,-0.014677517558932207,-0.017177517558932206,3
HCLTECH,7,364,365,1.0859386985042314,2025-07-18,0.516375482107548,-0.01188013453744341,-0.01438013453744341,1
SUNPHARMA,17,361,365,1.4809627384045285,2025-07-15,0.5290134783563079,-0.013950793675290396,-0.016450793675290395,4
HCLTECH,7,365,366,1.073037600666585,2025-07-21,0.5978664780346322,-0.0067303295090218596,-0.00923032950902186,1
TCS,5,364,366,0.4638336968248708,2025-07-18,0.5348201969402714,-0.009498653290433312,-0.011998653290433313,2
SBIN,0,365,366,0.905866981563289,2025-07-21,0.4917597599635424,0.14440702074458067,0.14190702074458067,1
TCS,5,366,367,0.4594279013543114,2025-07-22,0.5405799164681715,0.006171631594798832,0.003671631594798832,1
INFY,6,365,367,1.1048014582145045,2025-07-21,0.5630695972997471,-0.006185766213365196,-0.008685766213365196,2
SUNPHARMA,17,365,367,1.460302132800254,2025-07-21,0.4838937720671973,-0.005790973475099159,-0.00829097347509916,2
INFY,6,367,368,1.0979674146818046,2025-07-23,0.5878105737268895,-0.01397264429770384,-0.01647264429770384,1
WIPRO,8,366,368,1.0978135050841271,2025-07-22,0.4972546507521287,0.008278808911539315,0.005778808911539314,2
LT,12,366,368,1.1243883251887528,2025-07-22,0.4926127200633992,0.0037233452577907222,0.0012233452577907222,2
HCLTECH,7,368,369,1.0567708668095268,2025-07-24,0.6235444133384239,-0.011345531859116909,-0.013845531859116909,1
TCS,5,367,369,0.4622633211058418,2025-07-23,0.5684937441631067,-0.01362021036637484,-0.01612021036637484,2
LT,12,368,369,1.1285748111272595,2025-07-24,0.5009893998206099,-0.009949704574047202,-0.012449704574047203,1
TCS,5,367,369,0.4622633211058418,2025-07-23,0.5055669562476439,-0.01362021036637484,-0.01612021036637484,2
HCLTECH,7,369,370,1.0447812392723528,2025-07-25,0.6025449308070565,-0.01610631123569961,-0.01860631123569961,1
TCS,5,369,370,0.4559671974277211,2025-07-25,0.5682890902721992,-0.018017769998607824,-0.020517769998607823,1
TCS,5,369,370,0.4559671974277211,2025-07-25,0.4946861299091637,-0.018017769998607824,-0.020517769998607823,1
LT,12,369,370,1.1173458251668322,2025-07-25,0.491732065974365,-0.006012359278230184,-0.008512359278230184,1
LT,12,370,371,1.1106279406278987,2025-07-28,0.443340127702671,0.021448234332198668,0.01894823433219867,1
INFY,6,368,372,1.0826259065459862,2025-07-24,0.5281487458377704,-0.021578090351695667,-0.024078090351695666,4
INFY,6,372,373,1.0592649069174505,2025-07-30,0.5480140503251278,-0.0065832937813510295,-0.00908329378135103,1
MARUTI,11,371,373,1.0764667567141064,2025-07-29,0.5024444601419837,0.011147651038590611,0.00864765103859061,2
HCLTECH,7,370,374,1.0279536674594123,2025-07-28,0.6198998787162153,0.00709364286550529,0.004593642865505289,4
TCS,5,370,374,0.44775168533755866,2025-07-28,0.5768689524395338,-0.008346007957321766,-0.010846007957321767,4
INFY,6,373,374,1.0522914548429374,2025-07-31,0.5757954501772198,-0.026110075958464596,-0.028610075958464595,1
HCLTECH,7,370,374,1.0279536674594123,2025-07-28,0.47568312679382024,0.00709364286550529,0.004593642865505289,4
INFY,6,373,374,1.0522914548429374,2025-07-31,0.5698975635480442,-0.026110075958464596,-0.028610075958464595,1
INFY,6,374,375,1.024816045026545,2025-08-01,0.6317563628438013,0.0074170316204025255,0.004917031620402525,1
INFY,6,374,375,1.024816045026545,2025-08-01,0.6196088492674179,0.0074170316204025255,0.004917031620402525,1
TCS,5,374,377,0.44401474620882714,2025-08-01,0.5446452021355143,0.02027969093831361,0.01777969093831361,3
TCS,5,374,377,0.44401474620882714,2025-08-01,0.47427892429330704,0.02027969093831361,0.01777969093831361,3
WIPRO,8,377,378,1.0463459594464468,2025-08-06,0.41950052052863235,0.009835012260085874,0.007335012260085873,1
WIPRO,8,377,378,1.0463459594464468,2025-08-06,0.4019558123339634,0.009835012260085874,0.007335012260085873,1
SUNPHARMA,17,378,379,1.4607378016304433,2025-08-07,0.48392366748270427,-0.00719469529581418,-0.00969469529581418,1
SUNPHARMA,17,378,379,1.4607378016304433,2025-08-07,0.46936128952061096,-0.00719469529581418,-0.00969469529581418,1
SUNPHARMA,17,379,380,1.4502282382406348,2025-08-08,0.4503327848021518,0.013548482752185675,0.011048482752185675,1
SUNPHARMA,17,379,380,1.4502282382406348,2025-08-08,0.43547169828271254,0.013548482752185675,0.011048482752185675,1
SUNPHARMA,17,380,381,1.4698766305131707,2025-08-11,0.39168733006177325,0.008579879102987631,0.00607987910298763,1
SUNPHARMA,17,380,381,1.4698766305131707,2025-08-11,0.3895073018022732,0.008579879102987631,0.00607987910298763,1
BHARTIARTL,13,374,381,2.683529593072339,2025-08-01,0.4557441294360328,0.016026295256106105,0.013526295256106104,7
TCS,5,377,382,0.4530192280339959,2025-08-06,0.42975507085061154,0.0012861615159178719,-0.0012138384840821282,5
INFY,6,378,382,1.0020129388495924,2025-08-07,0.5701192683996669,-0.007168178995307195,-0.009668178995307196,4
ITC,14,381,382,1.099396193785732,2025-08-12,0.4115496214930372,-0.005404065673757286,-0.007904065673757286,1
INFY,6,382,383,0.9948303307483047,2025-08-13,0.5421006555737402,0.014790328304733036,0.012290328304733035,1
WIPRO,8,382,383,1.0537151822532453,2025-08-13,0.41327295566708,0.02135320456440959,0.01885320456440959,1
BHARTIARTL,13,381,383,2.7265366306594143,2025-08-12,0.5135676861322619,0.012700642803788575,0.010200642803788575,2
BHARTIARTL,13,381,383,2.7265366306594143,2025-08-12,0.5049634082931507,0.012700642803788575,0.010200642803788575,2
INFY,6,383,384,1.0095441979475783,2025-08-14,0.4643264608800017,-0.005318670334128361,-0.007818670334128362,1
BHARTIARTL,13,383,384,2.761165398496865,2025-08-14,0.42178147079226336,0.019158875764892835,0.016658875764892837,1
BHARTIARTL,13,383,384,2.761165398496865,2025-08-14,0.39612219442629654,0.019158875764892835,0.016658875764892837,1
SUNPHARMA,17,383,385,1.5000344738938547,2025-08-14,0.35484242013048173,-0.005056675485314743,-0.007556675485314744,2
INFY,6,384,386,1.0041747651709632,2025-08-19,0.4389631678801738,0.039166637188102316,0.03666663718810231,2
ITC,14,382,386,1.093454984553035,2025-08-13,0.38560436818304283,-0.006399442978420766,-0.008899442978420767,4
ITC,14,386,388,1.086457481729918,2025-08-21,0.5822625793046137,-0.015287864297853448,-0.017787864297853447,2
ITC,14,386,388,1.086457481729918,2025-08-21,0.40858071749039815,-0.015287864297853448,-0.017787864297853447,2
TECHM,9,386,388,1.540838701350536,2025-08-21,0.3844182611872613,-0.010714522586474873,-0.013214522586474873,2
SUNPHARMA,17,387,388,1.5004000629792953,2025-08-22,0.40990559979417057,0.009075327191317761,0.006575327191317761,1
SUNPHARMA,17,387,388,1.5004000629792953,2025-08-22,0.38900412715265464,0.009075327191317761,0.006575327191317761,1
TCS,5,388,389,0.463521944446646,2025-08-25,0.4101867315894182,0.005285655552929258,0.002785655552929258,1
BHARTIARTL,13,388,390,2.8450110796983688,2025-08-25,0.5514300635744673,-0.013466618665535002,-0.015966618665535,2
BHARTIARTL,13,388,390,2.8450110796983688,2025-08-25,0.4553093102628512,-0.013466618665535002,-0.015966618665535,2
TECHM,9,389,390,1.499474423248453,2025-08-26,0.4446754459503465,-0.013846278529871414,-0.016346278529871413,1
AXISBANK,3,388,390,1.1763372368905396,2025-08-25,0.3980719635957779,-0.023177615727217438,-0.025677615727217436,2
AXISBANK,3,391,392,1.1669925018311298,2025-09-01,0.36540295294892233,-0.006406075203131745,-0.008906075203131745,1
BHARTIARTL,13,390,393,2.8066984003888487,2025-08-29,0.5774402920073443,0.006247313878000371,0.003747313878000371,3
SUNPHARMA,17,388,393,1.5140166844687062,2025-08-25,0.42955986639891697,-0.03404351318768217,-0.036543513187682175,5
HCLTECH,7,393,394,1.0681912256432828,2025-09-04,0.41505519943772257,-0.016836460435360134,-0.019336460435360133,1
INFY,6,394,395,1.0073824580543176,2025-09-05,0.5161935126999275,0.1196451962381393,0.11714519623813929,1
SUNPHARMA,17,393,395,1.462474237504625,2025-09-04,0.3786690946964164,0.007141411771173001,0.004641411771173,2
TECHM,9,394,395,1.4802329922975812,2025-09-05,0.4995265459260371,-0.011638187356262097,-0.014138187356262098,1
INFY,6,395,396,1.1279109299350856,2025-09-08,0.5593343012300941,0.04982896859503749,0.04732896859503749,1
AXISBANK,3,393,396,1.1547894040644822,2025-09-04,0.3841907630724348,0.18342468262307743,0.18092468262307743,3
TCS,5,395,396,0.44399167457988725,2025-09-08,0.47065506679482766,0.01006949472029195,0.007569494720291949,1
TCS,5,396,397,0.448462446402923,2025-09-09,0.49118858182199054,0.019872846380780018,0.01737284638078002,1
BHARTIARTL,13,394,397,2.8466115477980476,2025-09-05,0.4729153404004494,-0.002057734561065283,-0.0045577345610652836,3
SUNPHARMA,17,397,398,1.4844707598401714,2025-09-10,0.42252747382464795,0.010229634147563171,0.007729634147563171,1
SUNPHARMA,17,398,399,1.4996563526160915,2025-09-11,0.4122582284323668,0.004286513427373295,0.0017865134273732952,1
WIPRO,8,398,400,1.2104458455076834,2025-09-11,0.41270770639121956,-0.010358014894843781,-0.012858014894843782,2
SUNPHARMA,17,399,400,1.506084649708026,2025-09-12,0.42456230329585837,-0.00903127799450254,-0.01153127799450254,1
HCLTECH,7,395,400,1.0383650665029518,2025-09-08,0.4934501895104703,0.1866845832196924,0.1841845832196924,5
SUNPHARMA,17,400,401,1.49248278055326,2025-09-15,0.4849544965287748,0.005305898065217862,0.002805898065217862,1
SUNPHARMA,17,401,402,1.5004017420509683,2025-09-16,0.4647302748569448,0.006022931371508333,0.003522931371508333,1
SUNPHARMA,17,401,402,1.5004017420509683,2025-09-16,0.4551208531321989,0.006022931371508333,0.003522931371508333,1
INFY,6,401,402,1.207668673692589,2025-09-16,0.44476790004369743,0.007344658343813482,0.004844658343813481,1
ITC,14,401,402,1.0758008148482172,2025-09-16,0.42783043808112275,-0.009198789735740398,-0.011698789735740399,1
HDFCBANK,1,402,403,1.7649228792866922,2025-09-17,0.8163893733714238,0.01076050120440919,0.00826050120440919,1
HDFCBANK,1,402,403,1.7649228792866922,2025-09-17,0.7115157995133059,0.01076050120440919,0.00826050120440919,1
TECHM,9,401,404,1.5339175606974553,2025-09-16,0.4593937362072622,0.014560915769802119,0.012060915769802118,3
INFY,6,402,404,1.2165385874933874,2025-09-17,0.6213959678303709,0.011691986359538387,0.009191986359538386,2
ITC,14,402,405,1.0659047493548903,2025-09-17,0.4596676614375263,0.0032983347554376152,0.0007983347554376152,3
HDFCBANK,1,403,406,1.783914334054946,2025-09-18,0.7590122352501949,-0.013000319264652838,-0.015500319264652838,3
HDFCBANK,1,403,406,1.783914334054946,2025-09-18,0.6745556073239748,-0.013000319264652838,-0.015500319264652838,3
HDFCBANK,1,406,408,1.760722878171441,2025-09-23,0.7913695026413188,-0.007678684211616216,-0.010178684211616216,2
HDFCBANK,1,406,408,1.760722878171441,2025-09-23,0.7197098193132191,-0.007678684211616216,-0.010178684211616216,2
HCLTECH,7,405,408,1.2098614777286085,2025-09-22,0.38303114308592223,-0.007014419868640265,-0.009514419868640265,3
HDFCBANK,1,408,409,1.7472028432057944,2025-09-25,0.8107363858322026,-0.00505341676721871,-0.007553416767218711,1
ITC,14,405,409,1.0694204600356736,2025-09-22,0.4975373708368052,-0.009214845857263843,-0.011714845857263843,4
HDFCBANK,1,408,409,1.7472028432057944,2025-09-25,0.6989581457916768,-0.00505341676721871,-0.007553416767218711,1
ITC,14,405,409,1.0694204600356736,2025-09-22,0.4084330097630521,-0.009214845857263843,-0.011714845857263843,4
INFY,6,408,409,1.1943236922824887,2025-09-25,0.625847261566704,-0.024178384102743533,-0.026678384102743532,1
HDFCBANK,1,409,411,1.7383734990622062,2025-09-26,0.7079040555809571,0.006295976174684803,0.003795976174684803,2
HDFCBANK,1,409,411,1.7383734990622062,2025-09-26,0.6948309544716083,0.006295976174684803,0.003795976174684803,2
ICICIBANK,2,411,412,1.703377075819807,2025-09-30,0.4423581896544404,0.01780415430266924,0.015304154302669239,1
ICICIBANK,2,412,413,1.7337042641133324,2025-10-01,0.5233581878345891,-0.006268203779837389,-0.00876820377983739,1
HCLTECH,7,409,413,1.177327238854348,2025-09-26,0.5858546955578338,0.016053713713685802,0.013553713713685802,4
SUNPHARMA,17,411,414,1.493754884265218,2025-09-30,0.46252348290713774,0.036881324793090364,0.03438132479309036,3
ICICIBANK,2,413,414,1.722837052491897,2025-10-06,0.5498832606453038,0.009168255666836433,0.006668255666836433,1
INFY,6,409,414,1.1654468753074758,2025-09-26,0.5941475034362956,0.018703858594667055,0.016203858594667057,5
BHARTIARTL,13,413,414,2.838273319199501,2025-10-06,0.5339819474974438,0.013609387182135224,0.011109387182135224,1
INFY,6,409,414,1.1654468753074758,2025-09-26,0.5326543880845019,0.018703858594667055,0.016203858594667057,5
INFY,6,414,415,1.1872452288628235,2025-10-07,0.5873889181258366,0.025025750179788586,0.022525750179788587,1
ICICIBANK,2,414,415,1.7386324630614416,2025-10-07,0.5455008062736826,-0.0040700454150525145,-0.006570045415052515,1
ICICIBANK,2,414,415,1.7386324630614416,2025-10-07,0.5146277219349775,-0.0040700454150525145,-0.006570045415052515,1
HCLTECH,7,414,415,1.209475279368766,2025-10-07,0.47471506107738454,0.013813179594938108,0.011313179594938107,1
SUNPHARMA,17,414,415,1.5488465433130685,2025-10-07,0.4412443410250014,-0.013005846614533412,-0.015505846614533412,1
ITC,14,416,417,1.0502806154925748,2025-10-09,0.6841607276398026,0.007251849308444136,0.0047518493084441355,1
ITC,14,416,417,1.0502806154925748,2025-10-09,0.5650465606232431,0.007251849308444136,0.0047518493084441355,1
ITC,14,417,418,1.057897092247707,2025-10-10,0.5523875644986963,-0.00881334404908185,-0.011313344049081851,1
BHARTIARTL,13,417,418,2.8931567189546517,2025-10-10,0.463558298114564,0.007732357240693322,0.005232357240693321,1
SUNPHARMA,17,416,418,1.5539060706616228,2025-10-09,0.42466550674387027,0.005969220698780031,0.003469220698780031,2
SUNPHARMA,17,416,418,1.5539060706616228,2025-10-09,0.39932765138968657,0.005969220698780031,0.003469220698780031,2
INFY,6,417,419,1.2331559129871221,2025-10-10,0.4293085019180228,-0.016502737229709963,-0.01900273722970996,2
HCLTECH,7,423,424,1.2640406881991388,2025-10-20,0.567762495362497,-0.006285945352703548,-0.008785945352703549,1
ICICIBANK,2,423,424,1.7388634627213884,2025-10-20,0.5080094320167633,-0.005969969457399138,-0.008469969457399138,1
ICICIBANK,2,423,424,1.7388634627213884,2025-10-20,0.48399386156460844,-0.005969969457399138,-0.008469969457399138,1
INFY,6,423,424,1.189198937246206,2025-10-20,0.4744456224107738,0.007871899487275735,0.005371899487275735,1
HCLTECH,7,424,425,1.2560949975095252,2025-10-21,0.5425006531934642,0.025437454869410292,0.022937454869410293,1
ICICIBANK,2,424,426,1.7284825009583544,2025-10-21,0.4713891105957763,-0.0031838092721144795,-0.00568380927211448,2
ICICIBANK,2,424,426,1.7284825009583544,2025-10-21,0.4448354186520523,-0.0031838092721144795,-0.00568380927211448,2
HCLTECH,7,425,426,1.2880468573203658,2025-10-24,0.4441932548501792,0.006365591689372341,0.0038655916893723407,1
BHARTIARTL,13,425,427,3.026487446339103,2025-10-24,0.4584551280510731,0.02503328616064371,0.02253328616064371,2
HCLTECH,7,426,427,1.2962460376908465,2025-10-27,0.47512008846153914,-0.007433963311016756,-0.009933963311016756,1
INFY,6,424,428,1.1985601917505833,2025-10-21,0.48964611669568087,0.034478526657164776,0.031978526657164774,4
TECHM,9,426,428,1.5263575022696036,2025-10-27,0.42129207199896734,-0.007246443329518071,-0.009746443329518071,2
HCLTECH,7,427,429,1.2866097922046018,2025-10-28,0.5132142297623629,0.023125984248786757,0.02062598424878676,2
INFY,6,428,429,1.2398847812720724,2025-10-29,0.6587145507413742,-0.010990449760073573,-0.013490449760073573,1
ICICIBANK,2,427,429,1.70484403390525,2025-10-28,0.4662797321311684,0.005355475723625158,0.002855475723625158,2
LT,12,428,429,1.4867605477577794,2025-10-29,0.3928637287503093,0.007427781414916179,0.004927781414916179,1
ICICIBANK,2,427,429,1.70484403390525,2025-10-28,0.4465247520003164,0.005355475723625158,0.002855475723625158,2
SUNPHARMA,17,429,430,1.580608683999068,2025-10-30,0.456983052966749,-0.0074557525666471,-0.0099557525666471,1
INFY,6,429,431,1.2262578898752219,2025-10-30,0.6703206273900156,-0.005556331876301446,-0.008056331876301446,2
HCLTECH,7,429,431,1.3163639099934603,2025-10-30,0.4603740765168848,-0.004065086445861121,-0.006565086445861122,2
ITC,14,430,431,1.0938854600510273,2025-10-31,0.5649912190643136,-0.015225385515563405,-0.017725385515563404,1
ICICIBANK,2,429,431,1.7139742847413968,2025-10-30,0.45584229760057754,-0.011743980999178283,-0.014243980999178283,2
BHARTIARTL,13,429,432,3.0667784165239116,2025-10-30,0.5886488224593212,-0.005710714102154069,-0.008210714102154069,3
ICICIBANK,2,431,432,1.6938454033083137,2025-11-03,0.5306093809028515,-0.007055852516144712,-0.009555852516144712,1
INFY,6,431,433,1.219444394073142,2025-11-03,0.5944042043606689,-0.0058565810648768535,-0.008356581064876854,2
HCLTECH,7,431,433,1.3110127769051252,2025-11-03,0.44727420089230085,-0.020149022421231844,-0.022649022421231842,2
BHARTIARTL,13,433,434,2.887516524662476,2025-11-07,0.7466081382112221,0.00929447237161729,0.00679447237161729,1
ICICIBANK,2,432,434,1.6818938799574206,2025-11-04,0.5120354099400596,0.008302771623331706,0.005802771623331706,2
ICICIBANK,2,432,434,1.6818938799574206,2025-11-04,0.4636070171146852,0.008302771623331706,0.005802771623331706,2
INFY,6,433,434,1.2123026191251431,2025-11-07,0.6357743260972553,0.024850995367311057,0.02235099536731106,1
BHARTIARTL,13,434,435,2.9143544672235397,2025-11-10,0.6621029714136475,0.011139716534343647,0.008639716534343646,1
BHARTIARTL,13,434,435,2.9143544672235397,2025-11-10,0.5053432315532126,0.011139716534343647,0.008639716534343646,1
TECHM,9,434,435,1.458533305977705,2025-11-10,0.4295578727319497,0.007297146097845486,0.004797146097845486,1
BHARTIARTL,13,435,436,2.946819549869008,2025-11-11,0.6577223065093527,0.0154237865381599,0.0129237865381599,1
BHARTIARTL,13,435,436,2.946819549869008,2025-11-11,0.4823013270607286,0.0154237865381599,0.0129237865381599,1
BHARTIARTL,13,436,437,2.992270665572664,2025-11-12,0.5870990965057383,0.008679718186992424,0.006179718186992424,1
ICICIBANK,2,436,437,1.70957109192791,2025-11-12,0.4788494791628175,0.01986901134367125,0.01736901134367125,1
AXISBANK,3,434,437,1.6238288221140198,2025-11-10,0.4114568306055305,0.006737839911153953,0.004237839911153953,3
BHARTIARTL,13,437,438,3.018242731689039,2025-11-13,0.5292954905661137,0.004254662078593707,0.0017546620785937072,1
BHARTIARTL,13,437,438,3.018242731689039,2025-11-13,0.4638626138741365,0.004254662078593707,0.0017546620785937072,1
TECHM,9,435,438,1.469176436599998,2025-11-11,0.4775878898431026,0.030823880975894502,0.028323880975894503,3
ICICIBANK,2,437,438,1.743538579346238,2025-11-13,0.4481116988985514,-0.009308048334522145,-0.011808048334522146,1
BHARTIARTL,13,438,440,3.0310843345835474,2025-11-14,0.49822721325738717,0.005474365814872373,0.002974365814872373,2
BHARTIARTL,13,438,440,3.0310843345835474,2025-11-14,0.46819126856622856,0.005474365814872373,0.002974365814872373,2
ICICIBANK,2,438,440,1.727309637976579,2025-11-14,0.45308794124146584,0.0043699927166784835,0.0018699927166784835,2
ICICIBANK,2,438,440,1.727309637976579,2025-11-14,0.44464063169053086,0.0043699927166784835,0.0018699927166784835,2
ITC,14,431,442,1.077230632211881,2025-11-03,0.45133103775254546,-0.019929964712892434,-0.022429964712892433,11
BHARTIARTL,13,444,445,3.0517901579874125,2025-11-24,0.48623488800514014,0.0044142928158152905,0.0019142928158152905,1
INFY,6,444,445,1.2898843457161993,2025-11-24,0.47353706890756003,-0.011240325848876909,-0.01374032584887691,1
BHARTIARTL,13,444,445,3.0517901579874125,2025-11-24,0.45040485452576334,0.0044142928158152905,0.0019142928158152905,1
ICICIBANK,2,444,445,1.7469845112886642,2025-11-24,0.4214998826764144,-0.007746255040060768,-0.010246255040060768,1
ICICIBANK,2,444,445,1.7469845112886642,2025-11-24,0.34928165204347894,-0.007746255040060768,-0.010246255040060768,1
INFY,6,445,446,1.2753856253629838,2025-11-25,0.619502394127331,0.01783617487493583,0.015336174874935828,1
INFY,6,445,446,1.2753856253629838,2025-11-25,0.571775551692404,0.01783617487493583,0.015336174874935828,1
RELIANCE,10,446,448,0.9984092721590976,2025-11-26,0.6086753845704583,-0.0024205674049486703,-0.004920567404948671,2
HCLTECH,7,446,448,1.403544874527288,2025-11-26,0.46501596963838787,0.01545212476119917,0.01295212476119917,2
SUNPHARMA,17,445,449,1.648717554599493,2025-11-25,0.4862996585282223,0.018854130032306626,0.016354130032306628,4
TCS,5,445,449,0.4875342837004931,2025-11-25,0.442977734838475,0.014009973755455762,0.011509973755455762,4
SUNPHARMA,17,445,449,1.648717554599493,2025-11-25,0.43688190290563095,0.018854130032306626,0.016354130032306628,4
HCLTECH,7,448,450,1.4252326250364253,2025-12-01,0.4330204211359725,-0.0014608016964128279,-0.003960801696412828,2
INFY,6,449,450,1.3007167077926267,2025-12-02,0.5163406581798797,0.011338854049887104,0.008838854049887103,1
SUNPHARMA,17,449,450,1.6798026897604583,2025-12-02,0.44942285587553715,0.004001129563623973,0.001501129563623973,1
BHARTIARTL,13,449,452,2.99937674253983,2025-12-02,0.39723141658649747,-0.008555133079847455,-0.011055133079847455,3
HCLTECH,7,450,453,1.4231506427999892,2025-12-03,0.4064724748585288,0.008594905744292003,0.0060949057442920025,3
RELIANCE,10,448,454,0.9959925552181107,2025-12-01,0.5840355555377792,-0.012642824255458707,-0.015142824255458707,6
SUNPHARMA,17,450,455,1.686523797963514,2025-12-03,0.4096399478715048,0.006420552077440744,0.003920552077440744,5
SUNPHARMA,17,455,456,1.6973522118381819,2025-12-10,0.4876108132149756,0.012153450603120008,0.009653450603120008,1
LT,12,451,456,1.5444481781293378,2025-12-04,0.3863197084360466,0.013706158293285364,0.011206158293285364,5
SUNPHARMA,17,455,456,1.6973522118381819,2025-12-10,0.40468869905415816,0.012153450603120008,0.009653450603120008,1
RELIANCE,10,455,458,0.9882228776532632,2025-12-10,0.5423801381252751,0.005270333435660524,0.0027703334356605235,3
SUNPHARMA,17,456,458,1.7179808981008537,2025-12-11,0.49922383195111003,-0.005588741885514281,-0.008088741885514282,2
HCLTECH,7,453,458,1.4353824884347837,2025-12-08,0.377426177679042,-0.01835843577791252,-0.020858435777912517,5
SUNPHARMA,17,458,459,1.708379546297124,2025-12-15,0.5124677414533574,-0.008791925523164767,-0.011291925523164768,1
SUNPHARMA,17,458,459,1.708379546297124,2025-12-15,0.43595723262110336,-0.008791925523164767,-0.011291925523164768,1
SUNPHARMA,17,459,460,1.6933596005607818,2025-12-16,0.5031538425632313,0.006512104372450089,0.004012104372450089,1
SUNPHARMA,17,459,460,1.6933596005607818,2025-12-16,0.48429729154040735,0.006512104372450089,0.004012104372450089,1
LT,12,458,460,1.5930665146574732,2025-12-15,0.4060035763277712,-0.007306440419229898,-0.009806440419229899,2
ICICIBANK,2,456,462,1.7004332523356553,2025-12-11,0.47757198700655895,0.004411764705882115,0.0019117647058821152,6
ICICIBANK,2,456,462,1.7004332523356553,2025-12-11,0.4574520415269047,0.004411764705882115,0.0019117647058821152,6
ICICIBANK,2,462,463,1.707935163743018,2025-12-19,0.5004952657308628,0.010634387913514454,0.008134387913514453,1
ICICIBANK,2,462,463,1.707935163743018,2025-12-19,0.4383353258793327,0.010634387913514454,0.008134387913514453,1
SUNPHARMA,17,460,464,1.704386935019724,2025-12-17,0.5134810302971443,-0.026772252270080288,-0.029272252270080287,4
SUNPHARMA,17,460,464,1.704386935019724,2025-12-17,0.4233965183040059,-0.026772252270080288,-0.029272252270080287,4
SUNPHARMA,17,464,465,1.658756658029547,2025-12-23,0.4867060456860316,-0.010763672219664566,-0.013263672219664567,1
SUNPHARMA,17,464,465,1.658756658029547,2025-12-23,0.4056269785003912,-0.010763672219664566,-0.013263672219664567,1
ITC,14,463,465,1.0508139394111196,2025-12-22,0.48567620650121934,0.009684636537148128,0.0071846365371481275,2
BHARTIARTL,13,463,465,2.9506318811204078,2025-12-22,0.38827237170269996,-0.011128769509023972,-0.013628769509023973,2
BHARTIARTL,13,465,466,2.917794979009441,2025-12-24,0.42953744965106716,-0.019823823743270408,-0.022323823743270407,1
BHARTIARTL,13,465,466,2.917794979009441,2025-12-24,0.4237420352130337,-0.019823823743270408,-0.022323823743270407,1
ITC,14,466,467,1.0505529595518932,2025-12-29,0.6030343812051615,-0.00496773191474531,-0.007467731914745311,1
ITC,14,466,467,1.0505529595518932,2025-12-29,0.5455030801214165,-0.00496773191474531,-0.007467731914745311,1
ITC,14,467,468,1.0453340940865972,2025-12-30,0.5859614240235304,0.005991024623950514,0.0034910246239505138,1
ITC,14,467,468,1.0453340940865972,2025-12-30,0.5431188318968787,0.005991024623950514,0.0034910246239505138,1
ITC,14,468,469,1.051596716384525,2025-12-31,0.5194697123648819,-0.09714638350094018,-0.09964638350094018,1
ICICIBANK,2,465,469,1.7151247034385853,2025-12-24,0.42463360565684,-0.016031804710487152,-0.01853180471048715,4
RELIANCE,10,469,470,1.0058155325561242,2026-01-01,0.4858221850769497,0.0015866971558375909,-0.0009133028441624092,1
ICICIBANK,2,469,470,1.6876281591389257,2026-01-01,0.4326615309270092,0.025037369207771,0.022537369207771,1
SUNPHARMA,17,465,471,1.6409023450703306,2025-12-24,0.481845191608336,-0.009153772096375468,-0.011653772096375468,6
SUNPHARMA,17,465,471,1.6409023450703306,2025-12-24,0.45179788735761034,-0.009153772096375468,-0.011653772096375468,6
BHARTIARTL,13,471,472,2.8925149752861135,2026-01-06,0.47578651041224385,-0.010022370762777455,-0.012522370762777455,1
BHARTIARTL,13,471,472,2.8925149752861135,2026-01-06,0.4055656974980044,-0.010022370762777455,-0.012522370762777455,1
RELIANCE,10,470,472,1.0074114572009283,2026-01-05,0.6407259134490279,-0.04682848080434143,-0.049328480804341435,2
LT,12,469,472,1.603477519845099,2026-01-01,0.4600754411550616,0.004009298146986362,0.001509298146986362,3
BHARTIARTL,13,472,473,2.86352511776691,2026-01-07,0.42608565749121874,-0.008588380559976794,-0.011088380559976794,1
RELIANCE,10,472,474,0.960235909115321,2026-01-07,0.5396475397843905,-0.019212806330191068,-0.021712806330191067,2
BHARTIARTL,13,473,474,2.8389320743124755,2026-01-08,0.49038983108235495,-0.01897114277494083,-0.02147114277494083,1
RELIANCE,10,474,475,0.9417870825621933,2026-01-09,0.4735476594646407,0.005354776711371079,0.0028547767113710786,1
BHARTIARTL,13,474,475,2.7850742886023347,2026-01-09,0.4313838848947865,0.008337045344384952,0.005837045344384952,1
TCS,5,472,476,0.5097993229033662,2026-01-07,0.4142286248641364,-0.026641592557900662,-0.02914159255790066,4
INFY,6,474,477,1.2844188969664998,2026-01-09,0.45394974156369733,-0.00885938106319617,-0.01135938106319617,3
INFY,6,474,477,1.2844188969664998,2026-01-09,0.3777771391907488,-0.00885938106319617,-0.01135938106319617,3
LT,12,478,479,1.5054966914011705,2026-01-19,0.40883211732069785,-0.026693898269861238,-0.029193898269861237,1
BHARTIARTL,13,475,481,2.8082935792338932,2026-01-12,0.44793885351515106,-0.016634050880625417,-0.019134050880625416,6
RELIANCE,10,480,481,0.8953137257350983,2026-01-22,0.4394434408941921,-0.0041355071858285575,-0.006635507185828558,1
LT,12,480,481,1.4759298540703543,2026-01-22,0.3847583228978977,5.270472067619991e-05,-0.0024472952793238,1
BHARTIARTL,13,475,481,2.8082935792338932,2026-01-12,0.40555537467265185,-0.016634050880625417,-0.019134050880625416,6
ICICIBANK,2,481,482,1.7799361497298039,2026-01-28,0.5304945823123328,0.011625374703302382,0.009125374703302382,1
ICICIBANK,2,481,482,1.7799361497298039,2026-01-28,0.4989061306474179,0.011625374703302382,0.009125374703302382,1
RELIANCE,10,481,484,0.8916111493887499,2026-01-28,0.5335410623533238,-0.004510579922714419,-0.00701057992271442,3
BHARTIARTL,13,481,484,2.761580280949183,2026-01-28,0.49525879792419997,0.00393322441346422,0.0014332244134642202,3
LT,12,481,484,1.4760076425410507,2026-01-28,0.38938034475969596,0.03355299125675315,0.031052991256753152,3
RELIANCE,10,484,485,0.8875894660394487,2026-02-02,0.5757851285107111,0.03358742113914426,0.03108742113914426,1
ICICIBANK,2,485,486,1.8085671336385922,2026-02-03,0.46828126453670754,0.013456194789686293,0.010956194789686293,1
ICICIBANK,2,485,486,1.8085671336385922,2026-02-03,0.4258065563528327,0.013456194789686293,0.010956194789686293,1
RELIANCE,10,485,487,0.9174013072339838,2026-02-03,0.5022589006586221,0.01370821346938933,0.01120821346938933,2
ICICIBANK,2,486,488,1.8329035652790577,2026-02-04,0.5481716808525292,-0.008449321363092399,-0.0109493213630924,2
ICICIBANK,2,486,488,1.8329035652790577,2026-02-04,0.46391680441287914,-0.008449321363092399,-0.0109493213630924,2
TATASTEEL,19,486,488,1.4002196454294584,2026-02-04,0.3950976185897003,0.008495413070421787,0.005995413070421786,2
ICICIBANK,2,492,495,1.8047501417952296,2026-02-12,0.48062022839698454,-0.015244789390296165,-0.017744789390296164,3
ICICIBANK,2,492,495,1.8047501417952296,2026-02-12,0.4524870770819306,-0.015244789390296165,-0.017744789390296164,3
RELIANCE,10,494,495,0.9210298841493002,2026-02-16,0.5097996533532674,0.0029226033773153137,0.00042260337731531367,1
ICICIBANK,2,495,496,1.7772371059814542,2026-02-18,0.4626327065753358,-0.013776383337894882,-0.01627638333789488,1
ICICIBANK,2,496,498,1.7527532063271227,2026-02-19,0.4709973011517724,0.007632470631665722,0.0051324706316657216,2
SUNPHARMA,17,499,500,1.7215069919127688,2026-02-25,0.3875937232557589,0.012186827227671948,0.009686827227671948,1
SUNPHARMA,17,499,500,1.7215069919127688,2026-02-25,0.37374619572694456,0.012186827227671948,0.009686827227671948,1
SUNPHARMA,17,500,501,1.7424867001944389,2026-02-26,0.4203436861741993,-0.027272191579505112,-0.02977219157950511,1
SUNPHARMA,17,500,501,1.7424867001944389,2026-02-26,0.3981572440059091,-0.027272191579505112,-0.02977219157950511,1
TATASTEEL,19,500,501,1.7655529638073137,2026-02-26,0.3767191622341883,-0.014801421576495333,-0.01730142157649533,1
ICICIBANK,2,500,502,1.7730723903981842,2026-02-26,0.5411345049394025,-0.15467580546731752,-0.15717580546731752,2
ICICIBANK,2,500,502,1.7730723903981842,2026-02-26,0.4186766689449958,-0.15467580546731752,-0.15717580546731752,2
HCLTECH,7,501,502,0.9818366210365583,2026-02-27,0.393247356099724,-0.013030002090599346,-0.015530002090599347,1
BHARTIARTL,13,502,503,2.2519056135335203,2026-03-02,0.6417520118976348,0.018044015433044347,0.015544015433044346,1
HDFCBANK,1,502,503,1.5790399021276893,2026-03-02,0.5997731691762085,-0.0018763069914191632,-0.004376306991419164,1
BHARTIARTL,13,502,503,2.2519056135335203,2026-03-02,0.49138749229725137,0.018044015433044347,0.015544015433044346,1
HDFCBANK,1,503,504,1.5760771385195973,2026-03-05,0.5838112624050311,-0.20654474627612962,-0.20904474627612962,1
SUNPHARMA,17,501,506,1.6949652690819965,2026-02-27,0.43223921249899827,0.027345998848588016,0.024845998848588017,5
BHARTIARTL,13,503,506,2.2925390331778783,2026-03-05,0.5316623853231481,-0.021132694718470346,-0.023632694718470345,3
SUNPHARMA,17,501,506,1.6949652690819965,2026-02-27,0.4088703389939047,0.027345998848588016,0.024845998848588017,5
BHARTIARTL,13,503,506,2.2925390331778783,2026-03-05,0.4839965604778883,-0.021132694718470346,-0.023632694718470345,3
