{
  "window_id": 3,
  "train_ratio": 0.9,
  "acc_all": 0.4936708860759494,
  "acc_conf": 0.504424778761062,
  "conf_rate": 0.7151898734177216,
  "n_conf": 113,
  "auc": 0.4938271604938272
}