symbol,window_id,train_ratio,train_size,val_size,test_size,test_start,test_end,oos_accuracy,auc,f1,precision,recall,tp,fp,tn,fn,lgbm_acc,xgb_acc,lstm_acc,bilstm_acc,gru_acc,cnn_lstm_acc,cnn_gru_acc,tcn_gru_acc,tcn_transformer_acc,nbeats_acc,dir_acc_up,dir_acc_down,pct_neutral,pct_up,pct_down,temperature,dl_models_trained
ICICIBANK,1,0.7,644,71,102,2024-02-19,2024-10-25,0.6078431372549019,0.5539682539682539,0.7058823529411765,0.631578947368421,0.8,48,28,14,12,0.6078431372549019,0.49019607843137253,0.0,0.5686274509803921,0.0,0.0,0.0,0.0,0.5784313725490197,0.6666666666666666,0.631578947368421,0.5384615384615384,0.0,0.7450980392156863,0.2549019607843137,0.19853209572503483,0
ICICIBANK,2,0.75,690,76,102,2024-07-02,2025-03-12,0.5392156862745098,0.5213509316770186,0.6178861788617886,0.5671641791044776,0.6785714285714286,38,29,17,18,0.5294117647058824,0.5,0.0,0.5196078431372549,0.0,0.0,0.0,0.0,0.5686274509803921,0.5490196078431373,0.5671641791044776,0.48571428571428577,0.0,0.6568627450980392,0.3431372549019608,0.16349288979312637,0
ICICIBANK,3,0.8,736,81,102,2024-10-28,2025-07-21,0.5686274509803921,0.5991512345679012,0.6944444444444444,0.5555555555555556,0.9259259259259259,50,40,8,4,0.5588235294117647,0.5294117647058824,0.0,0.5196078431372549,0.0,0.0,0.0,0.0,0.5490196078431373,0.4411764705882353,0.5555555555555556,0.6666666666666667,0.0,0.8823529411764706,0.11764705882352941,0.1574818469670607,0
ICICIBANK,4,0.85,782,86,102,2025-03-13,2025-12-02,0.5392156862745098,0.5553846153846154,0.6666666666666666,0.5164835164835165,0.94,47,44,8,3,0.5,0.4803921568627451,0.0,0.5,0.0,0.0,0.0,0.0,0.4803921568627451,0.4411764705882353,0.5164835164835165,0.7272727272727273,0.0,0.8921568627450981,0.10784313725490197,0.1629196421608018,0
ICICIBANK,5,0.9,828,91,103,2025-07-22,2026-04-16,0.47572815533980584,0.4470899470899471,0.6301369863013698,0.4742268041237113,0.9387755102040817,46,51,3,3,0.4368932038834951,0.47572815533980584,0.0,0.46601941747572817,0.0,0.0,0.0,0.0,0.5339805825242718,0.4563106796116505,0.4742268041237113,0.5,0.0,0.941747572815534,0.05825242718446602,0.40648903771310435,0
ICICIBANK,6,0.95,873,97,52,2025-12-04,2026-04-16,0.5,0.4888888888888888,0.6666666666666666,0.5098039215686274,0.9629629629629629,26,25,0,1,0.4230769230769231,0.5192307692307693,0.0,0.4807692307692308,0.0,0.0,0.0,0.0,0.5576923076923077,0.5192307692307693,0.5098039215686274,0.0,0.0,0.9807692307692307,0.019230769230769232,1.0,3
SBIN,1,0.7,678,75,107,2024-03-20,2024-11-06,0.5981308411214953,0.5321067821067821,0.7295597484276729,0.6041666666666666,0.9206349206349206,58,38,6,5,0.48598130841121495,0.5887850467289719,0.0,0.4485981308411215,0.0,0.0,0.0,0.0,0.5327102803738317,0.5607476635514018,0.6041666666666666,0.5454545454545454,0.0,0.897196261682243,0.102803738317757,0.14702438976998133,0
SBIN,2,0.75,727,80,107,2024-07-19,2025-02-20,0.514018691588785,0.5649122807017545,0.6285714285714286,0.4888888888888889,0.88,44,46,11,6,0.5046728971962616,0.514018691588785,0.0,0.4672897196261682,0.0,0.0,0.0,0.0,0.4672897196261682,0.4953271028037383,0.4888888888888889,0.6470588235294117,0.0,0.8411214953271028,0.1588785046728972,0.18542723189007232,0
SBIN,3,0.8,774,86,108,2024-11-07,2025-07-04,0.4722222222222222,0.5108061749571183,0.6122448979591837,0.4787234042553192,0.8490566037735849,45,49,6,8,0.5370370370370371,0.49074074074074076,0.0,0.5925925925925926,0.0,0.0,0.0,0.0,0.5,0.4444444444444444,0.4787234042553192,0.4285714285714286,0.0,0.8703703703703703,0.12962962962962962,0.32156487781087706,0
SBIN,4,0.85,823,91,108,2025-02-21,2025-12-02,0.5,0.4611091733519358,0.6142857142857143,0.5443037974683544,0.7049180327868853,43,36,11,18,0.5740740740740741,0.5648148148148148,0.0,0.5277777777777778,0.0,0.0,0.0,0.0,0.5185185185185185,0.5185185185185185,0.5443037974683544,0.3793103448275862,0.0,0.7314814814814815,0.26851851851851855,1.0,0
SBIN,5,0.9,872,96,108,2025-07-14,2026-04-16,0.5925925925925926,0.46129261363636365,0.7066666666666667,0.6162790697674418,0.828125,53,33,11,11,0.5092592592592593,0.5925925925925926,0.0,0.5370370370370371,0.0,0.0,0.0,0.0,0.49074074074074076,0.5925925925925926,0.6162790697674418,0.5,0.0,0.7962962962962963,0.2037037037037037,0.10000660285425449,0
SBIN,6,0.95,920,102,54,2025-12-04,2026-04-16,0.5740740740740741,0.49206349206349204,0.6933333333333334,0.6190476190476191,0.7878787878787878,26,16,5,7,0.5,0.5925925925925926,0.0,0.5,0.0,0.0,0.0,0.0,0.5555555555555556,0.5,0.6190476190476191,0.41666666666666663,0.0,0.7777777777777778,0.2222222222222222,0.2164990226206363,3
HDFCBANK,1,0.7,639,71,102,2024-02-27,2024-11-01,0.5294117647058824,0.525,0.5862068965517241,0.6071428571428571,0.5666666666666667,34,22,20,26,0.49019607843137253,0.6078431372549019,0.0,0.46078431372549017,0.0,0.0,0.0,0.0,0.4215686274509804,0.5392156862745098,0.6071428571428571,0.4347826086956522,0.0,0.5490196078431373,0.45098039215686275,0.13114697731135405,0
HDFCBANK,2,0.75,685,76,101,2024-07-04,2025-02-19,0.48514851485148514,0.48938679245283023,0.5666666666666667,0.5074626865671642,0.6415094339622641,34,33,15,19,0.44554455445544555,0.5247524752475248,0.0,0.5643564356435643,0.0,0.0,0.0,0.0,0.5247524752475248,0.6237623762376238,0.5074626865671642,0.4411764705882353,0.0,0.6633663366336634,0.33663366336633666,0.1539349022963108,0
HDFCBANK,3,0.8,731,81,101,2024-11-04,2025-07-10,0.4752475247524752,0.4446640316205534,0.5470085470085471,0.5161290322580645,0.5818181818181818,32,30,16,23,0.5346534653465347,0.5643564356435643,0.0,0.5148514851485149,0.0,0.0,0.0,0.0,0.49504950495049505,0.5346534653465347,0.5161290322580645,0.41025641025641024,0.0,0.6138613861386139,0.38613861386138615,0.1338947436341486,0
HDFCBANK,4,0.85,776,86,102,2025-02-21,2025-12-09,0.5,0.4725705329153605,0.5984251968503937,0.5507246376811594,0.6551724137931034,38,31,13,20,0.47058823529411764,0.5686274509803921,0.0,0.5,0.0,0.0,0.0,0.0,0.5490196078431373,0.46078431372549017,0.5507246376811594,0.3939393939393939,0.0,0.6764705882352942,0.3235294117647059,0.21461294864662359,0
HDFCBANK,5,0.9,822,91,102,2025-07-14,2026-04-16,0.4215686274509804,0.421583850931677,0.556390977443609,0.42528735632183906,0.8043478260869565,37,50,6,9,0.4411764705882353,0.45098039215686275,0.0,0.5490196078431373,0.0,0.0,0.0,0.0,0.4411764705882353,0.45098039215686275,0.42528735632183906,0.4,0.0,0.8529411764705882,0.14705882352941177,0.4048709747792203,0
HDFCBANK,6,0.95,868,96,51,2025-12-10,2026-04-16,0.5686274509803921,0.5427631578947368,0.5925925925925926,0.45714285714285713,0.8421052631578947,16,19,13,3,0.49019607843137253,0.5294117647058824,0.0,0.5490196078431373,0.0,0.0,0.0,0.0,0.35294117647058826,0.5294117647058824,0.45714285714285713,0.8125,0.0,0.6862745098039216,0.3137254901960784,1.0,3
KOTAKBANK,1,0.7,672,74,107,2024-03-04,2024-11-12,0.5233644859813084,0.5463157894736842,0.5486725663716814,0.5535714285714286,0.543859649122807,31,25,25,26,0.5327102803738317,0.5046728971962616,0.0,0.4953271028037383,0.0,0.0,0.0,0.0,0.4766355140186916,0.514018691588785,0.5535714285714286,0.4901960784313726,0.0,0.5233644859813084,0.4766355140186916,0.22069668716450377,0
KOTAKBANK,2,0.75,720,80,106,2024-07-15,2025-03-18,0.5283018867924528,0.5461675579322638,0.5689655172413793,0.5409836065573771,0.6,33,28,23,22,0.5283018867924528,0.5660377358490566,0.0,0.4528301886792453,0.0,0.0,0.0,0.0,0.5188679245283019,0.49056603773584906,0.5409836065573771,0.5111111111111111,0.0,0.5754716981132075,0.42452830188679247,0.29210888074578334,0
KOTAKBANK,3,0.8,768,85,107,2024-11-13,2025-07-22,0.5514018691588785,0.5396491228070175,0.625,0.5633802816901409,0.7017543859649122,40,31,19,17,0.5514018691588785,0.4766355140186916,0.0,0.5233644859813084,0.0,0.0,0.0,0.0,0.5794392523364486,0.5046728971962616,0.5633802816901409,0.5277777777777778,0.0,0.6635514018691588,0.3364485981308411,0.17127810775593322,0
KOTAKBANK,4,0.85,816,90,107,2025-03-19,2025-11-25,0.5794392523364486,0.64822695035461,0.6341463414634146,0.5131578947368421,0.8297872340425532,39,37,23,8,0.514018691588785,0.5607476635514018,0.0,0.5887850467289719,0.0,0.0,0.0,0.0,0.4953271028037383,0.4485981308411215,0.5131578947368421,0.7419354838709677,0.0,0.7102803738317757,0.2897196261682243,0.2511781347854608,0
KOTAKBANK,5,0.9,864,96,107,2025-07-23,2026-04-16,0.5514018691588785,0.6154401154401155,0.5555555555555556,0.46875,0.6818181818181818,30,34,29,14,0.5794392523364486,0.5233644859813084,0.0,0.514018691588785,0.0,0.0,0.0,0.0,0.5700934579439252,0.5327102803738317,0.46875,0.6744186046511628,0.0,0.5981308411214953,0.40186915887850466,0.10000660285425449,0
KOTAKBANK,6,0.95,912,101,54,2025-11-27,2026-04-16,0.5925925925925926,0.5638148667601683,0.5769230769230769,0.5172413793103449,0.6521739130434783,15,14,17,8,0.5740740740740741,0.5555555555555556,0.0,0.3888888888888889,0.0,0.0,0.0,0.0,0.5925925925925926,0.5370370370370371,0.5172413793103449,0.6799999999999999,0.0,0.5370370370370371,0.46296296296296297,0.3779048026647876,3
AXISBANK,1,0.7,700,77,111,2024-03-05,2024-11-04,0.46846846846846846,0.4544567338972023,0.609271523178808,0.4946236559139785,0.7931034482758621,46,47,6,12,0.4774774774774775,0.46846846846846846,0.0,0.4774774774774775,0.0,0.0,0.0,0.0,0.5135135135135135,0.5765765765765766,0.4946236559139785,0.33333333333333337,0.0,0.8378378378378378,0.16216216216216217,0.20144757673830185,0
AXISBANK,2,0.75,750,83,111,2024-07-16,2025-03-21,0.43243243243243246,0.41508196721311474,0.5882352941176471,0.4368932038834951,0.9,45,58,3,5,0.46846846846846846,0.45045045045045046,0.0,0.5765765765765766,0.0,0.0,0.0,0.0,0.42342342342342343,0.5495495495495496,0.4368932038834951,0.375,0.0,0.9279279279279279,0.07207207207207207,0.18419964476696768,0
AXISBANK,3,0.8,800,88,111,2024-11-05,2025-07-30,0.43243243243243246,0.47307180851063835,0.5531914893617021,0.4148936170212766,0.8297872340425532,39,55,9,8,0.3963963963963964,0.42342342342342343,0.0,0.5135135135135135,0.0,0.0,0.0,0.0,0.44144144144144143,0.45045045045045046,0.4148936170212766,0.5294117647058824,0.0,0.8468468468468469,0.15315315315315314,0.16716362041723073,0
AXISBANK,4,0.85,850,94,111,2025-03-24,2025-12-05,0.4864864864864865,0.4772727272727273,0.5777777777777777,0.4936708860759494,0.6964285714285714,39,40,15,17,0.5135135135135135,0.5045045045045045,0.0,0.5405405405405406,0.0,0.0,0.0,0.0,0.5585585585585585,0.45045045045045046,0.4936708860759494,0.46875,0.0,0.7117117117117117,0.2882882882882883,1.0,0
AXISBANK,5,0.9,900,99,112,2025-07-31,2026-04-16,0.4642857142857143,0.5183882315318197,0.5081967213114754,0.49206349206349204,0.5254237288135594,31,32,21,28,0.6160714285714286,0.5357142857142857,0.0,0.44642857142857145,0.0,0.0,0.0,0.0,0.4732142857142857,0.5357142857142857,0.49206349206349204,0.4285714285714286,0.0,0.5625,0.4375,1.0,0
AXISBANK,6,0.95,950,105,56,2025-12-10,2026-04-16,0.5178571428571429,0.5044699872286079,0.49056603773584906,0.5,0.48148148148148145,13,13,16,14,0.5,0.5178571428571429,0.0,0.44642857142857145,0.0,0.0,0.0,0.0,0.5892857142857143,0.44642857142857145,0.5,0.5333333333333333,0.0,0.4642857142857143,0.5357142857142857,0.2830905253776878,3
INDUSINDBK,1,0.7,735,81,116,2024-03-18,2024-12-12,0.4224137931034483,0.38724168912848156,0.49624060150375937,0.4125,0.6226415094339622,33,47,16,20,0.4482758620689655,0.45689655172413796,0.0,0.49137931034482757,0.0,0.0,0.0,0.0,0.47413793103448276,0.43103448275862066,0.4125,0.4444444444444444,0.0,0.6896551724137931,0.3103448275862069,1.0,0
INDUSINDBK,2,0.75,787,87,117,2024-08-13,2025-04-09,0.5213675213675214,0.5298071303331385,0.5625,0.5142857142857142,0.6206896551724138,36,34,25,22,0.5042735042735043,0.49572649572649574,0.0,0.5042735042735043,0.0,0.0,0.0,0.0,0.5042735042735043,0.5128205128205128,0.5142857142857142,0.5319148936170213,0.0,0.5982905982905983,0.4017094017094017,1.0,0
INDUSINDBK,3,0.8,839,93,117,2024-12-13,2025-08-01,0.5811965811965812,0.5825984714873604,0.6423357664233577,0.5945945945945946,0.6984126984126984,44,30,24,19,0.5897435897435898,0.5384615384615384,0.0,0.49572649572649574,0.0,0.0,0.0,0.0,0.5128205128205128,0.4700854700854701,0.5945945945945946,0.5581395348837209,0.0,0.6324786324786325,0.36752136752136755,1.0,0
INDUSINDBK,4,0.85,892,99,116,2025-04-16,2025-11-26,0.5517241379310345,0.5001486767766874,0.59375,0.5507246376811594,0.6440677966101694,38,31,26,21,0.5172413793103449,0.5344827586206896,0.0,0.47413793103448276,0.0,0.0,0.0,0.0,0.4396551724137931,0.5258620689655172,0.5507246376811594,0.5531914893617021,0.0,0.5948275862068966,0.4051724137931034,0.5598563304160679,0
INDUSINDBK,5,0.9,945,104,117,2025-08-04,2026-04-16,0.5641025641025641,0.5336060783167738,0.5785123966942148,0.5555555555555556,0.603448275862069,35,28,31,23,0.5384615384615384,0.5641025641025641,0.0,0.5042735042735043,0.0,0.0,0.0,0.0,0.49572649572649574,0.5042735042735043,0.5555555555555556,0.5740740740740741,0.0,0.5384615384615384,0.46153846153846156,0.2572196956405875,0
INDUSINDBK,6,0.95,997,110,59,2025-12-03,2026-04-16,0.5084745762711864,0.4976958525345623,0.5396825396825397,0.53125,0.5483870967741935,17,15,13,14,0.4406779661016949,0.576271186440678,0.0,0.4915254237288136,0.0,0.0,0.0,0.0,0.4067796610169492,0.4745762711864407,0.53125,0.4814814814814815,0.0,0.5423728813559322,0.4576271186440678,0.40648099572669566,3
IDFCFIRSTB,1,0.7,739,82,118,2024-04-03,2024-12-11,0.4830508474576271,0.46831797235023037,0.46017699115044247,0.45614035087719296,0.4642857142857143,26,31,31,30,0.4661016949152542,0.4745762711864407,0.0,0.5338983050847458,0.0,0.0,0.0,0.0,0.5677966101694916,0.5,0.45614035087719296,0.5081967213114754,0.0,0.4830508474576271,0.5169491525423728,0.21957102679948276,0
IDFCFIRSTB,2,0.75,792,88,117,2024-08-26,2025-03-28,0.4700854700854701,0.47833723653395777,0.39215686274509803,0.43478260869565216,0.35714285714285715,20,26,35,36,0.4444444444444444,0.47863247863247865,0.0,0.4700854700854701,0.0,0.0,0.0,0.0,0.46153846153846156,0.5128205128205128,0.43478260869565216,0.49295774647887325,0.0,0.39316239316239315,0.6068376068376068,0.230847893259928,0
IDFCFIRSTB,3,0.8,846,93,117,2024-12-16,2025-08-01,0.49572649572649574,0.5272727272727272,0.5815602836879432,0.47674418604651164,0.7454545454545455,41,45,17,14,0.5213675213675214,0.49572649572649574,0.0,0.5299145299145299,0.0,0.0,0.0,0.0,0.4700854700854701,0.5128205128205128,0.47674418604651164,0.5483870967741935,0.0,0.7350427350427351,0.26495726495726496,1.0,0
IDFCFIRSTB,4,0.85,898,99,118,2025-04-02,2025-12-05,0.5677966101694916,0.593033381712627,0.5048543689320388,0.52,0.49056603773584906,26,24,41,27,0.5084745762711864,0.4491525423728814,0.0,0.5169491525423728,0.0,0.0,0.0,0.0,0.5084745762711864,0.5423728813559322,0.52,0.6029411764705883,0.0,0.423728813559322,0.576271186440678,0.10504112444176208,0
IDFCFIRSTB,5,0.9,951,105,118,2025-08-05,2026-04-16,0.576271186440678,0.5979262672811059,0.6268656716417911,0.5384615384615384,0.75,42,36,26,14,0.576271186440678,0.4745762711864407,0.0,0.4322033898305085,0.0,0.0,0.0,0.0,0.5508474576271186,0.5084745762711864,0.5384615384615384,0.65,0.0,0.6610169491525424,0.3389830508474576,0.1984757852254223,0
IDFCFIRSTB,6,0.95,1004,111,59,2025-12-08,2026-04-16,0.4915254237288136,0.6,0.5945945945945946,0.5,0.7333333333333333,22,22,7,8,0.5084745762711864,0.559322033898305,0.0,0.4406779661016949,0.0,0.0,0.0,0.0,0.4915254237288136,0.576271186440678,0.5,0.4666666666666667,0.0,0.7457627118644068,0.2542372881355932,0.10000660285425449,3
FEDERALBNK,1,0.7,705,78,112,2024-02-06,2024-10-21,0.5089285714285714,0.4839572192513369,0.5925925925925926,0.5970149253731343,0.5882352941176471,40,27,17,28,0.5089285714285714,0.5,0.0,0.5357142857142857,0.0,0.0,0.0,0.0,0.5267857142857143,0.5357142857142857,0.5970149253731343,0.37777777777777777,0.0,0.5982142857142857,0.4017857142857143,0.1277339039797372,0
FEDERALBNK,2,0.75,756,83,112,2024-06-19,2025-03-03,0.48214285714285715,0.5380906460945034,0.6133333333333333,0.5168539325842697,0.7540983606557377,46,43,8,15,0.5625,0.5446428571428571,0.0,0.5535714285714286,0.0,0.0,0.0,0.0,0.5982142857142857,0.5267857142857143,0.5168539325842697,0.34782608695652173,0.0,0.7946428571428571,0.20535714285714285,0.24987347564877,0
FEDERALBNK,3,0.8,806,89,112,2024-10-24,2025-07-11,0.5446428571428571,0.5830140485312899,0.6482758620689655,0.5164835164835165,0.8703703703703703,47,44,14,7,0.45535714285714285,0.5178571428571429,0.0,0.5446428571428571,0.0,0.0,0.0,0.0,0.44642857142857145,0.4375,0.5164835164835165,0.6666666666666667,0.0,0.8125,0.1875,0.16793026331699487,0
FEDERALBNK,4,0.85,856,95,112,2025-03-04,2025-12-05,0.42857142857142855,0.4060897435897436,0.5294117647058824,0.47368421052631576,0.6,36,40,12,24,0.4017857142857143,0.48214285714285715,0.0,0.4732142857142857,0.0,0.0,0.0,0.0,0.5357142857142857,0.5625,0.47368421052631576,0.33333333333333337,0.0,0.6785714285714286,0.32142857142857145,0.29340758764857894,0
FEDERALBNK,5,0.9,907,100,112,2025-07-14,2026-04-16,0.5267857142857143,0.496474358974359,0.624113475177305,0.5432098765432098,0.7333333333333333,44,37,15,16,0.4732142857142857,0.5357142857142857,0.0,0.5089285714285714,0.0,0.0,0.0,0.0,0.44642857142857145,0.49107142857142855,0.5432098765432098,0.4838709677419355,0.0,0.7232142857142857,0.2767857142857143,0.26224330162423143,0
FEDERALBNK,6,0.95,957,106,56,2025-12-08,2026-04-16,0.5892857142857143,0.5803571428571429,0.6567164179104478,0.5641025641025641,0.7857142857142857,22,17,11,6,0.5,0.5,0.0,0.5178571428571429,0.0,0.0,0.0,0.0,0.4642857142857143,0.5178571428571429,0.5641025641025641,0.6470588235294117,0.0,0.6964285714285714,0.30357142857142855,0.2971809177745029,3
BANDHANBNK,1,0.7,769,85,122,2024-05-09,2024-12-02,0.48360655737704916,0.4678030303030304,0.3076923076923077,0.4,0.25,14,21,45,42,0.5081967213114754,0.5163934426229508,0.0,0.5245901639344263,0.0,0.0,0.0,0.0,0.48360655737704916,0.5901639344262295,0.4,0.5172413793103448,0.0,0.28688524590163933,0.7131147540983607,0.257147359028613,0
BANDHANBNK,2,0.75,824,91,122,2024-08-23,2025-04-02,0.6229508196721312,0.5404584368958851,0.41025641025641024,0.5925925925925926,0.3137254901960784,16,11,60,35,0.48360655737704916,0.47540983606557374,0.0,0.6065573770491803,0.0,0.0,0.0,0.0,0.5819672131147541,0.5983606557377049,0.5925925925925926,0.631578947368421,0.0,0.22131147540983606,0.7786885245901639,0.1270214262314702,0
BANDHANBNK,3,0.8,879,97,122,2024-12-03,2025-07-29,0.5491803278688525,0.5397557666214382,0.42105263157894735,0.5,0.36363636363636365,20,20,47,35,0.5163934426229508,0.45081967213114754,0.0,0.5409836065573771,0.0,0.0,0.0,0.0,0.5409836065573771,0.5409836065573771,0.5,0.5731707317073171,0.0,0.32786885245901637,0.6721311475409836,0.16175468183261588,0
BANDHANBNK,4,0.85,934,103,122,2025-04-03,2025-11-27,0.5491803278688525,0.5220125786163522,0.2465753424657534,0.45,0.16981132075471697,9,11,58,44,0.36065573770491804,0.4344262295081967,0.0,0.5573770491803278,0.0,0.0,0.0,0.0,0.5573770491803278,0.5573770491803278,0.45,0.5686274509803921,0.0,0.16393442622950818,0.8360655737704918,0.10000660285425449,0
BANDHANBNK,5,0.9,989,109,122,2025-07-31,2026-04-16,0.5737704918032787,0.46536796536796543,0.3953488372093023,0.5666666666666667,0.30357142857142855,17,13,53,39,0.5081967213114754,0.5409836065573771,0.0,0.5655737704918032,0.0,0.0,0.0,0.0,0.48360655737704916,0.5163934426229508,0.5666666666666667,0.5760869565217391,0.0,0.2459016393442623,0.7540983606557377,0.21418573322008846,0
BANDHANBNK,6,0.95,1044,115,61,2025-12-02,2026-04-16,0.4918032786885246,0.5236559139784946,0.16216216216216217,0.5,0.0967741935483871,3,3,27,28,0.5409836065573771,0.47540983606557374,0.0,0.4918032786885246,0.0,0.0,0.0,0.0,0.4918032786885246,0.4426229508196721,0.5,0.49090909090909096,0.0,0.09836065573770492,0.9016393442622951,0.1881877705603358,3
BAJFINANCE,1,0.7,692,76,110,2024-05-08,2025-01-01,0.5545454545454546,0.620026525198939,0.6474820143884892,0.5555555555555556,0.7758620689655172,45,36,16,13,0.5636363636363636,0.4727272727272727,0.0,0.4818181818181818,0.0,0.0,0.0,0.0,0.6272727272727273,0.509090909090909,0.5555555555555556,0.5517241379310345,0.0,0.7363636363636363,0.2636363636363636,0.10000660285425449,0
BAJFINANCE,2,0.75,741,82,110,2024-09-05,2025-05-06,0.5363636363636364,0.566468253968254,0.5785123966942148,0.5384615384615384,0.625,35,30,24,21,0.5272727272727272,0.5909090909090909,0.0,0.509090909090909,0.0,0.0,0.0,0.0,0.4,0.5636363636363636,0.5384615384615384,0.5333333333333333,0.0,0.5909090909090909,0.4090909090909091,0.2314724657562322,0
BAJFINANCE,3,0.8,791,87,110,2025-01-03,2025-08-14,0.5181818181818182,0.4814814814814815,0.5309734513274337,0.5263157894736842,0.5357142857142857,30,27,27,26,0.5,0.5,0.0,0.5,0.0,0.0,0.0,0.0,0.5363636363636364,0.43636363636363634,0.5263157894736842,0.5094339622641509,0.0,0.5181818181818182,0.4818181818181818,0.1990546829706072,0
BAJFINANCE,4,0.85,840,93,110,2025-05-07,2025-12-01,0.509090909090909,0.4797745358090186,0.5,0.54,0.46551724137931033,27,23,29,31,0.5363636363636364,0.4727272727272727,0.0,0.5727272727272728,0.0,0.0,0.0,0.0,0.5,0.4818181818181818,0.54,0.4833333333333333,0.0,0.45454545454545453,0.5454545454545454,0.36425081357555855,0
BAJFINANCE,5,0.9,890,98,110,2025-08-19,2026-04-16,0.4727272727272727,0.4521681562396558,0.46296296296296297,0.45454545454545453,0.4716981132075472,25,30,27,28,0.45454545454545453,0.5181818181818182,0.0,0.5181818181818182,0.0,0.0,0.0,0.0,0.509090909090909,0.44545454545454544,0.45454545454545453,0.49090909090909096,0.0,0.5,0.5,0.1484738632531308,0
BAJFINANCE,6,0.95,939,104,55,2025-12-03,2026-04-16,0.41818181818181815,0.4828571428571429,0.38461538461538464,0.3125,0.5,10,22,13,10,0.38181818181818183,0.36363636363636365,0.0,0.34545454545454546,0.0,0.0,0.0,0.0,0.4727272727272727,0.45454545454545453,0.3125,0.5652173913043479,0.0,0.5818181818181818,0.41818181818181815,1.0,3
BAJAJFINSV,1,0.7,685,76,109,2024-04-22,2024-12-11,0.4954128440366973,0.5185936443542934,0.5669291338582677,0.5217391304347826,0.6206896551724138,36,33,18,22,0.45871559633027525,0.48623853211009177,0.0,0.43119266055045874,0.0,0.0,0.0,0.0,0.5045871559633027,0.5321100917431193,0.5217391304347826,0.44999999999999996,0.0,0.6330275229357798,0.3669724770642202,0.20727200321385553,0
BAJAJFINSV,2,0.75,735,81,108,2024-08-26,2025-04-09,0.4537037037037037,0.4615912208504801,0.48695652173913045,0.45901639344262296,0.5185185185185185,28,33,21,26,0.4537037037037037,0.39814814814814814,0.0,0.5,0.0,0.0,0.0,0.0,0.5092592592592593,0.4722222222222222,0.45901639344262296,0.44680851063829785,0.0,0.5648148148148148,0.4351851851851852,0.12382116337552347,0
BAJAJFINSV,3,0.8,783,87,109,2024-12-16,2025-07-25,0.4954128440366973,0.43232323232323233,0.5736434108527132,0.49333333333333335,0.6851851851851852,37,38,17,17,0.47706422018348627,0.5137614678899083,0.0,0.5412844036697247,0.0,0.0,0.0,0.0,0.47706422018348627,0.4954128440366973,0.49333333333333335,0.5,0.0,0.6880733944954128,0.3119266055045872,0.29162718958863604,0
BAJAJFINSV,4,0.85,832,92,109,2025-04-16,2025-12-01,0.47706422018348627,0.4616161616161617,0.6122448979591837,0.4838709677419355,0.8333333333333334,45,48,7,9,0.42201834862385323,0.5137614678899083,0.0,0.5045871559633027,0.0,0.0,0.0,0.0,0.5137614678899083,0.5321100917431193,0.4838709677419355,0.4375,0.0,0.8532110091743119,0.14678899082568808,1.0,0
BAJAJFINSV,5,0.9,882,97,109,2025-07-29,2026-04-16,0.5504587155963303,0.5649087221095335,0.5950413223140496,0.5142857142857142,0.7058823529411765,36,34,24,15,0.46788990825688076,0.42201834862385323,0.0,0.48623853211009177,0.0,0.0,0.0,0.0,0.5321100917431193,0.45871559633027525,0.5142857142857142,0.6153846153846154,0.0,0.6422018348623854,0.3577981651376147,0.15534563420972827,0
BAJAJFINSV,6,0.95,930,103,55,2025-12-02,2026-04-16,0.4727272727272727,0.4932795698924731,0.5797101449275363,0.4444444444444444,0.8333333333333334,20,25,6,4,0.4909090909090909,0.45454545454545453,0.0,0.4909090909090909,0.0,0.0,0.0,0.0,0.4727272727272727,0.6,0.4444444444444444,0.6,0.0,0.8181818181818182,0.18181818181818182,0.15159945416511167,3
AUBANK,1,0.7,741,82,118,2024-05-07,2025-01-01,0.4322033898305085,0.4493506493506494,0.5562913907284768,0.4375,0.7636363636363637,42,54,9,13,0.5254237288135594,0.5423728813559322,0.0,0.4406779661016949,0.0,0.0,0.0,0.0,0.423728813559322,0.423728813559322,0.4375,0.40909090909090906,0.0,0.8135593220338984,0.1864406779661017,0.10000660285425449,0
AUBANK,2,0.75,794,88,118,2024-09-13,2025-04-25,0.4830508474576271,0.48534107402031923,0.5271317829457365,0.4473684210526316,0.6415094339622641,34,42,23,19,0.5169491525423728,0.5169491525423728,0.0,0.4322033898305085,0.0,0.0,0.0,0.0,0.4745762711864407,0.5084745762711864,0.4473684210526316,0.5476190476190477,0.0,0.6440677966101694,0.3559322033898305,0.3072448079301357,0
AUBANK,3,0.8,847,94,118,2025-01-03,2025-08-12,0.5,0.49195402298850577,0.528,0.4925373134328358,0.5689655172413793,33,34,26,25,0.5169491525423728,0.5508474576271186,0.0,0.5254237288135594,0.0,0.0,0.0,0.0,0.5084745762711864,0.4576271186440678,0.4925373134328358,0.5098039215686274,0.0,0.5677966101694916,0.4322033898305085,1.0,0
AUBANK,4,0.85,900,100,118,2025-04-29,2025-12-09,0.5084745762711864,0.529004329004329,0.5084745762711864,0.5454545454545454,0.47619047619047616,30,25,30,33,0.4745762711864407,0.4915254237288136,0.0,0.4745762711864407,0.0,0.0,0.0,0.0,0.4915254237288136,0.4915254237288136,0.5454545454545454,0.47619047619047616,0.0,0.4661016949152542,0.5338983050847458,0.10000660285425449,0
AUBANK,5,0.9,954,105,118,2025-08-13,2026-04-16,0.4745762711864407,0.5183261183261183,0.45614035087719296,0.5098039215686274,0.4126984126984127,26,25,30,37,0.4661016949152542,0.5338983050847458,0.0,0.5169491525423728,0.0,0.0,0.0,0.0,0.5423728813559322,0.4661016949152542,0.5098039215686274,0.4477611940298507,0.0,0.4322033898305085,0.5677966101694916,0.24339665450573592,0
AUBANK,6,0.95,1007,111,59,2025-12-10,2026-04-16,0.6101694915254238,0.6313364055299541,0.6101694915254238,0.5806451612903226,0.6428571428571429,18,13,18,10,0.5423728813559322,0.576271186440678,0.0,0.4576271186440678,0.0,0.0,0.0,0.0,0.4745762711864407,0.4406779661016949,0.5806451612903226,0.6428571428571428,0.0,0.5254237288135594,0.4745762711864407,0.23274755607136982,3
HDFCLIFE,1,0.7,686,76,109,2024-04-19,2024-12-04,0.47706422018348627,0.43678160919540227,0.4864864864864865,0.5094339622641509,0.46551724137931033,27,26,25,31,0.45871559633027525,0.45871559633027525,0.0,0.46788990825688076,0.0,0.0,0.0,0.0,0.4954128440366973,0.4954128440366973,0.5094339622641509,0.4464285714285714,0.0,0.48623853211009177,0.5137614678899083,0.21751400337924098,0
HDFCLIFE,2,0.75,735,81,109,2024-08-20,2025-04-03,0.45871559633027525,0.49254237288135594,0.512396694214876,0.43661971830985913,0.62,31,40,19,19,0.44954128440366975,0.46788990825688076,0.0,0.5779816513761468,0.0,0.0,0.0,0.0,0.5412844036697247,0.45871559633027525,0.43661971830985913,0.5,0.0,0.6513761467889908,0.3486238532110092,0.14639094664053917,0
HDFCLIFE,3,0.8,784,87,109,2024-12-05,2025-08-06,0.45871559633027525,0.43927125506072884,0.3917525773195876,0.4222222222222222,0.36538461538461536,19,26,31,33,0.44036697247706424,0.42201834862385323,0.0,0.5779816513761468,0.0,0.0,0.0,0.0,0.5504587155963303,0.45871559633027525,0.4222222222222222,0.484375,0.0,0.41284403669724773,0.5871559633027523,0.1733251134599494,0
HDFCLIFE,4,0.85,833,92,109,2025-04-04,2025-12-09,0.5504587155963303,0.5331304935767411,0.5882352941176471,0.5147058823529411,0.6862745098039216,35,33,25,16,0.46788990825688076,0.46788990825688076,0.0,0.46788990825688076,0.0,0.0,0.0,0.0,0.45871559633027525,0.48623853211009177,0.5147058823529411,0.6097560975609756,0.0,0.6238532110091743,0.3761467889908257,1.0,0
HDFCLIFE,5,0.9,882,98,109,2025-08-07,2026-04-16,0.5229357798165137,0.5138888888888888,0.4583333333333333,0.43137254901960786,0.4888888888888889,22,29,35,23,0.48623853211009177,0.48623853211009177,0.0,0.5596330275229358,0.0,0.0,0.0,0.0,0.5688073394495413,0.5779816513761468,0.43137254901960786,0.603448275862069,0.0,0.46788990825688076,0.5321100917431193,1.0,0
HDFCLIFE,6,0.95,931,103,55,2025-12-10,2026-04-16,0.5272727272727272,0.6038011695906432,0.4583333333333333,0.3793103448275862,0.5789473684210527,11,18,18,8,0.45454545454545453,0.32727272727272727,0.0,0.4909090909090909,0.0,0.0,0.0,0.0,0.6363636363636364,0.5818181818181818,0.3793103448275862,0.6923076923076923,0.0,0.5272727272727272,0.4727272727272727,1.0,3
SBILIFE,1,0.7,662,73,105,2024-04-10,2024-11-28,0.5714285714285714,0.5533625730994152,0.6511627906976745,0.5833333333333334,0.7368421052631579,42,30,18,15,0.5238095238095238,0.5428571428571428,0.0,0.49523809523809526,0.0,0.0,0.0,0.0,0.45714285714285713,0.5523809523809524,0.5833333333333334,0.5454545454545454,0.0,0.6857142857142857,0.3142857142857143,0.31329150381473714,0
SBILIFE,2,0.75,710,78,105,2024-08-05,2025-03-20,0.45714285714285713,0.42011619462599853,0.5648854961832062,0.4625,0.7254901960784313,37,43,11,14,0.4857142857142857,0.49523809523809526,0.0,0.5047619047619047,0.0,0.0,0.0,0.0,0.5047619047619047,0.4857142857142857,0.4625,0.43999999999999995,0.0,0.7619047619047619,0.23809523809523808,0.10000660285425449,0
SBILIFE,3,0.8,756,84,105,2024-12-02,2025-07-23,0.5428571428571428,0.5141509433962264,0.6065573770491803,0.5285714285714286,0.7115384615384616,37,33,20,15,0.4857142857142857,0.49523809523809526,0.0,0.49523809523809526,0.0,0.0,0.0,0.0,0.5619047619047619,0.5238095238095238,0.5285714285714286,0.5714285714285714,0.0,0.6666666666666666,0.3333333333333333,0.19362790573447516,0
SBILIFE,4,0.85,804,89,105,2025-03-21,2025-12-01,0.41904761904761906,0.4305454545454546,0.46956521739130436,0.45,0.4909090909090909,27,33,17,28,0.4666666666666667,0.5238095238095238,0.0,0.4857142857142857,0.0,0.0,0.0,0.0,0.47619047619047616,0.5142857142857142,0.45,0.37777777777777777,0.0,0.5714285714285714,0.42857142857142855,0.12749004234114975,0
SBILIFE,5,0.9,851,94,106,2025-07-24,2026-04-16,0.5283018867924528,0.49676724137931033,0.5283018867924528,0.5833333333333334,0.4827586206896552,28,20,28,30,0.46226415094339623,0.5377358490566038,0.0,0.5094339622641509,0.0,0.0,0.0,0.0,0.49056603773584906,0.46226415094339623,0.5833333333333334,0.48275862068965514,0.0,0.4528301886792453,0.5471698113207547,0.10000660285425449,0
SBILIFE,6,0.95,899,99,53,2025-12-02,2026-04-16,0.41509433962264153,0.44285714285714284,0.39215686274509803,0.43478260869565216,0.35714285714285715,10,13,12,18,0.4528301886792453,0.49056603773584906,0.0,0.5283018867924528,0.0,0.0,0.0,0.0,0.5094339622641509,0.5471698113207547,0.43478260869565216,0.4,0.0,0.4339622641509434,0.5660377358490566,0.17567340785513708,3
ICICIGI,1,0.7,676,75,108,2024-05-15,2024-12-24,0.5555555555555556,0.5411076711386309,0.5636363636363636,0.5849056603773585,0.543859649122807,31,22,29,26,0.48148148148148145,0.5185185185185185,0.0,0.5185185185185185,0.0,0.0,0.0,0.0,0.5740740740740741,0.5277777777777778,0.5849056603773585,0.5272727272727273,0.0,0.49074074074074076,0.5092592592592593,0.21980025828463642,0
ICICIGI,2,0.75,725,80,107,2024-09-12,2025-04-29,0.5046728971962616,0.4736279401282965,0.4421052631578947,0.42857142857142855,0.45652173913043476,21,28,33,25,0.5700934579439252,0.4672897196261682,0.0,0.5700934579439252,0.0,0.0,0.0,0.0,0.48598130841121495,0.45794392523364486,0.42857142857142855,0.5689655172413793,0.0,0.45794392523364486,0.5420560747663551,0.2922696010061892,0
ICICIGI,3,0.8,774,85,107,2024-12-27,2025-08-12,0.4672897196261682,0.4421052631578947,0.5581395348837209,0.45569620253164556,0.72,36,43,14,14,0.45794392523364486,0.4953271028037383,0.0,0.4672897196261682,0.0,0.0,0.0,0.0,0.5420560747663551,0.5233644859813084,0.45569620253164556,0.5,0.0,0.7383177570093458,0.2616822429906542,0.20631665304438268,0
ICICIGI,4,0.85,821,91,108,2025-04-30,2025-12-02,0.42592592592592593,0.4213966288269694,0.5507246376811594,0.4367816091954023,0.7450980392156863,38,49,8,13,0.5462962962962963,0.4351851851851852,0.0,0.46296296296296297,0.0,0.0,0.0,0.0,0.5,0.5277777777777778,0.4367816091954023,0.38095238095238093,0.0,0.8055555555555556,0.19444444444444445,0.16473145841764014,0
ICICIGI,5,0.9,870,96,108,2025-08-13,2026-04-16,0.49074074074074076,0.49862068965517237,0.5669291338582677,0.4675324675324675,0.72,36,41,17,14,0.5555555555555556,0.46296296296296297,0.0,0.5092592592592593,0.0,0.0,0.0,0.0,0.5370370370370371,0.46296296296296297,0.4675324675324675,0.5483870967741935,0.0,0.7129629629629629,0.28703703703703703,1.0,0
ICICIGI,6,0.95,918,102,54,2025-12-03,2026-04-16,0.5925925925925926,0.6333333333333333,0.5416666666666666,0.5416666666666666,0.5416666666666666,13,11,19,11,0.5555555555555556,0.4444444444444444,0.0,0.5555555555555556,0.0,0.0,0.0,0.0,0.6111111111111112,0.5370370370370371,0.5416666666666666,0.6333333333333333,0.0,0.4444444444444444,0.5555555555555556,1.0,3
MUTHOOTFIN,1,0.7,711,78,113,2024-04-24,2024-12-11,0.5663716814159292,0.503986710963455,0.6666666666666666,0.6363636363636364,0.7,49,28,15,21,0.5221238938053098,0.6194690265486725,0.0,0.4247787610619469,0.0,0.0,0.0,0.0,0.45132743362831856,0.5398230088495575,0.6363636363636364,0.41666666666666663,0.0,0.6814159292035398,0.3185840707964602,1.0,0
MUTHOOTFIN,2,0.75,762,84,112,2024-08-19,2025-04-08,0.5625,0.5737704918032787,0.5950413223140496,0.6,0.5901639344262295,36,24,27,25,0.5625,0.5446428571428571,0.0,0.49107142857142855,0.0,0.0,0.0,0.0,0.5446428571428571,0.5357142857142857,0.6,0.5192307692307692,0.0,0.5357142857142857,0.4642857142857143,1.0,0
MUTHOOTFIN,3,0.8,812,90,113,2024-12-12,2025-08-13,0.504424778761062,0.5256892230576442,0.5625,0.5070422535211268,0.631578947368421,36,35,21,21,0.5132743362831859,0.5398230088495575,0.0,0.4778761061946903,0.0,0.0,0.0,0.0,0.5398230088495575,0.49557522123893805,0.5070422535211268,0.5,0.0,0.6283185840707964,0.37168141592920356,0.2006685927165413,0
MUTHOOTFIN,4,0.85,863,95,113,2025-04-09,2025-12-08,0.4690265486725664,0.4361635220125786,0.5588235294117647,0.5,0.6333333333333333,38,38,15,22,0.46017699115044247,0.4778761061946903,0.0,0.5398230088495575,0.0,0.0,0.0,0.0,0.5309734513274337,0.46017699115044247,0.5,0.4054054054054054,0.0,0.672566371681416,0.3274336283185841,0.22793140855846022,0
MUTHOOTFIN,5,0.9,914,101,113,2025-08-19,2026-04-16,0.5663716814159292,0.555448717948718,0.6838709677419355,0.5888888888888889,0.8153846153846154,53,37,11,12,0.5752212389380531,0.5575221238938053,0.0,0.46017699115044247,0.0,0.0,0.0,0.0,0.5486725663716814,0.5221238938053098,0.5888888888888889,0.4782608695652174,0.0,0.7964601769911505,0.20353982300884957,0.3245369191103919,0
MUTHOOTFIN,6,0.95,964,107,57,2025-12-11,2026-04-16,0.6666666666666666,0.6508951406649617,0.7466666666666667,0.6829268292682927,0.8235294117647058,28,13,10,6,0.5614035087719298,0.543859649122807,0.0,0.5263157894736842,0.0,0.0,0.0,0.0,0.5964912280701754,0.5964912280701754,0.6829268292682927,0.625,0.0,0.7192982456140351,0.2807017543859649,0.3115666880531192,3
SHRIRAMFIN,1,0.7,744,82,118,2024-05-16,2025-01-03,0.4745762711864407,0.5188078703703703,0.5079365079365079,0.5161290322580645,0.5,32,30,24,32,0.6271186440677966,0.5423728813559322,0.0,0.4491525423728814,0.0,0.0,0.0,0.0,0.4491525423728814,0.5338983050847458,0.5161290322580645,0.4285714285714286,0.0,0.5254237288135594,0.4745762711864407,0.10000660285425449,0
SHRIRAMFIN,2,0.75,797,88,118,2024-09-06,2025-04-30,0.5169491525423728,0.5232323232323233,0.5581395348837209,0.4864864864864865,0.6545454545454545,36,38,25,19,0.5254237288135594,0.4830508474576271,0.0,0.4830508474576271,0.0,0.0,0.0,0.0,0.4406779661016949,0.4491525423728814,0.4864864864864865,0.5681818181818181,0.0,0.6271186440677966,0.3728813559322034,0.10000660285425449,0
SHRIRAMFIN,3,0.8,850,94,118,2025-01-07,2025-08-13,0.4322033898305085,0.5180375180375181,0.5786163522012578,0.4423076923076923,0.8363636363636363,46,58,5,9,0.5169491525423728,0.4491525423728814,0.0,0.5254237288135594,0.0,0.0,0.0,0.0,0.5338983050847458,0.4576271186440678,0.4423076923076923,0.3571428571428571,0.0,0.8813559322033898,0.11864406779661017,1.0,0
SHRIRAMFIN,4,0.85,903,100,118,2025-05-05,2025-12-09,0.4745762711864407,0.369815668202765,0.6219512195121951,0.5,0.8225806451612904,51,51,5,11,0.4491525423728814,0.5254237288135594,0.0,0.5,0.0,0.0,0.0,0.0,0.4745762711864407,0.5254237288135594,0.5,0.3125,0.0,0.864406779661017,0.13559322033898305,1.0,0
SHRIRAMFIN,5,0.9,956,106,118,2025-08-14,2026-04-16,0.4915254237288136,0.47966052092478784,0.5454545454545454,0.5538461538461539,0.5373134328358209,36,29,22,31,0.4915254237288136,0.5,0.0,0.5677966101694916,0.0,0.0,0.0,0.0,0.576271186440678,0.5508474576271186,0.5538461538461539,0.41509433962264153,0.0,0.5508474576271186,0.4491525423728814,1.0,0
SHRIRAMFIN,6,0.95,1009,112,59,2025-12-10,2026-04-16,0.5084745762711864,0.46296296296296297,0.5084745762711864,0.5555555555555556,0.46875,15,12,15,17,0.4576271186440678,0.5254237288135594,0.0,0.4067796610169492,0.0,0.0,0.0,0.0,0.5084745762711864,0.4745762711864407,0.5555555555555556,0.46875,0.0,0.4576271186440678,0.5423728813559322,0.14485328567135033,3
CHOLAFIN,1,0.7,760,84,120,2024-04-29,2024-12-10,0.55,0.5783904204956837,0.6197183098591549,0.5569620253164557,0.6984126984126984,44,35,22,19,0.5583333333333333,0.575,0.0,0.5416666666666666,0.0,0.0,0.0,0.0,0.49166666666666664,0.48333333333333334,0.5569620253164557,0.5365853658536586,0.0,0.6583333333333333,0.3416666666666667,0.19410297063804127,0
CHOLAFIN,2,0.75,814,90,121,2024-08-20,2025-04-03,0.4462809917355372,0.4386792452830188,0.4369747899159664,0.3939393939393939,0.49056603773584906,26,40,28,27,0.4132231404958678,0.3884297520661157,0.0,0.5702479338842975,0.0,0.0,0.0,0.0,0.512396694214876,0.5454545454545454,0.3939393939393939,0.509090909090909,0.0,0.5454545454545454,0.45454545454545453,0.2798811363048721,0
CHOLAFIN,3,0.8,868,96,121,2024-12-11,2025-07-30,0.5041322314049587,0.5279680365296804,0.5238095238095238,0.4230769230769231,0.6875,33,45,28,15,0.5289256198347108,0.5206611570247934,0.0,0.5785123966942148,0.0,0.0,0.0,0.0,0.4628099173553719,0.4793388429752066,0.4230769230769231,0.6511627906976745,0.0,0.6446280991735537,0.35537190082644626,0.28760346684211335,0
CHOLAFIN,4,0.85,923,102,120,2025-04-04,2025-12-03,0.5583333333333333,0.5513286713286714,0.5470085470085471,0.5161290322580645,0.5818181818181818,32,30,35,23,0.575,0.4583333333333333,0.0,0.5666666666666667,0.0,0.0,0.0,0.0,0.4666666666666667,0.525,0.5161290322580645,0.603448275862069,0.0,0.5166666666666667,0.48333333333333334,0.1908956044695899,0
CHOLAFIN,5,0.9,977,108,121,2025-07-31,2026-04-16,0.5289256198347108,0.5443349753694582,0.47706422018348627,0.5098039215686274,0.4482758620689655,26,25,38,32,0.5454545454545454,0.5206611570247934,0.0,0.5289256198347108,0.0,0.0,0.0,0.0,0.5206611570247934,0.5041322314049587,0.5098039215686274,0.5428571428571429,0.0,0.4214876033057851,0.5785123966942148,0.10248861502289065,0
CHOLAFIN,6,0.95,1031,114,61,2025-12-04,2026-04-16,0.5409836065573771,0.5378787878787878,0.5483870967741935,0.5,0.6071428571428571,17,17,16,11,0.4918032786885246,0.47540983606557374,0.0,0.5409836065573771,0.0,0.0,0.0,0.0,0.5573770491803278,0.4918032786885246,0.5,0.5925925925925926,0.0,0.5573770491803278,0.4426229508196721,0.15043533096654513,3
WIPRO,1,0.7,673,74,107,2024-05-08,2024-12-23,0.5327102803738317,0.536723163841808,0.5689655172413793,0.5789473684210527,0.559322033898305,33,24,24,26,0.5420560747663551,0.4485981308411215,0.0,0.5514018691588785,0.0,0.0,0.0,0.0,0.5327102803738317,0.5046728971962616,0.5789473684210527,0.48,0.0,0.5327102803738317,0.4672897196261682,1.0,0
WIPRO,2,0.75,721,80,106,2024-09-04,2025-04-17,0.49056603773584906,0.49964285714285717,0.5846153846153846,0.475,0.76,38,42,14,12,0.49056603773584906,0.5094339622641509,0.0,0.5188679245283019,0.0,0.0,0.0,0.0,0.46226415094339623,0.4716981132075472,0.475,0.5384615384615384,0.0,0.7547169811320755,0.24528301886792453,1.0,0
WIPRO,3,0.8,769,85,107,2024-12-27,2025-08-07,0.48598130841121495,0.5314265536723164,0.60431654676259,0.46153846153846156,0.875,42,49,10,6,0.5233644859813084,0.5233644859813084,0.0,0.4953271028037383,0.0,0.0,0.0,0.0,0.514018691588785,0.4485981308411215,0.46153846153846156,0.625,0.0,0.8504672897196262,0.14953271028037382,0.22553413043568496,0
WIPRO,4,0.85,817,90,107,2025-04-22,2025-12-11,0.5700934579439252,0.5626750700280112,0.54,0.6136363636363636,0.48214285714285715,27,17,34,29,0.5887850467289719,0.5327102803738317,0.0,0.5327102803738317,0.0,0.0,0.0,0.0,0.48598130841121495,0.514018691588785,0.6136363636363636,0.5396825396825398,0.0,0.411214953271028,0.5887850467289719,0.19469656765303178,0
WIPRO,5,0.9,865,96,107,2025-08-08,2026-04-16,0.5233644859813084,0.5745798319327732,0.5714285714285714,0.5396825396825397,0.6071428571428571,34,29,22,22,0.5794392523364486,0.5420560747663551,0.0,0.514018691588785,0.0,0.0,0.0,0.0,0.5233644859813084,0.5233644859813084,0.5396825396825397,0.5,0.0,0.5887850467289719,0.411214953271028,0.43292091899898666,0
WIPRO,6,0.95,913,101,54,2025-12-12,2026-04-16,0.5925925925925926,0.5631868131868132,0.6206896551724138,0.5625,0.6923076923076923,18,14,14,8,0.46296296296296297,0.48148148148148145,0.0,0.5185185185185185,0.0,0.0,0.0,0.0,0.48148148148148145,0.48148148148148145,0.5625,0.6363636363636364,0.0,0.5925925925925926,0.4074074074074074,0.10000660285425449,3
TCS,1,0.7,635,70,101,2024-04-09,2024-12-12,0.4752475247524752,0.5129716981132075,0.5619834710743802,0.5,0.6415094339622641,34,34,14,19,0.4752475247524752,0.4752475247524752,0.0,0.5148514851485149,0.0,0.0,0.0,0.0,0.504950495049505,0.5247524752475248,0.5,0.4242424242424242,0.0,0.6732673267326733,0.32673267326732675,0.24130697446595645,0
TCS,2,0.75,681,75,100,2024-08-13,2025-04-16,0.49,0.5219155844155845,0.6165413533834586,0.4606741573033708,0.9318181818181818,41,48,8,3,0.47,0.44,0.0,0.45,0.0,0.0,0.0,0.0,0.45,0.45,0.4606741573033708,0.7272727272727273,0.0,0.89,0.11,0.10000660285425449,0
TCS,3,0.8,726,80,101,2024-12-13,2025-08-21,0.45544554455445546,0.506967213114754,0.5454545454545454,0.4074074074074074,0.825,33,48,13,7,0.49504950495049505,0.42574257425742573,0.0,0.5544554455445545,0.0,0.0,0.0,0.0,0.38613861386138615,0.40594059405940597,0.4074074074074074,0.65,0.0,0.801980198019802,0.19801980198019803,1.0,0
TCS,4,0.85,771,85,101,2025-04-17,2025-12-17,0.45544554455445546,0.4641449960598896,0.5454545454545454,0.44594594594594594,0.7021276595744681,33,41,13,14,0.5247524752475248,0.46534653465346537,0.0,0.46534653465346537,0.0,0.0,0.0,0.0,0.49504950495049505,0.5148514851485149,0.44594594594594594,0.4814814814814815,0.0,0.7326732673267327,0.26732673267326734,1.0,0
TCS,5,0.9,817,90,101,2025-08-22,2026-04-16,0.5346534653465347,0.5306122448979591,0.6299212598425197,0.5128205128205128,0.8163265306122449,40,38,14,9,0.5148514851485149,0.46534653465346537,0.0,0.44554455445544555,0.0,0.0,0.0,0.0,0.504950495049505,0.49504950495049505,0.5128205128205128,0.6086956521739131,0.0,0.7722772277227723,0.22772277227722773,1.0,0
TCS,6,0.95,862,95,51,2025-12-19,2026-04-16,0.37254901960784315,0.3478260869565218,0.4666666666666667,0.3783783783783784,0.6086956521739131,14,23,5,9,0.39215686274509803,0.5490196078431373,0.0,0.43137254901960786,0.0,0.0,0.0,0.0,0.5490196078431373,0.49019607843137253,0.3783783783783784,0.3571428571428571,0.0,0.7254901960784313,0.27450980392156865,0.10000660285425449,3
INFY,1,0.7,679,75,108,2024-03-15,2024-12-04,0.5277777777777778,0.5108958837772397,0.6106870229007634,0.5555555555555556,0.6779661016949152,40,32,17,19,0.5185185185185185,0.49074074074074076,0.0,0.4537037037037037,0.0,0.0,0.0,0.0,0.4537037037037037,0.4722222222222222,0.5555555555555556,0.4722222222222222,0.0,0.6666666666666666,0.3333333333333333,1.0,0
INFY,2,0.75,728,80,108,2024-07-30,2025-03-27,0.5370370370370371,0.5805898491083676,0.5901639344262295,0.5294117647058824,0.6666666666666666,36,32,22,18,0.5462962962962963,0.5,0.0,0.5740740740740741,0.0,0.0,0.0,0.0,0.48148148148148145,0.5185185185185185,0.5294117647058824,0.55,0.0,0.6296296296296297,0.37037037037037035,1.0,0
INFY,3,0.8,776,86,108,2024-12-05,2025-08-01,0.4074074074074074,0.4399724802201582,0.49206349206349204,0.41333333333333333,0.6078431372549019,31,44,13,20,0.4537037037037037,0.5277777777777778,0.0,0.5092592592592593,0.0,0.0,0.0,0.0,0.4722222222222222,0.5370370370370371,0.41333333333333333,0.3939393939393939,0.0,0.6944444444444444,0.3055555555555556,0.10000660285425449,0
INFY,4,0.85,825,91,108,2025-03-28,2025-12-09,0.5185185185185185,0.5676510989010989,0.6533333333333333,0.5,0.9423076923076923,49,49,7,3,0.5555555555555556,0.5370370370370371,0.0,0.5648148148148148,0.0,0.0,0.0,0.0,0.5092592592592593,0.5092592592592593,0.5,0.7,0.0,0.9074074074074074,0.09259259259259259,1.0,0
INFY,5,0.9,873,97,108,2025-08-04,2026-04-10,0.5185185185185185,0.5152777777777777,0.543859649122807,0.4696969696969697,0.6458333333333334,31,35,25,17,0.5092592592592593,0.5740740740740741,0.0,0.5,0.0,0.0,0.0,0.0,0.5555555555555556,0.5185185185185185,0.4696969696969697,0.5952380952380952,0.0,0.6111111111111112,0.3888888888888889,1.0,0
INFY,6,0.95,922,102,54,2025-12-10,2026-04-10,0.46296296296296297,0.39551192145862557,0.40816326530612246,0.38461538461538464,0.43478260869565216,10,16,15,13,0.3888888888888889,0.5370370370370371,0.0,0.37037037037037035,0.0,0.0,0.0,0.0,0.5185185185185185,0.42592592592592593,0.38461538461538464,0.5357142857142857,0.0,0.48148148148148145,0.5185185185185185,0.10000660285425449,3
HCLTECH,1,0.7,666,74,106,2024-04-29,2024-12-27,0.5,0.42987249544626593,0.6442953020134228,0.5454545454545454,0.7868852459016393,48,40,5,13,0.5094339622641509,0.46226415094339623,0.0,0.49056603773584906,0.0,0.0,0.0,0.0,0.5094339622641509,0.4716981132075472,0.5454545454545454,0.2777777777777778,0.0,0.8301886792452831,0.16981132075471697,0.44610926100660425,0
HCLTECH,2,0.75,714,79,106,2024-08-23,2025-04-23,0.5283018867924528,0.5364285714285714,0.6428571428571429,0.5357142857142857,0.8035714285714286,45,39,11,11,0.5377358490566038,0.5283018867924528,0.0,0.49056603773584906,0.0,0.0,0.0,0.0,0.5377358490566038,0.5188679245283019,0.5357142857142857,0.5,0.0,0.7924528301886793,0.20754716981132076,0.2288523210145616,0
HCLTECH,3,0.8,762,84,106,2024-12-30,2025-08-06,0.42452830188679247,0.4485714285714286,0.5196850393700787,0.42857142857142855,0.66,33,44,12,17,0.5283018867924528,0.5283018867924528,0.0,0.5094339622641509,0.0,0.0,0.0,0.0,0.4716981132075472,0.36792452830188677,0.42857142857142855,0.4137931034482759,0.0,0.7264150943396226,0.27358490566037735,0.12048147665054602,0
HCLTECH,4,0.85,810,89,106,2025-04-24,2025-12-08,0.4716981132075472,0.46060606060606063,0.6216216216216216,0.4742268041237113,0.9019607843137255,46,51,4,5,0.5,0.4811320754716981,0.0,0.4528301886792453,0.0,0.0,0.0,0.0,0.5188679245283019,0.46226415094339623,0.4742268041237113,0.4444444444444444,0.0,0.9150943396226415,0.08490566037735849,1.0,0
HCLTECH,5,0.9,857,95,106,2025-08-08,2026-04-16,0.4528301886792453,0.489498042007832,0.5538461538461539,0.4675324675324675,0.6792452830188679,36,41,12,17,0.5283018867924528,0.5,0.0,0.5,0.0,0.0,0.0,0.0,0.4716981132075472,0.5283018867924528,0.4675324675324675,0.4137931034482759,0.0,0.7264150943396226,0.27358490566037735,1.0,0
HCLTECH,6,0.95,905,100,53,2025-12-09,2026-04-16,0.4528301886792453,0.4714285714285714,0.49122807017543857,0.4375,0.56,14,18,10,11,0.5283018867924528,0.5471698113207547,0.0,0.4528301886792453,0.0,0.0,0.0,0.0,0.4339622641509434,0.5283018867924528,0.4375,0.47619047619047616,0.0,0.6037735849056604,0.39622641509433965,1.0,3
TECHM,1,0.7,701,77,111,2024-03-21,2024-11-13,0.5135135135135135,0.5286831812255541,0.5645161290322581,0.5384615384615384,0.5932203389830508,35,30,22,24,0.5045045045045045,0.5045045045045045,0.0,0.5675675675675675,0.0,0.0,0.0,0.0,0.5495495495495496,0.5225225225225225,0.5384615384615384,0.4782608695652174,0.0,0.5855855855855856,0.4144144144144144,0.24330203955700452,0
TECHM,2,0.75,751,83,111,2024-08-02,2025-03-26,0.5225225225225225,0.5585556278464542,0.6015037593984962,0.5,0.7547169811320755,40,40,18,13,0.5765765765765766,0.5225225225225225,0.0,0.46846846846846846,0.0,0.0,0.0,0.0,0.5225225225225225,0.5135135135135135,0.5,0.5806451612903225,0.0,0.7207207207207207,0.27927927927927926,1.0,0
TECHM,3,0.8,801,88,111,2024-11-14,2025-07-24,0.4594594594594595,0.49480181936322293,0.589041095890411,0.4673913043478261,0.7962962962962963,43,49,8,11,0.5135135135135135,0.5135135135135135,0.0,0.4864864864864865,0.0,0.0,0.0,0.0,0.46846846846846846,0.5495495495495496,0.4673913043478261,0.42105263157894735,0.0,0.8288288288288288,0.17117117117117117,0.31392119778561667,0
TECHM,4,0.85,851,94,111,2025-03-28,2025-11-25,0.5135135135135135,0.4967532467532467,0.6142857142857143,0.5119047619047619,0.7678571428571429,43,41,14,13,0.4954954954954955,0.5045045045045045,0.0,0.45045045045045046,0.0,0.0,0.0,0.0,0.5585585585585585,0.5225225225225225,0.5119047619047619,0.5185185185185186,0.0,0.7567567567567568,0.24324324324324326,0.19880296329281158,0
TECHM,5,0.9,900,100,112,2025-07-25,2026-04-16,0.5803571428571429,0.547049441786284,0.6115702479338843,0.5606060606060606,0.6727272727272727,37,29,28,18,0.4732142857142857,0.4107142857142857,0.0,0.49107142857142855,0.0,0.0,0.0,0.0,0.5089285714285714,0.5446428571428571,0.5606060606060606,0.6086956521739131,0.0,0.5892857142857143,0.4107142857142857,0.10000660285425449,0
TECHM,6,0.95,951,105,56,2025-11-26,2026-04-16,0.5535714285714286,0.5019157088122604,0.576271186440678,0.53125,0.6296296296296297,17,15,14,10,0.5535714285714286,0.5178571428571429,0.0,0.5357142857142857,0.0,0.0,0.0,0.0,0.48214285714285715,0.5892857142857143,0.53125,0.5833333333333333,0.0,0.5714285714285714,0.42857142857142855,0.10382577581045296,3
LTIM,1,0.7,707,78,112,2024-03-06,2024-11-27,0.5535714285714286,0.5448717948717949,0.6835443037974683,0.5510204081632653,0.9,54,44,8,6,0.4732142857142857,0.5,0.0,0.5089285714285714,0.0,0.0,0.0,0.0,0.5357142857142857,0.4732142857142857,0.5510204081632653,0.5714285714285714,0.0,0.875,0.125,0.3983814876121481,0
LTIM,2,0.75,757,84,112,2024-07-29,2025-03-13,0.49107142857142855,0.44547193877551017,0.6122448979591837,0.4945054945054945,0.8035714285714286,45,46,10,11,0.5178571428571429,0.5,0.0,0.49107142857142855,0.0,0.0,0.0,0.0,0.5,0.4732142857142857,0.4945054945054945,0.47619047619047616,0.0,0.8125,0.1875,1.0,0
LTIM,3,0.8,808,89,112,2024-12-02,2025-07-30,0.5089285714285714,0.521531100478469,0.5217391304347826,0.5,0.5454545454545454,30,30,27,25,0.5535714285714286,0.5089285714285714,0.0,0.49107142857142855,0.0,0.0,0.0,0.0,0.5714285714285714,0.5714285714285714,0.5,0.5192307692307692,0.0,0.5357142857142857,0.4642857142857143,0.13380510683858046,0
LTIM,4,0.85,858,95,112,2025-03-19,2025-12-04,0.5267857142857143,0.4431818181818181,0.6293706293706294,0.6,0.6617647058823529,45,30,14,23,0.5446428571428571,0.5089285714285714,0.0,0.5446428571428571,0.0,0.0,0.0,0.0,0.49107142857142855,0.42857142857142855,0.6,0.3783783783783784,0.0,0.6696428571428571,0.33035714285714285,0.14681939486819445,0
LTIM,5,0.9,909,100,113,2025-07-31,2026-04-16,0.504424778761062,0.46107972379158824,0.6,0.5185185185185185,0.711864406779661,42,39,15,17,0.5486725663716814,0.5486725663716814,0.0,0.504424778761062,0.0,0.0,0.0,0.0,0.415929203539823,0.5309734513274337,0.5185185185185185,0.46875,0.0,0.7168141592920354,0.2831858407079646,0.48476177220285804,0
LTIM,6,0.95,959,106,57,2025-12-05,2026-04-16,0.40350877192982454,0.5064935064935066,0.39285714285714285,0.3235294117647059,0.5,11,23,12,11,0.5263157894736842,0.42105263157894735,0.0,0.40350877192982454,0.0,0.0,0.0,0.0,0.45614035087719296,0.49122807017543857,0.3235294117647059,0.5217391304347826,0.0,0.5964912280701754,0.40350877192982454,0.3178818130440378,3
MPHASIS,1,0.7,738,81,117,2024-04-16,2024-12-06,0.5213675213675214,0.5092097445038621,0.6363636363636364,0.5568181818181818,0.7424242424242424,49,39,12,17,0.5641025641025641,0.6068376068376068,0.0,0.5641025641025641,0.0,0.0,0.0,0.0,0.46153846153846156,0.5641025641025641,0.5568181818181818,0.4137931034482759,0.0,0.7521367521367521,0.24786324786324787,0.19634731587039778,0
MPHASIS,2,0.75,790,87,117,2024-08-14,2025-03-28,0.47863247863247865,0.48070175438596496,0.5960264900662252,0.4945054945054945,0.75,45,46,11,15,0.452991452991453,0.5213675213675214,0.0,0.49572649572649574,0.0,0.0,0.0,0.0,0.5555555555555556,0.5128205128205128,0.4945054945054945,0.42307692307692313,0.0,0.7777777777777778,0.2222222222222222,1.0,0
MPHASIS,3,0.8,843,93,117,2024-12-09,2025-08-05,0.48717948717948717,0.46119929453262787,0.5588235294117647,0.4634146341463415,0.7037037037037037,38,44,19,16,0.5128205128205128,0.47863247863247865,0.0,0.452991452991453,0.0,0.0,0.0,0.0,0.49572649572649574,0.5213675213675214,0.4634146341463415,0.5428571428571429,0.0,0.7008547008547008,0.29914529914529914,0.1485859494062799,0
MPHASIS,4,0.85,895,99,117,2025-04-02,2025-12-03,0.47863247863247865,0.49707602339181284,0.5343511450381679,0.49295774647887325,0.5833333333333334,35,36,21,25,0.49572649572649574,0.5128205128205128,0.0,0.4444444444444444,0.0,0.0,0.0,0.0,0.5213675213675214,0.5470085470085471,0.49295774647887325,0.4565217391304348,0.0,0.6068376068376068,0.39316239316239315,1.0,0
MPHASIS,5,0.9,948,105,117,2025-08-06,2026-04-16,0.37606837606837606,0.36491228070175435,0.4251968503937008,0.38571428571428573,0.47368421052631576,27,43,17,30,0.5128205128205128,0.4017094017094017,0.0,0.5299145299145299,0.0,0.0,0.0,0.0,0.4444444444444444,0.5042735042735043,0.38571428571428573,0.36170212765957444,0.0,0.5982905982905983,0.4017094017094017,0.10931779561861274,0
MPHASIS,6,0.95,1000,111,59,2025-12-04,2026-04-16,0.5084745762711864,0.5552941176470588,0.5538461538461539,0.45,0.72,18,22,12,7,0.6440677966101694,0.576271186440678,0.0,0.4915254237288136,0.0,0.0,0.0,0.0,0.423728813559322,0.6610169491525424,0.45,0.631578947368421,0.0,0.6779661016949152,0.3220338983050847,0.22795665719083338,3
PERSISTENT,1,0.7,742,82,118,2024-05-22,2025-01-01,0.4661016949152542,0.386977886977887,0.6037735849056604,0.5647058823529412,0.6486486486486487,48,37,7,26,0.5423728813559322,0.4915254237288136,0.0,0.5,0.0,0.0,0.0,0.0,0.576271186440678,0.4661016949152542,0.5647058823529412,0.21212121212121215,0.0,0.7203389830508474,0.2796610169491525,0.22136854513589838,0
PERSISTENT,2,0.75,795,88,118,2024-09-09,2025-04-22,0.4915254237288136,0.43275862068965515,0.625,0.5,0.8333333333333334,50,50,8,10,0.4661016949152542,0.4322033898305085,0.0,0.4491525423728814,0.0,0.0,0.0,0.0,0.559322033898305,0.5084745762711864,0.5,0.4444444444444444,0.0,0.847457627118644,0.15254237288135594,0.17151470690502857,0
PERSISTENT,3,0.8,848,94,118,2025-01-03,2025-08-11,0.4322033898305085,0.5343868890839918,0.5786163522012578,0.42592592592592593,0.9019607843137255,46,62,5,5,0.4406779661016949,0.4491525423728814,0.0,0.4406779661016949,0.0,0.0,0.0,0.0,0.4406779661016949,0.4322033898305085,0.42592592592592593,0.5,0.0,0.9152542372881356,0.0847457627118644,0.24014799104166085,0
PERSISTENT,4,0.85,901,100,118,2025-04-24,2025-12-09,0.4830508474576271,0.521889400921659,0.6473988439306358,0.47863247863247865,1.0,56,61,1,0,0.4322033898305085,0.4745762711864407,0.0,0.4576271186440678,0.0,0.0,0.0,0.0,0.5254237288135594,0.5084745762711864,0.47863247863247865,1.0,0.0,0.9915254237288136,0.00847457627118644,1.0,0
PERSISTENT,5,0.9,954,106,118,2025-08-13,2026-04-16,0.4745762711864407,0.5244815668202765,0.6309523809523809,0.4732142857142857,0.9464285714285714,53,59,3,3,0.5084745762711864,0.559322033898305,0.0,0.5254237288135594,0.0,0.0,0.0,0.0,0.4661016949152542,0.559322033898305,0.4732142857142857,0.5,0.0,0.9491525423728814,0.05084745762711865,1.0,0
PERSISTENT,6,0.95,1008,111,59,2025-12-10,2026-04-16,0.4406779661016949,0.4312354312354312,0.4406779661016949,0.3939393939393939,0.5,13,20,13,13,0.4576271186440678,0.4745762711864407,0.0,0.6101694915254238,0.0,0.0,0.0,0.0,0.5084745762711864,0.6101694915254238,0.3939393939393939,0.5,0.0,0.559322033898305,0.4406779661016949,0.17866078639175997,3
COFORGE,1,0.7,757,84,120,2024-04-05,2024-12-16,0.5166666666666667,0.49647473560517036,0.5972222222222222,0.6142857142857143,0.581081081081081,43,27,19,31,0.5583333333333333,0.38333333333333336,0.0,0.44166666666666665,0.0,0.0,0.0,0.0,0.39166666666666666,0.44166666666666665,0.6142857142857143,0.38,0.0,0.5833333333333334,0.4166666666666667,0.134626410859165,0
COFORGE,2,0.75,811,90,120,2024-08-19,2025-04-30,0.55,0.5590277777777779,0.6707317073170732,0.5978260869565217,0.7638888888888888,55,37,11,17,0.49166666666666664,0.49166666666666664,0.0,0.6083333333333333,0.0,0.0,0.0,0.0,0.36666666666666664,0.5916666666666667,0.5978260869565217,0.3928571428571429,0.0,0.7666666666666667,0.23333333333333334,0.3619636119110315,0
COFORGE,3,0.8,865,96,120,2024-12-17,2025-08-14,0.45,0.4763636363636364,0.5822784810126582,0.4946236559139785,0.7076923076923077,46,47,8,19,0.4666666666666667,0.43333333333333335,0.0,0.55,0.0,0.0,0.0,0.0,0.5416666666666666,0.5333333333333333,0.4946236559139785,0.2962962962962963,0.0,0.775,0.225,0.1735555442922512,0
COFORGE,4,0.85,919,102,120,2025-05-05,2025-12-11,0.48333333333333334,0.3702213279678068,0.6219512195121951,0.5483870967741935,0.7183098591549296,51,42,7,20,0.44166666666666665,0.43333333333333335,0.0,0.55,0.0,0.0,0.0,0.0,0.5916666666666667,0.575,0.5483870967741935,0.2592592592592593,0.0,0.775,0.225,0.19338141829424946,0
COFORGE,5,0.9,973,108,121,2025-08-19,2026-04-10,0.48760330578512395,0.4972677595628415,0.5974025974025974,0.48936170212765956,0.7666666666666667,46,48,13,14,0.48760330578512395,0.49586776859504134,0.0,0.5206611570247934,0.0,0.0,0.0,0.0,0.49586776859504134,0.5454545454545454,0.48936170212765956,0.4814814814814815,0.0,0.7768595041322314,0.2231404958677686,0.3816367465214253,0
COFORGE,6,0.95,1027,114,61,2025-12-12,2026-04-10,0.4262295081967213,0.4411111111111111,0.5205479452054794,0.3958333333333333,0.76,19,29,7,6,0.5573770491803278,0.4098360655737705,0.0,0.5081967213114754,0.0,0.0,0.0,0.0,0.4098360655737705,0.4426229508196721,0.3958333333333333,0.5384615384615384,0.0,0.7868852459016393,0.21311475409836064,0.17018370298900493,3
TATAELXSI,1,0.7,719,79,114,2024-04-16,2024-12-12,0.49122807017543857,0.49275808936825893,0.46296296296296297,0.4716981132075472,0.45454545454545453,25,28,31,30,0.43859649122807015,0.5175438596491229,0.0,0.43859649122807015,0.0,0.0,0.0,0.0,0.47368421052631576,0.5263157894736842,0.4716981132075472,0.5081967213114754,0.0,0.4649122807017544,0.5350877192982456,0.14763336680280276,0
TATAELXSI,2,0.75,770,85,114,2024-08-28,2025-04-07,0.49122807017543857,0.456017783423309,0.42,0.39622641509433965,0.44680851063829785,21,32,35,26,0.5087719298245614,0.5263157894736842,0.0,0.4824561403508772,0.0,0.0,0.0,0.0,0.5263157894736842,0.5350877192982456,0.39622641509433965,0.5737704918032787,0.0,0.4649122807017544,0.5350877192982456,0.10000660285425449,0
TATAELXSI,3,0.8,821,91,114,2024-12-16,2025-08-11,0.5964912280701754,0.5707196029776676,0.5306122448979592,0.5652173913043478,0.5,26,20,42,26,0.5877192982456141,0.5263157894736842,0.0,0.43859649122807015,0.0,0.0,0.0,0.0,0.5877192982456141,0.5614035087719298,0.5652173913043478,0.6176470588235294,0.0,0.40350877192982454,0.5964912280701754,0.2563615242349449,0
TATAELXSI,4,0.85,873,96,114,2025-04-08,2025-12-09,0.5087719298245614,0.4682957005876895,0.40425531914893614,0.4634146341463415,0.3584905660377358,19,22,39,34,0.45614035087719296,0.5350877192982456,0.0,0.45614035087719296,0.0,0.0,0.0,0.0,0.4824561403508772,0.5350877192982456,0.4634146341463415,0.5342465753424658,0.0,0.35964912280701755,0.6403508771929824,0.12203697049001017,0
TATAELXSI,5,0.9,924,102,115,2025-08-12,2026-04-16,0.5304347826086957,0.505907960199005,0.4489795918367347,0.44,0.4583333333333333,22,28,39,26,0.5043478260869565,0.5826086956521739,0.0,0.6,0.0,0.0,0.0,0.0,0.48695652173913045,0.5304347826086957,0.44,0.6,0.0,0.43478260869565216,0.5652173913043478,0.19453216151187958,0
TATAELXSI,6,0.95,975,108,58,2025-12-10,2026-04-16,0.5,0.5381818181818182,0.5915492957746479,0.45652173913043476,0.84,21,25,8,4,0.5,0.5689655172413793,0.0,0.5172413793103449,0.0,0.0,0.0,0.0,0.5689655172413793,0.5172413793103449,0.45652173913043476,0.6666666666666667,0.0,0.7931034482758621,0.20689655172413793,0.15067456334627016,3
M&M,1,0.7,697,77,111,2024-05-10,2024-12-16,0.4954954954954955,0.45634920634920634,0.6,0.5454545454545454,0.6666666666666666,42,35,13,21,0.4774774774774775,0.5675675675675675,0.0,0.5135135135135135,0.0,0.0,0.0,0.0,0.5495495495495496,0.4774774774774775,0.5454545454545454,0.38235294117647056,0.0,0.6936936936936937,0.3063063063063063,0.2977371790755979,0
M&M,2,0.75,747,83,110,2024-08-30,2025-04-03,0.43636363636363634,0.3617724867724868,0.5571428571428572,0.4642857142857143,0.6964285714285714,39,45,9,17,0.509090909090909,0.509090909090909,0.0,0.5363636363636364,0.0,0.0,0.0,0.0,0.5181818181818182,0.5181818181818182,0.4642857142857143,0.34615384615384615,0.0,0.7636363636363637,0.23636363636363636,0.21100536844904694,0
M&M,3,0.8,797,88,111,2024-12-18,2025-08-08,0.46846846846846846,0.4220990873533247,0.593103448275862,0.5,0.7288135593220338,43,43,9,16,0.4594594594594595,0.5315315315315315,0.0,0.5225225225225225,0.0,0.0,0.0,0.0,0.5315315315315315,0.5315315315315315,0.5,0.36,0.0,0.7747747747747747,0.22522522522522523,0.2564883258164888,0
M&M,4,0.85,846,94,111,2025-04-04,2025-12-04,0.4864864864864865,0.44813829787234044,0.6415094339622641,0.5368421052631579,0.796875,51,44,3,13,0.5495495495495496,0.5765765765765766,0.0,0.5495495495495496,0.0,0.0,0.0,0.0,0.4954954954954955,0.5765765765765766,0.5368421052631579,0.1875,0.0,0.8558558558558559,0.14414414414414414,0.4895394542516236,0
M&M,5,0.9,897,99,111,2025-08-11,2026-04-16,0.4954954954954955,0.48051948051948057,0.6216216216216216,0.5,0.8214285714285714,46,46,9,10,0.5315315315315315,0.5045045045045045,0.0,0.4954954954954955,0.0,0.0,0.0,0.0,0.5045045045045045,0.5045045045045045,0.5,0.4736842105263158,0.0,0.8288288288288288,0.17117117117117117,0.46888703411113947,0
M&M,6,0.95,946,105,56,2025-12-05,2026-04-16,0.39285714285714285,0.49935483870967745,0.5405405405405406,0.40816326530612246,0.8,20,29,2,5,0.5,0.5,0.0,0.44642857142857145,0.0,0.0,0.0,0.0,0.48214285714285715,0.44642857142857145,0.40816326530612246,0.2857142857142857,0.0,0.875,0.125,0.3963059370580498,3
MARUTI,1,0.7,656,72,104,2024-04-29,2024-12-12,0.4326923076923077,0.42730299667036625,0.48695652173913045,0.4375,0.5490196078431373,28,36,17,23,0.4326923076923077,0.5,0.0,0.46153846153846156,0.0,0.0,0.0,0.0,0.47115384615384615,0.5384615384615384,0.4375,0.42500000000000004,0.0,0.6153846153846154,0.38461538461538464,0.16064345960195514,0
MARUTI,2,0.75,702,78,104,2024-08-26,2025-04-24,0.4423076923076923,0.4497946995147443,0.5084745762711864,0.4225352112676056,0.6382978723404256,30,41,16,17,0.49038461538461536,0.4519230769230769,0.0,0.5192307692307693,0.0,0.0,0.0,0.0,0.47115384615384615,0.4807692307692308,0.4225352112676056,0.48484848484848486,0.0,0.6826923076923077,0.3173076923076923,0.11978873075503936,0
MARUTI,3,0.8,749,83,104,2024-12-16,2025-08-11,0.5096153846153846,0.608583055863855,0.6222222222222222,0.5,0.8235294117647058,42,42,11,9,0.5096153846153846,0.49038461538461536,0.0,0.5288461538461539,0.0,0.0,0.0,0.0,0.5384615384615384,0.5,0.5,0.55,0.0,0.8076923076923077,0.19230769230769232,1.0,0
MARUTI,4,0.85,796,88,104,2025-04-25,2025-12-23,0.5480769230769231,0.527258863896302,0.5982905982905983,0.625,0.5737704918032787,35,21,22,26,0.5192307692307693,0.5865384615384616,0.0,0.5865384615384616,0.0,0.0,0.0,0.0,0.46153846153846156,0.40384615384615385,0.625,0.45833333333333337,0.0,0.5384615384615384,0.46153846153846156,1.0,0
MARUTI,5,0.9,843,93,105,2025-08-13,2026-04-16,0.5047619047619047,0.46308479532163743,0.559322033898305,0.5409836065573771,0.5789473684210527,33,28,20,24,0.4380952380952381,0.49523809523809526,0.0,0.47619047619047616,0.0,0.0,0.0,0.0,0.5142857142857142,0.47619047619047616,0.5409836065573771,0.4545454545454546,0.0,0.580952380952381,0.41904761904761906,0.4355678886770406,0
MARUTI,6,0.95,890,98,53,2025-12-24,2026-04-16,0.4716981132075472,0.4885057471264368,0.5333333333333333,0.4444444444444444,0.6666666666666666,16,20,9,8,0.4716981132075472,0.4528301886792453,0.0,0.41509433962264153,0.0,0.0,0.0,0.0,0.5283018867924528,0.4716981132075472,0.4444444444444444,0.5294117647058824,0.0,0.6792452830188679,0.32075471698113206,0.10000660285425449,3
BAJAJ-AUTO,1,0.7,662,73,105,2024-05-16,2024-12-19,0.5238095238095238,0.4614545454545455,0.6527777777777778,0.5280898876404494,0.8545454545454545,47,42,8,8,0.45714285714285713,0.5238095238095238,0.0,0.42857142857142855,0.0,0.0,0.0,0.0,0.5523809523809524,0.5047619047619047,0.5280898876404494,0.5,0.0,0.8476190476190476,0.1523809523809524,0.23647740316253468,0
BAJAJ-AUTO,2,0.75,710,78,105,2024-09-10,2025-04-29,0.45714285714285713,0.5898752751283932,0.6068965517241379,0.4489795918367347,0.9361702127659575,44,54,4,3,0.44761904761904764,0.44761904761904764,0.0,0.5523809523809524,0.0,0.0,0.0,0.0,0.4666666666666667,0.49523809523809526,0.4489795918367347,0.5714285714285714,0.0,0.9333333333333333,0.06666666666666667,0.19471627592242416,0
BAJAJ-AUTO,3,0.8,756,84,105,2024-12-24,2025-08-25,0.3904761904761905,0.3802612481857765,0.43859649122807015,0.4098360655737705,0.4716981132075472,25,36,16,28,0.4380952380952381,0.5047619047619047,0.0,0.45714285714285713,0.0,0.0,0.0,0.0,0.5047619047619047,0.5142857142857142,0.4098360655737705,0.36363636363636365,0.0,0.580952380952381,0.41904761904761906,1.0,0
BAJAJ-AUTO,4,0.85,804,89,105,2025-04-30,2025-12-23,0.4380952380952381,0.4129172714078374,0.5203252032520326,0.45714285714285713,0.6037735849056604,32,38,14,21,0.5523809523809524,0.4666666666666667,0.0,0.5047619047619047,0.0,0.0,0.0,0.0,0.5619047619047619,0.44761904761904764,0.45714285714285713,0.4,0.0,0.6666666666666666,0.3333333333333333,0.1891921749238097,0
BAJAJ-AUTO,5,0.9,851,94,106,2025-08-29,2026-04-16,0.5283018867924528,0.5096428571428571,0.5967741935483871,0.5441176470588235,0.6607142857142857,37,31,19,19,0.5188679245283019,0.4339622641509434,0.0,0.5283018867924528,0.0,0.0,0.0,0.0,0.5283018867924528,0.5283018867924528,0.5441176470588235,0.5,0.0,0.6415094339622641,0.3584905660377358,0.10000660285425449,0
BAJAJ-AUTO,6,0.95,899,99,53,2025-12-24,2026-04-16,0.6226415094339622,0.5967741935483871,0.7142857142857143,0.6410256410256411,0.8064516129032258,25,14,8,6,0.5094339622641509,0.4716981132075472,0.0,0.5660377358490566,0.0,0.0,0.0,0.0,0.5849056603773585,0.49056603773584906,0.6410256410256411,0.5714285714285714,0.0,0.7358490566037735,0.2641509433962264,1.0,3
TVSMOTOR,1,0.7,712,79,113,2024-04-22,2024-12-02,0.4778761061946903,0.3600902643455835,0.6143790849673203,0.5402298850574713,0.7121212121212122,47,40,7,19,0.4336283185840708,0.584070796460177,0.0,0.5221238938053098,0.0,0.0,0.0,0.0,0.4690265486725664,0.4690265486725664,0.5402298850574713,0.2692307692307693,0.0,0.7699115044247787,0.23008849557522124,0.1514792387613816,0
TVSMOTOR,2,0.75,763,84,113,2024-08-07,2025-03-24,0.504424778761062,0.46374527112232033,0.65,0.5252525252525253,0.8524590163934426,52,47,5,9,0.4690265486725664,0.5398230088495575,0.0,0.5309734513274337,0.0,0.0,0.0,0.0,0.5132743362831859,0.5309734513274337,0.5252525252525253,0.3571428571428571,0.0,0.8761061946902655,0.12389380530973451,0.15606933959137942,0
TVSMOTOR,3,0.8,814,90,113,2024-12-03,2025-07-21,0.5221238938053098,0.5426867545511613,0.64,0.5274725274725275,0.8135593220338984,48,43,11,11,0.45132743362831856,0.5221238938053098,0.0,0.5575221238938053,0.0,0.0,0.0,0.0,0.504424778761062,0.5663716814159292,0.5274725274725275,0.5,0.0,0.8053097345132744,0.19469026548672566,0.2187502477253495,0
TVSMOTOR,4,0.85,864,96,113,2025-03-25,2025-12-11,0.5132743362831859,0.5238993710691824,0.6625766871165644,0.5242718446601942,0.9,54,49,4,6,0.5221238938053098,0.5309734513274337,0.0,0.5309734513274337,0.0,0.0,0.0,0.0,0.5398230088495575,0.5132743362831859,0.5242718446601942,0.4,0.0,0.911504424778761,0.08849557522123894,0.5454906588825571,0
TVSMOTOR,5,0.9,916,101,113,2025-07-24,2026-04-16,0.48672566371681414,0.3994360902255639,0.6419753086419753,0.49056603773584906,0.9285714285714286,52,54,3,4,0.4336283185840708,0.4690265486725664,0.0,0.4690265486725664,0.0,0.0,0.0,0.0,0.4424778761061947,0.504424778761062,0.49056603773584906,0.4285714285714286,0.0,0.9380530973451328,0.061946902654867256,0.37453394397134254,0
TVSMOTOR,6,0.95,966,107,57,2025-12-12,2026-04-16,0.47368421052631576,0.5508684863523574,0.6341463414634146,0.4642857142857143,1.0,26,30,1,0,0.49122807017543857,0.45614035087719296,0.0,0.42105263157894735,0.0,0.0,0.0,0.0,0.45614035087719296,0.43859649122807015,0.4642857142857143,1.0,0.0,0.9824561403508771,0.017543859649122806,0.4235516212937964,3
HEROMOTOCO,1,0.7,697,77,111,2024-05-16,2025-01-01,0.4864864864864865,0.5377358490566038,0.6122448979591837,0.4787234042553192,0.8490566037735849,45,49,9,8,0.5225225225225225,0.4954954954954955,0.0,0.46846846846846846,0.0,0.0,0.0,0.0,0.46846846846846846,0.4864864864864865,0.4787234042553192,0.5294117647058824,0.0,0.8468468468468469,0.15315315315315314,0.28872915184012193,0
HEROMOTOCO,2,0.75,747,83,110,2024-09-16,2025-04-24,0.509090909090909,0.5689538043478262,0.55,0.44594594594594594,0.717391304347826,33,41,23,13,0.4727272727272727,0.41818181818181815,0.0,0.4636363636363636,0.0,0.0,0.0,0.0,0.4727272727272727,0.6090909090909091,0.44594594594594594,0.6388888888888888,0.0,0.6727272727272727,0.32727272727272727,0.19995045173666554,0
HEROMOTOCO,3,0.8,797,88,111,2025-01-03,2025-08-08,0.4864864864864865,0.5270006506180872,0.5511811023622047,0.5072463768115942,0.603448275862069,35,34,19,23,0.44144144144144143,0.5225225225225225,0.0,0.5315315315315315,0.0,0.0,0.0,0.0,0.5495495495495496,0.5315315315315315,0.5072463768115942,0.45238095238095233,0.0,0.6216216216216216,0.3783783783783784,0.21672125966756536,0
HEROMOTOCO,4,0.85,846,94,111,2025-04-25,2025-12-18,0.5495495495495496,0.42361111111111105,0.6835443037974683,0.5684210526315789,0.8571428571428571,54,41,7,9,0.45045045045045046,0.5585585585585585,0.0,0.5315315315315315,0.0,0.0,0.0,0.0,0.4864864864864865,0.4864864864864865,0.5684210526315789,0.4375,0.0,0.8558558558558559,0.14414414414414414,0.35660787817682543,0
HEROMOTOCO,5,0.9,897,99,111,2025-08-11,2026-04-16,0.4774774774774775,0.39406779661016944,0.6027397260273972,0.5057471264367817,0.7457627118644068,44,43,9,15,0.5045045045045045,0.46846846846846846,0.0,0.44144144144144143,0.0,0.0,0.0,0.0,0.5045045045045045,0.5225225225225225,0.5057471264367817,0.375,0.0,0.7837837837837838,0.21621621621621623,0.18384469655776423,0
HEROMOTOCO,6,0.95,946,105,56,2025-12-19,2026-04-16,0.42857142857142855,0.3405612244897959,0.5,0.4444444444444444,0.5714285714285714,16,20,8,12,0.5535714285714286,0.5535714285714286,0.0,0.42857142857142855,0.0,0.0,0.0,0.0,0.5,0.4642857142857143,0.4444444444444444,0.4,0.0,0.6428571428571429,0.35714285714285715,1.0,3
EICHERMOT,1,0.7,716,79,114,2024-03-20,2024-12-03,0.39473684210526316,0.41910631741140214,0.25806451612903225,0.35294117647058826,0.2033898305084746,12,22,33,47,0.3684210526315789,0.4824561403508772,0.0,0.4824561403508772,0.0,0.0,0.0,0.0,0.45614035087719296,0.47368421052631576,0.35294117647058826,0.4125,0.0,0.2982456140350877,0.7017543859649122,1.0,0
EICHERMOT,2,0.75,767,85,114,2024-08-05,2025-03-26,0.4649122807017544,0.5176799007444168,0.49586776859504134,0.43478260869565216,0.5769230769230769,30,39,23,22,0.47368421052631576,0.5350877192982456,0.0,0.45614035087719296,0.0,0.0,0.0,0.0,0.5,0.4649122807017544,0.43478260869565216,0.5111111111111111,0.0,0.6052631578947368,0.39473684210526316,0.10000660285425449,0
EICHERMOT,3,0.8,819,90,114,2024-12-04,2025-07-28,0.5175438596491229,0.5241612803939674,0.47619047619047616,0.5208333333333334,0.43859649122807015,25,23,34,32,0.5,0.5526315789473685,0.0,0.4649122807017544,0.0,0.0,0.0,0.0,0.47368421052631576,0.49122807017543857,0.5208333333333334,0.5151515151515151,0.0,0.42105263157894735,0.5789473684210527,1.0,0
EICHERMOT,4,0.85,870,96,114,2025-03-28,2025-12-15,0.5087719298245614,0.5281250000000001,0.5333333333333333,0.5714285714285714,0.5,32,24,26,32,0.5614035087719298,0.4824561403508772,0.0,0.5701754385964912,0.0,0.0,0.0,0.0,0.5701754385964912,0.45614035087719296,0.5714285714285714,0.4482758620689655,0.0,0.49122807017543857,0.5087719298245614,0.17321794591690606,0
EICHERMOT,5,0.9,921,102,114,2025-07-31,2026-04-16,0.49122807017543857,0.49610955493308434,0.6133333333333333,0.5287356321839081,0.7301587301587301,46,41,10,17,0.4824561403508772,0.5175438596491229,0.0,0.5087719298245614,0.0,0.0,0.0,0.0,0.5526315789473685,0.5877192982456141,0.5287356321839081,0.37037037037037035,0.0,0.7631578947368421,0.23684210526315788,0.33921887663343947,0
EICHERMOT,6,0.95,972,108,57,2025-12-16,2026-04-16,0.5263157894736842,0.4766009852216749,0.6086956521739131,0.5121951219512195,0.75,21,20,9,7,0.5614035087719298,0.543859649122807,0.0,0.5087719298245614,0.0,0.0,0.0,0.0,0.49122807017543857,0.49122807017543857,0.5121951219512195,0.5625,0.0,0.7192982456140351,0.2807017543859649,0.17490289820642843,3
MOTHERSON,1,0.7,751,83,119,2024-05-15,2024-12-27,0.47058823529411764,0.41566609491137796,0.5401459854014599,0.5211267605633803,0.5606060606060606,37,34,19,29,0.44537815126050423,0.453781512605042,0.0,0.44537815126050423,0.0,0.0,0.0,0.0,0.5546218487394958,0.5546218487394958,0.5211267605633803,0.39583333333333337,0.0,0.5966386554621849,0.40336134453781514,0.14666093626236618,0
MOTHERSON,2,0.75,805,89,119,2024-09-12,2025-04-24,0.4369747899159664,0.476068376068376,0.5314685314685315,0.42696629213483145,0.7037037037037037,38,51,14,16,0.453781512605042,0.453781512605042,0.0,0.42016806722689076,0.0,0.0,0.0,0.0,0.453781512605042,0.453781512605042,0.42696629213483145,0.4666666666666667,0.0,0.7478991596638656,0.25210084033613445,0.16009434492608246,0
MOTHERSON,3,0.8,858,95,119,2024-12-30,2025-08-04,0.5126050420168067,0.5471751412429379,0.6233766233766234,0.5052631578947369,0.8135593220338984,48,47,13,11,0.4957983193277311,0.4957983193277311,0.0,0.5378151260504201,0.0,0.0,0.0,0.0,0.4957983193277311,0.47058823529411764,0.5052631578947369,0.5416666666666667,0.0,0.7983193277310925,0.20168067226890757,0.5633016861537846,0
MOTHERSON,4,0.85,912,101,119,2025-04-25,2025-12-09,0.5546218487394958,0.44736842105263164,0.6900584795321637,0.5412844036697247,0.9516129032258065,59,50,7,3,0.48739495798319327,0.5210084033613446,0.0,0.5294117647058824,0.0,0.0,0.0,0.0,0.42857142857142855,0.453781512605042,0.5412844036697247,0.7,0.0,0.9159663865546218,0.08403361344537816,1.0,0
MOTHERSON,5,0.9,965,107,120,2025-08-05,2026-04-16,0.5083333333333333,0.4919354838709678,0.528,0.4925373134328358,0.5689655172413793,33,34,28,25,0.475,0.4666666666666667,0.0,0.4583333333333333,0.0,0.0,0.0,0.0,0.49166666666666664,0.5583333333333333,0.4925373134328358,0.5283018867924528,0.0,0.5583333333333333,0.44166666666666665,0.10000660285425449,0
MOTHERSON,6,0.95,1019,113,60,2025-12-10,2026-04-16,0.4666666666666667,0.5443322109988776,0.5789473684210527,0.4489795918367347,0.8148148148148148,22,27,6,5,0.38333333333333336,0.4166666666666667,0.0,0.5,0.0,0.0,0.0,0.0,0.5166666666666667,0.5,0.4489795918367347,0.5454545454545454,0.0,0.8166666666666667,0.18333333333333332,0.18634816738415677,3
HINDUNILVR,1,0.7,635,70,101,2024-05-09,2025-01-07,0.594059405940594,0.5723270440251573,0.5684210526315789,0.574468085106383,0.5625,27,20,33,21,0.5841584158415841,0.6138613861386139,0.0,0.5148514851485149,0.0,0.0,0.0,0.0,0.46534653465346537,0.48514851485148514,0.574468085106383,0.6111111111111112,0.0,0.46534653465346537,0.5346534653465347,0.13574114257914413,0
HINDUNILVR,2,0.75,681,75,100,2024-09-11,2025-05-13,0.43,0.48449772633319554,0.544,0.40476190476190477,0.8292682926829268,34,50,9,7,0.59,0.48,0.0,0.41,0.0,0.0,0.0,0.0,0.59,0.43,0.40476190476190477,0.5625,0.0,0.84,0.16,0.21452595209705488,0
HINDUNILVR,3,0.8,726,80,101,2025-01-08,2025-08-25,0.45544554455445546,0.4674509803921569,0.5454545454545454,0.4714285714285714,0.6470588235294118,33,37,13,18,0.504950495049505,0.504950495049505,0.0,0.504950495049505,0.0,0.0,0.0,0.0,0.5445544554455446,0.5148514851485149,0.4714285714285714,0.4193548387096774,0.0,0.693069306930693,0.3069306930693069,0.10000660285425449,0
HINDUNILVR,4,0.85,771,85,101,2025-05-15,2025-12-22,0.5148514851485149,0.4752941176470588,0.5739130434782609,0.515625,0.6470588235294118,33,31,19,18,0.504950495049505,0.5742574257425742,0.0,0.5148514851485149,0.0,0.0,0.0,0.0,0.48514851485148514,0.45544554455445546,0.515625,0.5135135135135135,0.0,0.6336633663366337,0.36633663366336633,0.26397135327582066,0
HINDUNILVR,5,0.9,817,90,101,2025-08-26,2026-04-16,0.5544554455445545,0.545705279747833,0.5714285714285714,0.5172413793103449,0.6382978723404256,30,28,26,17,0.5346534653465347,0.48514851485148514,0.0,0.5148514851485149,0.0,0.0,0.0,0.0,0.5346534653465347,0.45544554455445546,0.5172413793103449,0.6046511627906976,0.0,0.5742574257425742,0.42574257425742573,0.10000660285425449,0
HINDUNILVR,6,0.95,862,95,51,2025-12-23,2026-04-16,0.43137254901960786,0.484472049689441,0.43137254901960786,0.39285714285714285,0.4782608695652174,11,17,11,12,0.5294117647058824,0.43137254901960786,0.0,0.5490196078431373,0.0,0.0,0.0,0.0,0.47058823529411764,0.49019607843137253,0.39285714285714285,0.4782608695652174,0.0,0.5490196078431373,0.45098039215686275,0.24659726990208128,3
BRITANNIA,1,0.7,621,68,99,2024-05-24,2025-01-13,0.494949494949495,0.49261689909762096,0.5689655172413793,0.5238095238095238,0.6226415094339622,33,30,16,20,0.494949494949495,0.5757575757575758,0.0,0.3939393939393939,0.0,0.0,0.0,0.0,0.494949494949495,0.45454545454545453,0.5238095238095238,0.4444444444444444,0.0,0.6363636363636364,0.36363636363636365,0.10000660285425449,0
BRITANNIA,2,0.75,665,73,99,2024-09-16,2025-05-07,0.6161616161616161,0.6114285714285714,0.703125,0.5769230769230769,0.9,45,33,16,5,0.6060606060606061,0.6161616161616161,0.0,0.6161616161616161,0.0,0.0,0.0,0.0,0.5353535353535354,0.494949494949495,0.5769230769230769,0.7619047619047619,0.0,0.7878787878787878,0.21212121212121213,0.2495507356183591,0
BRITANNIA,3,0.8,710,78,98,2025-01-15,2025-08-20,0.5714285714285714,0.5708245243128964,0.6865671641791045,0.5822784810126582,0.8363636363636363,46,33,10,9,0.5408163265306123,0.5510204081632653,0.0,0.5204081632653061,0.0,0.0,0.0,0.0,0.5612244897959183,0.4897959183673469,0.5822784810126582,0.5263157894736843,0.0,0.8061224489795918,0.19387755102040816,0.3291647838377373,0
BRITANNIA,4,0.85,754,83,98,2025-05-08,2025-12-15,0.45918367346938777,0.47180134680134683,0.5391304347826087,0.5081967213114754,0.5740740740740741,31,30,14,23,0.41836734693877553,0.46938775510204084,0.0,0.5102040816326531,0.0,0.0,0.0,0.0,0.47959183673469385,0.5204081632653061,0.5081967213114754,0.3783783783783784,0.0,0.6224489795918368,0.37755102040816324,0.34313642528696137,0
BRITANNIA,5,0.9,798,88,99,2025-08-21,2026-04-16,0.5050505050505051,0.5191993464052287,0.5950413223140496,0.5142857142857142,0.7058823529411765,36,34,14,15,0.5151515151515151,0.5959595959595959,0.0,0.5353535353535354,0.0,0.0,0.0,0.0,0.48484848484848486,0.5151515151515151,0.5142857142857142,0.48275862068965514,0.0,0.7070707070707071,0.29292929292929293,0.29624621554724173,0
BRITANNIA,6,0.95,842,93,50,2025-12-16,2026-04-16,0.58,0.52,0.6557377049180327,0.5555555555555556,0.8,20,16,9,5,0.54,0.52,0.0,0.4,0.0,0.0,0.0,0.0,0.52,0.52,0.5555555555555556,0.6428571428571428,0.0,0.72,0.28,0.2000317452175781,3
NESTLEIND,1,0.7,629,69,100,2024-05-08,2025-01-01,0.48,0.4172,0.6285714285714286,0.4888888888888889,0.88,44,46,4,6,0.45,0.43,0.0,0.49,0.0,0.0,0.0,0.0,0.42,0.5,0.4888888888888889,0.4,0.0,0.9,0.1,0.157506153744899,0
NESTLEIND,2,0.75,674,74,100,2024-09-06,2025-05-08,0.49,0.49498193496587717,0.6382978723404256,0.4787234042553192,0.9574468085106383,45,49,4,2,0.51,0.55,0.0,0.44,0.0,0.0,0.0,0.0,0.54,0.47,0.4787234042553192,0.6666666666666667,0.0,0.94,0.06,0.3016513721775798,0
NESTLEIND,3,0.8,719,79,100,2025-01-03,2025-08-14,0.49,0.5682272909163666,0.6330935251798561,0.5,0.8627450980392157,44,44,5,7,0.56,0.51,0.0,0.48,0.0,0.0,0.0,0.0,0.44,0.47,0.5,0.41666666666666663,0.0,0.88,0.12,1.0,0
NESTLEIND,4,0.85,764,84,100,2025-05-09,2025-12-18,0.51,0.5454181672669067,0.5739130434782609,0.5,0.673469387755102,33,33,18,16,0.46,0.49,0.0,0.49,0.0,0.0,0.0,0.0,0.48,0.48,0.5,0.5294117647058824,0.0,0.66,0.34,0.4373374334443053,0
NESTLEIND,5,0.9,809,89,100,2025-08-19,2026-04-16,0.46,0.5176282051282051,0.5178571428571429,0.453125,0.6041666666666666,29,35,17,19,0.41,0.46,0.0,0.51,0.0,0.0,0.0,0.0,0.54,0.53,0.453125,0.4722222222222222,0.0,0.64,0.36,0.20296215922789482,0
NESTLEIND,6,0.95,854,94,50,2025-12-19,2026-04-16,0.52,0.6063999999999999,0.45454545454545453,0.5263157894736842,0.4,10,9,16,15,0.6,0.54,0.0,0.46,0.0,0.0,0.0,0.0,0.58,0.56,0.5263157894736842,0.5161290322580645,0.0,0.38,0.62,0.36543229860706333,3
ITC,1,0.7,646,71,103,2024-02-22,2024-10-24,0.5145631067961165,0.49434389140271495,0.5098039215686274,0.52,0.5,26,24,27,26,0.6213592233009708,0.5145631067961165,0.0,0.5145631067961165,0.0,0.0,0.0,0.0,0.5242718446601942,0.5242718446601942,0.52,0.5094339622641509,0.0,0.4854368932038835,0.5145631067961165,0.17638129171926906,0
ITC,2,0.75,692,76,103,2024-07-02,2025-03-06,0.46601941747572817,0.5616858237547893,0.5378151260504201,0.43243243243243246,0.7111111111111111,32,42,16,13,0.5631067961165048,0.47572815533980584,0.0,0.5825242718446602,0.0,0.0,0.0,0.0,0.5242718446601942,0.5728155339805825,0.43243243243243246,0.5517241379310345,0.0,0.7184466019417476,0.2815533980582524,0.1329647277831293,0
ITC,3,0.8,738,82,102,2024-10-28,2025-07-31,0.5686274509803921,0.5341614906832298,0.6140350877192983,0.5147058823529411,0.7608695652173914,35,33,23,11,0.5490196078431373,0.49019607843137253,0.0,0.5490196078431373,0.0,0.0,0.0,0.0,0.4803921568627451,0.5392156862745098,0.5147058823529411,0.6764705882352942,0.0,0.6666666666666666,0.3333333333333333,0.33200856415095537,0
ITC,4,0.85,784,87,102,2025-03-11,2025-12-11,0.4803921568627451,0.46038461538461545,0.5619834710743802,0.4927536231884058,0.6538461538461539,34,35,15,18,0.43137254901960786,0.4803921568627451,0.0,0.49019607843137253,0.0,0.0,0.0,0.0,0.49019607843137253,0.49019607843137253,0.4927536231884058,0.4545454545454546,0.0,0.6764705882352942,0.3235294117647059,0.48117225750995113,0
ITC,5,0.9,830,92,103,2025-08-04,2026-04-16,0.6019417475728155,0.5918604651162791,0.594059405940594,0.5172413793103449,0.6976744186046512,30,28,32,13,0.5048543689320388,0.44660194174757284,0.0,0.5145631067961165,0.0,0.0,0.0,0.0,0.5533980582524272,0.5631067961165048,0.5172413793103449,0.7111111111111111,0.0,0.5631067961165048,0.4368932038834951,0.5582354611605647,0
ITC,6,0.95,876,97,52,2025-12-12,2026-04-16,0.6538461538461539,0.5645933014354068,0.4375,0.5384615384615384,0.3684210526315789,7,6,27,12,0.5192307692307693,0.6346153846153846,0.0,0.6346153846153846,0.0,0.0,0.0,0.0,0.40384615384615385,0.6153846153846154,0.5384615384615384,0.6923076923076923,0.0,0.25,0.75,1.0,3
TATACONSUM,1,0.7,696,77,111,2024-03-27,2024-12-09,0.5135135135135135,0.5640025990903185,0.6666666666666666,0.5,1.0,54,54,3,0,0.4774774774774775,0.5225225225225225,0.0,0.5045045045045045,0.0,0.0,0.0,0.0,0.4954954954954955,0.4954954954954955,0.5,1.0,0.0,0.972972972972973,0.02702702702702703,0.13755626012558653,0
TATACONSUM,2,0.75,746,82,111,2024-08-09,2025-04-04,0.5135135135135135,0.46720779220779224,0.5178571428571429,0.5178571428571429,0.5178571428571429,29,27,28,27,0.5135135135135135,0.5135135135135135,0.0,0.4864864864864865,0.0,0.0,0.0,0.0,0.40540540540540543,0.45045045045045046,0.5178571428571429,0.509090909090909,0.0,0.5045045045045045,0.4954954954954955,0.19725189823781344,0
TATACONSUM,3,0.8,796,88,110,2024-12-10,2025-07-29,0.41818181818181815,0.4031777557100298,0.5362318840579711,0.4567901234567901,0.6491228070175439,37,44,9,20,0.4636363636363636,0.4636363636363636,0.0,0.5181818181818182,0.0,0.0,0.0,0.0,0.44545454545454544,0.5545454545454546,0.4567901234567901,0.31034482758620685,0.0,0.7363636363636363,0.2636363636363636,0.3316270126812648,0
TATACONSUM,4,0.85,846,93,110,2025-04-07,2025-12-05,0.4909090909090909,0.5031404958677685,0.6585365853658537,0.4954128440366973,0.9818181818181818,54,55,0,1,0.4909090909090909,0.5636363636363636,0.0,0.5272727272727272,0.0,0.0,0.0,0.0,0.5727272727272728,0.5,0.4954128440366973,0.0,0.0,0.990909090909091,0.00909090909090909,1.0,0
TATACONSUM,5,0.9,895,99,111,2025-08-04,2026-04-16,0.4774774774774775,0.4554326610279766,0.5606060606060606,0.5,0.6379310344827587,37,37,16,21,0.5495495495495496,0.4774774774774775,0.0,0.43243243243243246,0.0,0.0,0.0,0.0,0.4954954954954955,0.46846846846846846,0.5,0.43243243243243246,0.0,0.6666666666666666,0.3333333333333333,1.0,0
TATACONSUM,6,0.95,945,104,56,2025-12-09,2026-04-16,0.42857142857142855,0.4725415070242657,0.5555555555555556,0.46511627906976744,0.6896551724137931,20,23,4,9,0.5357142857142857,0.5178571428571429,0.0,0.42857142857142855,0.0,0.0,0.0,0.0,0.5178571428571429,0.44642857142857145,0.46511627906976744,0.3076923076923077,0.0,0.7678571428571429,0.23214285714285715,0.3671989820002916,3
COLPAL,1,0.7,656,72,104,2024-05-23,2025-01-14,0.5576923076923077,0.4975881261595547,0.6666666666666666,0.5542168674698795,0.8363636363636363,46,37,12,9,0.5288461538461539,0.5384615384615384,0.0,0.49038461538461536,0.0,0.0,0.0,0.0,0.47115384615384615,0.5192307692307693,0.5542168674698795,0.5714285714285714,0.0,0.7980769230769231,0.20192307692307693,0.10000660285425449,0
COLPAL,2,0.75,702,78,104,2024-09-27,2025-04-22,0.4230769230769231,0.4291666666666667,0.5945945945945946,0.4230769230769231,1.0,44,60,0,0,0.49038461538461536,0.4230769230769231,0.0,0.5192307692307693,0.0,0.0,0.0,0.0,0.4423076923076923,0.4230769230769231,0.4230769230769231,0.0,0.0,1.0,0.0,0.29701158348980594,0
COLPAL,3,0.8,749,83,104,2025-01-15,2025-08-12,0.4807692307692308,0.5130208333333334,0.6197183098591549,0.46808510638297873,0.9166666666666666,44,50,6,4,0.46153846153846156,0.47115384615384615,0.0,0.4807692307692308,0.0,0.0,0.0,0.0,0.47115384615384615,0.49038461538461536,0.46808510638297873,0.6,0.0,0.9038461538461539,0.09615384615384616,1.0,0
COLPAL,4,0.85,796,88,104,2025-04-23,2025-12-09,0.47115384615384615,0.5412467338559164,0.5454545454545454,0.44594594594594594,0.7021276595744681,33,41,16,14,0.5096153846153846,0.5096153846153846,0.0,0.5096153846153846,0.0,0.0,0.0,0.0,0.5384615384615384,0.5961538461538461,0.44594594594594594,0.5333333333333333,0.0,0.7115384615384616,0.28846153846153844,1.0,0
COLPAL,5,0.9,843,93,105,2025-08-13,2026-04-16,0.4380952380952381,0.4380466472303207,0.4778761061946903,0.421875,0.5510204081632653,27,37,19,22,0.4380952380952381,0.5047619047619047,0.0,0.45714285714285713,0.0,0.0,0.0,0.0,0.41904761904761906,0.4857142857142857,0.421875,0.46341463414634143,0.0,0.6095238095238096,0.3904761904761905,1.0,0
COLPAL,6,0.95,890,98,53,2025-12-10,2026-04-16,0.5094339622641509,0.4900284900284901,0.5357142857142857,0.5,0.5769230769230769,15,15,12,11,0.4339622641509434,0.4716981132075472,0.0,0.4716981132075472,0.0,0.0,0.0,0.0,0.4716981132075472,0.5094339622641509,0.5,0.5217391304347826,0.0,0.5660377358490566,0.4339622641509434,0.16988243365890246,3
MARICO,1,0.7,661,73,105,2024-05-06,2024-12-09,0.5047619047619047,0.4937637564196625,0.5517241379310345,0.5517241379310345,0.5517241379310345,32,26,21,26,0.47619047619047616,0.580952380952381,0.0,0.42857142857142855,0.0,0.0,0.0,0.0,0.5142857142857142,0.5619047619047619,0.5517241379310345,0.44680851063829785,0.0,0.5523809523809524,0.44761904761904764,0.3165627566822071,0
MARICO,2,0.75,708,78,105,2024-08-22,2025-03-28,0.5142857142857142,0.5043731778425656,0.5486725663716814,0.484375,0.6326530612244898,31,33,23,18,0.5238095238095238,0.4666666666666667,0.0,0.44761904761904764,0.0,0.0,0.0,0.0,0.45714285714285713,0.5333333333333333,0.484375,0.5609756097560976,0.0,0.6095238095238096,0.3904761904761905,0.1220108097389079,0
MARICO,3,0.8,756,83,105,2024-12-10,2025-08-01,0.4857142857142857,0.5072568940493469,0.5263157894736842,0.4918032786885246,0.5660377358490566,30,31,21,23,0.5619047619047619,0.45714285714285713,0.0,0.49523809523809526,0.0,0.0,0.0,0.0,0.5238095238095238,0.47619047619047616,0.4918032786885246,0.4772727272727273,0.0,0.580952380952381,0.41904761904761906,0.30611036492613414,0
MARICO,4,0.85,802,89,105,2025-04-02,2025-12-03,0.49523809523809526,0.5434941520467835,0.5546218487394958,0.4647887323943662,0.6875,33,38,19,15,0.4857142857142857,0.45714285714285713,0.0,0.5238095238095238,0.0,0.0,0.0,0.0,0.5238095238095238,0.5238095238095238,0.4647887323943662,0.5588235294117647,0.0,0.6761904761904762,0.3238095238095238,1.0,0
MARICO,5,0.9,850,94,105,2025-08-04,2026-04-16,0.5238095238095238,0.5070007369196757,0.4897959183673469,0.46153846153846156,0.5217391304347826,24,28,31,22,0.4380952380952381,0.4,0.0,0.5047619047619047,0.0,0.0,0.0,0.0,0.45714285714285713,0.5619047619047619,0.46153846153846156,0.5849056603773585,0.0,0.49523809523809526,0.5047619047619047,0.12974796015593995,0
MARICO,6,0.95,897,99,53,2025-12-04,2026-04-16,0.5471698113207547,0.45014245014245013,0.5,0.5454545454545454,0.46153846153846156,12,10,17,14,0.4716981132075472,0.49056603773584906,0.0,0.5094339622641509,0.0,0.0,0.0,0.0,0.5094339622641509,0.49056603773584906,0.5454545454545454,0.5483870967741935,0.0,0.41509433962264153,0.5849056603773585,0.13903185959595693,3
SUNPHARMA,1,0.7,662,73,105,2024-03-13,2024-11-05,0.5333333333333333,0.4886621315192744,0.631578947368421,0.6,0.6666666666666666,42,28,14,21,0.5333333333333333,0.49523809523809526,0.0,0.4857142857142857,0.0,0.0,0.0,0.0,0.5904761904761905,0.5904761904761905,0.6,0.4,0.0,0.6666666666666666,0.3333333333333333,0.1614812099789602,0
SUNPHARMA,2,0.75,710,78,105,2024-07-15,2025-03-11,0.580952380952381,0.5613207547169812,0.6071428571428571,0.576271186440678,0.6415094339622641,34,25,27,19,0.5428571428571428,0.5333333333333333,0.0,0.5714285714285714,0.0,0.0,0.0,0.0,0.5238095238095238,0.6,0.576271186440678,0.5869565217391304,0.0,0.5619047619047619,0.4380952380952381,0.14728541186559263,0
SUNPHARMA,3,0.8,756,84,105,2024-11-06,2025-07-15,0.42857142857142855,0.45796783625730997,0.5774647887323944,0.43617021276595747,0.8541666666666666,41,53,4,7,0.4666666666666667,0.44761904761904764,0.0,0.41904761904761906,0.0,0.0,0.0,0.0,0.41904761904761906,0.47619047619047616,0.43617021276595747,0.36363636363636365,0.0,0.8952380952380953,0.10476190476190476,0.19354377932274544,0
SUNPHARMA,4,0.85,804,89,105,2025-03-13,2025-12-01,0.4857142857142857,0.4727339719970523,0.5178571428571429,0.5471698113207547,0.4915254237288136,29,24,22,30,0.5333333333333333,0.5904761904761905,0.0,0.4,0.0,0.0,0.0,0.0,0.49523809523809526,0.44761904761904764,0.5471698113207547,0.42307692307692313,0.0,0.5047619047619047,0.49523809523809526,0.13822963977442973,0
SUNPHARMA,5,0.9,851,94,106,2025-07-17,2026-04-16,0.5849056603773585,0.6378571428571429,0.6615384615384615,0.581081081081081,0.7678571428571429,43,31,19,13,0.5754716981132075,0.5754716981132075,0.0,0.4811320754716981,0.0,0.0,0.0,0.0,0.5471698113207547,0.5188679245283019,0.581081081081081,0.59375,0.0,0.6981132075471698,0.3018867924528302,0.48929839061810504,0
SUNPHARMA,6,0.95,899,99,53,2025-12-02,2026-04-16,0.6037735849056604,0.65,0.6181818181818182,0.5666666666666667,0.68,17,13,15,8,0.6415094339622641,0.49056603773584906,0.0,0.49056603773584906,0.0,0.0,0.0,0.0,0.4716981132075472,0.5283018867924528,0.5666666666666667,0.6521739130434783,0.0,0.5660377358490566,0.4339622641509434,0.29534145687601654,3
DRREDDY,1,0.7,652,72,104,2024-04-16,2024-12-11,0.46153846153846156,0.4598594154642989,0.582089552238806,0.46987951807228917,0.7647058823529411,39,44,9,12,0.40384615384615385,0.49038461538461536,0.0,0.5,0.0,0.0,0.0,0.0,0.41346153846153844,0.46153846153846156,0.46987951807228917,0.4285714285714286,0.0,0.7980769230769231,0.20192307692307693,0.22101876407423005,0
DRREDDY,2,0.75,699,77,103,2024-08-09,2025-04-04,0.4174757281553398,0.44772727272727275,0.5774647887323944,0.43617021276595747,0.8541666666666666,41,53,2,7,0.44660194174757284,0.46601941747572817,0.0,0.5145631067961165,0.0,0.0,0.0,0.0,0.4854368932038835,0.46601941747572817,0.43617021276595747,0.2222222222222222,0.0,0.912621359223301,0.08737864077669903,0.11943357105538288,0
DRREDDY,3,0.8,746,82,103,2024-12-13,2025-07-30,0.5922330097087378,0.5881006864988558,0.704225352112676,0.5882352941176471,0.8771929824561403,50,35,11,7,0.5436893203883495,0.5533980582524272,0.0,0.6213592233009708,0.0,0.0,0.0,0.0,0.5339805825242718,0.5631067961165048,0.5882352941176471,0.6111111111111112,0.0,0.8252427184466019,0.17475728155339806,0.10000660285425449,0
DRREDDY,4,0.85,792,87,104,2025-04-07,2025-12-01,0.5673076923076923,0.5119047619047619,0.6715328467153284,0.6133333333333333,0.7419354838709677,46,29,13,16,0.5769230769230769,0.6153846153846154,0.0,0.5865384615384616,0.0,0.0,0.0,0.0,0.4423076923076923,0.5,0.6133333333333333,0.4482758620689655,0.0,0.7211538461538461,0.27884615384615385,0.21589981912725748,0
DRREDDY,5,0.9,838,93,104,2025-07-31,2026-04-16,0.5096153846153846,0.5250470809792843,0.6382978723404256,0.5487804878048781,0.7627118644067796,45,37,8,14,0.6057692307692307,0.5,0.0,0.5,0.0,0.0,0.0,0.0,0.5673076923076923,0.5480769230769231,0.5487804878048781,0.36363636363636365,0.0,0.7884615384615384,0.21153846153846154,0.29614095675241536,0
DRREDDY,6,0.95,885,98,52,2025-12-02,2026-04-16,0.5,0.47916666666666663,0.6666666666666666,0.52,0.9285714285714286,26,24,0,2,0.4423076923076923,0.5192307692307693,0.0,0.5,0.0,0.0,0.0,0.0,0.5192307692307693,0.46153846153846156,0.52,0.0,0.0,0.9615384615384616,0.038461538461538464,0.15163669589682754,3
GODREJCP,1,0.7,700,77,111,2024-04-30,2024-12-05,0.46846846846846846,0.4301639344262295,0.4158415841584158,0.4117647058823529,0.42,21,30,31,29,0.5045045045045045,0.46846846846846846,0.0,0.3963963963963964,0.0,0.0,0.0,0.0,0.46846846846846846,0.5315315315315315,0.4117647058823529,0.5166666666666666,0.0,0.4594594594594595,0.5405405405405406,0.2677567744932189,0
GODREJCP,2,0.75,749,83,111,2024-08-21,2025-04-03,0.3963963963963964,0.4418604651162791,0.45528455284552843,0.35,0.6511627906976745,28,52,16,15,0.40540540540540543,0.42342342342342343,0.0,0.5135135135135135,0.0,0.0,0.0,0.0,0.5135135135135135,0.4144144144144144,0.35,0.5161290322580645,0.0,0.7207207207207207,0.27927927927927926,0.46278576846102415,0
GODREJCP,3,0.8,800,88,111,2024-12-06,2025-08-08,0.4774774774774775,0.46941489361702127,0.5857142857142857,0.44086021505376344,0.8723404255319149,41,52,12,6,0.5405405405405406,0.42342342342342343,0.0,0.5045045045045045,0.0,0.0,0.0,0.0,0.5675675675675675,0.44144144144144143,0.44086021505376344,0.6666666666666667,0.0,0.8378378378378378,0.16216216216216217,1.0,0
GODREJCP,4,0.85,849,94,111,2025-04-07,2025-12-11,0.4954954954954955,0.5100845803513337,0.582089552238806,0.48148148148148145,0.7358490566037735,39,42,16,14,0.4864864864864865,0.4774774774774775,0.0,0.5135135135135135,0.0,0.0,0.0,0.0,0.5225225225225225,0.4774774774774775,0.48148148148148145,0.5333333333333333,0.0,0.7297297297297297,0.2702702702702703,1.0,0
GODREJCP,5,0.9,900,99,111,2025-08-13,2026-04-16,0.44144144144144143,0.44803921568627453,0.4745762711864407,0.4827586206896552,0.4666666666666667,28,30,21,32,0.4864864864864865,0.4594594594594595,0.0,0.4774774774774775,0.0,0.0,0.0,0.0,0.5225225225225225,0.45045045045045046,0.4827586206896552,0.39622641509433965,0.0,0.5225225225225225,0.4774774774774775,0.25480190030420374,0
GODREJCP,6,0.95,949,105,56,2025-12-12,2026-04-16,0.42857142857142855,0.4296875,0.30434782608695654,0.5,0.21875,7,7,17,25,0.4642857142857143,0.42857142857142855,0.0,0.48214285714285715,0.0,0.0,0.0,0.0,0.44642857142857145,0.4642857142857143,0.5,0.40476190476190477,0.0,0.25,0.75,0.23223243900212273,3
CIPLA,1,0.7,659,73,104,2024-03-22,2024-11-11,0.5096153846153846,0.5244444444444445,0.5565217391304348,0.49230769230769234,0.64,32,33,21,18,0.5288461538461539,0.5,0.0,0.5865384615384616,0.0,0.0,0.0,0.0,0.5288461538461539,0.5480769230769231,0.49230769230769234,0.5384615384615384,0.0,0.625,0.375,0.13987674649706602,0
CIPLA,2,0.75,706,78,105,2024-08-05,2025-03-20,0.5523809523809524,0.5798838053740015,0.6115702479338843,0.5522388059701493,0.6851851851851852,37,30,21,17,0.4857142857142857,0.5142857142857142,0.0,0.6095238095238096,0.0,0.0,0.0,0.0,0.49523809523809526,0.580952380952381,0.5522388059701493,0.5526315789473684,0.0,0.638095238095238,0.3619047619047619,0.20498406908789232,0
CIPLA,3,0.8,753,83,105,2024-11-12,2025-07-24,0.5142857142857142,0.5124269005847953,0.5984251968503937,0.5428571428571428,0.6666666666666666,38,32,16,19,0.5142857142857142,0.5333333333333333,0.0,0.5523809523809524,0.0,0.0,0.0,0.0,0.5428571428571428,0.6095238095238096,0.5428571428571428,0.4571428571428572,0.0,0.6666666666666666,0.3333333333333333,0.12187402285309382,0
CIPLA,4,0.85,801,88,104,2025-03-24,2025-11-25,0.5288461538461539,0.4575892857142857,0.6711409395973155,0.5376344086021505,0.8928571428571429,50,43,5,6,0.5096153846153846,0.5288461538461539,0.0,0.5192307692307693,0.0,0.0,0.0,0.0,0.4423076923076923,0.5192307692307693,0.5376344086021505,0.4545454545454546,0.0,0.8942307692307693,0.10576923076923077,0.1579721941090871,0
CIPLA,5,0.9,847,94,105,2025-07-25,2026-04-16,0.5142857142857142,0.5210909090909092,0.5565217391304348,0.49230769230769234,0.64,32,33,22,18,0.4666666666666667,0.4857142857142857,0.0,0.5142857142857142,0.0,0.0,0.0,0.0,0.47619047619047616,0.5047619047619047,0.49230769230769234,0.55,0.0,0.6190476190476191,0.38095238095238093,0.20809307870966093,0
CIPLA,6,0.95,894,99,53,2025-12-01,2026-04-16,0.4339622641509434,0.6099706744868034,0.53125,0.40476190476190477,0.7727272727272727,17,25,6,5,0.41509433962264153,0.41509433962264153,0.0,0.5471698113207547,0.0,0.0,0.0,0.0,0.49056603773584906,0.49056603773584906,0.40476190476190477,0.5454545454545454,0.0,0.7924528301886793,0.20754716981132076,0.20487487756242112,3
LUPIN,1,0.7,689,76,109,2024-04-03,2024-11-25,0.5596330275229358,0.5246788370520623,0.6521739130434783,0.5625,0.7758620689655172,45,35,16,13,0.5321100917431193,0.5045871559633027,0.0,0.47706422018348627,0.0,0.0,0.0,0.0,0.43119266055045874,0.4954128440366973,0.5625,0.5517241379310345,0.0,0.7339449541284404,0.26605504587155965,0.1808587337955215,0
LUPIN,2,0.75,738,81,110,2024-08-05,2025-03-13,0.5363636363636364,0.5783730158730158,0.6482758620689655,0.5280898876404494,0.8392857142857143,47,42,12,9,0.5363636363636364,0.44545454545454544,0.0,0.4636363636363636,0.0,0.0,0.0,0.0,0.4727272727272727,0.5272727272727272,0.5280898876404494,0.5714285714285714,0.0,0.8090909090909091,0.19090909090909092,0.24332556861630456,0
LUPIN,3,0.8,787,87,109,2024-11-26,2025-07-16,0.47706422018348627,0.4366101694915254,0.632258064516129,0.5104166666666666,0.8305084745762712,49,47,3,10,0.4954128440366973,0.5412844036697247,0.0,0.5045871559633027,0.0,0.0,0.0,0.0,0.5412844036697247,0.5045871559633027,0.5104166666666666,0.23076923076923073,0.0,0.8807339449541285,0.11926605504587157,0.2913704322631358,0
LUPIN,4,0.85,837,92,109,2025-03-18,2025-11-07,0.46788990825688076,0.4352226720647773,0.5797101449275363,0.49382716049382713,0.7017543859649122,40,41,11,17,0.5229357798165137,0.5412844036697247,0.0,0.4954128440366973,0.0,0.0,0.0,0.0,0.5321100917431193,0.46788990825688076,0.49382716049382713,0.3928571428571429,0.0,0.7431192660550459,0.25688073394495414,0.129360805262108,0
LUPIN,5,0.9,885,98,110,2025-07-17,2026-04-10,0.5545454545454546,0.5974842767295598,0.6573426573426573,0.5465116279069767,0.8245614035087719,47,39,14,10,0.4909090909090909,0.5181818181818182,0.0,0.5363636363636364,0.0,0.0,0.0,0.0,0.5181818181818182,0.4818181818181818,0.5465116279069767,0.5833333333333333,0.0,0.7818181818181819,0.21818181818181817,0.10572147359531349,0
LUPIN,6,0.95,935,103,55,2025-11-10,2026-04-10,0.5636363636363636,0.46533333333333327,0.6842105263157895,0.5652173913043478,0.8666666666666667,26,20,5,4,0.41818181818181815,0.4727272727272727,0.0,0.509090909090909,0.0,0.0,0.0,0.0,0.5454545454545454,0.5454545454545454,0.5652173913043478,0.5555555555555556,0.0,0.8363636363636363,0.16363636363636364,0.18875659062876463,3
DIVISLAB,1,0.7,766,85,121,2023-11-20,2024-09-18,0.5537190082644629,0.5071862907683804,0.64,0.5783132530120482,0.7164179104477612,48,35,19,19,0.5289256198347108,0.4462809917355372,0.0,0.5289256198347108,0.0,0.0,0.0,0.0,0.48760330578512395,0.512396694214876,0.5783132530120482,0.5,0.0,0.6859504132231405,0.3140495867768595,0.15821988562758912,0
DIVISLAB,2,0.75,821,91,121,2024-04-24,2025-02-01,0.5206611570247934,0.5448823207443897,0.5735294117647058,0.5342465753424658,0.6190476190476191,39,34,24,24,0.47107438016528924,0.49586776859504134,0.0,0.5289256198347108,0.0,0.0,0.0,0.0,0.5041322314049587,0.512396694214876,0.5342465753424658,0.5,0.0,0.6033057851239669,0.39669421487603307,0.10000660285425449,0
DIVISLAB,3,0.8,875,97,122,2024-09-20,2025-06-26,0.5655737704918032,0.585483870967742,0.6293706293706294,0.5555555555555556,0.7258064516129032,45,36,24,17,0.5245901639344263,0.5655737704918032,0.0,0.5655737704918032,0.0,0.0,0.0,0.0,0.5,0.48360655737704916,0.5555555555555556,0.5853658536585367,0.0,0.6639344262295082,0.3360655737704918,0.15456072000508028,0
DIVISLAB,4,0.85,930,103,122,2025-02-03,2025-11-07,0.5491803278688525,0.5400432900432901,0.5864661654135338,0.582089552238806,0.5909090909090909,39,28,28,27,0.4918032786885246,0.4918032786885246,0.0,0.5491803278688525,0.0,0.0,0.0,0.0,0.5409836065573771,0.5327868852459017,0.582089552238806,0.509090909090909,0.0,0.5491803278688525,0.45081967213114754,0.37051253644863485,0
DIVISLAB,5,0.9,985,109,122,2025-06-27,2026-04-16,0.4016393442622951,0.39978448275862066,0.5100671140939598,0.4175824175824176,0.6551724137931034,38,53,11,20,0.4180327868852459,0.45901639344262296,0.0,0.48360655737704916,0.0,0.0,0.0,0.0,0.47540983606557374,0.5409836065573771,0.4175824175824176,0.3548387096774194,0.0,0.7459016393442623,0.2540983606557377,0.17943244059372387,0
DIVISLAB,6,0.95,1040,115,61,2025-11-10,2026-04-16,0.36065573770491804,0.39560439560439564,0.417910447761194,0.34146341463414637,0.5384615384615384,14,27,8,12,0.4918032786885246,0.47540983606557374,0.0,0.4098360655737705,0.0,0.0,0.0,0.0,0.4918032786885246,0.4262295081967213,0.34146341463414637,0.4,0.0,0.6721311475409836,0.32786885245901637,0.3206935881589003,3
TORNTPHARM,1,0.7,672,74,106,2024-04-03,2024-12-11,0.4716981132075472,0.463752276867031,0.582089552238806,0.5342465753424658,0.639344262295082,39,34,11,22,0.42452830188679247,0.5188679245283019,0.0,0.4716981132075472,0.0,0.0,0.0,0.0,0.5660377358490566,0.5471698113207547,0.5342465753424658,0.33333333333333337,0.0,0.6886792452830188,0.3113207547169811,0.16773657781210072,0
TORNTPHARM,2,0.75,720,79,107,2024-08-05,2025-04-02,0.4485981308411215,0.4604341736694678,0.549618320610687,0.45,0.7058823529411765,36,44,12,15,0.48598130841121495,0.4953271028037383,0.0,0.4953271028037383,0.0,0.0,0.0,0.0,0.4766355140186916,0.4672897196261682,0.45,0.4444444444444444,0.0,0.7476635514018691,0.2523364485981308,0.15072177154969116,0
TORNTPHARM,3,0.8,767,85,107,2024-12-12,2025-07-25,0.5233644859813084,0.4730392156862745,0.6666666666666666,0.5257731958762887,0.9107142857142857,51,46,5,5,0.4953271028037383,0.4953271028037383,0.0,0.5420560747663551,0.0,0.0,0.0,0.0,0.5327102803738317,0.4953271028037383,0.5257731958762887,0.5,0.0,0.9065420560747663,0.09345794392523364,0.2759446076225047,0
TORNTPHARM,4,0.85,816,90,106,2025-04-03,2025-12-03,0.5849056603773585,0.5442857142857143,0.6716417910447762,0.5769230769230769,0.8035714285714286,45,33,17,11,0.5,0.5283018867924528,0.0,0.5094339622641509,0.0,0.0,0.0,0.0,0.4811320754716981,0.6132075471698113,0.5769230769230769,0.6071428571428572,0.0,0.7358490566037735,0.2641509433962264,1.0,0
TORNTPHARM,5,0.9,864,95,107,2025-07-28,2026-04-16,0.5233644859813084,0.5087412587412588,0.6433566433566433,0.5227272727272727,0.8363636363636363,46,42,10,9,0.5046728971962616,0.514018691588785,0.0,0.5607476635514018,0.0,0.0,0.0,0.0,0.5233644859813084,0.42990654205607476,0.5227272727272727,0.5263157894736843,0.0,0.822429906542056,0.17757009345794392,1.0,0
TORNTPHARM,6,0.95,911,101,54,2025-12-05,2026-04-16,0.5,0.4388888888888889,0.6086956521739131,0.5384615384615384,0.7,21,18,6,9,0.5555555555555556,0.5185185185185185,0.0,0.5925925925925926,0.0,0.0,0.0,0.0,0.5,0.5555555555555556,0.5384615384615384,0.4,0.0,0.7222222222222222,0.2777777777777778,0.2122020936178479,3
AUROPHARMA,1,0.7,727,80,116,2024-05-10,2024-12-30,0.5,0.5080357142857143,0.48214285714285715,0.48214285714285715,0.48214285714285715,27,29,31,29,0.4396551724137931,0.46551724137931033,0.0,0.49137931034482757,0.0,0.0,0.0,0.0,0.5086206896551724,0.5344827586206896,0.48214285714285715,0.5166666666666666,0.0,0.4827586206896552,0.5172413793103449,0.10000660285425449,0
AUROPHARMA,2,0.75,779,86,115,2024-09-10,2025-04-23,0.4608695652173913,0.5982587064676618,0.5866666666666667,0.43137254901960786,0.9166666666666666,44,58,9,4,0.5739130434782609,0.4956521739130435,0.0,0.4434782608695652,0.0,0.0,0.0,0.0,0.46956521739130436,0.4956521739130435,0.43137254901960786,0.6923076923076923,0.0,0.8869565217391304,0.11304347826086956,0.1008259849245962,0
AUROPHARMA,3,0.8,831,92,115,2024-12-31,2025-08-14,0.5043478260869565,0.5084745762711864,0.5043478260869565,0.4915254237288136,0.5178571428571429,29,30,29,27,0.46956521739130436,0.48695652173913045,0.0,0.4782608695652174,0.0,0.0,0.0,0.0,0.4434782608695652,0.5478260869565217,0.4915254237288136,0.5178571428571428,0.0,0.5130434782608696,0.48695652173913045,0.16136147063313802,0
AUROPHARMA,4,0.85,882,98,116,2025-04-24,2025-12-16,0.5431034482758621,0.544157002676182,0.5137614678899083,0.56,0.4745762711864407,28,22,35,31,0.49137931034482757,0.45689655172413796,0.0,0.5258620689655172,0.0,0.0,0.0,0.0,0.5086206896551724,0.5086206896551724,0.56,0.5303030303030303,0.0,0.43103448275862066,0.5689655172413793,0.12799548945623737,0
AUROPHARMA,5,0.9,935,103,116,2025-08-19,2026-04-16,0.5086206896551724,0.5380029806259314,0.37362637362637363,0.5666666666666667,0.2786885245901639,17,13,42,44,0.4827586206896552,0.5172413793103449,0.0,0.5344827586206896,0.0,0.0,0.0,0.0,0.49137931034482757,0.45689655172413796,0.5666666666666667,0.4883720930232558,0.0,0.25862068965517243,0.7413793103448276,1.0,0
AUROPHARMA,6,0.95,987,109,58,2025-12-17,2026-04-16,0.5172413793103449,0.5388291517323776,0.46153846153846156,0.5714285714285714,0.3870967741935484,12,9,18,19,0.5517241379310345,0.46551724137931033,0.0,0.5344827586206896,0.0,0.0,0.0,0.0,0.5344827586206896,0.39655172413793105,0.5714285714285714,0.4864864864864865,0.0,0.3620689655172414,0.6379310344827587,1.0,3
ALKEM,1,0.7,680,75,108,2024-04-05,2024-11-11,0.5370370370370371,0.5903945111492281,0.5370370370370371,0.5471698113207547,0.5272727272727272,29,24,29,26,0.5092592592592593,0.48148148148148145,0.0,0.5648148148148148,0.0,0.0,0.0,0.0,0.5092592592592593,0.4537037037037037,0.5471698113207547,0.5272727272727273,0.0,0.49074074074074076,0.5092592592592593,0.15228274170673367,0
ALKEM,2,0.75,729,80,108,2024-07-29,2025-03-10,0.5092592592592593,0.5327615780445969,0.5826771653543307,0.5,0.6981132075471698,37,37,18,16,0.5185185185185185,0.5370370370370371,0.0,0.5,0.0,0.0,0.0,0.0,0.5277777777777778,0.4722222222222222,0.5,0.5294117647058824,0.0,0.6851851851851852,0.3148148148148148,0.17302561577498826,0
ALKEM,3,0.8,777,86,108,2024-11-12,2025-07-10,0.5277777777777778,0.5534417156693185,0.5785123966942148,0.4861111111111111,0.7142857142857143,35,37,22,14,0.5,0.5,0.0,0.4537037037037037,0.0,0.0,0.0,0.0,0.4722222222222222,0.5370370370370371,0.4861111111111111,0.6111111111111112,0.0,0.6666666666666666,0.3333333333333333,0.15524458384067238,0
ALKEM,4,0.85,826,91,108,2025-03-11,2025-12-08,0.48148148148148145,0.5078983516483516,0.6216216216216216,0.5,0.8214285714285714,46,46,6,10,0.5462962962962963,0.5092592592592593,0.0,0.49074074074074076,0.0,0.0,0.0,0.0,0.49074074074074076,0.5370370370370371,0.5,0.375,0.0,0.8518518518518519,0.14814814814814814,0.6277303483799312,0
ALKEM,5,0.9,874,97,108,2025-07-11,2026-04-10,0.5370370370370371,0.5236625514403292,0.5901639344262295,0.5294117647058824,0.6666666666666666,36,32,22,18,0.5277777777777778,0.5740740740740741,0.0,0.49074074074074076,0.0,0.0,0.0,0.0,0.5648148148148148,0.5092592592592593,0.5294117647058824,0.55,0.0,0.6296296296296297,0.37037037037037035,0.36125433399260454,0
ALKEM,6,0.95,923,102,54,2025-12-09,2026-04-10,0.5370370370370371,0.5069444444444444,0.5283018867924528,0.4827586206896552,0.5833333333333334,14,15,15,10,0.5,0.5555555555555556,0.0,0.4444444444444444,0.0,0.0,0.0,0.0,0.48148148148148145,0.5925925925925926,0.4827586206896552,0.6,0.0,0.5370370370370371,0.46296296296296297,0.14402185428852224,3
RELIANCE,1,0.7,668,74,106,2024-03-27,2024-12-02,0.5471698113207547,0.49786324786324787,0.5384615384615384,0.56,0.5185185185185185,28,22,30,26,0.5754716981132075,0.49056603773584906,0.0,0.330188679245283,0.0,0.0,0.0,0.0,0.5094339622641509,0.4716981132075472,0.56,0.5357142857142857,0.0,0.4716981132075472,0.5283018867924528,0.10000660285425449,0
RELIANCE,2,0.75,716,79,106,2024-08-02,2025-03-13,0.4811320754716981,0.5207356653443924,0.5299145299145299,0.44285714285714284,0.6595744680851063,31,39,20,16,0.5377358490566038,0.4528301886792453,0.0,0.5283018867924528,0.0,0.0,0.0,0.0,0.44339622641509435,0.5377358490566038,0.44285714285714284,0.5555555555555556,0.0,0.660377358490566,0.33962264150943394,0.17183894770148322,0
RELIANCE,3,0.8,764,84,106,2024-12-03,2025-07-11,0.44339622641509435,0.45178571428571435,0.5354330708661418,0.44155844155844154,0.68,34,43,13,16,0.5094339622641509,0.4811320754716981,0.0,0.44339622641509435,0.0,0.0,0.0,0.0,0.5,0.5377358490566038,0.44155844155844154,0.4482758620689655,0.0,0.7264150943396226,0.27358490566037735,0.4152180929449435,0
RELIANCE,4,0.85,811,90,106,2025-03-18,2025-12-02,0.6226415094339622,0.5927376290494839,0.6296296296296297,0.6181818181818182,0.6415094339622641,34,21,32,19,0.5377358490566038,0.5188679245283019,0.0,0.5188679245283019,0.0,0.0,0.0,0.0,0.5188679245283019,0.5943396226415094,0.6181818181818182,0.6274509803921569,0.0,0.5188679245283019,0.4811320754716981,1.0,0
RELIANCE,5,0.9,859,95,106,2025-07-16,2026-04-16,0.4811320754716981,0.4565527065527065,0.4444444444444444,0.46808510638297873,0.4230769230769231,22,25,29,30,0.49056603773584906,0.5471698113207547,0.0,0.4716981132075472,0.0,0.0,0.0,0.0,0.49056603773584906,0.5188679245283019,0.46808510638297873,0.4915254237288136,0.0,0.44339622641509435,0.5566037735849056,0.5083455376538996,0
RELIANCE,6,0.95,907,100,53,2025-12-08,2026-04-16,0.6415094339622641,0.6324786324786325,0.6274509803921569,0.6666666666666666,0.5925925925925926,16,8,18,11,0.4716981132075472,0.4716981132075472,0.0,0.5094339622641509,0.0,0.0,0.0,0.0,0.5094339622641509,0.5660377358490566,0.6666666666666666,0.6206896551724138,0.0,0.4528301886792453,0.5471698113207547,0.10000660285425449,3
ONGC,1,0.7,723,80,115,2024-04-02,2024-12-03,0.43478260869565216,0.4465695203400122,0.5185185185185185,0.43209876543209874,0.6481481481481481,35,46,15,19,0.48695652173913045,0.4434782608695652,0.0,0.4608695652173913,0.0,0.0,0.0,0.0,0.4608695652173913,0.43478260869565216,0.43209876543209874,0.4411764705882353,0.0,0.7043478260869566,0.2956521739130435,0.1531912357825901,0
ONGC,2,0.75,775,86,114,2024-08-13,2025-03-13,0.47368421052631576,0.5301948051948052,0.5238095238095238,0.4024390243902439,0.75,33,49,21,11,0.543859649122807,0.38596491228070173,0.0,0.42105263157894735,0.0,0.0,0.0,0.0,0.37719298245614036,0.38596491228070173,0.4024390243902439,0.65625,0.0,0.7192982456140351,0.2807017543859649,0.28341517860045634,0
ONGC,3,0.8,827,91,115,2024-12-05,2025-07-10,0.5217391304347826,0.5151331719128329,0.5299145299145299,0.5081967213114754,0.5535714285714286,31,30,29,25,0.591304347826087,0.5826086956521739,0.0,0.48695652173913045,0.0,0.0,0.0,0.0,0.5217391304347826,0.4608695652173913,0.5081967213114754,0.537037037037037,0.0,0.5304347826086957,0.46956521739130436,0.17257886063714692,0
ONGC,4,0.85,878,97,115,2025-03-18,2025-12-03,0.4608695652173913,0.4996964177292046,0.46551724137931033,0.4909090909090909,0.4426229508196721,27,28,26,34,0.46956521739130436,0.5739130434782609,0.0,0.4,0.0,0.0,0.0,0.0,0.46956521739130436,0.46956521739130436,0.4909090909090909,0.43333333333333335,0.0,0.4782608695652174,0.5217391304347826,0.183719982532413,0
ONGC,5,0.9,930,103,115,2025-07-11,2026-04-16,0.5478260869565217,0.5505173463177115,0.6,0.5735294117647058,0.6290322580645161,39,29,24,23,0.4608695652173913,0.4608695652173913,0.0,0.5130434782608696,0.0,0.0,0.0,0.0,0.4608695652173913,0.5391304347826087,0.5735294117647058,0.5106382978723405,0.0,0.591304347826087,0.40869565217391307,0.10000660285425449,0
ONGC,6,0.95,981,109,58,2025-12-04,2026-04-16,0.5344827586206896,0.5296969696969697,0.6666666666666666,0.5625,0.8181818181818182,27,21,4,6,0.39655172413793105,0.5172413793103449,0.0,0.5689655172413793,0.0,0.0,0.0,0.0,0.5344827586206896,0.5344827586206896,0.5625,0.4,0.0,0.8275862068965517,0.1724137931034483,0.36686449308143576,3
BPCL,1,0.7,718,79,114,2024-04-24,2024-12-06,0.5614035087719298,0.5042386185243328,0.6031746031746031,0.6229508196721312,0.5846153846153846,38,23,26,27,0.5087719298245614,0.5087719298245614,0.0,0.5087719298245614,0.0,0.0,0.0,0.0,0.5,0.5964912280701754,0.6229508196721312,0.49056603773584906,0.0,0.5350877192982456,0.4649122807017544,0.13312658269292252,0
BPCL,2,0.75,769,85,114,2024-08-13,2025-03-27,0.47368421052631576,0.4549092028316405,0.5945945945945946,0.4835164835164835,0.7719298245614035,44,47,10,13,0.4298245614035088,0.5350877192982456,0.0,0.5526315789473685,0.0,0.0,0.0,0.0,0.5263157894736842,0.5,0.4835164835164835,0.4347826086956522,0.0,0.7982456140350878,0.20175438596491227,0.11189912575281091,0
BPCL,3,0.8,820,91,114,2024-12-10,2025-07-28,0.43859649122807015,0.4769563872564182,0.4576271186440678,0.47368421052631576,0.4426229508196721,27,30,23,34,0.5175438596491229,0.45614035087719296,0.0,0.4649122807017544,0.0,0.0,0.0,0.0,0.5175438596491229,0.4649122807017544,0.47368421052631576,0.4035087719298246,0.0,0.5,0.5,0.1784777739769596,0
BPCL,4,0.85,872,96,114,2025-03-28,2025-12-01,0.4824561403508772,0.46490147783251234,0.593103448275862,0.4942528735632184,0.7413793103448276,43,44,12,15,0.5526315789473685,0.5087719298245614,0.0,0.5175438596491229,0.0,0.0,0.0,0.0,0.49122807017543857,0.4824561403508772,0.4942528735632184,0.4444444444444444,0.0,0.7631578947368421,0.23684210526315788,0.2957779631969244,0
BPCL,5,0.9,923,102,114,2025-07-29,2026-04-16,0.5614035087719298,0.5524193548387097,0.5192307692307693,0.5192307692307693,0.5192307692307693,27,25,37,25,0.5526315789473685,0.45614035087719296,0.0,0.5614035087719298,0.0,0.0,0.0,0.0,0.49122807017543857,0.5350877192982456,0.5192307692307693,0.5967741935483871,0.0,0.45614035087719296,0.543859649122807,0.18839021933149702,0
BPCL,6,0.95,974,108,57,2025-12-03,2026-04-16,0.45614035087719296,0.405,0.5079365079365079,0.42105263157894735,0.64,16,22,10,9,0.49122807017543857,0.43859649122807015,0.0,0.43859649122807015,0.0,0.0,0.0,0.0,0.43859649122807015,0.47368421052631576,0.42105263157894735,0.5263157894736843,0.0,0.6666666666666666,0.3333333333333333,0.10000660285425449,3
NTPC,1,0.7,691,76,110,2024-04-19,2024-11-08,0.5454545454545454,0.5255376344086021,0.6753246753246753,0.5652173913043478,0.8387096774193549,52,40,8,10,0.5,0.5636363636363636,0.0,0.5636363636363636,0.0,0.0,0.0,0.0,0.5545454545454546,0.5272727272727272,0.5652173913043478,0.4444444444444444,0.0,0.8363636363636363,0.16363636363636364,0.14655075131577686,0
NTPC,2,0.75,740,82,110,2024-08-06,2025-03-06,0.5,0.39854111405835546,0.6357615894039735,0.48484848484848486,0.9230769230769231,48,51,7,4,0.44545454545454544,0.4727272727272727,0.0,0.43636363636363634,0.0,0.0,0.0,0.0,0.43636363636363634,0.5545454545454546,0.48484848484848486,0.6363636363636364,0.0,0.9,0.1,0.26091103627786416,0
NTPC,3,0.8,790,87,110,2024-11-11,2025-07-28,0.43636363636363634,0.4023333333333333,0.5507246376811594,0.4318181818181818,0.76,38,50,10,12,0.4090909090909091,0.45454545454545453,0.0,0.4727272727272727,0.0,0.0,0.0,0.0,0.4909090909090909,0.44545454545454544,0.4318181818181818,0.4545454545454546,0.0,0.8,0.2,0.37889654800313444,0
NTPC,4,0.85,839,93,110,2025-03-12,2025-12-05,0.5181818181818182,0.5112433862433863,0.6015037593984962,0.5063291139240507,0.7407407407407407,40,39,17,14,0.5545454545454546,0.4909090909090909,0.0,0.45454545454545453,0.0,0.0,0.0,0.0,0.509090909090909,0.5363636363636364,0.5063291139240507,0.5483870967741935,0.0,0.7181818181818181,0.2818181818181818,1.0,0
NTPC,5,0.9,889,98,110,2025-07-29,2026-04-16,0.5818181818181818,0.5387171817879695,0.6666666666666666,0.5822784810126582,0.7796610169491526,46,33,18,13,0.5545454545454546,0.5363636363636364,0.0,0.5818181818181818,0.0,0.0,0.0,0.0,0.45454545454545453,0.4727272727272727,0.5822784810126582,0.5806451612903225,0.0,0.7181818181818181,0.2818181818181818,1.0,0
NTPC,6,0.95,938,104,55,2025-12-09,2026-04-16,0.6363636363636364,0.5631720430107526,0.7142857142857143,0.6410256410256411,0.8064516129032258,25,14,10,6,0.5818181818181818,0.5636363636363636,0.0,0.4727272727272727,0.0,0.0,0.0,0.0,0.5636363636363636,0.5272727272727272,0.6410256410256411,0.625,0.0,0.7090909090909091,0.2909090909090909,1.0,3
POWERGRID,1,0.7,684,76,108,2024-03-22,2024-11-11,0.48148148148148145,0.48680555555555555,0.5882352941176471,0.5263157894736842,0.6666666666666666,40,36,12,20,0.5648148148148148,0.6203703703703703,0.0,0.5740740740740741,0.0,0.0,0.0,0.0,0.5555555555555556,0.5555555555555556,0.5263157894736842,0.375,0.0,0.7037037037037037,0.2962962962962963,0.12306568186576679,0
POWERGRID,2,0.75,733,81,109,2024-07-26,2025-03-06,0.47706422018348627,0.5345762711864407,0.6174496644295302,0.46464646464646464,0.92,46,53,6,4,0.5137614678899083,0.45871559633027525,0.0,0.5045871559633027,0.0,0.0,0.0,0.0,0.45871559633027525,0.5229357798165137,0.46464646464646464,0.6,0.0,0.908256880733945,0.09174311926605505,0.12965458859486717,0
POWERGRID,3,0.8,782,86,109,2024-11-12,2025-07-04,0.5321100917431193,0.4777628032345013,0.6751592356687898,0.5247524752475248,0.9464285714285714,53,48,5,3,0.48623853211009177,0.5137614678899083,0.0,0.5045871559633027,0.0,0.0,0.0,0.0,0.48623853211009177,0.5229357798165137,0.5247524752475248,0.625,0.0,0.926605504587156,0.07339449541284404,0.538387088715172,0
POWERGRID,4,0.85,831,92,108,2025-03-07,2025-11-24,0.5092592592592593,0.571771978021978,0.6708074534161491,0.5142857142857142,0.9642857142857143,54,51,1,2,0.5370370370370371,0.5185185185185185,0.0,0.49074074074074076,0.0,0.0,0.0,0.0,0.5,0.4537037037037037,0.5142857142857142,0.33333333333333337,0.0,0.9722222222222222,0.027777777777777776,1.0,0
POWERGRID,5,0.9,880,97,109,2025-07-08,2026-04-16,0.46788990825688076,0.5302721088435375,0.6133333333333333,0.45544554455445546,0.9387755102040817,46,55,5,3,0.45871559633027525,0.44036697247706424,0.0,0.48623853211009177,0.0,0.0,0.0,0.0,0.47706422018348627,0.45871559633027525,0.45544554455445546,0.625,0.0,0.926605504587156,0.07339449541284404,0.6334387121456934,0
POWERGRID,6,0.95,928,103,55,2025-11-25,2026-04-16,0.34545454545454546,0.3654891304347826,0.47058823529411764,0.35555555555555557,0.6956521739130435,16,29,3,7,0.38181818181818183,0.41818181818181815,0.0,0.41818181818181815,0.0,0.0,0.0,0.0,0.32727272727272727,0.4,0.35555555555555557,0.30000000000000004,0.0,0.8181818181818182,0.18181818181818182,0.41227325421697464,3
COALINDIA,1,0.7,702,77,112,2024-03-20,2024-11-01,0.5178571428571429,0.4655004859086492,0.5909090909090909,0.5652173913043478,0.6190476190476191,39,30,19,24,0.5625,0.5357142857142857,0.0,0.4642857142857143,0.0,0.0,0.0,0.0,0.4375,0.5535714285714286,0.5652173913043478,0.4418604651162791,0.0,0.6160714285714286,0.38392857142857145,0.24240335390712311,0
COALINDIA,2,0.75,752,83,111,2024-07-29,2025-02-24,0.4864864864864865,0.4777777777777778,0.6122448979591837,0.46875,0.8823529411764706,45,51,9,6,0.42342342342342343,0.4594594594594595,0.0,0.5585585585585585,0.0,0.0,0.0,0.0,0.5405405405405406,0.44144144144144143,0.46875,0.6,0.0,0.8648648648648649,0.13513513513513514,0.1187413695527025,0
COALINDIA,3,0.8,802,89,111,2024-11-04,2025-07-10,0.42342342342342343,0.44307091737150295,0.5555555555555556,0.43956043956043955,0.7547169811320755,40,51,7,13,0.46846846846846846,0.4954954954954955,0.0,0.5045045045045045,0.0,0.0,0.0,0.0,0.5405405405405406,0.45045045045045046,0.43956043956043955,0.35,0.0,0.8198198198198198,0.18018018018018017,0.2397619689774895,0
COALINDIA,4,0.85,852,94,112,2025-02-28,2025-11-27,0.49107142857142855,0.5679565078349857,0.6013986013986014,0.5119047619047619,0.7288135593220338,43,41,12,16,0.5267857142857143,0.5357142857142857,0.0,0.44642857142857145,0.0,0.0,0.0,0.0,0.48214285714285715,0.5178571428571429,0.5119047619047619,0.4285714285714286,0.0,0.75,0.25,1.0,0
COALINDIA,5,0.9,902,100,112,2025-07-11,2026-04-16,0.5089285714285714,0.4451551007355293,0.5985401459854015,0.5256410256410257,0.6949152542372882,41,37,16,18,0.5089285714285714,0.5178571428571429,0.0,0.45535714285714285,0.0,0.0,0.0,0.0,0.48214285714285715,0.4732142857142857,0.5256410256410257,0.47058823529411764,0.0,0.6964285714285714,0.30357142857142855,0.1940091734817279,0
COALINDIA,6,0.95,953,105,56,2025-12-02,2026-04-16,0.44642857142857145,0.4362244897959184,0.5633802816901409,0.46511627906976744,0.7142857142857143,20,23,5,8,0.48214285714285715,0.5178571428571429,0.0,0.4642857142857143,0.0,0.0,0.0,0.0,0.48214285714285715,0.3392857142857143,0.46511627906976744,0.3846153846153846,0.0,0.7678571428571429,0.23214285714285715,1.0,3
GAIL,1,0.7,837,93,133,2024-01-12,2024-09-27,0.5338345864661654,0.5960919540229885,0.5507246376811594,0.6031746031746031,0.5066666666666667,38,25,33,37,0.556390977443609,0.5639097744360902,0.0,0.5639097744360902,0.0,0.0,0.0,0.0,0.5639097744360902,0.45864661654135336,0.6031746031746031,0.4714285714285714,0.0,0.47368421052631576,0.5263157894736842,0.17115695911105083,0
GAIL,2,0.75,897,99,133,2024-05-31,2025-02-07,0.5413533834586466,0.5599547511312217,0.655367231638418,0.5178571428571429,0.8923076923076924,58,54,14,7,0.5263157894736842,0.48872180451127817,0.0,0.5864661654135338,0.0,0.0,0.0,0.0,0.48120300751879697,0.48872180451127817,0.5178571428571429,0.6666666666666667,0.0,0.8421052631578947,0.15789473684210525,0.17478022784803135,0
GAIL,3,0.8,957,106,133,2024-10-04,2025-06-25,0.45112781954887216,0.4208616780045351,0.5034013605442177,0.44047619047619047,0.5873015873015873,37,47,23,26,0.48872180451127817,0.41353383458646614,0.0,0.48872180451127817,0.0,0.0,0.0,0.0,0.5263157894736842,0.47368421052631576,0.44047619047619047,0.4693877551020408,0.0,0.631578947368421,0.3684210526315789,0.3294779850316652,0
GAIL,4,0.85,1017,112,133,2025-02-10,2025-11-14,0.5263157894736842,0.4809177646524307,0.6272189349112426,0.5408163265306123,0.7464788732394366,53,45,17,18,0.5263157894736842,0.5338345864661654,0.0,0.5639097744360902,0.0,0.0,0.0,0.0,0.47368421052631576,0.5413533834586466,0.5408163265306123,0.48571428571428577,0.0,0.7368421052631579,0.2631578947368421,1.0,0
GAIL,5,0.9,1077,119,133,2025-06-26,2026-04-16,0.47368421052631576,0.4828132066938037,0.5333333333333333,0.47619047619047616,0.6060606060606061,40,44,23,26,0.5263157894736842,0.49624060150375937,0.0,0.47368421052631576,0.0,0.0,0.0,0.0,0.49624060150375937,0.48872180451127817,0.47619047619047616,0.4693877551020408,0.0,0.631578947368421,0.3684210526315789,1.0,0
GAIL,6,0.95,1136,126,67,2025-11-17,2026-04-16,0.47761194029850745,0.49369369369369365,0.5569620253164557,0.4489795918367347,0.7333333333333333,22,27,10,8,0.5373134328358209,0.5223880597014925,0.0,0.417910447761194,0.0,0.0,0.0,0.0,0.44776119402985076,0.44776119402985076,0.4489795918367347,0.5555555555555556,0.0,0.7313432835820896,0.26865671641791045,0.16259892177855798,3
TATASTEEL,1,0.7,826,91,131,2023-12-12,2024-10-04,0.5419847328244275,0.6177024482109228,0.6511627906976745,0.56,0.7777777777777778,56,44,15,16,0.5725190839694656,0.549618320610687,0.0,0.5801526717557252,0.0,0.0,0.0,0.0,0.44274809160305345,0.549618320610687,0.56,0.4838709677419355,0.0,0.7633587786259542,0.2366412213740458,0.11836095812941923,0
TATASTEEL,2,0.75,885,98,131,2024-05-10,2025-02-05,0.48091603053435117,0.4491841491841492,0.6263736263736264,0.49137931034482757,0.8636363636363636,57,59,6,9,0.48091603053435117,0.4351145038167939,0.0,0.5267175572519084,0.0,0.0,0.0,0.0,0.45038167938931295,0.5343511450381679,0.49137931034482757,0.4,0.0,0.8854961832061069,0.11450381679389313,0.29310135928802405,0
TATASTEEL,3,0.8,944,104,131,2024-10-07,2025-06-26,0.46564885496183206,0.45778917910447764,0.5833333333333334,0.48514851485148514,0.7313432835820896,49,52,12,18,0.45038167938931295,0.4732824427480916,0.0,0.5572519083969466,0.0,0.0,0.0,0.0,0.5419847328244275,0.5267175572519084,0.48514851485148514,0.4,0.0,0.7709923664122137,0.22900763358778625,0.28755255245166245,0
TATASTEEL,4,0.85,1003,111,131,2025-02-06,2025-11-21,0.4732824427480916,0.5203081232492998,0.5868263473053892,0.494949494949495,0.7205882352941176,49,50,13,19,0.4580152671755725,0.5190839694656488,0.0,0.5419847328244275,0.0,0.0,0.0,0.0,0.44274809160305345,0.5038167938931297,0.494949494949495,0.40625,0.0,0.7557251908396947,0.24427480916030533,1.0,0
TATASTEEL,5,0.9,1062,117,132,2025-06-27,2026-04-16,0.5303030303030303,0.48921028466483013,0.6395348837209303,0.5188679245283019,0.8333333333333334,55,51,15,11,0.49242424242424243,0.5,0.0,0.4318181818181818,0.0,0.0,0.0,0.0,0.5075757575757576,0.4318181818181818,0.5188679245283019,0.5769230769230769,0.0,0.803030303030303,0.19696969696969696,0.25487214653175533,0
TATASTEEL,6,0.95,1121,124,66,2025-11-24,2026-04-16,0.5,0.5419354838709678,0.6292134831460674,0.5185185185185185,0.8,28,26,5,7,0.5151515151515151,0.5606060606060606,0.0,0.45454545454545453,0.0,0.0,0.0,0.0,0.5303030303030303,0.5454545454545454,0.5185185185185185,0.41666666666666663,0.0,0.8181818181818182,0.18181818181818182,0.18009520490913195,3
TATAPOWER,1,0.7,807,89,128,2023-11-13,2024-08-23,0.53125,0.5314489432136491,0.625,0.6024096385542169,0.6493506493506493,50,33,18,27,0.5625,0.5859375,0.0,0.46875,0.0,0.0,0.0,0.0,0.6015625,0.5703125,0.6024096385542169,0.4,0.0,0.6484375,0.3515625,0.20267083344245163,0
TATAPOWER,2,0.75,864,96,128,2024-04-02,2025-01-16,0.4921875,0.4759424603174603,0.6242774566473989,0.5346534653465347,0.75,54,47,9,18,0.5234375,0.4765625,0.0,0.5078125,0.0,0.0,0.0,0.0,0.53125,0.5546875,0.5346534653465347,0.33333333333333337,0.0,0.7890625,0.2109375,0.24212662478134403,0
TATAPOWER,3,0.8,922,102,128,2024-08-26,2025-06-12,0.5,0.49029722426922134,0.5789473684210527,0.5301204819277109,0.6376811594202898,44,39,20,25,0.4453125,0.484375,0.0,0.5390625,0.0,0.0,0.0,0.0,0.5234375,0.5546875,0.5301204819277109,0.4444444444444444,0.0,0.6484375,0.3515625,0.22537365254357128,0
TATAPOWER,4,0.85,980,108,128,2025-01-20,2025-11-03,0.546875,0.5174019607843138,0.6027397260273972,0.5641025641025641,0.6470588235294118,44,34,26,24,0.5390625,0.5234375,0.0,0.59375,0.0,0.0,0.0,0.0,0.5390625,0.578125,0.5641025641025641,0.52,0.0,0.609375,0.390625,0.298108109286749,0
TATAPOWER,5,0.9,1037,115,129,2025-06-13,2026-04-16,0.46511627906976744,0.5105922002888782,0.5964912280701754,0.46788990825688076,0.8225806451612904,51,58,9,11,0.5038759689922481,0.4806201550387597,0.0,0.5116279069767442,0.0,0.0,0.0,0.0,0.4883720930232558,0.5038759689922481,0.46788990825688076,0.44999999999999996,0.0,0.8449612403100775,0.15503875968992248,0.52664259524731,0
TATAPOWER,6,0.95,1095,121,65,2025-11-04,2026-04-16,0.5076923076923077,0.4933333333333333,0.627906976744186,0.48214285714285715,0.9,27,29,6,3,0.4461538461538462,0.47692307692307695,0.0,0.38461538461538464,0.0,0.0,0.0,0.0,0.46153846153846156,0.4461538461538462,0.48214285714285715,0.6666666666666667,0.0,0.8615384615384616,0.13846153846153847,1.0,3
VEDL,1,0.7,759,84,121,2024-05-06,2024-12-20,0.49586776859504134,0.5331688596491229,0.5793103448275863,0.5185185185185185,0.65625,42,39,18,22,0.5041322314049587,0.5289256198347108,0.0,0.4793388429752066,0.0,0.0,0.0,0.0,0.5206611570247934,0.5289256198347108,0.5185185185185185,0.44999999999999996,0.0,0.6694214876033058,0.3305785123966942,0.2965554758167473,0
VEDL,2,0.75,813,90,121,2024-08-23,2025-04-09,0.512396694214876,0.5449561403508771,0.562962962962963,0.5352112676056338,0.59375,38,33,24,26,0.512396694214876,0.5619834710743802,0.0,0.5041322314049587,0.0,0.0,0.0,0.0,0.49586776859504134,0.512396694214876,0.5352112676056338,0.48,0.0,0.5867768595041323,0.4132231404958678,0.3347058682925644,0
VEDL,3,0.8,868,96,120,2024-12-23,2025-08-04,0.55,0.49915824915824913,0.6625,0.5638297872340425,0.803030303030303,53,41,13,13,0.5083333333333333,0.4666666666666667,0.0,0.4666666666666667,0.0,0.0,0.0,0.0,0.5583333333333333,0.48333333333333334,0.5638297872340425,0.5,0.0,0.7833333333333333,0.21666666666666667,0.22097778053063255,0
VEDL,4,0.85,922,102,120,2025-04-17,2025-12-04,0.5416666666666666,0.5235310498468393,0.6258503401360545,0.5476190476190477,0.7301587301587301,46,38,19,17,0.5166666666666667,0.5666666666666667,0.0,0.5583333333333333,0.0,0.0,0.0,0.0,0.5916666666666667,0.45,0.5476190476190477,0.5277777777777778,0.0,0.7,0.3,0.23605557164379187,0
VEDL,5,0.9,976,108,121,2025-08-05,2026-04-16,0.5950413223140496,0.5600920069005175,0.6918238993710691,0.6470588235294118,0.7432432432432432,55,30,17,19,0.5950413223140496,0.5206611570247934,0.0,0.6363636363636364,0.0,0.0,0.0,0.0,0.5702479338842975,0.5867768595041323,0.6470588235294118,0.4722222222222222,0.0,0.7024793388429752,0.2975206611570248,0.38847677449630164,0
VEDL,6,0.95,1030,114,61,2025-12-05,2026-04-16,0.5901639344262295,0.5695187165775402,0.7191011235955056,0.7111111111111111,0.7272727272727273,32,13,4,12,0.5737704918032787,0.4098360655737705,0.0,0.5901639344262295,0.0,0.0,0.0,0.0,0.5245901639344263,0.5409836065573771,0.7111111111111111,0.25,0.0,0.7377049180327869,0.26229508196721313,0.10794390913836102,3
JSWSTEEL,1,0.7,718,79,114,2024-04-05,2024-11-22,0.5350877192982456,0.5629652605459057,0.6293706293706294,0.5555555555555556,0.7258064516129032,45,36,16,17,0.5701754385964912,0.47368421052631576,0.0,0.47368421052631576,0.0,0.0,0.0,0.0,0.5263157894736842,0.5263157894736842,0.5555555555555556,0.48484848484848486,0.0,0.7105263157894737,0.2894736842105263,0.21651863184991602,0
JSWSTEEL,2,0.75,769,85,114,2024-08-05,2025-03-20,0.5614035087719298,0.5102357320099256,0.6268656716417911,0.5833333333333334,0.6774193548387096,42,30,22,20,0.5087719298245614,0.5087719298245614,0.0,0.4649122807017544,0.0,0.0,0.0,0.0,0.5350877192982456,0.543859649122807,0.5833333333333334,0.5238095238095238,0.0,0.631578947368421,0.3684210526315789,0.18132261113640105,0
JSWSTEEL,3,0.8,820,91,114,2024-11-25,2025-08-01,0.5175438596491229,0.49984610649430594,0.5299145299145299,0.5166666666666667,0.543859649122807,31,29,28,26,0.5614035087719298,0.4473684210526316,0.0,0.5,0.0,0.0,0.0,0.0,0.49122807017543857,0.5350877192982456,0.5166666666666667,0.5185185185185186,0.0,0.5263157894736842,0.47368421052631576,0.10000660285425449,0
JSWSTEEL,4,0.85,872,96,114,2025-03-25,2025-12-05,0.5175438596491229,0.4583977729662852,0.42105263157894735,0.47619047619047616,0.37735849056603776,20,22,39,33,0.5350877192982456,0.47368421052631576,0.0,0.45614035087719296,0.0,0.0,0.0,0.0,0.4649122807017544,0.5,0.47619047619047616,0.5416666666666667,0.0,0.3684210526315789,0.631578947368421,0.2884059117282702,0
JSWSTEEL,5,0.9,923,102,114,2025-08-06,2026-04-16,0.47368421052631576,0.49458707083204456,0.4827586206896552,0.509090909090909,0.45901639344262296,28,27,26,33,0.47368421052631576,0.47368421052631576,0.0,0.5087719298245614,0.0,0.0,0.0,0.0,0.45614035087719296,0.49122807017543857,0.509090909090909,0.44067796610169496,0.0,0.4824561403508772,0.5175438596491229,0.3070815844027148,0
JSWSTEEL,6,0.95,974,108,57,2025-12-08,2026-04-16,0.49122807017543857,0.48749999999999993,0.5915492957746479,0.5384615384615384,0.65625,21,18,7,11,0.543859649122807,0.43859649122807015,0.0,0.47368421052631576,0.0,0.0,0.0,0.0,0.45614035087719296,0.5263157894736842,0.5384615384615384,0.38888888888888884,0.0,0.6842105263157895,0.3157894736842105,1.0,3
HINDALCO,1,0.7,747,83,119,2024-03-28,2024-11-26,0.46218487394957986,0.4513299377475948,0.5362318840579711,0.4868421052631579,0.5967741935483871,37,39,18,25,0.46218487394957986,0.5042016806722689,0.0,0.5210084033613446,0.0,0.0,0.0,0.0,0.5294117647058824,0.5210084033613446,0.4868421052631579,0.41860465116279066,0.0,0.6386554621848739,0.36134453781512604,0.1504009409458923,0
HINDALCO,2,0.75,801,89,118,2024-08-01,2025-03-27,0.4745762711864407,0.4074712643678161,0.5633802816901409,0.4878048780487805,0.6666666666666666,40,42,16,20,0.5338983050847458,0.5169491525423728,0.0,0.4491525423728814,0.0,0.0,0.0,0.0,0.4491525423728814,0.4745762711864407,0.4878048780487805,0.4444444444444444,0.0,0.6949152542372882,0.3050847457627119,0.12551712575378504,0
HINDALCO,3,0.8,855,94,119,2024-11-27,2025-08-01,0.44537815126050423,0.4767573696145125,0.5074626865671642,0.4788732394366197,0.5396825396825397,34,37,19,29,0.5462184873949579,0.5294117647058824,0.0,0.4789915966386555,0.0,0.0,0.0,0.0,0.5378151260504201,0.42857142857142855,0.4788732394366197,0.39583333333333337,0.0,0.5966386554621849,0.40336134453781514,0.2069927240079044,0
HINDALCO,4,0.85,908,100,119,2025-03-28,2025-12-05,0.5462184873949579,0.48469387755102045,0.6538461538461539,0.5483870967741935,0.8095238095238095,51,42,14,12,0.5546218487394958,0.6386554621848739,0.0,0.5294117647058824,0.0,0.0,0.0,0.0,0.5210084033613446,0.5126050420168067,0.5483870967741935,0.5384615384615384,0.0,0.7815126050420168,0.2184873949579832,0.3401515997106097,0
HINDALCO,5,0.9,962,106,119,2025-08-07,2026-04-16,0.5126050420168067,0.44173913043478263,0.5857142857142857,0.5774647887323944,0.5942028985507246,41,30,20,28,0.5378151260504201,0.453781512605042,0.0,0.5378151260504201,0.0,0.0,0.0,0.0,0.5882352941176471,0.44537815126050423,0.5774647887323944,0.41666666666666663,0.0,0.5966386554621849,0.40336134453781514,0.3760924343134609,0
HINDALCO,6,0.95,1015,112,60,2025-12-08,2026-04-16,0.6,0.6160287081339713,0.6756756756756757,0.6944444444444444,0.6578947368421053,25,11,11,13,0.5,0.55,0.0,0.5666666666666667,0.0,0.0,0.0,0.0,0.6333333333333333,0.6333333333333333,0.6944444444444444,0.45833333333333337,0.0,0.6,0.4,0.3051841899903739,3
INDUSTOWER,1,0.7,725,80,115,2024-04-15,2024-12-02,0.5217391304347826,0.47938461538461535,0.367816091954023,0.7272727272727273,0.24615384615384617,16,6,44,49,0.5652173913043478,0.4782608695652174,0.0,0.45217391304347826,0.0,0.0,0.0,0.0,0.5304347826086957,0.5304347826086957,0.7272727272727273,0.4731182795698925,0.0,0.19130434782608696,0.808695652173913,1.0,0
INDUSTOWER,2,0.75,777,86,115,2024-08-08,2025-03-27,0.5739130434782609,0.5506060606060607,0.5148514851485149,0.6341463414634146,0.43333333333333335,26,15,40,34,0.4782608695652174,0.5043478260869565,0.0,0.5043478260869565,0.0,0.0,0.0,0.0,0.5478260869565217,0.5565217391304348,0.6341463414634146,0.5405405405405406,0.0,0.3565217391304348,0.6434782608695652,0.16092253325165226,0
INDUSTOWER,3,0.8,828,92,115,2024-12-03,2025-07-31,0.46956521739130436,0.4522081064730793,0.48739495798319327,0.47540983606557374,0.5,29,32,25,29,0.4608695652173913,0.46956521739130436,0.0,0.5565217391304348,0.0,0.0,0.0,0.0,0.5043478260869565,0.4608695652173913,0.47540983606557374,0.4629629629629629,0.0,0.5304347826086957,0.46956521739130436,0.3287270654986025,0
INDUSTOWER,4,0.85,881,97,115,2025-03-28,2025-12-01,0.48695652173913045,0.4721718088324259,0.4380952380952381,0.4791666666666667,0.40350877192982454,23,25,33,34,0.4956521739130435,0.4956521739130435,0.0,0.4608695652173913,0.0,0.0,0.0,0.0,0.48695652173913045,0.40869565217391307,0.4791666666666667,0.4925373134328358,0.0,0.41739130434782606,0.5826086956521739,1.0,0
INDUSTOWER,5,0.9,932,103,116,2025-08-04,2026-04-08,0.5172413793103449,0.5171385991058122,0.5,0.5490196078431373,0.45901639344262296,28,23,32,33,0.46551724137931033,0.5775862068965517,0.0,0.5172413793103449,0.0,0.0,0.0,0.0,0.5431034482758621,0.49137931034482757,0.5490196078431373,0.49230769230769234,0.0,0.4396551724137931,0.5603448275862069,0.16813398292360945,0
INDUSTOWER,6,0.95,984,109,58,2025-12-02,2026-04-08,0.4827586206896552,0.5639187574671446,0.4,0.5263157894736842,0.3225806451612903,10,9,18,21,0.5172413793103449,0.5689655172413793,0.0,0.4482758620689655,0.0,0.0,0.0,0.0,0.46551724137931033,0.46551724137931033,0.5263157894736842,0.46153846153846156,0.0,0.3275862068965517,0.6724137931034483,1.0,3
BHARTIARTL,1,0.7,667,74,106,2024-03-14,2024-11-14,0.5094339622641509,0.5621408045977011,0.559322033898305,0.55,0.5689655172413793,33,27,21,25,0.5094339622641509,0.3584905660377358,0.0,0.5283018867924528,0.0,0.0,0.0,0.0,0.5377358490566038,0.5283018867924528,0.55,0.4565217391304348,0.0,0.5660377358490566,0.4339622641509434,0.2746587389953018,0
BHARTIARTL,2,0.75,715,79,106,2024-07-31,2025-03-20,0.5943396226415094,0.6413043478260869,0.6814814814814815,0.6133333333333333,0.7666666666666667,46,29,17,14,0.5094339622641509,0.49056603773584906,0.0,0.5471698113207547,0.0,0.0,0.0,0.0,0.5660377358490566,0.6037735849056604,0.6133333333333333,0.5483870967741935,0.0,0.7075471698113207,0.29245283018867924,0.10000660285425449,0
BHARTIARTL,3,0.8,763,84,106,2024-11-22,2025-07-22,0.5754716981132075,0.5065982404692082,0.7058823529411765,0.5934065934065934,0.8709677419354839,54,37,7,8,0.46226415094339623,0.5754716981132075,0.0,0.4811320754716981,0.0,0.0,0.0,0.0,0.5943396226415094,0.5943396226415094,0.5934065934065934,0.4666666666666667,0.0,0.8584905660377359,0.14150943396226415,0.16146497629578238,0
BHARTIARTL,4,0.85,810,90,106,2025-03-21,2025-11-24,0.6037735849056604,0.5071982281284607,0.7307692307692307,0.6129032258064516,0.9047619047619048,57,36,7,6,0.5471698113207547,0.5943396226415094,0.0,0.5094339622641509,0.0,0.0,0.0,0.0,0.5471698113207547,0.5943396226415094,0.6129032258064516,0.5384615384615384,0.0,0.8773584905660378,0.12264150943396226,0.46150991181362805,0
BHARTIARTL,5,0.9,858,95,106,2025-07-25,2026-04-09,0.49056603773584906,0.510873440285205,0.6197183098591549,0.5057471264367817,0.8,44,43,8,11,0.5377358490566038,0.5188679245283019,0.0,0.4528301886792453,0.0,0.0,0.0,0.0,0.5566037735849056,0.44339622641509435,0.5057471264367817,0.42105263157894735,0.0,0.8207547169811321,0.1792452830188679,0.2365674150393904,0
BHARTIARTL,6,0.95,906,100,53,2025-11-25,2026-04-09,0.49056603773584906,0.686217008797654,0.6197183098591549,0.4489795918367347,1.0,22,27,4,0,0.5283018867924528,0.5471698113207547,0.0,0.41509433962264153,0.0,0.0,0.0,0.0,0.4339622641509434,0.5094339622641509,0.4489795918367347,1.0,0.0,0.9245283018867925,0.07547169811320754,0.29446636454015973,3
SAIL,1,0.7,762,84,121,2024-04-15,2024-12-06,0.5867768595041323,0.578125,0.6376811594202898,0.5432098765432098,0.7719298245614035,44,37,27,13,0.512396694214876,0.5454545454545454,0.0,0.5371900826446281,0.0,0.0,0.0,0.0,0.49586776859504134,0.4793388429752066,0.5432098765432098,0.675,0.0,0.6694214876033058,0.3305785123966942,0.19929296061625465,0
SAIL,2,0.75,816,90,121,2024-08-13,2025-03-21,0.5454545454545454,0.5013706140350878,0.6308724832214765,0.5108695652173914,0.8245614035087719,47,45,19,10,0.5289256198347108,0.4793388429752066,0.0,0.4793388429752066,0.0,0.0,0.0,0.0,0.4380165289256198,0.5371900826446281,0.5108695652173914,0.6551724137931034,0.0,0.7603305785123967,0.2396694214876033,0.2695845292286184,0
SAIL,3,0.8,871,96,121,2024-12-09,2025-08-01,0.47107438016528924,0.481957353745216,0.5789473684210527,0.4731182795698925,0.7457627118644068,44,49,13,15,0.48760330578512395,0.4628099173553719,0.0,0.45454545454545453,0.0,0.0,0.0,0.0,0.512396694214876,0.4793388429752066,0.4731182795698925,0.4642857142857143,0.0,0.768595041322314,0.23140495867768596,0.34808471073823233,0
SAIL,4,0.85,925,102,121,2025-03-24,2025-12-10,0.5289256198347108,0.5577449370552819,0.6013986013986014,0.5058823529411764,0.7413793103448276,43,42,21,15,0.512396694214876,0.4793388429752066,0.0,0.4628099173553719,0.0,0.0,0.0,0.0,0.48760330578512395,0.3884297520661157,0.5058823529411764,0.5833333333333333,0.0,0.7024793388429752,0.2975206611570248,1.0,0
SAIL,5,0.9,980,108,121,2025-08-05,2026-04-16,0.5785123966942148,0.5623291416074357,0.5853658536585366,0.5625,0.6101694915254238,36,28,34,23,0.5702479338842975,0.5289256198347108,0.0,0.49586776859504134,0.0,0.0,0.0,0.0,0.4793388429752066,0.5619834710743802,0.5625,0.5964912280701755,0.0,0.5289256198347108,0.47107438016528924,0.45597764628224247,0
SAIL,6,0.95,1034,114,61,2025-12-11,2026-04-16,0.4262295081967213,0.38064516129032266,0.36363636363636365,0.4166666666666667,0.3225806451612903,10,14,16,21,0.5081967213114754,0.4918032786885246,0.0,0.5573770491803278,0.0,0.0,0.0,0.0,0.5409836065573771,0.5409836065573771,0.4166666666666667,0.43243243243243246,0.0,0.39344262295081966,0.6065573770491803,0.10000660285425449,3
LT,1,0.7,687,76,109,2024-03-21,2024-11-11,0.5229357798165137,0.5013726835964311,0.6708860759493671,0.5520833333333334,0.8548387096774194,53,43,4,9,0.5779816513761468,0.5321100917431193,0.0,0.5688073394495413,0.0,0.0,0.0,0.0,0.5596330275229358,0.5229357798165137,0.5520833333333334,0.3076923076923077,0.0,0.8807339449541285,0.11926605504587157,0.29958836357965407,0
LT,2,0.75,736,81,109,2024-07-23,2025-03-04,0.5137614678899083,0.5233265720081136,0.624113475177305,0.4888888888888889,0.8627450980392157,44,46,12,7,0.5321100917431193,0.46788990825688076,0.0,0.4954128440366973,0.0,0.0,0.0,0.0,0.47706422018348627,0.41284403669724773,0.4888888888888889,0.631578947368421,0.0,0.8256880733944955,0.1743119266055046,0.19638993490662845,0
LT,3,0.8,785,87,109,2024-11-12,2025-07-24,0.5871559633027523,0.6016835016835017,0.6808510638297872,0.5581395348837209,0.8727272727272727,48,38,16,7,0.5596330275229358,0.5045871559633027,0.0,0.5229357798165137,0.0,0.0,0.0,0.0,0.5412844036697247,0.5137614678899083,0.5581395348837209,0.6956521739130435,0.0,0.7889908256880734,0.21100917431192662,0.4743963311911838,0
LT,4,0.85,834,92,109,2025-03-05,2025-11-19,0.6238532110091743,0.5507246376811594,0.7248322147651006,0.627906976744186,0.8571428571428571,54,32,14,9,0.5504587155963303,0.6055045871559633,0.0,0.5963302752293578,0.0,0.0,0.0,0.0,0.48623853211009177,0.5963302752293578,0.627906976744186,0.6086956521739131,0.0,0.7889908256880734,0.21100917431192662,1.0,0
LT,5,0.9,883,98,109,2025-07-25,2026-04-16,0.5504587155963303,0.5389344262295082,0.6370370370370371,0.581081081081081,0.7049180327868853,43,31,17,18,0.5871559633027523,0.5229357798165137,0.0,0.5045871559633027,0.0,0.0,0.0,0.0,0.4954128440366973,0.4954128440366973,0.581081081081081,0.48571428571428577,0.0,0.6788990825688074,0.3211009174311927,0.10000660285425449,0
LT,6,0.95,932,103,55,2025-11-24,2026-04-16,0.5272727272727272,0.48000000000000004,0.6176470588235294,0.5526315789473685,0.7,21,17,8,9,0.5636363636363636,0.4727272727272727,0.0,0.32727272727272727,0.0,0.0,0.0,0.0,0.4909090909090909,0.5272727272727272,0.5526315789473685,0.47058823529411764,0.0,0.6909090909090909,0.3090909090909091,0.12270839790453938,3
SIEMENS,1,0.7,798,88,127,2024-02-15,2024-11-07,0.5905511811023622,0.5483091787439613,0.6941176470588235,0.6629213483146067,0.7283950617283951,59,30,16,22,0.6377952755905512,0.5984251968503937,0.0,0.4251968503937008,0.0,0.0,0.0,0.0,0.5433070866141733,0.6299212598425197,0.6629213483146067,0.42105263157894735,0.0,0.7007874015748031,0.2992125984251969,0.12190200381974083,0
SIEMENS,2,0.75,855,95,126,2024-06-27,2025-03-06,0.5079365079365079,0.5279737903225806,0.6219512195121951,0.5,0.8225806451612904,51,51,13,11,0.46825396825396826,0.49206349206349204,0.0,0.5079365079365079,0.0,0.0,0.0,0.0,0.49206349206349204,0.5079365079365079,0.5,0.5416666666666667,0.0,0.8095238095238095,0.19047619047619047,0.15220058673547893,0
SIEMENS,3,0.8,912,101,127,2024-11-08,2025-07-15,0.48031496062992124,0.4739454094292804,0.6292134831460674,0.4827586206896552,0.9032258064516129,56,60,5,6,0.5433070866141733,0.47244094488188976,0.0,0.5354330708661418,0.0,0.0,0.0,0.0,0.5196850393700787,0.4881889763779528,0.4827586206896552,0.4545454545454546,0.0,0.9133858267716536,0.08661417322834646,0.15450856779485547,0
SIEMENS,4,0.85,969,107,127,2025-03-07,2025-12-01,0.5590551181102362,0.46915422885572133,0.6989247311827957,0.5462184873949579,0.9701492537313433,65,54,6,2,0.49606299212598426,0.48031496062992124,0.0,0.5905511811023622,0.0,0.0,0.0,0.0,0.5039370078740157,0.5354330708661418,0.5462184873949579,0.75,0.0,0.937007874015748,0.06299212598425197,0.25717139034086,0
SIEMENS,5,0.9,1026,114,127,2025-07-16,2026-04-16,0.5196850393700787,0.48928215353938187,0.6772486772486772,0.5289256198347108,0.9411764705882353,64,57,2,4,0.5039370078740157,0.48031496062992124,0.0,0.5196850393700787,0.0,0.0,0.0,0.0,0.5433070866141733,0.5433070866141733,0.5289256198347108,0.33333333333333337,0.0,0.952755905511811,0.047244094488188976,0.45840777833686525,0
SIEMENS,6,0.95,1083,120,64,2025-12-02,2026-04-16,0.5625,0.45098039215686275,0.6888888888888889,0.5535714285714286,0.9117647058823529,31,25,5,3,0.515625,0.546875,0.0,0.5625,0.0,0.0,0.0,0.0,0.53125,0.53125,0.5535714285714286,0.625,0.0,0.875,0.125,0.3394202811333062,3
BHEL,1,0.7,885,98,141,2023-12-28,2024-10-14,0.524822695035461,0.46386800334168754,0.6171428571428571,0.5934065934065934,0.6428571428571429,54,37,20,30,0.6028368794326241,0.5957446808510638,0.0,0.4397163120567376,0.0,0.0,0.0,0.0,0.6382978723404256,0.5460992907801419,0.5934065934065934,0.4,0.0,0.6453900709219859,0.3546099290780142,0.10000660285425449,0
BHEL,2,0.75,948,105,141,2024-05-29,2025-02-12,0.5390070921985816,0.5344064386317907,0.6060606060606061,0.5263157894736842,0.7142857142857143,50,45,26,20,0.5460992907801419,0.49645390070921985,0.0,0.5390070921985816,0.0,0.0,0.0,0.0,0.46099290780141844,0.5106382978723404,0.5263157894736842,0.5652173913043479,0.0,0.6737588652482269,0.3262411347517731,0.10000660285425449,0
BHEL,3,0.8,1012,112,140,2024-10-15,2025-07-08,0.6071428571428571,0.6352820512820512,0.6994535519125683,0.5925925925925926,0.8533333333333334,64,44,21,11,0.5642857142857143,0.5571428571428572,0.0,0.5428571428571428,0.0,0.0,0.0,0.0,0.5214285714285715,0.4785714285714286,0.5925925925925926,0.65625,0.0,0.7714285714285715,0.22857142857142856,0.24884317712627033,0
BHEL,4,0.85,1075,119,140,2025-02-13,2025-11-21,0.5642857142857143,0.585446299732014,0.655367231638418,0.58,0.7532467532467533,58,42,21,19,0.6,0.5,0.0,0.4857142857142857,0.0,0.0,0.0,0.0,0.45,0.5285714285714286,0.58,0.525,0.0,0.7142857142857143,0.2857142857142857,0.20980571828203493,0
BHEL,5,0.9,1138,126,141,2025-07-10,2026-04-16,0.46808510638297873,0.48227236099919424,0.5614035087719298,0.4897959183673469,0.6575342465753424,48,50,18,25,0.49645390070921985,0.5177304964539007,0.0,0.48936170212765956,0.0,0.0,0.0,0.0,0.524822695035461,0.475177304964539,0.4897959183673469,0.41860465116279066,0.0,0.6950354609929078,0.3049645390070922,0.23416749990068747,0
BHEL,6,0.95,1201,133,71,2025-11-24,2026-04-16,0.43661971830985913,0.33545310015898255,0.5833333333333334,0.4745762711864407,0.7567567567567568,28,31,3,9,0.4084507042253521,0.38028169014084506,0.0,0.5633802816901409,0.0,0.0,0.0,0.0,0.5211267605633803,0.49295774647887325,0.4745762711864407,0.25,0.0,0.8309859154929577,0.16901408450704225,0.28013769006033246,3
ABB,1,0.7,829,92,131,2024-02-08,2024-10-17,0.5572519083969466,0.5612403100775194,0.6547619047619048,0.6707317073170732,0.6395348837209303,55,27,18,31,0.5572519083969466,0.5954198473282443,0.0,0.5190839694656488,0.0,0.0,0.0,0.0,0.6564885496183206,0.6030534351145038,0.6707317073170732,0.36734693877551017,0.0,0.6259541984732825,0.37404580152671757,0.30788850565494696,0
ABB,2,0.75,889,98,131,2024-06-24,2025-02-10,0.48091603053435117,0.43073694029850745,0.6136363636363636,0.48214285714285715,0.84375,54,58,9,10,0.5190839694656488,0.48854961832061067,0.0,0.5190839694656488,0.0,0.0,0.0,0.0,0.5114503816793893,0.4732824427480916,0.48214285714285715,0.4736842105263158,0.0,0.8549618320610687,0.1450381679389313,0.12995391357854125,0
ABB,3,0.8,947,105,132,2024-10-18,2025-07-11,0.4696969696969697,0.45898617511520734,0.5882352941176471,0.46296296296296297,0.8064516129032258,50,58,12,12,0.48484848484848486,0.4696969696969697,0.0,0.5,0.0,0.0,0.0,0.0,0.4696969696969697,0.4621212121212121,0.46296296296296297,0.5,0.0,0.8181818181818182,0.18181818181818182,0.1854874773102146,0
ABB,4,0.85,1007,111,132,2025-02-13,2025-12-02,0.5075757575757576,0.5244546498277842,0.6107784431137725,0.5,0.7846153846153846,51,51,16,14,0.49242424242424243,0.49242424242424243,0.0,0.48484848484848486,0.0,0.0,0.0,0.0,0.5075757575757576,0.48484848484848486,0.5,0.5333333333333333,0.0,0.7727272727272727,0.22727272727272727,1.0,0
ABB,5,0.9,1066,118,132,2025-07-14,2026-04-16,0.5,0.3903952205882352,0.6666666666666666,0.5076923076923077,0.9705882352941176,66,64,0,2,0.44696969696969696,0.5151515151515151,0.0,0.44696969696969696,0.0,0.0,0.0,0.0,0.5151515151515151,0.5,0.5076923076923077,0.0,0.0,0.9848484848484849,0.015151515151515152,1.0,0
ABB,6,0.95,1125,125,66,2025-12-03,2026-04-16,0.5151515151515151,0.45666356011183595,0.6,0.5581395348837209,0.6486486486486487,24,19,10,13,0.4696969696969697,0.5606060606060606,0.0,0.45454545454545453,0.0,0.0,0.0,0.0,0.5606060606060606,0.42424242424242425,0.5581395348837209,0.4347826086956522,0.0,0.6515151515151515,0.3484848484848485,1.0,3
HAVELLS,1,0.7,794,88,126,2023-12-13,2024-09-20,0.48412698412698413,0.48747643415028274,0.5112781954887218,0.6296296296296297,0.43037974683544306,34,20,27,45,0.5,0.626984126984127,0.0,0.5714285714285714,0.0,0.0,0.0,0.0,0.373015873015873,0.373015873015873,0.6296296296296297,0.375,0.0,0.42857142857142855,0.5714285714285714,0.18116603343534915,0
HAVELLS,2,0.75,851,94,126,2024-05-14,2025-02-04,0.5793650793650794,0.5238095238095238,0.6131386861313869,0.5675675675675675,0.6666666666666666,42,32,31,21,0.5396825396825397,0.5,0.0,0.5,0.0,0.0,0.0,0.0,0.48412698412698413,0.49206349206349204,0.5675675675675675,0.5961538461538461,0.0,0.5873015873015873,0.4126984126984127,0.1751224742568315,0
HAVELLS,3,0.8,908,100,126,2024-09-23,2025-06-17,0.5,0.47692697768762676,0.5467625899280576,0.4691358024691358,0.6551724137931034,38,43,25,20,0.5317460317460317,0.4523809523809524,0.0,0.4444444444444444,0.0,0.0,0.0,0.0,0.4444444444444444,0.5476190476190477,0.4691358024691358,0.5555555555555556,0.0,0.6428571428571429,0.35714285714285715,0.10000660285425449,0
HAVELLS,4,0.85,964,107,126,2025-02-06,2025-11-18,0.5238095238095238,0.5984867591424968,0.6296296296296297,0.504950495049505,0.8360655737704918,51,50,15,10,0.5396825396825397,0.48412698412698413,0.0,0.49206349206349204,0.0,0.0,0.0,0.0,0.5317460317460317,0.4523809523809524,0.504950495049505,0.6,0.0,0.8015873015873016,0.1984126984126984,1.0,0
HAVELLS,5,0.9,1021,113,126,2025-06-18,2026-04-16,0.47619047619047616,0.501010101010101,0.46774193548387094,0.453125,0.48333333333333334,29,35,31,31,0.49206349206349204,0.47619047619047616,0.0,0.5,0.0,0.0,0.0,0.0,0.5079365079365079,0.42857142857142855,0.453125,0.5,0.0,0.5079365079365079,0.49206349206349204,1.0,0
HAVELLS,6,0.95,1078,119,63,2025-11-19,2026-04-16,0.5079365079365079,0.4627016129032258,0.4918032786885246,0.5172413793103449,0.46875,15,14,17,17,0.5079365079365079,0.5238095238095238,0.0,0.5396825396825397,0.0,0.0,0.0,0.0,0.5555555555555556,0.4603174603174603,0.5172413793103449,0.5,0.0,0.4603174603174603,0.5396825396825397,0.22562568664193292,3
POLYCAB,1,0.7,684,75,109,2024-06-21,2025-01-17,0.5321100917431193,0.5239057239057239,0.6709677419354839,0.52,0.9454545454545454,52,48,6,3,0.5504587155963303,0.5412844036697247,0.0,0.5779816513761468,0.0,0.0,0.0,0.0,0.4954128440366973,0.5137614678899083,0.52,0.6666666666666667,0.0,0.9174311926605505,0.08256880733944955,0.154268617590444,0
POLYCAB,2,0.75,732,81,109,2024-09-27,2025-05-20,0.5321100917431193,0.5581473968897904,0.6622516556291391,0.5376344086021505,0.8620689655172413,50,43,8,8,0.5412844036697247,0.45871559633027525,0.0,0.5596330275229358,0.0,0.0,0.0,0.0,0.47706422018348627,0.4954128440366973,0.5376344086021505,0.5,0.0,0.8532110091743119,0.14678899082568808,0.27140065157020116,0
POLYCAB,3,0.8,782,86,108,2025-01-20,2025-08-29,0.5092592592592593,0.5227586206896552,0.6624203821656051,0.5252525252525253,0.896551724137931,52,47,3,6,0.4444444444444444,0.5370370370370371,0.0,0.5648148148148148,0.0,0.0,0.0,0.0,0.5370370370370371,0.5555555555555556,0.5252525252525253,0.33333333333333337,0.0,0.9166666666666666,0.08333333333333333,0.33561581112550176,0
POLYCAB,4,0.85,830,92,108,2025-05-21,2025-12-16,0.46296296296296297,0.4289148351648352,0.618421052631579,0.4895833333333333,0.8392857142857143,47,49,3,9,0.4351851851851852,0.5092592592592593,0.0,0.5185185185185185,0.0,0.0,0.0,0.0,0.5185185185185185,0.5,0.4895833333333333,0.25,0.0,0.8888888888888888,0.1111111111111111,0.1928135804694056,0
POLYCAB,5,0.9,879,97,109,2025-09-01,2026-04-16,0.5229357798165137,0.5074123989218329,0.6388888888888888,0.5227272727272727,0.8214285714285714,46,42,11,10,0.41284403669724773,0.45871559633027525,0.0,0.5871559633027523,0.0,0.0,0.0,0.0,0.5688073394495413,0.5321100917431193,0.5227272727272727,0.5238095238095238,0.0,0.8073394495412844,0.1926605504587156,0.3471753802048005,0
POLYCAB,6,0.95,927,103,55,2025-12-18,2026-04-16,0.5272727272727272,0.45199999999999996,0.6388888888888888,0.5476190476190477,0.7666666666666667,23,19,6,7,0.38181818181818183,0.5272727272727272,0.0,0.6,0.0,0.0,0.0,0.0,0.4727272727272727,0.6545454545454545,0.5476190476190477,0.46153846153846156,0.0,0.7636363636363637,0.23636363636363636,1.0,3
GRASIM,1,0.7,698,77,111,2024-04-05,2024-11-19,0.5855855855855856,0.5495081967213115,0.7088607594936709,0.5773195876288659,0.9180327868852459,56,41,9,5,0.5315315315315315,0.5855855855855856,0.0,0.5045045045045045,0.0,0.0,0.0,0.0,0.5495495495495496,0.5315315315315315,0.5773195876288659,0.6428571428571428,0.0,0.8738738738738738,0.12612612612612611,0.3119491319342348,0
GRASIM,2,0.75,748,83,110,2024-08-05,2025-03-19,0.4636363636363636,0.43305785123966944,0.609271523178808,0.4791666666666667,0.8363636363636363,46,50,5,9,0.43636363636363634,0.5272727272727272,0.0,0.5,0.0,0.0,0.0,0.0,0.4636363636363636,0.509090909090909,0.4791666666666667,0.3571428571428571,0.0,0.8727272727272727,0.12727272727272726,0.27476929467948746,0
GRASIM,3,0.8,798,88,111,2024-11-22,2025-07-18,0.4774774774774775,0.45770982433311647,0.5735294117647058,0.46987951807228917,0.7358490566037735,39,44,14,14,0.46846846846846846,0.46846846846846846,0.0,0.5225225225225225,0.0,0.0,0.0,0.0,0.4864864864864865,0.5225225225225225,0.46987951807228917,0.5,0.0,0.7477477477477478,0.25225225225225223,0.14746665737562242,0
GRASIM,4,0.85,847,94,111,2025-03-21,2025-12-02,0.4774774774774775,0.4866623292127521,0.5915492957746479,0.47191011235955055,0.7924528301886793,42,47,11,11,0.5225225225225225,0.4774774774774775,0.0,0.5315315315315315,0.0,0.0,0.0,0.0,0.5315315315315315,0.4864864864864865,0.47191011235955055,0.5,0.0,0.8018018018018018,0.1981981981981982,1.0,0
GRASIM,5,0.9,898,99,111,2025-07-21,2026-04-16,0.5495495495495496,0.6164606376057254,0.609375,0.52,0.7358490566037735,39,36,22,14,0.5675675675675675,0.5225225225225225,0.0,0.42342342342342343,0.0,0.0,0.0,0.0,0.5045045045045045,0.5585585585585585,0.52,0.6111111111111112,0.0,0.6756756756756757,0.32432432432432434,0.39052509804292007,0
GRASIM,6,0.95,947,105,56,2025-12-04,2026-04-16,0.5,0.5743589743589743,0.5757575757575758,0.475,0.7307692307692307,19,21,9,7,0.5,0.5892857142857143,0.0,0.4642857142857143,0.0,0.0,0.0,0.0,0.5892857142857143,0.6071428571428571,0.475,0.5625,0.0,0.7142857142857143,0.2857142857142857,0.3022068176167532,3
ULTRACEMCO,1,0.7,673,74,107,2024-04-26,2024-12-03,0.514018691588785,0.572829131652661,0.675,0.5192307692307693,0.9642857142857143,54,50,1,2,0.5420560747663551,0.4953271028037383,0.0,0.514018691588785,0.0,0.0,0.0,0.0,0.5233644859813084,0.514018691588785,0.5192307692307693,0.33333333333333337,0.0,0.9719626168224299,0.028037383177570093,0.1420440813307097,0
ULTRACEMCO,2,0.75,721,80,106,2024-08-14,2025-03-11,0.5849056603773585,0.6004296455424275,0.6071428571428571,0.5396825396825397,0.6938775510204082,34,29,28,15,0.5,0.46226415094339623,0.0,0.46226415094339623,0.0,0.0,0.0,0.0,0.4339622641509434,0.46226415094339623,0.5396825396825397,0.6511627906976745,0.0,0.5943396226415094,0.4056603773584906,0.23778100268704191,0
ULTRACEMCO,3,0.8,769,85,107,2024-12-04,2025-08-05,0.5514018691588785,0.529350104821803,0.6307692307692307,0.5394736842105263,0.7592592592592593,41,35,18,13,0.5420560747663551,0.4953271028037383,0.0,0.5794392523364486,0.0,0.0,0.0,0.0,0.4672897196261682,0.514018691588785,0.5394736842105263,0.5806451612903225,0.0,0.7102803738317757,0.2897196261682243,0.2687959394160125,0
ULTRACEMCO,4,0.85,817,90,107,2025-03-12,2025-12-05,0.4953271028037383,0.4884453781512605,0.578125,0.4805194805194805,0.7254901960784313,37,40,16,14,0.48598130841121495,0.514018691588785,0.0,0.5794392523364486,0.0,0.0,0.0,0.0,0.5046728971962616,0.4766355140186916,0.4805194805194805,0.5333333333333333,0.0,0.719626168224299,0.2803738317757009,0.20302704390190596,0
ULTRACEMCO,5,0.9,865,96,107,2025-08-07,2026-04-16,0.5887850467289719,0.6253531073446327,0.639344262295082,0.527027027027027,0.8125,39,35,24,9,0.5046728971962616,0.5607476635514018,0.0,0.48598130841121495,0.0,0.0,0.0,0.0,0.4485981308411215,0.5233644859813084,0.527027027027027,0.7272727272727273,0.0,0.6915887850467289,0.308411214953271,0.26354527701093927,0
ULTRACEMCO,6,0.95,913,101,54,2025-12-08,2026-04-16,0.5,0.5637860082304528,0.5970149253731343,0.5,0.7407407407407407,20,20,7,7,0.4444444444444444,0.48148148148148145,0.0,0.5925925925925926,0.0,0.0,0.0,0.0,0.46296296296296297,0.5,0.5,0.5,0.0,0.7407407407407407,0.25925925925925924,0.2787145212581179,3
CUMMINSIND,1,0.7,712,79,113,2024-05-15,2024-12-09,0.5486725663716814,0.38807397959183665,0.7017543859649122,0.5607476635514018,0.9375,60,47,2,4,0.5221238938053098,0.5486725663716814,0.0,0.5398230088495575,0.0,0.0,0.0,0.0,0.5575221238938053,0.5663716814159292,0.5607476635514018,0.33333333333333337,0.0,0.9469026548672567,0.05309734513274336,0.23265972323408357,0
CUMMINSIND,2,0.75,763,84,113,2024-08-27,2025-04-03,0.4778761061946903,0.4937343358395991,0.6335403726708074,0.4857142857142857,0.9107142857142857,51,54,3,5,0.5398230088495575,0.48672566371681414,0.0,0.5132743362831859,0.0,0.0,0.0,0.0,0.49557522123893805,0.49557522123893805,0.4857142857142857,0.375,0.0,0.9292035398230089,0.07079646017699115,0.2429451207502251,0
CUMMINSIND,3,0.8,814,90,113,2024-12-10,2025-08-07,0.504424778761062,0.5784993694829761,0.6410256410256411,0.5263157894736842,0.819672131147541,50,45,7,11,0.504424778761062,0.5398230088495575,0.0,0.5486725663716814,0.0,0.0,0.0,0.0,0.5309734513274337,0.5309734513274337,0.5263157894736842,0.38888888888888884,0.0,0.8407079646017699,0.1592920353982301,0.6044581783513301,0
CUMMINSIND,4,0.85,864,96,113,2025-04-04,2025-12-12,0.5309734513274337,0.48484848484848486,0.6535947712418301,0.5747126436781609,0.7575757575757576,50,37,10,16,0.504424778761062,0.584070796460177,0.0,0.5398230088495575,0.0,0.0,0.0,0.0,0.46017699115044247,0.5663716814159292,0.5747126436781609,0.3846153846153846,0.0,0.7699115044247787,0.23008849557522124,1.0,0
CUMMINSIND,5,0.9,916,101,113,2025-08-11,2026-04-16,0.5663716814159292,0.5051282051282051,0.7167630057803468,0.5740740740740741,0.9538461538461539,62,46,2,3,0.49557522123893805,0.5752212389380531,0.0,0.5132743362831859,0.0,0.0,0.0,0.0,0.5221238938053098,0.5309734513274337,0.5740740740740741,0.4,0.0,0.9557522123893806,0.04424778761061947,0.24909365476625728,0
CUMMINSIND,6,0.95,966,107,57,2025-12-15,2026-04-16,0.5964912280701754,0.5447570332480818,0.7472527472527473,0.5964912280701754,1.0,34,23,0,0,0.5263157894736842,0.5964912280701754,0.0,0.6491228070175439,0.0,0.0,0.0,0.0,0.543859649122807,0.543859649122807,0.5964912280701754,0.0,0.0,1.0,0.0,0.34268339539313997,3
AMBUJACEM,1,0.7,717,79,114,2024-05-03,2024-12-13,0.5,0.561884236453202,0.6586826347305389,0.5045871559633027,0.9482758620689655,55,54,2,3,0.5175438596491229,0.5087719298245614,0.0,0.4473684210526316,0.0,0.0,0.0,0.0,0.5,0.49122807017543857,0.5045871559633027,0.4,0.0,0.956140350877193,0.043859649122807015,0.3511096560425227,0
AMBUJACEM,2,0.75,768,85,114,2024-08-20,2025-04-07,0.45614035087719296,0.4550492610837439,0.581081081081081,0.4673913043478261,0.7678571428571429,43,49,9,13,0.5789473684210527,0.49122807017543857,0.0,0.5350877192982456,0.0,0.0,0.0,0.0,0.5350877192982456,0.4824561403508772,0.4673913043478261,0.40909090909090906,0.0,0.8070175438596491,0.19298245614035087,0.24744767994430922,0
AMBUJACEM,3,0.8,819,91,114,2024-12-16,2025-08-07,0.5350877192982456,0.5486453201970443,0.6442953020134228,0.5274725274725275,0.8275862068965517,48,43,13,10,0.5263157894736842,0.5263157894736842,0.0,0.5789473684210527,0.0,0.0,0.0,0.0,0.5087719298245614,0.543859649122807,0.5274725274725275,0.5652173913043479,0.0,0.7982456140350878,0.20175438596491227,0.22678080803196746,0
AMBUJACEM,4,0.85,871,96,114,2025-04-08,2025-12-10,0.5175438596491229,0.5369106699751861,0.5864661654135338,0.48148148148148145,0.75,39,42,20,13,0.543859649122807,0.5,0.0,0.5526315789473685,0.0,0.0,0.0,0.0,0.4298245614035088,0.5,0.48148148148148145,0.6060606060606061,0.0,0.7105263157894737,0.2894736842105263,0.42312821395535133,0
AMBUJACEM,5,0.9,922,102,114,2025-08-08,2026-04-16,0.42105263157894735,0.4524332810047096,0.5074626865671642,0.4,0.6938775510204082,34,51,14,15,0.41228070175438597,0.5526315789473685,0.0,0.5350877192982456,0.0,0.0,0.0,0.0,0.4649122807017544,0.5263157894736842,0.4,0.48275862068965514,0.0,0.7456140350877193,0.2543859649122807,0.3895926174333883,0
AMBUJACEM,6,0.95,973,108,57,2025-12-11,2026-04-16,0.43859649122807015,0.5148148148148148,0.4838709677419355,0.42857142857142855,0.5555555555555556,15,20,10,12,0.38596491228070173,0.5087719298245614,0.0,0.49122807017543857,0.0,0.0,0.0,0.0,0.49122807017543857,0.543859649122807,0.42857142857142855,0.4545454545454546,0.0,0.6140350877192983,0.38596491228070173,0.13728215994523488,3
SHREECEM,1,0.7,683,75,108,2024-03-18,2024-11-08,0.46296296296296297,0.4559176672384219,0.546875,0.4666666666666667,0.660377358490566,35,40,15,18,0.46296296296296297,0.42592592592592593,0.0,0.5092592592592593,0.0,0.0,0.0,0.0,0.5277777777777778,0.5092592592592593,0.4666666666666667,0.4545454545454546,0.0,0.6944444444444444,0.3055555555555556,0.22084257930139606,0
SHREECEM,2,0.75,731,81,108,2024-08-01,2025-03-04,0.4722222222222222,0.4489026063100138,0.5581395348837209,0.48,0.6666666666666666,36,39,15,18,0.4537037037037037,0.46296296296296297,0.0,0.5555555555555556,0.0,0.0,0.0,0.0,0.5370370370370371,0.48148148148148145,0.48,0.4545454545454546,0.0,0.6944444444444444,0.3055555555555556,0.4129839864158738,0
SHREECEM,3,0.8,780,86,108,2024-11-12,2025-07-25,0.5555555555555556,0.5182005494505494,0.6129032258064516,0.5588235294117647,0.6785714285714286,38,30,22,18,0.5092592592592593,0.5185185185185185,0.0,0.5370370370370371,0.0,0.0,0.0,0.0,0.6018518518518519,0.5462962962962963,0.5588235294117647,0.55,0.0,0.6296296296296297,0.37037037037037035,1.0,0
SHREECEM,4,0.85,828,92,108,2025-03-11,2025-12-10,0.4537037037037037,0.42531556802244036,0.46846846846846846,0.4,0.5652173913043478,26,39,23,20,0.4722222222222222,0.42592592592592593,0.0,0.5277777777777778,0.0,0.0,0.0,0.0,0.4074074074074074,0.5740740740740741,0.4,0.5348837209302326,0.0,0.6018518518518519,0.39814814814814814,0.18882532877392375,0
SHREECEM,5,0.9,877,97,109,2025-07-28,2026-04-16,0.5045871559633027,0.582312925170068,0.578125,0.46835443037974683,0.7551020408163265,37,42,18,12,0.48623853211009177,0.5321100917431193,0.0,0.5045871559633027,0.0,0.0,0.0,0.0,0.5045871559633027,0.5137614678899083,0.46835443037974683,0.6,0.0,0.7247706422018348,0.27522935779816515,0.10000660285425449,0
SHREECEM,6,0.95,926,102,55,2025-12-11,2026-04-16,0.6181818181818182,0.6114058355437666,0.6956521739130435,0.6,0.8275862068965517,24,16,10,5,0.6,0.4909090909090909,0.0,0.6,0.0,0.0,0.0,0.0,0.6909090909090909,0.5272727272727272,0.6,0.6666666666666667,0.0,0.7272727272727273,0.2727272727272727,0.10000660285425449,3
TITAN,1,0.7,771,85,122,2024-01-09,2024-09-25,0.48360655737704916,0.4112554112554112,0.6086956521739131,0.5157894736842106,0.7424242424242424,49,46,10,17,0.5327868852459017,0.45901639344262296,0.0,0.45081967213114754,0.0,0.0,0.0,0.0,0.5163934426229508,0.5327868852459017,0.5157894736842106,0.37037037037037035,0.0,0.7786885245901639,0.22131147540983606,1.0,0
TITAN,2,0.75,826,91,122,2024-05-22,2025-02-05,0.5327868852459017,0.4970430107526882,0.6627218934911243,0.5233644859813084,0.9032258064516129,56,51,9,6,0.48360655737704916,0.4918032786885246,0.0,0.5163934426229508,0.0,0.0,0.0,0.0,0.5573770491803278,0.5163934426229508,0.5233644859813084,0.6,0.0,0.8770491803278688,0.12295081967213115,0.10000660285425449,0
TITAN,3,0.8,881,97,122,2024-09-26,2025-06-23,0.5163934426229508,0.5509159482758621,0.6193548387096774,0.4948453608247423,0.8275862068965517,48,49,15,10,0.48360655737704916,0.48360655737704916,0.0,0.4262295081967213,0.0,0.0,0.0,0.0,0.4918032786885246,0.45901639344262296,0.4948453608247423,0.6,0.0,0.7950819672131147,0.20491803278688525,0.20467679142945805,0
TITAN,4,0.85,936,103,122,2025-02-06,2025-11-18,0.5491803278688525,0.5647027172450901,0.6308724832214765,0.5465116279069767,0.746031746031746,47,39,20,16,0.5737704918032787,0.5081967213114754,0.0,0.5573770491803278,0.0,0.0,0.0,0.0,0.5,0.5081967213114754,0.5465116279069767,0.5555555555555556,0.0,0.7049180327868853,0.29508196721311475,0.32600518420174657,0
TITAN,5,0.9,990,110,123,2025-06-24,2026-04-16,0.5121951219512195,0.5683262711864406,0.5714285714285714,0.5263157894736842,0.625,40,36,23,24,0.5365853658536586,0.5121951219512195,0.0,0.4634146341463415,0.0,0.0,0.0,0.0,0.4878048780487805,0.5121951219512195,0.5263157894736842,0.4893617021276596,0.0,0.6178861788617886,0.3821138211382114,0.28406682238757847,0
TITAN,6,0.95,1045,116,62,2025-11-19,2026-04-16,0.4838709677419355,0.45161290322580644,0.5,0.48484848484848486,0.5161290322580645,16,17,14,15,0.43548387096774194,0.5161290322580645,0.0,0.5,0.0,0.0,0.0,0.0,0.4838709677419355,0.5,0.48484848484848486,0.48275862068965514,0.0,0.532258064516129,0.46774193548387094,0.14090813593046259,3
ASIANPAINT,1,0.7,749,83,119,2024-01-09,2024-11-06,0.5462184873949579,0.534200113058225,0.6142857142857143,0.5443037974683544,0.7049180327868853,43,36,22,18,0.4789915966386555,0.5546218487394958,0.0,0.48739495798319327,0.0,0.0,0.0,0.0,0.48739495798319327,0.4789915966386555,0.5443037974683544,0.55,0.0,0.6638655462184874,0.33613445378151263,0.2010772594555952,0
ASIANPAINT,2,0.75,802,89,119,2024-06-26,2025-03-11,0.48739495798319327,0.5889079473985135,0.5611510791366906,0.45348837209302323,0.7358490566037735,39,47,19,14,0.5210084033613446,0.5630252100840336,0.0,0.48739495798319327,0.0,0.0,0.0,0.0,0.44537815126050423,0.4789915966386555,0.45348837209302323,0.5757575757575757,0.0,0.7226890756302521,0.2773109243697479,0.2994337577398662,0
ASIANPAINT,3,0.8,856,95,119,2024-11-07,2025-07-23,0.4789915966386555,0.5780445969125214,0.5373134328358209,0.4444444444444444,0.6792452830188679,36,45,21,17,0.5126050420168067,0.5126050420168067,0.0,0.5294117647058824,0.0,0.0,0.0,0.0,0.5210084033613446,0.5210084033613446,0.4444444444444444,0.5526315789473684,0.0,0.680672268907563,0.31932773109243695,0.18943462925232768,0
ASIANPAINT,4,0.85,909,101,119,2025-03-12,2025-12-08,0.46218487394957986,0.4725523486134691,0.4838709677419355,0.4838709677419355,0.4838709677419355,30,32,25,32,0.5210084033613446,0.453781512605042,0.0,0.4789915966386555,0.0,0.0,0.0,0.0,0.4789915966386555,0.5042016806722689,0.4838709677419355,0.4385964912280702,0.0,0.5210084033613446,0.4789915966386555,0.33633407498740747,0
ASIANPAINT,5,0.9,963,107,119,2025-07-24,2026-04-16,0.453781512605042,0.4714527981910684,0.43478260869565216,0.43859649122807015,0.43103448275862066,25,32,29,33,0.4789915966386555,0.5210084033613446,0.0,0.44537815126050423,0.0,0.0,0.0,0.0,0.5126050420168067,0.5210084033613446,0.43859649122807015,0.467741935483871,0.0,0.4789915966386555,0.5210084033613446,0.1254230081910221,0
ASIANPAINT,6,0.95,1017,112,60,2025-12-10,2026-04-16,0.5333333333333333,0.5432098765432098,0.36363636363636365,0.47058823529411764,0.2962962962962963,8,9,24,19,0.5333333333333333,0.55,0.0,0.5666666666666667,0.0,0.0,0.0,0.0,0.45,0.5,0.47058823529411764,0.5581395348837209,0.0,0.2833333333333333,0.7166666666666667,1.0,3
PIDILITIND,1,0.7,769,85,122,2024-01-12,2024-10-04,0.5163934426229508,0.4736842105263158,0.562962962962963,0.6440677966101694,0.5,38,21,25,38,0.4918032786885246,0.3770491803278688,0.0,0.5163934426229508,0.0,0.0,0.0,0.0,0.4016393442622951,0.4426229508196721,0.6440677966101694,0.39682539682539686,0.0,0.48360655737704916,0.5163934426229508,0.14283179883003225,0
PIDILITIND,2,0.75,824,91,122,2024-06-03,2025-01-31,0.4918032786885246,0.48690958164642373,0.5974025974025974,0.5168539325842697,0.7076923076923077,46,43,14,19,0.5819672131147541,0.4672131147540984,0.0,0.45901639344262296,0.0,0.0,0.0,0.0,0.5245901639344263,0.5573770491803278,0.5168539325842697,0.4242424242424242,0.0,0.7295081967213115,0.27049180327868855,0.10000660285425449,0
PIDILITIND,3,0.8,879,97,122,2024-10-07,2025-06-13,0.45081967213114754,0.5006784260515604,0.54421768707483,0.43478260869565216,0.7272727272727273,40,52,15,15,0.48360655737704916,0.5245901639344263,0.0,0.48360655737704916,0.0,0.0,0.0,0.0,0.4672131147540984,0.45901639344262296,0.43478260869565216,0.5,0.0,0.7540983606557377,0.2459016393442623,0.3015806351161896,0
PIDILITIND,4,0.85,934,103,122,2025-02-01,2025-11-21,0.48360655737704916,0.5238095238095237,0.5935483870967742,0.4791666666666667,0.7796610169491526,46,50,13,13,0.47540983606557374,0.47540983606557374,0.0,0.5245901639344263,0.0,0.0,0.0,0.0,0.48360655737704916,0.5,0.4791666666666667,0.5,0.0,0.7868852459016393,0.21311475409836064,0.18193348056721573,0
PIDILITIND,5,0.9,989,109,122,2025-06-16,2026-04-16,0.4918032786885246,0.5243475921442022,0.6075949367088608,0.5052631578947369,0.7619047619047619,48,47,12,15,0.5245901639344263,0.5163934426229508,0.0,0.5081967213114754,0.0,0.0,0.0,0.0,0.5081967213114754,0.4918032786885246,0.5052631578947369,0.4444444444444444,0.0,0.7786885245901639,0.22131147540983606,1.0,0
PIDILITIND,6,0.95,1044,115,61,2025-11-25,2026-04-16,0.4918032786885246,0.4688172043010753,0.6352941176470588,0.5,0.8709677419354839,27,27,3,4,0.5081967213114754,0.5081967213114754,0.0,0.5245901639344263,0.0,0.0,0.0,0.0,0.4918032786885246,0.5081967213114754,0.5,0.4285714285714286,0.0,0.8852459016393442,0.11475409836065574,0.10298070083289403,3
BERGEPAINT,1,0.7,769,85,122,2023-12-28,2024-10-14,0.5327868852459017,0.5787037037037037,0.6666666666666666,0.5533980582524272,0.8382352941176471,57,46,8,11,0.5327868852459017,0.5491803278688525,0.0,0.5983606557377049,0.0,0.0,0.0,0.0,0.5573770491803278,0.5409836065573771,0.5533980582524272,0.42105263157894735,0.0,0.8442622950819673,0.1557377049180328,0.18376398364837032,0
BERGEPAINT,2,0.75,824,91,122,2024-06-04,2025-02-13,0.5573770491803278,0.5326797385620915,0.64,0.5853658536585366,0.7058823529411765,48,34,20,20,0.6147540983606558,0.5573770491803278,0.0,0.5737704918032787,0.0,0.0,0.0,0.0,0.5245901639344263,0.48360655737704916,0.5853658536585366,0.5,0.0,0.6721311475409836,0.32786885245901637,0.10435938838436526,0
BERGEPAINT,3,0.8,879,97,122,2024-10-15,2025-07-14,0.4672131147540984,0.4615591397849463,0.5751633986928104,0.4731182795698925,0.7333333333333333,44,49,13,16,0.45901639344262296,0.5245901639344263,0.0,0.5081967213114754,0.0,0.0,0.0,0.0,0.5,0.48360655737704916,0.4731182795698925,0.4482758620689655,0.0,0.7622950819672131,0.23770491803278687,0.2031575116143301,0
BERGEPAINT,4,0.85,934,103,122,2025-02-14,2025-11-18,0.5409836065573771,0.5533405172413793,0.6363636363636364,0.5444444444444444,0.765625,49,41,17,15,0.5081967213114754,0.5,0.0,0.45901639344262296,0.0,0.0,0.0,0.0,0.48360655737704916,0.4672131147540984,0.5444444444444444,0.53125,0.0,0.7377049180327869,0.26229508196721313,0.3252920538193638,0
BERGEPAINT,5,0.9,989,109,122,2025-07-15,2026-04-16,0.5245901639344263,0.5597943722943723,0.5396825396825397,0.4857142857142857,0.6071428571428571,34,36,30,22,0.4672131147540984,0.48360655737704916,0.0,0.4918032786885246,0.0,0.0,0.0,0.0,0.45901639344262296,0.4426229508196721,0.4857142857142857,0.5769230769230769,0.0,0.5737704918032787,0.4262295081967213,0.32414619337475836,0
BERGEPAINT,6,0.95,1044,115,61,2025-11-20,2026-04-16,0.45901639344262296,0.5236486486486487,0.32653061224489793,0.32,0.3333333333333333,8,17,20,16,0.5081967213114754,0.5573770491803278,0.0,0.6229508196721312,0.0,0.0,0.0,0.0,0.45901639344262296,0.6065573770491803,0.32,0.5555555555555556,0.0,0.4098360655737705,0.5901639344262295,1.0,3
VOLTAS,1,0.7,828,92,132,2024-02-12,2024-10-25,0.5909090909090909,0.5937425364222594,0.6538461538461539,0.6623376623376623,0.6455696202531646,51,26,27,28,0.5075757575757576,0.5227272727272727,0.0,0.5075757575757576,0.0,0.0,0.0,0.0,0.5454545454545454,0.553030303030303,0.6623376623376623,0.49090909090909096,0.0,0.5833333333333334,0.4166666666666667,0.13042474203910143,0
VOLTAS,2,0.75,888,98,131,2024-06-26,2025-02-14,0.5114503816793893,0.5811567164179104,0.6235294117647059,0.5145631067961165,0.7910447761194029,53,50,14,14,0.5419847328244275,0.5190839694656488,0.0,0.48091603053435117,0.0,0.0,0.0,0.0,0.46564885496183206,0.4961832061068702,0.5145631067961165,0.5,0.0,0.7862595419847328,0.21374045801526717,0.1621123035395639,0
VOLTAS,3,0.8,947,105,131,2024-10-28,2025-07-01,0.4732824427480916,0.4710550887021475,0.5548387096774193,0.4673913043478261,0.6825396825396826,43,49,19,20,0.42748091603053434,0.48091603053435117,0.0,0.45038167938931295,0.0,0.0,0.0,0.0,0.45038167938931295,0.5114503816793893,0.4673913043478261,0.4871794871794872,0.0,0.7022900763358778,0.29770992366412213,0.14455670163971285,0
VOLTAS,4,0.85,1006,111,132,2025-02-17,2025-11-25,0.5075757575757576,0.5049459397285484,0.6012269938650306,0.5212765957446809,0.7101449275362319,49,45,18,20,0.4393939393939394,0.5227272727272727,0.0,0.4393939393939394,0.0,0.0,0.0,0.0,0.49242424242424243,0.48484848484848486,0.5212765957446809,0.4736842105263158,0.0,0.7121212121212122,0.2878787878787879,2.4084125380939514,0
VOLTAS,5,0.9,1065,118,132,2025-07-02,2026-04-16,0.553030303030303,0.5677849264705882,0.6242038216560509,0.550561797752809,0.7205882352941176,49,40,24,19,0.4621212121212121,0.5151515151515151,0.0,0.5681818181818182,0.0,0.0,0.0,0.0,0.5,0.4772727272727273,0.550561797752809,0.5581395348837209,0.0,0.6742424242424242,0.32575757575757575,1.0,0
VOLTAS,6,0.95,1125,124,66,2025-11-26,2026-04-16,0.5606060606060606,0.5588235294117647,0.6233766233766234,0.5581395348837209,0.7058823529411765,24,19,13,10,0.5303030303030303,0.5151515151515151,0.0,0.5151515151515151,0.0,0.0,0.0,0.0,0.5151515151515151,0.5757575757575758,0.5581395348837209,0.5652173913043479,0.0,0.6515151515151515,0.3484848484848485,0.12218493652168555,3
PAGEIND,1,0.7,818,90,130,2023-12-12,2024-10-01,0.5153846153846153,0.5248277500593965,0.631578947368421,0.5294117647058824,0.782608695652174,54,48,13,15,0.49230769230769234,0.5,0.0,0.45384615384615384,0.0,0.0,0.0,0.0,0.46923076923076923,0.5384615384615384,0.5294117647058824,0.4642857142857143,0.0,0.7846153846153846,0.2153846153846154,1.0,0
PAGEIND,2,0.75,876,97,130,2024-05-17,2025-02-11,0.46923076923076923,0.4668567355666429,0.543046357615894,0.5,0.5942028985507246,41,41,20,28,0.5769230769230769,0.5076923076923077,0.0,0.5615384615384615,0.0,0.0,0.0,0.0,0.45384615384615384,0.5307692307692308,0.5,0.41666666666666663,0.0,0.6307692307692307,0.36923076923076925,0.3592083437133727,0
PAGEIND,3,0.8,935,103,130,2024-10-07,2025-06-26,0.5307692307692308,0.5245238095238095,0.5271317829457365,0.576271186440678,0.4857142857142857,34,25,35,36,0.5846153846153846,0.5384615384615384,0.0,0.5076923076923077,0.0,0.0,0.0,0.0,0.45384615384615384,0.5538461538461539,0.576271186440678,0.49295774647887325,0.0,0.45384615384615384,0.5461538461538461,1.0,0
PAGEIND,4,0.85,993,110,130,2025-02-12,2025-11-13,0.5076923076923077,0.5041459369817578,0.5294117647058824,0.4931506849315068,0.5714285714285714,36,37,30,27,0.47692307692307695,0.47692307692307695,0.0,0.5230769230769231,0.0,0.0,0.0,0.0,0.5,0.46153846153846156,0.4931506849315068,0.5263157894736843,0.0,0.5615384615384615,0.43846153846153846,0.10000660285425449,0
PAGEIND,5,0.9,1052,116,130,2025-06-30,2026-04-16,0.5615384615384615,0.5999025341130605,0.6068965517241379,0.4835164835164835,0.8148148148148148,44,47,29,10,0.5307692307692308,0.46923076923076923,0.0,0.4846153846153846,0.0,0.0,0.0,0.0,0.4153846153846154,0.5,0.4835164835164835,0.7435897435897436,0.0,0.7,0.3,0.3268362182509673,0
PAGEIND,6,0.95,1110,123,65,2025-11-14,2026-04-16,0.4153846153846154,0.4171597633136095,0.5128205128205128,0.38461538461538464,0.7692307692307693,20,32,7,6,0.4,0.38461538461538464,0.0,0.4,0.0,0.0,0.0,0.0,0.5230769230769231,0.4,0.38461538461538464,0.5384615384615384,0.0,0.8,0.2,1.0,3
DMART,1,0.7,797,88,127,2023-12-15,2024-09-24,0.5433070866141733,0.5242424242424242,0.6375,0.5795454545454546,0.7083333333333334,51,37,18,21,0.5590551181102362,0.4330708661417323,0.0,0.5669291338582677,0.0,0.0,0.0,0.0,0.5196850393700787,0.5433070866141733,0.5795454545454546,0.46153846153846156,0.0,0.6929133858267716,0.30708661417322836,0.10669178424945354,0
DMART,2,0.75,854,94,127,2024-05-24,2025-02-03,0.4881889763779528,0.49423558897243103,0.5578231292517006,0.45555555555555555,0.7192982456140351,41,49,21,16,0.44881889763779526,0.4566929133858268,0.0,0.5118110236220472,0.0,0.0,0.0,0.0,0.4645669291338583,0.5433070866141733,0.45555555555555555,0.5675675675675675,0.0,0.7086614173228346,0.29133858267716534,0.10530204395785807,0
DMART,3,0.8,911,101,126,2024-09-25,2025-06-24,0.3888888888888889,0.42806122448979594,0.4689655172413793,0.38202247191011235,0.6071428571428571,34,55,15,22,0.4444444444444444,0.47619047619047616,0.0,0.42857142857142855,0.0,0.0,0.0,0.0,0.4444444444444444,0.48412698412698413,0.38202247191011235,0.4054054054054054,0.0,0.7063492063492064,0.29365079365079366,0.2451336993072201,0
DMART,4,0.85,968,107,126,2025-02-04,2025-11-18,0.46825396825396826,0.4821068548387097,0.5379310344827586,0.46987951807228917,0.6290322580645161,39,44,20,23,0.4444444444444444,0.49206349206349204,0.0,0.46825396825396826,0.0,0.0,0.0,0.0,0.42063492063492064,0.47619047619047616,0.46987951807228917,0.4651162790697675,0.0,0.6587301587301587,0.3412698412698413,1.0,0
DMART,5,0.9,1025,113,127,2025-06-25,2026-04-16,0.48031496062992124,0.460010060362173,0.484375,0.4305555555555556,0.5535714285714286,31,41,30,25,0.4645669291338583,0.5590551181102362,0.0,0.5826771653543307,0.0,0.0,0.0,0.0,0.5118110236220472,0.5354330708661418,0.4305555555555556,0.5454545454545454,0.0,0.5669291338582677,0.4330708661417323,0.11604624779382988,0
DMART,6,0.95,1081,120,64,2025-11-19,2026-04-16,0.484375,0.5133004926108374,0.47619047619047616,0.4411764705882353,0.5172413793103449,15,19,16,14,0.421875,0.546875,0.0,0.40625,0.0,0.0,0.0,0.0,0.453125,0.4375,0.4411764705882353,0.5333333333333333,0.0,0.53125,0.46875,0.21443493672883482,3
DLF,1,0.7,865,96,137,2023-11-30,2024-09-19,0.45255474452554745,0.38099547511312215,0.5901639344262295,0.5510204081632653,0.6352941176470588,54,44,8,31,0.5255474452554745,0.40145985401459855,0.0,0.5766423357664233,0.0,0.0,0.0,0.0,0.6204379562043796,0.6496350364963503,0.5510204081632653,0.20512820512820518,0.0,0.7153284671532847,0.2846715328467153,0.3848315332982833,0
DLF,2,0.75,927,102,138,2024-04-26,2025-01-24,0.5217391304347826,0.4903703703703704,0.6764705882352942,0.5348837209302325,0.92,69,60,3,6,0.4782608695652174,0.5434782608695652,0.0,0.5217391304347826,0.0,0.0,0.0,0.0,0.5507246376811594,0.5579710144927537,0.5348837209302325,0.33333333333333337,0.0,0.9347826086956522,0.06521739130434782,0.10000660285425449,0
DLF,3,0.8,989,109,137,2024-09-20,2025-06-17,0.5036496350364964,0.5605543710021321,0.6421052631578947,0.5083333333333333,0.8714285714285714,61,59,8,9,0.5328467153284672,0.5109489051094891,0.0,0.49635036496350365,0.0,0.0,0.0,0.0,0.5401459854014599,0.5401459854014599,0.5083333333333333,0.47058823529411764,0.0,0.8759124087591241,0.12408759124087591,0.2176553302221798,0
DLF,4,0.85,1051,116,137,2025-01-27,2025-11-11,0.5474452554744526,0.5958904109589042,0.6555555555555556,0.5086206896551724,0.921875,59,57,16,5,0.5401459854014599,0.45985401459854014,0.0,0.46715328467153283,0.0,0.0,0.0,0.0,0.5328467153284672,0.45985401459854014,0.5086206896551724,0.7619047619047619,0.0,0.8467153284671532,0.15328467153284672,0.35191495172100135,0
DLF,5,0.9,1112,123,138,2025-06-18,2026-04-16,0.4927536231884058,0.5429006968641115,0.5625,0.4326923076923077,0.8035714285714286,45,59,23,11,0.4782608695652174,0.4057971014492754,0.0,0.4782608695652174,0.0,0.0,0.0,0.0,0.4057971014492754,0.5,0.4326923076923077,0.6764705882352942,0.0,0.7536231884057971,0.2463768115942029,1.0,0
DLF,6,0.95,1174,130,69,2025-11-12,2026-04-16,0.4057971014492754,0.44722719141323786,0.49382716049382713,0.36363636363636365,0.7692307692307693,20,35,8,6,0.4057971014492754,0.4057971014492754,0.0,0.42028985507246375,0.0,0.0,0.0,0.0,0.6376811594202898,0.42028985507246375,0.36363636363636365,0.5714285714285714,0.0,0.7971014492753623,0.2028985507246377,1.0,3
GODREJPROP,1,0.7,873,96,139,2024-01-04,2024-10-08,0.5899280575539568,0.5657839428331232,0.6815642458100558,0.6039603960396039,0.782051282051282,61,40,21,17,0.5971223021582733,0.5611510791366906,0.0,0.5251798561151079,0.0,0.0,0.0,0.0,0.539568345323741,0.5755395683453237,0.6039603960396039,0.5526315789473684,0.0,0.7266187050359713,0.2733812949640288,1.0,0
GODREJPROP,2,0.75,935,103,139,2024-06-03,2025-02-10,0.5035971223021583,0.5082815734989647,0.5964912280701754,0.5,0.7391304347826086,51,51,19,18,0.5251798561151079,0.49640287769784175,0.0,0.5035971223021583,0.0,0.0,0.0,0.0,0.5683453237410072,0.43884892086330934,0.5,0.5135135135135135,0.0,0.7338129496402878,0.26618705035971224,0.10000660285425449,0
GODREJPROP,3,0.8,998,110,138,2024-10-09,2025-07-15,0.463768115942029,0.47845280639058224,0.5795454545454546,0.46788990825688076,0.7611940298507462,51,58,13,16,0.5144927536231884,0.4855072463768116,0.0,0.5,0.0,0.0,0.0,0.0,0.4855072463768116,0.5362318840579711,0.46788990825688076,0.4482758620689655,0.0,0.7898550724637681,0.21014492753623187,0.2615120707560705,0
GODREJPROP,4,0.85,1060,117,138,2025-02-11,2025-11-20,0.4927536231884058,0.45070422535211274,0.5930232558139535,0.4857142857142857,0.7611940298507462,51,54,17,16,0.5072463768115942,0.4855072463768116,0.0,0.4855072463768116,0.0,0.0,0.0,0.0,0.5072463768115942,0.4855072463768116,0.4857142857142857,0.5151515151515151,0.0,0.7608695652173914,0.2391304347826087,1.0,0
GODREJPROP,5,0.9,1122,124,139,2025-07-16,2026-04-16,0.5251798561151079,0.5329166666666667,0.6451612903225806,0.4918032786885246,0.9375,60,62,13,4,0.5467625899280576,0.45323741007194246,0.0,0.5539568345323741,0.0,0.0,0.0,0.0,0.5251798561151079,0.5467625899280576,0.4918032786885246,0.7647058823529411,0.0,0.8776978417266187,0.1223021582733813,0.30034604818473143,0
GODREJPROP,6,0.95,1184,131,70,2025-11-21,2026-04-16,0.5714285714285714,0.5847039473684211,0.6153846153846154,0.5217391304347826,0.75,24,22,16,8,0.6142857142857143,0.6,0.0,0.4714285714285714,0.0,0.0,0.0,0.0,0.6285714285714286,0.5571428571428572,0.5217391304347826,0.6666666666666667,0.0,0.6571428571428571,0.34285714285714286,0.31283145284778746,3
ADANIENT,1,0.7,819,90,130,2023-12-27,2024-10-16,0.5307692307692308,0.5529495380241649,0.6666666666666666,0.5258620689655172,0.9104477611940298,61,55,8,6,0.5,0.49230769230769234,0.0,0.5,0.0,0.0,0.0,0.0,0.4846153846153846,0.5307692307692308,0.5258620689655172,0.5714285714285714,0.0,0.8923076923076924,0.1076923076923077,0.4600441344205573,0
ADANIENT,2,0.75,877,97,130,2024-05-17,2025-02-11,0.6076923076923076,0.6358682776593224,0.6482758620689655,0.573170731707317,0.746031746031746,47,35,32,16,0.5384615384615384,0.49230769230769234,0.0,0.46153846153846156,0.0,0.0,0.0,0.0,0.49230769230769234,0.5384615384615384,0.573170731707317,0.6666666666666667,0.0,0.6307692307692307,0.36923076923076925,0.2528861599662624,0
ADANIENT,3,0.8,936,103,130,2024-10-18,2025-07-02,0.5461538461538461,0.5317234848484849,0.6289308176100629,0.5376344086021505,0.7575757575757576,50,43,21,16,0.43846153846153846,0.5230769230769231,0.0,0.5538461538461539,0.0,0.0,0.0,0.0,0.5,0.5384615384615384,0.5376344086021505,0.5675675675675675,0.0,0.7153846153846154,0.2846153846153846,0.10000660285425449,0
ADANIENT,4,0.85,994,110,130,2025-02-12,2025-11-25,0.49230769230769234,0.5573809523809525,0.611764705882353,0.4727272727272727,0.8666666666666667,52,58,12,8,0.49230769230769234,0.5307692307692308,0.0,0.4230769230769231,0.0,0.0,0.0,0.0,0.49230769230769234,0.47692307692307695,0.4727272727272727,0.6,0.0,0.8461538461538461,0.15384615384615385,1.0,0
ADANIENT,5,0.9,1053,116,130,2025-07-03,2026-04-16,0.4846153846153846,0.5352316602316602,0.49624060150375937,0.42857142857142855,0.5892857142857143,33,44,30,23,0.5,0.5,0.0,0.4461538461538462,0.0,0.0,0.0,0.0,0.5769230769230769,0.4307692307692308,0.42857142857142855,0.5660377358490566,0.0,0.5923076923076923,0.4076923076923077,0.29826443606468017,0
ADANIENT,6,0.95,1111,123,65,2025-11-26,2026-04-16,0.6,0.6062618595825426,0.6486486486486487,0.5581395348837209,0.7741935483870968,24,19,15,7,0.5076923076923077,0.5538461538461539,0.0,0.4307692307692308,0.0,0.0,0.0,0.0,0.5230769230769231,0.46153846153846156,0.5581395348837209,0.6818181818181819,0.0,0.6615384615384615,0.3384615384615385,0.16668584508596712,3
ADANIPORTS,1,0.7,708,78,113,2024-05-09,2024-12-13,0.5752212389380531,0.5288401253918495,0.6666666666666666,0.5581395348837209,0.8275862068965517,48,38,17,10,0.48672566371681414,0.48672566371681414,0.0,0.4424778761061947,0.0,0.0,0.0,0.0,0.49557522123893805,0.5221238938053098,0.5581395348837209,0.6296296296296297,0.0,0.7610619469026548,0.23893805309734514,0.14308733347237104,0
ADANIPORTS,2,0.75,759,84,112,2024-09-12,2025-03-28,0.5089285714285714,0.5177419354838709,0.5528455284552846,0.4657534246575342,0.68,34,39,23,16,0.5535714285714286,0.5267857142857143,0.0,0.4375,0.0,0.0,0.0,0.0,0.45535714285714285,0.4642857142857143,0.4657534246575342,0.5897435897435898,0.0,0.6517857142857143,0.3482142857142857,0.29883510601242336,0
ADANIPORTS,3,0.8,810,89,112,2024-12-16,2025-08-05,0.5535714285714286,0.564176245210728,0.6527777777777778,0.5222222222222223,0.8703703703703703,47,43,15,7,0.49107142857142855,0.5625,0.0,0.4732142857142857,0.0,0.0,0.0,0.0,0.5089285714285714,0.5446428571428571,0.5222222222222223,0.6818181818181819,0.0,0.8035714285714286,0.19642857142857142,0.285418594112955,0
ADANIPORTS,4,0.85,860,95,112,2025-04-03,2025-12-12,0.5357142857142857,0.5369897959183674,0.5517241379310345,0.5333333333333333,0.5714285714285714,32,28,28,24,0.5446428571428571,0.5625,0.0,0.49107142857142855,0.0,0.0,0.0,0.0,0.5,0.5446428571428571,0.5333333333333333,0.5384615384615384,0.0,0.5357142857142857,0.4642857142857143,2.724383859803868,0
ADANIPORTS,5,0.9,910,101,113,2025-08-06,2026-04-16,0.5398230088495575,0.571563088512241,0.4222222222222222,0.5277777777777778,0.35185185185185186,19,17,42,35,0.4424778761061947,0.5575221238938053,0.0,0.45132743362831856,0.0,0.0,0.0,0.0,0.5221238938053098,0.584070796460177,0.5277777777777778,0.5454545454545454,0.0,0.3185840707964602,0.6814159292035398,0.1401905300546323,0
ADANIPORTS,6,0.95,961,106,57,2025-12-15,2026-04-16,0.5087719298245614,0.4789081885856079,0.46153846153846156,0.46153846153846156,0.46153846153846156,12,14,17,14,0.47368421052631576,0.5263157894736842,0.0,0.45614035087719296,0.0,0.0,0.0,0.0,0.45614035087719296,0.47368421052631576,0.46153846153846156,0.5483870967741935,0.0,0.45614035087719296,0.543859649122807,0.2513008255095083,3
BEL,1,0.7,745,82,118,2024-05-07,2024-12-17,0.559322033898305,0.6068548387096774,0.6438356164383562,0.5595238095238095,0.7580645161290323,47,37,19,15,0.4745762711864407,0.5932203389830508,0.0,0.4152542372881356,0.0,0.0,0.0,0.0,0.5254237288135594,0.4576271186440678,0.5595238095238095,0.5588235294117647,0.0,0.711864406779661,0.288135593220339,0.12173526933072154,0
BEL,2,0.75,798,88,118,2024-08-26,2025-04-08,0.5084745762711864,0.4998556998556999,0.6081081081081081,0.4838709677419355,0.8181818181818182,45,48,15,10,0.5338983050847458,0.4576271186440678,0.0,0.4406779661016949,0.0,0.0,0.0,0.0,0.5254237288135594,0.4830508474576271,0.4838709677419355,0.6,0.0,0.788135593220339,0.211864406779661,0.23046345385840664,0
BEL,3,0.8,851,94,118,2024-12-18,2025-08-04,0.4406779661016949,0.3977534562211982,0.547945205479452,0.4444444444444444,0.7142857142857143,40,50,12,16,0.5254237288135594,0.4745762711864407,0.0,0.4406779661016949,0.0,0.0,0.0,0.0,0.4491525423728814,0.5084745762711864,0.4444444444444444,0.4285714285714286,0.0,0.7627118644067796,0.23728813559322035,1.0,0
BEL,4,0.85,904,100,118,2025-04-09,2025-11-25,0.4661016949152542,0.488023088023088,0.5190839694656488,0.4473684210526316,0.6181818181818182,34,42,21,21,0.5254237288135594,0.5,0.0,0.5423728813559322,0.0,0.0,0.0,0.0,0.4491525423728814,0.4322033898305085,0.4473684210526316,0.5,0.0,0.6440677966101694,0.3559322033898305,0.21105063577231464,0
BEL,5,0.9,957,106,119,2025-08-05,2026-04-16,0.4369747899159664,0.46434634974533107,0.45528455284552843,0.42424242424242425,0.49122807017543857,28,38,24,29,0.44537815126050423,0.5462184873949579,0.0,0.5294117647058824,0.0,0.0,0.0,0.0,0.4957983193277311,0.48739495798319327,0.42424242424242425,0.4528301886792453,0.0,0.5546218487394958,0.44537815126050423,0.192971161215194,0
BEL,6,0.95,1010,112,60,2025-11-26,2026-04-16,0.48333333333333334,0.5377777777777778,0.5230769230769231,0.4857142857142857,0.5666666666666667,17,18,12,13,0.4166666666666667,0.5666666666666667,0.0,0.5,0.0,0.0,0.0,0.0,0.5833333333333334,0.48333333333333334,0.4857142857142857,0.48,0.0,0.5833333333333334,0.4166666666666667,0.23301442292353156,3
HAL,1,0.7,733,81,117,2024-05-03,2024-12-10,0.48717948717948717,0.45760233918128657,0.5522388059701493,0.5,0.6166666666666667,37,37,20,23,0.49572649572649574,0.48717948717948717,0.0,0.41025641025641024,0.0,0.0,0.0,0.0,0.47863247863247865,0.5299145299145299,0.5,0.4651162790697675,0.0,0.6324786324786325,0.36752136752136755,0.22266506366373148,0
HAL,2,0.75,786,87,116,2024-08-21,2025-03-28,0.5689655172413793,0.6028537455410227,0.6951219512195121,0.5377358490566038,0.9827586206896551,57,49,9,1,0.5517241379310345,0.5258620689655172,0.0,0.5689655172413793,0.0,0.0,0.0,0.0,0.5431034482758621,0.5,0.5377358490566038,0.9,0.0,0.9137931034482759,0.08620689655172414,0.3140742325708302,0
HAL,3,0.8,838,93,116,2024-12-16,2025-07-24,0.5603448275862069,0.5294292508917955,0.6871165644171779,0.5333333333333333,0.9655172413793104,56,49,9,2,0.5689655172413793,0.5,0.0,0.49137931034482757,0.0,0.0,0.0,0.0,0.47413793103448276,0.49137931034482757,0.5333333333333333,0.8181818181818181,0.0,0.9051724137931034,0.09482758620689655,1.0,0
HAL,4,0.85,891,98,116,2025-04-02,2025-12-03,0.4827586206896552,0.4943452380952381,0.6103896103896104,0.47959183673469385,0.8392857142857143,47,51,9,9,0.4396551724137931,0.4827586206896552,0.0,0.4827586206896552,0.0,0.0,0.0,0.0,0.5086206896551724,0.49137931034482757,0.47959183673469385,0.5,0.0,0.8448275862068966,0.15517241379310345,0.3864685438796192,0
HAL,5,0.9,943,104,117,2025-07-25,2026-04-16,0.4700854700854701,0.4608416130917592,0.581081081081081,0.48314606741573035,0.7288135593220338,43,46,12,16,0.4700854700854701,0.48717948717948717,0.0,0.47863247863247865,0.0,0.0,0.0,0.0,0.5042735042735043,0.5555555555555556,0.48314606741573035,0.4285714285714286,0.0,0.7606837606837606,0.23931623931623933,0.3087111143672648,0
HAL,6,0.95,995,110,59,2025-12-04,2026-04-16,0.5423728813559322,0.511520737327189,0.6966292134831461,0.5344827586206896,1.0,31,27,1,0,0.5423728813559322,0.5254237288135594,0.0,0.5423728813559322,0.0,0.0,0.0,0.0,0.6271186440677966,0.5254237288135594,0.5344827586206896,1.0,0.0,0.9830508474576272,0.01694915254237288,1.0,3
ETERNAL,1,0.7,462,51,73,2025-02-01,2025-06-16,0.5616438356164384,0.6146304675716441,0.6521739130434783,0.5172413793103449,0.8823529411764706,30,28,11,4,0.589041095890411,0.5616438356164384,0.0,0.5753424657534246,0.0,0.0,0.0,0.0,0.5342465753424658,0.4657534246575342,0.5172413793103449,0.7333333333333334,0.0,0.7945205479452054,0.2054794520547945,1.0,0
ETERNAL,2,0.75,495,54,74,2025-04-17,2025-08-21,0.5540540540540541,0.5062089116143171,0.6451612903225806,0.5357142857142857,0.8108108108108109,30,26,11,7,0.5135135135135135,0.6216216216216216,0.0,0.4594594594594595,0.0,0.0,0.0,0.0,0.47297297297297297,0.5,0.5357142857142857,0.6111111111111112,0.0,0.7567567567567568,0.24324324324324326,1.0,0
ETERNAL,3,0.8,528,58,73,2025-06-17,2025-11-11,0.4794520547945205,0.45570570570570573,0.525,0.4883720930232558,0.5675675675675675,21,22,14,16,0.5205479452054794,0.5068493150684932,0.0,0.5205479452054794,0.0,0.0,0.0,0.0,0.5342465753424658,0.4794520547945205,0.4883720930232558,0.4666666666666667,0.0,0.589041095890411,0.410958904109589,0.1907702873696812,0
ETERNAL,4,0.85,561,62,73,2025-08-25,2026-02-03,0.5068493150684932,0.5255639097744361,0.625,0.4918032786885246,0.8571428571428571,30,31,7,5,0.5205479452054794,0.5205479452054794,0.0,0.5068493150684932,0.0,0.0,0.0,0.0,0.4794520547945205,0.547945205479452,0.4918032786885246,0.5833333333333333,0.0,0.8356164383561644,0.1643835616438356,0.10000660285425449,0
ETERNAL,5,0.9,594,65,74,2025-11-12,2026-04-16,0.44594594594594594,0.49301242236024845,0.4383561643835616,0.35555555555555557,0.5714285714285714,16,29,17,12,0.43243243243243246,0.6216216216216216,0.0,0.43243243243243246,0.0,0.0,0.0,0.0,0.6486486486486487,0.527027027027027,0.35555555555555557,0.5862068965517242,0.0,0.6081081081081081,0.3918918918918919,1.0,0
ETERNAL,6,0.95,627,69,37,2026-02-04,2026-04-16,0.3783783783783784,0.5133333333333333,0.41025641025641024,0.2962962962962963,0.6666666666666666,8,19,6,4,0.3783783783783784,0.40540540540540543,0.0,0.2702702702702703,0.0,0.0,0.0,0.0,0.2972972972972973,0.4864864864864865,0.2962962962962963,0.6,0.0,0.7297297297297297,0.2702702702702703,0.21601835410582462,3
IRFC,1,0.7,462,51,74,2024-12-19,2025-05-21,0.5,0.42573529411764705,0.32727272727272727,0.42857142857142855,0.2647058823529412,9,12,28,25,0.527027027027027,0.44594594594594594,0.0,0.47297297297297297,0.0,0.0,0.0,0.0,0.40540540540540543,0.5,0.42857142857142855,0.5283018867924528,0.0,0.28378378378378377,0.7162162162162162,0.48795467318394187,0
IRFC,2,0.75,495,55,73,2025-03-03,2025-08-04,0.4794520547945205,0.45227272727272727,0.4864864864864865,0.43902439024390244,0.5454545454545454,18,23,17,15,0.5205479452054794,0.547945205479452,0.0,0.5068493150684932,0.0,0.0,0.0,0.0,0.410958904109589,0.4794520547945205,0.43902439024390244,0.53125,0.0,0.5616438356164384,0.4383561643835616,0.13105515539691695,0
IRFC,3,0.8,529,58,73,2025-05-23,2025-10-27,0.5753424657534246,0.5534883720930233,0.5230769230769231,0.4857142857142857,0.5666666666666667,17,18,25,13,0.547945205479452,0.589041095890411,0.0,0.5068493150684932,0.0,0.0,0.0,0.0,0.5205479452054794,0.4657534246575342,0.4857142857142857,0.6578947368421053,0.0,0.4794520547945205,0.5205479452054794,0.19447317420324597,0
IRFC,4,0.85,561,62,74,2025-08-05,2026-01-13,0.5540540540540541,0.43229166666666663,0.15384615384615385,0.42857142857142855,0.09375,3,4,38,29,0.6081081081081081,0.5405405405405406,0.0,0.40540540540540543,0.0,0.0,0.0,0.0,0.47297297297297297,0.581081081081081,0.42857142857142855,0.5671641791044777,0.0,0.0945945945945946,0.9054054054054054,0.1333898567738161,0
IRFC,5,0.9,594,66,74,2025-10-28,2026-04-16,0.581081081081081,0.5843960990247562,0.4745762711864407,0.5,0.45161290322580644,14,14,29,17,0.5675675675675675,0.581081081081081,0.0,0.40540540540540543,0.0,0.0,0.0,0.0,0.5135135135135135,0.581081081081081,0.5,0.6304347826086957,0.0,0.3783783783783784,0.6216216216216216,0.3292536764861863,0
IRFC,6,0.95,628,69,37,2026-01-19,2026-04-16,0.5945945945945946,0.593939393939394,0.5454545454545454,0.5,0.6,9,9,13,6,0.5135135135135135,0.5945945945945946,0.0,0.5675675675675675,0.0,0.0,0.0,0.0,0.6216216216216216,0.5945945945945946,0.5,0.6842105263157895,0.0,0.4864864864864865,0.5135135135135135,0.3289769141719191,3
OFSS,1,0.7,687,76,109,2024-06-25,2025-01-28,0.48623853211009177,0.4952861952861953,0.5087719298245614,0.4915254237288136,0.5272727272727272,29,30,24,26,0.47706422018348627,0.4954128440366973,0.0,0.4954128440366973,0.0,0.0,0.0,0.0,0.5321100917431193,0.5137614678899083,0.4915254237288136,0.48,0.0,0.5412844036697247,0.45871559633027525,0.16682162791539676,0
OFSS,2,0.75,737,81,109,2024-10-11,2025-05-14,0.46788990825688076,0.4972027972027972,0.3695652173913043,0.3541666666666667,0.38636363636363635,17,31,34,27,0.5321100917431193,0.46788990825688076,0.0,0.47706422018348627,0.0,0.0,0.0,0.0,0.5871559633027523,0.3944954128440367,0.3541666666666667,0.5573770491803278,0.0,0.44036697247706424,0.5596330275229358,0.24182299557828507,0
OFSS,3,0.8,785,87,109,2025-01-29,2025-08-25,0.5137614678899083,0.491156462585034,0.4854368932038835,0.46296296296296297,0.5102040816326531,25,29,31,24,0.42201834862385323,0.5229357798165137,0.0,0.5321100917431193,0.0,0.0,0.0,0.0,0.5137614678899083,0.4036697247706422,0.46296296296296297,0.5636363636363637,0.0,0.4954128440366973,0.5045871559633027,0.2811498884659865,0
OFSS,4,0.85,835,92,109,2025-05-15,2025-12-10,0.48623853211009177,0.45816464237516874,0.5333333333333333,0.47058823529411764,0.6153846153846154,32,36,21,20,0.44036697247706424,0.44954128440366975,0.0,0.48623853211009177,0.0,0.0,0.0,0.0,0.5045871559633027,0.6238532110091743,0.47058823529411764,0.5121951219512195,0.0,0.6238532110091743,0.3761467889908257,1.0,0
OFSS,5,0.9,883,98,110,2025-08-26,2026-04-16,0.5363636363636364,0.525,0.5565217391304348,0.49230769230769234,0.64,32,33,27,18,0.4909090909090909,0.5,0.0,0.4818181818181818,0.0,0.0,0.0,0.0,0.4727272727272727,0.5363636363636364,0.49230769230769234,0.6,0.0,0.5909090909090909,0.4090909090909091,0.2585422552858876,0
OFSS,6,0.95,933,103,55,2025-12-15,2026-04-16,0.5818181818181818,0.5706666666666667,0.5964912280701754,0.53125,0.68,17,15,15,8,0.5818181818181818,0.5454545454545454,0.0,0.4727272727272727,0.0,0.0,0.0,0.0,0.6181818181818182,0.43636363636363634,0.53125,0.6521739130434783,0.0,0.5818181818181818,0.41818181818181815,1.0,3
NMDC,1,0.7,741,82,118,2024-05-09,2024-12-10,0.5338983050847458,0.5489801781097385,0.6357615894039735,0.5217391304347826,0.8135593220338984,48,44,15,11,0.5677966101694916,0.5338983050847458,0.0,0.4915254237288136,0.0,0.0,0.0,0.0,0.5169491525423728,0.4915254237288136,0.5217391304347826,0.5769230769230769,0.0,0.7796610169491526,0.22033898305084745,0.34240879531918206,0
NMDC,2,0.75,794,88,118,2024-08-29,2025-03-27,0.4830508474576271,0.4969836253950014,0.5611510791366906,0.4875,0.6610169491525424,39,41,18,20,0.5254237288135594,0.5423728813559322,0.0,0.5423728813559322,0.0,0.0,0.0,0.0,0.5508474576271186,0.4745762711864407,0.4875,0.4736842105263158,0.0,0.6779661016949152,0.3220338983050847,0.10000660285425449,0
NMDC,3,0.8,847,94,118,2024-12-12,2025-07-30,0.4915254237288136,0.4787356321839081,0.5714285714285714,0.5,0.6666666666666666,40,40,18,20,0.5084745762711864,0.559322033898305,0.0,0.5423728813559322,0.0,0.0,0.0,0.0,0.4915254237288136,0.4152542372881356,0.5,0.4736842105263158,0.0,0.6779661016949152,0.3220338983050847,0.16426609887425264,0
NMDC,4,0.85,900,100,118,2025-03-28,2025-12-11,0.4915254237288136,0.46896551724137936,0.4,0.5,0.3333333333333333,20,20,38,40,0.4830508474576271,0.4576271186440678,0.0,0.4661016949152542,0.0,0.0,0.0,0.0,0.5084745762711864,0.5084745762711864,0.5,0.4871794871794872,0.0,0.3389830508474576,0.6610169491525424,0.10000660285425449,0
NMDC,5,0.9,954,105,118,2025-07-31,2026-04-16,0.4406779661016949,0.4835829493087558,0.42105263157894735,0.46153846153846156,0.3870967741935484,24,28,28,38,0.5508474576271186,0.4745762711864407,0.0,0.4576271186440678,0.0,0.0,0.0,0.0,0.5169491525423728,0.5,0.46153846153846156,0.4242424242424242,0.0,0.4406779661016949,0.559322033898305,1.0,0
NMDC,6,0.95,1007,111,59,2025-12-12,2026-04-16,0.5423728813559322,0.5827505827505828,0.5573770491803278,0.6071428571428571,0.5151515151515151,17,11,15,16,0.6440677966101694,0.4745762711864407,0.0,0.5254237288135594,0.0,0.0,0.0,0.0,0.559322033898305,0.576271186440678,0.6071428571428571,0.4838709677419355,0.0,0.4745762711864407,0.5254237288135594,0.47999424383321426,3
NAUKRI,1,0.7,842,93,134,2024-02-09,2024-10-30,0.5149253731343284,0.5596432552954291,0.6153846153846154,0.52,0.7536231884057971,52,48,17,17,0.5149253731343284,0.5149253731343284,0.0,0.5298507462686567,0.0,0.0,0.0,0.0,0.5671641791044776,0.5223880597014925,0.52,0.5,0.0,0.746268656716418,0.2537313432835821,0.11024827094838398,0
NAUKRI,2,0.75,902,100,134,2024-07-02,2025-03-03,0.5074626865671642,0.48459821428571426,0.5769230769230769,0.5232558139534884,0.6428571428571429,45,41,23,25,0.5447761194029851,0.4701492537313433,0.0,0.4701492537313433,0.0,0.0,0.0,0.0,0.5223880597014925,0.47761194029850745,0.5232558139534884,0.47916666666666663,0.0,0.6417910447761194,0.3582089552238806,0.12745179974313559,0
NAUKRI,3,0.8,963,106,134,2024-11-01,2025-07-08,0.4925373134328358,0.46758743595455554,0.5903614457831325,0.494949494949495,0.7313432835820896,49,50,17,18,0.4701492537313433,0.5074626865671642,0.0,0.5,0.0,0.0,0.0,0.0,0.47761194029850745,0.44776119402985076,0.494949494949495,0.48571428571428577,0.0,0.7388059701492538,0.26119402985074625,0.16878599443097636,0
NAUKRI,4,0.85,1023,113,134,2025-03-04,2025-11-14,0.43283582089552236,0.4375143843498273,0.5632183908045977,0.4117647058823529,0.8909090909090909,49,70,9,6,0.417910447761194,0.417910447761194,0.0,0.4253731343283582,0.0,0.0,0.0,0.0,0.6119402985074627,0.4253731343283582,0.4117647058823529,0.6,0.0,0.8880597014925373,0.11194029850746269,0.345592026593889,0
NAUKRI,5,0.9,1083,120,134,2025-07-09,2026-04-16,0.4253731343283582,0.5683073229291717,0.5157232704402516,0.37272727272727274,0.8367346938775511,41,69,16,8,0.43283582089552236,0.40298507462686567,0.0,0.48507462686567165,0.0,0.0,0.0,0.0,0.6417910447761194,0.4253731343283582,0.37272727272727274,0.6666666666666667,0.0,0.8208955223880597,0.1791044776119403,0.10000660285425449,0
NAUKRI,6,0.95,1143,127,67,2025-11-17,2026-04-16,0.373134328358209,0.45904761904761904,0.475,0.34545454545454546,0.76,19,36,6,6,0.40298507462686567,0.373134328358209,0.0,0.44776119402985076,0.0,0.0,0.0,0.0,0.6268656716417911,0.3880597014925373,0.34545454545454546,0.5,0.0,0.8208955223880597,0.1791044776119403,1.0,3
BOSCHLTD,1,0.7,782,86,124,2024-01-05,2024-10-01,0.5,0.44360056258790437,0.5866666666666667,0.6197183098591549,0.5569620253164557,44,27,18,35,0.5887096774193549,0.6370967741935484,0.0,0.5080645161290323,0.0,0.0,0.0,0.0,0.6209677419354839,0.4596774193548387,0.6197183098591549,0.339622641509434,0.0,0.5725806451612904,0.4274193548387097,0.10000660285425449,0
BOSCHLTD,2,0.75,837,93,124,2024-05-31,2025-02-21,0.5080645161290323,0.5003911342894394,0.6390532544378699,0.5192307692307693,0.8307692307692308,54,50,9,11,0.47580645161290325,0.5241935483870968,0.0,0.5161290322580645,0.0,0.0,0.0,0.0,0.532258064516129,0.5161290322580645,0.5192307692307693,0.44999999999999996,0.0,0.8387096774193549,0.16129032258064516,0.12133100641617296,0
BOSCHLTD,3,0.8,893,99,124,2024-10-07,2025-07-22,0.5,0.5001317523056653,0.6219512195121951,0.5368421052631579,0.7391304347826086,51,44,11,18,0.5725806451612904,0.5564516129032258,0.0,0.49193548387096775,0.0,0.0,0.0,0.0,0.43548387096774194,0.4838709677419355,0.5368421052631579,0.3793103448275862,0.0,0.7661290322580645,0.23387096774193547,0.16813716133761641,0
BOSCHLTD,4,0.85,949,105,124,2025-02-24,2025-12-01,0.5806451612903226,0.5052910052910052,0.675,0.6,0.7714285714285715,54,36,18,16,0.5806451612903226,0.5564516129032258,0.0,0.3951612903225806,0.0,0.0,0.0,0.0,0.47580645161290325,0.5564516129032258,0.6,0.5294117647058824,0.0,0.7258064516129032,0.27419354838709675,0.2885262170013609,0
BOSCHLTD,5,0.9,1005,111,125,2025-07-25,2026-04-16,0.496,0.4687822497420021,0.5882352941176471,0.46875,0.7894736842105263,45,51,17,12,0.464,0.456,0.0,0.568,0.0,0.0,0.0,0.0,0.432,0.56,0.46875,0.5862068965517242,0.0,0.768,0.232,0.29587355144515237,0
BOSCHLTD,6,0.95,1061,117,63,2025-12-03,2026-04-16,0.49206349206349204,0.4107505070993915,0.6097560975609756,0.4716981132075472,0.8620689655172413,25,28,6,4,0.5079365079365079,0.5079365079365079,0.0,0.49206349206349204,0.0,0.0,0.0,0.0,0.4603174603174603,0.47619047619047616,0.4716981132075472,0.6,0.0,0.8412698412698413,0.15873015873015872,0.2952383217617143,3
MANAPPURAM,1,0.7,749,83,119,2024-04-05,2024-11-25,0.5210084033613446,0.5336158192090396,0.44660194174757284,0.5227272727272727,0.3898305084745763,23,21,39,36,0.5378151260504201,0.47058823529411764,0.0,0.5294117647058824,0.0,0.0,0.0,0.0,0.5126050420168067,0.4957983193277311,0.5227272727272727,0.52,0.0,0.3697478991596639,0.6302521008403361,0.13288765871563088,0
MANAPPURAM,2,0.75,802,89,119,2024-08-09,2025-03-18,0.5630252100840336,0.5664217071791973,0.5806451612903226,0.5714285714285714,0.5901639344262295,36,27,31,25,0.44537815126050423,0.5210084033613446,0.0,0.48739495798319327,0.0,0.0,0.0,0.0,0.5294117647058824,0.46218487394957986,0.5714285714285714,0.5535714285714286,0.0,0.5294117647058824,0.47058823529411764,0.22518336902273092,0
MANAPPURAM,3,0.8,856,95,119,2024-11-27,2025-08-04,0.4957983193277311,0.5078717201166181,0.5384615384615384,0.5833333333333334,0.5,35,25,24,35,0.5630252100840336,0.5882352941176471,0.0,0.5462184873949579,0.0,0.0,0.0,0.0,0.48739495798319327,0.4117647058823529,0.5833333333333334,0.4067796610169492,0.0,0.5042016806722689,0.4957983193277311,0.2050222493357705,0
MANAPPURAM,4,0.85,909,101,119,2025-03-19,2025-12-03,0.5462184873949579,0.5534200113058224,0.5970149253731343,0.5263157894736842,0.6896551724137931,40,36,25,18,0.5126050420168067,0.48739495798319327,0.0,0.5462184873949579,0.0,0.0,0.0,0.0,0.4117647058823529,0.47058823529411764,0.5263157894736842,0.5813953488372092,0.0,0.6386554621848739,0.36134453781512604,0.19879376703675317,0
MANAPPURAM,5,0.9,963,107,119,2025-08-05,2026-04-09,0.5294117647058824,0.5353706847764572,0.48148148148148145,0.5098039215686274,0.45614035087719296,26,25,37,31,0.453781512605042,0.4789915966386555,0.0,0.5210084033613446,0.0,0.0,0.0,0.0,0.5126050420168067,0.5126050420168067,0.5098039215686274,0.5441176470588236,0.0,0.42857142857142855,0.5714285714285714,0.19609293995536461,0
MANAPPURAM,6,0.95,1017,112,60,2025-12-04,2026-04-09,0.5833333333333334,0.5446428571428571,0.6153846153846154,0.6060606060606061,0.625,20,13,15,12,0.5166666666666667,0.5333333333333333,0.0,0.5333333333333333,0.0,0.0,0.0,0.0,0.4666666666666667,0.5333333333333333,0.6060606060606061,0.5555555555555556,0.0,0.55,0.45,0.16709379998206014,3
RBLBANK,1,0.7,769,85,122,2024-04-30,2024-12-24,0.5655737704918032,0.5786637931034483,0.5891472868217055,0.5352112676056338,0.6551724137931034,38,33,31,20,0.48360655737704916,0.5,0.0,0.5327868852459017,0.0,0.0,0.0,0.0,0.4672131147540984,0.47540983606557374,0.5352112676056338,0.607843137254902,0.0,0.5819672131147541,0.4180327868852459,0.11557506140463782,0
RBLBANK,2,0.75,824,91,122,2024-09-04,2025-04-24,0.5655737704918032,0.5652407855797686,0.5546218487394958,0.55,0.559322033898305,33,27,36,26,0.5819672131147541,0.48360655737704916,0.0,0.4180327868852459,0.0,0.0,0.0,0.0,0.4262295081967213,0.5163934426229508,0.55,0.5806451612903225,0.0,0.4918032786885246,0.5081967213114754,0.10000660285425449,0
RBLBANK,3,0.8,879,97,122,2024-12-27,2025-08-13,0.5327868852459017,0.5210129310344828,0.5043478260869565,0.5686274509803921,0.453125,29,22,36,35,0.5983606557377049,0.5737704918032787,0.0,0.48360655737704916,0.0,0.0,0.0,0.0,0.4918032786885246,0.47540983606557374,0.5686274509803921,0.5070422535211268,0.0,0.4180327868852459,0.5819672131147541,0.20022380555264171,0
RBLBANK,4,0.85,934,103,122,2025-04-25,2025-12-10,0.45901639344262296,0.4912657887664606,0.5217391304347826,0.4675324675324675,0.5901639344262295,36,41,20,25,0.5573770491803278,0.5,0.0,0.4180327868852459,0.0,0.0,0.0,0.0,0.4918032786885246,0.47540983606557374,0.4675324675324675,0.4444444444444444,0.0,0.6311475409836066,0.36885245901639346,0.15312821632213483,0
RBLBANK,5,0.9,989,109,122,2025-08-14,2026-04-10,0.5081967213114754,0.5025558245897229,0.5522388059701493,0.49333333333333335,0.6271186440677966,37,38,25,22,0.4918032786885246,0.5245901639344263,0.0,0.5409836065573771,0.0,0.0,0.0,0.0,0.4672131147540984,0.5245901639344263,0.49333333333333335,0.5319148936170213,0.0,0.6147540983606558,0.38524590163934425,0.3094323679881506,0
RBLBANK,6,0.95,1044,115,61,2025-12-11,2026-04-10,0.5081967213114754,0.503225806451613,0.53125,0.5,0.5666666666666667,17,17,14,13,0.5081967213114754,0.4918032786885246,0.0,0.39344262295081966,0.0,0.0,0.0,0.0,0.5245901639344263,0.47540983606557374,0.5,0.5185185185185186,0.0,0.5573770491803278,0.4426229508196721,0.2603784437144527,3
EXIDEIND,1,0.7,697,77,111,2024-05-08,2024-12-10,0.5315315315315315,0.5259909031838856,0.6176470588235294,0.5316455696202531,0.7368421052631579,42,37,17,15,0.4954954954954955,0.5135135135135135,0.0,0.5045045045045045,0.0,0.0,0.0,0.0,0.5045045045045045,0.5135135135135135,0.5316455696202531,0.53125,0.0,0.7117117117117117,0.2882882882882883,0.10000660285425449,0
EXIDEIND,2,0.75,747,83,110,2024-09-04,2025-04-07,0.4727272727272727,0.478896643403124,0.546875,0.45454545454545453,0.6862745098039216,35,42,17,16,0.4818181818181818,0.4636363636363636,0.0,0.4090909090909091,0.0,0.0,0.0,0.0,0.4818181818181818,0.4909090909090909,0.45454545454545453,0.5151515151515151,0.0,0.7,0.3,0.2630947150442247,0
EXIDEIND,3,0.8,797,88,111,2024-12-11,2025-08-08,0.5495495495495496,0.5334415584415585,0.6268656716417911,0.5384615384615384,0.75,42,36,19,14,0.5135135135135135,0.5045045045045045,0.0,0.5495495495495496,0.0,0.0,0.0,0.0,0.5495495495495496,0.4594594594594595,0.5384615384615384,0.5757575757575757,0.0,0.7027027027027027,0.2972972972972973,1.0,0
EXIDEIND,4,0.85,846,94,111,2025-04-08,2025-12-10,0.43243243243243246,0.47823261858349575,0.11267605633802817,0.2857142857142857,0.07017543859649122,4,10,44,53,0.4774774774774775,0.5135135135135135,0.0,0.5315315315315315,0.0,0.0,0.0,0.0,0.4954954954954955,0.4774774774774775,0.2857142857142857,0.45360824742268047,0.0,0.12612612612612611,0.8738738738738738,1.0,0
EXIDEIND,5,0.9,897,99,111,2025-08-14,2026-04-16,0.5585585585585585,0.522053982883476,0.5739130434782609,0.5,0.673469387755102,33,33,29,16,0.6036036036036037,0.44144144144144143,0.0,0.4864864864864865,0.0,0.0,0.0,0.0,0.5045045045045045,0.43243243243243246,0.5,0.6444444444444444,0.0,0.5945945945945946,0.40540540540540543,0.4282206673286014,0
EXIDEIND,6,0.95,946,105,56,2025-12-15,2026-04-16,0.5,0.5006587615283267,0.5172413793103449,0.42857142857142855,0.6521739130434783,15,20,13,8,0.5714285714285714,0.44642857142857145,0.0,0.5535714285714286,0.0,0.0,0.0,0.0,0.4107142857142857,0.5535714285714286,0.42857142857142855,0.6190476190476191,0.0,0.625,0.375,0.20320309845123438,3
