{
  "window_id": 1,
  "train_ratio": 0.7,
  "acc_all": 0.5115511551155115,
  "acc_conf": 0.48130841121495327,
  "conf_rate": 0.7062706270627063,
  "n_conf": 214,
  "auc": 0.4932868352223191
}