symbol,window_id,train_ratio,train_size,val_size,test_size,test_start,test_end,oos_accuracy,auc,f1,precision,recall,tp,fp,tn,fn,lgbm_acc,xgb_acc,lstm_acc,bilstm_acc,gru_acc,cnn_lstm_acc,cnn_gru_acc,tcn_gru_acc,tcn_transformer_acc,nbeats_acc,dir_acc_up,dir_acc_down,pct_neutral,pct_up,pct_down,temperature,dl_models_trained
SBIN,1,0.7,702,78,112,2024-03-20,2024-12-03,0.5,0.5178378378378379,0.5882352941176471,0.6557377049180327,0.5333333333333333,40,21,16,35,0.5267857142857143,0.5357142857142857,0.0,0.0,0.0,0.0,0.0,0.0,0.0,0.0,0.6557377049180327,0.3137254901960784,0.0,0.5446428571428571,0.45535714285714285,1.0,0
SBIN,2,0.75,753,83,111,2024-07-30,2025-03-28,0.6216216216216216,0.7081699346405228,0.6666666666666666,0.56,0.8235294117647058,42,33,27,9,0.5675675675675675,0.4594594594594595,0.0,0.0,0.0,0.0,0.0,0.0,0.0,0.0,0.56,0.75,0.0,0.6756756756756757,0.32432432432432434,1.0,0
SBIN,3,0.8,803,89,111,2024-12-05,2025-08-07,0.4774774774774775,0.5061929595827901,0.5538461538461539,0.46153846153846156,0.6923076923076923,36,42,17,16,0.43243243243243246,0.43243243243243246,0.0,0.0,0.0,0.0,0.0,0.0,0.0,0.0,0.46153846153846156,0.5151515151515151,0.0,0.7027027027027027,0.2972972972972973,0.4451827447873701,0
SBIN,4,0.85,853,94,112,2025-04-02,2025-12-19,0.6607142857142857,0.33840445269016695,0.7816091954022989,0.7010309278350515,0.8831168831168831,68,29,6,9,0.6428571428571429,0.6071428571428571,0.0,0.0,0.0,0.0,0.0,0.0,0.0,0.0,0.7010309278350515,0.4,0.0,0.8660714285714286,0.13392857142857142,1.0,0
SBIN,5,0.9,903,100,112,2025-08-08,2026-04-24,0.5535714285714286,0.34630630630630627,0.6875,0.6470588235294118,0.7333333333333333,55,30,7,20,0.625,0.6696428571428571,0.0,0.0,0.0,0.0,0.0,0.0,0.0,0.0,0.6470588235294118,0.2592592592592593,0.0,0.7589285714285714,0.24107142857142858,1.0,0
SBIN,6,0.95,954,105,56,2025-12-23,2026-04-24,0.44642857142857145,0.39713541666666663,0.5230769230769231,0.5151515151515151,0.53125,17,16,8,15,0.5178571428571429,0.42857142857142855,0.0,0.0,0.0,0.0,0.0,0.0,0.0,0.0,0.5151515151515151,0.34782608695652173,0.0,0.5892857142857143,0.4107142857142857,1.0,0
HDFCBANK,1,0.7,615,68,98,2024-02-12,2024-10-17,0.5714285714285714,0.5812093953023488,0.65,0.7647058823529411,0.5652173913043478,39,12,17,30,0.46938775510204084,0.5204081632653061,0.0,0.0,0.0,0.0,0.0,0.0,0.0,0.0,0.7647058823529411,0.36170212765957444,0.0,0.5204081632653061,0.47959183673469385,0.39277083120642287,0
HDFCBANK,2,0.75,659,73,98,2024-06-14,2025-02-04,0.5612244897959183,0.580603448275862,0.6055045871559633,0.6470588235294118,0.5689655172413793,33,18,22,25,0.6428571428571429,0.5816326530612245,0.0,0.0,0.0,0.0,0.0,0.0,0.0,0.0,0.6470588235294118,0.46808510638297873,0.0,0.5204081632653061,0.47959183673469385,0.7250479495405698,0
HDFCBANK,3,0.8,703,78,98,2024-10-18,2025-06-24,0.6122448979591837,0.5219827586206895,0.7076923076923077,0.6388888888888888,0.7931034482758621,46,26,14,12,0.5204081632653061,0.5306122448979592,0.0,0.0,0.0,0.0,0.0,0.0,0.0,0.0,0.6388888888888888,0.5384615384615384,0.0,0.7346938775510204,0.2653061224489796,0.7253032006914201,0
HDFCBANK,4,0.85,747,83,98,2025-02-05,2025-12-18,0.6326530612244898,0.7205819426615319,0.6538461538461539,0.723404255319149,0.5964912280701754,34,13,28,23,0.6836734693877551,0.5306122448979592,0.0,0.0,0.0,0.0,0.0,0.0,0.0,0.0,0.723404255319149,0.5490196078431373,0.0,0.47959183673469385,0.5204081632653061,0.5253426285164454,0
HDFCBANK,5,0.9,792,87,98,2025-06-25,2026-04-27,0.46938775510204084,0.5156177156177156,0.3953488372093023,0.32075471698113206,0.5151515151515151,17,36,29,16,0.4489795918367347,0.4897959183673469,0.0,0.0,0.0,0.0,0.0,0.0,0.0,0.0,0.32075471698113206,0.6444444444444444,0.0,0.5408163265306123,0.45918367346938777,0.37562362988006603,0
HDFCBANK,6,0.95,836,92,49,2025-12-29,2026-04-27,0.40816326530612246,0.5444444444444444,0.35555555555555557,0.2222222222222222,0.8888888888888888,8,28,12,1,0.46938775510204084,0.22448979591836735,0.0,0.0,0.0,0.0,0.0,0.0,0.0,0.0,0.2222222222222222,0.9230769230769231,0.0,0.7346938775510204,0.2653061224489796,0.28820159186581873,0
ICICIBANK,1,0.7,647,71,103,2024-02-09,2024-10-23,0.47572815533980584,0.3943661971830985,0.6142857142857143,0.6231884057971014,0.6056338028169014,43,26,6,28,0.49514563106796117,0.6893203883495146,0.0,0.0,0.0,0.0,0.0,0.0,0.0,0.0,0.6231884057971014,0.17647058823529416,0.0,0.6699029126213593,0.3300970873786408,1.0,0
ICICIBANK,2,0.75,693,77,102,2024-07-03,2025-02-06,0.5882352941176471,0.6389850057670127,0.5882352941176471,0.5882352941176471,0.5882352941176471,30,21,30,21,0.6078431372549019,0.5588235294117647,0.0,0.0,0.0,0.0,0.0,0.0,0.0,0.0,0.5882352941176471,0.5882352941176471,0.0,0.5,0.5,1.0,0
ICICIBANK,3,0.8,739,82,103,2024-10-24,2025-08-01,0.5533980582524272,0.7093726379440665,0.6515151515151515,0.5180722891566265,0.8775510204081632,43,40,14,6,0.6601941747572816,0.5728155339805825,0.0,0.0,0.0,0.0,0.0,0.0,0.0,0.0,0.5180722891566265,0.7,0.0,0.8058252427184466,0.1941747572815534,0.3553258193165685,0
ICICIBANK,4,0.85,785,87,103,2025-02-14,2025-12-22,0.5631067961165048,0.6779788838612368,0.628099173553719,0.5428571428571428,0.7450980392156863,38,32,20,13,0.6407766990291263,0.5436893203883495,0.0,0.0,0.0,0.0,0.0,0.0,0.0,0.0,0.5428571428571428,0.6060606060606061,0.0,0.6796116504854369,0.32038834951456313,0.535831738888844,0
ICICIBANK,5,0.9,832,92,103,2025-08-04,2026-04-27,0.4854368932038835,0.5625491738788356,0.5546218487394958,0.4230769230769231,0.8048780487804879,33,45,17,8,0.5242718446601942,0.5145631067961165,0.0,0.0,0.0,0.0,0.0,0.0,0.0,0.0,0.4230769230769231,0.6799999999999999,0.0,0.7572815533980582,0.24271844660194175,0.7177237807232255,0
ICICIBANK,6,0.95,878,97,52,2025-12-23,2026-04-27,0.5192307692307693,0.5703125,0.5098039215686274,0.41935483870967744,0.65,13,18,14,7,0.5,0.5,0.0,0.0,0.0,0.0,0.0,0.0,0.0,0.0,0.41935483870967744,0.6666666666666667,0.0,0.5961538461538461,0.40384615384615385,0.5774671889461278,0
AXISBANK,1,0.7,675,74,107,2024-03-18,2024-11-12,0.5794392523364486,0.512987012987013,0.7169811320754716,0.59375,0.9047619047619048,57,39,5,6,0.5700934579439252,0.6074766355140186,0.0,0.0,0.0,0.0,0.0,0.0,0.0,0.0,0.59375,0.4545454545454546,0.0,0.897196261682243,0.102803738317757,0.3061668345440386,0
AXISBANK,2,0.75,722,80,107,2024-07-24,2025-03-18,0.48598130841121495,0.5292047853624209,0.6099290780141844,0.4673913043478261,0.8775510204081632,43,49,9,6,0.4953271028037383,0.45794392523364486,0.0,0.0,0.0,0.0,0.0,0.0,0.0,0.0,0.4673913043478261,0.6,0.0,0.8598130841121495,0.14018691588785046,0.15754049098988485,0
AXISBANK,3,0.8,771,85,107,2024-11-14,2025-07-24,0.40186915887850466,0.5308441558441559,0.5616438356164384,0.4019607843137255,0.9318181818181818,41,61,2,3,0.514018691588785,0.411214953271028,0.0,0.0,0.0,0.0,0.0,0.0,0.0,0.0,0.4019607843137255,0.4,0.0,0.9532710280373832,0.04672897196261682,0.10000660285425449,0
AXISBANK,4,0.85,819,90,107,2025-03-19,2025-12-10,0.6355140186915887,0.6861365235749473,0.7111111111111111,0.6233766233766234,0.8275862068965517,48,29,20,10,0.6448598130841121,0.5420560747663551,0.0,0.0,0.0,0.0,0.0,0.0,0.0,0.0,0.6233766233766234,0.6666666666666667,0.0,0.719626168224299,0.2803738317757009,1.0,0
AXISBANK,5,0.9,867,96,107,2025-07-25,2026-04-24,0.6261682242990654,0.6012564671101257,0.7142857142857143,0.6756756756756757,0.7575757575757576,50,24,17,16,0.5794392523364486,0.6074766355140186,0.0,0.0,0.0,0.0,0.0,0.0,0.0,0.0,0.6756756756756757,0.5151515151515151,0.0,0.6915887850467289,0.308411214953271,1.0,0
AXISBANK,6,0.95,915,101,54,2025-12-11,2026-04-24,0.5740740740740741,0.6055172413793104,0.6349206349206349,0.5882352941176471,0.6896551724137931,20,14,11,9,0.6666666666666666,0.5740740740740741,0.0,0.0,0.0,0.0,0.0,0.0,0.0,0.0,0.5882352941176471,0.55,0.0,0.6296296296296297,0.37037037037037035,0.3864476530777123,0
INDUSINDBK,1,0.7,706,78,112,2024-04-23,2024-12-16,0.4107142857142857,0.5658374792703151,0.5714285714285714,0.4036697247706422,0.9777777777777777,44,65,2,1,0.5178571428571429,0.4017857142857143,0.0,0.0,0.0,0.0,0.0,0.0,0.0,0.0,0.4036697247706422,0.6666666666666667,0.0,0.9732142857142857,0.026785714285714284,0.4214999587468477,0
INDUSINDBK,2,0.75,756,84,112,2024-08-22,2025-04-02,0.39285714285714285,0.49708004122294747,0.5,0.35789473684210527,0.8292682926829268,34,61,10,7,0.4642857142857143,0.36607142857142855,0.0,0.0,0.0,0.0,0.0,0.0,0.0,0.0,0.35789473684210527,0.5882352941176471,0.0,0.8482142857142857,0.15178571428571427,1.0,0
INDUSINDBK,3,0.8,807,89,112,2024-12-17,2025-07-18,0.5357142857142857,0.605052766229613,0.6790123456790124,0.5339805825242718,0.9322033898305084,55,48,5,4,0.5446428571428571,0.5535714285714286,0.0,0.0,0.0,0.0,0.0,0.0,0.0,0.0,0.5339805825242718,0.5555555555555556,0.0,0.9196428571428571,0.08035714285714286,2.537818703535809,0
INDUSINDBK,4,0.85,857,95,112,2025-04-03,2025-12-03,0.5089285714285714,0.3860495017679203,0.6583850931677019,0.53,0.8688524590163934,53,47,4,8,0.5267857142857143,0.5446428571428571,0.0,0.0,0.0,0.0,0.0,0.0,0.0,0.0,0.53,0.33333333333333337,0.0,0.8928571428571429,0.10714285714285714,1.0,0
INDUSINDBK,5,0.9,908,100,112,2025-07-21,2026-04-27,0.48214285714285715,0.47361688519347617,0.4423076923076923,0.5111111111111111,0.3898305084745763,23,22,31,36,0.4642857142857143,0.4732142857142857,0.0,0.0,0.0,0.0,0.0,0.0,0.0,0.0,0.5111111111111111,0.4626865671641791,0.0,0.4017857142857143,0.5982142857142857,1.0,0
INDUSINDBK,6,0.95,958,106,56,2025-12-04,2026-04-27,0.5178571428571429,0.6561264822134387,0.4,0.75,0.2727272727272727,9,3,20,24,0.5714285714285714,0.4107142857142857,0.0,0.0,0.0,0.0,0.0,0.0,0.0,0.0,0.75,0.4545454545454546,0.0,0.21428571428571427,0.7857142857142857,1.0,0
KOTAKBANK,1,0.7,667,74,106,2024-04-19,2024-12-13,0.4528301886792453,0.39928698752228164,0.30952380952380953,0.4482758620689655,0.23636363636363636,13,16,35,42,0.5,0.41509433962264153,0.0,0.0,0.0,0.0,0.0,0.0,0.0,0.0,0.4482758620689655,0.4545454545454546,0.0,0.27358490566037735,0.7264150943396226,1.0,0
KOTAKBANK,2,0.75,715,79,106,2024-08-23,2025-04-22,0.44339622641509435,0.5373188405797101,0.21333333333333335,0.5333333333333333,0.13333333333333333,8,7,39,52,0.44339622641509435,0.4716981132075472,0.0,0.0,0.0,0.0,0.0,0.0,0.0,0.0,0.5333333333333333,0.4285714285714286,0.0,0.14150943396226415,0.8584905660377359,0.5331909116231447,0
KOTAKBANK,3,0.8,763,84,106,2024-12-16,2025-08-11,0.5,0.6380236305048335,0.2535211267605634,0.6428571428571429,0.15789473684210525,9,5,44,48,0.5,0.5094339622641509,0.0,0.0,0.0,0.0,0.0,0.0,0.0,0.0,0.6428571428571429,0.4782608695652174,0.0,0.1320754716981132,0.8679245283018868,0.5590049497866421,0
KOTAKBANK,4,0.85,810,90,106,2025-04-24,2025-12-09,0.6320754716981132,0.6216071428571428,0.6138613861386139,0.6888888888888889,0.5535714285714286,31,14,36,25,0.5566037735849056,0.5849056603773585,0.0,0.0,0.0,0.0,0.0,0.0,0.0,0.0,0.6888888888888889,0.5901639344262295,0.0,0.42452830188679247,0.5754716981132075,0.12066326863701403,0
KOTAKBANK,5,0.9,858,95,106,2025-08-12,2026-04-27,0.5566037735849056,0.613903743315508,0.5607476635514018,0.5769230769230769,0.5454545454545454,30,22,29,25,0.6037735849056604,0.5471698113207547,0.0,0.0,0.0,0.0,0.0,0.0,0.0,0.0,0.5769230769230769,0.537037037037037,0.0,0.49056603773584906,0.5094339622641509,1.0,0
KOTAKBANK,6,0.95,906,100,53,2025-12-10,2026-04-27,0.5283018867924528,0.4727272727272727,0.5098039215686274,0.41935483870967744,0.65,13,18,15,7,0.5094339622641509,0.49056603773584906,0.0,0.0,0.0,0.0,0.0,0.0,0.0,0.0,0.41935483870967744,0.6818181818181819,0.0,0.5849056603773585,0.41509433962264153,0.5602197666493192,0
BANDHANBNK,1,0.7,763,84,121,2024-04-19,2024-12-05,0.6446280991735537,0.6860655737704918,0.5825242718446602,0.7142857142857143,0.4918032786885246,30,12,48,31,0.6033057851239669,0.6611570247933884,0.0,0.0,0.0,0.0,0.0,0.0,0.0,0.0,0.7142857142857143,0.6075949367088608,0.0,0.34710743801652894,0.6528925619834711,0.6718312495429435,0
BANDHANBNK,2,0.75,818,90,121,2024-08-20,2025-04-03,0.49586776859504134,0.5515873015873016,0.46956521739130436,0.4090909090909091,0.5510204081632653,27,39,33,22,0.5206611570247934,0.4462809917355372,0.0,0.0,0.0,0.0,0.0,0.0,0.0,0.0,0.4090909090909091,0.6,0.0,0.5454545454545454,0.45454545454545453,0.3265540402374768,0
BANDHANBNK,3,0.8,872,96,121,2024-12-06,2025-08-04,0.49586776859504134,0.5421487603305783,0.5040650406504065,0.45588235294117646,0.5636363636363636,31,37,29,24,0.5371900826446281,0.512396694214876,0.0,0.0,0.0,0.0,0.0,0.0,0.0,0.0,0.45588235294117646,0.5471698113207547,0.0,0.5619834710743802,0.4380165289256198,0.7836101443239746,0
BANDHANBNK,4,0.85,927,102,121,2025-04-07,2025-12-17,0.5454545454545454,0.5371787862219791,0.5132743362831859,0.5370370370370371,0.4915254237288136,29,25,37,30,0.5537190082644629,0.5454545454545454,0.0,0.0,0.0,0.0,0.0,0.0,0.0,0.0,0.5370370370370371,0.5522388059701493,0.0,0.4462809917355372,0.5537190082644629,0.7305853744329992,0
BANDHANBNK,5,0.9,981,108,122,2025-08-08,2026-04-27,0.47540983606557374,0.4561827956989247,0.3333333333333333,0.47058823529411764,0.25806451612903225,16,18,42,46,0.47540983606557374,0.5081967213114754,0.0,0.0,0.0,0.0,0.0,0.0,0.0,0.0,0.47058823529411764,0.4772727272727273,0.0,0.2786885245901639,0.7213114754098361,0.4861507691007329,0
BANDHANBNK,6,0.95,1035,115,61,2025-12-19,2026-04-27,0.47540983606557374,0.5395604395604396,0.3333333333333333,0.6153846153846154,0.22857142857142856,8,5,21,27,0.5573770491803278,0.47540983606557374,0.0,0.0,0.0,0.0,0.0,0.0,0.0,0.0,0.6153846153846154,0.4375,0.0,0.21311475409836064,0.7868852459016393,0.30791105563654797,0
IDFCFIRSTB,1,0.7,738,82,117,2024-02-27,2024-12-16,0.4444444444444444,0.5019480519480519,0.5038167938931297,0.3626373626373626,0.825,33,58,19,7,0.5213675213675214,0.3418803418803419,0.0,0.0,0.0,0.0,0.0,0.0,0.0,0.0,0.3626373626373626,0.7307692307692308,0.0,0.7777777777777778,0.2222222222222222,1.0,0
IDFCFIRSTB,2,0.75,792,87,117,2024-08-01,2025-04-09,0.5299145299145299,0.6145896656534954,0.5217391304347826,0.4411764705882353,0.6382978723404256,30,38,32,17,0.5128205128205128,0.6324786324786325,0.0,0.0,0.0,0.0,0.0,0.0,0.0,0.0,0.4411764705882353,0.653061224489796,0.0,0.5811965811965812,0.4188034188034188,1.84482988511444,0
IDFCFIRSTB,3,0.8,844,93,117,2024-12-17,2025-08-08,0.4700854700854701,0.521917007597896,0.48333333333333334,0.46774193548387094,0.5,29,33,26,29,0.4700854700854701,0.5213675213675214,0.0,0.0,0.0,0.0,0.0,0.0,0.0,0.0,0.46774193548387094,0.4727272727272728,0.0,0.5299145299145299,0.4700854700854701,0.4395804513674306,0
IDFCFIRSTB,4,0.85,897,99,117,2025-04-16,2025-12-10,0.37606837606837606,0.4458579881656805,0.2912621359223301,0.39473684210526316,0.23076923076923078,15,23,29,50,0.358974358974359,0.39316239316239315,0.0,0.0,0.0,0.0,0.0,0.0,0.0,0.0,0.39473684210526316,0.36708860759493667,0.0,0.3247863247863248,0.6752136752136753,0.36347482347780224,0
IDFCFIRSTB,5,0.9,949,105,118,2025-08-11,2026-04-24,0.4915254237288136,0.46336206896551724,0.0,0.0,0.0,0,0,58,60,0.5,0.4915254237288136,0.0,0.0,0.0,0.0,0.0,0.0,0.0,0.0,0.0,0.4915254237288136,0.0,0.0,1.0,1.0,0
IDFCFIRSTB,6,0.95,1002,111,59,2025-12-11,2026-04-24,0.5423728813559322,0.5559440559440559,0.34146341463414637,0.4666666666666667,0.2692307692307692,7,8,25,19,0.4915254237288136,0.559322033898305,0.0,0.0,0.0,0.0,0.0,0.0,0.0,0.0,0.4666666666666667,0.5681818181818181,0.0,0.2542372881355932,0.7457627118644068,1.0,0
FEDERALBNK,1,0.7,725,80,115,2024-04-02,2024-11-14,0.6869565217391305,0.6983805668016194,0.7721518987341772,0.7439024390243902,0.8026315789473685,61,21,18,15,0.6956521739130435,0.6434782608695652,0.0,0.0,0.0,0.0,0.0,0.0,0.0,0.0,0.7439024390243902,0.5454545454545454,0.0,0.7130434782608696,0.28695652173913044,0.4145004412803075,0
FEDERALBNK,2,0.75,776,86,115,2024-08-07,2025-03-13,0.6260869565217392,0.7609890109890111,0.6906474820143885,0.5517241379310345,0.9230769230769231,48,39,24,4,0.5739130434782609,0.6347826086956522,0.0,0.0,0.0,0.0,0.0,0.0,0.0,0.0,0.5517241379310345,0.8571428571428572,0.0,0.7565217391304347,0.24347826086956523,0.16020178713864902,0
FEDERALBNK,3,0.8,828,92,115,2024-11-19,2025-07-23,0.5217391304347826,0.5349119611414693,0.6206896551724138,0.4945054945054945,0.8333333333333334,45,46,15,9,0.48695652173913045,0.5478260869565217,0.0,0.0,0.0,0.0,0.0,0.0,0.0,0.0,0.4945054945054945,0.625,0.0,0.7913043478260869,0.20869565217391303,0.7537470087278842,0
FEDERALBNK,4,0.85,880,97,115,2025-03-18,2025-12-08,0.6173913043478261,0.575807514831905,0.7555555555555555,0.6415094339622641,0.918918918918919,68,38,3,6,0.5826086956521739,0.591304347826087,0.0,0.0,0.0,0.0,0.0,0.0,0.0,0.0,0.6415094339622641,0.33333333333333337,0.0,0.9217391304347826,0.0782608695652174,0.6447896051281462,0
FEDERALBNK,5,0.9,932,103,115,2025-07-24,2026-04-27,0.5565217391304348,0.5004844961240311,0.6577181208053692,0.6363636363636364,0.6805555555555556,49,28,15,23,0.4956521739130435,0.5826086956521739,0.0,0.0,0.0,0.0,0.0,0.0,0.0,0.0,0.6363636363636364,0.39473684210526316,0.0,0.6695652173913044,0.33043478260869563,1.0,0
FEDERALBNK,6,0.95,983,109,58,2025-12-10,2026-04-27,0.4827586206896552,0.5252403846153846,0.4642857142857143,0.5416666666666666,0.40625,13,11,15,19,0.46551724137931033,0.5689655172413793,0.0,0.0,0.0,0.0,0.0,0.0,0.0,0.0,0.5416666666666666,0.4411764705882353,0.0,0.41379310344827586,0.5862068965517241,1.4445029712135267,0
BAJFINANCE,1,0.7,711,79,113,2024-04-30,2024-12-30,0.4336283185840708,0.4481340923466161,0.4482758620689655,0.48148148148148145,0.41935483870967744,26,28,23,36,0.4690265486725664,0.45132743362831856,0.0,0.0,0.0,0.0,0.0,0.0,0.0,0.0,0.48148148148148145,0.38983050847457623,0.0,0.4778761061946903,0.5221238938053098,1.0,0
BAJFINANCE,2,0.75,762,84,113,2024-08-29,2025-04-24,0.4690265486725664,0.43856209150326797,0.45454545454545453,0.5952380952380952,0.36764705882352944,25,17,28,43,0.4690265486725664,0.39823008849557523,0.0,0.0,0.0,0.0,0.0,0.0,0.0,0.0,0.5952380952380952,0.3943661971830986,0.0,0.37168141592920356,0.6283185840707964,1.0,0
BAJFINANCE,3,0.8,813,90,113,2024-12-31,2025-08-25,0.40707964601769914,0.3737179487179487,0.4462809917355372,0.48214285714285715,0.4153846153846154,27,29,19,38,0.39823008849557523,0.39823008849557523,0.0,0.0,0.0,0.0,0.0,0.0,0.0,0.0,0.48214285714285715,0.33333333333333337,0.0,0.49557522123893805,0.504424778761062,0.5986663752423076,0
BAJFINANCE,4,0.85,864,95,113,2025-04-25,2025-12-10,0.5752212389380531,0.5592686002522068,0.6756756756756757,0.5747126436781609,0.819672131147541,50,37,15,11,0.5663716814159292,0.46017699115044247,0.0,0.0,0.0,0.0,0.0,0.0,0.0,0.0,0.5747126436781609,0.5769230769230769,0.0,0.7699115044247787,0.23008849557522124,1.0,0
BAJFINANCE,5,0.9,915,101,113,2025-08-26,2026-04-27,0.5663716814159292,0.6040752351097178,0.5242718446601942,0.5625,0.4909090909090909,27,21,37,28,0.5575221238938053,0.5132743362831859,0.0,0.0,0.0,0.0,0.0,0.0,0.0,0.0,0.5625,0.5692307692307692,0.0,0.4247787610619469,0.5752212389380531,1.0,0
BAJFINANCE,6,0.95,965,107,57,2025-12-16,2026-04-27,0.5964912280701754,0.577922077922078,0.5660377358490566,0.4838709677419355,0.6818181818181818,15,16,19,7,0.631578947368421,0.5964912280701754,0.0,0.0,0.0,0.0,0.0,0.0,0.0,0.0,0.4838709677419355,0.7307692307692308,0.0,0.543859649122807,0.45614035087719296,0.5920646952374705,0
RBLBANK,1,0.7,791,87,126,2024-03-20,2024-11-19,0.4523809523809524,0.4770408163265306,0.5369127516778524,0.43010752688172044,0.7142857142857143,40,53,17,16,0.5238095238095238,0.46825396825396826,0.0,0.0,0.0,0.0,0.0,0.0,0.0,0.0,0.43010752688172044,0.5151515151515151,0.0,0.7380952380952381,0.2619047619047619,0.2769366345397085,0
RBLBANK,2,0.75,847,94,125,2024-07-30,2025-03-11,0.552,0.5439851616322204,0.48148148148148145,0.45614035087719296,0.5098039215686274,26,31,43,25,0.552,0.536,0.0,0.0,0.0,0.0,0.0,0.0,0.0,0.0,0.45614035087719296,0.6323529411764706,0.0,0.456,0.544,0.4725180726207286,0
RBLBANK,3,0.8,904,100,125,2024-11-22,2025-07-16,0.616,0.6304347826086956,0.68,0.7183098591549296,0.6455696202531646,51,20,26,28,0.544,0.632,0.0,0.0,0.0,0.0,0.0,0.0,0.0,0.0,0.7183098591549296,0.4814814814814815,0.0,0.568,0.432,1.0,0
RBLBANK,4,0.85,960,106,126,2025-03-12,2025-12-01,0.47619047619047616,0.47214854111405835,0.5714285714285714,0.6567164179104478,0.5057471264367817,44,23,16,43,0.47619047619047616,0.626984126984127,0.0,0.0,0.0,0.0,0.0,0.0,0.0,0.0,0.6567164179104478,0.27118644067796616,0.0,0.5317460317460317,0.46825396825396826,1.0,0
RBLBANK,5,0.9,1017,112,126,2025-07-17,2026-04-24,0.38095238095238093,0.44404238821400877,0.36065573770491804,0.4489795918367347,0.3013698630136986,22,27,26,51,0.3888888888888889,0.3888888888888889,0.0,0.0,0.0,0.0,0.0,0.0,0.0,0.0,0.4489795918367347,0.33766233766233766,0.0,0.3888888888888889,0.6111111111111112,0.8026353911684895,0
RBLBANK,6,0.95,1073,119,63,2025-12-04,2026-04-24,0.49206349206349204,0.573469387755102,0.42857142857142855,0.5714285714285714,0.34285714285714286,12,9,19,23,0.5396825396825397,0.5555555555555556,0.0,0.0,0.0,0.0,0.0,0.0,0.0,0.0,0.5714285714285714,0.45238095238095233,0.0,0.3333333333333333,0.6666666666666666,0.40113441600806693,0
AUBANK,1,0.7,741,82,118,2024-04-03,2024-12-16,0.559322033898305,0.6180555555555556,0.6438356164383562,0.5108695652173914,0.8703703703703703,47,45,19,7,0.5,0.6101694915254238,0.0,0.0,0.0,0.0,0.0,0.0,0.0,0.0,0.5108695652173914,0.7307692307692308,0.0,0.7796610169491526,0.22033898305084745,0.4398817566374209,0
AUBANK,2,0.75,794,88,118,2024-08-13,2025-04-08,0.5423728813559322,0.5656682027649769,0.578125,0.5138888888888888,0.6607142857142857,37,35,27,19,0.5423728813559322,0.559322033898305,0.0,0.0,0.0,0.0,0.0,0.0,0.0,0.0,0.5138888888888888,0.5869565217391304,0.0,0.6101694915254238,0.3898305084745763,0.25870378714837267,0
AUBANK,3,0.8,847,94,118,2024-12-17,2025-08-08,0.4915254237288136,0.5072463768115942,0.5652173913043478,0.5909090909090909,0.5416666666666666,39,27,19,33,0.5169491525423728,0.4745762711864407,0.0,0.0,0.0,0.0,0.0,0.0,0.0,0.0,0.5909090909090909,0.3653846153846154,0.0,0.559322033898305,0.4406779661016949,0.4314291610609571,0
AUBANK,4,0.85,900,100,118,2025-04-09,2025-12-08,0.5254237288135594,0.7423479271600155,0.5942028985507246,0.8367346938775511,0.4606741573033708,41,8,21,48,0.6186440677966102,0.3728813559322034,0.0,0.0,0.0,0.0,0.0,0.0,0.0,0.0,0.8367346938775511,0.30434782608695654,0.0,0.4152542372881356,0.5847457627118644,0.24804334878548367,0
AUBANK,5,0.9,954,105,118,2025-08-11,2026-04-24,0.4915254237288136,0.6867279062401015,0.3877551020408163,0.9047619047619048,0.24675324675324675,19,2,39,58,0.5677966101694916,0.4661016949152542,0.0,0.0,0.0,0.0,0.0,0.0,0.0,0.0,0.9047619047619048,0.4020618556701031,0.0,0.17796610169491525,0.8220338983050848,0.795014788245338,0
AUBANK,6,0.95,1007,111,59,2025-12-11,2026-04-24,0.4915254237288136,0.5839080459770114,0.2857142857142857,0.5,0.2,6,6,23,24,0.4745762711864407,0.5084745762711864,0.0,0.0,0.0,0.0,0.0,0.0,0.0,0.0,0.5,0.4893617021276596,0.0,0.2033898305084746,0.7966101694915254,0.8830375257714262,0
BAJAJFINSV,1,0.7,678,75,107,2024-03-20,2024-11-22,0.5981308411214953,0.6008403361344538,0.6446280991735537,0.6,0.6964285714285714,39,26,25,17,0.5981308411214953,0.5607476635514018,0.0,0.0,0.0,0.0,0.0,0.0,0.0,0.0,0.6,0.5952380952380952,0.0,0.6074766355140186,0.3925233644859813,1.0,0
BAJAJFINSV,2,0.75,727,80,107,2024-08-12,2025-03-19,0.616822429906542,0.617910447761194,0.6917293233082706,0.696969696969697,0.6865671641791045,46,20,20,21,0.5514018691588785,0.616822429906542,0.0,0.0,0.0,0.0,0.0,0.0,0.0,0.0,0.696969696969697,0.4878048780487805,0.0,0.616822429906542,0.38317757009345793,0.10000660285425449,0
BAJAJFINSV,3,0.8,774,86,108,2024-11-27,2025-07-30,0.37962962962962965,0.40127840909090906,0.49624060150375937,0.4782608695652174,0.515625,33,36,8,31,0.5092592592592593,0.37962962962962965,0.0,0.0,0.0,0.0,0.0,0.0,0.0,0.0,0.4782608695652174,0.20512820512820518,0.0,0.6388888888888888,0.3611111111111111,0.6803364846141374,0
BAJAJFINSV,4,0.85,823,91,108,2025-03-20,2025-11-27,0.39814814814814814,0.3554030874785592,0.5255474452554745,0.43902439024390244,0.6545454545454545,36,46,7,19,0.4351851851851852,0.5092592592592593,0.0,0.0,0.0,0.0,0.0,0.0,0.0,0.0,0.43902439024390244,0.2692307692307693,0.0,0.7592592592592593,0.24074074074074073,0.18925414539402038,0
BAJAJFINSV,5,0.9,872,96,108,2025-07-31,2026-04-23,0.4537037037037037,0.41005291005291006,0.33707865168539325,0.3409090909090909,0.3333333333333333,15,29,34,30,0.4166666666666667,0.5648148148148148,0.0,0.0,0.0,0.0,0.0,0.0,0.0,0.0,0.3409090909090909,0.53125,0.0,0.4074074074074074,0.5925925925925926,1.0,0
BAJAJFINSV,6,0.95,920,102,54,2025-12-01,2026-04-23,0.3148148148148148,0.3982905982905983,0.3728813559322034,0.25,0.7333333333333333,11,33,6,4,0.35185185185185186,0.2777777777777778,0.0,0.0,0.0,0.0,0.0,0.0,0.0,0.0,0.25,0.6,0.0,0.8148148148148148,0.18518518518518517,0.177317094877466,0
HDFCLIFE,1,0.7,666,73,106,2024-04-29,2024-12-04,0.44339622641509435,0.4496956677407805,0.4380952380952381,0.4791666666666667,0.40350877192982454,23,25,24,34,0.5660377358490566,0.4339622641509434,0.0,0.0,0.0,0.0,0.0,0.0,0.0,0.0,0.4791666666666667,0.4137931034482759,0.0,0.4528301886792453,0.5471698113207547,0.516135332090639,0
HDFCLIFE,2,0.75,713,79,106,2024-08-20,2025-04-09,0.5754716981132075,0.6027298850574713,0.4827586206896552,0.5384615384615384,0.4375,21,18,40,27,0.5660377358490566,0.5566037735849056,0.0,0.0,0.0,0.0,0.0,0.0,0.0,0.0,0.5384615384615384,0.5970149253731343,0.0,0.36792452830188677,0.6320754716981132,2.892614944973276,0
HDFCLIFE,3,0.8,761,84,106,2024-12-05,2025-08-08,0.49056603773584906,0.4916666666666667,0.55,0.55,0.55,33,27,19,27,0.5471698113207547,0.5660377358490566,0.0,0.0,0.0,0.0,0.0,0.0,0.0,0.0,0.55,0.4130434782608695,0.0,0.5660377358490566,0.4339622641509434,1.0,0
HDFCLIFE,4,0.85,809,89,106,2025-04-16,2025-12-19,0.46226415094339623,0.504985754985755,0.5957446808510638,0.4827586206896552,0.7777777777777778,42,45,7,12,0.5,0.5094339622641509,0.0,0.0,0.0,0.0,0.0,0.0,0.0,0.0,0.4827586206896552,0.368421052631579,0.0,0.8207547169811321,0.1792452830188679,1.0,0
HDFCLIFE,5,0.9,856,95,106,2025-08-11,2026-04-27,0.4811320754716981,0.4229376257545272,0.3037974683544304,0.2727272727272727,0.34285714285714286,12,32,39,23,0.5,0.6698113207547169,0.0,0.0,0.0,0.0,0.0,0.0,0.0,0.0,0.2727272727272727,0.6290322580645161,0.0,0.41509433962264153,0.5849056603773585,1.0,0
HDFCLIFE,6,0.95,904,100,53,2025-12-22,2026-04-27,0.41509433962264153,0.4519230769230769,0.3404255319148936,0.23529411764705882,0.6153846153846154,8,26,14,5,0.660377358490566,0.3018867924528302,0.0,0.0,0.0,0.0,0.0,0.0,0.0,0.0,0.23529411764705882,0.736842105263158,0.0,0.6415094339622641,0.3584905660377358,1.0,0
SBILIFE,1,0.7,675,75,107,2024-04-19,2024-11-14,0.514018691588785,0.6449683321604505,0.5873015873015873,0.4805194805194805,0.7551020408163265,37,40,18,12,0.4766355140186916,0.514018691588785,0.0,0.0,0.0,0.0,0.0,0.0,0.0,0.0,0.4805194805194805,0.6,0.0,0.719626168224299,0.2803738317757009,0.3631642931054514,0
SBILIFE,2,0.75,724,80,107,2024-08-14,2025-03-19,0.45794392523364486,0.5425685425685426,0.546875,0.4166666666666667,0.7954545454545454,35,49,14,9,0.4485981308411215,0.4766355140186916,0.0,0.0,0.0,0.0,0.0,0.0,0.0,0.0,0.4166666666666667,0.6086956521739131,0.0,0.7850467289719626,0.21495327102803738,0.5526109808031162,0
SBILIFE,3,0.8,772,85,107,2024-11-19,2025-07-22,0.5981308411214953,0.5919458303635068,0.6906474820143885,0.6153846153846154,0.7868852459016393,48,30,16,13,0.616822429906542,0.7102803738317757,0.0,0.0,0.0,0.0,0.0,0.0,0.0,0.0,0.6153846153846154,0.5517241379310345,0.0,0.7289719626168224,0.27102803738317754,1.0,0
SBILIFE,4,0.85,820,91,107,2025-03-20,2025-11-24,0.48598130841121495,0.4287330316742082,0.6258503401360545,0.5822784810126582,0.6764705882352942,46,33,6,22,0.5514018691588785,0.6355140186915887,0.0,0.0,0.0,0.0,0.0,0.0,0.0,0.0,0.5822784810126582,0.2142857142857143,0.0,0.7383177570093458,0.2616822429906542,1.0,0
SBILIFE,5,0.9,868,96,108,2025-07-23,2026-04-24,0.4722222222222222,0.46250435995814443,0.43564356435643564,0.55,0.36065573770491804,22,18,29,39,0.42592592592592593,0.4166666666666667,0.0,0.0,0.0,0.0,0.0,0.0,0.0,0.0,0.55,0.42647058823529416,0.0,0.37037037037037035,0.6296296296296297,0.6434624376305683,0
SBILIFE,6,0.95,917,101,54,2025-11-25,2026-04-24,0.4074074074074074,0.4505494505494505,0.4074074074074074,0.39285714285714285,0.4230769230769231,11,17,11,15,0.46296296296296297,0.42592592592592593,0.0,0.0,0.0,0.0,0.0,0.0,0.0,0.0,0.39285714285714285,0.42307692307692313,0.0,0.5185185185185185,0.48148148148148145,0.826671914891139,0
ICICIGI,1,0.7,657,73,104,2024-06-10,2024-12-20,0.375,0.30998116760828626,0.4247787610619469,0.4444444444444444,0.4067796610169492,24,30,15,35,0.34615384615384615,0.5673076923076923,0.0,0.0,0.0,0.0,0.0,0.0,0.0,0.0,0.4444444444444444,0.30000000000000004,0.0,0.5192307692307693,0.4807692307692308,0.22155666228784887,0
ICICIGI,2,0.75,704,78,104,2024-09-12,2025-04-07,0.5384615384615384,0.6443932411674347,0.5932203389830508,0.4605263157894737,0.8333333333333334,35,41,21,7,0.5384615384615384,0.40384615384615385,0.0,0.0,0.0,0.0,0.0,0.0,0.0,0.0,0.4605263157894737,0.75,0.0,0.7307692307692307,0.2692307692307692,0.10000660285425449,0
ICICIGI,3,0.8,751,83,104,2024-12-23,2025-07-24,0.5865384615384616,0.5307407407407407,0.6666666666666666,0.5733333333333334,0.7962962962962963,43,32,18,11,0.5673076923076923,0.5865384615384616,0.0,0.0,0.0,0.0,0.0,0.0,0.0,0.0,0.5733333333333334,0.6206896551724138,0.0,0.7211538461538461,0.27884615384615385,1.4997418998103649,0
ICICIGI,4,0.85,798,88,104,2025-04-09,2025-12-30,0.4807692307692308,0.31740740740740736,0.6351351351351351,0.5,0.8703703703703703,47,47,3,7,0.4807692307692308,0.4326923076923077,0.0,0.0,0.0,0.0,0.0,0.0,0.0,0.0,0.5,0.30000000000000004,0.0,0.9038461538461539,0.09615384615384616,0.4872571171180109,0
ICICIGI,5,0.9,845,93,105,2025-07-25,2026-04-23,0.4095238095238095,0.5312965722801788,0.5,0.3875,0.7045454545454546,31,49,12,13,0.4857142857142857,0.41904761904761906,0.0,0.0,0.0,0.0,0.0,0.0,0.0,0.0,0.3875,0.48,0.0,0.7619047619047619,0.23809523809523808,1.0,0
ICICIGI,6,0.95,891,99,53,2026-01-01,2026-04-23,0.5660377358490566,0.5238095238095238,0.5106382978723404,0.41379310344827586,0.6666666666666666,12,17,18,6,0.5283018867924528,0.33962264150943394,0.0,0.0,0.0,0.0,0.0,0.0,0.0,0.0,0.41379310344827586,0.75,0.0,0.5471698113207547,0.4528301886792453,1.0,0
MUTHOOTFIN,1,0.7,715,79,114,2024-03-19,2024-12-05,0.5789473684210527,0.56991452991453,0.6619718309859155,0.7014925373134329,0.6266666666666667,47,20,19,28,0.6140350877192983,0.5526315789473685,0.0,0.0,0.0,0.0,0.0,0.0,0.0,0.0,0.7014925373134329,0.4042553191489362,0.0,0.5877192982456141,0.41228070175438597,0.5312254315083329,0
MUTHOOTFIN,2,0.75,766,85,113,2024-08-06,2025-03-21,0.5929203539823009,0.5481727574750829,0.6714285714285714,0.6714285714285714,0.6714285714285714,47,23,20,23,0.5929203539823009,0.5752212389380531,0.0,0.0,0.0,0.0,0.0,0.0,0.0,0.0,0.6714285714285714,0.4651162790697675,0.0,0.6194690265486725,0.3805309734513274,0.7351755341527451,0
MUTHOOTFIN,3,0.8,818,90,113,2024-12-06,2025-08-07,0.5575221238938053,0.5728562217923919,0.6428571428571429,0.6081081081081081,0.6818181818181818,45,29,18,21,0.5752212389380531,0.5663716814159292,0.0,0.0,0.0,0.0,0.0,0.0,0.0,0.0,0.6081081081081081,0.46153846153846156,0.0,0.6548672566371682,0.34513274336283184,0.6516911130086966,0
MUTHOOTFIN,4,0.85,868,96,114,2025-03-26,2025-12-02,0.6491228070175439,0.6381756756756757,0.7674418604651163,0.673469387755102,0.8918918918918919,66,32,8,8,0.5701754385964912,0.6491228070175439,0.0,0.0,0.0,0.0,0.0,0.0,0.0,0.0,0.673469387755102,0.5,0.0,0.8596491228070176,0.14035087719298245,0.6178738195838036,0
MUTHOOTFIN,5,0.9,919,102,114,2025-08-08,2026-04-24,0.6052631578947368,0.6902597402597401,0.7368421052631579,0.6237623762376238,0.9,63,38,6,7,0.6666666666666666,0.6052631578947368,0.0,0.0,0.0,0.0,0.0,0.0,0.0,0.0,0.6237623762376238,0.46153846153846156,0.0,0.8859649122807017,0.11403508771929824,0.36734887067667854,0
MUTHOOTFIN,6,0.95,971,107,57,2025-12-08,2026-04-24,0.5087719298245614,0.7456575682382134,0.65,0.48148148148148145,1.0,26,28,3,0,0.47368421052631576,0.5263157894736842,0.0,0.0,0.0,0.0,0.0,0.0,0.0,0.0,0.48148148148148145,1.0,0.0,0.9473684210526315,0.05263157894736842,0.5272517374446468,0
CHOLAFIN,1,0.7,749,83,119,2024-05-07,2024-12-16,0.6134453781512605,0.576117713638936,0.6567164179104478,0.6111111111111112,0.7096774193548387,44,28,29,18,0.5378151260504201,0.6218487394957983,0.0,0.0,0.0,0.0,0.0,0.0,0.0,0.0,0.6111111111111112,0.6170212765957447,0.0,0.6050420168067226,0.3949579831932773,0.5201948348880341,0
CHOLAFIN,2,0.75,802,89,119,2024-08-30,2025-04-29,0.5798319327731093,0.6071226681741096,0.6753246753246753,0.5591397849462365,0.8524590163934426,52,41,17,9,0.5294117647058824,0.5546218487394958,0.0,0.0,0.0,0.0,0.0,0.0,0.0,0.0,0.5591397849462365,0.6538461538461539,0.0,0.7815126050420168,0.2184873949579832,0.47103512156113825,0
CHOLAFIN,3,0.8,856,95,119,2024-12-17,2025-08-21,0.5378151260504201,0.4898105625717566,0.6258503401360545,0.575,0.6865671641791045,46,34,18,21,0.5798319327731093,0.5882352941176471,0.0,0.0,0.0,0.0,0.0,0.0,0.0,0.0,0.575,0.46153846153846156,0.0,0.6722689075630253,0.3277310924369748,1.0,0
CHOLAFIN,4,0.85,909,101,119,2025-04-30,2025-12-17,0.5042016806722689,0.523768115942029,0.6143790849673203,0.5595238095238095,0.6811594202898551,47,37,13,22,0.5042016806722689,0.5462184873949579,0.0,0.0,0.0,0.0,0.0,0.0,0.0,0.0,0.5595238095238095,0.37142857142857144,0.0,0.7058823529411765,0.29411764705882354,0.44623810483135656,0
CHOLAFIN,5,0.9,963,107,119,2025-08-22,2026-04-24,0.6134453781512605,0.6154499151103565,0.6461538461538462,0.6176470588235294,0.6774193548387096,42,26,31,20,0.5294117647058824,0.6134453781512605,0.0,0.0,0.0,0.0,0.0,0.0,0.0,0.0,0.6176470588235294,0.607843137254902,0.0,0.5714285714285714,0.42857142857142855,0.7024060710105204,0
CHOLAFIN,6,0.95,1017,112,60,2025-12-18,2026-04-24,0.4,0.4651428571428571,0.41935483870967744,0.35135135135135137,0.52,13,24,11,12,0.5,0.5333333333333333,0.0,0.0,0.0,0.0,0.0,0.0,0.0,0.0,0.35135135135135137,0.4782608695652174,0.0,0.6166666666666667,0.38333333333333336,0.4580048514281691,0
SHRIRAMFIN,1,0.7,752,83,120,2024-05-10,2024-12-17,0.5333333333333333,0.371320314777033,0.654320987654321,0.5955056179775281,0.726027397260274,53,36,11,20,0.5083333333333333,0.5416666666666666,0.0,0.0,0.0,0.0,0.0,0.0,0.0,0.0,0.5955056179775281,0.3548387096774194,0.0,0.7416666666666667,0.25833333333333336,0.31430202180721695,0
SHRIRAMFIN,2,0.75,806,89,119,2024-08-27,2025-04-16,0.5294117647058824,0.35185185185185186,0.6781609195402298,0.5412844036697247,0.9076923076923077,59,50,4,6,0.5294117647058824,0.5462184873949579,0.0,0.0,0.0,0.0,0.0,0.0,0.0,0.0,0.5412844036697247,0.4,0.0,0.9159663865546218,0.08403361344537816,0.21369266164138206,0
SHRIRAMFIN,3,0.8,860,95,119,2024-12-19,2025-08-22,0.47058823529411764,0.48242630385487534,0.6086956521739131,0.4666666666666667,0.875,49,56,7,7,0.42016806722689076,0.47058823529411764,0.0,0.0,0.0,0.0,0.0,0.0,0.0,0.0,0.4666666666666667,0.5,0.0,0.8823529411764706,0.11764705882352941,0.380949598463542,0
SHRIRAMFIN,4,0.85,913,101,120,2025-04-17,2025-12-16,0.6083333333333333,0.5576315033055476,0.7486631016042781,0.603448275862069,0.9859154929577465,70,46,3,1,0.5833333333333334,0.5916666666666667,0.0,0.0,0.0,0.0,0.0,0.0,0.0,0.0,0.603448275862069,0.75,0.0,0.9666666666666667,0.03333333333333333,1.0,0
SHRIRAMFIN,5,0.9,967,107,120,2025-08-25,2026-04-27,0.6583333333333333,0.46703125,0.7897435897435897,0.6695652173913044,0.9625,77,38,2,3,0.55,0.6666666666666666,0.0,0.0,0.0,0.0,0.0,0.0,0.0,0.0,0.6695652173913044,0.4,0.0,0.9583333333333334,0.041666666666666664,1.0,0
SHRIRAMFIN,6,0.95,1021,113,60,2025-12-17,2026-04-27,0.5166666666666667,0.43777777777777777,0.6506024096385542,0.5094339622641509,0.9,27,26,4,3,0.55,0.5,0.0,0.0,0.0,0.0,0.0,0.0,0.0,0.0,0.5094339622641509,0.5714285714285714,0.0,0.8833333333333333,0.11666666666666667,0.6224130646376697,0
TCS,1,0.7,660,73,105,2024-04-23,2024-12-16,0.45714285714285713,0.4709724238026125,0.5365853658536586,0.4647887323943662,0.6346153846153846,33,38,15,19,0.44761904761904764,0.44761904761904764,0.0,0.0,0.0,0.0,0.0,0.0,0.0,0.0,0.4647887323943662,0.4411764705882353,0.0,0.6761904761904762,0.3238095238095238,0.5676083630181002,0
TCS,2,0.75,708,78,104,2024-08-07,2025-04-03,0.47115384615384615,0.513871635610766,0.47619047619047616,0.35714285714285715,0.7142857142857143,25,45,24,10,0.4423076923076923,0.5384615384615384,0.0,0.0,0.0,0.0,0.0,0.0,0.0,0.0,0.35714285714285715,0.7058823529411764,0.0,0.6730769230769231,0.3269230769230769,1.0,0
TCS,3,0.8,755,83,105,2024-12-17,2025-08-19,0.5238095238095238,0.5422705314009661,0.5098039215686274,0.3939393939393939,0.7222222222222222,26,40,29,10,0.49523809523809526,0.6571428571428571,0.0,0.0,0.0,0.0,0.0,0.0,0.0,0.0,0.3939393939393939,0.7435897435897436,0.0,0.6285714285714286,0.37142857142857144,1.0,0
TCS,4,0.85,801,89,105,2025-04-04,2025-12-12,0.6190476190476191,0.6114742193173565,0.6078431372549019,0.6458333333333334,0.5740740740740741,31,17,34,23,0.4857142857142857,0.4857142857142857,0.0,0.0,0.0,0.0,0.0,0.0,0.0,0.0,0.6458333333333334,0.5964912280701755,0.0,0.45714285714285713,0.5428571428571428,0.10000660285425449,0
TCS,5,0.9,849,94,105,2025-08-22,2026-04-24,0.49523809523809526,0.48814814814814816,0.208955223880597,0.3181818181818182,0.15555555555555556,7,15,45,38,0.4666666666666667,0.5714285714285714,0.0,0.0,0.0,0.0,0.0,0.0,0.0,0.0,0.3181818181818182,0.5421686746987953,0.0,0.20952380952380953,0.7904761904761904,0.10000660285425449,0
TCS,6,0.95,896,99,53,2025-12-15,2026-04-24,0.5471698113207547,0.5,0.07692307692307693,0.08333333333333333,0.07142857142857142,1,11,28,13,0.3018867924528302,0.7358490566037735,0.0,0.0,0.0,0.0,0.0,0.0,0.0,0.0,0.08333333333333333,0.6829268292682926,0.0,0.22641509433962265,0.7735849056603774,1.0,0
MANAPPURAM,1,0.7,752,83,120,2024-04-24,2024-11-27,0.625,0.600111234705228,0.6616541353383458,0.5866666666666667,0.7586206896551724,44,31,31,14,0.6416666666666667,0.5833333333333334,0.0,0.0,0.0,0.0,0.0,0.0,0.0,0.0,0.5866666666666667,0.6888888888888889,0.0,0.625,0.375,0.3700892372610564,0
MANAPPURAM,2,0.75,806,89,119,2024-08-09,2025-03-12,0.5714285714285714,0.5097198399085192,0.6622516556291391,0.5882352941176471,0.7575757575757576,50,35,18,16,0.6050420168067226,0.5462184873949579,0.0,0.0,0.0,0.0,0.0,0.0,0.0,0.0,0.5882352941176471,0.5294117647058824,0.0,0.7142857142857143,0.2857142857142857,0.4783667694773155,0
MANAPPURAM,3,0.8,860,95,119,2024-11-28,2025-08-07,0.4789915966386555,0.42517006802721086,0.5974025974025974,0.5974025974025974,0.5974025974025974,46,31,11,31,0.5378151260504201,0.5882352941176471,0.0,0.0,0.0,0.0,0.0,0.0,0.0,0.0,0.5974025974025974,0.26190476190476186,0.0,0.6470588235294118,0.35294117647058826,0.29323008565485076,0
MANAPPURAM,4,0.85,913,101,120,2025-03-13,2025-12-05,0.5416666666666666,0.5899746550267531,0.6583850931677019,0.5638297872340425,0.7910447761194029,53,41,12,14,0.5583333333333333,0.5416666666666666,0.0,0.0,0.0,0.0,0.0,0.0,0.0,0.0,0.5638297872340425,0.46153846153846156,0.0,0.7833333333333333,0.21666666666666667,0.44881030126228044,0
MANAPPURAM,5,0.9,967,107,120,2025-08-08,2026-04-27,0.48333333333333334,0.4867081447963801,0.5,0.5535714285714286,0.45588235294117646,31,25,27,37,0.5083333333333333,0.45,0.0,0.0,0.0,0.0,0.0,0.0,0.0,0.0,0.5535714285714286,0.421875,0.0,0.4666666666666667,0.5333333333333333,0.6055176027315606,0
MANAPPURAM,6,0.95,1021,113,60,2025-12-08,2026-04-27,0.5166666666666667,0.5268571428571429,0.6419753086419753,0.5652173913043478,0.7428571428571429,26,20,5,9,0.6,0.4666666666666667,0.0,0.0,0.0,0.0,0.0,0.0,0.0,0.0,0.5652173913043478,0.3571428571428571,0.0,0.7666666666666667,0.23333333333333334,0.6344304523983564,0
HCLTECH,1,0.7,674,74,107,2024-05-10,2024-12-16,0.7102803738317757,0.5787037037037037,0.8287292817679558,0.7425742574257426,0.9375,75,26,1,5,0.6261682242990654,0.7102803738317757,0.0,0.0,0.0,0.0,0.0,0.0,0.0,0.0,0.7425742574257426,0.16666666666666663,0.0,0.9439252336448598,0.056074766355140186,1.5477150392569676,0
HCLTECH,2,0.75,721,80,107,2024-08-23,2025-04-22,0.5046728971962616,0.43455313159746656,0.6624203821656051,0.5252525252525253,0.896551724137931,52,47,2,6,0.4953271028037383,0.5420560747663551,0.0,0.0,0.0,0.0,0.0,0.0,0.0,0.0,0.5252525252525253,0.25,0.0,0.9252336448598131,0.07476635514018691,0.2743126603099698,0
HCLTECH,3,0.8,770,85,107,2024-12-17,2025-09-01,0.40186915887850466,0.47799422799422797,0.5733333333333334,0.4056603773584906,0.9772727272727273,43,63,0,1,0.37383177570093457,0.4392523364485981,0.0,0.0,0.0,0.0,0.0,0.0,0.0,0.0,0.4056603773584906,0.0,0.0,0.9906542056074766,0.009345794392523364,0.27164286448011027,0
HCLTECH,4,0.85,818,90,107,2025-05-05,2025-12-23,0.5607476635514018,0.2950354609929078,0.7151515151515152,0.5619047619047619,0.9833333333333333,59,46,1,1,0.48598130841121495,0.5607476635514018,0.0,0.0,0.0,0.0,0.0,0.0,0.0,0.0,0.5619047619047619,0.5,0.0,0.9813084112149533,0.018691588785046728,1.0,0
HCLTECH,5,0.9,866,96,107,2025-09-04,2026-04-27,0.5700934579439252,0.49578947368421045,0.7088607594936709,0.5544554455445545,0.9824561403508771,56,45,5,1,0.5514018691588785,0.5327102803738317,0.0,0.0,0.0,0.0,0.0,0.0,0.0,0.0,0.5544554455445545,0.8333333333333334,0.0,0.9439252336448598,0.056074766355140186,1.0,0
HCLTECH,6,0.95,914,101,54,2025-12-24,2026-04-27,0.3888888888888889,0.4631578947368421,0.5352112676056338,0.36538461538461536,1.0,19,33,2,0,0.3148148148148148,0.5185185185185185,0.0,0.0,0.0,0.0,0.0,0.0,0.0,0.0,0.36538461538461536,1.0,0.0,0.9629629629629629,0.037037037037037035,1.0,0
INFY,1,0.7,690,76,110,2024-06-05,2024-12-31,0.41818181818181815,0.39183820873961717,0.5294117647058824,0.5538461538461539,0.5070422535211268,36,29,10,35,0.5,0.41818181818181815,0.0,0.0,0.0,0.0,0.0,0.0,0.0,0.0,0.5538461538461539,0.2222222222222222,0.0,0.5909090909090909,0.4090909090909091,0.37959404023197957,0
INFY,2,0.75,739,82,109,2024-09-13,2025-05-06,0.5412844036697247,0.6454918032786885,0.6268656716417911,0.4883720930232558,0.875,42,44,17,6,0.48623853211009177,0.5596330275229358,0.0,0.0,0.0,0.0,0.0,0.0,0.0,0.0,0.4883720930232558,0.7391304347826086,0.0,0.7889908256880734,0.21100917431192662,0.42980444033783627,0
INFY,3,0.8,789,87,109,2025-01-01,2025-09-01,0.5045871559633027,0.5583160800552105,0.5846153846153846,0.4523809523809524,0.8260869565217391,38,46,17,8,0.44036697247706424,0.5779816513761468,0.0,0.0,0.0,0.0,0.0,0.0,0.0,0.0,0.4523809523809524,0.6799999999999999,0.0,0.7706422018348624,0.22935779816513763,2.3112560096306436,0
INFY,4,0.85,837,93,110,2025-05-07,2025-12-16,0.5818181818181818,0.5053333333333333,0.7051282051282052,0.5729166666666666,0.9166666666666666,55,41,9,5,0.5909090909090909,0.4727272727272727,0.0,0.0,0.0,0.0,0.0,0.0,0.0,0.0,0.5729166666666666,0.6428571428571428,0.0,0.8727272727272727,0.12727272727272726,1.0,0
INFY,5,0.9,887,98,110,2025-09-03,2026-04-24,0.5545454545454546,0.6399999999999999,0.6620689655172414,0.5333333333333333,0.8727272727272727,48,42,13,7,0.5272727272727272,0.4727272727272727,0.0,0.0,0.0,0.0,0.0,0.0,0.0,0.0,0.5333333333333333,0.65,0.0,0.8181818181818182,0.18181818181818182,0.10000660285425449,0
INFY,6,0.95,936,104,55,2025-12-17,2026-04-24,0.45454545454545453,0.5321637426900585,0.5,0.36585365853658536,0.7894736842105263,15,26,10,4,0.4727272727272727,0.5818181818181818,0.0,0.0,0.0,0.0,0.0,0.0,0.0,0.0,0.36585365853658536,0.7142857142857143,0.0,0.7454545454545455,0.2545454545454545,0.6079571232635991,0
WIPRO,1,0.7,693,77,110,2024-05-13,2024-12-19,0.5363636363636364,0.5266812865497077,0.6482758620689655,0.6438356164383562,0.6527777777777778,47,26,12,25,0.5636363636363636,0.4909090909090909,0.0,0.0,0.0,0.0,0.0,0.0,0.0,0.0,0.6438356164383562,0.32432432432432434,0.0,0.6636363636363637,0.33636363636363636,0.6125261327303576,0
WIPRO,2,0.75,743,82,110,2024-08-27,2025-04-29,0.5909090909090909,0.6346153846153847,0.6853146853146853,0.5764705882352941,0.8448275862068966,49,36,16,9,0.5272727272727272,0.5636363636363636,0.0,0.0,0.0,0.0,0.0,0.0,0.0,0.0,0.5764705882352941,0.64,0.0,0.7727272727272727,0.22727272727272727,1.0,0
WIPRO,3,0.8,792,88,110,2024-12-23,2025-09-03,0.5363636363636364,0.558862433862434,0.5641025641025641,0.5238095238095238,0.6111111111111112,33,30,26,21,0.4909090909090909,0.509090909090909,0.0,0.0,0.0,0.0,0.0,0.0,0.0,0.0,0.5238095238095238,0.5531914893617021,0.0,0.5727272727272728,0.42727272727272725,1.0,0
WIPRO,4,0.85,842,93,110,2025-05-05,2026-01-01,0.5,0.5130163137799375,0.5669291338582677,0.6,0.5373134328358209,36,24,19,31,0.4909090909090909,0.39090909090909093,0.0,0.0,0.0,0.0,0.0,0.0,0.0,0.0,0.6,0.38,0.0,0.5454545454545454,0.45454545454545453,2.1851163067307797,0
WIPRO,5,0.9,891,99,110,2025-09-04,2026-04-27,0.43636363636363634,0.4213333333333333,0.45614035087719296,0.40625,0.52,26,38,22,24,0.43636363636363634,0.4727272727272727,0.0,0.0,0.0,0.0,0.0,0.0,0.0,0.0,0.40625,0.4782608695652174,0.0,0.5818181818181818,0.41818181818181815,0.4196790821136799,0
WIPRO,6,0.95,941,104,55,2026-01-07,2026-04-27,0.34545454545454546,0.5494505494505495,0.3793103448275862,0.24444444444444444,0.8461538461538461,11,34,8,2,0.38181818181818183,0.6363636363636364,0.0,0.0,0.0,0.0,0.0,0.0,0.0,0.0,0.24444444444444444,0.8,0.0,0.8181818181818182,0.18181818181818182,0.10000660285425449,0
LTIM,1,0.7,715,79,114,2024-04-09,2024-11-19,0.5701754385964912,0.5217532467532469,0.7100591715976331,0.6060606060606061,0.8571428571428571,60,39,5,10,0.5614035087719298,0.543859649122807,0.0,0.0,0.0,0.0,0.0,0.0,0.0,0.0,0.6060606060606061,0.33333333333333337,0.0,0.868421052631579,0.13157894736842105,0.6525219386821798,0
LTIM,2,0.75,766,85,113,2024-08-06,2025-03-20,0.5309734513274337,0.5667293233082706,0.6826347305389222,0.5181818181818182,1.0,57,53,3,0,0.504424778761062,0.5132743362831859,0.0,0.0,0.0,0.0,0.0,0.0,0.0,0.0,0.5181818181818182,1.0,0.0,0.9734513274336283,0.02654867256637168,1.0,0
LTIM,3,0.8,818,90,113,2024-11-25,2025-08-08,0.504424778761062,0.4843063402385436,0.631578947368421,0.5161290322580645,0.8135593220338984,48,45,9,11,0.5132743362831859,0.4424778761061947,0.0,0.0,0.0,0.0,0.0,0.0,0.0,0.0,0.5161290322580645,0.44999999999999996,0.0,0.8230088495575221,0.17699115044247787,0.5146347945570187,0
LTIM,4,0.85,868,96,114,2025-03-24,2025-12-02,0.6403508771929824,0.5284900284900286,0.7807486631016043,0.6697247706422018,0.9358974358974359,73,36,0,5,0.6578947368421053,0.6842105263157895,0.0,0.0,0.0,0.0,0.0,0.0,0.0,0.0,0.6697247706422018,0.0,0.0,0.956140350877193,0.043859649122807015,1.0,0
LTIM,5,0.9,919,102,114,2025-08-12,2026-04-22,0.4824561403508772,0.6345146379044684,0.6242038216560509,0.4803921568627451,0.8909090909090909,49,53,6,6,0.4649122807017544,0.49122807017543857,0.0,0.0,0.0,0.0,0.0,0.0,0.0,0.0,0.4803921568627451,0.5,0.0,0.8947368421052632,0.10526315789473684,1.0,0
LTIM,6,0.95,971,107,57,2025-12-12,2026-04-22,0.38596491228070173,0.34074074074074073,0.18604651162790697,0.12903225806451613,0.3333333333333333,4,27,18,8,0.3684210526315789,0.6140350877192983,0.0,0.0,0.0,0.0,0.0,0.0,0.0,0.0,0.12903225806451613,0.6923076923076923,0.0,0.543859649122807,0.45614035087719296,0.6193651494248616,0
TECHM,1,0.7,690,76,110,2024-04-04,2024-11-19,0.6727272727272727,0.6194365046957941,0.7777777777777778,0.7590361445783133,0.7974683544303798,63,20,11,16,0.6090909090909091,0.38181818181818183,0.0,0.0,0.0,0.0,0.0,0.0,0.0,0.0,0.7590361445783133,0.40740740740740744,0.0,0.7545454545454545,0.24545454545454545,0.17228433458317735,0
TECHM,2,0.75,739,82,109,2024-07-26,2025-04-09,0.5688073394495413,0.5743745774171738,0.656934306569343,0.5232558139534884,0.8823529411764706,45,41,17,6,0.5229357798165137,0.5321100917431193,0.0,0.0,0.0,0.0,0.0,0.0,0.0,0.0,0.5232558139534884,0.7391304347826086,0.0,0.7889908256880734,0.21100917431192662,1.0,0
TECHM,3,0.8,789,87,109,2024-11-22,2025-08-05,0.5321100917431193,0.6405919661733614,0.5853658536585366,0.45,0.8372093023255814,36,44,22,7,0.43119266055045874,0.5779816513761468,0.0,0.0,0.0,0.0,0.0,0.0,0.0,0.0,0.45,0.7586206896551724,0.0,0.7339449541284404,0.26605504587155965,0.34694122466906446,0
TECHM,4,0.85,837,93,110,2025-04-16,2025-12-11,0.5909090909090909,0.5005128205128205,0.7239263803680982,0.6020408163265306,0.9076923076923077,59,39,6,6,0.5636363636363636,0.5909090909090909,0.0,0.0,0.0,0.0,0.0,0.0,0.0,0.0,0.6020408163265306,0.5,0.0,0.8909090909090909,0.10909090909090909,0.5190961763078468,0
TECHM,5,0.9,887,98,110,2025-08-06,2026-04-24,0.5,0.48811141304347827,0.6540880503144654,0.5473684210526316,0.8125,52,43,3,12,0.509090909090909,0.5727272727272728,0.0,0.0,0.0,0.0,0.0,0.0,0.0,0.0,0.5473684210526316,0.19999999999999996,0.0,0.8636363636363636,0.13636363636363635,1.0,0
TECHM,6,0.95,936,104,55,2025-12-12,2026-04-24,0.36363636363636365,0.3703703703703704,0.36363636363636365,0.37037037037037035,0.35714285714285715,10,17,10,18,0.38181818181818183,0.45454545454545453,0.0,0.0,0.0,0.0,0.0,0.0,0.0,0.0,0.37037037037037035,0.3571428571428571,0.0,0.4909090909090909,0.509090909090909,1.6635494534093656,0
MPHASIS,1,0.7,729,81,116,2024-04-22,2024-12-17,0.5948275862068966,0.5698757763975156,0.6967741935483871,0.6352941176470588,0.7714285714285715,54,31,15,16,0.5689655172413793,0.5,0.0,0.0,0.0,0.0,0.0,0.0,0.0,0.0,0.6352941176470588,0.4838709677419355,0.0,0.7327586206896551,0.2672413793103448,0.2365776435659817,0
MPHASIS,2,0.75,782,86,116,2024-08-23,2025-04-04,0.4051724137931034,0.44565217391304346,0.48120300751879697,0.367816091954023,0.6956521739130435,32,55,15,14,0.3793103448275862,0.5,0.0,0.0,0.0,0.0,0.0,0.0,0.0,0.0,0.367816091954023,0.5172413793103448,0.0,0.75,0.25,0.5889658528440396,0
MPHASIS,3,0.8,834,92,116,2024-12-18,2025-08-12,0.4051724137931034,0.4125,0.4566929133858268,0.4084507042253521,0.5178571428571429,29,42,18,27,0.47413793103448276,0.46551724137931033,0.0,0.0,0.0,0.0,0.0,0.0,0.0,0.0,0.4084507042253521,0.4,0.0,0.6120689655172413,0.3879310344827586,0.4367733754996172,0
MPHASIS,4,0.85,886,98,116,2025-04-07,2025-12-19,0.4482758620689655,0.4614906832298136,0.5223880597014925,0.546875,0.5,35,29,17,35,0.5344827586206896,0.4051724137931034,0.0,0.0,0.0,0.0,0.0,0.0,0.0,0.0,0.546875,0.32692307692307687,0.0,0.5517241379310345,0.4482758620689655,1.0,0
MPHASIS,5,0.9,938,104,116,2025-08-13,2026-04-24,0.46551724137931033,0.44545454545454544,0.44642857142857145,0.4032258064516129,0.5,25,37,29,25,0.47413793103448276,0.5689655172413793,0.0,0.0,0.0,0.0,0.0,0.0,0.0,0.0,0.4032258064516129,0.537037037037037,0.0,0.5344827586206896,0.46551724137931033,1.0,0
MPHASIS,6,0.95,990,110,58,2025-12-22,2026-04-24,0.39655172413793105,0.3586800573888092,0.3137254901960784,0.23529411764705882,0.47058823529411764,8,26,15,9,0.41379310344827586,0.7068965517241379,0.0,0.0,0.0,0.0,0.0,0.0,0.0,0.0,0.23529411764705882,0.625,0.0,0.5862068965517241,0.41379310344827586,1.0,0
PERSISTENT,1,0.7,733,81,116,2024-05-15,2024-12-20,0.7241379310344828,0.5996204933586339,0.8350515463917526,0.7431192660550459,0.9529411764705882,81,28,3,4,0.6810344827586207,0.6293103448275862,0.0,0.0,0.0,0.0,0.0,0.0,0.0,0.0,0.7431192660550459,0.4285714285714286,0.0,0.9396551724137931,0.0603448275862069,0.5118756371487501,0
PERSISTENT,2,0.75,785,87,116,2024-09-09,2025-04-16,0.5603448275862069,0.5465708295896975,0.7017543859649122,0.5555555555555556,0.9523809523809523,60,48,5,3,0.5344827586206896,0.5775862068965517,0.0,0.0,0.0,0.0,0.0,0.0,0.0,0.0,0.5555555555555556,0.625,0.0,0.9310344827586207,0.06896551724137931,0.526622238379098,0
PERSISTENT,3,0.8,837,93,116,2024-12-24,2025-08-13,0.49137931034482757,0.4385964912280702,0.6242038216560509,0.49,0.8596491228070176,49,51,8,8,0.4396551724137931,0.43103448275862066,0.0,0.0,0.0,0.0,0.0,0.0,0.0,0.0,0.49,0.5,0.0,0.8620689655172413,0.13793103448275862,0.5554825351196205,0
PERSISTENT,4,0.85,890,98,116,2025-04-17,2025-12-22,0.5948275862068966,0.4632048423064671,0.7431693989071039,0.6181818181818182,0.9315068493150684,68,42,1,5,0.5517241379310345,0.5517241379310345,0.0,0.0,0.0,0.0,0.0,0.0,0.0,0.0,0.6181818181818182,0.16666666666666663,0.0,0.9482758620689655,0.05172413793103448,1.0,0
PERSISTENT,5,0.9,942,104,117,2025-08-14,2026-04-24,0.42735042735042733,0.44562022339800117,0.4806201550387597,0.4696969696969697,0.49206349206349204,31,35,19,32,0.5811965811965812,0.47863247863247865,0.0,0.0,0.0,0.0,0.0,0.0,0.0,0.0,0.4696969696969697,0.37254901960784315,0.0,0.5641025641025641,0.4358974358974359,1.0,0
PERSISTENT,6,0.95,994,110,59,2025-12-23,2026-04-24,0.3728813559322034,0.41666666666666663,0.4788732394366197,0.3541666666666667,0.7391304347826086,17,31,5,6,0.3728813559322034,0.5423728813559322,0.0,0.0,0.0,0.0,0.0,0.0,0.0,0.0,0.3541666666666667,0.4545454545454546,0.0,0.8135593220338984,0.1864406779661017,0.6386853968706505,0
COFORGE,1,0.7,760,84,121,2024-05-17,2025-01-07,0.6198347107438017,0.5562753036437247,0.75,0.7752808988764045,0.7263157894736842,69,20,6,26,0.768595041322314,0.4462809917355372,0.0,0.0,0.0,0.0,0.0,0.0,0.0,0.0,0.7752808988764045,0.1875,0.0,0.7355371900826446,0.2644628099173554,1.0,0
COFORGE,2,0.75,815,90,120,2024-09-10,2025-04-29,0.5416666666666666,0.5847800925925926,0.6745562130177515,0.5876288659793815,0.7916666666666666,57,40,8,15,0.575,0.575,0.0,0.0,0.0,0.0,0.0,0.0,0.0,0.0,0.5876288659793815,0.34782608695652173,0.0,0.8083333333333333,0.19166666666666668,0.4329853178688168,0
COFORGE,3,0.8,869,96,121,2025-01-08,2025-08-19,0.47107438016528924,0.5282346491228069,0.6049382716049383,0.5,0.765625,49,49,8,15,0.49586776859504134,0.5371900826446281,0.0,0.0,0.0,0.0,0.0,0.0,0.0,0.0,0.5,0.34782608695652173,0.0,0.8099173553719008,0.19008264462809918,0.3797902427329564,0
COFORGE,4,0.85,923,102,121,2025-04-30,2025-12-18,0.6033057851239669,0.45029239766081874,0.7272727272727273,0.64,0.8421052631578947,64,36,9,12,0.6033057851239669,0.5537190082644629,0.0,0.0,0.0,0.0,0.0,0.0,0.0,0.0,0.64,0.4285714285714286,0.0,0.8264462809917356,0.17355371900826447,0.6752823097055977,0
COFORGE,5,0.9,978,108,121,2025-08-20,2026-04-27,0.47107438016528924,0.4042145593869732,0.632183908045977,0.47413793103448276,0.9482758620689655,55,61,2,3,0.45454545454545453,0.4793388429752066,0.0,0.0,0.0,0.0,0.0,0.0,0.0,0.0,0.47413793103448276,0.4,0.0,0.9586776859504132,0.04132231404958678,1.0,0
COFORGE,6,0.95,1032,114,61,2025-12-19,2026-04-27,0.36065573770491804,0.2630952380952381,0.4657534246575342,0.3269230769230769,0.8095238095238095,17,35,5,4,0.4262295081967213,0.47540983606557374,0.0,0.0,0.0,0.0,0.0,0.0,0.0,0.0,0.3269230769230769,0.5555555555555556,0.0,0.8524590163934426,0.14754098360655737,0.4316333619589697,0
TATAELXSI,1,0.7,715,79,114,2024-05-10,2025-01-06,0.6140350877192983,0.5744949494949496,0.3125,0.625,0.20833333333333334,10,6,60,38,0.5087719298245614,0.5701754385964912,0.0,0.0,0.0,0.0,0.0,0.0,0.0,0.0,0.625,0.6122448979591837,0.0,0.14035087719298245,0.8596491228070176,0.41233831475763205,0
TATAELXSI,2,0.75,766,85,113,2024-09-24,2025-05-08,0.6637168141592921,0.6256849315068492,0.42424242424242425,0.5384615384615384,0.35,14,12,61,26,0.6017699115044248,0.6460176991150443,0.0,0.0,0.0,0.0,0.0,0.0,0.0,0.0,0.5384615384615384,0.7011494252873562,0.0,0.23008849557522124,0.7699115044247787,1.0,0
TATAELXSI,3,0.8,818,90,113,2025-01-07,2025-09-05,0.4690265486725664,0.5090264345583495,0.5238095238095238,0.4177215189873418,0.7021276595744681,33,46,20,14,0.4424778761061947,0.48672566371681414,0.0,0.0,0.0,0.0,0.0,0.0,0.0,0.0,0.4177215189873418,0.5882352941176471,0.0,0.6991150442477876,0.3008849557522124,0.5191840918319071,0
TATAELXSI,4,0.85,868,96,114,2025-05-09,2025-12-24,0.4298245614035088,0.4159842777595807,0.36893203883495146,0.31666666666666665,0.4418604651162791,19,41,30,24,0.43859649122807015,0.5526315789473685,0.0,0.0,0.0,0.0,0.0,0.0,0.0,0.0,0.31666666666666665,0.5555555555555556,0.0,0.5263157894736842,0.47368421052631576,0.15890829221037592,0
TATAELXSI,5,0.9,919,102,114,2025-09-08,2026-04-24,0.5614035087719298,0.4636426592797783,0.2647058823529412,0.3,0.23684210526315788,9,21,55,29,0.3684210526315789,0.6666666666666666,0.0,0.0,0.0,0.0,0.0,0.0,0.0,0.0,0.3,0.6547619047619048,0.0,0.2631578947368421,0.7368421052631579,0.16626585273031166,0
TATAELXSI,6,0.95,971,107,57,2025-12-30,2026-04-24,0.7017543859649122,0.3823529411764707,0.0,0.0,0.0,0,0,40,17,0.2982456140350877,0.7017543859649122,0.0,0.0,0.0,0.0,0.0,0.0,0.0,0.0,0.0,0.7017543859649122,0.0,0.0,1.0,0.1445383127239711,0
OFSS,1,0.7,698,77,111,2024-06-10,2025-01-08,0.6486486486486487,0.6742021276595744,0.6929133858267716,0.6984126984126984,0.6875,44,19,28,20,0.5855855855855856,0.6666666666666666,0.0,0.0,0.0,0.0,0.0,0.0,0.0,0.0,0.6984126984126984,0.5833333333333333,0.0,0.5675675675675675,0.43243243243243246,0.5988762531642581,0
OFSS,2,0.75,748,83,110,2024-09-27,2025-04-23,0.5272727272727272,0.4892307692307692,0.5,0.4406779661016949,0.5777777777777777,26,33,32,19,0.4818181818181818,0.4090909090909091,0.0,0.0,0.0,0.0,0.0,0.0,0.0,0.0,0.4406779661016949,0.6274509803921569,0.0,0.5363636363636364,0.4636363636363636,0.12350434655316846,0
OFSS,3,0.8,798,88,111,2025-01-09,2025-08-20,0.3783783783783784,0.5418882978723404,0.543046357615894,0.3942307692307692,0.8723404255319149,41,63,1,6,0.44144144144144143,0.43243243243243246,0.0,0.0,0.0,0.0,0.0,0.0,0.0,0.0,0.3942307692307692,0.1428571428571429,0.0,0.9369369369369369,0.06306306306306306,0.20383986622994868,0
OFSS,4,0.85,847,94,111,2025-04-24,2025-12-23,0.43243243243243246,0.45923344947735184,0.5263157894736842,0.3804347826086957,0.8536585365853658,35,57,13,6,0.5495495495495496,0.36936936936936937,0.0,0.0,0.0,0.0,0.0,0.0,0.0,0.0,0.3804347826086957,0.6842105263157895,0.0,0.8288288288288288,0.17117117117117117,1.0,0
OFSS,5,0.9,898,99,111,2025-08-21,2026-04-27,0.3783783783783784,0.393296853625171,0.46511627906976744,0.3488372093023256,0.6976744186046512,30,56,12,13,0.5315315315315315,0.3783783783783784,0.0,0.0,0.0,0.0,0.0,0.0,0.0,0.0,0.3488372093023256,0.48,0.0,0.7747747747747747,0.22522522522522523,0.49601303603837077,0
OFSS,6,0.95,947,105,56,2025-12-24,2026-04-27,0.5357142857142857,0.582051282051282,0.5806451612903226,0.5625,0.6,18,14,12,12,0.5178571428571429,0.5357142857142857,0.0,0.0,0.0,0.0,0.0,0.0,0.0,0.0,0.5625,0.5,0.0,0.5714285714285714,0.42857142857142855,1.0,0
NAUKRI,1,0.7,843,93,134,2023-12-27,2024-10-09,0.6194029850746269,0.4922872340425532,0.751219512195122,0.6936936936936937,0.8191489361702128,77,34,6,17,0.6492537313432836,0.5373134328358209,0.0,0.0,0.0,0.0,0.0,0.0,0.0,0.0,0.6936936936936937,0.26086956521739135,0.0,0.8283582089552238,0.17164179104477612,1.0,0
NAUKRI,2,0.75,903,100,134,2024-05-22,2025-02-17,0.5970149253731343,0.5780956848030019,0.6625,0.6794871794871795,0.6463414634146342,53,25,27,29,0.582089552238806,0.43283582089552236,0.0,0.0,0.0,0.0,0.0,0.0,0.0,0.0,0.6794871794871795,0.4821428571428571,0.0,0.582089552238806,0.417910447761194,0.4919708620009852,0
NAUKRI,3,0.8,963,107,134,2024-10-10,2025-07-08,0.4701492537313433,0.4950450450450451,0.5103448275862069,0.43529411764705883,0.6166666666666667,37,48,26,23,0.5298507462686567,0.5522388059701493,0.0,0.0,0.0,0.0,0.0,0.0,0.0,0.0,0.43529411764705883,0.5306122448979591,0.0,0.6343283582089553,0.3656716417910448,0.2156302480336144,0
NAUKRI,4,0.85,1024,113,134,2025-02-19,2025-11-24,0.4552238805970149,0.5211299435028249,0.5828571428571429,0.4396551724137931,0.864406779661017,51,65,10,8,0.4925373134328358,0.44029850746268656,0.0,0.0,0.0,0.0,0.0,0.0,0.0,0.0,0.4396551724137931,0.5555555555555556,0.0,0.8656716417910447,0.13432835820895522,0.3783137053457603,0
NAUKRI,5,0.9,1084,120,134,2025-07-09,2026-04-23,0.373134328358209,0.5682457786116324,0.5172413793103449,0.36885245901639346,0.8653846153846154,45,77,5,7,0.373134328358209,0.3656716417910448,0.0,0.0,0.0,0.0,0.0,0.0,0.0,0.0,0.36885245901639346,0.41666666666666663,0.0,0.9104477611940298,0.08955223880597014,0.344194164988486,0
NAUKRI,6,0.95,1144,127,67,2025-11-25,2026-04-23,0.40298507462686567,0.5353535353535354,0.42857142857142855,0.3125,0.6818181818181818,15,33,12,7,0.34328358208955223,0.34328358208955223,0.0,0.0,0.0,0.0,0.0,0.0,0.0,0.0,0.3125,0.631578947368421,0.0,0.7164179104477612,0.2835820895522388,1.0,0
MARUTI,1,0.7,661,73,105,2024-03-21,2024-11-12,0.6285714285714286,0.6804842259721202,0.5714285714285714,0.5909090909090909,0.5531914893617021,26,18,40,21,0.6,0.6095238095238096,0.0,0.0,0.0,0.0,0.0,0.0,0.0,0.0,0.5909090909090909,0.6557377049180328,0.0,0.41904761904761906,0.580952380952381,0.40209535669946905,0
MARUTI,2,0.75,708,78,105,2024-07-26,2025-03-28,0.5238095238095238,0.6005251312828207,0.4897959183673469,0.43636363636363634,0.5581395348837209,24,31,31,19,0.5523809523809524,0.45714285714285713,0.0,0.0,0.0,0.0,0.0,0.0,0.0,0.0,0.43636363636363634,0.62,0.0,0.5238095238095238,0.47619047619047616,0.5810220346922421,0
MARUTI,3,0.8,756,83,105,2024-11-25,2025-08-14,0.6666666666666666,0.6407407407407407,0.75177304964539,0.654320987654321,0.8833333333333333,53,28,17,7,0.5904761904761905,0.6761904761904762,0.0,0.0,0.0,0.0,0.0,0.0,0.0,0.0,0.654320987654321,0.7083333333333333,0.0,0.7714285714285715,0.22857142857142856,0.7643763420190123,0
MARUTI,4,0.85,802,89,105,2025-04-02,2025-12-30,0.45714285714285713,0.38802336903602724,0.5777777777777777,0.6964285714285714,0.4936708860759494,39,17,9,40,0.47619047619047616,0.47619047619047616,0.0,0.0,0.0,0.0,0.0,0.0,0.0,0.0,0.6964285714285714,0.18367346938775508,0.0,0.5333333333333333,0.4666666666666667,1.0,0
MARUTI,5,0.9,850,94,105,2025-08-19,2026-04-27,0.4,0.4038319823139278,0.35051546391752575,0.4473684210526316,0.288135593220339,17,21,25,42,0.38095238095238093,0.3619047619047619,0.0,0.0,0.0,0.0,0.0,0.0,0.0,0.0,0.4473684210526316,0.3731343283582089,0.0,0.3619047619047619,0.638095238095238,0.6562199165560622,0
MARUTI,6,0.95,897,99,53,2026-01-05,2026-04-27,0.37735849056603776,0.4934640522875817,0.35294117647058826,0.2647058823529412,0.5294117647058824,9,25,11,8,0.5849056603773585,0.6792452830188679,0.0,0.0,0.0,0.0,0.0,0.0,0.0,0.0,0.2647058823529412,0.5789473684210527,0.0,0.6415094339622641,0.3584905660377358,1.0,0
BAJAJ-AUTO,1,0.7,660,73,105,2024-05-14,2025-01-03,0.5142857142857142,0.5567272727272726,0.6709677419354839,0.52,0.9454545454545454,52,48,2,3,0.4857142857142857,0.5047619047619047,0.0,0.0,0.0,0.0,0.0,0.0,0.0,0.0,0.52,0.4,0.0,0.9523809523809523,0.047619047619047616,0.33840774637325277,0
BAJAJ-AUTO,2,0.75,708,78,104,2024-09-09,2025-04-24,0.3173076923076923,0.5,0.48175182481751827,0.32038834951456313,0.9705882352941176,33,70,0,1,0.375,0.3173076923076923,0.0,0.0,0.0,0.0,0.0,0.0,0.0,0.0,0.32038834951456313,0.0,0.0,0.9903846153846154,0.009615384615384616,0.3902447791837854,0
BAJAJ-AUTO,3,0.8,755,83,105,2025-01-06,2025-08-13,0.5333333333333333,0.4723636363636363,0.6878980891719745,0.5294117647058824,0.9818181818181818,54,48,2,1,0.45714285714285713,0.5238095238095238,0.0,0.0,0.0,0.0,0.0,0.0,0.0,0.0,0.5294117647058824,0.6666666666666667,0.0,0.9714285714285714,0.02857142857142857,0.10000660285425449,0
BAJAJ-AUTO,4,0.85,801,89,105,2025-04-25,2025-12-23,0.6,0.504954268292683,0.7375,0.6145833333333334,0.921875,59,37,4,5,0.5142857142857142,0.6095238095238096,0.0,0.0,0.0,0.0,0.0,0.0,0.0,0.0,0.6145833333333334,0.4444444444444444,0.0,0.9142857142857143,0.08571428571428572,1.0,0
BAJAJ-AUTO,5,0.9,849,94,105,2025-08-14,2026-04-24,0.5142857142857142,0.4780701754385964,0.6530612244897959,0.5333333333333333,0.8421052631578947,48,42,6,9,0.47619047619047616,0.5428571428571428,0.0,0.0,0.0,0.0,0.0,0.0,0.0,0.0,0.5333333333333333,0.4,0.0,0.8571428571428571,0.14285714285714285,1.9884942506192362,0
BAJAJ-AUTO,6,0.95,896,99,53,2025-12-24,2026-04-24,0.5660377358490566,0.48857142857142855,0.7012987012987013,0.5510204081632653,0.9642857142857143,27,22,3,1,0.4339622641509434,0.4716981132075472,0.0,0.0,0.0,0.0,0.0,0.0,0.0,0.0,0.5510204081632653,0.75,0.0,0.9245283018867925,0.07547169811320754,0.29167003683348813,0
HEROMOTOCO,1,0.7,703,78,112,2024-05-31,2025-01-20,0.4017857142857143,0.5181981981981982,0.5109489051094891,0.35,0.9459459459459459,35,65,10,2,0.5267857142857143,0.33035714285714285,0.0,0.0,0.0,0.0,0.0,0.0,0.0,0.0,0.35,0.8333333333333334,0.0,0.8928571428571429,0.10714285714285714,0.11739457057613323,0
HEROMOTOCO,2,0.75,754,83,112,2024-09-26,2025-05-14,0.42857142857142855,0.5688530878404296,0.47540983606557374,0.3258426966292135,0.8787878787878788,29,60,19,4,0.5089285714285714,0.39285714285714285,0.0,0.0,0.0,0.0,0.0,0.0,0.0,0.0,0.3258426966292135,0.8260869565217391,0.0,0.7946428571428571,0.20535714285714285,0.520474975302583,0
HEROMOTOCO,3,0.8,804,89,112,2025-01-23,2025-09-08,0.5625,0.6448445171849428,0.6797385620915033,0.5909090909090909,0.8,52,36,11,13,0.5535714285714286,0.5803571428571429,0.0,0.0,0.0,0.0,0.0,0.0,0.0,0.0,0.5909090909090909,0.45833333333333337,0.0,0.7857142857142857,0.21428571428571427,1.0,0
HEROMOTOCO,4,0.85,855,94,112,2025-05-15,2025-12-24,0.5714285714285714,0.5422885572139304,0.6307692307692307,0.6507936507936508,0.6119402985074627,41,22,23,26,0.5803571428571429,0.6071428571428571,0.0,0.0,0.0,0.0,0.0,0.0,0.0,0.0,0.6507936507936508,0.4693877551020408,0.0,0.5625,0.4375,0.804902973867137,0
HEROMOTOCO,5,0.9,905,100,112,2025-09-09,2026-04-24,0.44642857142857145,0.43619414979106397,0.43636363636363634,0.4067796610169492,0.47058823529411764,24,35,26,27,0.5,0.42857142857142855,0.0,0.0,0.0,0.0,0.0,0.0,0.0,0.0,0.4067796610169492,0.49056603773584906,0.0,0.5267857142857143,0.4732142857142857,0.7317580333701933,0
HEROMOTOCO,6,0.95,955,106,56,2025-12-29,2026-04-24,0.6428571428571429,0.5152777777777777,0.4117647058823529,0.5,0.35,7,7,29,13,0.5535714285714286,0.5714285714285714,0.0,0.0,0.0,0.0,0.0,0.0,0.0,0.0,0.5,0.6904761904761905,0.0,0.25,0.75,0.6240302944579706,0
M&M,1,0.7,722,80,115,2024-04-30,2024-12-12,0.5565217391304348,0.4834682860998651,0.6946107784431138,0.6373626373626373,0.7631578947368421,58,33,6,18,0.41739130434782606,0.6608695652173913,0.0,0.0,0.0,0.0,0.0,0.0,0.0,0.0,0.6373626373626373,0.25,0.0,0.7913043478260869,0.20869565217391303,0.17931824812190753,0
M&M,2,0.75,774,86,114,2024-08-29,2025-03-20,0.5,0.47214527546937524,0.5957446808510638,0.5,0.7368421052631579,42,42,15,15,0.4473684210526316,0.4649122807017544,0.0,0.0,0.0,0.0,0.0,0.0,0.0,0.0,0.5,0.5,0.0,0.7368421052631579,0.2631578947368421,0.21472002880865612,0
M&M,3,0.8,826,91,115,2024-12-13,2025-07-25,0.5130434782608696,0.5248484848484849,0.654320987654321,0.4953271028037383,0.9636363636363636,53,54,6,2,0.48695652173913045,0.5565217391304348,0.0,0.0,0.0,0.0,0.0,0.0,0.0,0.0,0.4953271028037383,0.75,0.0,0.9304347826086956,0.06956521739130435,0.5813578190032277,0
M&M,4,0.85,877,97,115,2025-03-21,2025-12-18,0.5652173913043478,0.46936274509803927,0.7191011235955056,0.5614035087719298,1.0,64,50,1,0,0.48695652173913045,0.5565217391304348,0.0,0.0,0.0,0.0,0.0,0.0,0.0,0.0,0.5614035087719298,1.0,0.0,0.991304347826087,0.008695652173913044,1.0,0
M&M,5,0.9,929,103,115,2025-08-06,2026-04-24,0.40869565217391307,0.4187878787878788,0.5,0.41975308641975306,0.6181818181818182,34,47,13,21,0.4434782608695652,0.4782608695652174,0.0,0.0,0.0,0.0,0.0,0.0,0.0,0.0,0.41975308641975306,0.38235294117647056,0.0,0.7043478260869566,0.2956521739130435,1.0,0
M&M,6,0.95,981,108,58,2025-12-22,2026-04-24,0.46551724137931033,0.4993788819875776,0.5633802816901409,0.4166666666666667,0.8695652173913043,20,28,7,3,0.43103448275862066,0.5344827586206896,0.0,0.0,0.0,0.0,0.0,0.0,0.0,0.0,0.4166666666666667,0.7,0.0,0.8275862068965517,0.1724137931034483,0.3030484311751131,0
EICHERMOT,1,0.7,700,77,111,2024-03-07,2024-11-14,0.5225225225225225,0.5970206264323911,0.576,0.75,0.4675324675324675,36,12,22,41,0.5045045045045045,0.6216216216216216,0.0,0.0,0.0,0.0,0.0,0.0,0.0,0.0,0.75,0.3492063492063492,0.0,0.43243243243243246,0.5675675675675675,0.12814278136556473,0
EICHERMOT,2,0.75,750,83,111,2024-07-19,2025-03-11,0.5315315315315315,0.5492724867724869,0.5357142857142857,0.6122448979591837,0.47619047619047616,30,19,29,33,0.4864864864864865,0.5945945945945946,0.0,0.0,0.0,0.0,0.0,0.0,0.0,0.0,0.6122448979591837,0.467741935483871,0.0,0.44144144144144143,0.5585585585585585,0.18983020162507577,0
EICHERMOT,3,0.8,800,88,111,2024-11-22,2025-07-29,0.5495495495495496,0.5532467532467532,0.5614035087719298,0.5423728813559322,0.5818181818181818,32,27,29,23,0.4144144144144144,0.5225225225225225,0.0,0.0,0.0,0.0,0.0,0.0,0.0,0.0,0.5423728813559322,0.5576923076923077,0.0,0.5315315315315315,0.46846846846846846,0.2870795074894253,0
EICHERMOT,4,0.85,850,94,111,2025-03-12,2025-12-10,0.6126126126126126,0.6107023411371237,0.6993006993006993,0.6410256410256411,0.7692307692307693,50,28,18,15,0.5045045045045045,0.6036036036036037,0.0,0.0,0.0,0.0,0.0,0.0,0.0,0.0,0.6410256410256411,0.5454545454545454,0.0,0.7027027027027027,0.2972972972972973,0.6708153879702602,0
EICHERMOT,5,0.9,900,99,112,2025-07-30,2026-04-27,0.5089285714285714,0.5322422258592472,0.5864661654135338,0.5735294117647058,0.6,39,29,18,26,0.5714285714285714,0.5803571428571429,0.0,0.0,0.0,0.0,0.0,0.0,0.0,0.0,0.5735294117647058,0.40909090909090906,0.0,0.6071428571428571,0.39285714285714285,2.1095965023787238,0
EICHERMOT,6,0.95,950,105,56,2025-12-11,2026-04-27,0.4107142857142857,0.3166666666666667,0.5352112676056338,0.4222222222222222,0.7307692307692307,19,26,4,7,0.4642857142857143,0.4107142857142857,0.0,0.0,0.0,0.0,0.0,0.0,0.0,0.0,0.4222222222222222,0.36363636363636365,0.0,0.8035714285714286,0.19642857142857142,0.5678178238958579,0
TVSMOTOR,1,0.7,710,78,113,2024-03-28,2024-11-26,0.5929203539823009,0.3824110671936759,0.7444444444444445,0.6036036036036037,0.9710144927536232,67,44,0,2,0.5132743362831859,0.6106194690265486,0.0,0.0,0.0,0.0,0.0,0.0,0.0,0.0,0.6036036036036037,0.0,0.0,0.9823008849557522,0.017699115044247787,0.2846490717038048,0
TVSMOTOR,2,0.75,761,84,112,2024-08-06,2025-03-13,0.45535714285714285,0.492948717948718,0.6257668711656442,0.4594594594594595,0.9807692307692307,51,60,0,1,0.48214285714285715,0.4642857142857143,0.0,0.0,0.0,0.0,0.0,0.0,0.0,0.0,0.4594594594594595,0.0,0.0,0.9910714285714286,0.008928571428571428,0.38976933304192074,0
TVSMOTOR,3,0.8,811,90,113,2024-11-27,2025-07-18,0.504424778761062,0.7255639097744362,0.6666666666666666,0.5,1.0,56,56,1,0,0.5575221238938053,0.504424778761062,0.0,0.0,0.0,0.0,0.0,0.0,0.0,0.0,0.5,1.0,0.0,0.9911504424778761,0.008849557522123894,0.9271272189582923,0
TVSMOTOR,4,0.85,862,95,113,2025-03-18,2025-12-01,0.6548672566371682,0.5263340263340264,0.7914438502673797,0.6548672566371682,1.0,74,39,0,0,0.6283185840707964,0.6548672566371682,0.0,0.0,0.0,0.0,0.0,0.0,0.0,0.0,0.6548672566371682,0.0,0.0,1.0,0.0,1.0,0
TVSMOTOR,5,0.9,913,101,113,2025-07-21,2026-04-27,0.5398230088495575,0.4208333333333334,0.6867469879518072,0.5643564356435643,0.8769230769230769,57,44,4,8,0.5752212389380531,0.5752212389380531,0.0,0.0,0.0,0.0,0.0,0.0,0.0,0.0,0.5643564356435643,0.33333333333333337,0.0,0.8938053097345132,0.10619469026548672,0.5217314175827775,0
TVSMOTOR,6,0.95,963,107,57,2025-12-02,2026-04-27,0.40350877192982454,0.4652605459057072,0.5405405405405406,0.4166666666666667,0.7692307692307693,20,28,3,6,0.47368421052631576,0.45614035087719296,0.0,0.0,0.0,0.0,0.0,0.0,0.0,0.0,0.4166666666666667,0.33333333333333337,0.0,0.8421052631578947,0.15789473684210525,1.0,0
BOSCHLTD,1,0.7,797,88,127,2024-01-18,2024-10-14,0.7244094488188977,0.6304347826086957,0.8401826484018264,0.7244094488188977,1.0,92,35,0,0,0.4645669291338583,0.7244094488188977,0.0,0.0,0.0,0.0,0.0,0.0,0.0,0.0,0.7244094488188977,0.0,0.0,1.0,0.0,0.12386922079944883,0
BOSCHLTD,2,0.75,854,94,127,2024-06-12,2025-02-20,0.41732283464566927,0.5594084650688423,0.5842696629213483,0.416,0.9811320754716981,52,73,1,1,0.41732283464566927,0.41732283464566927,0.0,0.0,0.0,0.0,0.0,0.0,0.0,0.0,0.416,0.5,0.0,0.984251968503937,0.015748031496062992,0.10000660285425449,0
BOSCHLTD,3,0.8,911,101,126,2024-10-15,2025-07-03,0.46825396825396826,0.3918542878826208,0.6378378378378379,0.46825396825396826,1.0,59,67,0,0,0.5079365079365079,0.46825396825396826,0.0,0.0,0.0,0.0,0.0,0.0,0.0,0.0,0.46825396825396826,0.0,0.0,1.0,0.0,0.28253142296307737,0
BOSCHLTD,4,0.85,968,107,126,2025-02-21,2025-11-18,0.6031746031746031,0.5121052631578947,0.75,0.6048387096774194,0.9868421052631579,75,49,1,1,0.5476190476190477,0.6031746031746031,0.0,0.0,0.0,0.0,0.0,0.0,0.0,0.0,0.6048387096774194,0.5,0.0,0.9841269841269841,0.015873015873015872,1.0,0
BOSCHLTD,5,0.9,1025,113,127,2025-07-04,2026-04-24,0.4881889763779528,0.5732467532467532,0.5695364238410596,0.42574257425742573,0.86,43,58,19,7,0.5118110236220472,0.3937007874015748,0.0,0.0,0.0,0.0,0.0,0.0,0.0,0.0,0.42574257425742573,0.7307692307692308,0.0,0.7952755905511811,0.2047244094488189,0.49786660376180103,0
BOSCHLTD,6,0.95,1081,120,64,2025-11-19,2026-04-24,0.5,0.6157253599114064,0.4666666666666667,0.358974358974359,0.6666666666666666,14,25,18,7,0.65625,0.484375,0.0,0.0,0.0,0.0,0.0,0.0,0.0,0.0,0.358974358974359,0.72,0.0,0.609375,0.390625,0.6207740431543115,0
MOTHERSON,1,0.7,781,86,124,2024-04-26,2024-12-10,0.4274193548387097,0.38570306362922235,0.4740740740740741,0.47058823529411764,0.47761194029850745,32,36,21,35,0.4274193548387097,0.4112903225806452,0.0,0.0,0.0,0.0,0.0,0.0,0.0,0.0,0.47058823529411764,0.375,0.0,0.5483870967741935,0.45161290322580644,0.8203257027753023,0
MOTHERSON,2,0.75,837,92,124,2024-08-19,2025-04-07,0.3709677419354839,0.46196283391405346,0.5063291139240507,0.3448275862068966,0.9523809523809523,40,76,6,2,0.3790322580645161,0.3387096774193548,0.0,0.0,0.0,0.0,0.0,0.0,0.0,0.0,0.3448275862068966,0.75,0.0,0.9354838709677419,0.06451612903225806,0.3355216218992272,0
MOTHERSON,3,0.8,892,99,124,2024-12-11,2025-08-14,0.4596774193548387,0.45402298850574707,0.6256983240223464,0.4628099173553719,0.9655172413793104,56,65,1,2,0.5,0.46774193548387094,0.0,0.0,0.0,0.0,0.0,0.0,0.0,0.0,0.4628099173553719,0.33333333333333337,0.0,0.9758064516129032,0.024193548387096774,1.0,0
MOTHERSON,4,0.85,948,105,124,2025-04-08,2025-12-11,0.6451612903225806,0.4927556818181818,0.7843137254901961,0.6451612903225806,1.0,80,44,0,0,0.49193548387096775,0.6451612903225806,0.0,0.0,0.0,0.0,0.0,0.0,0.0,0.0,0.6451612903225806,0.0,0.0,1.0,0.0,1.0,0
MOTHERSON,5,0.9,1004,111,124,2025-08-19,2026-04-24,0.532258064516129,0.4663009404388715,0.6419753086419753,0.5416666666666666,0.7878787878787878,52,44,14,14,0.41935483870967744,0.5080645161290323,0.0,0.0,0.0,0.0,0.0,0.0,0.0,0.0,0.5416666666666666,0.5,0.0,0.7741935483870968,0.22580645161290322,0.511526863845169,0
MOTHERSON,6,0.95,1060,117,62,2025-12-18,2026-04-24,0.5,0.5102702702702704,0.4745762711864407,0.4117647058823529,0.56,14,20,17,11,0.5806451612903226,0.5483870967741935,0.0,0.0,0.0,0.0,0.0,0.0,0.0,0.0,0.4117647058823529,0.6071428571428572,0.0,0.5483870967741935,0.45161290322580644,0.5088611381282404,0
EXIDEIND,1,0.7,720,79,114,2024-05-06,2024-12-06,0.5614035087719298,0.5728813559322034,0.6666666666666666,0.5263157894736842,0.9090909090909091,50,45,14,5,0.5,0.5,0.0,0.0,0.0,0.0,0.0,0.0,0.0,0.0,0.5263157894736842,0.736842105263158,0.0,0.8333333333333334,0.16666666666666666,0.2905065363086516,0
EXIDEIND,2,0.75,771,85,114,2024-08-30,2025-03-27,0.49122807017543857,0.584998362266623,0.532258064516129,0.4074074074074074,0.7674418604651163,33,48,23,10,0.543859649122807,0.4473684210526316,0.0,0.0,0.0,0.0,0.0,0.0,0.0,0.0,0.4074074074074074,0.696969696969697,0.0,0.7105263157894737,0.2894736842105263,0.2646055773428263,0
EXIDEIND,3,0.8,822,91,114,2024-12-09,2025-08-05,0.5614035087719298,0.6478125,0.6575342465753424,0.5,0.96,48,48,16,2,0.6578947368421053,0.43859649122807015,0.0,0.0,0.0,0.0,0.0,0.0,0.0,0.0,0.5,0.8888888888888888,0.0,0.8421052631578947,0.15789473684210525,1.0,0
EXIDEIND,4,0.85,873,97,114,2025-03-28,2025-12-11,0.6052631578947368,0.7250231982678627,0.6808510638297872,0.5454545454545454,0.9056603773584906,48,40,21,5,0.5789473684210527,0.5350877192982456,0.0,0.0,0.0,0.0,0.0,0.0,0.0,0.0,0.5454545454545454,0.8076923076923077,0.0,0.7719298245614035,0.22807017543859648,0.6101262287299246,0
EXIDEIND,5,0.9,925,102,115,2025-08-06,2026-04-27,0.6260869565217392,0.6677096370463079,0.5376344086021505,0.5434782608695652,0.5319148936170213,25,21,47,22,0.6347826086956522,0.5739130434782609,0.0,0.0,0.0,0.0,0.0,0.0,0.0,0.0,0.5434782608695652,0.6811594202898551,0.0,0.4,0.6,0.5722463403604359,0
EXIDEIND,6,0.95,976,108,58,2025-12-12,2026-04-27,0.5689655172413793,0.6448484848484848,0.4897959183673469,0.5,0.48,12,12,21,13,0.6551724137931034,0.5172413793103449,0.0,0.0,0.0,0.0,0.0,0.0,0.0,0.0,0.5,0.6176470588235294,0.0,0.41379310344827586,0.5862068965517241,0.5003893657641989,0
SUNPHARMA,1,0.7,639,71,102,2024-04-05,2025-01-06,0.6764705882352942,0.5773026315789473,0.762589928057554,0.7066666666666667,0.828125,53,22,16,11,0.6568627450980392,0.6274509803921569,0.0,0.0,0.0,0.0,0.0,0.0,0.0,0.0,0.7066666666666667,0.5925925925925926,0.0,0.7352941176470589,0.2647058823529412,0.37282067114624196,0
SUNPHARMA,2,0.75,685,76,101,2024-08-19,2025-04-16,0.5346534653465347,0.5302197802197802,0.6845637583892618,0.5257731958762887,0.9807692307692307,51,46,3,1,0.5544554455445545,0.5148514851485149,0.0,0.0,0.0,0.0,0.0,0.0,0.0,0.0,0.5257731958762887,0.75,0.0,0.9603960396039604,0.039603960396039604,0.407386803925327,0
SUNPHARMA,3,0.8,731,81,101,2025-01-07,2025-08-21,0.5148514851485149,0.5333333333333332,0.6423357664233577,0.4782608695652174,0.9777777777777777,44,48,8,1,0.48514851485148514,0.44554455445544555,0.0,0.0,0.0,0.0,0.0,0.0,0.0,0.0,0.4782608695652174,0.8888888888888888,0.0,0.9108910891089109,0.0891089108910891,0.30665870999006706,0
SUNPHARMA,4,0.85,776,86,102,2025-04-17,2025-12-22,0.5392156862745098,0.478916827852998,0.7006369426751592,0.5392156862745098,1.0,55,47,0,0,0.5686274509803921,0.5392156862745098,0.0,0.0,0.0,0.0,0.0,0.0,0.0,0.0,0.5392156862745098,0.0,0.0,1.0,0.0,1.0,0
SUNPHARMA,5,0.9,822,91,102,2025-08-22,2026-04-24,0.5196078431372549,0.32608695652173914,0.6797385620915033,0.5360824742268041,0.9285714285714286,52,45,1,4,0.5294117647058824,0.5490196078431373,0.0,0.0,0.0,0.0,0.0,0.0,0.0,0.0,0.5360824742268041,0.19999999999999996,0.0,0.9509803921568627,0.049019607843137254,1.0,0
SUNPHARMA,6,0.95,868,96,51,2025-12-23,2026-04-24,0.45098039215686275,0.3338509316770186,0.6111111111111112,0.4489795918367347,0.9565217391304348,22,27,1,1,0.3333333333333333,0.45098039215686275,0.0,0.0,0.0,0.0,0.0,0.0,0.0,0.0,0.4489795918367347,0.5,0.0,0.9607843137254902,0.0392156862745098,1.0,0
DRREDDY,1,0.7,665,73,106,2024-05-07,2024-12-18,0.5,0.4778985507246377,0.6187050359712231,0.5443037974683544,0.7166666666666667,43,36,10,17,0.46226415094339623,0.5377358490566038,0.0,0.0,0.0,0.0,0.0,0.0,0.0,0.0,0.5443037974683544,0.37037037037037035,0.0,0.7452830188679245,0.25471698113207547,0.4974932060596225,0
DRREDDY,2,0.75,712,79,105,2024-08-29,2025-03-27,0.44761904761904764,0.6069538926681783,0.5671641791044776,0.41304347826086957,0.9047619047619048,38,54,9,4,0.4095238095238095,0.49523809523809526,0.0,0.0,0.0,0.0,0.0,0.0,0.0,0.0,0.41304347826086957,0.6923076923076923,0.0,0.8761904761904762,0.12380952380952381,0.4939924203355479,0
DRREDDY,3,0.8,760,84,105,2024-12-19,2025-07-25,0.5142857142857142,0.46829446064139946,0.5785123966942148,0.4861111111111111,0.7142857142857143,35,37,19,14,0.5047619047619047,0.5047619047619047,0.0,0.0,0.0,0.0,0.0,0.0,0.0,0.0,0.4861111111111111,0.5757575757575757,0.0,0.6857142857142857,0.3142857142857143,0.3600851597264845,0
DRREDDY,4,0.85,807,89,106,2025-03-28,2025-11-26,0.5849056603773585,0.5275797373358349,0.7066666666666667,0.6235294117647059,0.8153846153846154,53,32,9,12,0.5377358490566038,0.6132075471698113,0.0,0.0,0.0,0.0,0.0,0.0,0.0,0.0,0.6235294117647059,0.4285714285714286,0.0,0.8018867924528302,0.19811320754716982,1.0,0
DRREDDY,5,0.9,855,94,106,2025-07-28,2026-04-27,0.5283018867924528,0.4873188405797102,0.6621621621621622,0.5568181818181818,0.8166666666666667,49,39,7,11,0.5094339622641509,0.5660377358490566,0.0,0.0,0.0,0.0,0.0,0.0,0.0,0.0,0.5568181818181818,0.38888888888888884,0.0,0.8301886792452831,0.16981132075471697,1.0,0
DRREDDY,6,0.95,902,100,53,2025-11-27,2026-04-27,0.4528301886792453,0.3333333333333333,0.5671641791044776,0.475,0.7037037037037037,19,21,5,8,0.4339622641509434,0.49056603773584906,0.0,0.0,0.0,0.0,0.0,0.0,0.0,0.0,0.475,0.3846153846153846,0.0,0.7547169811320755,0.24528301886792453,1.0,0
CIPLA,1,0.7,659,73,105,2024-04-22,2024-11-12,0.5428571428571428,0.47629629629629633,0.625,0.5882352941176471,0.6666666666666666,40,28,17,20,0.44761904761904764,0.5714285714285714,0.0,0.0,0.0,0.0,0.0,0.0,0.0,0.0,0.5882352941176471,0.45945945945945943,0.0,0.6476190476190476,0.3523809523809524,0.10000660285425449,0
CIPLA,2,0.75,707,78,104,2024-08-12,2025-03-11,0.49038461538461536,0.5290418054014058,0.6074074074074074,0.4880952380952381,0.803921568627451,41,43,10,10,0.4807692307692308,0.4807692307692308,0.0,0.0,0.0,0.0,0.0,0.0,0.0,0.0,0.4880952380952381,0.5,0.0,0.8076923076923077,0.19230769230769232,0.42251313538620033,0
CIPLA,3,0.8,754,83,105,2024-11-13,2025-07-24,0.5142857142857142,0.4705454545454545,0.6530612244897959,0.5217391304347826,0.8727272727272727,48,44,6,7,0.5428571428571428,0.5238095238095238,0.0,0.0,0.0,0.0,0.0,0.0,0.0,0.0,0.5217391304347826,0.46153846153846156,0.0,0.8761904761904762,0.12380952380952381,0.6132964987270662,0
CIPLA,4,0.85,801,88,105,2025-03-12,2025-11-24,0.5238095238095238,0.5892597968069666,0.6575342465753424,0.5161290322580645,0.9056603773584906,48,45,7,5,0.5619047619047619,0.5428571428571428,0.0,0.0,0.0,0.0,0.0,0.0,0.0,0.0,0.5161290322580645,0.5833333333333333,0.0,0.8857142857142857,0.11428571428571428,1.0,0
CIPLA,5,0.9,848,94,105,2025-07-25,2026-04-24,0.4857142857142857,0.6058201058201059,0.5714285714285714,0.42857142857142855,0.8571428571428571,36,48,15,6,0.45714285714285713,0.4857142857142857,0.0,0.0,0.0,0.0,0.0,0.0,0.0,0.0,0.42857142857142855,0.7142857142857143,0.0,0.8,0.2,0.5834669547603388,0
CIPLA,6,0.95,895,99,53,2025-11-26,2026-04-24,0.5094339622641509,0.6266891891891891,0.48,0.35294117647058826,0.75,12,22,15,4,0.5471698113207547,0.5849056603773585,0.0,0.0,0.0,0.0,0.0,0.0,0.0,0.0,0.35294117647058826,0.7894736842105263,0.0,0.6415094339622641,0.3584905660377358,0.8003133773620573,0
TORNTPHARM,1,0.7,650,72,103,2024-04-30,2024-12-05,0.5436893203883495,0.506294256490952,0.624,0.6190476190476191,0.6290322580645161,39,24,17,23,0.5339805825242718,0.6019417475728155,0.0,0.0,0.0,0.0,0.0,0.0,0.0,0.0,0.6190476190476191,0.42500000000000004,0.0,0.6116504854368932,0.3883495145631068,0.10000660285425449,0
TORNTPHARM,2,0.75,697,77,103,2024-08-21,2025-04-02,0.4854368932038835,0.7164869029275809,0.6131386861313869,0.45161290322580644,0.9545454545454546,42,51,8,2,0.5631067961165048,0.5339805825242718,0.0,0.0,0.0,0.0,0.0,0.0,0.0,0.0,0.45161290322580644,0.8,0.0,0.9029126213592233,0.0970873786407767,0.38040713900573175,0
TORNTPHARM,3,0.8,743,82,103,2024-12-12,2025-07-22,0.5631067961165048,0.6093514328808447,0.6511627906976745,0.5454545454545454,0.8076923076923077,42,35,16,10,0.5728155339805825,0.5533980582524272,0.0,0.0,0.0,0.0,0.0,0.0,0.0,0.0,0.5454545454545454,0.6153846153846154,0.0,0.7475728155339806,0.2524271844660194,0.3740427473851888,0
TORNTPHARM,4,0.85,790,87,103,2025-04-03,2025-12-17,0.5922330097087378,0.6702127659574468,0.7,0.5833333333333334,0.875,49,35,12,7,0.6504854368932039,0.6699029126213593,0.0,0.0,0.0,0.0,0.0,0.0,0.0,0.0,0.5833333333333334,0.631578947368421,0.0,0.8155339805825242,0.18446601941747573,2.0045410503536303,0
TORNTPHARM,5,0.9,836,92,104,2025-07-23,2026-04-24,0.6057692307692307,0.6809792843691149,0.7172413793103448,0.6046511627906976,0.8813559322033898,52,34,11,7,0.6346153846153846,0.6826923076923077,0.0,0.0,0.0,0.0,0.0,0.0,0.0,0.0,0.6046511627906976,0.6111111111111112,0.0,0.8269230769230769,0.17307692307692307,0.5081418535790063,0
TORNTPHARM,6,0.95,882,98,52,2025-12-18,2026-04-24,0.5,0.5454545454545454,0.6060606060606061,0.6060606060606061,0.6060606060606061,20,13,6,13,0.4230769230769231,0.5192307692307693,0.0,0.0,0.0,0.0,0.0,0.0,0.0,0.0,0.6060606060606061,0.3157894736842105,0.0,0.6346153846153846,0.36538461538461536,0.6311491142900585,0
DIVISLAB,1,0.7,782,86,124,2024-02-02,2024-10-24,0.6048387096774194,0.5700680272108845,0.7134502923976608,0.6354166666666666,0.8133333333333334,61,35,14,14,0.5564516129032258,0.532258064516129,0.0,0.0,0.0,0.0,0.0,0.0,0.0,0.0,0.6354166666666666,0.5,0.0,0.7741935483870968,0.22580645161290322,0.35989089409279873,0
DIVISLAB,2,0.75,837,93,124,2024-06-13,2025-02-21,0.5725806451612904,0.54921875,0.6187050359712231,0.5733333333333334,0.671875,43,32,28,21,0.4435483870967742,0.5483870967741935,0.0,0.0,0.0,0.0,0.0,0.0,0.0,0.0,0.5733333333333334,0.5714285714285714,0.0,0.6048387096774194,0.3951612903225806,0.5228396422637037,0
DIVISLAB,3,0.8,893,99,124,2024-10-25,2025-07-02,0.5725806451612904,0.5949735449735449,0.6187050359712231,0.6231884057971014,0.6142857142857143,43,26,28,27,0.5725806451612904,0.43548387096774194,0.0,0.0,0.0,0.0,0.0,0.0,0.0,0.0,0.6231884057971014,0.509090909090909,0.0,0.5564516129032258,0.4435483870967742,1.0,0
DIVISLAB,4,0.85,949,105,124,2025-02-24,2025-11-13,0.5161290322580645,0.5334378265412748,0.6428571428571429,0.5294117647058824,0.8181818181818182,54,48,10,12,0.45161290322580644,0.5241935483870968,0.0,0.0,0.0,0.0,0.0,0.0,0.0,0.0,0.5294117647058824,0.4545454545454546,0.0,0.8225806451612904,0.1774193548387097,0.43843248904501025,0
DIVISLAB,5,0.9,1005,111,125,2025-07-04,2026-04-24,0.448,0.5760466348701643,0.48120300751879697,0.3902439024390244,0.6274509803921569,32,50,24,19,0.44,0.48,0.0,0.0,0.0,0.0,0.0,0.0,0.0,0.0,0.3902439024390244,0.5581395348837209,0.0,0.656,0.344,0.661607709949333,0
DIVISLAB,6,0.95,1061,117,63,2025-11-14,2026-04-24,0.47619047619047616,0.4503042596348884,0.56,0.45652173913043476,0.7241379310344828,21,25,9,8,0.5555555555555556,0.49206349206349204,0.0,0.0,0.0,0.0,0.0,0.0,0.0,0.0,0.45652173913043476,0.5294117647058824,0.0,0.7301587301587301,0.2698412698412698,0.39703571410633126,0
LUPIN,1,0.7,693,77,110,2024-05-03,2024-11-27,0.4818181818181818,0.40136752136752135,0.632258064516129,0.5444444444444444,0.7538461538461538,49,41,4,16,0.44545454545454544,0.5909090909090909,0.0,0.0,0.0,0.0,0.0,0.0,0.0,0.0,0.5444444444444444,0.19999999999999996,0.0,0.8181818181818182,0.18181818181818182,0.2966633122136324,0
LUPIN,2,0.75,743,82,110,2024-08-14,2025-03-04,0.4909090909090909,0.5297619047619048,0.6455696202531646,0.49038461538461536,0.9444444444444444,51,53,3,3,0.5272727272727272,0.4727272727272727,0.0,0.0,0.0,0.0,0.0,0.0,0.0,0.0,0.49038461538461536,0.5,0.0,0.9454545454545454,0.05454545454545454,0.9252262367213819,0
LUPIN,3,0.8,792,88,110,2024-11-28,2025-07-04,0.5,0.5567079290732686,0.5528455284552846,0.4594594594594595,0.6938775510204082,34,40,21,15,0.5636363636363636,0.5454545454545454,0.0,0.0,0.0,0.0,0.0,0.0,0.0,0.0,0.4594594594594595,0.5833333333333333,0.0,0.6727272727272727,0.32727272727272727,0.7693558324500519,0
LUPIN,4,0.85,842,93,110,2025-03-05,2025-11-10,0.5636363636363636,0.6544312169312171,0.6521739130434783,0.5487804878048781,0.8035714285714286,45,37,17,11,0.5363636363636364,0.6818181818181818,0.0,0.0,0.0,0.0,0.0,0.0,0.0,0.0,0.5487804878048781,0.6071428571428572,0.0,0.7454545454545455,0.2545454545454545,1.0,0
LUPIN,5,0.9,891,99,110,2025-07-08,2026-04-24,0.5181818181818182,0.5966052726616107,0.5619834710743802,0.68,0.4788732394366197,34,16,23,37,0.5,0.5727272727272728,0.0,0.0,0.0,0.0,0.0,0.0,0.0,0.0,0.68,0.3833333333333333,0.0,0.45454545454545453,0.5454545454545454,0.7625937316529073,0
LUPIN,6,0.95,941,104,55,2025-11-11,2026-04-24,0.5454545454545454,0.5,0.6376811594202898,0.7096774193548387,0.5789473684210527,22,9,8,16,0.43636363636363634,0.4909090909090909,0.0,0.0,0.0,0.0,0.0,0.0,0.0,0.0,0.7096774193548387,0.33333333333333337,0.0,0.5636363636363636,0.43636363636363634,0.4782432738889409,0
ALKEM,1,0.7,689,76,109,2024-04-04,2024-11-05,0.4036697247706422,0.3411047345767575,0.4881889763779528,0.5254237288135594,0.45588235294117646,31,28,13,37,0.43119266055045874,0.6055045871559633,0.0,0.0,0.0,0.0,0.0,0.0,0.0,0.0,0.5254237288135594,0.26,0.0,0.5412844036697247,0.45871559633027525,0.15568330380161874,0
ALKEM,2,0.75,738,81,110,2024-07-30,2025-03-07,0.4909090909090909,0.4861111111111111,0.65,0.49056603773584906,0.9629629629629629,52,54,2,2,0.4090909090909091,0.4909090909090909,0.0,0.0,0.0,0.0,0.0,0.0,0.0,0.0,0.49056603773584906,0.5,0.0,0.9636363636363636,0.03636363636363636,0.20324354194571864,0
ALKEM,3,0.8,787,87,109,2024-11-06,2025-07-09,0.42201834862385323,0.41084745762711866,0.5771812080536913,0.43434343434343436,0.86,43,56,3,7,0.45871559633027525,0.45871559633027525,0.0,0.0,0.0,0.0,0.0,0.0,0.0,0.0,0.43434343434343436,0.30000000000000004,0.0,0.908256880733945,0.09174311926605505,0.32008538736593045,0
ALKEM,4,0.85,837,92,109,2025-03-10,2025-12-11,0.5137614678899083,0.4693877551020408,0.6787878787878788,0.5333333333333333,0.9333333333333333,56,49,0,4,0.5779816513761468,0.5504587155963303,0.0,0.0,0.0,0.0,0.0,0.0,0.0,0.0,0.5333333333333333,0.0,0.0,0.963302752293578,0.03669724770642202,1.0,0
ALKEM,5,0.9,885,98,110,2025-07-10,2026-04-24,0.4727272727272727,0.456198347107438,0.6233766233766234,0.48484848484848486,0.8727272727272727,48,51,4,7,0.5181818181818182,0.5,0.0,0.0,0.0,0.0,0.0,0.0,0.0,0.0,0.48484848484848486,0.36363636363636365,0.0,0.9,0.1,1.0,0
ALKEM,6,0.95,935,103,55,2025-12-12,2026-04-24,0.43636363636363634,0.5110192837465564,0.4745762711864407,0.3783783783783784,0.6363636363636364,14,23,10,8,0.43636363636363634,0.4,0.0,0.0,0.0,0.0,0.0,0.0,0.0,0.0,0.3783783783783784,0.5555555555555556,0.0,0.6727272727272727,0.32727272727272727,1.0,0
AUROPHARMA,1,0.7,751,83,119,2024-05-31,2025-01-16,0.5378151260504201,0.5372881355932204,0.6625766871165644,0.5242718446601942,0.9,54,49,10,6,0.5210084033613446,0.5126050420168067,0.0,0.0,0.0,0.0,0.0,0.0,0.0,0.0,0.5242718446601942,0.625,0.0,0.865546218487395,0.13445378151260504,0.8332245912194829,0
AUROPHARMA,2,0.75,805,89,119,2024-10-01,2025-05-14,0.5294117647058824,0.44115942028985505,0.582089552238806,0.4642857142857143,0.78,39,45,24,11,0.5042016806722689,0.46218487394957986,0.0,0.0,0.0,0.0,0.0,0.0,0.0,0.0,0.4642857142857143,0.6857142857142857,0.0,0.7058823529411765,0.29411764705882354,0.672425914964952,0
AUROPHARMA,3,0.8,858,95,119,2025-01-17,2025-08-26,0.4789915966386555,0.5553623188405798,0.581081081081081,0.4387755102040816,0.86,43,55,14,7,0.5126050420168067,0.4117647058823529,0.0,0.0,0.0,0.0,0.0,0.0,0.0,0.0,0.4387755102040816,0.6666666666666667,0.0,0.8235294117647058,0.17647058823529413,1.0,0
AUROPHARMA,4,0.85,912,101,119,2025-05-15,2025-12-22,0.5462184873949579,0.5466101694915255,0.46,0.5609756097560976,0.3898305084745763,23,18,42,36,0.5882352941176471,0.5798319327731093,0.0,0.0,0.0,0.0,0.0,0.0,0.0,0.0,0.5609756097560976,0.5384615384615384,0.0,0.3445378151260504,0.6554621848739496,1.0,0
AUROPHARMA,5,0.9,965,107,120,2025-08-29,2026-04-24,0.5083333333333333,0.5727407407407408,0.528,0.66,0.44,33,17,28,42,0.5083333333333333,0.5083333333333333,0.0,0.0,0.0,0.0,0.0,0.0,0.0,0.0,0.66,0.4,0.0,0.4166666666666667,0.5833333333333334,0.590266457150774,0
AUROPHARMA,6,0.95,1019,113,60,2025-12-23,2026-04-24,0.5833333333333334,0.7626321974148061,0.576271186440678,0.7727272727272727,0.4594594594594595,17,5,18,20,0.5166666666666667,0.5,0.0,0.0,0.0,0.0,0.0,0.0,0.0,0.0,0.7727272727272727,0.4736842105263158,0.0,0.36666666666666664,0.6333333333333333,0.3007811473440302,0
HINDUNILVR,1,0.7,610,67,97,2024-05-15,2024-12-13,0.5257731958762887,0.5174319727891157,0.4772727272727273,0.525,0.4375,21,19,30,27,0.5463917525773195,0.5567010309278351,0.0,0.0,0.0,0.0,0.0,0.0,0.0,0.0,0.525,0.5263157894736843,0.0,0.41237113402061853,0.5876288659793815,0.7559373974593306,0
HINDUNILVR,2,0.75,654,72,96,2024-09-05,2025-04-02,0.5833333333333334,0.52880859375,0.3548387096774194,0.36666666666666664,0.34375,11,19,45,21,0.5833333333333334,0.65625,0.0,0.0,0.0,0.0,0.0,0.0,0.0,0.0,0.36666666666666664,0.6818181818181819,0.0,0.3125,0.6875,1.0,0
HINDUNILVR,3,0.8,697,77,97,2024-12-16,2025-08-01,0.5876288659793815,0.5680272108843537,0.6610169491525424,0.5652173913043478,0.7959183673469388,39,30,18,10,0.5876288659793815,0.6391752577319587,0.0,0.0,0.0,0.0,0.0,0.0,0.0,0.0,0.5652173913043478,0.6428571428571428,0.0,0.711340206185567,0.28865979381443296,0.544810633116594,0
HINDUNILVR,4,0.85,740,82,97,2025-04-03,2025-12-10,0.5463917525773195,0.58147512864494,0.6333333333333333,0.5,0.8636363636363636,38,38,15,6,0.5979381443298969,0.4536082474226804,0.0,0.0,0.0,0.0,0.0,0.0,0.0,0.0,0.5,0.7142857142857143,0.0,0.7835051546391752,0.21649484536082475,1.0,0
HINDUNILVR,5,0.9,784,87,97,2025-08-05,2026-04-24,0.5051546391752577,0.4716216216216216,0.4,0.37209302325581395,0.43243243243243246,16,27,33,21,0.5154639175257731,0.5154639175257731,0.0,0.0,0.0,0.0,0.0,0.0,0.0,0.0,0.37209302325581395,0.6111111111111112,0.0,0.44329896907216493,0.5567010309278351,0.5688557940518021,0
HINDUNILVR,6,0.95,828,91,49,2025-12-11,2026-04-24,0.4489795918367347,0.43027210884353745,0.3076923076923077,0.3333333333333333,0.2857142857142857,6,12,16,15,0.4489795918367347,0.5918367346938775,0.0,0.0,0.0,0.0,0.0,0.0,0.0,0.0,0.3333333333333333,0.5161290322580645,0.0,0.3673469387755102,0.6326530612244898,0.4183828808818352,0
ITC,1,0.7,645,71,103,2024-03-19,2024-11-14,0.6310679611650486,0.6352490421455937,0.7361111111111112,0.6162790697674418,0.9137931034482759,53,33,12,5,0.6310679611650486,0.5922330097087378,0.0,0.0,0.0,0.0,0.0,0.0,0.0,0.0,0.6162790697674418,0.7058823529411764,0.0,0.8349514563106796,0.1650485436893204,1.0,0
ITC,2,0.75,692,76,102,2024-07-22,2025-03-10,0.5882352941176471,0.6319875776397516,0.6666666666666666,0.525,0.9130434782608695,42,38,18,4,0.46078431372549017,0.5784313725490197,0.0,0.0,0.0,0.0,0.0,0.0,0.0,0.0,0.525,0.8181818181818181,0.0,0.7843137254901961,0.21568627450980393,0.4159191883031374,0
ITC,3,0.8,738,81,102,2024-11-19,2025-07-23,0.5098039215686274,0.6303427031189834,0.6212121212121212,0.4939759036144578,0.8367346938775511,41,42,11,8,0.5588235294117647,0.5588235294117647,0.0,0.0,0.0,0.0,0.0,0.0,0.0,0.0,0.4939759036144578,0.5789473684210527,0.0,0.8137254901960784,0.18627450980392157,0.4969357017300391,0
ITC,4,0.85,783,87,102,2025-03-12,2025-12-30,0.4411764705882353,0.5146153846153846,0.6068965517241379,0.4631578947368421,0.88,44,51,1,6,0.5098039215686274,0.47058823529411764,0.0,0.0,0.0,0.0,0.0,0.0,0.0,0.0,0.4631578947368421,0.1428571428571429,0.0,0.9313725490196079,0.06862745098039216,0.6853685171590467,0
ITC,5,0.9,829,92,103,2025-07-25,2026-04-27,0.5339805825242718,0.6366120218579234,0.5384615384615384,0.45161290322580644,0.6666666666666666,28,34,27,14,0.6116504854368932,0.5048543689320388,0.0,0.0,0.0,0.0,0.0,0.0,0.0,0.0,0.45161290322580644,0.6585365853658536,0.0,0.6019417475728155,0.39805825242718446,0.29309194492610813,0
ITC,6,0.95,875,97,52,2025-12-31,2026-04-27,0.6538461538461539,0.5032679738562091,0.4375,0.5,0.3888888888888889,7,7,27,11,0.6730769230769231,0.4230769230769231,0.0,0.0,0.0,0.0,0.0,0.0,0.0,0.0,0.5,0.7105263157894737,0.0,0.2692307692307692,0.7307692307692307,0.7632093786195477,0
NESTLEIND,1,0.7,607,67,97,2024-04-25,2024-12-31,0.44329896907216493,0.5034453057708872,0.5344827586206896,0.4246575342465753,0.7209302325581395,31,42,12,12,0.4845360824742268,0.4329896907216495,0.0,0.0,0.0,0.0,0.0,0.0,0.0,0.0,0.4246575342465753,0.5,0.0,0.7525773195876289,0.24742268041237114,1.0,0
NESTLEIND,2,0.75,651,72,96,2024-09-12,2025-04-29,0.4270833333333333,0.6095366621682411,0.5736434108527132,0.4111111111111111,0.9487179487179487,37,53,4,2,0.4791666666666667,0.4791666666666667,0.0,0.0,0.0,0.0,0.0,0.0,0.0,0.0,0.4111111111111111,0.6666666666666667,0.0,0.9375,0.0625,0.6089661404411197,0
NESTLEIND,3,0.8,694,77,96,2025-01-01,2025-08-11,0.5104166666666666,0.505427702996092,0.656934306569343,0.5113636363636364,0.9183673469387755,45,43,4,4,0.5208333333333334,0.5104166666666666,0.0,0.0,0.0,0.0,0.0,0.0,0.0,0.0,0.5113636363636364,0.5,0.0,0.9166666666666666,0.08333333333333333,1.0,0
NESTLEIND,4,0.85,738,81,96,2025-04-30,2025-12-11,0.5104166666666666,0.5577256944444444,0.6666666666666666,0.5053763440860215,0.9791666666666666,47,46,2,1,0.5625,0.5,0.0,0.0,0.0,0.0,0.0,0.0,0.0,0.0,0.5053763440860215,0.6666666666666667,0.0,0.96875,0.03125,1.0,0
NESTLEIND,5,0.9,781,86,97,2025-08-12,2026-04-24,0.5979381443298969,0.5452991452991454,0.6722689075630253,0.5970149253731343,0.7692307692307693,40,27,18,12,0.5773195876288659,0.4948453608247423,0.0,0.0,0.0,0.0,0.0,0.0,0.0,0.0,0.5970149253731343,0.6,0.0,0.6907216494845361,0.30927835051546393,1.295962120871922,0
NESTLEIND,6,0.95,824,91,49,2025-12-15,2026-04-24,0.6122448979591837,0.6819727891156463,0.5777777777777777,0.7647058823529411,0.4642857142857143,13,4,17,15,0.7346938775510204,0.5918367346938775,0.0,0.0,0.0,0.0,0.0,0.0,0.0,0.0,0.7647058823529411,0.53125,0.0,0.3469387755102041,0.6530612244897959,1.0,0
BRITANNIA,1,0.7,630,70,100,2024-05-14,2024-12-20,0.66,0.6692091529506223,0.6964285714285714,0.6610169491525424,0.7358490566037735,39,20,27,14,0.67,0.62,0.0,0.0,0.0,0.0,0.0,0.0,0.0,0.0,0.6610169491525424,0.6585365853658536,0.0,0.59,0.41,1.2696496623262565,0
BRITANNIA,2,0.75,675,75,100,2024-09-04,2025-04-07,0.7,0.7372,0.6739130434782609,0.7380952380952381,0.62,31,11,39,19,0.59,0.68,0.0,0.0,0.0,0.0,0.0,0.0,0.0,0.0,0.7380952380952381,0.6724137931034483,0.0,0.42,0.58,0.5289854010315734,0
BRITANNIA,3,0.8,720,80,100,2024-12-23,2025-08-04,0.67,0.6970833333333334,0.6972477064220184,0.7755102040816326,0.6333333333333333,38,11,29,22,0.66,0.62,0.0,0.0,0.0,0.0,0.0,0.0,0.0,0.0,0.7755102040816326,0.5686274509803921,0.0,0.49,0.51,0.5126576245088268,0
BRITANNIA,4,0.85,765,85,100,2025-04-08,2025-12-09,0.57,0.642020202020202,0.6446280991735537,0.5909090909090909,0.7090909090909091,39,27,18,16,0.57,0.59,0.0,0.0,0.0,0.0,0.0,0.0,0.0,0.0,0.5909090909090909,0.5294117647058824,0.0,0.66,0.34,0.6813624249611896,0
BRITANNIA,5,0.9,810,90,100,2025-08-05,2026-04-24,0.56,0.514823717948718,0.5319148936170213,0.5434782608695652,0.5208333333333334,25,21,31,23,0.54,0.52,0.0,0.0,0.0,0.0,0.0,0.0,0.0,0.0,0.5434782608695652,0.5740740740740741,0.0,0.46,0.54,0.7133958407904288,0
BRITANNIA,6,0.95,855,95,50,2025-12-10,2026-04-24,0.36,0.38752052545155996,0.2727272727272727,0.2608695652173913,0.2857142857142857,6,17,12,15,0.5,0.4,0.0,0.0,0.0,0.0,0.0,0.0,0.0,0.0,0.2608695652173913,0.4444444444444444,0.0,0.46,0.54,0.5800923784059071,0
TATACONSUM,1,0.7,647,71,103,2024-03-13,2024-12-02,0.4854368932038835,0.5885129819040126,0.5391304347826087,0.4189189189189189,0.7560975609756098,31,43,19,10,0.4563106796116505,0.6407766990291263,0.0,0.0,0.0,0.0,0.0,0.0,0.0,0.0,0.4189189189189189,0.6551724137931034,0.0,0.7184466019417476,0.2815533980582524,0.2816239563909618,0
TATACONSUM,2,0.75,693,77,102,2024-07-19,2025-03-24,0.49019607843137253,0.4645161290322581,0.44680851063829785,0.3888888888888889,0.525,21,33,29,19,0.5196078431372549,0.5588235294117647,0.0,0.0,0.0,0.0,0.0,0.0,0.0,0.0,0.3888888888888889,0.6041666666666667,0.0,0.5294117647058824,0.47058823529411764,0.5190667149836696,0
TATACONSUM,3,0.8,739,82,103,2024-12-03,2025-07-18,0.4077669902912621,0.3872549019607843,0.39603960396039606,0.4,0.39215686274509803,20,30,22,31,0.4174757281553398,0.44660194174757284,0.0,0.0,0.0,0.0,0.0,0.0,0.0,0.0,0.4,0.41509433962264153,0.0,0.4854368932038835,0.5145631067961165,0.6808219615202827,0
TATACONSUM,4,0.85,785,87,103,2025-03-25,2025-12-05,0.47572815533980584,0.44452887537993924,0.5970149253731343,0.5128205128205128,0.7142857142857143,40,38,9,16,0.5242718446601942,0.4854368932038835,0.0,0.0,0.0,0.0,0.0,0.0,0.0,0.0,0.5128205128205128,0.36,0.0,0.7572815533980582,0.24271844660194175,0.3856963996267789,0
TATACONSUM,5,0.9,832,92,103,2025-07-21,2026-04-24,0.47572815533980584,0.528030303030303,0.5344827586206896,0.5081967213114754,0.5636363636363636,31,30,18,24,0.47572815533980584,0.46601941747572817,0.0,0.0,0.0,0.0,0.0,0.0,0.0,0.0,0.5081967213114754,0.4285714285714286,0.0,0.5922330097087378,0.4077669902912621,1.0,0
TATACONSUM,6,0.95,878,97,52,2025-12-08,2026-04-24,0.4423076923076923,0.46666666666666673,0.5245901639344263,0.4444444444444444,0.64,16,20,7,9,0.4807692307692308,0.5192307692307693,0.0,0.0,0.0,0.0,0.0,0.0,0.0,0.0,0.4444444444444444,0.4375,0.0,0.6923076923076923,0.3076923076923077,1.0,0
COLPAL,1,0.7,624,69,99,2024-05-29,2024-12-11,0.5050505050505051,0.45308641975308644,0.5504587155963303,0.5454545454545454,0.5555555555555556,30,25,20,24,0.5757575757575758,0.494949494949495,0.0,0.0,0.0,0.0,0.0,0.0,0.0,0.0,0.5454545454545454,0.4545454545454546,0.0,0.5555555555555556,0.4444444444444444,0.43874545645217033,0
COLPAL,2,0.75,668,74,99,2024-09-18,2025-04-08,0.40404040404040403,0.6078817733990148,0.45871559633027525,0.3125,0.8620689655172413,25,55,15,4,0.5151515151515151,0.29292929292929293,0.0,0.0,0.0,0.0,0.0,0.0,0.0,0.0,0.3125,0.7894736842105263,0.0,0.8080808080808081,0.1919191919191919,0.3296276536980978,0
COLPAL,3,0.8,713,79,99,2024-12-12,2025-08-05,0.43434343434343436,0.531305114638448,0.5254237288135594,0.3780487804878049,0.8611111111111112,31,51,12,5,0.42424242424242425,0.36363636363636365,0.0,0.0,0.0,0.0,0.0,0.0,0.0,0.0,0.3780487804878049,0.7058823529411764,0.0,0.8282828282828283,0.1717171717171717,0.23512500811545087,0
COLPAL,4,0.85,757,84,99,2025-04-09,2025-12-29,0.43434343434343436,0.42767857142857146,0.4166666666666667,0.32786885245901637,0.5714285714285714,20,41,23,15,0.41414141414141414,0.4444444444444444,0.0,0.0,0.0,0.0,0.0,0.0,0.0,0.0,0.32786885245901637,0.6052631578947368,0.0,0.6161616161616161,0.3838383838383838,0.6225563209102737,0
COLPAL,5,0.9,802,89,99,2025-08-06,2026-04-27,0.41414141414141414,0.45121951219512196,0.49122807017543857,0.3835616438356164,0.6829268292682927,28,45,13,13,0.45454545454545453,0.41414141414141414,0.0,0.0,0.0,0.0,0.0,0.0,0.0,0.0,0.3835616438356164,0.5,0.0,0.7373737373737373,0.26262626262626265,1.0,0
COLPAL,6,0.95,846,94,50,2025-12-30,2026-04-27,0.54,0.5969551282051282,0.6101694915254238,0.5142857142857142,0.75,18,17,9,6,0.62,0.46,0.0,0.0,0.0,0.0,0.0,0.0,0.0,0.0,0.5142857142857142,0.6,0.0,0.7,0.3,1.0,0
MARICO,1,0.7,643,71,102,2024-06-03,2024-12-27,0.5686274509803921,0.60723912206392,0.5416666666666666,0.5531914893617021,0.5306122448979592,26,21,32,23,0.6078431372549019,0.5392156862745098,0.0,0.0,0.0,0.0,0.0,0.0,0.0,0.0,0.5531914893617021,0.5818181818181818,0.0,0.46078431372549017,0.5392156862745098,0.5688931261543624,0
MARICO,2,0.75,689,76,102,2024-09-09,2025-05-05,0.4411764705882353,0.490566037735849,0.42424242424242425,0.45652173913043476,0.39622641509433965,21,25,24,32,0.6274509803921569,0.38235294117647056,0.0,0.0,0.0,0.0,0.0,0.0,0.0,0.0,0.45652173913043476,0.4285714285714286,0.0,0.45098039215686275,0.5490196078431373,1.0,0
MARICO,3,0.8,735,81,102,2025-01-03,2025-08-13,0.49019607843137253,0.4428849902534113,0.6060606060606061,0.5333333333333333,0.7017543859649122,40,35,10,17,0.49019607843137253,0.47058823529411764,0.0,0.0,0.0,0.0,0.0,0.0,0.0,0.0,0.5333333333333333,0.37037037037037035,0.0,0.7352941176470589,0.2647058823529412,0.33416041182139966,0
MARICO,4,0.85,781,86,102,2025-05-06,2025-12-08,0.5392156862745098,0.5558994197292071,0.5982905982905983,0.5,0.7446808510638298,35,35,20,12,0.5,0.5,0.0,0.0,0.0,0.0,0.0,0.0,0.0,0.0,0.5,0.625,0.0,0.6862745098039216,0.3137254901960784,0.10000660285425449,0
MARICO,5,0.9,827,91,103,2025-08-14,2026-04-21,0.6407766990291263,0.673469387755102,0.6837606837606838,0.6349206349206349,0.7407407407407407,40,23,26,14,0.5922330097087378,0.5922330097087378,0.0,0.0,0.0,0.0,0.0,0.0,0.0,0.0,0.6349206349206349,0.65,0.0,0.6116504854368932,0.3883495145631068,1.0,0
MARICO,6,0.95,873,96,52,2025-12-09,2026-04-21,0.6153846153846154,0.6129032258064515,0.6428571428571429,0.72,0.5806451612903226,18,7,14,13,0.6346153846153846,0.5384615384615384,0.0,0.0,0.0,0.0,0.0,0.0,0.0,0.0,0.72,0.5185185185185186,0.0,0.4807692307692308,0.5192307692307693,0.3922982934370818,0
GODREJCP,1,0.7,694,77,110,2024-05-24,2025-01-08,0.45454545454545453,0.38395316804407714,0.53125,0.40476190476190477,0.7727272727272727,34,50,16,10,0.37272727272727274,0.42727272727272725,0.0,0.0,0.0,0.0,0.0,0.0,0.0,0.0,0.40476190476190477,0.6153846153846154,0.0,0.7636363636363637,0.23636363636363636,0.10000660285425449,0
GODREJCP,2,0.75,744,82,110,2024-09-23,2025-05-09,0.42727272727272725,0.405152224824356,0.47058823529411764,0.4,0.5714285714285714,28,42,19,21,0.38181818181818183,0.43636363636363634,0.0,0.0,0.0,0.0,0.0,0.0,0.0,0.0,0.4,0.475,0.0,0.6363636363636364,0.36363636363636365,0.4083158769770168,0
GODREJCP,3,0.8,793,88,110,2025-01-09,2025-09-05,0.5363636363636364,0.5715939153439152,0.6222222222222222,0.5185185185185185,0.7777777777777778,42,39,17,12,0.39090909090909093,0.4909090909090909,0.0,0.0,0.0,0.0,0.0,0.0,0.0,0.0,0.5185185185185185,0.5862068965517242,0.0,0.7363636363636363,0.2636363636363636,1.0,0
GODREJCP,4,0.85,843,93,110,2025-05-15,2025-12-18,0.4818181818181818,0.5931623931623932,0.5289256198347108,0.42105263157894735,0.7111111111111111,32,44,21,13,0.5454545454545454,0.5454545454545454,0.0,0.0,0.0,0.0,0.0,0.0,0.0,0.0,0.42105263157894735,0.6176470588235294,0.0,0.6909090909090909,0.3090909090909091,1.0,0
GODREJCP,5,0.9,892,99,111,2025-09-08,2026-04-27,0.4864864864864865,0.479016393442623,0.41237113402061853,0.425531914893617,0.4,20,27,34,30,0.4954954954954955,0.5495495495495496,0.0,0.0,0.0,0.0,0.0,0.0,0.0,0.0,0.425531914893617,0.53125,0.0,0.42342342342342343,0.5765765765765766,0.10000660285425449,0
GODREJCP,6,0.95,942,104,56,2025-12-19,2026-04-27,0.3392857142857143,0.27734375,0.32727272727272727,0.2903225806451613,0.375,9,22,10,15,0.5,0.3392857142857143,0.0,0.0,0.0,0.0,0.0,0.0,0.0,0.0,0.2903225806451613,0.4,0.0,0.5535714285714286,0.44642857142857145,0.7232271057002686,0
RELIANCE,1,0.7,676,75,107,2024-03-07,2024-11-11,0.45794392523364486,0.43262411347517726,0.42,0.39622641509433965,0.44680851063829785,21,32,28,26,0.4485981308411215,0.5607476635514018,0.0,0.0,0.0,0.0,0.0,0.0,0.0,0.0,0.39622641509433965,0.5185185185185186,0.0,0.4953271028037383,0.5046728971962616,1.0,0
RELIANCE,2,0.75,724,80,108,2024-07-15,2025-03-13,0.4166666666666667,0.5234347048300536,0.5655172413793104,0.4019607843137255,0.9534883720930233,41,61,4,2,0.37962962962962965,0.39814814814814814,0.0,0.0,0.0,0.0,0.0,0.0,0.0,0.0,0.4019607843137255,0.6666666666666667,0.0,0.9444444444444444,0.05555555555555555,0.11077932128754826,0
RELIANCE,3,0.8,773,85,107,2024-11-12,2025-07-18,0.5607476635514018,0.6185964912280701,0.6845637583892618,0.5543478260869565,0.8947368421052632,51,41,9,6,0.5420560747663551,0.5700934579439252,0.0,0.0,0.0,0.0,0.0,0.0,0.0,0.0,0.5543478260869565,0.6,0.0,0.8598130841121495,0.14018691588785046,0.225537521222293,0
RELIANCE,4,0.85,821,91,107,2025-03-18,2025-11-26,0.6448598130841121,0.46263736263736266,0.759493670886076,0.6451612903225806,0.9230769230769231,60,33,9,5,0.5046728971962616,0.6074766355140186,0.0,0.0,0.0,0.0,0.0,0.0,0.0,0.0,0.6451612903225806,0.6428571428571428,0.0,0.8691588785046729,0.1308411214953271,1.0,0
RELIANCE,5,0.9,869,96,108,2025-07-21,2026-04-27,0.5740740740740741,0.6357069143446852,0.6101694915254238,0.5901639344262295,0.631578947368421,36,25,26,21,0.6111111111111112,0.6111111111111112,0.0,0.0,0.0,0.0,0.0,0.0,0.0,0.0,0.5901639344262295,0.5531914893617021,0.0,0.5648148148148148,0.4351851851851852,0.3792301635832614,0
RELIANCE,6,0.95,918,101,54,2025-11-27,2026-04-27,0.5555555555555556,0.53125,0.5,0.46153846153846156,0.5454545454545454,12,14,18,10,0.46296296296296297,0.5555555555555556,0.0,0.0,0.0,0.0,0.0,0.0,0.0,0.0,0.46153846153846156,0.6428571428571428,0.0,0.48148148148148145,0.5185185185185185,0.6805271916581086,0
ONGC,1,0.7,719,79,114,2024-04-23,2024-11-22,0.4649122807017544,0.3610333022097728,0.5734265734265734,0.44565217391304346,0.803921568627451,41,51,12,10,0.45614035087719296,0.5087719298245614,0.0,0.0,0.0,0.0,0.0,0.0,0.0,0.0,0.44565217391304346,0.5454545454545454,0.0,0.8070175438596491,0.19298245614035087,0.3200360009766967,0
ONGC,2,0.75,770,85,114,2024-08-06,2025-03-18,0.32456140350877194,0.4868421052631579,0.48322147651006714,0.32432432432432434,0.9473684210526315,36,75,1,2,0.40350877192982454,0.3333333333333333,0.0,0.0,0.0,0.0,0.0,0.0,0.0,0.0,0.32432432432432434,0.33333333333333337,0.0,0.9736842105263158,0.02631578947368421,0.5445702951119149,0
ONGC,3,0.8,821,91,114,2024-11-26,2025-07-18,0.5,0.5263482280431433,0.6586826347305389,0.49107142857142855,1.0,55,57,2,0,0.5526315789473685,0.4824561403508772,0.0,0.0,0.0,0.0,0.0,0.0,0.0,0.0,0.49107142857142855,1.0,0.0,0.9824561403508771,0.017543859649122806,1.0,0
ONGC,4,0.85,873,96,114,2025-03-19,2025-12-08,0.5087719298245614,0.42483660130718953,0.6363636363636364,0.5384615384615384,0.7777777777777778,49,42,9,14,0.49122807017543857,0.5526315789473685,0.0,0.0,0.0,0.0,0.0,0.0,0.0,0.0,0.5384615384615384,0.3913043478260869,0.0,0.7982456140350878,0.20175438596491227,1.0,0
ONGC,5,0.9,924,102,114,2025-07-21,2026-04-24,0.543859649122807,0.5265345268542199,0.6578947368421053,0.5952380952380952,0.7352941176470589,50,34,12,18,0.5263157894736842,0.5964912280701754,0.0,0.0,0.0,0.0,0.0,0.0,0.0,0.0,0.5952380952380952,0.4,0.0,0.7368421052631579,0.2631578947368421,0.5929358802900337,0
ONGC,6,0.95,975,108,57,2025-12-09,2026-04-24,0.5263157894736842,0.4986486486486487,0.6746987951807228,0.6086956521739131,0.7567567567567568,28,18,2,9,0.5789473684210527,0.631578947368421,0.0,0.0,0.0,0.0,0.0,0.0,0.0,0.0,0.6086956521739131,0.18181818181818177,0.0,0.8070175438596491,0.19298245614035087,0.42947209291553634,0
NTPC,1,0.7,678,75,108,2024-03-20,2024-10-16,0.6481481481481481,0.5890003716090673,0.7840909090909091,0.6448598130841121,1.0,69,38,1,0,0.6018518518518519,0.6388888888888888,0.0,0.0,0.0,0.0,0.0,0.0,0.0,0.0,0.6448598130841121,1.0,0.0,0.9907407407407407,0.009259259259259259,0.15608035026648528,0
NTPC,2,0.75,727,80,108,2024-07-03,2025-02-14,0.4166666666666667,0.40007012622720894,0.5714285714285714,0.4158415841584158,0.9130434782608695,42,59,3,4,0.4166666666666667,0.39814814814814814,0.0,0.0,0.0,0.0,0.0,0.0,0.0,0.0,0.4158415841584158,0.4285714285714286,0.0,0.9351851851851852,0.06481481481481481,0.5960254288090393,0
NTPC,3,0.8,775,86,108,2024-10-17,2025-07-03,0.3333333333333333,0.31948529411764703,0.47058823529411764,0.3333333333333333,0.8,32,64,4,8,0.32407407407407407,0.37037037037037035,0.0,0.0,0.0,0.0,0.0,0.0,0.0,0.0,0.3333333333333333,0.33333333333333337,0.0,0.8888888888888888,0.1111111111111111,0.3449930200537264,0
NTPC,4,0.85,824,91,108,2025-02-17,2025-12-15,0.48148148148148145,0.4216123499142367,0.65,0.48598130841121495,0.9811320754716981,52,55,0,1,0.4722222222222222,0.49074074074074076,0.0,0.0,0.0,0.0,0.0,0.0,0.0,0.0,0.48598130841121495,0.0,0.0,0.9907407407407407,0.009259259259259259,1.0,0
NTPC,5,0.9,873,96,108,2025-07-04,2026-04-27,0.5833333333333334,0.5608465608465608,0.7305389221556886,0.5865384615384616,0.9682539682539683,61,43,2,2,0.5740740740740741,0.5833333333333334,0.0,0.0,0.0,0.0,0.0,0.0,0.0,0.0,0.5865384615384616,0.5,0.0,0.9629629629629629,0.037037037037037035,1.0,0
NTPC,6,0.95,921,102,54,2025-12-18,2026-04-27,0.5740740740740741,0.38651315789473684,0.7294117647058823,0.6595744680851063,0.8157894736842105,31,16,0,7,0.6666666666666666,0.6111111111111112,0.0,0.0,0.0,0.0,0.0,0.0,0.0,0.0,0.6595744680851063,0.0,0.0,0.8703703703703703,0.12962962962962962,1.0,0
BPCL,1,0.7,719,79,114,2024-05-17,2024-12-23,0.5263157894736842,0.5765432098765432,0.6351351351351351,0.5340909090909091,0.7833333333333333,47,41,13,13,0.5701754385964912,0.5263157894736842,0.0,0.0,0.0,0.0,0.0,0.0,0.0,0.0,0.5340909090909091,0.5,0.0,0.7719298245614035,0.22807017543859648,0.10000660285425449,0
BPCL,2,0.75,770,85,114,2024-09-09,2025-05-06,0.5701754385964912,0.5100154083204931,0.631578947368421,0.5675675675675675,0.711864406779661,42,32,23,17,0.6140350877192983,0.5526315789473685,0.0,0.0,0.0,0.0,0.0,0.0,0.0,0.0,0.5675675675675675,0.575,0.0,0.6491228070175439,0.3508771929824561,0.48848331898225467,0
BPCL,3,0.8,821,91,114,2024-12-24,2025-08-29,0.5175438596491229,0.46029776674937967,0.5925925925925926,0.547945205479452,0.6451612903225806,40,33,19,22,0.5,0.5350877192982456,0.0,0.0,0.0,0.0,0.0,0.0,0.0,0.0,0.547945205479452,0.46341463414634143,0.0,0.6403508771929824,0.35964912280701755,0.797299238300775,0
BPCL,4,0.85,873,96,114,2025-05-07,2025-12-23,0.6578947368421053,0.6916481422673865,0.6548672566371682,0.8043478260869565,0.5522388059701493,37,9,38,30,0.6578947368421053,0.5877192982456141,0.0,0.0,0.0,0.0,0.0,0.0,0.0,0.0,0.8043478260869565,0.5588235294117647,0.0,0.40350877192982454,0.5964912280701754,1.0,0
BPCL,5,0.9,924,102,115,2025-09-04,2026-04-27,0.4956521739130435,0.4312953995157385,0.5084745762711864,0.5084745762711864,0.5084745762711864,30,29,27,29,0.5478260869565217,0.46956521739130436,0.0,0.0,0.0,0.0,0.0,0.0,0.0,0.0,0.5084745762711864,0.4821428571428571,0.0,0.5130434782608696,0.48695652173913045,0.4972330395482854,0
BPCL,6,0.95,975,108,58,2025-12-24,2026-04-27,0.43103448275862066,0.36315789473684207,0.47619047619047616,0.3488372093023256,0.75,15,28,10,5,0.5862068965517241,0.39655172413793105,0.0,0.0,0.0,0.0,0.0,0.0,0.0,0.0,0.3488372093023256,0.6666666666666667,0.0,0.7413793103448276,0.25862068965517243,0.509487432638686,0
POWERGRID,1,0.7,663,73,105,2024-04-23,2024-12-18,0.638095238095238,0.6632428466617755,0.7246376811594203,0.625,0.8620689655172413,50,30,17,8,0.5142857142857142,0.6476190476190476,0.0,0.0,0.0,0.0,0.0,0.0,0.0,0.0,0.625,0.6799999999999999,0.0,0.7619047619047619,0.23809523809523808,0.23119113786856255,0
POWERGRID,2,0.75,711,78,105,2024-08-01,2025-04-03,0.3523809523809524,0.4085411942554799,0.46875,0.3488372093023256,0.7142857142857143,30,56,7,12,0.4095238095238095,0.34285714285714286,0.0,0.0,0.0,0.0,0.0,0.0,0.0,0.0,0.3488372093023256,0.368421052631579,0.0,0.819047619047619,0.18095238095238095,0.8391204342805215,0
POWERGRID,3,0.8,757,84,105,2024-12-19,2025-08-07,0.3904761904761905,0.4828614008941878,0.5151515151515151,0.38636363636363635,0.7727272727272727,34,54,7,10,0.41904761904761906,0.38095238095238093,0.0,0.0,0.0,0.0,0.0,0.0,0.0,0.0,0.38636363636363635,0.4117647058823529,0.0,0.8380952380952381,0.1619047619047619,0.7845847428460845,0
POWERGRID,4,0.85,805,89,105,2025-04-04,2025-12-02,0.42857142857142855,0.4992630803242447,0.6,0.4326923076923077,0.9782608695652174,45,59,0,1,0.41904761904761906,0.4380952380952381,0.0,0.0,0.0,0.0,0.0,0.0,0.0,0.0,0.4326923076923077,0.0,0.0,0.9904761904761905,0.009523809523809525,1.0,0
POWERGRID,5,0.9,852,94,106,2025-08-08,2026-04-16,0.5188679245283019,0.41631054131054135,0.6666666666666666,0.504950495049505,0.9807692307692307,51,50,4,1,0.5660377358490566,0.49056603773584906,0.0,0.0,0.0,0.0,0.0,0.0,0.0,0.0,0.504950495049505,0.8,0.0,0.9528301886792453,0.04716981132075472,1.0,0
POWERGRID,6,0.95,900,99,53,2025-12-03,2026-04-16,0.4716981132075472,0.32478632478632474,0.6111111111111112,0.4888888888888889,0.8148148148148148,22,23,3,5,0.5283018867924528,0.5094339622641509,0.0,0.0,0.0,0.0,0.0,0.0,0.0,0.0,0.4888888888888889,0.375,0.0,0.8490566037735849,0.1509433962264151,1.0,0
COALINDIA,1,0.7,693,77,110,2024-04-10,2024-11-06,0.4818181818181818,0.4628099173553719,0.632258064516129,0.49,0.8909090909090909,49,51,4,6,0.509090909090909,0.4818181818181818,0.0,0.0,0.0,0.0,0.0,0.0,0.0,0.0,0.49,0.4,0.0,0.9090909090909091,0.09090909090909091,0.27599250221610194,0
COALINDIA,2,0.75,743,82,110,2024-07-24,2025-03-06,0.41818181818181815,0.43943075321069075,0.5733333333333334,0.40186915887850466,1.0,43,64,3,0,0.4090909090909091,0.39090909090909093,0.0,0.0,0.0,0.0,0.0,0.0,0.0,0.0,0.40186915887850466,1.0,0.0,0.9727272727272728,0.02727272727272727,0.4948467226313435,0
COALINDIA,3,0.8,792,88,110,2024-11-07,2025-07-25,0.4090909090909091,0.35196112460951057,0.5695364238410596,0.39814814814814814,1.0,43,65,2,0,0.39090909090909093,0.39090909090909093,0.0,0.0,0.0,0.0,0.0,0.0,0.0,0.0,0.39814814814814814,1.0,0.0,0.9818181818181818,0.01818181818181818,1.0,0
COALINDIA,4,0.85,842,93,110,2025-03-07,2025-12-29,0.509090909090909,0.4779874213836478,0.6582278481012658,0.5148514851485149,0.9122807017543859,52,49,4,5,0.4636363636363636,0.5181818181818182,0.0,0.0,0.0,0.0,0.0,0.0,0.0,0.0,0.5148514851485149,0.4444444444444444,0.0,0.9181818181818182,0.08181818181818182,1.0,0
COALINDIA,5,0.9,891,99,110,2025-07-29,2026-04-27,0.5,0.5366192294342242,0.6153846153846154,0.5789473684210527,0.6567164179104478,44,32,11,23,0.5272727272727272,0.4818181818181818,0.0,0.0,0.0,0.0,0.0,0.0,0.0,0.0,0.5789473684210527,0.32352941176470584,0.0,0.6909090909090909,0.3090909090909091,1.585226434020035,0
COALINDIA,6,0.95,941,104,55,2025-12-30,2026-04-27,0.5636363636363636,0.4592391304347826,0.7142857142857143,0.5769230769230769,0.9375,30,22,1,2,0.6181818181818182,0.5454545454545454,0.0,0.0,0.0,0.0,0.0,0.0,0.0,0.0,0.5769230769230769,0.33333333333333337,0.0,0.9454545454545454,0.05454545454545454,0.5140084649009748,0
TATAPOWER,1,0.7,848,94,135,2023-12-14,2024-09-18,0.6,0.6055088702147525,0.6746987951807228,0.6829268292682927,0.6666666666666666,56,26,25,28,0.5555555555555556,0.5555555555555556,0.0,0.0,0.0,0.0,0.0,0.0,0.0,0.0,0.6829268292682927,0.4716981132075472,0.0,0.6074074074074074,0.3925925925925926,0.6939089695610275,0
TATAPOWER,2,0.75,909,101,134,2024-05-09,2025-01-17,0.47761194029850745,0.5041545025825287,0.5625,0.45454545454545453,0.7377049180327869,45,54,19,16,0.47761194029850745,0.4253731343283582,0.0,0.0,0.0,0.0,0.0,0.0,0.0,0.0,0.45454545454545453,0.5428571428571429,0.0,0.7388059701492538,0.26119402985074625,0.26864201988927966,0
TATAPOWER,3,0.8,970,107,135,2024-09-19,2025-06-12,0.4888888888888889,0.5258697591436218,0.5660377358490566,0.45,0.7627118644067796,45,55,21,14,0.43703703703703706,0.43703703703703706,0.0,0.0,0.0,0.0,0.0,0.0,0.0,0.0,0.45,0.6,0.0,0.7407407407407407,0.25925925925925924,0.42274359380235244,0
TATAPOWER,4,0.85,1030,114,135,2025-01-20,2025-11-17,0.45925925925925926,0.44249341527655844,0.6217616580310881,0.48,0.8823529411764706,60,65,2,8,0.4666666666666667,0.5037037037037037,0.0,0.0,0.0,0.0,0.0,0.0,0.0,0.0,0.48,0.19999999999999996,0.0,0.9259259259259259,0.07407407407407407,1.0,0
TATAPOWER,5,0.9,1091,121,135,2025-06-13,2026-04-27,0.4444444444444444,0.44534679543459177,0.5098039215686274,0.4588235294117647,0.5735294117647058,39,46,21,29,0.5111111111111111,0.5037037037037037,0.0,0.0,0.0,0.0,0.0,0.0,0.0,0.0,0.4588235294117647,0.42000000000000004,0.0,0.6296296296296297,0.37037037037037035,1.0,0
TATAPOWER,6,0.95,1152,127,68,2025-11-18,2026-04-27,0.45588235294117646,0.5614646904969486,0.3508771929824561,0.5,0.2702702702702703,10,10,21,27,0.5441176470588235,0.45588235294117646,0.0,0.0,0.0,0.0,0.0,0.0,0.0,0.0,0.5,0.4375,0.0,0.29411764705882354,0.7058823529411765,1.0,0
GAIL,1,0.7,853,94,136,2023-12-21,2024-09-27,0.5882352941176471,0.5414027680037532,0.6744186046511628,0.6823529411764706,0.6666666666666666,58,27,22,29,0.4411764705882353,0.6397058823529411,0.0,0.0,0.0,0.0,0.0,0.0,0.0,0.0,0.6823529411764706,0.43137254901960786,0.0,0.625,0.375,0.1665660750910854,0
GAIL,2,0.75,914,101,135,2024-05-29,2025-01-30,0.45185185185185184,0.44894366197183094,0.5316455696202531,0.44680851063829785,0.65625,42,52,19,22,0.45925925925925926,0.4666666666666667,0.0,0.0,0.0,0.0,0.0,0.0,0.0,0.0,0.44680851063829785,0.46341463414634143,0.0,0.6962962962962963,0.3037037037037037,0.2477513288353507,0
GAIL,3,0.8,975,108,135,2024-09-30,2025-06-25,0.5111111111111111,0.5824127264692887,0.6162790697674418,0.4818181818181818,0.8548387096774194,53,57,16,9,0.4740740740740741,0.48148148148148145,0.0,0.0,0.0,0.0,0.0,0.0,0.0,0.0,0.4818181818181818,0.64,0.0,0.8148148148148148,0.18518518518518517,0.4033786738354898,0
GAIL,4,0.85,1035,115,136,2025-02-01,2025-11-17,0.6029411764705882,0.6074270557029178,0.7403846153846154,0.5923076923076923,0.9871794871794872,77,53,5,1,0.6102941176470589,0.5735294117647058,0.0,0.0,0.0,0.0,0.0,0.0,0.0,0.0,0.5923076923076923,0.8333333333333334,0.0,0.9558823529411765,0.04411764705882353,1.0,0
GAIL,5,0.9,1097,121,136,2025-06-26,2026-04-23,0.4485294117647059,0.4021198356045858,0.5989304812834224,0.4745762711864407,0.8115942028985508,56,62,5,13,0.4632352941176471,0.4485294117647059,0.0,0.0,0.0,0.0,0.0,0.0,0.0,0.0,0.4745762711864407,0.2777777777777778,0.0,0.8676470588235294,0.1323529411764706,1.0,0
GAIL,6,0.95,1158,128,68,2025-11-18,2026-04-23,0.4411764705882353,0.3587719298245614,0.4864864864864865,0.4090909090909091,0.6,18,26,12,12,0.5147058823529411,0.35294117647058826,0.0,0.0,0.0,0.0,0.0,0.0,0.0,0.0,0.4090909090909091,0.5,0.0,0.6470588235294118,0.35294117647058826,0.5293573252772396,0
TATASTEEL,1,0.7,830,92,132,2024-01-25,2024-10-21,0.5,0.5132763795890094,0.6162790697674418,0.5247524752475248,0.7464788732394366,53,48,13,18,0.48484848484848486,0.5454545454545454,0.0,0.0,0.0,0.0,0.0,0.0,0.0,0.0,0.5247524752475248,0.4193548387096774,0.0,0.7651515151515151,0.23484848484848486,0.3630169708018418,0
TATASTEEL,2,0.75,890,98,132,2024-06-21,2025-02-14,0.5757575757575758,0.6266666666666667,0.6,0.5060240963855421,0.7368421052631579,42,41,34,15,0.5303030303030303,0.5984848484848485,0.0,0.0,0.0,0.0,0.0,0.0,0.0,0.0,0.5060240963855421,0.6938775510204082,0.0,0.6287878787878788,0.3712121212121212,0.2187100709067827,0
TATASTEEL,3,0.8,949,105,132,2024-10-25,2025-06-30,0.5075757575757576,0.543468045112782,0.5454545454545454,0.582089552238806,0.5131578947368421,39,28,28,37,0.5303030303030303,0.4772727272727273,0.0,0.0,0.0,0.0,0.0,0.0,0.0,0.0,0.582089552238806,0.4307692307692308,0.0,0.5075757575757576,0.49242424242424243,0.4467897773002879,0
TATASTEEL,4,0.85,1008,112,132,2025-02-17,2025-11-26,0.49242424242424243,0.46546052631578944,0.5503355704697986,0.5616438356164384,0.5394736842105263,41,32,24,35,0.5151515151515151,0.5303030303030303,0.0,0.0,0.0,0.0,0.0,0.0,0.0,0.0,0.5616438356164384,0.4067796610169492,0.0,0.553030303030303,0.44696969696969696,0.6367293983424102,0
TATASTEEL,5,0.9,1068,118,132,2025-07-01,2026-04-22,0.5606060606060606,0.5169172932330827,0.6547619047619048,0.5978260869565217,0.7236842105263158,55,37,19,21,0.4621212121212121,0.4696969696969697,0.0,0.0,0.0,0.0,0.0,0.0,0.0,0.0,0.5978260869565217,0.475,0.0,0.696969696969697,0.30303030303030304,1.0,0
TATASTEEL,6,0.95,1127,125,66,2025-12-01,2026-04-22,0.5303030303030303,0.5883264462809917,0.6075949367088608,0.6857142857142857,0.5454545454545454,24,11,11,20,0.6212121212121212,0.3333333333333333,0.0,0.0,0.0,0.0,0.0,0.0,0.0,0.0,0.6857142857142857,0.3548387096774194,0.0,0.5303030303030303,0.4696969696969697,1.0,0
HINDALCO,1,0.7,737,81,117,2024-03-21,2024-12-06,0.6068376068376068,0.5750153092467851,0.6891891891891891,0.6623376623376623,0.7183098591549296,51,26,20,20,0.5811965811965812,0.5555555555555556,0.0,0.0,0.0,0.0,0.0,0.0,0.0,0.0,0.6623376623376623,0.5,0.0,0.6581196581196581,0.3418803418803419,0.40699378050064294,0
HINDALCO,2,0.75,789,87,117,2024-08-05,2025-04-03,0.37606837606837606,0.3874269005847953,0.45925925925925926,0.3974358974358974,0.543859649122807,31,47,13,26,0.38461538461538464,0.3418803418803419,0.0,0.0,0.0,0.0,0.0,0.0,0.0,0.0,0.3974358974358974,0.33333333333333337,0.0,0.6666666666666666,0.3333333333333333,0.4661142946552421,0
HINDALCO,3,0.8,842,93,117,2024-12-09,2025-08-14,0.42735042735042733,0.319672131147541,0.593939393939394,0.47115384615384615,0.8032786885245902,49,55,1,12,0.46153846153846156,0.42735042735042733,0.0,0.0,0.0,0.0,0.0,0.0,0.0,0.0,0.47115384615384615,0.07692307692307687,0.0,0.8888888888888888,0.1111111111111111,0.564682349976725,0
HINDALCO,4,0.85,894,99,117,2025-04-04,2025-12-23,0.5726495726495726,0.4236933797909408,0.7282608695652174,0.6568627450980392,0.8170731707317073,67,35,0,15,0.6324786324786325,0.7008547008547008,0.0,0.0,0.0,0.0,0.0,0.0,0.0,0.0,0.6568627450980392,0.0,0.0,0.8717948717948718,0.1282051282051282,1.0,0
HINDALCO,5,0.9,947,105,117,2025-08-22,2026-04-27,0.6153846153846154,0.5283783783783784,0.7368421052631579,0.6923076923076923,0.7875,63,28,9,17,0.5384615384615384,0.6495726495726496,0.0,0.0,0.0,0.0,0.0,0.0,0.0,0.0,0.6923076923076923,0.34615384615384615,0.0,0.7777777777777778,0.2222222222222222,1.0,0
HINDALCO,6,0.95,999,111,59,2025-12-24,2026-04-27,0.559322033898305,0.5289855072463769,0.6904761904761905,0.6041666666666666,0.8055555555555556,29,19,4,7,0.4915254237288136,0.4745762711864407,0.0,0.0,0.0,0.0,0.0,0.0,0.0,0.0,0.6041666666666666,0.36363636363636365,0.0,0.8135593220338984,0.1864406779661017,0.3957925383757824,0
JSWSTEEL,1,0.7,708,78,113,2024-02-21,2024-10-30,0.6283185840707964,0.630718954248366,0.7123287671232876,0.6666666666666666,0.7647058823529411,52,26,19,16,0.6194690265486725,0.5486725663716814,0.0,0.0,0.0,0.0,0.0,0.0,0.0,0.0,0.6666666666666666,0.5428571428571429,0.0,0.6902654867256637,0.30973451327433627,0.6628638049570078,0
JSWSTEEL,2,0.75,759,84,112,2024-07-12,2025-02-20,0.41964285714285715,0.3626841243862521,0.4036697247706422,0.5,0.3384615384615385,22,22,25,43,0.38392857142857145,0.45535714285714285,0.0,0.0,0.0,0.0,0.0,0.0,0.0,0.0,0.5,0.36764705882352944,0.0,0.39285714285714285,0.6071428571428571,0.6202152951756792,0
JSWSTEEL,3,0.8,810,89,112,2024-10-31,2025-07-09,0.6339285714285714,0.5438775510204082,0.7284768211920529,0.6790123456790124,0.7857142857142857,55,26,16,15,0.5535714285714286,0.49107142857142855,0.0,0.0,0.0,0.0,0.0,0.0,0.0,0.0,0.6790123456790124,0.5161290322580645,0.0,0.7232142857142857,0.2767857142857143,0.8398551850558956,0
JSWSTEEL,4,0.85,860,95,112,2025-02-28,2025-12-03,0.6160714285714286,0.5791824115424253,0.6950354609929078,0.7,0.6901408450704225,49,21,20,22,0.6071428571428571,0.6428571428571429,0.0,0.0,0.0,0.0,0.0,0.0,0.0,0.0,0.7,0.47619047619047616,0.0,0.625,0.375,0.5426042881381801,0
JSWSTEEL,5,0.9,910,101,113,2025-07-24,2026-04-22,0.48672566371681414,0.5298507462686567,0.5606060606060606,0.5692307692307692,0.5522388059701493,37,28,18,30,0.584070796460177,0.48672566371681414,0.0,0.0,0.0,0.0,0.0,0.0,0.0,0.0,0.5692307692307692,0.375,0.0,0.5752212389380531,0.4247787610619469,0.4907717195892892,0
JSWSTEEL,6,0.95,961,106,57,2025-12-04,2026-04-22,0.45614035087719296,0.5050505050505052,0.5079365079365079,0.5333333333333333,0.48484848484848486,16,14,10,17,0.45614035087719296,0.45614035087719296,0.0,0.0,0.0,0.0,0.0,0.0,0.0,0.0,0.5333333333333333,0.37037037037037035,0.0,0.5263157894736842,0.47368421052631576,0.2761275384730736,0
VEDL,1,0.7,758,84,121,2024-05-10,2024-12-19,0.6115702479338843,0.587171052631579,0.6928104575163399,0.5955056179775281,0.828125,53,36,21,11,0.628099173553719,0.5867768595041323,0.0,0.0,0.0,0.0,0.0,0.0,0.0,0.0,0.5955056179775281,0.65625,0.0,0.7355371900826446,0.2644628099173554,0.6032614586769559,0
VEDL,2,0.75,813,90,120,2024-09-06,2025-05-07,0.5916666666666667,0.5775862068965517,0.6838709677419355,0.5698924731182796,0.8548387096774194,53,40,18,9,0.5916666666666667,0.48333333333333334,0.0,0.0,0.0,0.0,0.0,0.0,0.0,0.0,0.5698924731182796,0.6666666666666667,0.0,0.775,0.225,0.5243761722394289,0
VEDL,3,0.8,867,96,120,2024-12-20,2025-08-21,0.48333333333333334,0.5290358432898027,0.6265060240963856,0.49523809523809526,0.8524590163934426,52,53,6,9,0.5083333333333333,0.5,0.0,0.0,0.0,0.0,0.0,0.0,0.0,0.0,0.49523809523809526,0.4,0.0,0.875,0.125,0.47897572507544905,0
VEDL,4,0.85,921,102,120,2025-05-08,2025-12-15,0.5416666666666666,0.5660157388516467,0.6540880503144654,0.6046511627906976,0.7123287671232876,52,34,13,21,0.6166666666666667,0.55,0.0,0.0,0.0,0.0,0.0,0.0,0.0,0.0,0.6046511627906976,0.38235294117647056,0.0,0.7166666666666667,0.2833333333333333,0.6419173717034616,0
VEDL,5,0.9,975,108,121,2025-08-26,2026-04-27,0.512396694214876,0.47160493827160493,0.5986394557823129,0.6666666666666666,0.5432098765432098,44,22,18,37,0.4793388429752066,0.4214876033057851,0.0,0.0,0.0,0.0,0.0,0.0,0.0,0.0,0.6666666666666666,0.32727272727272727,0.0,0.5454545454545454,0.45454545454545453,0.5172232251147671,0
VEDL,6,0.95,1029,114,61,2025-12-16,2026-04-27,0.4098360655737705,0.4279176201372998,0.4857142857142857,0.53125,0.4473684210526316,17,15,8,21,0.5573770491803278,0.3770491803278688,0.0,0.0,0.0,0.0,0.0,0.0,0.0,0.0,0.53125,0.27586206896551724,0.0,0.5245901639344263,0.47540983606557374,1.0,0
SAIL,1,0.7,768,85,122,2024-04-29,2024-12-09,0.6639344262295082,0.6916666666666667,0.7050359712230215,0.620253164556962,0.8166666666666667,49,30,32,11,0.5163934426229508,0.6311475409836066,0.0,0.0,0.0,0.0,0.0,0.0,0.0,0.0,0.620253164556962,0.7441860465116279,0.0,0.6475409836065574,0.3524590163934426,0.41931390019715714,0
SAIL,2,0.75,823,91,122,2024-08-26,2025-04-24,0.5409836065573771,0.6045939294503692,0.631578947368421,0.48484848484848486,0.9056603773584906,48,51,18,5,0.4344262295081967,0.5491803278688525,0.0,0.0,0.0,0.0,0.0,0.0,0.0,0.0,0.48484848484848486,0.782608695652174,0.0,0.8114754098360656,0.1885245901639344,0.6013760846994723,0
SAIL,3,0.8,878,97,122,2024-12-10,2025-08-20,0.5819672131147541,0.6077956989247312,0.6751592356687898,0.5578947368421052,0.8548387096774194,53,42,18,9,0.5409836065573771,0.5737704918032787,0.0,0.0,0.0,0.0,0.0,0.0,0.0,0.0,0.5578947368421052,0.6666666666666667,0.0,0.7786885245901639,0.22131147540983606,0.29942450434061135,0
SAIL,4,0.85,933,103,122,2025-04-29,2025-12-15,0.5573770491803278,0.5289009497964722,0.6625,0.5698924731182796,0.7910447761194029,53,40,15,14,0.4918032786885246,0.5245901639344263,0.0,0.0,0.0,0.0,0.0,0.0,0.0,0.0,0.5698924731182796,0.5172413793103448,0.0,0.7622950819672131,0.23770491803278687,1.2292611238938715,0
SAIL,5,0.9,988,109,122,2025-08-21,2026-04-27,0.39344262295081966,0.3784522832923161,0.4307692307692308,0.45901639344262296,0.4057971014492754,28,33,20,41,0.4262295081967213,0.4262295081967213,0.0,0.0,0.0,0.0,0.0,0.0,0.0,0.0,0.45901639344262296,0.3278688524590164,0.0,0.5,0.5,0.5694027291853478,0
SAIL,6,0.95,1043,115,61,2025-12-16,2026-04-27,0.6065573770491803,0.5726190476190476,0.7,0.7,0.7,28,12,9,12,0.5245901639344263,0.3442622950819672,0.0,0.0,0.0,0.0,0.0,0.0,0.0,0.0,0.7,0.4285714285714286,0.0,0.6557377049180327,0.3442622950819672,0.415064621894379,0
NMDC,1,0.7,770,85,122,2024-05-07,2024-12-06,0.5327868852459017,0.5708502024291499,0.6742857142857143,0.5363636363636364,0.9076923076923077,59,51,6,6,0.5163934426229508,0.5327868852459017,0.0,0.0,0.0,0.0,0.0,0.0,0.0,0.0,0.5363636363636364,0.5,0.0,0.9016393442622951,0.09836065573770492,0.2536343747986951,0
NMDC,2,0.75,825,91,122,2024-08-28,2025-04-02,0.5573770491803278,0.5956989247311828,0.6785714285714286,0.5277777777777778,0.95,57,51,11,3,0.5245901639344263,0.4918032786885246,0.0,0.0,0.0,0.0,0.0,0.0,0.0,0.0,0.5277777777777778,0.7857142857142857,0.0,0.8852459016393442,0.11475409836065574,1.0,0
NMDC,3,0.8,880,97,122,2024-12-09,2025-08-04,0.47540983606557374,0.5531342480495023,0.6190476190476191,0.47706422018348627,0.8813559322033898,52,57,6,7,0.47540983606557374,0.48360655737704916,0.0,0.0,0.0,0.0,0.0,0.0,0.0,0.0,0.47706422018348627,0.46153846153846156,0.0,0.8934426229508197,0.10655737704918032,0.6929338136379984,0
NMDC,4,0.85,935,103,122,2025-04-03,2025-12-12,0.639344262295082,0.6655619994476664,0.7142857142857143,0.6626506024096386,0.7746478873239436,55,28,23,16,0.5245901639344263,0.639344262295082,0.0,0.0,0.0,0.0,0.0,0.0,0.0,0.0,0.6626506024096386,0.5897435897435898,0.0,0.680327868852459,0.319672131147541,0.45848683968028975,0
NMDC,5,0.9,990,109,123,2025-08-05,2026-04-27,0.5365853658536586,0.5688997821350763,0.6068965517241379,0.6027397260273972,0.6111111111111112,44,29,22,28,0.5691056910569106,0.4146341463414634,0.0,0.0,0.0,0.0,0.0,0.0,0.0,0.0,0.6027397260273972,0.43999999999999995,0.0,0.5934959349593496,0.4065040650406504,0.4290009190460912,0
NMDC,6,0.95,1044,116,62,2025-12-16,2026-04-27,0.5161290322580645,0.5673076923076923,0.5454545454545454,0.6,0.5,18,12,14,18,0.4838709677419355,0.5,0.0,0.0,0.0,0.0,0.0,0.0,0.0,0.0,0.6,0.4375,0.0,0.4838709677419355,0.5161290322580645,0.4834974688798722,0
LT,1,0.7,696,77,111,2024-04-19,2024-11-26,0.5585585585585585,0.54312047399605,0.6573426573426573,0.5802469135802469,0.7580645161290323,47,34,15,15,0.5405405405405406,0.5675675675675675,0.0,0.0,0.0,0.0,0.0,0.0,0.0,0.0,0.5802469135802469,0.5,0.0,0.7297297297297297,0.2702702702702703,0.6962706564710314,0
LT,2,0.75,746,82,111,2024-08-20,2025-03-21,0.4954954954954955,0.5022950819672132,0.6410256410256411,0.4716981132075472,1.0,50,56,5,0,0.4594594594594595,0.45045045045045046,0.0,0.0,0.0,0.0,0.0,0.0,0.0,0.0,0.4716981132075472,1.0,0.0,0.954954954954955,0.04504504504504504,0.26900643413287956,0
LT,3,0.8,796,88,110,2024-11-27,2025-08-11,0.509090909090909,0.4373333333333333,0.6197183098591549,0.4782608695652174,0.88,44,48,12,6,0.4909090909090909,0.45454545454545453,0.0,0.0,0.0,0.0,0.0,0.0,0.0,0.0,0.4782608695652174,0.6666666666666667,0.0,0.8363636363636363,0.16363636363636364,0.7157334263530227,0
LT,4,0.85,846,93,110,2025-03-24,2025-12-30,0.6272727272727273,0.4054436196535878,0.770949720670391,0.6272727272727273,1.0,69,41,0,0,0.5545454545454546,0.6272727272727273,0.0,0.0,0.0,0.0,0.0,0.0,0.0,0.0,0.6272727272727273,0.0,0.0,1.0,0.0,1.0,0
LT,5,0.9,895,99,111,2025-08-12,2026-04-27,0.6216216216216216,0.527177700348432,0.7613636363636364,0.6320754716981132,0.9571428571428572,67,39,2,3,0.5855855855855856,0.6306306306306306,0.0,0.0,0.0,0.0,0.0,0.0,0.0,0.0,0.6320754716981132,0.4,0.0,0.954954954954955,0.04504504504504504,1.0,0
LT,6,0.95,945,104,56,2025-12-31,2026-04-27,0.5,0.37032258064516127,0.5882352941176471,0.5405405405405406,0.6451612903225806,20,17,8,11,0.35714285714285715,0.39285714285714285,0.0,0.0,0.0,0.0,0.0,0.0,0.0,0.0,0.5405405405405406,0.42105263157894735,0.0,0.6607142857142857,0.3392857142857143,1.4239710618075927,0
SIEMENS,1,0.7,842,93,134,2024-02-12,2024-10-28,0.5522388059701493,0.6118686868686869,0.5833333333333334,0.7777777777777778,0.4666666666666667,42,12,32,48,0.5597014925373134,0.4253731343283582,0.0,0.0,0.0,0.0,0.0,0.0,0.0,0.0,0.7777777777777778,0.4,0.0,0.40298507462686567,0.5970149253731343,0.4894175912691526,0
SIEMENS,2,0.75,902,100,134,2024-07-01,2025-03-03,0.5,0.43355855855855857,0.6127167630057804,0.4690265486725664,0.8833333333333333,53,60,14,7,0.41044776119402987,0.5298507462686567,0.0,0.0,0.0,0.0,0.0,0.0,0.0,0.0,0.4690265486725664,0.6666666666666667,0.0,0.8432835820895522,0.15671641791044777,0.1656168707541784,0
SIEMENS,3,0.8,963,106,134,2024-10-30,2025-07-23,0.47761194029850745,0.4164426523297491,0.6354166666666666,0.46923076923076923,0.9838709677419355,61,69,3,1,0.5149253731343284,0.5,0.0,0.0,0.0,0.0,0.0,0.0,0.0,0.0,0.46923076923076923,0.75,0.0,0.9701492537313433,0.029850746268656716,0.294707850901833,0
SIEMENS,4,0.85,1023,113,134,2025-03-05,2025-12-05,0.5223880597014925,0.48625083836351446,0.6831683168316832,0.5267175572519084,0.971830985915493,69,62,1,2,0.5298507462686567,0.5298507462686567,0.0,0.0,0.0,0.0,0.0,0.0,0.0,0.0,0.5267175572519084,0.33333333333333337,0.0,0.9776119402985075,0.022388059701492536,1.0,0
SIEMENS,5,0.9,1083,120,134,2025-07-24,2026-04-23,0.43283582089552236,0.42488210195373904,0.6041666666666666,0.44274809160305345,0.9508196721311475,58,73,0,3,0.44776119402985076,0.4552238805970149,0.0,0.0,0.0,0.0,0.0,0.0,0.0,0.0,0.44274809160305345,0.0,0.0,0.9776119402985075,0.022388059701492536,1.0,0
SIEMENS,6,0.95,1143,127,67,2025-12-08,2026-04-23,0.373134328358209,0.39629629629629626,0.5116279069767442,0.3728813559322034,0.8148148148148148,22,37,3,5,0.43283582089552236,0.4626865671641791,0.0,0.0,0.0,0.0,0.0,0.0,0.0,0.0,0.3728813559322034,0.375,0.0,0.8805970149253731,0.11940298507462686,1.0,0
BHEL,1,0.7,898,99,143,2023-12-20,2024-09-26,0.4965034965034965,0.5303225806451614,0.5662650602409639,0.6438356164383562,0.5053763440860215,47,26,24,46,0.4825174825174825,0.6503496503496503,0.0,0.0,0.0,0.0,0.0,0.0,0.0,0.0,0.6438356164383562,0.34285714285714286,0.0,0.5104895104895105,0.48951048951048953,0.11627957499118582,0
BHEL,2,0.75,962,106,143,2024-05-10,2025-02-03,0.48951048951048953,0.579113924050633,0.6054054054054054,0.4628099173553719,0.875,56,65,14,8,0.5664335664335665,0.44755244755244755,0.0,0.0,0.0,0.0,0.0,0.0,0.0,0.0,0.4628099173553719,0.6363636363636364,0.0,0.8461538461538461,0.15384615384615385,0.10000660285425449,0
BHEL,3,0.8,1026,114,142,2024-09-27,2025-06-26,0.5070422535211268,0.45114427860696515,0.6534653465346535,0.4888888888888889,0.9850746268656716,66,69,6,1,0.5,0.47183098591549294,0.0,0.0,0.0,0.0,0.0,0.0,0.0,0.0,0.4888888888888889,0.8571428571428572,0.0,0.9507042253521126,0.04929577464788732,0.41798116717007805,0
BHEL,4,0.85,1090,121,142,2025-02-04,2025-11-17,0.4859154929577465,0.41573926868044514,0.6540284360189573,0.5036496350364964,0.9324324324324325,69,68,0,5,0.4647887323943662,0.5211267605633803,0.0,0.0,0.0,0.0,0.0,0.0,0.0,0.0,0.5036496350364964,0.0,0.0,0.9647887323943662,0.035211267605633804,1.0,0
BHEL,5,0.9,1154,128,143,2025-06-27,2026-04-27,0.5524475524475524,0.5571428571428572,0.6363636363636364,0.5436893203883495,0.7671232876712328,56,47,23,17,0.5174825174825175,0.5384615384615384,0.0,0.0,0.0,0.0,0.0,0.0,0.0,0.0,0.5436893203883495,0.575,0.0,0.7202797202797203,0.27972027972027974,0.4633082287735504,0
BHEL,6,0.95,1218,135,72,2025-11-18,2026-04-27,0.4444444444444444,0.2968142968142968,0.5652173913043478,0.49056603773584906,0.6666666666666666,26,27,6,13,0.5416666666666666,0.5416666666666666,0.0,0.0,0.0,0.0,0.0,0.0,0.0,0.0,0.49056603773584906,0.3157894736842105,0.0,0.7361111111111112,0.2638888888888889,0.10049595751753974,0
ABB,1,0.7,837,92,133,2024-01-25,2024-10-07,0.46616541353383456,0.46868686868686865,0.5298013245033113,0.6349206349206349,0.45454545454545453,40,23,22,48,0.518796992481203,0.6616541353383458,0.0,0.0,0.0,0.0,0.0,0.0,0.0,0.0,0.6349206349206349,0.3142857142857143,0.0,0.47368421052631576,0.5263157894736842,1.0,0
ABB,2,0.75,897,99,132,2024-06-03,2025-01-31,0.45454545454545453,0.4382488479262673,0.5862068965517241,0.45535714285714285,0.8225806451612904,51,61,9,11,0.5303030303030303,0.4696969696969697,0.0,0.0,0.0,0.0,0.0,0.0,0.0,0.0,0.45535714285714285,0.44999999999999996,0.0,0.8484848484848485,0.15151515151515152,0.2508808146434362,0
ABB,3,0.8,956,106,133,2024-10-08,2025-06-19,0.47368421052631576,0.431002331002331,0.6067415730337079,0.43902439024390244,0.9818181818181818,54,69,9,1,0.5714285714285714,0.41353383458646614,0.0,0.0,0.0,0.0,0.0,0.0,0.0,0.0,0.43902439024390244,0.9,0.0,0.924812030075188,0.07518796992481203,0.24493774382184258,0
ABB,4,0.85,1016,112,133,2025-02-01,2025-11-21,0.48120300751879697,0.4458105646630237,0.6349206349206349,0.46875,0.9836065573770492,60,68,4,1,0.42857142857142855,0.45864661654135336,0.0,0.0,0.0,0.0,0.0,0.0,0.0,0.0,0.46875,0.8,0.0,0.9624060150375939,0.03759398496240601,1.0,0
ABB,5,0.9,1076,119,133,2025-06-23,2026-04-24,0.47368421052631576,0.516356201726488,0.631578947368421,0.46875,0.967741935483871,60,68,3,2,0.48120300751879697,0.46616541353383456,0.0,0.0,0.0,0.0,0.0,0.0,0.0,0.0,0.46875,0.6,0.0,0.9624060150375939,0.03759398496240601,1.0,0
ABB,6,0.95,1135,126,67,2025-11-24,2026-04-24,0.582089552238806,0.5705357142857143,0.6666666666666666,0.5714285714285714,0.8,28,21,11,7,0.4925373134328358,0.4925373134328358,0.0,0.0,0.0,0.0,0.0,0.0,0.0,0.0,0.5714285714285714,0.6111111111111112,0.0,0.7313432835820896,0.26865671641791045,0.1462889466743851,0
HAVELLS,1,0.7,798,88,127,2024-01-19,2024-10-10,0.6062992125984252,0.5024916943521595,0.7252747252747253,0.673469387755102,0.7857142857142857,66,32,11,18,0.5748031496062992,0.6456692913385826,0.0,0.0,0.0,0.0,0.0,0.0,0.0,0.0,0.673469387755102,0.3793103448275862,0.0,0.7716535433070866,0.2283464566929134,0.4820223011958722,0
HAVELLS,2,0.75,855,95,126,2024-06-05,2025-02-03,0.5873015873015873,0.5454085504679991,0.543859649122807,0.5636363636363636,0.5254237288135594,31,24,43,28,0.6031746031746031,0.5555555555555556,0.0,0.0,0.0,0.0,0.0,0.0,0.0,0.0,0.5636363636363636,0.6056338028169015,0.0,0.4365079365079365,0.5634920634920635,0.608187549339864,0
HAVELLS,3,0.8,912,101,127,2024-10-11,2025-07-02,0.4645669291338583,0.5249872514023458,0.5903614457831325,0.4336283185840708,0.9245283018867925,49,64,10,4,0.47244094488188976,0.4330708661417323,0.0,0.0,0.0,0.0,0.0,0.0,0.0,0.0,0.4336283185840708,0.7142857142857143,0.0,0.889763779527559,0.11023622047244094,0.34612284379738606,0
HAVELLS,4,0.85,969,107,127,2025-02-04,2025-12-03,0.41732283464566927,0.42784293727689954,0.5697674418604651,0.4117647058823529,0.9245283018867925,49,70,4,4,0.4566929133858268,0.4251968503937008,0.0,0.0,0.0,0.0,0.0,0.0,0.0,0.0,0.4117647058823529,0.5,0.0,0.937007874015748,0.06299212598425197,1.0,0
HAVELLS,5,0.9,1026,114,127,2025-07-03,2026-04-24,0.41732283464566927,0.4494324045407637,0.44776119402985076,0.3614457831325301,0.5882352941176471,30,53,23,21,0.3700787401574803,0.4015748031496063,0.0,0.0,0.0,0.0,0.0,0.0,0.0,0.0,0.3614457831325301,0.5227272727272727,0.0,0.6535433070866141,0.3464566929133858,1.0,0
HAVELLS,6,0.95,1083,120,64,2025-12-04,2026-04-24,0.375,0.3263263263263263,0.3103448275862069,0.2903225806451613,0.3333333333333333,9,22,15,18,0.375,0.578125,0.0,0.0,0.0,0.0,0.0,0.0,0.0,0.0,0.2903225806451613,0.4545454545454546,0.0,0.484375,0.515625,0.3392687667400612,0
POLYCAB,1,0.7,677,75,108,2024-06-07,2025-01-07,0.5,0.6123499142367067,0.6625,0.4953271028037383,1.0,53,54,1,0,0.5185185185185185,0.4722222222222222,0.0,0.0,0.0,0.0,0.0,0.0,0.0,0.0,0.4953271028037383,1.0,0.0,0.9907407407407407,0.009259259259259259,0.2041117154229221,0
POLYCAB,2,0.75,726,80,107,2024-09-30,2025-04-16,0.48598130841121495,0.6321678321678321,0.6540880503144654,0.48598130841121495,1.0,52,55,0,0,0.4205607476635514,0.48598130841121495,0.0,0.0,0.0,0.0,0.0,0.0,0.0,0.0,0.48598130841121495,0.0,0.0,1.0,0.0,0.33491338704937856,0
POLYCAB,3,0.8,774,86,107,2025-01-08,2025-08-12,0.6355140186915887,0.5805617147080562,0.7719298245614035,0.6285714285714286,1.0,66,39,2,0,0.616822429906542,0.6261682242990654,0.0,0.0,0.0,0.0,0.0,0.0,0.0,0.0,0.6285714285714286,1.0,0.0,0.9813084112149533,0.018691588785046728,1.0,0
POLYCAB,4,0.85,822,91,108,2025-04-17,2025-12-22,0.6481481481481481,0.47268673355629875,0.7790697674418605,0.6504854368932039,0.9710144927536232,67,36,3,2,0.6296296296296297,0.6574074074074074,0.0,0.0,0.0,0.0,0.0,0.0,0.0,0.0,0.6504854368932039,0.6,0.0,0.9537037037037037,0.046296296296296294,2.0009324808333546,0
POLYCAB,5,0.9,871,96,108,2025-08-13,2026-04-27,0.46296296296296297,0.4768965517241379,0.5671641791044776,0.5,0.6551724137931034,38,38,12,20,0.4722222222222222,0.48148148148148145,0.0,0.0,0.0,0.0,0.0,0.0,0.0,0.0,0.5,0.375,0.0,0.7037037037037037,0.2962962962962963,0.6483426658616093,0
POLYCAB,6,0.95,919,102,54,2025-12-29,2026-04-27,0.35185185185185186,0.3296551724137931,0.3137254901960784,0.36363636363636365,0.27586206896551724,8,14,11,21,0.35185185185185186,0.5185185185185185,0.0,0.0,0.0,0.0,0.0,0.0,0.0,0.0,0.36363636363636365,0.34375,0.0,0.4074074074074074,0.5925925925925926,0.7369290790414067,0
CUMMINSIND,1,0.7,731,81,116,2024-05-14,2024-12-18,0.5258620689655172,0.608385370205174,0.6666666666666666,0.5188679245283019,0.9322033898305084,55,51,6,4,0.5431034482758621,0.5086206896551724,0.0,0.0,0.0,0.0,0.0,0.0,0.0,0.0,0.5188679245283019,0.6,0.0,0.9137931034482759,0.08620689655172414,0.14006485468370622,0
CUMMINSIND,2,0.75,783,87,116,2024-08-27,2025-04-09,0.4396551724137931,0.5565610859728507,0.6060606060606061,0.43859649122807015,0.9803921568627451,50,64,1,1,0.46551724137931033,0.4396551724137931,0.0,0.0,0.0,0.0,0.0,0.0,0.0,0.0,0.43859649122807015,0.5,0.0,0.9827586206896551,0.017241379310344827,0.17677983651988805,0
CUMMINSIND,3,0.8,836,92,116,2024-12-19,2025-08-07,0.5431034482758621,0.4371995192307692,0.7005649717514124,0.5486725663716814,0.96875,62,51,1,2,0.5258620689655172,0.5258620689655172,0.0,0.0,0.0,0.0,0.0,0.0,0.0,0.0,0.5486725663716814,0.33333333333333337,0.0,0.9741379310344828,0.02586206896551724,0.27260036477780825,0
CUMMINSIND,4,0.85,888,98,116,2025-04-16,2025-12-22,0.6293103448275862,0.4837495723571673,0.7724867724867724,0.6636363636363637,0.9240506329113924,73,37,0,6,0.5775862068965517,0.6810344827586207,0.0,0.0,0.0,0.0,0.0,0.0,0.0,0.0,0.6636363636363637,0.0,0.0,0.9482758620689655,0.05172413793103448,1.0,0
CUMMINSIND,5,0.9,940,104,116,2025-08-11,2026-04-24,0.6120689655172413,0.4520592020592021,0.7486033519553073,0.638095238095238,0.9054054054054054,67,38,4,7,0.5172413793103449,0.5775862068965517,0.0,0.0,0.0,0.0,0.0,0.0,0.0,0.0,0.638095238095238,0.36363636363636365,0.0,0.9051724137931034,0.09482758620689655,0.36143787471215655,0
CUMMINSIND,6,0.95,992,110,58,2025-12-23,2026-04-24,0.4827586206896552,0.45075757575757575,0.6511627906976745,0.56,0.7777777777777778,28,22,0,8,0.5689655172413793,0.43103448275862066,0.0,0.0,0.0,0.0,0.0,0.0,0.0,0.0,0.56,0.0,0.0,0.8620689655172413,0.13793103448275862,0.5267632978292287,0
BHARTIARTL,1,0.7,669,74,106,2024-04-29,2024-11-13,0.5849056603773585,0.5873188405797102,0.7142857142857143,0.5851063829787234,0.9166666666666666,55,39,7,5,0.5471698113207547,0.5660377358490566,0.0,0.0,0.0,0.0,0.0,0.0,0.0,0.0,0.5851063829787234,0.5833333333333333,0.0,0.8867924528301887,0.11320754716981132,0.5425470553455815,0
BHARTIARTL,2,0.75,717,79,106,2024-08-26,2025-03-20,0.4811320754716981,0.42678123881131397,0.6258503401360545,0.5111111111111111,0.8070175438596491,46,44,5,11,0.5377358490566038,0.4716981132075472,0.0,0.0,0.0,0.0,0.0,0.0,0.0,0.0,0.5111111111111111,0.3125,0.0,0.8490566037735849,0.1509433962264151,0.5136270291904207,0
BHARTIARTL,3,0.8,765,84,106,2024-11-14,2025-08-08,0.5754716981132075,0.42776735459662285,0.7272727272727273,0.6,0.9230769230769231,60,40,1,5,0.5566037735849056,0.6037735849056604,0.0,0.0,0.0,0.0,0.0,0.0,0.0,0.0,0.6,0.16666666666666663,0.0,0.9433962264150944,0.05660377358490566,0.6471453410721489,0
BHARTIARTL,4,0.85,812,90,106,2025-03-25,2025-11-26,0.5566037735849056,0.3968253968253968,0.7116564417177914,0.58,0.9206349206349206,58,42,1,5,0.5094339622641509,0.5943396226415094,0.0,0.0,0.0,0.0,0.0,0.0,0.0,0.0,0.58,0.16666666666666663,0.0,0.9433962264150944,0.05660377358490566,1.0,0
BHARTIARTL,5,0.9,860,95,107,2025-08-11,2026-04-24,0.45794392523364486,0.4810924369747899,0.6282051282051282,0.4666666666666667,0.9607843137254902,49,56,0,2,0.4766355140186916,0.4766355140186916,0.0,0.0,0.0,0.0,0.0,0.0,0.0,0.0,0.4666666666666667,0.0,0.0,0.9813084112149533,0.018691588785046728,0.4886694074610408,0
BHARTIARTL,6,0.95,908,100,54,2025-12-04,2026-04-24,0.3333333333333333,0.5324074074074074,0.47058823529411764,0.32,0.8888888888888888,16,34,2,2,0.35185185185185186,0.35185185185185186,0.0,0.0,0.0,0.0,0.0,0.0,0.0,0.0,0.32,0.5,0.0,0.9259259259259259,0.07407407407407407,0.7205382505907699,0
INDUSTOWER,1,0.7,736,81,117,2024-04-15,2024-12-02,0.49572649572649574,0.531140350877193,0.3655913978494624,0.5151515151515151,0.2833333333333333,17,16,41,43,0.5555555555555556,0.4700854700854701,0.0,0.0,0.0,0.0,0.0,0.0,0.0,0.0,0.5151515151515151,0.48809523809523814,0.0,0.28205128205128205,0.717948717948718,1.0,0
INDUSTOWER,2,0.75,789,87,116,2024-08-22,2025-03-26,0.4396551724137931,0.49030303030303024,0.5038167938931297,0.4074074074074074,0.66,33,48,18,17,0.5344827586206896,0.4051724137931034,0.0,0.0,0.0,0.0,0.0,0.0,0.0,0.0,0.4074074074074074,0.5142857142857142,0.0,0.6982758620689655,0.3017241379310345,0.1835362512634156,0
INDUSTOWER,3,0.8,841,93,117,2024-12-03,2025-07-24,0.48717948717948717,0.4447691408533022,0.5,0.4838709677419355,0.5172413793103449,30,32,27,28,0.5299145299145299,0.4700854700854701,0.0,0.0,0.0,0.0,0.0,0.0,0.0,0.0,0.4838709677419355,0.49090909090909096,0.0,0.5299145299145299,0.4700854700854701,0.43428847437283946,0
INDUSTOWER,4,0.85,893,99,117,2025-03-27,2025-11-21,0.4358974358974359,0.39289940828402364,0.47619047619047616,0.4918032786885246,0.46153846153846156,30,31,21,35,0.4700854700854701,0.4358974358974359,0.0,0.0,0.0,0.0,0.0,0.0,0.0,0.0,0.4918032786885246,0.375,0.0,0.5213675213675214,0.47863247863247865,0.6844719699491775,0
INDUSTOWER,5,0.9,946,105,117,2025-07-25,2026-04-16,0.4700854700854701,0.4266191325014855,0.5507246376811594,0.5277777777777778,0.5757575757575758,38,34,17,28,0.49572649572649574,0.48717948717948717,0.0,0.0,0.0,0.0,0.0,0.0,0.0,0.0,0.5277777777777778,0.37777777777777777,0.0,0.6153846153846154,0.38461538461538464,0.13187900028647603,0
INDUSTOWER,6,0.95,999,110,59,2025-12-01,2026-04-16,0.4067796610169492,0.46352941176470586,0.36363636363636365,0.47619047619047616,0.29411764705882354,10,11,14,24,0.3728813559322034,0.576271186440678,0.0,0.0,0.0,0.0,0.0,0.0,0.0,0.0,0.47619047619047616,0.368421052631579,0.0,0.3559322033898305,0.6440677966101694,1.0,0
AMBUJACEM,1,0.7,716,79,114,2024-04-24,2024-12-12,0.4649122807017544,0.44625000000000004,0.5271317829457365,0.43037974683544306,0.68,34,45,19,16,0.4298245614035088,0.5614035087719298,0.0,0.0,0.0,0.0,0.0,0.0,0.0,0.0,0.43037974683544306,0.5428571428571429,0.0,0.6929824561403509,0.30701754385964913,0.31340868552143575,0
AMBUJACEM,2,0.75,767,85,114,2024-08-21,2025-04-02,0.4649122807017544,0.47439613526570046,0.5196850393700787,0.4024390243902439,0.7333333333333333,33,49,20,12,0.43859649122807015,0.47368421052631576,0.0,0.0,0.0,0.0,0.0,0.0,0.0,0.0,0.4024390243902439,0.625,0.0,0.7192982456140351,0.2807017543859649,0.49413385270954024,0
AMBUJACEM,3,0.8,819,90,114,2024-12-13,2025-08-01,0.5789473684210527,0.6181818181818182,0.6363636363636364,0.5454545454545454,0.7636363636363637,42,35,24,13,0.5526315789473685,0.5175438596491229,0.0,0.0,0.0,0.0,0.0,0.0,0.0,0.0,0.5454545454545454,0.6486486486486487,0.0,0.6754385964912281,0.32456140350877194,1.0,0
AMBUJACEM,4,0.85,870,96,114,2025-04-03,2025-12-22,0.5350877192982456,0.6214042684812866,0.4421052631578947,0.5,0.39622641509433965,21,21,40,32,0.5175438596491229,0.5350877192982456,0.0,0.0,0.0,0.0,0.0,0.0,0.0,0.0,0.5,0.5555555555555556,0.0,0.3684210526315789,0.631578947368421,0.10000660285425449,0
AMBUJACEM,5,0.9,921,102,114,2025-08-04,2026-04-27,0.5175438596491229,0.5445945945945946,0.4329896907216495,0.3684210526315789,0.525,21,36,38,19,0.4824561403508772,0.6491228070175439,0.0,0.0,0.0,0.0,0.0,0.0,0.0,0.0,0.3684210526315789,0.6666666666666667,0.0,0.5,0.5,0.291124566414572,0
AMBUJACEM,6,0.95,972,108,57,2025-12-23,2026-04-27,0.49122807017543857,0.6135734072022161,0.40816326530612246,0.3333333333333333,0.5263157894736842,10,20,18,9,0.47368421052631576,0.6666666666666666,0.0,0.0,0.0,0.0,0.0,0.0,0.0,0.0,0.3333333333333333,0.6666666666666667,0.0,0.5263157894736842,0.47368421052631576,0.13775324736309466,0
GRASIM,1,0.7,691,76,110,2024-03-15,2024-10-31,0.6,0.568953804347826,0.7066666666666667,0.6162790697674418,0.828125,53,33,13,11,0.5909090909090909,0.5909090909090909,0.0,0.0,0.0,0.0,0.0,0.0,0.0,0.0,0.6162790697674418,0.5416666666666667,0.0,0.7818181818181819,0.21818181818181817,0.306804085466874,0
GRASIM,2,0.75,740,82,110,2024-07-19,2025-03-12,0.5,0.5896656534954408,0.6258503401360545,0.46,0.9787234042553191,46,54,9,1,0.4636363636363636,0.6272727272727273,0.0,0.0,0.0,0.0,0.0,0.0,0.0,0.0,0.46,0.9,0.0,0.9090909090909091,0.09090909090909091,0.3627213871588002,0
GRASIM,3,0.8,790,87,110,2024-11-01,2025-07-14,0.4909090909090909,0.43899204244031825,0.6,0.4772727272727273,0.8076923076923077,42,46,12,10,0.5363636363636364,0.5454545454545454,0.0,0.0,0.0,0.0,0.0,0.0,0.0,0.0,0.4772727272727273,0.5454545454545454,0.0,0.8,0.2,0.5965928498570408,0
GRASIM,4,0.85,839,93,110,2025-03-13,2025-11-24,0.5363636363636364,0.5081098973849719,0.6577181208053692,0.532608695652174,0.8596491228070176,49,43,10,8,0.5545454545454546,0.509090909090909,0.0,0.0,0.0,0.0,0.0,0.0,0.0,0.0,0.532608695652174,0.5555555555555556,0.0,0.8363636363636363,0.16363636363636364,0.6282104920156999,0
GRASIM,5,0.9,889,98,110,2025-07-15,2026-04-27,0.5363636363636364,0.5575396825396826,0.6530612244897959,0.5274725274725275,0.8571428571428571,48,43,11,8,0.5272727272727272,0.5454545454545454,0.0,0.0,0.0,0.0,0.0,0.0,0.0,0.0,0.5274725274725275,0.5789473684210527,0.0,0.8272727272727273,0.17272727272727273,1.0,0
GRASIM,6,0.95,938,104,55,2025-11-25,2026-04-27,0.5272727272727272,0.4113756613756614,0.6829268292682927,0.5185185185185185,1.0,28,26,1,0,0.509090909090909,0.509090909090909,0.0,0.0,0.0,0.0,0.0,0.0,0.0,0.0,0.5185185185185185,1.0,0.0,0.9818181818181818,0.01818181818181818,0.6883972566308408,0
ULTRACEMCO,1,0.7,657,73,105,2024-04-02,2024-12-02,0.5523809523809524,0.5392592592592593,0.6758620689655173,0.5764705882352941,0.8166666666666667,49,36,9,11,0.580952380952381,0.5238095238095238,0.0,0.0,0.0,0.0,0.0,0.0,0.0,0.0,0.5764705882352941,0.44999999999999996,0.0,0.8095238095238095,0.19047619047619047,0.8449436622612565,0
ULTRACEMCO,2,0.75,705,78,104,2024-07-23,2025-04-02,0.5096153846153846,0.5658482142857142,0.6482758620689655,0.5280898876404494,0.8392857142857143,47,42,6,9,0.5769230769230769,0.6057692307692307,0.0,0.0,0.0,0.0,0.0,0.0,0.0,0.0,0.5280898876404494,0.4,0.0,0.8557692307692307,0.14423076923076922,0.628024332621391,0
ULTRACEMCO,3,0.8,752,83,104,2024-12-04,2025-08-19,0.6057692307692307,0.6522727272727273,0.7092198581560284,0.6172839506172839,0.8333333333333334,50,31,13,10,0.625,0.5961538461538461,0.0,0.0,0.0,0.0,0.0,0.0,0.0,0.0,0.6172839506172839,0.5652173913043479,0.0,0.7788461538461539,0.22115384615384615,0.6257431320401747,0
ULTRACEMCO,4,0.85,799,88,104,2025-04-04,2025-12-17,0.47115384615384615,0.421875,0.6258503401360545,0.46464646464646464,0.9583333333333334,46,53,3,2,0.4519230769230769,0.4519230769230769,0.0,0.0,0.0,0.0,0.0,0.0,0.0,0.0,0.46464646464646464,0.6,0.0,0.9519230769230769,0.04807692307692308,0.3631055278611639,0
ULTRACEMCO,5,0.9,846,93,105,2025-08-20,2026-04-24,0.4095238095238095,0.4233333333333333,0.48333333333333334,0.38666666666666666,0.6444444444444445,29,46,14,16,0.37142857142857144,0.3904761904761905,0.0,0.0,0.0,0.0,0.0,0.0,0.0,0.0,0.38666666666666666,0.4666666666666667,0.0,0.7142857142857143,0.2857142857142857,0.331852407975748,0
ULTRACEMCO,6,0.95,892,99,53,2025-12-18,2026-04-24,0.5283018867924528,0.5028985507246377,0.5614035087719298,0.5925925925925926,0.5333333333333333,16,11,12,14,0.5471698113207547,0.5660377358490566,0.0,0.0,0.0,0.0,0.0,0.0,0.0,0.0,0.5925925925925926,0.46153846153846156,0.0,0.5094339622641509,0.49056603773584906,1.0,0
SHREECEM,1,0.7,676,75,107,2024-04-16,2024-11-27,0.5794392523364486,0.5843971631205673,0.6762589928057554,0.5949367088607594,0.7833333333333333,47,32,15,13,0.5327102803738317,0.5607476635514018,0.0,0.0,0.0,0.0,0.0,0.0,0.0,0.0,0.5949367088607594,0.5357142857142857,0.0,0.7383177570093458,0.2616822429906542,2.0953882422583696,0
SHREECEM,2,0.75,724,80,108,2024-08-26,2025-03-24,0.5,0.43892045454545453,0.6086956521739131,0.5675675675675675,0.65625,42,32,12,22,0.46296296296296297,0.5925925925925926,0.0,0.0,0.0,0.0,0.0,0.0,0.0,0.0,0.5675675675675675,0.3529411764705882,0.0,0.6851851851851852,0.3148148148148148,0.10000660285425449,0
SHREECEM,3,0.8,773,85,107,2024-11-28,2025-07-21,0.5420560747663551,0.5860215053763441,0.5242718446601942,0.6585365853658537,0.43548387096774194,27,14,31,35,0.5420560747663551,0.5046728971962616,0.0,0.0,0.0,0.0,0.0,0.0,0.0,0.0,0.6585365853658537,0.4696969696969697,0.0,0.38317757009345793,0.616822429906542,0.657252476866341,0
SHREECEM,4,0.85,821,91,107,2025-03-25,2025-12-12,0.48598130841121495,0.5037707390648567,0.5045045045045045,0.3888888888888889,0.717948717948718,28,44,24,11,0.45794392523364486,0.411214953271028,0.0,0.0,0.0,0.0,0.0,0.0,0.0,0.0,0.3888888888888889,0.6857142857142857,0.0,0.6728971962616822,0.32710280373831774,0.18482016006449528,0
SHREECEM,5,0.9,869,96,108,2025-07-22,2026-04-23,0.4537037037037037,0.5060150375939849,0.4380952380952381,0.34328358208955223,0.6052631578947368,23,44,26,15,0.39814814814814814,0.5092592592592593,0.0,0.0,0.0,0.0,0.0,0.0,0.0,0.0,0.34328358208955223,0.6341463414634146,0.0,0.6203703703703703,0.37962962962962965,0.3175045242865824,0
SHREECEM,6,0.95,918,101,54,2025-12-15,2026-04-23,0.5185185185185185,0.6318681318681318,0.6285714285714286,0.5,0.8461538461538461,22,22,6,4,0.5740740740740741,0.48148148148148145,0.0,0.0,0.0,0.0,0.0,0.0,0.0,0.0,0.5,0.6,0.0,0.8148148148148148,0.18518518518518517,1.0,0
TITAN,1,0.7,817,90,129,2023-12-01,2024-10-07,0.5193798449612403,0.4390123456790123,0.6630434782608695,0.5596330275229358,0.8133333333333334,61,48,6,14,0.5658914728682171,0.5271317829457365,0.0,0.0,0.0,0.0,0.0,0.0,0.0,0.0,0.5596330275229358,0.30000000000000004,0.0,0.8449612403100775,0.15503875968992248,0.5102432280600582,0
TITAN,2,0.75,875,97,129,2024-05-24,2025-02-14,0.4263565891472868,0.36595434677027683,0.5795454545454546,0.4322033898305085,0.8793103448275862,51,67,4,7,0.4418604651162791,0.3798449612403101,0.0,0.0,0.0,0.0,0.0,0.0,0.0,0.0,0.4322033898305085,0.36363636363636365,0.0,0.9147286821705426,0.08527131782945736,0.6050132701873694,0
TITAN,3,0.8,933,103,130,2024-10-10,2025-07-18,0.43846153846153846,0.5993751502042778,0.6096256684491979,0.43846153846153846,1.0,57,73,0,0,0.46153846153846156,0.43846153846153846,0.0,0.0,0.0,0.0,0.0,0.0,0.0,0.0,0.43846153846153846,0.0,0.0,1.0,0.0,1.0,0
TITAN,4,0.85,991,110,130,2025-02-17,2025-12-05,0.5615384615384615,0.4736584170546435,0.7076923076923077,0.5847457627118644,0.8961038961038961,69,49,4,8,0.5692307692307692,0.46153846153846156,0.0,0.0,0.0,0.0,0.0,0.0,0.0,0.0,0.5847457627118644,0.33333333333333337,0.0,0.9076923076923077,0.09230769230769231,1.0,0
TITAN,5,0.9,1050,116,130,2025-07-21,2026-04-27,0.6076923076923076,0.5480769230769231,0.6946107784431138,0.651685393258427,0.7435897435897436,58,31,21,20,0.6,0.4,0.0,0.0,0.0,0.0,0.0,0.0,0.0,0.0,0.651685393258427,0.5121951219512195,0.0,0.6846153846153846,0.3153846153846154,1.0,0
TITAN,6,0.95,1108,123,65,2025-12-08,2026-04-27,0.6923076923076923,0.640926640926641,0.7619047619047619,0.6808510638297872,0.8648648648648649,32,15,13,5,0.6153846153846154,0.46153846153846156,0.0,0.0,0.0,0.0,0.0,0.0,0.0,0.0,0.6808510638297872,0.7222222222222222,0.0,0.7230769230769231,0.27692307692307694,1.0,0
ASIANPAINT,1,0.7,771,85,122,2023-12-08,2024-09-25,0.5409836065573771,0.524182275649986,0.6216216216216216,0.6133333333333333,0.6301369863013698,46,29,20,27,0.5245901639344263,0.5409836065573771,0.0,0.0,0.0,0.0,0.0,0.0,0.0,0.0,0.6133333333333333,0.42553191489361697,0.0,0.6147540983606558,0.38524590163934425,0.6482288571737553,0
ASIANPAINT,2,0.75,826,91,122,2024-05-06,2025-02-19,0.4672131147540984,0.46175089754211546,0.43478260869565216,0.390625,0.49019607843137253,25,39,32,26,0.45081967213114754,0.4918032786885246,0.0,0.0,0.0,0.0,0.0,0.0,0.0,0.0,0.390625,0.5517241379310345,0.0,0.5245901639344263,0.47540983606557374,0.5352934009243099,0
ASIANPAINT,3,0.8,881,97,122,2024-09-26,2025-07-14,0.4672131147540984,0.5600233100233101,0.5255474452554745,0.3870967741935484,0.8181818181818182,36,57,21,8,0.4262295081967213,0.5245901639344263,0.0,0.0,0.0,0.0,0.0,0.0,0.0,0.0,0.3870967741935484,0.7241379310344828,0.0,0.7622950819672131,0.23770491803278687,1.0,0
ASIANPAINT,4,0.85,936,103,122,2025-02-20,2025-11-25,0.45081967213114754,0.37857142857142856,0.524822695035461,0.5211267605633803,0.5285714285714286,37,34,18,33,0.5163934426229508,0.4262295081967213,0.0,0.0,0.0,0.0,0.0,0.0,0.0,0.0,0.5211267605633803,0.3529411764705882,0.0,0.5819672131147541,0.4180327868852459,0.10000660285425449,0
ASIANPAINT,5,0.9,990,110,123,2025-07-15,2026-04-24,0.4796747967479675,0.491260593220339,0.38461538461538464,0.4444444444444444,0.3389830508474576,20,25,39,39,0.5528455284552846,0.5203252032520326,0.0,0.0,0.0,0.0,0.0,0.0,0.0,0.0,0.4444444444444444,0.5,0.0,0.36585365853658536,0.6341463414634146,0.1253473686462441,0
ASIANPAINT,6,0.95,1045,116,62,2025-11-26,2026-04-24,0.5806451612903226,0.5829545454545454,0.4583333333333333,0.4230769230769231,0.5,11,15,25,11,0.46774193548387094,0.6612903225806451,0.0,0.0,0.0,0.0,0.0,0.0,0.0,0.0,0.4230769230769231,0.6944444444444444,0.0,0.41935483870967744,0.5806451612903226,0.531705818721428,0
BERGEPAINT,1,0.7,782,86,124,2024-01-15,2024-10-14,0.46774193548387094,0.48615464994775337,0.56,0.5,0.6363636363636364,42,42,16,24,0.5241935483870968,0.46774193548387094,0.0,0.0,0.0,0.0,0.0,0.0,0.0,0.0,0.5,0.4,0.0,0.6774193548387096,0.3225806451612903,1.0,0
BERGEPAINT,2,0.75,837,93,124,2024-06-05,2025-02-24,0.49193548387096775,0.5113904163393559,0.5935483870967742,0.5227272727272727,0.6865671641791045,46,42,15,21,0.5483870967741935,0.4596774193548387,0.0,0.0,0.0,0.0,0.0,0.0,0.0,0.0,0.5227272727272727,0.41666666666666663,0.0,0.7096774193548387,0.2903225806451613,1.0,0
BERGEPAINT,3,0.8,893,99,124,2024-10-15,2025-07-08,0.5403225806451613,0.5132812499999999,0.6586826347305389,0.514018691588785,0.9166666666666666,55,52,12,5,0.5564516129032258,0.5161290322580645,0.0,0.0,0.0,0.0,0.0,0.0,0.0,0.0,0.514018691588785,0.7058823529411764,0.0,0.8629032258064516,0.13709677419354838,1.0,0
BERGEPAINT,4,0.85,949,105,124,2025-02-28,2025-11-26,0.4838709677419355,0.5136612021857924,0.627906976744186,0.4954128440366973,0.8571428571428571,54,55,6,9,0.5080645161290323,0.49193548387096775,0.0,0.0,0.0,0.0,0.0,0.0,0.0,0.0,0.4954128440366973,0.4,0.0,0.8790322580645161,0.12096774193548387,1.0,0
BERGEPAINT,5,0.9,1005,111,125,2025-07-09,2026-04-24,0.368,0.42746666666666666,0.44755244755244755,0.34408602150537637,0.64,32,61,14,18,0.336,0.472,0.0,0.0,0.0,0.0,0.0,0.0,0.0,0.0,0.34408602150537637,0.4375,0.0,0.744,0.256,0.5816163515963662,0
BERGEPAINT,6,0.95,1061,117,63,2025-11-27,2026-04-24,0.3492063492063492,0.3270509977827051,0.22641509433962265,0.1935483870967742,0.2727272727272727,6,25,16,16,0.30158730158730157,0.5714285714285714,0.0,0.0,0.0,0.0,0.0,0.0,0.0,0.0,0.1935483870967742,0.5,0.0,0.49206349206349204,0.5079365079365079,0.6268835618662335,0
PIDILITIND,1,0.7,742,82,118,2023-11-30,2024-08-30,0.5169491525423728,0.5135135135135135,0.6415094339622641,0.6538461538461539,0.6296296296296297,51,27,10,30,0.4745762711864407,0.3135593220338983,0.0,0.0,0.0,0.0,0.0,0.0,0.0,0.0,0.6538461538461539,0.25,0.0,0.6610169491525424,0.3389830508474576,1.0,0
PIDILITIND,2,0.75,795,88,118,2024-04-10,2025-01-15,0.5169491525423728,0.5363401321459351,0.5714285714285714,0.5135135135135135,0.6440677966101694,38,36,23,21,0.5677966101694916,0.4915254237288136,0.0,0.0,0.0,0.0,0.0,0.0,0.0,0.0,0.5135135135135135,0.5227272727272727,0.0,0.6271186440677966,0.3728813559322034,0.3711041492908569,0
PIDILITIND,3,0.8,848,94,118,2024-09-02,2025-06-16,0.4661016949152542,0.5008741258741259,0.5655172413793104,0.44086021505376344,0.7884615384615384,41,52,14,11,0.4152542372881356,0.4915254237288136,0.0,0.0,0.0,0.0,0.0,0.0,0.0,0.0,0.44086021505376344,0.56,0.0,0.788135593220339,0.211864406779661,0.545260888087514,0
PIDILITIND,4,0.85,901,100,118,2025-01-16,2025-11-18,0.4491525423728814,0.5717165898617511,0.5751633986928104,0.4536082474226804,0.7857142857142857,44,53,9,12,0.4745762711864407,0.4491525423728814,0.0,0.0,0.0,0.0,0.0,0.0,0.0,0.0,0.4536082474226804,0.4285714285714286,0.0,0.8220338983050848,0.17796610169491525,0.3574228981280147,0
PIDILITIND,5,0.9,954,106,118,2025-06-18,2026-04-27,0.4915254237288136,0.5913690476190475,0.5384615384615384,0.4268292682926829,0.7291666666666666,35,47,23,13,0.4661016949152542,0.4830508474576271,0.0,0.0,0.0,0.0,0.0,0.0,0.0,0.0,0.4268292682926829,0.6388888888888888,0.0,0.6949152542372882,0.3050847457627119,1.0,0
PIDILITIND,6,0.95,1008,111,59,2025-11-20,2026-04-27,0.6101694915254238,0.5958230958230958,0.5106382978723404,0.48,0.5454545454545454,12,13,24,10,0.4067796610169492,0.6271186440677966,0.0,0.0,0.0,0.0,0.0,0.0,0.0,0.0,0.48,0.7058823529411764,0.0,0.423728813559322,0.576271186440678,1.0,0
VOLTAS,1,0.7,820,91,130,2024-02-28,2024-11-07,0.5076923076923077,0.565897244973939,0.5,0.6530612244897959,0.4050632911392405,32,17,34,47,0.5153846153846153,0.5153846153846153,0.0,0.0,0.0,0.0,0.0,0.0,0.0,0.0,0.6530612244897959,0.41975308641975306,0.0,0.3769230769230769,0.6230769230769231,0.6411041261683401,0
VOLTAS,2,0.75,879,97,130,2024-07-23,2025-03-07,0.4,0.36055871212121204,0.44285714285714284,0.40789473684210525,0.484375,31,45,21,33,0.4153846153846154,0.3384615384615385,0.0,0.0,0.0,0.0,0.0,0.0,0.0,0.0,0.40789473684210525,0.38888888888888884,0.0,0.5846153846153846,0.4153846153846154,0.4114386555678642,0
VOLTAS,3,0.8,937,104,130,2024-11-08,2025-07-24,0.4461538461538462,0.39914060634996423,0.5384615384615384,0.4329896907216495,0.711864406779661,42,55,16,17,0.4846153846153846,0.38461538461538464,0.0,0.0,0.0,0.0,0.0,0.0,0.0,0.0,0.4329896907216495,0.48484848484848486,0.0,0.7461538461538462,0.25384615384615383,0.43569668699460495,0
VOLTAS,4,0.85,996,110,130,2025-03-10,2025-12-04,0.47692307692307695,0.5308349146110056,0.5853658536585366,0.47058823529411764,0.7741935483870968,48,54,14,14,0.5153846153846153,0.47692307692307695,0.0,0.0,0.0,0.0,0.0,0.0,0.0,0.0,0.47058823529411764,0.5,0.0,0.7846153846153846,0.2153846153846154,1.0,0
VOLTAS,5,0.9,1054,117,131,2025-07-28,2026-04-23,0.5801526717557252,0.6355773726040205,0.6099290780141844,0.5443037974683544,0.6935483870967742,43,36,33,19,0.5725190839694656,0.4732824427480916,0.0,0.0,0.0,0.0,0.0,0.0,0.0,0.0,0.5443037974683544,0.6346153846153846,0.0,0.6030534351145038,0.3969465648854962,1.0,0
VOLTAS,6,0.95,1113,123,66,2025-12-05,2026-04-23,0.5909090909090909,0.6764705882352942,0.5573770491803278,0.5862068965517241,0.53125,17,12,22,15,0.5606060606060606,0.6212121212121212,0.0,0.0,0.0,0.0,0.0,0.0,0.0,0.0,0.5862068965517241,0.5945945945945945,0.0,0.4393939393939394,0.5606060606060606,0.45812249887502837,0
PAGEIND,1,0.7,812,90,129,2023-12-28,2024-10-16,0.5503875968992248,0.577530864197531,0.6282051282051282,0.6049382716049383,0.6533333333333333,49,32,22,26,0.5658914728682171,0.5038759689922481,0.0,0.0,0.0,0.0,0.0,0.0,0.0,0.0,0.6049382716049383,0.45833333333333337,0.0,0.627906976744186,0.37209302325581395,1.0,0
PAGEIND,2,0.75,870,96,129,2024-06-04,2025-02-24,0.5968992248062015,0.638138862102218,0.6,0.6290322580645161,0.5735294117647058,39,23,38,29,0.6124031007751938,0.4728682170542636,0.0,0.0,0.0,0.0,0.0,0.0,0.0,0.0,0.6290322580645161,0.5671641791044777,0.0,0.4806201550387597,0.5193798449612403,0.40625738062458555,0
PAGEIND,3,0.8,928,103,129,2024-10-17,2025-07-25,0.5426356589147286,0.5587385652383245,0.528,0.5238095238095238,0.532258064516129,33,30,37,29,0.5891472868217055,0.5426356589147286,0.0,0.0,0.0,0.0,0.0,0.0,0.0,0.0,0.5238095238095238,0.5606060606060606,0.0,0.4883720930232558,0.5116279069767442,0.3938765524608976,0
PAGEIND,4,0.85,986,109,129,2025-02-28,2025-12-09,0.43410852713178294,0.5154320987654322,0.5100671140939598,0.37623762376237624,0.7916666666666666,38,63,18,10,0.4108527131782946,0.43410852713178294,0.0,0.0,0.0,0.0,0.0,0.0,0.0,0.0,0.37623762376237624,0.6428571428571428,0.0,0.7829457364341085,0.21705426356589147,0.5247351779590639,0
PAGEIND,5,0.9,1044,116,129,2025-07-29,2026-04-24,0.4186046511627907,0.6116252168883748,0.4444444444444444,0.30927835051546393,0.7894736842105263,30,67,24,8,0.4573643410852713,0.29457364341085274,0.0,0.0,0.0,0.0,0.0,0.0,0.0,0.0,0.30927835051546393,0.75,0.0,0.751937984496124,0.24806201550387597,1.0,0
PAGEIND,6,0.95,1102,122,65,2025-12-10,2026-04-24,0.5692307692307692,0.561,0.391304347826087,0.42857142857142855,0.36,9,12,28,16,0.5076923076923077,0.6153846153846154,0.0,0.0,0.0,0.0,0.0,0.0,0.0,0.0,0.42857142857142855,0.6363636363636364,0.0,0.3230769230769231,0.676923076923077,1.0,0
DLF,1,0.7,887,98,141,2023-12-18,2024-10-01,0.5886524822695035,0.5796083439761601,0.7264150943396226,0.616,0.8850574712643678,77,48,6,10,0.5531914893617021,0.6170212765957447,0.0,0.0,0.0,0.0,0.0,0.0,0.0,0.0,0.616,0.375,0.0,0.8865248226950354,0.11347517730496454,0.34894073754371496,0
DLF,2,0.75,951,105,140,2024-05-15,2025-02-04,0.55,0.5167483660130718,0.6631016042780749,0.5391304347826087,0.8611111111111112,62,53,15,10,0.5214285714285715,0.5714285714285714,0.0,0.0,0.0,0.0,0.0,0.0,0.0,0.0,0.5391304347826087,0.6,0.0,0.8214285714285714,0.17857142857142858,0.33514236605733555,0
DLF,3,0.8,1014,112,141,2024-10-07,2025-06-27,0.5035460992907801,0.43498389694041867,0.6428571428571429,0.5080645161290323,0.875,63,61,8,9,0.48936170212765956,0.5390070921985816,0.0,0.0,0.0,0.0,0.0,0.0,0.0,0.0,0.5080645161290323,0.47058823529411764,0.0,0.8794326241134752,0.12056737588652482,0.6644689527260633,0
DLF,4,0.85,1077,119,141,2025-02-05,2025-11-18,0.475177304964539,0.5100644122383253,0.5842696629213483,0.47706422018348627,0.7536231884057971,52,57,15,17,0.5035460992907801,0.48936170212765956,0.0,0.0,0.0,0.0,0.0,0.0,0.0,0.0,0.47706422018348627,0.46875,0.0,0.7730496453900709,0.22695035460992907,1.0,0
DLF,5,0.9,1141,126,141,2025-07-04,2026-04-24,0.36879432624113473,0.5010893246187363,0.48554913294797686,0.3442622950819672,0.8235294117647058,42,80,10,9,0.36879432624113473,0.3617021276595745,0.0,0.0,0.0,0.0,0.0,0.0,0.0,0.0,0.3442622950819672,0.5263157894736843,0.0,0.8652482269503546,0.1347517730496454,1.0,0
DLF,6,0.95,1204,133,71,2025-11-19,2026-04-24,0.4647887323943662,0.5304761904761905,0.45714285714285713,0.32653061224489793,0.7619047619047619,16,33,17,5,0.3380281690140845,0.5352112676056338,0.0,0.0,0.0,0.0,0.0,0.0,0.0,0.0,0.32653061224489793,0.7727272727272727,0.0,0.6901408450704225,0.30985915492957744,0.27972051251375,0
DMART,1,0.7,826,91,131,2023-12-22,2024-09-27,0.5954198473282443,0.6267942583732058,0.624113475177305,0.676923076923077,0.5789473684210527,44,21,34,32,0.5343511450381679,0.4198473282442748,0.0,0.0,0.0,0.0,0.0,0.0,0.0,0.0,0.676923076923077,0.5151515151515151,0.0,0.4961832061068702,0.5038167938931297,0.6515586247971645,0
DMART,2,0.75,885,98,131,2024-05-22,2025-01-31,0.45038167938931295,0.48544600938967136,0.49295774647887325,0.4268292682926829,0.5833333333333334,35,47,24,25,0.48854961832061067,0.46564885496183206,0.0,0.0,0.0,0.0,0.0,0.0,0.0,0.0,0.4268292682926829,0.4897959183673469,0.0,0.6259541984732825,0.37404580152671757,0.3824955986201593,0
DMART,3,0.8,944,104,131,2024-09-30,2025-06-17,0.45038167938931295,0.4409133709981167,0.5068493150684932,0.42528735632183906,0.6271186440677966,37,50,22,22,0.3282442748091603,0.5038167938931297,0.0,0.0,0.0,0.0,0.0,0.0,0.0,0.0,0.42528735632183906,0.5,0.0,0.6641221374045801,0.33587786259541985,0.8147257969422776,0
DMART,4,0.85,1003,111,131,2025-02-01,2025-11-07,0.5190839694656488,0.6807511737089201,0.5987261146496815,0.4845360824742268,0.7833333333333333,47,50,21,13,0.3893129770992366,0.5267175572519084,0.0,0.0,0.0,0.0,0.0,0.0,0.0,0.0,0.4845360824742268,0.6176470588235294,0.0,0.7404580152671756,0.2595419847328244,0.10000660285425449,0
DMART,5,0.9,1062,117,132,2025-06-18,2026-04-27,0.4621212121212121,0.4565853658536585,0.5034965034965035,0.3870967741935484,0.72,36,57,25,14,0.4621212121212121,0.4772727272727273,0.0,0.0,0.0,0.0,0.0,0.0,0.0,0.0,0.3870967741935484,0.641025641025641,0.0,0.7045454545454546,0.29545454545454547,0.14613218829557828,0
DMART,6,0.95,1121,124,66,2025-11-11,2026-04-27,0.5151515151515151,0.5,0.5294117647058824,0.42857142857142855,0.6923076923076923,18,24,16,8,0.4090909090909091,0.5606060606060606,0.0,0.0,0.0,0.0,0.0,0.0,0.0,0.0,0.42857142857142855,0.6666666666666667,0.0,0.6363636363636364,0.36363636363636365,1.0,0
GODREJPROP,1,0.7,875,97,139,2023-12-27,2024-10-14,0.5107913669064749,0.5061224489795918,0.575,0.6571428571428571,0.5111111111111111,46,24,25,44,0.5467625899280576,0.5683453237410072,0.0,0.0,0.0,0.0,0.0,0.0,0.0,0.0,0.6571428571428571,0.3623188405797102,0.0,0.5035971223021583,0.49640287769784175,1.8354442363888295,0
GODREJPROP,2,0.75,937,104,139,2024-05-27,2025-02-07,0.5179856115107914,0.4909928780896523,0.5988023952095808,0.47619047619047616,0.8064516129032258,50,55,22,12,0.4892086330935252,0.4460431654676259,0.0,0.0,0.0,0.0,0.0,0.0,0.0,0.0,0.47619047619047616,0.6470588235294117,0.0,0.7553956834532374,0.2446043165467626,0.12677204951496687,0
GODREJPROP,3,0.8,1000,111,139,2024-10-15,2025-07-11,0.381294964028777,0.3794491525423729,0.5376344086021505,0.3937007874015748,0.847457627118644,50,77,3,9,0.460431654676259,0.4244604316546763,0.0,0.0,0.0,0.0,0.0,0.0,0.0,0.0,0.3937007874015748,0.25,0.0,0.9136690647482014,0.08633093525179857,0.44318426690575996,0
GODREJPROP,4,0.85,1062,118,139,2025-02-10,2025-12-01,0.460431654676259,0.3751552795031056,0.5810055865921788,0.47706422018348627,0.7428571428571429,52,57,12,18,0.4460431654676259,0.4676258992805755,0.0,0.0,0.0,0.0,0.0,0.0,0.0,0.0,0.47706422018348627,0.4,0.0,0.7841726618705036,0.2158273381294964,1.0,0
GODREJPROP,5,0.9,1125,125,139,2025-07-14,2026-04-27,0.43884892086330934,0.3770042194092827,0.5185185185185185,0.4117647058823529,0.7,42,60,19,18,0.4244604316546763,0.4316546762589928,0.0,0.0,0.0,0.0,0.0,0.0,0.0,0.0,0.4117647058823529,0.5135135135135135,0.0,0.7338129496402878,0.26618705035971224,1.0,0
GODREJPROP,6,0.95,1188,131,70,2025-12-02,2026-04-27,0.5285714285714286,0.5904121110176619,0.5714285714285714,0.4583333333333333,0.7586206896551724,22,26,15,7,0.42857142857142855,0.6,0.0,0.0,0.0,0.0,0.0,0.0,0.0,0.0,0.4583333333333333,0.6818181818181819,0.0,0.6857142857142857,0.3142857142857143,1.0,0
ADANIENT,1,0.7,841,93,134,2023-11-30,2024-10-08,0.4701492537313433,0.45137491616364855,0.5298013245033113,0.5,0.5633802816901409,40,40,23,31,0.41044776119402987,0.4701492537313433,0.0,0.0,0.0,0.0,0.0,0.0,0.0,0.0,0.5,0.42592592592592593,0.0,0.5970149253731343,0.40298507462686567,0.21929351020627294,0
ADANIENT,2,0.75,901,100,133,2024-05-09,2025-02-12,0.47368421052631576,0.5046620046620047,0.5,0.4117647058823529,0.6363636363636364,35,50,28,20,0.39849624060150374,0.5864661654135338,0.0,0.0,0.0,0.0,0.0,0.0,0.0,0.0,0.4117647058823529,0.5833333333333333,0.0,0.6390977443609023,0.3609022556390977,1.0,0
ADANIENT,3,0.8,962,106,133,2024-10-09,2025-07-03,0.5639097744360902,0.6002298850574712,0.14705882352941177,0.5,0.08620689655172414,5,5,70,53,0.45864661654135336,0.5639097744360902,0.0,0.0,0.0,0.0,0.0,0.0,0.0,0.0,0.5,0.5691056910569106,0.0,0.07518796992481203,0.924812030075188,1.0,0
ADANIENT,4,0.85,1021,113,134,2025-02-13,2025-11-20,0.4925373134328358,0.5435606060606061,0.4426229508196721,0.48214285714285715,0.4090909090909091,27,29,39,39,0.4626865671641791,0.5074626865671642,0.0,0.0,0.0,0.0,0.0,0.0,0.0,0.0,0.48214285714285715,0.5,0.0,0.417910447761194,0.582089552238806,0.10000660285425449,0
ADANIENT,5,0.9,1081,120,134,2025-07-04,2026-04-24,0.6044776119402985,0.5872685185185184,0.43010752688172044,0.5128205128205128,0.37037037037037035,20,19,61,34,0.44029850746268656,0.6044776119402985,0.0,0.0,0.0,0.0,0.0,0.0,0.0,0.0,0.5128205128205128,0.6421052631578947,0.0,0.291044776119403,0.7089552238805971,0.333654863488307,0
ADANIENT,6,0.95,1142,126,67,2025-11-21,2026-04-24,0.582089552238806,0.5668604651162791,0.36363636363636365,0.4,0.3333333333333333,8,12,31,16,0.5671641791044776,0.6417910447761194,0.0,0.0,0.0,0.0,0.0,0.0,0.0,0.0,0.4,0.6595744680851063,0.0,0.29850746268656714,0.7014925373134329,1.0,0
ADANIPORTS,1,0.7,725,80,115,2024-04-05,2024-12-11,0.5304347826086957,0.5484848484848485,0.4807692307692308,0.5102040816326531,0.45454545454545453,25,24,36,30,0.4,0.4956521739130435,0.0,0.0,0.0,0.0,0.0,0.0,0.0,0.0,0.5102040816326531,0.5454545454545454,0.0,0.4260869565217391,0.5739130434782609,0.8394058260577046,0
ADANIPORTS,2,0.75,777,86,115,2024-08-07,2025-04-03,0.45217391304347826,0.5619699934768428,0.496,0.37349397590361444,0.7380952380952381,31,52,21,11,0.5565217391304348,0.48695652173913045,0.0,0.0,0.0,0.0,0.0,0.0,0.0,0.0,0.37349397590361444,0.65625,0.0,0.7217391304347827,0.2782608695652174,0.31264270095179947,0
ADANIPORTS,3,0.8,828,92,115,2024-12-12,2025-08-01,0.5652173913043478,0.5596246973365617,0.6268656716417911,0.5384615384615384,0.75,42,36,23,14,0.5391304347826087,0.5304347826086957,0.0,0.0,0.0,0.0,0.0,0.0,0.0,0.0,0.5384615384615384,0.6216216216216216,0.0,0.6782608695652174,0.3217391304347826,0.7350245340470003,0
ADANIPORTS,4,0.85,881,97,115,2025-04-04,2025-12-02,0.41739130434782606,0.44618272841051315,0.48854961832061067,0.5079365079365079,0.47058823529411764,32,31,16,36,0.5652173913043478,0.45217391304347826,0.0,0.0,0.0,0.0,0.0,0.0,0.0,0.0,0.5079365079365079,0.3076923076923077,0.0,0.5478260869565217,0.45217391304347826,0.3663774472144847,0
ADANIPORTS,5,0.9,932,103,116,2025-08-04,2026-04-27,0.4482758620689655,0.4226527570789866,0.30434782608695654,0.45161290322580644,0.22950819672131148,14,17,38,47,0.47413793103448276,0.41379310344827586,0.0,0.0,0.0,0.0,0.0,0.0,0.0,0.0,0.45161290322580644,0.44705882352941173,0.0,0.2672413793103448,0.7327586206896551,0.6815371109011041,0
ADANIPORTS,6,0.95,984,109,58,2025-12-08,2026-04-27,0.4827586206896552,0.47181372549019607,0.21052631578947367,0.2857142857142857,0.16666666666666666,4,10,24,20,0.5,0.5862068965517241,0.0,0.0,0.0,0.0,0.0,0.0,0.0,0.0,0.2857142857142857,0.5454545454545454,0.0,0.2413793103448276,0.7586206896551724,1.0,0
HAL,1,0.7,745,82,118,2024-04-22,2024-12-05,0.4491525423728814,0.4167398302604624,0.5390070921985816,0.5135135135135135,0.5671641791044776,38,36,15,29,0.4322033898305085,0.4661016949152542,0.0,0.0,0.0,0.0,0.0,0.0,0.0,0.0,0.5135135135135135,0.34090909090909094,0.0,0.6271186440677966,0.3728813559322034,0.20827710364308555,0
HAL,2,0.75,798,88,118,2024-08-09,2025-03-26,0.4915254237288136,0.652199074074074,0.6296296296296297,0.4722222222222222,0.9444444444444444,51,57,7,3,0.5338983050847458,0.4576271186440678,0.0,0.0,0.0,0.0,0.0,0.0,0.0,0.0,0.4722222222222222,0.7,0.0,0.9152542372881356,0.0847457627118644,0.4888063542590873,0
HAL,3,0.8,851,94,118,2024-12-06,2025-07-25,0.4406779661016949,0.6570090722856305,0.6071428571428571,0.4358974358974359,1.0,51,66,1,0,0.4915254237288136,0.4322033898305085,0.0,0.0,0.0,0.0,0.0,0.0,0.0,0.0,0.4358974358974359,1.0,0.0,0.9915254237288136,0.00847457627118644,0.6896078655742464,0
HAL,4,0.85,904,100,118,2025-03-27,2025-12-10,0.4406779661016949,0.5217013888888888,0.5217391304347826,0.42857142857142855,0.6666666666666666,36,48,16,18,0.4745762711864407,0.4576271186440678,0.0,0.0,0.0,0.0,0.0,0.0,0.0,0.0,0.42857142857142855,0.47058823529411764,0.0,0.711864406779661,0.288135593220339,0.15815951870116352,0
HAL,5,0.9,957,106,119,2025-07-29,2026-04-27,0.4957983193277311,0.46951566951566953,0.4,0.43478260869565216,0.37037037037037035,20,26,39,34,0.47058823529411764,0.5294117647058824,0.0,0.0,0.0,0.0,0.0,0.0,0.0,0.0,0.43478260869565216,0.5342465753424658,0.0,0.3865546218487395,0.6134453781512605,0.4095605227171617,0
HAL,6,0.95,1010,112,60,2025-12-11,2026-04-27,0.4166666666666667,0.390625,0.4444444444444444,0.4,0.5,14,21,11,14,0.4666666666666667,0.38333333333333336,0.0,0.0,0.0,0.0,0.0,0.0,0.0,0.0,0.4,0.43999999999999995,0.0,0.5833333333333334,0.4166666666666667,0.5077607097486496,0
BEL,1,0.7,732,81,116,2024-04-26,2024-12-11,0.5258620689655172,0.6198918269230769,0.6666666666666666,0.5445544554455446,0.859375,55,46,6,9,0.5344827586206896,0.5517241379310345,0.0,0.0,0.0,0.0,0.0,0.0,0.0,0.0,0.5445544554455446,0.4,0.0,0.8706896551724138,0.12931034482758622,0.17905224698097297,0
BEL,2,0.75,784,87,116,2024-08-22,2025-04-04,0.5344827586206896,0.6132019115890083,0.6142857142857143,0.5,0.7962962962962963,43,43,19,11,0.43103448275862066,0.5948275862068966,0.0,0.0,0.0,0.0,0.0,0.0,0.0,0.0,0.5,0.6333333333333333,0.0,0.7413793103448276,0.25862068965517243,0.4365375514178024,0
BEL,3,0.8,837,92,116,2024-12-12,2025-07-24,0.47413793103448276,0.4924879807692308,0.6211180124223602,0.5154639175257731,0.78125,50,47,5,14,0.5086206896551724,0.45689655172413796,0.0,0.0,0.0,0.0,0.0,0.0,0.0,0.0,0.5154639175257731,0.26315789473684215,0.0,0.8362068965517241,0.16379310344827586,0.5627817995319335,0
BEL,4,0.85,889,98,116,2025-04-07,2025-12-04,0.5689655172413793,0.5266524520255864,0.6621621621621622,0.6049382716049383,0.7313432835820896,49,32,17,18,0.5775862068965517,0.5603448275862069,0.0,0.0,0.0,0.0,0.0,0.0,0.0,0.0,0.6049382716049383,0.48571428571428577,0.0,0.6982758620689655,0.3017241379310345,0.3819857001304623,0
BEL,5,0.9,941,104,117,2025-07-25,2026-04-24,0.5299145299145299,0.5307017543859649,0.60431654676259,0.5316455696202531,0.7,42,37,20,18,0.47863247863247865,0.5128205128205128,0.0,0.0,0.0,0.0,0.0,0.0,0.0,0.0,0.5316455696202531,0.5263157894736843,0.0,0.6752136752136753,0.3247863247863248,0.4298001690601037,0
BEL,6,0.95,993,110,59,2025-12-05,2026-04-24,0.4915254237288136,0.46313364055299544,0.6153846153846154,0.5106382978723404,0.7741935483870968,24,23,5,7,0.5254237288135594,0.4406779661016949,0.0,0.0,0.0,0.0,0.0,0.0,0.0,0.0,0.5106382978723404,0.41666666666666663,0.0,0.7966101694915254,0.2033898305084746,0.5156764985655541,0
IRFC,1,0.7,481,53,76,2024-12-30,2025-05-22,0.6052631578947368,0.561624649859944,0.5454545454545454,0.5625,0.5294117647058824,18,14,28,16,0.6052631578947368,0.5526315789473685,0.0,0.0,0.0,0.0,0.0,0.0,0.0,0.0,0.5625,0.6363636363636364,0.0,0.42105263157894735,0.5789473684210527,1.0,0
IRFC,2,0.75,515,57,76,2025-03-04,2025-08-01,0.4342105263157895,0.319327731092437,0.2711864406779661,0.32,0.23529411764705882,8,17,25,26,0.42105263157894735,0.42105263157894735,0.0,0.0,0.0,0.0,0.0,0.0,0.0,0.0,0.32,0.4901960784313726,0.0,0.32894736842105265,0.6710526315789473,0.6025070700012221,0
IRFC,3,0.8,549,61,76,2025-05-23,2025-11-10,0.5921052631578947,0.38095238095238093,0.24390243902439024,0.38461538461538464,0.17857142857142858,5,8,40,23,0.5394736842105263,0.631578947368421,0.0,0.0,0.0,0.0,0.0,0.0,0.0,0.0,0.38461538461538464,0.6349206349206349,0.0,0.17105263157894737,0.8289473684210527,0.4217020545082701,0
IRFC,4,0.85,584,64,76,2025-08-04,2026-01-28,0.618421052631579,0.669112252384446,0.21621621621621623,0.5,0.13793103448275862,4,4,43,25,0.618421052631579,0.618421052631579,0.0,0.0,0.0,0.0,0.0,0.0,0.0,0.0,0.5,0.6323529411764706,0.0,0.10526315789473684,0.8947368421052632,1.0,0
IRFC,5,0.9,618,68,77,2025-11-14,2026-04-27,0.6883116883116883,0.6501572327044025,0.5384615384615384,0.5,0.5833333333333334,14,14,39,10,0.6103896103896104,0.6883116883116883,0.0,0.0,0.0,0.0,0.0,0.0,0.0,0.0,0.5,0.7959183673469388,0.0,0.36363636363636365,0.6363636363636364,0.10000660285425449,0
IRFC,6,0.95,652,72,39,2026-01-29,2026-04-27,0.5641025641025641,0.5227272727272727,0.32,0.2857142857142857,0.36363636363636365,4,10,18,7,0.5641025641025641,0.5384615384615384,0.0,0.0,0.0,0.0,0.0,0.0,0.0,0.0,0.2857142857142857,0.72,0.0,0.358974358974359,0.6410256410256411,0.7002605247562734,0
ETERNAL,1,0.7,456,50,72,2025-02-06,2025-06-30,0.4861111111111111,0.511969111969112,0.6542056074766355,0.5,0.9459459459459459,35,35,0,2,0.5138888888888888,0.5138888888888888,0.0,0.0,0.0,0.0,0.0,0.0,0.0,0.0,0.5,0.0,0.0,0.9722222222222222,0.027777777777777776,1.0,0
ETERNAL,2,0.75,488,54,72,2025-04-16,2025-09-15,0.5138888888888888,0.4539732494099135,0.631578947368421,0.5555555555555556,0.7317073170731707,30,24,7,11,0.5277777777777778,0.4027777777777778,0.0,0.0,0.0,0.0,0.0,0.0,0.0,0.0,0.5555555555555556,0.38888888888888884,0.0,0.75,0.25,1.0,0
ETERNAL,3,0.8,521,57,72,2025-07-02,2025-11-20,0.4861111111111111,0.4063467492260062,0.5842696629213483,0.4727272727272727,0.7647058823529411,26,29,9,8,0.4166666666666667,0.4027777777777778,0.0,0.0,0.0,0.0,0.0,0.0,0.0,0.0,0.4727272727272727,0.5294117647058824,0.0,0.7638888888888888,0.2361111111111111,0.33459060356983517,0
ETERNAL,4,0.85,553,61,72,2025-09-16,2026-02-10,0.3611111111111111,0.45819397993311034,0.5,0.3484848484848485,0.8846153846153846,23,43,3,3,0.3611111111111111,0.4722222222222222,0.0,0.0,0.0,0.0,0.0,0.0,0.0,0.0,0.3484848484848485,0.5,0.0,0.9166666666666666,0.08333333333333333,0.5657562060816509,0
ETERNAL,5,0.9,585,65,73,2025-11-26,2026-04-24,0.3287671232876712,0.3806201550387597,0.46153846153846156,0.3442622950819672,0.7,21,40,3,9,0.3424657534246575,0.4794520547945205,0.0,0.0,0.0,0.0,0.0,0.0,0.0,0.0,0.3442622950819672,0.25,0.0,0.8356164383561644,0.1643835616438356,1.0,0
ETERNAL,6,0.95,618,68,37,2026-02-11,2026-04-24,0.35135135135135137,0.4939393939393939,0.42857142857142855,0.3333333333333333,0.6,9,18,4,6,0.32432432432432434,0.43243243243243246,0.0,0.0,0.0,0.0,0.0,0.0,0.0,0.0,0.3333333333333333,0.4,0.0,0.7297297297297297,0.2702702702702703,1.0,0
