symbol,window_id,train_ratio,train_size,val_size,test_size,test_start,test_end,oos_accuracy,auc,f1,precision,recall,tp,fp,tn,fn,lgbm_acc,xgb_acc,lstm_acc,bilstm_acc,gru_acc,cnn_lstm_acc,cnn_gru_acc,tcn_gru_acc,tcn_transformer_acc,nbeats_acc,dir_acc_up,dir_acc_down,pct_neutral,pct_up,pct_down,temperature,dl_models_trained
HDFCBANK,1,0.7,681,75,108,2024-02-29,2024-11-01,0.5,0.5266335227272727,0.5714285714285714,0.5806451612903226,0.5625,36,26,18,28,0.5462962962962963,0.5277777777777778,0.0,0.4537037037037037,0.0,0.0,0.0,0.0,0.5740740740740741,0.5740740740740741,0.5806451612903226,0.3913043478260869,0.0,0.5740740740740741,0.42592592592592593,0.18203000458614083,0
HDFCBANK,2,0.75,729,81,108,2024-07-03,2025-02-28,0.5185185185185185,0.5183533447684391,0.5873015873015873,0.5211267605633803,0.6727272727272727,37,34,19,18,0.5277777777777778,0.4722222222222222,0.0,0.5555555555555556,0.0,0.0,0.0,0.0,0.5185185185185185,0.5277777777777778,0.5211267605633803,0.5135135135135135,0.0,0.6574074074074074,0.3425925925925926,0.7939732741175204,0
HDFCBANK,3,0.8,778,86,108,2024-11-04,2025-07-10,0.5462962962962963,0.5517963027554935,0.5504587155963303,0.625,0.4918032786885246,30,18,29,31,0.5833333333333334,0.5092592592592593,0.0,0.48148148148148145,0.0,0.0,0.0,0.0,0.5,0.5462962962962963,0.625,0.4833333333333333,0.0,0.4444444444444444,0.5555555555555556,0.1000035356387145,0
HDFCBANK,4,0.85,827,91,108,2025-03-03,2025-12-08,0.5092592592592593,0.4821869488536155,0.5826771653543307,0.578125,0.5873015873015873,37,27,18,26,0.5,0.5648148148148148,0.0,0.49074074074074076,0.0,0.0,0.0,0.0,0.5648148148148148,0.5370370370370371,0.578125,0.40909090909090906,0.0,0.5925925925925926,0.4074074074074074,0.1519290482480371,0
HDFCBANK,5,0.9,875,97,109,2025-07-14,2026-04-09,0.45871559633027525,0.5315254237288136,0.5874125874125874,0.45161290322580644,0.84,42,51,8,8,0.48623853211009177,0.43119266055045874,0.0,0.45871559633027525,0.0,0.0,0.0,0.0,0.45871559633027525,0.5229357798165137,0.45161290322580644,0.5,0.0,0.8532110091743119,0.14678899082568808,0.19958919419759866,0
HDFCBANK,6,0.95,924,102,55,2025-12-09,2026-04-09,0.4909090909090909,0.6336088154269973,0.5483870967741935,0.425,0.7727272727272727,17,23,10,5,0.45454545454545453,0.4727272727272727,0.0,0.43636363636363634,0.0,0.0,0.0,0.0,0.41818181818181815,0.5272727272727272,0.425,0.6666666666666667,0.0,0.7272727272727273,0.2727272727272727,0.16204920233947873,3
ICICIBANK,1,0.7,683,75,109,2024-02-15,2024-10-21,0.5045871559633027,0.5256944444444445,0.5714285714285714,0.5806451612903226,0.5625,36,26,19,28,0.5229357798165137,0.5963302752293578,0.0,0.44036697247706424,0.0,0.0,0.0,0.0,0.45871559633027525,0.46788990825688076,0.5806451612903226,0.4042553191489362,0.0,0.5688073394495413,0.43119266055045874,0.7353786687258156,0
ICICIBANK,2,0.75,732,81,108,2024-06-27,2025-03-10,0.4351851851851852,0.4072927416580667,0.5271317829457365,0.4722222222222222,0.5964912280701754,34,38,13,23,0.42592592592592593,0.4351851851851852,0.0,0.5277777777777778,0.0,0.0,0.0,0.0,0.5370370370370371,0.5462962962962963,0.4722222222222222,0.36111111111111116,0.0,0.6666666666666666,0.3333333333333333,0.18317924091036522,0
ICICIBANK,3,0.8,781,86,108,2024-10-22,2025-07-18,0.5277777777777778,0.5,0.6577181208053692,0.5384615384615384,0.8448275862068966,49,42,8,9,0.5462962962962963,0.6018518518518519,0.0,0.5462962962962963,0.0,0.0,0.0,0.0,0.5370370370370371,0.5462962962962963,0.5384615384615384,0.47058823529411764,0.0,0.8425925925925926,0.1574074074074074,0.1533998327812974,0
ICICIBANK,4,0.85,829,92,108,2025-03-12,2025-12-02,0.48148148148148145,0.3935439560439561,0.6363636363636364,0.5,0.875,49,49,3,7,0.49074074074074076,0.5555555555555556,0.0,0.5092592592592593,0.0,0.0,0.0,0.0,0.5185185185185185,0.48148148148148145,0.5,0.30000000000000004,0.0,0.9074074074074074,0.09259259259259259,0.5409686963460117,0
ICICIBANK,5,0.9,878,97,109,2025-07-21,2026-04-09,0.5412844036697247,0.565922920892495,0.6621621621621622,0.5051546391752577,0.9607843137254902,49,48,10,2,0.5412844036697247,0.46788990825688076,0.0,0.42201834862385323,0.0,0.0,0.0,0.0,0.46788990825688076,0.46788990825688076,0.5051546391752577,0.8333333333333334,0.0,0.8899082568807339,0.11009174311926606,0.2825995942084492,0
ICICIBANK,6,0.95,927,102,55,2025-12-04,2026-04-09,0.509090909090909,0.5663129973474801,0.6086956521739131,0.4883720930232558,0.8076923076923077,21,22,7,5,0.5818181818181818,0.4909090909090909,0.0,0.4909090909090909,0.0,0.0,0.0,0.0,0.4727272727272727,0.4909090909090909,0.4883720930232558,0.5833333333333333,0.0,0.7818181818181819,0.21818181818181817,1.3968774075806982,3
SBIN,1,0.7,722,80,114,2024-03-19,2024-11-06,0.5789473684210527,0.5202020202020202,0.6756756756756757,0.6097560975609756,0.7575757575757576,50,32,16,16,0.49122807017543857,0.5087719298245614,0.0,0.4824561403508772,0.0,0.0,0.0,0.0,0.5350877192982456,0.5877192982456141,0.6097560975609756,0.5,0.0,0.7192982456140351,0.2807017543859649,0.21184204033268195,0
SBIN,2,0.75,774,85,115,2024-07-10,2025-02-24,0.5043478260869565,0.4890710382513661,0.6068965517241379,0.4835164835164835,0.8148148148148148,44,47,14,10,0.5043478260869565,0.43478260869565216,0.0,0.48695652173913045,0.0,0.0,0.0,0.0,0.4782608695652174,0.46956521739130436,0.4835164835164835,0.5833333333333333,0.0,0.7913043478260869,0.20869565217391303,0.1692580843549417,0
SBIN,3,0.8,825,91,115,2024-11-07,2025-07-03,0.4782608695652174,0.4915305505142165,0.6296296296296297,0.4857142857142857,0.8947368421052632,51,54,4,6,0.5304347826086957,0.4956521739130435,0.0,0.4782608695652174,0.0,0.0,0.0,0.0,0.5391304347826087,0.48695652173913045,0.4857142857142857,0.4,0.0,0.9130434782608695,0.08695652173913043,0.30296871394854885,0
SBIN,4,0.85,877,97,114,2025-02-27,2025-12-01,0.5175438596491229,0.5494505494505495,0.6583850931677019,0.5520833333333334,0.8153846153846154,53,43,6,12,0.543859649122807,0.5789473684210527,0.0,0.5701754385964912,0.0,0.0,0.0,0.0,0.4649122807017544,0.5350877192982456,0.5520833333333334,0.33333333333333337,0.0,0.8421052631578947,0.15789473684210525,1.2058596963825348,0
SBIN,5,0.9,928,103,115,2025-07-04,2026-04-09,0.4608695652173913,0.4418676561533705,0.5373134328358209,0.5294117647058824,0.5454545454545454,36,32,17,30,0.5391304347826087,0.591304347826087,0.0,0.46956521739130436,0.0,0.0,0.0,0.0,0.5565217391304348,0.5565217391304348,0.5294117647058824,0.36170212765957444,0.0,0.591304347826087,0.40869565217391307,0.5304560874455336,0
SBIN,6,0.95,980,108,58,2025-12-02,2026-04-09,0.41379310344827586,0.39583333333333337,0.5526315789473685,0.5,0.6176470588235294,21,21,3,13,0.5862068965517241,0.46551724137931033,0.0,0.5172413793103449,0.0,0.0,0.0,0.0,0.6551724137931034,0.5862068965517241,0.5,0.1875,0.0,0.7241379310344828,0.27586206896551724,0.104769226761463,3
AXISBANK,1,0.7,744,82,118,2024-03-06,2024-11-01,0.4830508474576271,0.508761850043091,0.5481481481481482,0.4868421052631579,0.6271186440677966,37,39,20,22,0.4915254237288136,0.4322033898305085,0.0,0.5508474576271186,0.0,0.0,0.0,0.0,0.5508474576271186,0.4915254237288136,0.4868421052631579,0.47619047619047616,0.0,0.6440677966101694,0.3559322033898305,0.138850140687195,0
AXISBANK,2,0.75,797,88,118,2024-07-04,2025-03-24,0.4830508474576271,0.5005787037037037,0.46956521739130436,0.4426229508196721,0.5,27,34,30,27,0.5338983050847458,0.4745762711864407,0.0,0.5508474576271186,0.0,0.0,0.0,0.0,0.5084745762711864,0.5847457627118644,0.4426229508196721,0.5263157894736843,0.0,0.5169491525423728,0.4830508474576271,0.12936479693866507,0
AXISBANK,3,0.8,850,94,118,2024-11-04,2025-07-31,0.3983050847457627,0.44278606965174133,0.5234899328859061,0.3979591836734694,0.7647058823529411,39,59,8,12,0.4491525423728814,0.4491525423728814,0.0,0.4406779661016949,0.0,0.0,0.0,0.0,0.4406779661016949,0.4322033898305085,0.3979591836734694,0.4,0.0,0.8305084745762712,0.1694915254237288,0.6636486515119303,0
AXISBANK,4,0.85,903,100,118,2025-03-25,2025-12-05,0.4915254237288136,0.46149425287356327,0.5714285714285714,0.4878048780487805,0.6896551724137931,40,42,18,18,0.3898305084745763,0.5169491525423728,0.0,0.4915254237288136,0.0,0.0,0.0,0.0,0.5,0.5169491525423728,0.4878048780487805,0.5,0.0,0.6949152542372882,0.3050847457627119,0.28029347705769414,0
AXISBANK,5,0.9,956,106,118,2025-08-01,2026-04-09,0.5254237288135594,0.5153868277250504,0.5882352941176471,0.5333333333333333,0.6557377049180327,40,35,22,21,0.5677966101694916,0.5508474576271186,0.0,0.5084745762711864,0.0,0.0,0.0,0.0,0.4745762711864407,0.5,0.5333333333333333,0.5116279069767442,0.0,0.635593220338983,0.3644067796610169,0.4847476655517863,0
AXISBANK,6,0.95,1009,112,59,2025-12-10,2026-04-09,0.6440677966101694,0.6048387096774194,0.5531914893617021,0.6842105263157895,0.4642857142857143,13,6,25,15,0.4745762711864407,0.5423728813559322,0.0,0.4745762711864407,0.0,0.0,0.0,0.0,0.5254237288135594,0.559322033898305,0.6842105263157895,0.625,0.0,0.3220338983050847,0.6779661016949152,0.15468908858349661,3
INDUSINDBK,1,0.7,782,86,124,2024-03-19,2024-12-11,0.4435483870967742,0.49358470803875365,0.5369127516778524,0.43478260869565216,0.7017543859649122,40,52,15,17,0.532258064516129,0.4596774193548387,0.0,0.5403225806451613,0.0,0.0,0.0,0.0,0.4596774193548387,0.4112903225806452,0.43478260869565216,0.46875,0.0,0.7419354838709677,0.25806451612903225,0.1000035356387145,0
INDUSINDBK,2,0.75,837,93,124,2024-08-05,2025-04-09,0.47580645161290325,0.48046875,0.5859872611464968,0.4742268041237113,0.7666666666666667,46,51,13,14,0.5,0.4838709677419355,0.0,0.43548387096774194,0.0,0.0,0.0,0.0,0.5161290322580645,0.5483870967741935,0.4742268041237113,0.4814814814814815,0.0,0.782258064516129,0.21774193548387097,7.99999370383296,0
INDUSINDBK,3,0.8,893,99,124,2024-12-12,2025-08-01,0.5161290322580645,0.536266038229903,0.5384615384615384,0.5555555555555556,0.5223880597014925,35,28,29,32,0.5645161290322581,0.6048387096774194,0.0,0.4838709677419355,0.0,0.0,0.0,0.0,0.47580645161290325,0.5645161290322581,0.5555555555555556,0.47540983606557374,0.0,0.5080645161290323,0.49193548387096775,0.19974866710767222,0
INDUSINDBK,4,0.85,949,105,124,2025-04-11,2025-11-26,0.47580645161290325,0.5144418423106947,0.5390070921985816,0.48717948717948717,0.6031746031746031,38,40,21,25,0.4838709677419355,0.47580645161290325,0.0,0.532258064516129,0.0,0.0,0.0,0.0,0.49193548387096775,0.5161290322580645,0.48717948717948717,0.4565217391304348,0.0,0.6290322580645161,0.3709677419354839,0.19001461984966797,0
INDUSINDBK,5,0.9,1005,111,124,2025-08-04,2026-04-09,0.43548387096774194,0.41067708333333336,0.4166666666666667,0.4166666666666667,0.4166666666666667,25,35,29,35,0.4435483870967742,0.532258064516129,0.0,0.5161290322580645,0.0,0.0,0.0,0.0,0.5564516129032258,0.46774193548387094,0.4166666666666667,0.453125,0.0,0.4838709677419355,0.5161290322580645,0.1549209766290977,0
INDUSINDBK,6,0.95,1061,117,62,2025-12-03,2026-04-09,0.5,0.54375,0.5230769230769231,0.5151515151515151,0.53125,17,16,14,15,0.5806451612903226,0.41935483870967744,0.0,0.5,0.0,0.0,0.0,0.0,0.4838709677419355,0.5161290322580645,0.5151515151515151,0.48275862068965514,0.0,0.532258064516129,0.46774193548387094,0.4955352680083784,3
KOTAKBANK,1,0.7,712,79,113,2024-03-07,2024-11-14,0.5663716814159292,0.6069182389937107,0.5420560747663551,0.6170212765957447,0.48333333333333334,29,18,35,31,0.5752212389380531,0.5929203539823009,0.0,0.5575221238938053,0.0,0.0,0.0,0.0,0.48672566371681414,0.5486725663716814,0.6170212765957447,0.5303030303030303,0.0,0.415929203539823,0.584070796460177,0.1000035356387145,0
KOTAKBANK,2,0.75,763,84,113,2024-07-12,2025-03-21,0.504424778761062,0.5245283018867924,0.48148148148148145,0.5416666666666666,0.43333333333333335,26,22,31,34,0.45132743362831856,0.4778761061946903,0.0,0.504424778761062,0.0,0.0,0.0,0.0,0.5221238938053098,0.5309734513274337,0.5416666666666666,0.4769230769230769,0.0,0.4247787610619469,0.5752212389380531,0.25966052609037266,0
KOTAKBANK,3,0.8,814,90,113,2024-11-19,2025-07-24,0.584070796460177,0.6075235109717869,0.584070796460177,0.6,0.5689655172413793,33,22,33,25,0.40707964601769914,0.5575221238938053,0.0,0.6017699115044248,0.0,0.0,0.0,0.0,0.5398230088495575,0.5132743362831859,0.6,0.5689655172413793,0.0,0.48672566371681414,0.5132743362831859,0.1000035356387145,0
KOTAKBANK,4,0.85,864,96,113,2025-03-25,2025-11-27,0.504424778761062,0.5438095238095237,0.5483870967741935,0.4594594594594595,0.68,34,40,23,16,0.5398230088495575,0.5752212389380531,0.0,0.5221238938053098,0.0,0.0,0.0,0.0,0.49557522123893805,0.4247787610619469,0.4594594594594595,0.5897435897435898,0.0,0.6548672566371682,0.34513274336283184,0.27197148009809335,0
KOTAKBANK,5,0.9,916,101,113,2025-07-25,2026-04-09,0.5575221238938053,0.621904761904762,0.6268656716417911,0.5,0.84,42,42,21,8,0.5309734513274337,0.5752212389380531,0.0,0.5752212389380531,0.0,0.0,0.0,0.0,0.5132743362831859,0.48672566371681414,0.5,0.7241379310344828,0.0,0.7433628318584071,0.25663716814159293,0.4566906327956227,0
KOTAKBANK,6,0.95,966,107,57,2025-12-03,2026-04-09,0.5614035087719298,0.5050000000000001,0.6031746031746031,0.5,0.76,19,19,13,6,0.42105263157894735,0.47368421052631576,0.0,0.5263157894736842,0.0,0.0,0.0,0.0,0.5614035087719298,0.5614035087719298,0.5,0.6842105263157895,0.0,0.6666666666666666,0.3333333333333333,0.22089442582050764,3
IDFCFIRSTB,1,0.7,782,86,124,2024-04-04,2024-12-10,0.41935483870967744,0.4443571615606179,0.5764705882352941,0.4336283185840708,0.8596491228070176,49,64,3,8,0.5241935483870968,0.4596774193548387,0.0,0.45161290322580644,0.0,0.0,0.0,0.0,0.4112903225806452,0.5161290322580645,0.4336283185840708,0.2727272727272727,0.0,0.9112903225806451,0.08870967741935484,0.1000035356387145,0
IDFCFIRSTB,2,0.75,837,93,124,2024-08-22,2025-04-03,0.46774193548387094,0.5096656217345873,0.5217391304347826,0.45,0.6206896551724138,36,44,22,22,0.46774193548387094,0.46774193548387094,0.0,0.45161290322580644,0.0,0.0,0.0,0.0,0.46774193548387094,0.5564516129032258,0.45,0.5,0.0,0.6451612903225806,0.3548387096774194,7.999994441219691,0
IDFCFIRSTB,3,0.8,893,99,124,2024-12-11,2025-08-05,0.532258064516129,0.5282920469361146,0.5606060606060606,0.5068493150684932,0.6271186440677966,37,36,29,22,0.4596774193548387,0.47580645161290325,0.0,0.49193548387096775,0.0,0.0,0.0,0.0,0.49193548387096775,0.5241935483870968,0.5068493150684932,0.5686274509803921,0.0,0.5887096774193549,0.4112903225806452,0.3268601711816674,0
IDFCFIRSTB,4,0.85,949,105,124,2025-04-04,2025-12-05,0.47580645161290325,0.45632333767926986,0.453781512605042,0.45,0.4576271186440678,27,33,32,32,0.41935483870967744,0.47580645161290325,0.0,0.4596774193548387,0.0,0.0,0.0,0.0,0.5241935483870968,0.49193548387096775,0.45,0.5,0.0,0.4838709677419355,0.5161290322580645,0.1000035356387145,0
IDFCFIRSTB,5,0.9,1005,111,124,2025-08-06,2026-04-09,0.5080645161290323,0.48802083333333335,0.5850340136054422,0.4942528735632184,0.7166666666666667,43,44,20,17,0.5483870967741935,0.5161290322580645,0.0,0.5161290322580645,0.0,0.0,0.0,0.0,0.5161290322580645,0.5161290322580645,0.4942528735632184,0.5405405405405406,0.0,0.7016129032258065,0.29838709677419356,7.999994558879717,0
IDFCFIRSTB,6,0.95,1061,117,62,2025-12-08,2026-04-09,0.46774193548387094,0.5088449531737773,0.49230769230769234,0.47058823529411764,0.5161290322580645,16,18,13,15,0.5,0.43548387096774194,0.0,0.5,0.0,0.0,0.0,0.0,0.532258064516129,0.532258064516129,0.47058823529411764,0.4642857142857143,0.0,0.5483870967741935,0.45161290322580644,0.1000035356387145,3
BANDHANBNK,1,0.7,812,90,129,2024-05-06,2024-12-02,0.5348837209302325,0.5079903147699758,0.4,0.4878048780487805,0.3389830508474576,20,21,49,39,0.5581395348837209,0.5193798449612403,0.0,0.5426356589147286,0.0,0.0,0.0,0.0,0.5736434108527132,0.5658914728682171,0.4878048780487805,0.5568181818181819,0.0,0.3178294573643411,0.6821705426356589,0.45234330727306804,0
BANDHANBNK,2,0.75,870,96,129,2024-08-22,2025-04-03,0.5503875968992248,0.585995085995086,0.5606060606060606,0.4805194805194805,0.6727272727272727,37,40,34,18,0.5038759689922481,0.4573643410852713,0.0,0.5813953488372093,0.0,0.0,0.0,0.0,0.5736434108527132,0.5968992248062015,0.4805194805194805,0.6538461538461539,0.0,0.5968992248062015,0.40310077519379844,0.3472064942894187,0
BANDHANBNK,3,0.8,928,103,129,2024-12-03,2025-07-31,0.4728682170542636,0.4867405978784956,0.423728813559322,0.43859649122807015,0.4098360655737705,25,32,36,36,0.5271317829457365,0.5271317829457365,0.0,0.5813953488372093,0.0,0.0,0.0,0.0,0.5271317829457365,0.5426356589147286,0.43859649122807015,0.5,0.0,0.4418604651162791,0.5581395348837209,0.26179914116661773,0
BANDHANBNK,4,0.85,986,109,129,2025-04-04,2025-11-26,0.5348837209302325,0.5184555609519184,0.45454545454545453,0.4807692307692308,0.43103448275862066,25,27,44,33,0.5426356589147286,0.43410852713178294,0.0,0.4573643410852713,0.0,0.0,0.0,0.0,0.5503875968992248,0.5503875968992248,0.4807692307692308,0.5714285714285714,0.0,0.40310077519379844,0.5968992248062015,0.1000035356387145,0
BANDHANBNK,5,0.9,1044,116,129,2025-08-01,2026-04-09,0.6046511627906976,0.5155415250121419,0.4,0.6296296296296297,0.29310344827586204,17,10,61,41,0.5891472868217055,0.5736434108527132,0.0,0.5503875968992248,0.0,0.0,0.0,0.0,0.5116279069767442,0.5658914728682171,0.6296296296296297,0.5980392156862745,0.0,0.20930232558139536,0.7906976744186046,0.2985272627437837,0
BANDHANBNK,6,0.95,1102,122,65,2025-11-27,2026-04-09,0.49230769230769234,0.428030303030303,0.23255813953488372,0.45454545454545453,0.15625,5,6,27,27,0.5076923076923077,0.49230769230769234,0.0,0.5076923076923077,0.0,0.0,0.0,0.0,0.5076923076923077,0.49230769230769234,0.45454545454545453,0.5,0.0,0.16923076923076924,0.8307692307692308,0.19506194927780296,3
FEDERALBNK,1,0.7,744,82,118,2024-02-07,2024-10-21,0.4915254237288136,0.4561764705882353,0.5522388059701493,0.5606060606060606,0.5441176470588235,37,29,21,31,0.423728813559322,0.4745762711864407,0.0,0.5338983050847458,0.0,0.0,0.0,0.0,0.6016949152542372,0.5423728813559322,0.5606060606060606,0.40384615384615385,0.0,0.559322033898305,0.4406779661016949,0.33863409409859335,0
FEDERALBNK,2,0.75,797,88,118,2024-06-13,2025-03-03,0.4745762711864407,0.4701298701298701,0.5230769230769231,0.5074626865671642,0.5396825396825397,34,33,22,29,0.4745762711864407,0.4661016949152542,0.0,0.4830508474576271,0.0,0.0,0.0,0.0,0.5508474576271186,0.5254237288135594,0.5074626865671642,0.43137254901960786,0.0,0.5677966101694916,0.4322033898305085,0.2284284401385317,0
FEDERALBNK,3,0.8,850,94,118,2024-10-24,2025-07-10,0.5084745762711864,0.5522988505747126,0.5797101449275363,0.5,0.6896551724137931,40,40,20,18,0.5084745762711864,0.5,0.0,0.5084745762711864,0.0,0.0,0.0,0.0,0.4745762711864407,0.4661016949152542,0.5,0.5263157894736843,0.0,0.6779661016949152,0.3220338983050847,0.21231190106112954,0
FEDERALBNK,4,0.85,903,100,118,2025-03-04,2025-12-01,0.5169491525423728,0.4536142815335089,0.6459627329192547,0.5531914893617021,0.7761194029850746,52,42,9,15,0.4576271186440678,0.5423728813559322,0.0,0.5169491525423728,0.0,0.0,0.0,0.0,0.5677966101694916,0.5508474576271186,0.5531914893617021,0.375,0.0,0.7966101694915254,0.2033898305084746,3.4601338137934157,0
FEDERALBNK,5,0.9,956,106,119,2025-07-11,2026-04-09,0.4789915966386555,0.4477611940298507,0.6075949367088608,0.5274725274725275,0.7164179104477612,48,43,9,19,0.453781512605042,0.5126050420168067,0.0,0.46218487394957986,0.0,0.0,0.0,0.0,0.5126050420168067,0.4957983193277311,0.5274725274725275,0.3214285714285714,0.0,0.7647058823529411,0.23529411764705882,0.32209214107836126,0
FEDERALBNK,6,0.95,1009,112,60,2025-12-05,2026-04-09,0.5666666666666667,0.5561735261401557,0.6904761904761905,0.5471698113207547,0.9354838709677419,29,24,5,2,0.5666666666666667,0.6166666666666667,0.0,0.4666666666666667,0.0,0.0,0.0,0.0,0.5166666666666667,0.5833333333333334,0.5471698113207547,0.7142857142857143,0.0,0.8833333333333333,0.11666666666666667,0.1000035356387145,3
AUBANK,1,0.7,783,86,124,2024-05-03,2025-01-01,0.4596774193548387,0.4485294117647059,0.45528455284552843,0.417910447761194,0.5,28,39,29,28,0.45161290322580644,0.4838709677419355,0.0,0.46774193548387094,0.0,0.0,0.0,0.0,0.45161290322580644,0.5080645161290323,0.417910447761194,0.5087719298245614,0.0,0.5403225806451613,0.4596774193548387,0.26812799939524407,0
AUBANK,2,0.75,838,93,124,2024-09-10,2025-04-24,0.4838709677419355,0.4741379310344828,0.5733333333333334,0.4673913043478261,0.7413793103448276,43,49,17,15,0.4838709677419355,0.47580645161290325,0.0,0.45161290322580644,0.0,0.0,0.0,0.0,0.5,0.46774193548387094,0.4673913043478261,0.53125,0.0,0.7419354838709677,0.25806451612903225,0.41925252146495967,0
AUBANK,3,0.8,894,99,124,2025-01-03,2025-08-13,0.5806451612903226,0.6205729166666666,0.6119402985074627,0.5857142857142857,0.640625,41,29,31,23,0.5564516129032258,0.4838709677419355,0.0,0.5161290322580645,0.0,0.0,0.0,0.0,0.5483870967741935,0.47580645161290325,0.5857142857142857,0.5740740740740741,0.0,0.5645161290322581,0.43548387096774194,0.9619257242507234,0
AUBANK,4,0.85,950,105,124,2025-04-25,2025-12-08,0.5887096774193549,0.6191222570532916,0.6277372262773723,0.6056338028169014,0.6515151515151515,43,28,30,23,0.5403225806451613,0.46774193548387094,0.0,0.47580645161290325,0.0,0.0,0.0,0.0,0.45161290322580644,0.47580645161290325,0.6056338028169014,0.5660377358490566,0.0,0.5725806451612904,0.4274193548387097,0.1000035356387145,0
AUBANK,5,0.9,1006,111,125,2025-08-14,2026-04-09,0.536,0.5671106557377049,0.5,0.5576923076923077,0.453125,29,23,38,35,0.528,0.528,0.0,0.488,0.0,0.0,0.0,0.0,0.512,0.512,0.5576923076923077,0.5205479452054795,0.0,0.416,0.584,0.33475258058381124,0
AUBANK,6,0.95,1062,117,63,2025-12-09,2026-04-09,0.4603174603174603,0.5101419878296145,0.34615384615384615,0.391304347826087,0.3103448275862069,9,14,20,20,0.49206349206349204,0.5396825396825397,0.0,0.47619047619047616,0.0,0.0,0.0,0.0,0.5079365079365079,0.47619047619047616,0.391304347826087,0.5,0.0,0.36507936507936506,0.6349206349206349,0.27396422311972024,3
BAJFINANCE,1,0.7,736,81,117,2024-04-29,2024-12-23,0.5982905982905983,0.6894736842105263,0.584070796460177,0.6226415094339622,0.55,33,20,37,27,0.5982905982905983,0.5299145299145299,0.0,0.48717948717948717,0.0,0.0,0.0,0.0,0.5897435897435898,0.47863247863247865,0.6226415094339622,0.578125,0.0,0.452991452991453,0.5470085470085471,0.17156793078792482,0
BAJFINANCE,2,0.75,789,87,116,2024-08-30,2025-04-29,0.49137931034482757,0.487217598097503,0.48695652173913045,0.49122807017543857,0.4827586206896552,28,29,29,30,0.5344827586206896,0.5172413793103449,0.0,0.5,0.0,0.0,0.0,0.0,0.47413793103448276,0.5862068965517241,0.49122807017543857,0.4915254237288136,0.0,0.49137931034482757,0.5086206896551724,0.20981442360198474,0
BAJFINANCE,3,0.8,841,93,117,2024-12-30,2025-08-14,0.5213675213675214,0.5248538011695907,0.5172413793103449,0.5357142857142857,0.5,30,26,31,30,0.47863247863247865,0.49572649572649574,0.0,0.4358974358974359,0.0,0.0,0.0,0.0,0.452991452991453,0.4700854700854701,0.5357142857142857,0.5081967213114754,0.0,0.47863247863247865,0.5213675213675214,0.13664161579766274,0
BAJFINANCE,4,0.85,893,99,117,2025-04-30,2025-12-01,0.4358974358974359,0.4756025867136978,0.49230769230769234,0.47761194029850745,0.5079365079365079,32,35,19,31,0.48717948717948717,0.5042735042735043,0.0,0.5213675213675214,0.0,0.0,0.0,0.0,0.5555555555555556,0.5042735042735043,0.47761194029850745,0.38,0.0,0.5726495726495726,0.42735042735042733,0.2687684408970534,0
BAJFINANCE,5,0.9,946,105,117,2025-08-19,2026-04-09,0.49572649572649574,0.5157802454704852,0.4380952380952381,0.5,0.3898305084745763,23,23,35,36,0.5299145299145299,0.49572649572649574,0.0,0.5213675213675214,0.0,0.0,0.0,0.0,0.5042735042735043,0.48717948717948717,0.5,0.49295774647887325,0.0,0.39316239316239315,0.6068376068376068,7.999996139556286,0
BAJFINANCE,6,0.95,999,110,59,2025-12-03,2026-04-09,0.576271186440678,0.5071428571428571,0.5901639344262295,0.4864864864864865,0.75,18,19,16,6,0.5084745762711864,0.4915254237288136,0.0,0.4067796610169492,0.0,0.0,0.0,0.0,0.423728813559322,0.3898305084745763,0.4864864864864865,0.7272727272727273,0.0,0.6271186440677966,0.3728813559322034,0.15598312779832293,3
BAJAJFINSV,1,0.7,731,81,116,2024-04-08,2024-12-04,0.49137931034482757,0.5487332339791356,0.528,0.515625,0.5409836065573771,33,31,24,28,0.5086206896551724,0.47413793103448276,0.0,0.45689655172413796,0.0,0.0,0.0,0.0,0.5689655172413793,0.5172413793103449,0.515625,0.46153846153846156,0.0,0.5517241379310345,0.4482758620689655,7.999994232506556,0
BAJAJFINSV,2,0.75,783,87,116,2024-08-14,2025-04-07,0.3879310344827586,0.41837644959857273,0.297029702970297,0.35714285714285715,0.2542372881355932,15,27,30,44,0.5344827586206896,0.47413793103448276,0.0,0.4396551724137931,0.0,0.0,0.0,0.0,0.47413793103448276,0.43103448275862066,0.35714285714285715,0.4054054054054054,0.0,0.3620689655172414,0.6379310344827587,0.14266344572734033,0
BAJAJFINSV,3,0.8,836,92,116,2024-12-05,2025-07-24,0.4827586206896552,0.47487362473981565,0.5454545454545454,0.4931506849315068,0.6101694915254238,36,37,20,23,0.5258620689655172,0.47413793103448276,0.0,0.5258620689655172,0.0,0.0,0.0,0.0,0.5,0.49137931034482757,0.4931506849315068,0.4651162790697675,0.0,0.6293103448275862,0.3706896551724138,0.17430403747623086,0
BAJAJFINSV,4,0.85,888,98,116,2025-04-09,2025-11-27,0.6120689655172413,0.5699404761904763,0.6086956521739131,0.6363636363636364,0.5833333333333334,35,20,36,25,0.5517241379310345,0.5086206896551724,0.0,0.5086206896551724,0.0,0.0,0.0,0.0,0.5344827586206896,0.4827586206896552,0.6363636363636364,0.5901639344262295,0.0,0.47413793103448276,0.5258620689655172,7.999994257381406,0
BAJAJFINSV,5,0.9,940,104,117,2025-07-25,2026-04-09,0.47863247863247865,0.4697236919459141,0.5413533834586466,0.45569620253164556,0.6666666666666666,36,43,20,18,0.5897435897435898,0.5384615384615384,0.0,0.4700854700854701,0.0,0.0,0.0,0.0,0.4700854700854701,0.46153846153846156,0.45569620253164556,0.5263157894736843,0.0,0.6752136752136753,0.3247863247863248,0.11739159044238986,0
BAJAJFINSV,6,0.95,992,110,59,2025-12-01,2026-04-09,0.576271186440678,0.628235294117647,0.5454545454545454,0.5,0.6,15,15,19,10,0.423728813559322,0.576271186440678,0.0,0.5932203389830508,0.0,0.0,0.0,0.0,0.559322033898305,0.4745762711864407,0.5,0.6551724137931034,0.0,0.5084745762711864,0.4915254237288136,0.1000035356387145,3
MUTHOOTFIN,1,0.7,752,83,119,2024-04-23,2024-12-11,0.5462184873949579,0.5360333531864204,0.6142857142857143,0.6417910447761194,0.589041095890411,43,24,22,30,0.4789915966386555,0.6050420168067226,0.0,0.6134453781512605,0.0,0.0,0.0,0.0,0.6050420168067226,0.5126050420168067,0.6417910447761194,0.42307692307692313,0.0,0.5630252100840336,0.4369747899159664,0.18420739926267982,0
MUTHOOTFIN,2,0.75,805,89,120,2024-08-14,2025-04-15,0.5166666666666667,0.5258136924803591,0.6329113924050633,0.5434782608695652,0.7575757575757576,50,42,12,16,0.5083333333333333,0.525,0.0,0.4666666666666667,0.0,0.0,0.0,0.0,0.5083333333333333,0.55,0.5434782608695652,0.4285714285714286,0.0,0.7666666666666667,0.23333333333333334,0.10327619213477149,0
MUTHOOTFIN,3,0.8,859,95,119,2024-12-12,2025-08-18,0.4789915966386555,0.45081967213114754,0.5633802816901409,0.49382716049382713,0.6557377049180327,40,41,17,21,0.4789915966386555,0.4789915966386555,0.0,0.47058823529411764,0.0,0.0,0.0,0.0,0.5714285714285714,0.4957983193277311,0.49382716049382713,0.4473684210526315,0.0,0.680672268907563,0.31932773109243695,0.3050056554996089,0
MUTHOOTFIN,4,0.85,913,101,119,2025-04-16,2025-12-11,0.44537815126050423,0.3868945868945869,0.56,0.49411764705882355,0.6461538461538462,42,43,11,23,0.4117647058823529,0.5462184873949579,0.0,0.5882352941176471,0.0,0.0,0.0,0.0,0.42857142857142855,0.5294117647058824,0.49411764705882355,0.32352941176470584,0.0,0.7142857142857143,0.2857142857142857,1.2097190440790346,0
MUTHOOTFIN,5,0.9,966,107,120,2025-08-19,2026-04-09,0.5,0.43424387496479866,0.6296296296296297,0.5368421052631579,0.7611940298507462,51,44,9,16,0.475,0.5583333333333333,0.0,0.5416666666666666,0.0,0.0,0.0,0.0,0.45,0.4166666666666667,0.5368421052631579,0.36,0.0,0.7916666666666666,0.20833333333333334,0.4340340406584451,0
MUTHOOTFIN,6,0.95,1020,113,60,2025-12-12,2026-04-09,0.5833333333333334,0.44332210998877664,0.7191011235955056,0.5714285714285714,0.9696969696969697,32,24,3,1,0.5,0.55,0.0,0.5666666666666667,0.0,0.0,0.0,0.0,0.55,0.6,0.5714285714285714,0.75,0.0,0.9333333333333333,0.06666666666666667,0.17748617792888793,3
ICICIGI,1,0.7,718,79,114,2024-05-10,2024-12-20,0.5,0.5475308641975309,0.3448275862068966,0.5555555555555556,0.25,15,12,42,45,0.47368421052631576,0.49122807017543857,0.0,0.5350877192982456,0.0,0.0,0.0,0.0,0.6052631578947368,0.4824561403508772,0.5555555555555556,0.48275862068965514,0.0,0.23684210526315788,0.7631578947368421,0.1000035356387145,0
ICICIGI,2,0.75,769,85,114,2024-09-09,2025-04-24,0.42105263157894735,0.4340277777777778,0.45901639344262296,0.3783783783783784,0.5833333333333334,28,46,20,20,0.49122807017543857,0.42105263157894735,0.0,0.5087719298245614,0.0,0.0,0.0,0.0,0.41228070175438597,0.43859649122807015,0.3783783783783784,0.5,0.0,0.6491228070175439,0.3508771929824561,0.1000035356387145,0
ICICIGI,3,0.8,820,91,114,2024-12-24,2025-08-14,0.5,0.5372718836993504,0.5957446808510638,0.4772727272727273,0.7924528301886793,42,46,15,11,0.5526315789473685,0.45614035087719296,0.0,0.49122807017543857,0.0,0.0,0.0,0.0,0.47368421052631576,0.5175438596491229,0.4772727272727273,0.5769230769230769,0.0,0.7719298245614035,0.22807017543859648,0.14073759003628006,0
ICICIGI,4,0.85,872,96,114,2025-04-29,2025-12-03,0.5,0.5332512315270935,0.6122448979591837,0.4945054945054945,0.8035714285714286,45,46,12,11,0.43859649122807015,0.49122807017543857,0.0,0.543859649122807,0.0,0.0,0.0,0.0,0.5,0.47368421052631576,0.4945054945054945,0.5217391304347826,0.0,0.7982456140350878,0.20175438596491227,0.3382813805929201,0
ICICIGI,5,0.9,923,102,114,2025-08-19,2026-04-09,0.5175438596491229,0.49365914011753786,0.5045045045045045,0.4827586206896552,0.5283018867924528,28,30,31,25,0.4824561403508772,0.4649122807017544,0.0,0.5701754385964912,0.0,0.0,0.0,0.0,0.5614035087719298,0.5350877192982456,0.4827586206896552,0.5535714285714286,0.0,0.5087719298245614,0.49122807017543857,0.12741669189330673,0
ICICIGI,6,0.95,974,108,57,2025-12-04,2026-04-09,0.5964912280701754,0.5744949494949495,0.5964912280701754,0.5151515151515151,0.7083333333333334,17,16,17,7,0.5964912280701754,0.45614035087719296,0.0,0.5087719298245614,0.0,0.0,0.0,0.0,0.5263157894736842,0.42105263157894735,0.5151515151515151,0.7083333333333333,0.0,0.5789473684210527,0.42105263157894735,0.1000035356387145,3
SBILIFE,1,0.7,706,78,112,2024-04-18,2024-11-28,0.5625,0.6012132822477649,0.608,0.5671641791044776,0.6551724137931034,38,29,25,20,0.5714285714285714,0.5982142857142857,0.0,0.5267857142857143,0.0,0.0,0.0,0.0,0.5089285714285714,0.5535714285714286,0.5671641791044776,0.5555555555555556,0.0,0.5982142857142857,0.4017857142857143,0.3816343757560758,0
SBILIFE,2,0.75,756,84,112,2024-08-05,2025-03-24,0.49107142857142855,0.5314998401023345,0.5128205128205128,0.46875,0.5660377358490566,30,34,25,23,0.4732142857142857,0.45535714285714285,0.0,0.5892857142857143,0.0,0.0,0.0,0.0,0.5357142857142857,0.5803571428571429,0.46875,0.5208333333333333,0.0,0.5714285714285714,0.42857142857142855,0.12692638501659415,0
SBILIFE,3,0.8,807,89,112,2024-12-02,2025-07-28,0.5535714285714286,0.5866028708133972,0.5833333333333334,0.5555555555555556,0.6140350877192983,35,28,27,22,0.5178571428571429,0.5,0.0,0.5982142857142857,0.0,0.0,0.0,0.0,0.5089285714285714,0.6071428571428571,0.5555555555555556,0.5510204081632653,0.0,0.5625,0.4375,0.1472096919846504,0
SBILIFE,4,0.85,857,95,112,2025-03-25,2025-12-02,0.4732142857142857,0.4537037037037037,0.48695652173913045,0.49122807017543857,0.4827586206896552,28,29,25,30,0.49107142857142855,0.48214285714285715,0.0,0.5267857142857143,0.0,0.0,0.0,0.0,0.45535714285714285,0.5089285714285714,0.49122807017543857,0.4545454545454546,0.0,0.5089285714285714,0.49107142857142855,0.3761469045683467,0
SBILIFE,5,0.9,908,100,112,2025-07-31,2026-04-09,0.5357142857142857,0.5242656449553,0.5357142857142857,0.5555555555555556,0.5172413793103449,30,24,30,28,0.4732142857142857,0.4375,0.0,0.5357142857142857,0.0,0.0,0.0,0.0,0.5,0.5625,0.5555555555555556,0.5172413793103448,0.0,0.48214285714285715,0.5178571428571429,7.99999334808773,0
SBILIFE,6,0.95,958,106,56,2025-12-03,2026-04-09,0.5,0.4482758620689656,0.44,0.5238095238095238,0.3793103448275862,11,10,17,18,0.42857142857142855,0.42857142857142855,0.0,0.5714285714285714,0.0,0.0,0.0,0.0,0.4642857142857143,0.48214285714285715,0.5238095238095238,0.48571428571428577,0.0,0.375,0.625,0.1000035356387145,3
HDFCLIFE,1,0.7,727,80,116,2024-04-22,2024-12-04,0.5172413793103449,0.5185845970859352,0.5254237288135594,0.5254237288135594,0.5254237288135594,31,28,29,28,0.5344827586206896,0.5258620689655172,0.0,0.5086206896551724,0.0,0.0,0.0,0.0,0.5775862068965517,0.4396551724137931,0.5254237288135594,0.5087719298245614,0.0,0.5086206896551724,0.49137931034482757,0.3818548717055372,0
HDFCLIFE,2,0.75,779,86,115,2024-08-20,2025-04-04,0.5217391304347826,0.5447352404138771,0.56,0.4861111111111111,0.660377358490566,35,37,25,18,0.5043478260869565,0.4956521739130435,0.0,0.4782608695652174,0.0,0.0,0.0,0.0,0.5130434782608696,0.5043478260869565,0.4861111111111111,0.5813953488372092,0.0,0.6260869565217392,0.3739130434782609,0.1000035356387145,0
HDFCLIFE,3,0.8,831,92,115,2024-12-05,2025-08-06,0.591304347826087,0.6385359951603147,0.584070796460177,0.5892857142857143,0.5789473684210527,33,23,35,24,0.5652173913043478,0.5304347826086957,0.0,0.4782608695652174,0.0,0.0,0.0,0.0,0.5478260869565217,0.5304347826086957,0.5892857142857143,0.5932203389830508,0.0,0.48695652173913045,0.5130434782608696,0.335116833495119,0
HDFCLIFE,4,0.85,882,98,116,2025-04-07,2025-12-09,0.49137931034482757,0.48795718108831404,0.5354330708661418,0.4857142857142857,0.5964912280701754,34,36,23,23,0.5086206896551724,0.47413793103448276,0.0,0.5086206896551724,0.0,0.0,0.0,0.0,0.5344827586206896,0.5,0.4857142857142857,0.5,0.0,0.603448275862069,0.39655172413793105,0.1798021135239552,0
HDFCLIFE,5,0.9,935,103,116,2025-08-07,2026-04-09,0.4482758620689655,0.46207736826073714,0.4666666666666667,0.39436619718309857,0.5714285714285714,28,43,24,21,0.4224137931034483,0.5172413793103449,0.0,0.5,0.0,0.0,0.0,0.0,0.5689655172413793,0.41379310344827586,0.39436619718309857,0.5333333333333333,0.0,0.6120689655172413,0.3879310344827586,2.45211338677406,0
HDFCLIFE,6,0.95,987,109,58,2025-12-10,2026-04-09,0.5517241379310345,0.5842985842985842,0.4583333333333333,0.4074074074074074,0.5238095238095238,11,16,21,10,0.5689655172413793,0.43103448275862066,0.0,0.5689655172413793,0.0,0.0,0.0,0.0,0.5,0.6206896551724138,0.4074074074074074,0.6774193548387097,0.0,0.46551724137931033,0.5344827586206896,0.3287141691127064,3
TCS,1,0.7,672,74,106,2024-04-08,2024-12-05,0.4528301886792453,0.4185383244206774,0.5915492957746479,0.4827586206896552,0.7636363636363637,42,45,6,13,0.4811320754716981,0.39622641509433965,0.0,0.5188679245283019,0.0,0.0,0.0,0.0,0.5188679245283019,0.5188679245283019,0.4827586206896552,0.3157894736842105,0.0,0.8207547169811321,0.1792452830188679,0.16424421067928943,0
TCS,2,0.75,720,79,107,2024-08-08,2025-04-11,0.42990654205607476,0.46973961998592534,0.5040650406504065,0.4189189189189189,0.6326530612244898,31,43,15,18,0.4392523364485981,0.4392523364485981,0.0,0.4205607476635514,0.0,0.0,0.0,0.0,0.4485981308411215,0.4485981308411215,0.4189189189189189,0.4545454545454546,0.0,0.6915887850467289,0.308411214953271,2.0339787709572383,0
TCS,3,0.8,767,85,107,2024-12-09,2025-08-13,0.48598130841121495,0.5670250896057347,0.5864661654135338,0.4431818181818182,0.8666666666666667,39,49,13,6,0.411214953271028,0.514018691588785,0.0,0.5046728971962616,0.0,0.0,0.0,0.0,0.42990654205607476,0.42990654205607476,0.4431818181818182,0.6842105263157895,0.0,0.822429906542056,0.17757009345794392,1.585474496345618,0
TCS,4,0.85,816,90,106,2025-04-15,2025-12-15,0.5471698113207547,0.5700534759358289,0.48936170212765956,0.5348837209302325,0.45098039215686275,23,20,35,28,0.5566037735849056,0.4811320754716981,0.0,0.4056603773584906,0.0,0.0,0.0,0.0,0.5377358490566038,0.4811320754716981,0.5348837209302325,0.5555555555555556,0.0,0.4056603773584906,0.5943396226415094,0.1951043653161389,0
TCS,5,0.9,864,95,107,2025-08-19,2026-04-09,0.5607476635514018,0.6064425770308124,0.4946236559139785,0.5476190476190477,0.45098039215686275,23,19,37,28,0.5794392523364486,0.5420560747663551,0.0,0.45794392523364486,0.0,0.0,0.0,0.0,0.5420560747663551,0.514018691588785,0.5476190476190477,0.5692307692307692,0.0,0.3925233644859813,0.6074766355140186,1.7503839942044737,0
TCS,6,0.95,911,101,54,2025-12-17,2026-04-09,0.46296296296296297,0.4472222222222223,0.5396825396825397,0.4358974358974359,0.7083333333333334,17,22,8,7,0.5370370370370371,0.5,0.0,0.4074074074074074,0.0,0.0,0.0,0.0,0.5555555555555556,0.48148148148148145,0.4358974358974359,0.5333333333333333,0.0,0.7222222222222222,0.2777777777777778,7.9999942259421015,3
INFY,1,0.7,720,80,115,2024-03-19,2024-12-02,0.5130434782608696,0.4458461538461539,0.631578947368421,0.5517241379310345,0.7384615384615385,48,39,11,17,0.5478260869565217,0.5304347826086957,0.0,0.5304347826086957,0.0,0.0,0.0,0.0,0.41739130434782606,0.5739130434782609,0.5517241379310345,0.3928571428571429,0.0,0.7565217391304347,0.24347826086956523,7.999993719166395,0
INFY,2,0.75,773,85,114,2024-07-26,2025-03-28,0.5263157894736842,0.5293936595875655,0.5970149253731343,0.5194805194805194,0.7017543859649122,40,37,20,17,0.5701754385964912,0.5,0.0,0.47368421052631576,0.0,0.0,0.0,0.0,0.5526315789473685,0.5,0.5194805194805194,0.5405405405405406,0.0,0.6754385964912281,0.32456140350877194,0.3167057064625777,0
INFY,3,0.8,824,91,114,2024-12-04,2025-08-01,0.5526315789473685,0.6070878274268106,0.6165413533834586,0.5256410256410257,0.7454545454545455,41,37,22,14,0.5263157894736842,0.5087719298245614,0.0,0.5263157894736842,0.0,0.0,0.0,0.0,0.5350877192982456,0.5,0.5256410256410257,0.6111111111111112,0.0,0.6842105263157895,0.3157894736842105,0.5208458585707844,0
INFY,4,0.85,875,97,114,2025-04-01,2025-12-09,0.5701754385964912,0.5903354878424131,0.6423357664233577,0.55,0.7719298245614035,44,36,21,13,0.4824561403508772,0.5175438596491229,0.0,0.5350877192982456,0.0,0.0,0.0,0.0,0.5614035087719298,0.5350877192982456,0.55,0.6176470588235294,0.0,0.7017543859649122,0.2982456140350877,0.16670440166529477,0
INFY,5,0.9,927,102,115,2025-08-04,2026-04-09,0.5130434782608696,0.5378510378510378,0.5942028985507246,0.47674418604651164,0.7884615384615384,41,45,18,11,0.4434782608695652,0.5478260869565217,0.0,0.48695652173913045,0.0,0.0,0.0,0.0,0.5304347826086957,0.5130434782608696,0.47674418604651164,0.6206896551724138,0.0,0.7478260869565218,0.25217391304347825,0.2988559293948809,0
INFY,6,0.95,978,108,58,2025-12-10,2026-04-09,0.5689655172413793,0.5345454545454545,0.576271186440678,0.5,0.68,17,17,16,8,0.5517241379310345,0.5344827586206896,0.0,0.3793103448275862,0.0,0.0,0.0,0.0,0.6896551724137931,0.5862068965517241,0.5,0.6666666666666667,0.0,0.5862068965517241,0.41379310344827586,0.10348850931468394,3
SHRIRAMFIN,1,0.7,788,87,125,2024-05-13,2024-12-30,0.568,0.5387776065742167,0.5846153846153846,0.59375,0.5757575757575758,38,26,33,28,0.504,0.536,0.0,0.528,0.0,0.0,0.0,0.0,0.536,0.48,0.59375,0.540983606557377,0.0,0.512,0.488,0.33677682443987234,0
SHRIRAMFIN,2,0.75,845,93,125,2024-08-27,2025-04-25,0.48,0.5222848360655737,0.5859872611464968,0.4791666666666667,0.7540983606557377,46,50,14,15,0.456,0.488,0.0,0.488,0.0,0.0,0.0,0.0,0.488,0.488,0.4791666666666667,0.48275862068965514,0.0,0.768,0.232,0.1000035356387145,0
SHRIRAMFIN,3,0.8,900,100,125,2024-12-31,2025-08-12,0.512,0.5550717213114754,0.6211180124223602,0.5,0.819672131147541,50,50,14,11,0.472,0.488,0.0,0.504,0.0,0.0,0.0,0.0,0.512,0.504,0.5,0.56,0.0,0.8,0.2,7.999994738367187,0
SHRIRAMFIN,4,0.85,957,106,125,2025-04-28,2025-12-08,0.552,0.5290787442099846,0.631578947368421,0.5647058823529412,0.7164179104477612,48,37,21,19,0.496,0.536,0.0,0.488,0.0,0.0,0.0,0.0,0.456,0.568,0.5647058823529412,0.525,0.0,0.68,0.32,0.26646320967512516,0
SHRIRAMFIN,5,0.9,1013,112,126,2025-08-13,2026-04-09,0.5158730158730159,0.5365727578185577,0.5793103448275863,0.5833333333333334,0.5753424657534246,42,30,23,31,0.5396825396825397,0.5,0.0,0.46825396825396826,0.0,0.0,0.0,0.0,0.5158730158730159,0.5476190476190477,0.5833333333333334,0.42592592592592593,0.0,0.5714285714285714,0.42857142857142855,0.3057132539590707,0
SHRIRAMFIN,6,0.95,1070,118,63,2025-12-09,2026-04-09,0.5079365079365079,0.5283975659229209,0.5633802816901409,0.5405405405405406,0.5882352941176471,20,17,12,14,0.49206349206349204,0.4126984126984127,0.0,0.5396825396825397,0.0,0.0,0.0,0.0,0.49206349206349204,0.5238095238095238,0.5405405405405406,0.46153846153846156,0.0,0.5873015873015873,0.4126984126984127,0.18731055183963735,3
CHOLAFIN,1,0.7,801,89,127,2024-04-23,2024-12-06,0.5511811023622047,0.5188492063492063,0.6415094339622641,0.5368421052631579,0.796875,51,44,19,13,0.5039370078740157,0.5118110236220472,0.0,0.41732283464566927,0.0,0.0,0.0,0.0,0.49606299212598426,0.5118110236220472,0.5368421052631579,0.59375,0.0,0.7480314960629921,0.25196850393700787,0.18860647700991987,0
CHOLAFIN,2,0.75,859,95,127,2024-08-14,2025-04-02,0.5039370078740157,0.5220700152207002,0.5190839694656488,0.44155844155844154,0.6296296296296297,34,43,30,20,0.5118110236220472,0.49606299212598426,0.0,0.49606299212598426,0.0,0.0,0.0,0.0,0.4881889763779528,0.48031496062992124,0.44155844155844154,0.6,0.0,0.6062992125984252,0.3937007874015748,0.3341000757258979,0
CHOLAFIN,3,0.8,916,101,127,2024-12-09,2025-07-25,0.4251968503937008,0.5186129525752167,0.5165562913907285,0.3979591836734694,0.7358490566037735,39,59,15,14,0.4881889763779528,0.41732283464566927,0.0,0.44881889763779526,0.0,0.0,0.0,0.0,0.5826771653543307,0.44881889763779526,0.3979591836734694,0.5172413793103448,0.0,0.7716535433070866,0.2283464566929134,0.952310496061155,0
CHOLAFIN,4,0.85,973,108,127,2025-04-03,2025-12-01,0.4645669291338583,0.4644808743169399,0.3333333333333333,0.4146341463414634,0.2786885245901639,17,24,42,44,0.49606299212598426,0.4881889763779528,0.0,0.5196850393700787,0.0,0.0,0.0,0.0,0.5511811023622047,0.5354330708661418,0.4146341463414634,0.4883720930232558,0.0,0.3228346456692913,0.6771653543307087,0.21130880118935874,0
CHOLAFIN,5,0.9,1030,114,128,2025-07-29,2026-04-09,0.4375,0.45073529411764707,0.3684210526315789,0.3888888888888889,0.35,21,33,35,39,0.546875,0.53125,0.0,0.5546875,0.0,0.0,0.0,0.0,0.53125,0.515625,0.3888888888888889,0.472972972972973,0.0,0.421875,0.578125,0.5879140329778332,0
CHOLAFIN,6,0.95,1088,120,64,2025-12-02,2026-04-09,0.46875,0.5079365079365079,0.34615384615384615,0.375,0.32142857142857145,9,15,21,19,0.515625,0.5625,0.0,0.5625,0.0,0.0,0.0,0.0,0.5625,0.546875,0.375,0.525,0.0,0.375,0.625,0.5868762165701843,3
WIPRO,1,0.7,715,79,114,2024-05-06,2024-12-23,0.5701754385964912,0.5758241758241758,0.6016260162601627,0.6379310344827587,0.5692307692307692,37,21,28,28,0.5526315789473685,0.5087719298245614,0.0,0.4649122807017544,0.0,0.0,0.0,0.0,0.5,0.5,0.6379310344827587,0.5,0.0,0.5087719298245614,0.49122807017543857,0.15920337012000596,0
WIPRO,2,0.75,766,85,113,2024-09-02,2025-04-17,0.5132743362831859,0.5570175438596491,0.5801526717557252,0.5066666666666667,0.6785714285714286,38,37,20,18,0.48672566371681414,0.504424778761062,0.0,0.48672566371681414,0.0,0.0,0.0,0.0,0.5221238938053098,0.48672566371681414,0.5066666666666667,0.5263157894736843,0.0,0.6637168141592921,0.336283185840708,0.10992098077129597,0
WIPRO,3,0.8,818,90,113,2024-12-27,2025-08-13,0.5575221238938053,0.5147798742138364,0.5833333333333334,0.5223880597014925,0.660377358490566,35,32,28,18,0.5221238938053098,0.5221238938053098,0.0,0.4778761061946903,0.0,0.0,0.0,0.0,0.4778761061946903,0.504424778761062,0.5223880597014925,0.6086956521739131,0.0,0.5929203539823009,0.40707964601769914,0.4112321048876088,0
WIPRO,4,0.85,868,96,114,2025-04-22,2025-12-12,0.5,0.5867283950617285,0.6013986013986014,0.5180722891566265,0.7166666666666667,43,40,14,17,0.5789473684210527,0.5,0.0,0.5614035087719298,0.0,0.0,0.0,0.0,0.5263157894736842,0.5175438596491229,0.5180722891566265,0.4516129032258065,0.0,0.7280701754385965,0.2719298245614035,0.34685709279238186,0
WIPRO,5,0.9,919,102,114,2025-08-14,2026-04-09,0.543859649122807,0.5404320987654322,0.5737704918032787,0.5645161290322581,0.5833333333333334,35,27,27,25,0.5,0.5263157894736842,0.0,0.5,0.0,0.0,0.0,0.0,0.4649122807017544,0.5087719298245614,0.5645161290322581,0.5192307692307692,0.0,0.543859649122807,0.45614035087719296,0.21830366539014848,0
WIPRO,6,0.95,971,107,57,2025-12-15,2026-04-09,0.543859649122807,0.5517241379310345,0.48,0.5714285714285714,0.41379310344827586,12,9,19,17,0.5263157894736842,0.631578947368421,0.0,0.5614035087719298,0.0,0.0,0.0,0.0,0.47368421052631576,0.5263157894736842,0.5714285714285714,0.5277777777777778,0.0,0.3684210526315789,0.631578947368421,0.103796356878141,3
HCLTECH,1,0.7,708,78,112,2024-04-24,2024-12-19,0.5803571428571429,0.6067708333333334,0.7116564417177914,0.5858585858585859,0.90625,58,41,7,6,0.49107142857142855,0.5892857142857143,0.0,0.5803571428571429,0.0,0.0,0.0,0.0,0.5535714285714286,0.5714285714285714,0.5858585858585859,0.5384615384615384,0.0,0.8839285714285714,0.11607142857142858,1.4277171659252699,0
HCLTECH,2,0.75,758,84,112,2024-08-19,2025-04-22,0.5446428571428571,0.5906619763351456,0.6382978723404256,0.5487804878048781,0.7627118644067796,45,37,16,14,0.44642857142857145,0.5178571428571429,0.0,0.44642857142857145,0.0,0.0,0.0,0.0,0.49107142857142855,0.5982142857142857,0.5487804878048781,0.5333333333333333,0.0,0.7321428571428571,0.26785714285714285,0.10928352083698567,0
HCLTECH,3,0.8,809,89,112,2024-12-20,2025-08-08,0.44642857142857145,0.4457215836526181,0.4745762711864407,0.4375,0.5185185185185185,28,36,22,26,0.39285714285714285,0.5267857142857143,0.0,0.45535714285714285,0.0,0.0,0.0,0.0,0.5089285714285714,0.5,0.4375,0.45833333333333337,0.0,0.5714285714285714,0.42857142857142855,0.1000035356387145,0
HCLTECH,4,0.85,859,95,112,2025-04-23,2025-12-09,0.5357142857142857,0.4492337164750958,0.6533333333333333,0.5104166666666666,0.9074074074074074,49,47,11,5,0.4107142857142857,0.4375,0.0,0.5178571428571429,0.0,0.0,0.0,0.0,0.48214285714285715,0.4732142857142857,0.5104166666666666,0.6875,0.0,0.8571428571428571,0.14285714285714285,0.23401461762843645,0
HCLTECH,5,0.9,909,101,113,2025-08-11,2026-04-09,0.5221238938053098,0.5115914786967419,0.625,0.5113636363636364,0.8035714285714286,45,43,14,11,0.6017699115044248,0.48672566371681414,0.0,0.4690265486725664,0.0,0.0,0.0,0.0,0.4778761061946903,0.48672566371681414,0.5113636363636364,0.56,0.0,0.7787610619469026,0.22123893805309736,4.361695332131189,0
HCLTECH,6,0.95,960,106,57,2025-12-12,2026-04-09,0.5263157894736842,0.48518518518518516,0.4489795918367347,0.5,0.4074074074074074,11,11,19,16,0.3157894736842105,0.45614035087719296,0.0,0.49122807017543857,0.0,0.0,0.0,0.0,0.5263157894736842,0.49122807017543857,0.5,0.5428571428571429,0.0,0.38596491228070173,0.6140350877192983,7.99999471854279,3
LTIM,1,0.7,753,83,120,2024-03-14,2024-11-27,0.5333333333333333,0.5235310498468393,0.6216216216216216,0.5411764705882353,0.7301587301587301,46,39,18,17,0.5333333333333333,0.4583333333333333,0.0,0.5,0.0,0.0,0.0,0.0,0.5083333333333333,0.475,0.5411764705882353,0.5142857142857142,0.0,0.7083333333333334,0.2916666666666667,0.3985460319941276,0
LTIM,2,0.75,807,89,119,2024-07-29,2025-03-20,0.5294117647058824,0.5265686828716789,0.582089552238806,0.5342465753424658,0.639344262295082,39,34,24,22,0.5294117647058824,0.5462184873949579,0.0,0.5714285714285714,0.0,0.0,0.0,0.0,0.5042016806722689,0.5378151260504201,0.5342465753424658,0.5217391304347826,0.0,0.6134453781512605,0.3865546218487395,7.999994207075518,0
LTIM,3,0.8,861,95,119,2024-12-02,2025-07-31,0.5462184873949579,0.546045197740113,0.5645161290322581,0.5384615384615384,0.5932203389830508,35,30,30,24,0.5462184873949579,0.48739495798319327,0.0,0.5210084033613446,0.0,0.0,0.0,0.0,0.5210084033613446,0.5294117647058824,0.5384615384615384,0.5555555555555556,0.0,0.5462184873949579,0.453781512605042,0.1964802462664758,0
LTIM,4,0.85,914,101,120,2025-03-21,2025-12-05,0.5416666666666666,0.4739583333333333,0.6583850931677019,0.5955056179775281,0.7361111111111112,53,36,12,19,0.5666666666666667,0.5,0.0,0.6,0.0,0.0,0.0,0.0,0.5416666666666666,0.575,0.5955056179775281,0.3870967741935484,0.0,0.7416666666666667,0.25833333333333336,0.21801793284233426,0
LTIM,5,0.9,968,107,120,2025-08-01,2026-04-09,0.5666666666666667,0.5310498468393205,0.6666666666666666,0.5591397849462365,0.8253968253968254,52,41,16,11,0.55,0.55,0.0,0.6583333333333333,0.0,0.0,0.0,0.0,0.5666666666666667,0.4,0.5591397849462365,0.5925925925925926,0.0,0.775,0.225,0.10130136860989077,0
LTIM,6,0.95,1022,113,60,2025-12-09,2026-04-09,0.5333333333333333,0.5474537037037037,0.5882352941176471,0.45454545454545453,0.8333333333333334,20,24,12,4,0.4666666666666667,0.6,0.0,0.48333333333333334,0.0,0.0,0.0,0.0,0.4,0.48333333333333334,0.45454545454545453,0.75,0.0,0.7333333333333333,0.26666666666666666,0.1627115518389938,3
TECHM,1,0.7,746,82,118,2024-04-04,2024-11-21,0.5,0.46412037037037035,0.5874125874125874,0.5316455696202531,0.65625,42,37,17,22,0.4661016949152542,0.4830508474576271,0.0,0.5423728813559322,0.0,0.0,0.0,0.0,0.4915254237288136,0.5169491525423728,0.5316455696202531,0.4358974358974359,0.0,0.6694915254237288,0.3305084745762712,0.322060868461949,0
TECHM,2,0.75,799,88,118,2024-08-05,2025-04-02,0.4322033898305085,0.4640804597701149,0.49624060150375937,0.44,0.5689655172413793,33,42,18,25,0.4830508474576271,0.4661016949152542,0.0,0.5084745762711864,0.0,0.0,0.0,0.0,0.5084745762711864,0.4915254237288136,0.44,0.41860465116279066,0.0,0.635593220338983,0.3644067796610169,0.10066071979234502,0
TECHM,3,0.8,852,94,118,2024-11-22,2025-07-31,0.4576271186440678,0.46107440390692334,0.5428571428571428,0.4691358024691358,0.6440677966101694,38,43,16,21,0.4745762711864407,0.5084745762711864,0.0,0.3728813559322034,0.0,0.0,0.0,0.0,0.4830508474576271,0.5,0.4691358024691358,0.43243243243243246,0.0,0.6864406779661016,0.3135593220338983,0.1000035356387145,0
TECHM,4,0.85,905,100,118,2025-04-03,2025-11-26,0.4830508474576271,0.49237848720161054,0.5793103448275863,0.5,0.6885245901639344,42,42,15,19,0.4830508474576271,0.5423728813559322,0.0,0.4830508474576271,0.0,0.0,0.0,0.0,0.4745762711864407,0.559322033898305,0.5,0.4411764705882353,0.0,0.711864406779661,0.288135593220339,7.999993343139313,0
TECHM,5,0.9,958,106,119,2025-08-01,2026-04-09,0.4957983193277311,0.49632768361581914,0.589041095890411,0.4942528735632184,0.7288135593220338,43,44,16,16,0.48739495798319327,0.42857142857142855,0.0,0.5042016806722689,0.0,0.0,0.0,0.0,0.48739495798319327,0.453781512605042,0.4942528735632184,0.5,0.0,0.7310924369747899,0.2689075630252101,0.1000035356387145,0
TECHM,6,0.95,1011,112,60,2025-11-27,2026-04-09,0.5666666666666667,0.5288888888888889,0.6176470588235294,0.5526315789473685,0.7,21,17,13,9,0.4666666666666667,0.5166666666666667,0.0,0.5,0.0,0.0,0.0,0.0,0.5,0.4666666666666667,0.5526315789473685,0.5909090909090908,0.0,0.6333333333333333,0.36666666666666664,0.12442263584185952,3
TATAELXSI,1,0.7,762,84,121,2024-04-18,2024-12-16,0.5289256198347108,0.5637657361795293,0.4672897196261682,0.5102040816326531,0.43103448275862066,25,24,39,33,0.49586776859504134,0.5289256198347108,0.0,0.512396694214876,0.0,0.0,0.0,0.0,0.4214876033057851,0.512396694214876,0.5102040816326531,0.5416666666666667,0.0,0.4049586776859504,0.5950413223140496,0.20812220504856307,0
TATAELXSI,2,0.75,816,90,121,2024-08-27,2025-04-11,0.5537190082644629,0.561624649859944,0.38636363636363635,0.4594594594594595,0.3333333333333333,17,20,50,34,0.5619834710743802,0.5371900826446281,0.0,0.5041322314049587,0.0,0.0,0.0,0.0,0.5537190082644629,0.5454545454545454,0.4594594594594595,0.5952380952380952,0.0,0.30578512396694213,0.6942148760330579,0.185888383369914,0
TATAELXSI,3,0.8,871,96,121,2024-12-17,2025-08-21,0.5289256198347108,0.5093201754385964,0.37362637362637363,0.5,0.2982456140350877,17,17,47,40,0.48760330578512395,0.5289256198347108,0.0,0.4628099173553719,0.0,0.0,0.0,0.0,0.4628099173553719,0.49586776859504134,0.5,0.5402298850574713,0.0,0.2809917355371901,0.71900826446281,0.2094776877421202,0
TATAELXSI,4,0.85,925,102,121,2025-04-16,2025-12-15,0.49586776859504134,0.48275862068965514,0.34408602150537637,0.45714285714285713,0.27586206896551724,16,19,44,42,0.45454545454545453,0.5206611570247934,0.0,0.4462809917355372,0.0,0.0,0.0,0.0,0.5041322314049587,0.47107438016528924,0.45714285714285713,0.5116279069767442,0.0,0.2892561983471074,0.7107438016528925,0.1000035356387145,0
TATAELXSI,5,0.9,980,108,121,2025-08-22,2026-04-09,0.6033057851239669,0.5577464788732395,0.4146341463414634,0.53125,0.34,17,15,56,33,0.5041322314049587,0.5867768595041323,0.0,0.49586776859504134,0.0,0.0,0.0,0.0,0.4628099173553719,0.5537190082644629,0.53125,0.6292134831460674,0.0,0.2644628099173554,0.7355371900826446,0.1000035356387145,0
TATAELXSI,6,0.95,1034,114,61,2025-12-16,2026-04-09,0.5901639344262295,0.5377777777777777,0.46808510638297873,0.5,0.44,11,11,25,14,0.5245901639344263,0.5901639344262295,0.0,0.5409836065573771,0.0,0.0,0.0,0.0,0.5081967213114754,0.5573770491803278,0.5,0.641025641025641,0.0,0.36065573770491804,0.639344262295082,0.22090772716119292,3
MPHASIS,1,0.7,777,86,124,2024-04-12,2024-12-02,0.4596774193548387,0.43487394957983194,0.5379310344827586,0.5064935064935064,0.5735294117647058,39,38,18,29,0.5645161290322581,0.5,0.0,0.4032258064516129,0.0,0.0,0.0,0.0,0.49193548387096775,0.4838709677419355,0.5064935064935064,0.3829787234042553,0.0,0.6209677419354839,0.3790322580645161,0.1610291662220928,0
MPHASIS,2,0.75,833,92,123,2024-08-13,2025-03-28,0.5691056910569106,0.4700741525423729,0.6535947712418301,0.5617977528089888,0.78125,50,39,20,14,0.5609756097560976,0.5040650406504065,0.0,0.5121951219512195,0.0,0.0,0.0,0.0,0.5853658536585366,0.43089430894308944,0.5617977528089888,0.5882352941176471,0.0,0.7235772357723578,0.2764227642276423,2.154212121302711,0
MPHASIS,3,0.8,889,98,123,2024-12-04,2025-08-06,0.3902439024390244,0.361228813559322,0.3697478991596639,0.36666666666666664,0.3728813559322034,22,38,26,37,0.4878048780487805,0.4715447154471545,0.0,0.4959349593495935,0.0,0.0,0.0,0.0,0.5121951219512195,0.4796747967479675,0.36666666666666664,0.4126984126984127,0.0,0.4878048780487805,0.5121951219512195,7.999996483935736,0
MPHASIS,4,0.85,944,104,124,2025-04-01,2025-12-03,0.4274193548387097,0.36897001303780963,0.5170068027210885,0.4634146341463415,0.5846153846153846,38,44,15,27,0.4596774193548387,0.5241935483870968,0.0,0.49193548387096775,0.0,0.0,0.0,0.0,0.4838709677419355,0.5645161290322581,0.4634146341463415,0.3571428571428571,0.0,0.6612903225806451,0.3387096774193548,0.2642636569781404,0
MPHASIS,5,0.9,999,111,124,2025-08-08,2026-04-09,0.47580645161290325,0.48125,0.3564356435643564,0.43902439024390244,0.3,18,23,41,42,0.5241935483870968,0.47580645161290325,0.0,0.5645161290322581,0.0,0.0,0.0,0.0,0.5483870967741935,0.5161290322580645,0.43902439024390244,0.49397590361445787,0.0,0.33064516129032256,0.6693548387096774,0.3602216316778133,0
MPHASIS,6,0.95,1055,117,62,2025-12-04,2026-04-09,0.5645161290322581,0.5235042735042735,0.37209302325581395,0.47058823529411764,0.3076923076923077,8,9,27,18,0.5645161290322581,0.5806451612903226,0.0,0.5806451612903226,0.0,0.0,0.0,0.0,0.46774193548387094,0.5645161290322581,0.47058823529411764,0.6,0.0,0.27419354838709675,0.7258064516129032,0.1000035356387145,3
PERSISTENT,1,0.7,785,87,125,2024-05-10,2024-12-24,0.552,0.5234588106928533,0.6666666666666666,0.6222222222222222,0.717948717948718,56,34,13,22,0.624,0.368,0.0,0.536,0.0,0.0,0.0,0.0,0.472,0.6,0.6222222222222222,0.37142857142857144,0.0,0.72,0.28,0.18134795372319987,0
PERSISTENT,2,0.75,842,93,124,2024-09-02,2025-04-11,0.5887096774193549,0.613423517169615,0.6666666666666666,0.5604395604395604,0.8225806451612904,51,40,22,11,0.5161290322580645,0.49193548387096775,0.0,0.47580645161290325,0.0,0.0,0.0,0.0,0.46774193548387094,0.5,0.5604395604395604,0.6666666666666667,0.0,0.7338709677419355,0.2661290322580645,0.13502179185640975,0
PERSISTENT,3,0.8,898,99,125,2024-12-27,2025-08-08,0.488,0.4893892339544514,0.6190476190476191,0.4642857142857143,0.9285714285714286,52,60,9,4,0.464,0.456,0.0,0.456,0.0,0.0,0.0,0.0,0.488,0.464,0.4642857142857143,0.6923076923076923,0.0,0.896,0.104,0.1000035356387145,0
PERSISTENT,4,0.85,954,105,125,2025-04-16,2025-12-09,0.432,0.43317972350230416,0.5644171779141104,0.45544554455445546,0.7419354838709677,46,55,8,16,0.488,0.496,0.0,0.464,0.0,0.0,0.0,0.0,0.488,0.496,0.45544554455445546,0.33333333333333337,0.0,0.808,0.192,0.18564650939098684,0
PERSISTENT,5,0.9,1010,112,125,2025-08-11,2026-04-09,0.448,0.41828893442622955,0.5660377358490566,0.45918367346938777,0.7377049180327869,45,53,11,16,0.496,0.448,0.0,0.448,0.0,0.0,0.0,0.0,0.512,0.44,0.45918367346938777,0.40740740740740744,0.0,0.784,0.216,7.999996547896812,0
PERSISTENT,6,0.95,1066,118,63,2025-12-10,2026-04-09,0.5555555555555556,0.513184584178499,0.6216216216216216,0.5111111111111111,0.7931034482758621,23,22,12,6,0.5555555555555556,0.36507936507936506,0.0,0.47619047619047616,0.0,0.0,0.0,0.0,0.42857142857142855,0.5079365079365079,0.5111111111111111,0.6666666666666667,0.0,0.7142857142857143,0.2857142857142857,7.999994316785003,3
COFORGE,1,0.7,804,89,127,2024-04-04,2024-12-09,0.4645669291338583,0.49194805194805197,0.46875,0.5882352941176471,0.38961038961038963,30,21,29,47,0.5748031496062992,0.4015748031496063,0.0,0.5118110236220472,0.0,0.0,0.0,0.0,0.4645669291338583,0.44881889763779526,0.5882352941176471,0.381578947368421,0.0,0.4015748031496063,0.5984251968503937,0.13808050665486704,0
COFORGE,2,0.75,862,95,127,2024-08-08,2025-04-24,0.5275590551181102,0.5324675324675324,0.6296296296296297,0.6,0.6623376623376623,51,34,16,26,0.5433070866141733,0.44881889763779526,0.0,0.5433070866141733,0.0,0.0,0.0,0.0,0.6062992125984252,0.5196850393700787,0.6,0.38095238095238093,0.0,0.6692913385826772,0.33070866141732286,0.8660263621471824,0
COFORGE,3,0.8,918,102,128,2024-12-11,2025-08-14,0.5234375,0.519644180874722,0.5906040268456376,0.5641025641025641,0.6197183098591549,44,34,23,27,0.4765625,0.546875,0.0,0.5078125,0.0,0.0,0.0,0.0,0.5546875,0.5546875,0.5641025641025641,0.45999999999999996,0.0,0.609375,0.390625,0.3374564955895147,0
COFORGE,4,0.85,976,108,128,2025-04-28,2025-12-12,0.5,0.4440789473684211,0.5949367088607594,0.573170731707317,0.618421052631579,47,35,17,29,0.484375,0.46875,0.0,0.59375,0.0,0.0,0.0,0.0,0.59375,0.4375,0.573170731707317,0.3695652173913043,0.0,0.640625,0.359375,0.17189691855412711,0
COFORGE,5,0.9,1034,114,128,2025-08-19,2026-04-09,0.515625,0.48693528693528687,0.581081081081081,0.5058823529411764,0.6825396825396826,43,42,23,20,0.4921875,0.4921875,0.0,0.5859375,0.0,0.0,0.0,0.0,0.5,0.484375,0.5058823529411764,0.5348837209302326,0.0,0.6640625,0.3359375,0.5614676325633461,0
COFORGE,6,0.95,1091,121,64,2025-12-16,2026-04-09,0.46875,0.4139676113360324,0.46875,0.39473684210526316,0.5769230769230769,15,23,15,11,0.453125,0.5625,0.0,0.53125,0.0,0.0,0.0,0.0,0.453125,0.421875,0.39473684210526316,0.5769230769230769,0.0,0.59375,0.40625,0.1805965017144057,3
M&M,1,0.7,739,82,118,2024-05-07,2024-12-09,0.576271186440678,0.5846153846153846,0.6666666666666666,0.5882352941176471,0.7692307692307693,50,35,18,15,0.5508474576271186,0.6016949152542372,0.0,0.5254237288135594,0.0,0.0,0.0,0.0,0.5084745762711864,0.5169491525423728,0.5882352941176471,0.5454545454545454,0.0,0.7203389830508474,0.2796610169491525,0.21998149393506003,0
M&M,2,0.75,792,88,117,2024-08-27,2025-04-03,0.5726495726495726,0.4923976608187134,0.6875,0.55,0.9166666666666666,55,45,12,5,0.5897435897435898,0.5299145299145299,0.0,0.47863247863247865,0.0,0.0,0.0,0.0,0.5042735042735043,0.5384615384615384,0.55,0.7058823529411764,0.0,0.8547008547008547,0.1452991452991453,0.2055087062895933,0
M&M,3,0.8,846,93,117,2024-12-12,2025-08-07,0.5299145299145299,0.5447892271662763,0.6892655367231638,0.5258620689655172,1.0,61,55,1,0,0.5128205128205128,0.5213675213675214,0.0,0.5897435897435898,0.0,0.0,0.0,0.0,0.5470085470085471,0.5213675213675214,0.5258620689655172,1.0,0.0,0.9914529914529915,0.008547008547008548,0.2583021101233206,0
M&M,4,0.85,898,99,118,2025-04-04,2025-12-04,0.6271186440677966,0.6087211003804507,0.7283950617283951,0.6210526315789474,0.8805970149253731,59,36,15,8,0.6016949152542372,0.5677966101694916,0.0,0.5338983050847458,0.0,0.0,0.0,0.0,0.576271186440678,0.576271186440678,0.6210526315789474,0.6521739130434783,0.0,0.8050847457627118,0.19491525423728814,7.999993231528791,0
M&M,5,0.9,951,105,118,2025-08-08,2026-04-09,0.4576271186440678,0.46293103448275863,0.5223880597014925,0.4605263157894737,0.603448275862069,35,41,19,23,0.4491525423728814,0.4915254237288136,0.0,0.4745762711864407,0.0,0.0,0.0,0.0,0.5423728813559322,0.4830508474576271,0.4605263157894737,0.45238095238095233,0.0,0.6440677966101694,0.3559322033898305,0.8218733324670396,0
M&M,6,0.95,1004,111,59,2025-12-05,2026-04-09,0.3559322033898305,0.411764705882353,0.4722222222222222,0.3617021276595745,0.68,17,30,4,8,0.3898305084745763,0.5084745762711864,0.0,0.3898305084745763,0.0,0.0,0.0,0.0,0.423728813559322,0.4745762711864407,0.3617021276595745,0.33333333333333337,0.0,0.7966101694915254,0.2033898305084746,0.18498599485030714,3
MARUTI,1,0.7,697,77,111,2024-04-29,2024-12-12,0.4594594594594595,0.3916720884840599,0.5833333333333334,0.46153846153846156,0.7924528301886793,42,49,9,11,0.5045045045045045,0.43243243243243246,0.0,0.4144144144144144,0.0,0.0,0.0,0.0,0.4774774774774775,0.4774774774774775,0.46153846153846156,0.44999999999999996,0.0,0.8198198198198198,0.18018018018018017,0.17261484961640153,0
MARUTI,2,0.75,747,83,110,2024-08-23,2025-04-22,0.5272727272727272,0.5573333333333333,0.5737704918032787,0.4861111111111111,0.7,35,37,23,15,0.5,0.4636363636363636,0.0,0.4909090909090909,0.0,0.0,0.0,0.0,0.5545454545454546,0.5454545454545454,0.4861111111111111,0.6052631578947368,0.0,0.6545454545454545,0.34545454545454546,0.1808435917068812,0
MARUTI,3,0.8,797,88,111,2024-12-16,2025-08-14,0.46846846846846846,0.436038961038961,0.6040268456375839,0.4838709677419355,0.8035714285714286,45,48,7,11,0.5135135135135135,0.5045045045045045,0.0,0.5315315315315315,0.0,0.0,0.0,0.0,0.5045045045045045,0.3963963963963964,0.4838709677419355,0.38888888888888884,0.0,0.8378378378378378,0.16216216216216217,0.40279227308247467,0
MARUTI,4,0.85,846,94,111,2025-04-24,2025-12-29,0.44144144144144143,0.4662207357859532,0.5,0.5254237288135594,0.47692307692307695,31,28,18,34,0.45045045045045046,0.5585585585585585,0.0,0.38738738738738737,0.0,0.0,0.0,0.0,0.4864864864864865,0.4954954954954955,0.5254237288135594,0.34615384615384615,0.0,0.5315315315315315,0.46846846846846846,0.29446651983037564,0
MARUTI,5,0.9,897,99,111,2025-08-18,2026-04-09,0.38738738738738737,0.41054001301236176,0.423728813559322,0.4166666666666667,0.43103448275862066,25,35,18,33,0.43243243243243246,0.46846846846846846,0.0,0.44144144144144143,0.0,0.0,0.0,0.0,0.5495495495495496,0.4594594594594595,0.4166666666666667,0.3529411764705882,0.0,0.5405405405405406,0.4594594594594595,0.7873080489619159,0
MARUTI,6,0.95,946,105,56,2026-01-01,2026-04-09,0.42857142857142855,0.6028645833333334,0.5789473684210527,0.4230769230769231,0.9166666666666666,22,30,2,2,0.48214285714285715,0.44642857142857145,0.0,0.4107142857142857,0.0,0.0,0.0,0.0,0.42857142857142855,0.44642857142857145,0.4230769230769231,0.5,0.0,0.9285714285714286,0.07142857142857142,2.704715405026972,3
TVSMOTOR,1,0.7,757,84,120,2024-04-16,2024-11-27,0.525,0.4609969022810476,0.6459627329192547,0.5531914893617021,0.7761194029850746,52,42,11,15,0.525,0.55,0.0,0.5333333333333333,0.0,0.0,0.0,0.0,0.5416666666666666,0.48333333333333334,0.5531914893617021,0.42307692307692313,0.0,0.7833333333333333,0.21666666666666667,0.1000035356387145,0
TVSMOTOR,2,0.75,811,90,120,2024-08-05,2025-03-25,0.55,0.5132867132867134,0.7065217391304348,0.5462184873949579,1.0,65,54,1,0,0.5833333333333334,0.5416666666666666,0.0,0.5416666666666666,0.0,0.0,0.0,0.0,0.5333333333333333,0.5166666666666667,0.5462184873949579,1.0,0.0,0.9916666666666667,0.008333333333333333,0.3305613673508953,0
TVSMOTOR,3,0.8,865,96,120,2024-11-28,2025-07-18,0.5416666666666666,0.5974825174825176,0.7027027027027027,0.5416666666666666,1.0,65,55,0,0,0.5,0.5416666666666666,0.0,0.5666666666666667,0.0,0.0,0.0,0.0,0.55,0.5833333333333334,0.5416666666666666,0.0,0.0,1.0,0.0,0.30467711077843007,0
TVSMOTOR,4,0.85,919,102,120,2025-03-26,2025-12-11,0.5583333333333333,0.4332210998877665,0.7039106145251397,0.5575221238938053,0.9545454545454546,63,50,4,3,0.475,0.48333333333333334,0.0,0.4666666666666667,0.0,0.0,0.0,0.0,0.5916666666666667,0.5166666666666667,0.5575221238938053,0.5714285714285714,0.0,0.9416666666666667,0.058333333333333334,0.3057336704605403,0
TVSMOTOR,5,0.9,973,108,121,2025-07-21,2026-04-09,0.4297520661157025,0.35983606557377046,0.5605095541401274,0.4536082474226804,0.7333333333333333,44,53,8,16,0.49586776859504134,0.48760330578512395,0.0,0.5206611570247934,0.0,0.0,0.0,0.0,0.5041322314049587,0.4793388429752066,0.4536082474226804,0.33333333333333337,0.0,0.8016528925619835,0.19834710743801653,0.186424563658631,0
TVSMOTOR,6,0.95,1027,114,61,2025-12-12,2026-04-09,0.45901639344262296,0.3638344226579521,0.56,0.4375,0.7777777777777778,21,27,7,6,0.4426229508196721,0.4426229508196721,0.0,0.45901639344262296,0.0,0.0,0.0,0.0,0.4426229508196721,0.4426229508196721,0.4375,0.5384615384615384,0.0,0.7868852459016393,0.21311475409836064,1.1165209725851115,3
BAJAJ-AUTO,1,0.7,700,77,111,2024-05-13,2024-12-24,0.5225225225225225,0.5224171539961013,0.5954198473282443,0.527027027027027,0.6842105263157895,39,35,19,18,0.4954954954954955,0.5585585585585585,0.0,0.46846846846846846,0.0,0.0,0.0,0.0,0.5225225225225225,0.4954954954954955,0.527027027027027,0.5135135135135135,0.0,0.6666666666666666,0.3333333333333333,0.13506183095230573,0
BAJAJ-AUTO,2,0.75,750,83,111,2024-09-04,2025-04-29,0.4774774774774775,0.5157377049180327,0.5606060606060606,0.45121951219512196,0.74,37,45,16,13,0.5405405405405406,0.4864864864864865,0.0,0.5495495495495496,0.0,0.0,0.0,0.0,0.5675675675675675,0.40540540540540543,0.45121951219512196,0.5517241379310345,0.0,0.7387387387387387,0.26126126126126126,0.1643554159104102,0
BAJAJ-AUTO,3,0.8,800,88,111,2024-12-27,2025-08-28,0.5135135135135135,0.4847402597402598,0.5263157894736842,0.5172413793103449,0.5357142857142857,30,28,27,26,0.4774774774774775,0.5045045045045045,0.0,0.42342342342342343,0.0,0.0,0.0,0.0,0.5135135135135135,0.4954954954954955,0.5172413793103449,0.5094339622641509,0.0,0.5225225225225225,0.4774774774774775,0.1000035356387145,0
BAJAJ-AUTO,4,0.85,850,94,111,2025-04-30,2025-12-29,0.5225225225225225,0.5526315789473684,0.624113475177305,0.5238095238095238,0.7719298245614035,44,40,14,13,0.5585585585585585,0.5135135135135135,0.0,0.5495495495495496,0.0,0.0,0.0,0.0,0.5225225225225225,0.44144144144144143,0.5238095238095238,0.5185185185185186,0.0,0.7567567567567568,0.24324324324324326,7.999995777613424,0
BAJAJ-AUTO,5,0.9,900,99,112,2025-08-29,2026-04-09,0.5535714285714286,0.5666454081632653,0.6621621621621622,0.532608695652174,0.875,49,43,13,7,0.42857142857142855,0.5357142857142857,0.0,0.5,0.0,0.0,0.0,0.0,0.5,0.5,0.532608695652174,0.65,0.0,0.8214285714285714,0.17857142857142858,0.2993888756417774,0
BAJAJ-AUTO,6,0.95,950,105,56,2025-12-30,2026-04-09,0.44642857142857145,0.43550446998722864,0.5507246376811594,0.475,0.6551724137931034,19,21,6,10,0.44642857142857145,0.48214285714285715,0.0,0.44642857142857145,0.0,0.0,0.0,0.0,0.5178571428571429,0.5,0.475,0.375,0.0,0.7142857142857143,0.2857142857142857,0.2675915392911411,3
HEROMOTOCO,1,0.7,740,82,118,2024-05-17,2025-01-03,0.5423728813559322,0.5838133640552996,0.6086956521739131,0.5121951219512195,0.75,42,40,22,14,0.576271186440678,0.5084745762711864,0.0,0.5084745762711864,0.0,0.0,0.0,0.0,0.4406779661016949,0.4915254237288136,0.5121951219512195,0.6111111111111112,0.0,0.6949152542372882,0.3050847457627119,0.3235313577649242,0
HEROMOTOCO,2,0.75,793,88,117,2024-09-16,2025-04-24,0.452991452991453,0.5092537313432837,0.5789473684210527,0.43137254901960786,0.88,44,58,9,6,0.5213675213675214,0.452991452991453,0.0,0.4444444444444444,0.0,0.0,0.0,0.0,0.41025641025641024,0.4444444444444444,0.43137254901960786,0.6,0.0,0.8717948717948718,0.1282051282051282,0.22775453841544063,0
HEROMOTOCO,3,0.8,846,94,117,2025-01-06,2025-08-11,0.5299145299145299,0.5020527859237537,0.6206896551724138,0.5421686746987951,0.7258064516129032,45,38,17,17,0.49572649572649574,0.5128205128205128,0.0,0.5726495726495726,0.0,0.0,0.0,0.0,0.5299145299145299,0.5128205128205128,0.5421686746987951,0.5,0.0,0.7094017094017094,0.2905982905982906,7.999994467536787,0
HEROMOTOCO,4,0.85,899,99,118,2025-04-25,2025-12-19,0.5423728813559322,0.5288461538461539,0.625,0.5769230769230769,0.6818181818181818,45,33,19,21,0.576271186440678,0.5508474576271186,0.0,0.5169491525423728,0.0,0.0,0.0,0.0,0.423728813559322,0.5847457627118644,0.5769230769230769,0.475,0.0,0.6610169491525424,0.3389830508474576,0.29187431002005226,0
HEROMOTOCO,5,0.9,952,105,118,2025-08-12,2026-04-09,0.5338983050847458,0.5159620362381363,0.5299145299145299,0.5535714285714286,0.5081967213114754,31,25,32,30,0.5084745762711864,0.4830508474576271,0.0,0.5084745762711864,0.0,0.0,0.0,0.0,0.4915254237288136,0.4491525423728814,0.5535714285714286,0.5161290322580645,0.0,0.4745762711864407,0.5254237288135594,2.397538262183045,0
HEROMOTOCO,6,0.95,1005,111,59,2025-12-22,2026-04-09,0.4915254237288136,0.5114942528735632,0.5161290322580645,0.48484848484848486,0.5517241379310345,16,17,13,13,0.5254237288135594,0.4576271186440678,0.0,0.559322033898305,0.0,0.0,0.0,0.0,0.5254237288135594,0.4576271186440678,0.48484848484848486,0.5,0.0,0.559322033898305,0.4406779661016949,0.4814253240668826,3
HINDUNILVR,1,0.7,668,74,106,2024-05-03,2024-12-19,0.5754716981132075,0.5699964196204798,0.6086956521739131,0.5303030303030303,0.7142857142857143,35,31,26,14,0.5566037735849056,0.5471698113207547,0.0,0.4339622641509434,0.0,0.0,0.0,0.0,0.5849056603773585,0.5566037735849056,0.5303030303030303,0.65,0.0,0.6226415094339622,0.37735849056603776,0.37176507260273745,0
HINDUNILVR,2,0.75,716,79,106,2024-08-22,2025-05-07,0.5283018867924528,0.5562841530054644,0.5535714285714286,0.4626865671641791,0.6888888888888889,31,36,25,14,0.5188679245283019,0.5188679245283019,0.0,0.5566037735849056,0.0,0.0,0.0,0.0,0.44339622641509435,0.4339622641509434,0.4626865671641791,0.641025641025641,0.0,0.6320754716981132,0.36792452830188677,0.3811327731270661,0
HINDUNILVR,3,0.8,764,84,106,2024-12-30,2025-08-19,0.49056603773584906,0.45811051693404636,0.625,0.5056179775280899,0.8181818181818182,45,44,7,10,0.4339622641509434,0.5188679245283019,0.0,0.49056603773584906,0.0,0.0,0.0,0.0,0.5188679245283019,0.5188679245283019,0.5056179775280899,0.4117647058823529,0.0,0.839622641509434,0.16037735849056603,0.15493145548820222,0
HINDUNILVR,4,0.85,811,90,106,2025-05-08,2025-12-19,0.4716981132075472,0.4843304843304843,0.5555555555555556,0.47297297297297297,0.6730769230769231,35,39,15,17,0.4716981132075472,0.5094339622641509,0.0,0.4716981132075472,0.0,0.0,0.0,0.0,0.49056603773584906,0.4716981132075472,0.47297297297297297,0.46875,0.0,0.6981132075471698,0.3018867924528302,0.14237385260061408,0
HINDUNILVR,5,0.9,859,95,106,2025-08-20,2026-04-09,0.4528301886792453,0.43103448275862066,0.35555555555555557,0.38095238095238093,0.3333333333333333,16,26,32,32,0.46226415094339623,0.42452830188679247,0.0,0.5094339622641509,0.0,0.0,0.0,0.0,0.49056603773584906,0.5283018867924528,0.38095238095238093,0.5,0.0,0.39622641509433965,0.6037735849056604,0.31454666506218293,0
HINDUNILVR,6,0.95,907,100,53,2025-12-22,2026-04-09,0.4528301886792453,0.4022988505747126,0.4528301886792453,0.41379310344827586,0.5,12,17,12,12,0.4716981132075472,0.4339622641509434,0.0,0.49056603773584906,0.0,0.0,0.0,0.0,0.4528301886792453,0.5849056603773585,0.41379310344827586,0.5,0.0,0.5471698113207547,0.4528301886792453,7.999993774270769,3
EICHERMOT,1,0.7,761,84,121,2024-03-21,2024-12-03,0.5371900826446281,0.5702569710224167,0.5254237288135594,0.5535714285714286,0.5,31,25,34,31,0.5537190082644629,0.5206611570247934,0.0,0.5867768595041323,0.0,0.0,0.0,0.0,0.5041322314049587,0.5619834710743802,0.5535714285714286,0.523076923076923,0.0,0.4628099173553719,0.5371900826446281,0.1000035356387145,0
EICHERMOT,2,0.75,816,90,120,2024-08-05,2025-04-01,0.49166666666666664,0.46797202797202797,0.34408602150537637,0.42105263157894735,0.2909090909090909,16,22,43,39,0.5416666666666666,0.55,0.0,0.4583333333333333,0.0,0.0,0.0,0.0,0.525,0.4666666666666667,0.42105263157894735,0.524390243902439,0.0,0.31666666666666665,0.6833333333333333,0.2597611286511201,0
EICHERMOT,3,0.8,870,96,121,2024-12-04,2025-08-01,0.5206611570247934,0.4866047020229633,0.5857142857142857,0.5256410256410257,0.6612903225806451,41,37,22,21,0.48760330578512395,0.45454545454545453,0.0,0.49586776859504134,0.0,0.0,0.0,0.0,0.5206611570247934,0.5289256198347108,0.5256410256410257,0.5116279069767442,0.0,0.6446280991735537,0.35537190082644626,0.16853536782643325,0
EICHERMOT,4,0.85,924,102,121,2025-04-02,2025-12-15,0.48760330578512395,0.4797447280799112,0.6172839506172839,0.5319148936170213,0.7352941176470589,50,44,9,18,0.5785123966942148,0.4793388429752066,0.0,0.512396694214876,0.0,0.0,0.0,0.0,0.45454545454545453,0.4628099173553719,0.5319148936170213,0.33333333333333337,0.0,0.7768595041322314,0.2231404958677686,0.4550275922985652,0
EICHERMOT,5,0.9,979,108,121,2025-08-04,2026-04-09,0.45454545454545453,0.511767925561029,0.5,0.4782608695652174,0.5238095238095238,33,36,22,30,0.4380165289256198,0.45454545454545453,0.0,0.512396694214876,0.0,0.0,0.0,0.0,0.5454545454545454,0.5454545454545454,0.4782608695652174,0.42307692307692313,0.0,0.5702479338842975,0.4297520661157025,0.6922198687678704,0
EICHERMOT,6,0.95,1033,114,61,2025-12-16,2026-04-09,0.5573770491803278,0.5465367965367964,0.5846153846153846,0.5135135135135135,0.6785714285714286,19,18,15,9,0.5901639344262295,0.5737704918032787,0.0,0.39344262295081966,0.0,0.0,0.0,0.0,0.47540983606557374,0.4918032786885246,0.5135135135135135,0.625,0.0,0.6065573770491803,0.39344262295081966,0.14287698920576522,3
MOTHERSON,1,0.7,796,88,126,2024-05-13,2024-12-27,0.4444444444444444,0.40688775510204084,0.573170731707317,0.5,0.6714285714285714,47,47,9,23,0.49206349206349204,0.4365079365079365,0.0,0.5555555555555556,0.0,0.0,0.0,0.0,0.5555555555555556,0.5555555555555556,0.5,0.28125,0.0,0.746031746031746,0.25396825396825395,0.18488457892805646,0
MOTHERSON,2,0.75,853,94,126,2024-09-10,2025-04-22,0.5079365079365079,0.5357955982797875,0.6309523809523809,0.48623853211009177,0.8983050847457628,53,56,11,6,0.46825396825396826,0.47619047619047616,0.0,0.42857142857142855,0.0,0.0,0.0,0.0,0.48412698412698413,0.48412698412698413,0.48623853211009177,0.6470588235294117,0.0,0.8650793650793651,0.1349206349206349,0.1000035356387145,0
MOTHERSON,3,0.8,909,101,126,2024-12-30,2025-08-05,0.5238095238095238,0.5342741935483871,0.6666666666666666,0.5172413793103449,0.9375,60,56,6,4,0.5317460317460317,0.5079365079365079,0.0,0.4523809523809524,0.0,0.0,0.0,0.0,0.5158730158730159,0.48412698412698413,0.5172413793103449,0.6,0.0,0.9206349206349206,0.07936507936507936,7.999995374535066,0
MOTHERSON,4,0.85,966,107,126,2025-04-24,2025-12-09,0.5555555555555556,0.5563131313131313,0.6626506024096386,0.55,0.8333333333333334,55,45,15,11,0.5634920634920635,0.5476190476190477,0.0,0.5079365079365079,0.0,0.0,0.0,0.0,0.5079365079365079,0.5238095238095238,0.55,0.5769230769230769,0.0,0.7936507936507936,0.20634920634920634,7.999994074628781,0
MOTHERSON,5,0.9,1023,113,127,2025-08-06,2026-04-09,0.5748031496062992,0.5845734126984126,0.6197183098591549,0.5569620253164557,0.6984126984126984,44,35,29,19,0.5196850393700787,0.47244094488188976,0.0,0.4645669291338583,0.0,0.0,0.0,0.0,0.5433070866141733,0.5511811023622047,0.5569620253164557,0.6041666666666667,0.0,0.6220472440944882,0.3779527559055118,0.26263893875176925,0
MOTHERSON,6,0.95,1080,119,64,2025-12-10,2026-04-09,0.515625,0.49019607843137253,0.6075949367088608,0.4897959183673469,0.8,24,25,9,6,0.5,0.515625,0.0,0.359375,0.0,0.0,0.0,0.0,0.46875,0.421875,0.4897959183673469,0.6,0.0,0.765625,0.234375,0.1000035356387145,3
BRITANNIA,1,0.7,657,73,105,2024-05-21,2025-01-15,0.5523809523809524,0.6203636363636365,0.6618705035971223,0.5476190476190477,0.8363636363636363,46,38,12,9,0.6,0.6,0.0,0.580952380952381,0.0,0.0,0.0,0.0,0.45714285714285713,0.4857142857142857,0.5476190476190477,0.5714285714285714,0.0,0.8,0.2,0.43366271832980496,0
BRITANNIA,2,0.75,705,78,104,2024-09-19,2025-05-05,0.6153846153846154,0.595925925925926,0.7058823529411765,0.5853658536585366,0.8888888888888888,48,34,16,6,0.5192307692307693,0.5192307692307693,0.0,0.4807692307692308,0.0,0.0,0.0,0.0,0.5,0.5576923076923077,0.5853658536585366,0.7272727272727273,0.0,0.7884615384615384,0.21153846153846154,0.27574007200404893,0
BRITANNIA,3,0.8,752,83,104,2025-01-17,2025-08-20,0.4423076923076923,0.38581776591688904,0.5538461538461539,0.5217391304347826,0.5901639344262295,36,33,10,25,0.5576923076923077,0.4326923076923077,0.0,0.5384615384615384,0.0,0.0,0.0,0.0,0.47115384615384615,0.5673076923076923,0.5217391304347826,0.2857142857142857,0.0,0.6634615384615384,0.33653846153846156,0.14438809306269193,0
BRITANNIA,4,0.85,799,88,104,2025-05-06,2025-12-16,0.47115384615384615,0.4542372881355932,0.5985401459854015,0.5256410256410257,0.6949152542372882,41,37,8,18,0.4423076923076923,0.4807692307692308,0.0,0.5384615384615384,0.0,0.0,0.0,0.0,0.5096153846153846,0.5865384615384616,0.5256410256410257,0.3076923076923077,0.0,0.75,0.25,0.2959543380322443,0
BRITANNIA,5,0.9,846,93,105,2025-08-21,2026-04-09,0.6,0.5685776487663281,0.6440677966101694,0.5846153846153846,0.7169811320754716,38,27,25,15,0.5523809523809524,0.5047619047619047,0.0,0.45714285714285713,0.0,0.0,0.0,0.0,0.5619047619047619,0.5142857142857142,0.5846153846153846,0.625,0.0,0.6190476190476191,0.38095238095238093,0.14061216868400533,0
BRITANNIA,6,0.95,892,99,53,2025-12-17,2026-04-09,0.6037735849056604,0.5833333333333333,0.6557377049180327,0.5405405405405406,0.8333333333333334,20,17,12,4,0.5094339622641509,0.4528301886792453,0.0,0.6226415094339622,0.0,0.0,0.0,0.0,0.5471698113207547,0.49056603773584906,0.5405405405405406,0.75,0.0,0.6981132075471698,0.3018867924528302,0.1000035356387145,3
ITC,1,0.7,687,76,109,2024-02-26,2024-10-23,0.5321100917431193,0.548148148148148,0.592,0.5211267605633803,0.6851851851851852,37,34,21,17,0.6146788990825688,0.4954128440366973,0.0,0.47706422018348627,0.0,0.0,0.0,0.0,0.5137614678899083,0.47706422018348627,0.5211267605633803,0.5526315789473684,0.0,0.6513761467889908,0.3486238532110092,0.2769216831871739,0
ITC,2,0.75,737,81,109,2024-07-01,2025-03-11,0.4954128440366973,0.587431693989071,0.56,0.45454545454545453,0.7291666666666666,35,42,19,13,0.5412844036697247,0.47706422018348627,0.0,0.5596330275229358,0.0,0.0,0.0,0.0,0.5504587155963303,0.5779816513761468,0.45454545454545453,0.59375,0.0,0.7064220183486238,0.29357798165137616,0.1190869318368719,0
ITC,3,0.8,785,87,109,2024-10-24,2025-07-31,0.4954128440366973,0.5250169033130494,0.5132743362831859,0.46774193548387094,0.5686274509803921,29,33,25,22,0.5229357798165137,0.4954128440366973,0.0,0.5504587155963303,0.0,0.0,0.0,0.0,0.5596330275229358,0.4954128440366973,0.46774193548387094,0.5319148936170213,0.0,0.5688073394495413,0.43119266055045874,0.2671801090223609,0
ITC,4,0.85,835,92,109,2025-03-13,2025-12-11,0.4954128440366973,0.5064016172506738,0.5669291338582677,0.5070422535211268,0.6428571428571429,36,35,18,20,0.47706422018348627,0.44954128440366975,0.0,0.44954128440366975,0.0,0.0,0.0,0.0,0.4954128440366973,0.4954128440366973,0.5070422535211268,0.4736842105263158,0.0,0.6513761467889908,0.3486238532110092,0.2337288651801688,0
ITC,5,0.9,883,98,110,2025-08-04,2026-04-09,0.5181818181818182,0.47619047619047616,0.43010752688172044,0.43478260869565216,0.425531914893617,20,26,37,27,0.4909090909090909,0.4727272727272727,0.0,0.509090909090909,0.0,0.0,0.0,0.0,0.5,0.5636363636363636,0.43478260869565216,0.578125,0.0,0.41818181818181815,0.5818181818181818,0.3780360183812776,0
ITC,6,0.95,933,103,55,2025-12-12,2026-04-09,0.4727272727272727,0.47058823529411764,0.32558139534883723,0.3181818181818182,0.3333333333333333,7,15,19,14,0.4727272727272727,0.6181818181818182,0.0,0.5454545454545454,0.0,0.0,0.0,0.0,0.45454545454545453,0.43636363636363634,0.3181818181818182,0.5757575757575757,0.0,0.4,0.6,7.999994559141302,3
NESTLEIND,1,0.7,668,74,106,2024-05-06,2024-12-30,0.4716981132075472,0.44800569800569806,0.6363636363636364,0.4803921568627451,0.9423076923076923,49,53,1,3,0.4528301886792453,0.49056603773584906,0.0,0.49056603773584906,0.0,0.0,0.0,0.0,0.5377358490566038,0.4716981132075472,0.4803921568627451,0.25,0.0,0.9622641509433962,0.03773584905660377,0.5422007728656657,0
NESTLEIND,2,0.75,716,79,106,2024-09-02,2025-05-05,0.49056603773584906,0.5435714285714285,0.6493506493506493,0.4807692307692308,1.0,50,54,2,0,0.5377358490566038,0.4716981132075472,0.0,0.4528301886792453,0.0,0.0,0.0,0.0,0.4716981132075472,0.4716981132075472,0.4807692307692308,1.0,0.0,0.9811320754716981,0.018867924528301886,0.21422158323585766,0
NESTLEIND,3,0.8,764,84,106,2025-01-01,2025-08-18,0.5,0.5733618233618234,0.6624203821656051,0.5048543689320388,0.9629629629629629,52,51,1,2,0.5188679245283019,0.5283018867924528,0.0,0.49056603773584906,0.0,0.0,0.0,0.0,0.5094339622641509,0.4811320754716981,0.5048543689320388,0.33333333333333337,0.0,0.9716981132075472,0.02830188679245283,7.999996008984153,0
NESTLEIND,4,0.85,811,90,106,2025-05-06,2025-12-18,0.5094339622641509,0.5377492877492878,0.5185185185185185,0.5,0.5384615384615384,28,28,26,24,0.4811320754716981,0.49056603773584906,0.0,0.5,0.0,0.0,0.0,0.0,0.5094339622641509,0.5377358490566038,0.5,0.52,0.0,0.5283018867924528,0.4716981132075472,0.21531766172162756,0
NESTLEIND,5,0.9,859,95,106,2025-08-19,2026-04-09,0.5660377358490566,0.5946524064171124,0.6166666666666667,0.5362318840579711,0.7254901960784313,37,32,23,14,0.5283018867924528,0.5188679245283019,0.0,0.5566037735849056,0.0,0.0,0.0,0.0,0.49056603773584906,0.4716981132075472,0.5362318840579711,0.6216216216216216,0.0,0.6509433962264151,0.3490566037735849,0.37327175654430855,0
NESTLEIND,6,0.95,907,100,53,2025-12-19,2026-04-09,0.5849056603773585,0.5541310541310541,0.6206896551724138,0.5625,0.6923076923076923,18,14,13,8,0.41509433962264153,0.5283018867924528,0.0,0.4528301886792453,0.0,0.0,0.0,0.0,0.39622641509433965,0.5471698113207547,0.5625,0.6190476190476191,0.0,0.6037735849056604,0.39622641509433965,7.9999934108199735,3
TATACONSUM,1,0.7,739,82,117,2024-04-05,2024-12-09,0.5299145299145299,0.5513196480938416,0.5528455284552846,0.5,0.6181818181818182,34,34,28,21,0.5470085470085471,0.5299145299145299,0.0,0.452991452991453,0.0,0.0,0.0,0.0,0.5213675213675214,0.4444444444444444,0.5,0.5714285714285714,0.0,0.5811965811965812,0.4188034188034188,0.10251040572168799,0
TATACONSUM,2,0.75,792,87,118,2024-08-12,2025-04-08,0.5,0.5465517241379311,0.5354330708661418,0.5074626865671642,0.5666666666666667,34,33,25,26,0.5508474576271186,0.5254237288135594,0.0,0.4152542372881356,0.0,0.0,0.0,0.0,0.5169491525423728,0.5,0.5074626865671642,0.4901960784313726,0.0,0.5677966101694916,0.4322033898305085,0.328341157679692,0
TATACONSUM,3,0.8,845,93,117,2024-12-10,2025-08-05,0.5213675213675214,0.49941451990632313,0.45098039215686275,0.5609756097560976,0.3770491803278688,23,18,38,38,0.5726495726495726,0.4700854700854701,0.0,0.5384615384615384,0.0,0.0,0.0,0.0,0.47863247863247865,0.452991452991453,0.5609756097560976,0.5,0.0,0.3504273504273504,0.6495726495726496,0.18115027669839726,0
TATACONSUM,4,0.85,898,99,117,2025-04-09,2025-12-11,0.49572649572649574,0.4649327878433665,0.5815602836879432,0.5,0.6949152542372882,41,41,17,18,0.5213675213675214,0.4358974358974359,0.0,0.47863247863247865,0.0,0.0,0.0,0.0,0.49572649572649574,0.5042735042735043,0.5,0.48571428571428577,0.0,0.7008547008547008,0.29914529914529914,0.12428143855677029,0
TATACONSUM,5,0.9,950,105,118,2025-08-08,2026-04-09,0.4491525423728814,0.4908045977011494,0.5695364238410596,0.4725274725274725,0.7166666666666667,43,48,10,17,0.4406779661016949,0.4915254237288136,0.0,0.5169491525423728,0.0,0.0,0.0,0.0,0.5,0.5169491525423728,0.4725274725274725,0.37037037037037035,0.0,0.7711864406779662,0.2288135593220339,0.1375898587528606,0
TATACONSUM,6,0.95,1003,111,59,2025-12-12,2026-04-09,0.423728813559322,0.4884792626728111,0.5142857142857142,0.42857142857142855,0.6428571428571429,18,24,7,10,0.3389830508474576,0.5254237288135594,0.0,0.4915254237288136,0.0,0.0,0.0,0.0,0.5254237288135594,0.4576271186440678,0.42857142857142855,0.4117647058823529,0.0,0.711864406779661,0.288135593220339,7.999994425652268,3
COLPAL,1,0.7,699,77,111,2024-05-21,2025-01-15,0.5135135135135135,0.5035783994795056,0.55,0.532258064516129,0.5689655172413793,33,29,24,25,0.5045045045045045,0.4594594594594595,0.0,0.42342342342342343,0.0,0.0,0.0,0.0,0.5855855855855856,0.5045045045045045,0.532258064516129,0.4897959183673469,0.0,0.5585585585585585,0.44144144144144143,0.10823883248354664,0
COLPAL,2,0.75,748,83,111,2024-09-27,2025-04-22,0.4774774774774775,0.4189814814814815,0.49122807017543857,0.42424242424242425,0.5833333333333334,28,38,25,20,0.3783783783783784,0.43243243243243246,0.0,0.5315315315315315,0.0,0.0,0.0,0.0,0.45045045045045046,0.4864864864864865,0.42424242424242425,0.5555555555555556,0.0,0.5945945945945946,0.40540540540540543,0.1000035356387145,0
COLPAL,3,0.8,799,88,111,2025-01-16,2025-08-14,0.42342342342342343,0.42940793754066364,0.5362318840579711,0.43529411764705883,0.6981132075471698,37,48,10,16,0.5225225225225225,0.4954954954954955,0.0,0.4594594594594595,0.0,0.0,0.0,0.0,0.42342342342342343,0.4954954954954955,0.43529411764705883,0.3846153846153846,0.0,0.7657657657657657,0.23423423423423423,0.1000035356387145,0
COLPAL,4,0.85,848,94,111,2025-04-23,2025-12-10,0.45045045045045046,0.4615384615384615,0.512,0.4383561643835616,0.6153846153846154,32,41,18,20,0.5045045045045045,0.4774774774774775,0.0,0.4594594594594595,0.0,0.0,0.0,0.0,0.4864864864864865,0.5135135135135135,0.4383561643835616,0.4736842105263158,0.0,0.6576576576576577,0.34234234234234234,0.2816732600004991,0
COLPAL,5,0.9,899,99,111,2025-08-18,2026-04-09,0.4774774774774775,0.5140156453715776,0.6233766233766234,0.47058823529411764,0.9230769230769231,48,54,5,4,0.4954954954954955,0.46846846846846846,0.0,0.4774774774774775,0.0,0.0,0.0,0.0,0.5315315315315315,0.4954954954954955,0.47058823529411764,0.5555555555555556,0.0,0.918918918918919,0.08108108108108109,7.999994564171271,0
COLPAL,6,0.95,948,105,56,2025-12-16,2026-04-09,0.5714285714285714,0.5435897435897435,0.52,0.5416666666666666,0.5,13,11,19,13,0.44642857142857145,0.42857142857142855,0.0,0.48214285714285715,0.0,0.0,0.0,0.0,0.5714285714285714,0.5357142857142857,0.5416666666666666,0.59375,0.0,0.42857142857142855,0.5714285714285714,7.999996371928894,3
SUNPHARMA,1,0.7,702,78,112,2024-03-15,2024-11-13,0.5714285714285714,0.5553385416666667,0.6883116883116883,0.5888888888888889,0.828125,53,37,11,11,0.5625,0.45535714285714285,0.0,0.5803571428571429,0.0,0.0,0.0,0.0,0.5982142857142857,0.5714285714285714,0.5888888888888889,0.5,0.0,0.8035714285714286,0.19642857142857142,0.1000035356387145,0
SUNPHARMA,2,0.75,753,83,111,2024-07-18,2025-03-20,0.4954954954954955,0.49446974625894596,0.5333333333333333,0.5161290322580645,0.5517241379310345,32,30,23,26,0.5315315315315315,0.5225225225225225,0.0,0.5225225225225225,0.0,0.0,0.0,0.0,0.4864864864864865,0.5315315315315315,0.5161290322580645,0.4693877551020408,0.0,0.5585585585585585,0.44144144144144143,0.10244314064796953,0
SUNPHARMA,3,0.8,803,89,111,2024-11-14,2025-07-23,0.44144144144144143,0.4420949902407287,0.4745762711864407,0.4307692307692308,0.5283018867924528,28,37,21,25,0.40540540540540543,0.5135135135135135,0.0,0.4774774774774775,0.0,0.0,0.0,0.0,0.5135135135135135,0.5315315315315315,0.4307692307692308,0.4565217391304348,0.0,0.5855855855855856,0.4144144144144144,0.10699084238426924,0
SUNPHARMA,4,0.85,853,94,112,2025-03-24,2025-12-04,0.5267857142857143,0.4878522837706511,0.6015037593984962,0.5714285714285714,0.6349206349206349,40,30,19,23,0.44642857142857145,0.5625,0.0,0.4017857142857143,0.0,0.0,0.0,0.0,0.48214285714285715,0.49107142857142855,0.5714285714285714,0.45238095238095233,0.0,0.625,0.375,0.15306295239378034,0
SUNPHARMA,5,0.9,903,100,112,2025-07-24,2026-04-09,0.4732142857142857,0.4805528768884603,0.556390977443609,0.5138888888888888,0.6065573770491803,37,35,16,24,0.4375,0.48214285714285715,0.0,0.5178571428571429,0.0,0.0,0.0,0.0,0.5267857142857143,0.5535714285714286,0.5138888888888888,0.4,0.0,0.6428571428571429,0.35714285714285715,0.7596172317652602,0
SUNPHARMA,6,0.95,954,105,56,2025-12-05,2026-04-09,0.48214285714285715,0.5102564102564102,0.49122807017543857,0.45161290322580644,0.5384615384615384,14,17,13,12,0.5178571428571429,0.44642857142857145,0.0,0.6071428571428571,0.0,0.0,0.0,0.0,0.4642857142857143,0.5535714285714286,0.45161290322580644,0.52,0.0,0.5535714285714286,0.44642857142857145,0.38781447031960387,3
GODREJCP,1,0.7,738,81,117,2024-04-18,2024-11-25,0.5213675213675214,0.495307917888563,0.36363636363636365,0.48484848484848486,0.2909090909090909,16,17,45,39,0.5555555555555556,0.4700854700854701,0.0,0.4358974358974359,0.0,0.0,0.0,0.0,0.4444444444444444,0.452991452991453,0.48484848484848486,0.5357142857142857,0.0,0.28205128205128205,0.717948717948718,0.11397281413527988,0
GODREJCP,2,0.75,791,87,117,2024-08-07,2025-03-27,0.5213675213675214,0.4885802469135803,0.46153846153846156,0.4067796610169492,0.5333333333333333,24,35,37,21,0.5042735042735043,0.452991452991453,0.0,0.5213675213675214,0.0,0.0,0.0,0.0,0.38461538461538464,0.48717948717948717,0.4067796610169492,0.6379310344827587,0.0,0.5042735042735043,0.49572649572649574,0.1922038880051069,0
GODREJCP,3,0.8,843,93,117,2024-11-26,2025-08-05,0.5213675213675214,0.5372148859543817,0.5333333333333333,0.4507042253521127,0.6530612244897959,32,39,29,17,0.47863247863247865,0.5726495726495726,0.0,0.5213675213675214,0.0,0.0,0.0,0.0,0.49572649572649574,0.42735042735042733,0.4507042253521127,0.6304347826086957,0.0,0.6068376068376068,0.39316239316239315,0.28588706463609004,0
GODREJCP,4,0.85,896,99,117,2025-03-28,2025-12-08,0.5982905982905983,0.5684891240446797,0.591304347826087,0.5573770491803278,0.6296296296296297,34,27,36,20,0.5128205128205128,0.47863247863247865,0.0,0.5128205128205128,0.0,0.0,0.0,0.0,0.5299145299145299,0.5299145299145299,0.5573770491803278,0.6428571428571428,0.0,0.5213675213675214,0.47863247863247865,0.19349755753857045,0
GODREJCP,5,0.9,948,105,118,2025-08-06,2026-04-09,0.4915254237288136,0.4660138248847926,0.45454545454545453,0.5208333333333334,0.4032258064516129,25,23,33,37,0.4830508474576271,0.5169491525423728,0.0,0.4067796610169492,0.0,0.0,0.0,0.0,0.4661016949152542,0.4661016949152542,0.5208333333333334,0.4714285714285714,0.0,0.4067796610169492,0.5932203389830508,0.20654116939644948,0
GODREJCP,6,0.95,1001,111,59,2025-12-10,2026-04-09,0.5084745762711864,0.5314685314685315,0.5084745762711864,0.5769230769230769,0.45454545454545453,15,11,15,18,0.5254237288135594,0.4915254237288136,0.0,0.5932203389830508,0.0,0.0,0.0,0.0,0.4406779661016949,0.5254237288135594,0.5769230769230769,0.4545454545454546,0.0,0.4406779661016949,0.559322033898305,0.1781688534693709,3
MARICO,1,0.7,699,77,111,2024-05-06,2024-12-09,0.5315315315315315,0.5288524590163934,0.5185185185185185,0.5957446808510638,0.45901639344262296,28,19,31,33,0.4864864864864865,0.4864864864864865,0.0,0.6036036036036037,0.0,0.0,0.0,0.0,0.45045045045045046,0.5045045045045045,0.5957446808510638,0.484375,0.0,0.42342342342342343,0.5765765765765766,0.22056431031067764,0
MARICO,2,0.75,748,83,111,2024-08-22,2025-04-02,0.5225225225225225,0.5316166883963495,0.4536082474226804,0.4888888888888889,0.4230769230769231,22,23,36,30,0.5495495495495496,0.4954954954954955,0.0,0.4594594594594595,0.0,0.0,0.0,0.0,0.4864864864864865,0.5315315315315315,0.4888888888888889,0.5454545454545454,0.0,0.40540540540540543,0.5945945945945946,7.999994502892886,0
MARICO,3,0.8,799,88,111,2024-12-10,2025-08-04,0.4864864864864865,0.5084415584415585,0.5128205128205128,0.4918032786885246,0.5357142857142857,30,31,24,26,0.5405405405405406,0.4774774774774775,0.0,0.44144144144144143,0.0,0.0,0.0,0.0,0.4954954954954955,0.46846846846846846,0.4918032786885246,0.48,0.0,0.5495495495495496,0.45045045045045046,0.21076585513858298,0
MARICO,4,0.85,848,94,111,2025-04-03,2025-12-04,0.4954954954954955,0.6600520494469746,0.6410256410256411,0.4854368932038835,0.9433962264150944,50,53,5,3,0.5225225225225225,0.4774774774774775,0.0,0.6216216216216216,0.0,0.0,0.0,0.0,0.5135135135135135,0.5225225225225225,0.4854368932038835,0.625,0.0,0.9279279279279279,0.07207207207207207,7.999994607243183,0
MARICO,5,0.9,899,99,111,2025-08-06,2026-04-09,0.5585585585585585,0.5273259596616786,0.6141732283464567,0.527027027027027,0.7358490566037735,39,35,23,14,0.5495495495495496,0.4774774774774775,0.0,0.4954954954954955,0.0,0.0,0.0,0.0,0.5045045045045045,0.4864864864864865,0.527027027027027,0.6216216216216216,0.0,0.6666666666666666,0.3333333333333333,0.3330449899046115,0
MARICO,6,0.95,948,105,56,2025-12-05,2026-04-09,0.5178571428571429,0.5095785440613028,0.509090909090909,0.5384615384615384,0.4827586206896552,14,12,15,15,0.5535714285714286,0.4107142857142857,0.0,0.4642857142857143,0.0,0.0,0.0,0.0,0.48214285714285715,0.6785714285714286,0.5384615384615384,0.5,0.0,0.4642857142857143,0.5357142857142857,0.14179032447761272,3
DRREDDY,1,0.7,693,76,110,2024-04-15,2024-12-04,0.509090909090909,0.5041322314049587,0.6625,0.5047619047619047,0.9636363636363636,53,52,3,2,0.4090909090909091,0.5,0.0,0.5181818181818182,0.0,0.0,0.0,0.0,0.5363636363636364,0.5,0.5047619047619047,0.6,0.0,0.9545454545454546,0.045454545454545456,0.29396588362976134,0
DRREDDY,2,0.75,742,82,110,2024-08-06,2025-04-04,0.4636363636363636,0.4865938430983119,0.5874125874125874,0.4666666666666667,0.7924528301886793,42,48,9,11,0.5,0.4818181818181818,0.0,0.4818181818181818,0.0,0.0,0.0,0.0,0.5545454545454546,0.4636363636363636,0.4666666666666667,0.44999999999999996,0.0,0.8181818181818182,0.18181818181818182,0.25516359936456107,0
DRREDDY,3,0.8,792,87,110,2024-12-05,2025-07-30,0.5545454545454546,0.4706666666666666,0.6797385620915033,0.5591397849462365,0.8666666666666667,52,41,9,8,0.509090909090909,0.5454545454545454,0.0,0.5454545454545454,0.0,0.0,0.0,0.0,0.4636363636363636,0.4909090909090909,0.5591397849462365,0.5294117647058824,0.0,0.8454545454545455,0.15454545454545454,0.5046570203093554,0
DRREDDY,4,0.85,841,93,110,2025-04-07,2025-12-05,0.509090909090909,0.43648097826086957,0.6301369863013698,0.5609756097560976,0.71875,46,36,10,18,0.509090909090909,0.6,0.0,0.4727272727272727,0.0,0.0,0.0,0.0,0.4727272727272727,0.45454545454545453,0.5609756097560976,0.3571428571428571,0.0,0.7454545454545455,0.2545454545454545,0.5293507388273052,0
DRREDDY,5,0.9,891,98,110,2025-07-31,2026-04-09,0.5272727272727272,0.5280824194084414,0.6486486486486487,0.5393258426966292,0.8135593220338984,48,41,10,11,0.5272727272727272,0.5363636363636364,0.0,0.5181818181818182,0.0,0.0,0.0,0.0,0.5727272727272728,0.5181818181818182,0.5393258426966292,0.47619047619047616,0.0,0.8090909090909091,0.19090909090909092,0.3603374458645242,0
DRREDDY,6,0.95,940,104,55,2025-12-08,2026-04-09,0.4727272727272727,0.4007936507936508,0.5538461538461539,0.47368421052631576,0.6666666666666666,18,20,8,9,0.38181818181818183,0.509090909090909,0.0,0.5272727272727272,0.0,0.0,0.0,0.0,0.509090909090909,0.4727272727272727,0.47368421052631576,0.47058823529411764,0.0,0.6909090909090909,0.3090909090909091,0.1000035356387145,3
CIPLA,1,0.7,697,77,111,2024-03-22,2024-11-11,0.5315315315315315,0.5274509803921569,0.5666666666666667,0.4927536231884058,0.6666666666666666,34,35,25,17,0.4864864864864865,0.5315315315315315,0.0,0.4774774774774775,0.0,0.0,0.0,0.0,0.4954954954954955,0.4594594594594595,0.4927536231884058,0.5952380952380952,0.0,0.6216216216216216,0.3783783783783784,0.18728607251093707,0
CIPLA,2,0.75,747,83,110,2024-07-30,2025-03-19,0.5818181818181818,0.5902777777777778,0.6349206349206349,0.5714285714285714,0.7142857142857143,40,30,24,16,0.5636363636363636,0.509090909090909,0.0,0.4818181818181818,0.0,0.0,0.0,0.0,0.4909090909090909,0.5636363636363636,0.5714285714285714,0.6,0.0,0.6363636363636364,0.36363636363636365,0.11207742885695639,0
CIPLA,3,0.8,797,88,111,2024-11-12,2025-07-22,0.5135135135135135,0.4763934426229508,0.5263157894736842,0.5660377358490566,0.4918032786885246,30,23,27,31,0.5675675675675675,0.5675675675675675,0.0,0.5135135135135135,0.0,0.0,0.0,0.0,0.5765765765765766,0.4774774774774775,0.5660377358490566,0.4655172413793104,0.0,0.4774774774774775,0.5225225225225225,0.3727326118646975,0
CIPLA,4,0.85,846,94,111,2025-03-20,2025-11-20,0.5045045045045045,0.5350819672131147,0.60431654676259,0.5384615384615384,0.6885245901639344,42,36,14,19,0.5945945945945946,0.5045045045045045,0.0,0.5315315315315315,0.0,0.0,0.0,0.0,0.4954954954954955,0.5405405405405406,0.5384615384615384,0.4242424242424242,0.0,0.7027027027027027,0.2972972972972973,0.17556689346030868,0
CIPLA,5,0.9,897,99,111,2025-07-23,2026-04-09,0.4594594594594595,0.5179269882659714,0.5384615384615384,0.44871794871794873,0.6730769230769231,35,43,16,17,0.4954954954954955,0.4864864864864865,0.0,0.46846846846846846,0.0,0.0,0.0,0.0,0.4864864864864865,0.46846846846846846,0.44871794871794873,0.48484848484848486,0.0,0.7027027027027027,0.2972972972972973,0.1077936887997592,0
CIPLA,6,0.95,946,105,56,2025-11-21,2026-04-09,0.375,0.48930481283422456,0.4927536231884058,0.3617021276595745,0.7727272727272727,17,30,4,5,0.42857142857142855,0.375,0.0,0.44642857142857145,0.0,0.0,0.0,0.0,0.4107142857142857,0.48214285714285715,0.3617021276595745,0.4444444444444444,0.0,0.8392857142857143,0.16071428571428573,0.1000035356387145,3
LUPIN,1,0.7,733,81,116,2024-04-05,2024-11-25,0.45689655172413796,0.39076005961251864,0.5116279069767442,0.4852941176470588,0.5409836065573771,33,35,20,28,0.5172413793103449,0.46551724137931033,0.0,0.5172413793103449,0.0,0.0,0.0,0.0,0.4827586206896552,0.5431034482758621,0.4852941176470588,0.41666666666666663,0.0,0.5862068965517241,0.41379310344827586,0.16541150805687332,0
LUPIN,2,0.75,785,87,116,2024-08-05,2025-03-19,0.49137931034482757,0.4041728763040239,0.5426356589147286,0.5147058823529411,0.5737704918032787,35,33,22,26,0.46551724137931033,0.45689655172413796,0.0,0.5086206896551724,0.0,0.0,0.0,0.0,0.5344827586206896,0.5,0.5147058823529411,0.45833333333333337,0.0,0.5862068965517241,0.41379310344827586,0.38922957592387847,0
LUPIN,3,0.8,837,93,116,2024-11-26,2025-07-17,0.5344827586206896,0.4851752021563342,0.6493506493506493,0.5494505494505495,0.7936507936507936,50,41,12,13,0.5258620689655172,0.5431034482758621,0.0,0.603448275862069,0.0,0.0,0.0,0.0,0.5086206896551724,0.5775862068965517,0.5494505494505495,0.48,0.0,0.7844827586206896,0.21551724137931033,0.9774244591660849,0
LUPIN,4,0.85,890,98,116,2025-03-20,2025-11-10,0.47413793103448276,0.4971751412429379,0.5960264900662252,0.4891304347826087,0.7627118644067796,45,47,10,14,0.4396551724137931,0.5603448275862069,0.0,0.46551724137931033,0.0,0.0,0.0,0.0,0.5086206896551724,0.4827586206896552,0.4891304347826087,0.41666666666666663,0.0,0.7931034482758621,0.20689655172413793,0.2777526102980246,0
LUPIN,5,0.9,942,104,117,2025-07-18,2026-04-09,0.42735042735042733,0.4359649122807017,0.40707964601769914,0.4339622641509434,0.38333333333333336,23,30,27,37,0.5213675213675214,0.5128205128205128,0.0,0.5213675213675214,0.0,0.0,0.0,0.0,0.5128205128205128,0.49572649572649574,0.4339622641509434,0.421875,0.0,0.452991452991453,0.5470085470085471,7.999993845001777,0
LUPIN,6,0.95,994,110,59,2025-11-11,2026-04-09,0.559322033898305,0.6342592592592593,0.5666666666666667,0.6071428571428571,0.53125,17,11,16,15,0.5932203389830508,0.5423728813559322,0.0,0.5423728813559322,0.0,0.0,0.0,0.0,0.5423728813559322,0.5423728813559322,0.6071428571428571,0.5161290322580645,0.0,0.4745762711864407,0.5254237288135594,0.1374962778587421,3
DIVISLAB,1,0.7,813,90,129,2023-11-23,2024-09-16,0.5193798449612403,0.5120772946859904,0.5507246376811594,0.5507246376811594,0.5507246376811594,38,31,29,31,0.49612403100775193,0.46511627906976744,0.0,0.5038759689922481,0.0,0.0,0.0,0.0,0.5038759689922481,0.4496124031007752,0.5507246376811594,0.4833333333333333,0.0,0.5348837209302325,0.46511627906976744,7.999993211870881,0
DIVISLAB,2,0.75,872,96,129,2024-04-23,2025-02-04,0.5193798449612403,0.542512077294686,0.5974025974025974,0.5411764705882353,0.6666666666666666,46,39,21,23,0.5193798449612403,0.46511627906976744,0.0,0.49612403100775193,0.0,0.0,0.0,0.0,0.4728682170542636,0.4573643410852713,0.5411764705882353,0.4772727272727273,0.0,0.6589147286821705,0.34108527131782945,0.11751209115522351,0
DIVISLAB,3,0.8,929,103,129,2024-09-18,2025-06-26,0.6046511627906976,0.6316803081367357,0.6482758620689655,0.6025641025641025,0.7014925373134329,47,31,31,20,0.5193798449612403,0.4883720930232558,0.0,0.5038759689922481,0.0,0.0,0.0,0.0,0.4883720930232558,0.5813953488372093,0.6025641025641025,0.607843137254902,0.0,0.6046511627906976,0.3953488372093023,0.26074670363491276,0
DIVISLAB,4,0.85,988,109,129,2025-02-07,2025-11-07,0.5426356589147286,0.5495169082125604,0.6193548387096774,0.5581395348837209,0.6956521739130435,48,38,22,21,0.5503875968992248,0.49612403100775193,0.0,0.5038759689922481,0.0,0.0,0.0,0.0,0.5348837209302325,0.5581395348837209,0.5581395348837209,0.5116279069767442,0.0,0.6666666666666666,0.3333333333333333,0.2827059394746446,0
DIVISLAB,5,0.9,1045,116,130,2025-06-27,2026-04-09,0.47692307692307695,0.46884698018620197,0.5142857142857142,0.4444444444444444,0.6101694915254238,36,45,26,23,0.45384615384615384,0.5,0.0,0.4846153846153846,0.0,0.0,0.0,0.0,0.49230769230769234,0.3769230769230769,0.4444444444444444,0.5306122448979591,0.0,0.6230769230769231,0.3769230769230769,0.14906319724629852,0
DIVISLAB,6,0.95,1104,122,65,2025-11-10,2026-04-09,0.5076923076923077,0.4891518737672584,0.5675675675675675,0.4375,0.8076923076923077,21,27,12,5,0.5384615384615384,0.6,0.0,0.38461538461538464,0.0,0.0,0.0,0.0,0.4,0.4307692307692308,0.4375,0.7058823529411764,0.0,0.7384615384615385,0.26153846153846155,0.1000035356387145,3
RELIANCE,1,0.7,710,78,113,2024-03-26,2024-11-25,0.45132743362831856,0.46961152882205515,0.4745762711864407,0.45161290322580644,0.5,28,34,23,28,0.48672566371681414,0.49557522123893805,0.0,0.49557522123893805,0.0,0.0,0.0,0.0,0.504424778761062,0.49557522123893805,0.45161290322580644,0.4509803921568627,0.0,0.5486725663716814,0.45132743362831856,0.1000035356387145,0
RELIANCE,2,0.75,761,84,112,2024-07-31,2025-03-12,0.48214285714285715,0.5187096774193548,0.546875,0.44871794871794873,0.7,35,43,19,15,0.5089285714285714,0.44642857142857145,0.0,0.4732142857142857,0.0,0.0,0.0,0.0,0.5089285714285714,0.4375,0.44871794871794873,0.5588235294117647,0.0,0.6964285714285714,0.30357142857142855,0.15647249994489135,0
RELIANCE,3,0.8,811,90,113,2024-11-27,2025-07-11,0.504424778761062,0.4677115987460814,0.6410256410256411,0.49504950495049505,0.9090909090909091,50,51,7,5,0.5575221238938053,0.48672566371681414,0.0,0.48672566371681414,0.0,0.0,0.0,0.0,0.48672566371681414,0.4690265486725664,0.49504950495049505,0.5833333333333333,0.0,0.8938053097345132,0.10619469026548672,0.3354701133341149,0
RELIANCE,4,0.85,862,95,113,2025-03-13,2025-12-01,0.5663716814159292,0.5059561128526646,0.6370370370370371,0.5584415584415584,0.7413793103448276,43,34,21,15,0.49557522123893805,0.5132743362831859,0.0,0.4690265486725664,0.0,0.0,0.0,0.0,0.5132743362831859,0.48672566371681414,0.5584415584415584,0.5833333333333333,0.0,0.6814159292035398,0.3185840707964602,7.999994394276957,0
RELIANCE,5,0.9,913,101,113,2025-07-16,2026-04-09,0.5221238938053098,0.49937304075235106,0.5909090909090909,0.5064935064935064,0.7090909090909091,39,38,20,16,0.48672566371681414,0.4336283185840708,0.0,0.5398230088495575,0.0,0.0,0.0,0.0,0.49557522123893805,0.48672566371681414,0.5064935064935064,0.5555555555555556,0.0,0.6814159292035398,0.3185840707964602,0.13057677510226373,0
RELIANCE,6,0.95,963,107,57,2025-12-02,2026-04-09,0.5087719298245614,0.41625615763546797,0.5,0.5,0.5,14,14,15,14,0.49122807017543857,0.43859649122807015,0.0,0.5087719298245614,0.0,0.0,0.0,0.0,0.5087719298245614,0.5087719298245614,0.5,0.5172413793103448,0.0,0.49122807017543857,0.5087719298245614,7.9999958842193974,3
ALKEM,1,0.7,716,79,114,2024-04-09,2024-11-08,0.5789473684210527,0.5951354679802955,0.6470588235294118,0.5641025641025641,0.7586206896551724,44,34,22,14,0.5350877192982456,0.49122807017543857,0.0,0.4649122807017544,0.0,0.0,0.0,0.0,0.5789473684210527,0.49122807017543857,0.5641025641025641,0.6111111111111112,0.0,0.6842105263157895,0.3157894736842105,0.1000035356387145,0
ALKEM,2,0.75,767,85,114,2024-07-25,2025-03-11,0.5175438596491229,0.546321945213912,0.5801526717557252,0.5135135135135135,0.6666666666666666,38,36,21,19,0.5263157894736842,0.5350877192982456,0.0,0.5175438596491229,0.0,0.0,0.0,0.0,0.543859649122807,0.5614035087719298,0.5135135135135135,0.525,0.0,0.6491228070175439,0.3508771929824561,7.99999440530318,0
ALKEM,3,0.8,819,90,114,2024-11-11,2025-07-11,0.5263157894736842,0.5666666666666667,0.55,0.5,0.6111111111111112,33,33,27,21,0.5087719298245614,0.5263157894736842,0.0,0.5263157894736842,0.0,0.0,0.0,0.0,0.543859649122807,0.42105263157894735,0.5,0.5625,0.0,0.5789473684210527,0.42105263157894735,0.30731966171641545,0
ALKEM,4,0.85,870,96,114,2025-03-12,2025-12-08,0.5350877192982456,0.5366004962779156,0.6187050359712231,0.5584415584415584,0.6935483870967742,43,34,18,19,0.5526315789473685,0.5614035087719298,0.0,0.49122807017543857,0.0,0.0,0.0,0.0,0.5263157894736842,0.4298245614035088,0.5584415584415584,0.4864864864864865,0.0,0.6754385964912281,0.32456140350877194,0.11517859791706937,0
ALKEM,5,0.9,921,102,114,2025-07-14,2026-04-09,0.5350877192982456,0.48258859784283514,0.5954198473282443,0.5131578947368421,0.7090909090909091,39,37,22,16,0.5350877192982456,0.49122807017543857,0.0,0.5350877192982456,0.0,0.0,0.0,0.0,0.49122807017543857,0.5087719298245614,0.5131578947368421,0.5789473684210527,0.0,0.6666666666666666,0.3333333333333333,1.0598325593013063,0
ALKEM,6,0.95,972,108,57,2025-12-09,2026-04-09,0.5789473684210527,0.5485933503836318,0.52,0.48148148148148145,0.5652173913043478,13,14,20,10,0.5614035087719298,0.5964912280701754,0.0,0.42105263157894735,0.0,0.0,0.0,0.0,0.42105263157894735,0.5263157894736842,0.48148148148148145,0.6666666666666667,0.0,0.47368421052631576,0.5263157894736842,0.29932405280393154,3
TORNTPHARM,1,0.7,711,78,113,2024-03-28,2024-12-09,0.5486725663716814,0.5634566326530612,0.6277372262773723,0.589041095890411,0.671875,43,30,19,21,0.5309734513274337,0.5575221238938053,0.0,0.5398230088495575,0.0,0.0,0.0,0.0,0.5486725663716814,0.5309734513274337,0.589041095890411,0.475,0.0,0.6460176991150443,0.35398230088495575,0.27212102622762835,0
TORNTPHARM,2,0.75,762,84,112,2024-07-31,2025-03-28,0.5357142857142857,0.5501277139208174,0.6060606060606061,0.5128205128205128,0.7407407407407407,40,38,20,14,0.5535714285714286,0.48214285714285715,0.0,0.5892857142857143,0.0,0.0,0.0,0.0,0.48214285714285715,0.5089285714285714,0.5128205128205128,0.5882352941176471,0.0,0.6964285714285714,0.30357142857142855,0.1416211667035044,0
TORNTPHARM,3,0.8,812,90,113,2024-12-10,2025-07-25,0.5663716814159292,0.5713836477987421,0.6918238993710691,0.5555555555555556,0.9166666666666666,55,44,9,5,0.5486725663716814,0.5309734513274337,0.0,0.504424778761062,0.0,0.0,0.0,0.0,0.5752212389380531,0.5221238938053098,0.5555555555555556,0.6428571428571428,0.0,0.8761061946902655,0.12389380530973451,0.19397882263320992,0
TORNTPHARM,4,0.85,863,95,113,2025-04-01,2025-12-03,0.5486725663716814,0.5406683480453972,0.6577181208053692,0.5568181818181818,0.8032786885245902,49,39,13,12,0.48672566371681414,0.5486725663716814,0.0,0.45132743362831856,0.0,0.0,0.0,0.0,0.5221238938053098,0.46017699115044247,0.5568181818181818,0.52,0.0,0.7787610619469026,0.22123893805309736,0.3685326397701337,0
TORNTPHARM,5,0.9,914,101,113,2025-07-28,2026-04-09,0.5132743362831859,0.5413533834586466,0.6258503401360545,0.5054945054945055,0.8214285714285714,46,45,12,10,0.4690265486725664,0.49557522123893805,0.0,0.504424778761062,0.0,0.0,0.0,0.0,0.48672566371681414,0.5221238938053098,0.5054945054945055,0.5454545454545454,0.0,0.8053097345132744,0.19469026548672566,0.18309900832298182,0
TORNTPHARM,6,0.95,964,107,57,2025-12-05,2026-04-09,0.543859649122807,0.5493827160493827,0.6285714285714286,0.55,0.7333333333333333,22,18,9,8,0.5964912280701754,0.5263157894736842,0.0,0.5087719298245614,0.0,0.0,0.0,0.0,0.5263157894736842,0.5263157894736842,0.55,0.5294117647058824,0.0,0.7017543859649122,0.2982456140350877,1.0158173683693554,3
AUROPHARMA,1,0.7,771,85,122,2024-05-03,2024-12-20,0.5081967213114754,0.5057842345977939,0.5714285714285714,0.49382716049382713,0.6779661016949152,40,41,22,19,0.45081967213114754,0.48360655737704916,0.0,0.4016393442622951,0.0,0.0,0.0,0.0,0.5,0.5081967213114754,0.49382716049382713,0.5365853658536586,0.0,0.6639344262295082,0.3360655737704918,0.21745534480470535,0
AUROPHARMA,2,0.75,826,91,122,2024-08-23,2025-04-16,0.47540983606557374,0.5009665838166252,0.4666666666666667,0.4057971014492754,0.5490196078431373,28,41,30,23,0.5409836065573771,0.5,0.0,0.47540983606557374,0.0,0.0,0.0,0.0,0.4180327868852459,0.5409836065573771,0.4057971014492754,0.5660377358490566,0.0,0.5655737704918032,0.4344262295081967,0.5525526836237443,0
AUROPHARMA,3,0.8,881,97,122,2024-12-23,2025-08-12,0.5,0.510483870967742,0.47863247863247865,0.49122807017543857,0.4666666666666667,28,29,33,32,0.4918032786885246,0.5081967213114754,0.0,0.47540983606557374,0.0,0.0,0.0,0.0,0.4918032786885246,0.5245901639344263,0.49122807017543857,0.5076923076923077,0.0,0.4672131147540984,0.5327868852459017,7.999995520098222,0
AUROPHARMA,4,0.85,936,103,122,2025-04-17,2025-12-15,0.5573770491803278,0.6010752688172043,0.4489795918367347,0.6111111111111112,0.3548387096774194,22,14,46,40,0.5491803278688525,0.6147540983606558,0.0,0.5081967213114754,0.0,0.0,0.0,0.0,0.4918032786885246,0.6065573770491803,0.6111111111111112,0.5348837209302326,0.0,0.29508196721311475,0.7049180327868853,0.2293399398649074,0
AUROPHARMA,5,0.9,990,110,123,2025-08-13,2026-04-09,0.5447154471544715,0.5733580508474576,0.391304347826087,0.6428571428571429,0.28125,18,10,49,46,0.4634146341463415,0.5528455284552846,0.0,0.5528455284552846,0.0,0.0,0.0,0.0,0.5121951219512195,0.5691056910569106,0.6428571428571429,0.5157894736842106,0.0,0.22764227642276422,0.7723577235772358,0.11901178715934899,0
AUROPHARMA,6,0.95,1045,116,62,2025-12-16,2026-04-09,0.5483870967741935,0.502612330198537,0.44,0.6470588235294118,0.3333333333333333,11,6,23,22,0.4838709677419355,0.6129032258064516,0.0,0.45161290322580644,0.0,0.0,0.0,0.0,0.46774193548387094,0.45161290322580644,0.6470588235294118,0.5111111111111111,0.0,0.27419354838709675,0.7258064516129032,0.13528237151521003,3
BPCL,1,0.7,764,84,121,2024-04-25,2024-12-06,0.512396694214876,0.48484848484848486,0.5426356589147286,0.5555555555555556,0.5303030303030303,35,28,27,31,0.47107438016528924,0.5454545454545454,0.0,0.47107438016528924,0.0,0.0,0.0,0.0,0.5371900826446281,0.48760330578512395,0.5555555555555556,0.4655172413793104,0.0,0.5206611570247934,0.4793388429752066,7.999994717619733,0
BPCL,2,0.75,819,90,121,2024-08-14,2025-04-03,0.512396694214876,0.46639344262295085,0.6467065868263473,0.5046728971962616,0.9,54,53,8,6,0.5619834710743802,0.49586776859504134,0.0,0.5041322314049587,0.0,0.0,0.0,0.0,0.47107438016528924,0.47107438016528924,0.5046728971962616,0.5714285714285714,0.0,0.8842975206611571,0.11570247933884298,0.11679486438605771,0
BPCL,3,0.8,873,96,121,2024-12-10,2025-07-29,0.47107438016528924,0.4814814814814815,0.5151515151515151,0.5230769230769231,0.5074626865671642,34,31,23,33,0.49586776859504134,0.5206611570247934,0.0,0.49586776859504134,0.0,0.0,0.0,0.0,0.5537190082644629,0.4297520661157025,0.5230769230769231,0.4107142857142857,0.0,0.5371900826446281,0.4628099173553719,0.22534391597599795,0
BPCL,4,0.85,927,103,121,2025-04-04,2025-12-03,0.49586776859504134,0.5230263157894737,0.5547445255474452,0.5205479452054794,0.59375,38,35,22,26,0.45454545454545453,0.5289256198347108,0.0,0.5289256198347108,0.0,0.0,0.0,0.0,0.512396694214876,0.5371900826446281,0.5205479452054794,0.45833333333333337,0.0,0.6033057851239669,0.39669421487603307,0.5772894350257353,0
BPCL,5,0.9,981,109,122,2025-07-30,2026-04-09,0.4344262295081967,0.4350877192982456,0.4297520661157025,0.40625,0.45614035087719296,26,38,27,31,0.48360655737704916,0.45901639344262296,0.0,0.4344262295081967,0.0,0.0,0.0,0.0,0.45081967213114754,0.5327868852459017,0.40625,0.4655172413793104,0.0,0.5245901639344263,0.47540983606557374,0.1974789456237204,0
BPCL,6,0.95,1036,115,61,2025-12-04,2026-04-09,0.39344262295081966,0.3647186147186147,0.4788732394366197,0.3953488372093023,0.6071428571428571,17,26,7,11,0.4918032786885246,0.4426229508196721,0.0,0.45901639344262296,0.0,0.0,0.0,0.0,0.5573770491803278,0.5737704918032787,0.3953488372093023,0.38888888888888884,0.0,0.7049180327868853,0.29508196721311475,0.1432381347769949,3
NTPC,1,0.7,731,81,116,2024-04-22,2024-11-11,0.5258620689655172,0.5294471153846154,0.6357615894039735,0.5517241379310345,0.75,48,39,13,16,0.5172413793103449,0.5431034482758621,0.0,0.49137931034482757,0.0,0.0,0.0,0.0,0.5344827586206896,0.5431034482758621,0.5517241379310345,0.4482758620689655,0.0,0.75,0.25,0.10080111349412443,0
NTPC,2,0.75,783,87,116,2024-08-06,2025-03-18,0.5258620689655172,0.5913690476190476,0.6405228758169934,0.5051546391752577,0.875,49,48,12,7,0.49137931034482757,0.5258620689655172,0.0,0.4827586206896552,0.0,0.0,0.0,0.0,0.47413793103448276,0.5,0.5051546391752577,0.631578947368421,0.0,0.8362068965517241,0.16379310344827586,0.2726378166284692,0
NTPC,3,0.8,836,92,116,2024-11-13,2025-07-30,0.4396551724137931,0.4642108415693321,0.5751633986928104,0.44,0.8301886792452831,44,56,7,9,0.45689655172413796,0.4224137931034483,0.0,0.4827586206896552,0.0,0.0,0.0,0.0,0.5,0.4482758620689655,0.44,0.4375,0.0,0.8620689655172413,0.13793103448275862,0.3704742882551312,0
NTPC,4,0.85,888,98,116,2025-03-20,2025-12-09,0.5086206896551724,0.4909090909090909,0.6122448979591837,0.4891304347826087,0.8181818181818182,45,47,14,10,0.4827586206896552,0.47413793103448276,0.0,0.45689655172413796,0.0,0.0,0.0,0.0,0.5,0.5,0.4891304347826087,0.5833333333333333,0.0,0.7931034482758621,0.20689655172413793,1.2779240508182936,0
NTPC,5,0.9,940,104,117,2025-07-31,2026-04-09,0.5555555555555556,0.5728070175438597,0.6533333333333333,0.5444444444444444,0.8166666666666667,49,41,16,11,0.5384615384615384,0.5128205128205128,0.0,0.47863247863247865,0.0,0.0,0.0,0.0,0.4700854700854701,0.452991452991453,0.5444444444444444,0.5925925925925926,0.0,0.7692307692307693,0.23076923076923078,7.9999939537683,0
NTPC,6,0.95,992,110,59,2025-12-11,2026-04-09,0.559322033898305,0.6129032258064517,0.6388888888888888,0.5609756097560976,0.7419354838709677,23,18,10,8,0.5423728813559322,0.5254237288135594,0.0,0.4915254237288136,0.0,0.0,0.0,0.0,0.5084745762711864,0.559322033898305,0.5609756097560976,0.5555555555555556,0.0,0.6949152542372882,0.3050847457627119,7.999993935431501,3
POWERGRID,1,0.7,720,79,114,2024-03-22,2024-11-08,0.543859649122807,0.6163151364764268,0.6941176470588235,0.5462962962962963,0.9516129032258065,59,49,3,3,0.6403508771929824,0.5877192982456141,0.0,0.5526315789473685,0.0,0.0,0.0,0.0,0.5877192982456141,0.543859649122807,0.5462962962962963,0.5,0.0,0.9473684210526315,0.05263157894736842,0.1000035356387145,0
POWERGRID,2,0.75,771,85,114,2024-07-24,2025-03-04,0.42105263157894735,0.546604938271605,0.56,0.4375,0.7777777777777778,42,54,6,12,0.45614035087719296,0.4824561403508772,0.0,0.5087719298245614,0.0,0.0,0.0,0.0,0.4824561403508772,0.49122807017543857,0.4375,0.33333333333333337,0.0,0.8421052631578947,0.15789473684210525,0.1000035356387145,0
POWERGRID,3,0.8,822,91,114,2024-11-11,2025-06-30,0.5,0.5067733990147784,0.6627218934911243,0.5045045045045045,0.9655172413793104,56,55,1,2,0.4649122807017544,0.5087719298245614,0.0,0.5263157894736842,0.0,0.0,0.0,0.0,0.5,0.5263157894736842,0.5045045045045045,0.33333333333333337,0.0,0.9736842105263158,0.02631578947368421,0.3868404315808201,0
POWERGRID,4,0.85,873,97,114,2025-03-05,2025-11-21,0.5087719298245614,0.4394453004622496,0.6666666666666666,0.5137614678899083,0.9491525423728814,56,53,2,3,0.5175438596491229,0.5175438596491229,0.0,0.5087719298245614,0.0,0.0,0.0,0.0,0.47368421052631576,0.45614035087719296,0.5137614678899083,0.4,0.0,0.956140350877193,0.043859649122807015,7.999993934428217,0
POWERGRID,5,0.9,925,102,115,2025-07-01,2026-04-09,0.4434782608695652,0.41418137553256235,0.5492957746478874,0.43820224719101125,0.7358490566037735,39,50,12,14,0.45217391304347826,0.4608695652173913,0.0,0.5217391304347826,0.0,0.0,0.0,0.0,0.45217391304347826,0.4608695652173913,0.43820224719101125,0.46153846153846156,0.0,0.7739130434782608,0.22608695652173913,0.5814391045701363,0
POWERGRID,6,0.95,976,108,58,2025-11-24,2026-04-09,0.39655172413793105,0.4569696969696969,0.5205479452054794,0.3958333333333333,0.76,19,29,4,6,0.4482758620689655,0.43103448275862066,0.0,0.4827586206896552,0.0,0.0,0.0,0.0,0.43103448275862066,0.41379310344827586,0.3958333333333333,0.4,0.0,0.8275862068965517,0.1724137931034483,0.141353338732781,3
ONGC,1,0.7,771,85,122,2024-04-02,2024-11-25,0.5819672131147541,0.5800376647834274,0.6751592356687898,0.5408163265306123,0.8983050847457628,53,45,18,6,0.5573770491803278,0.5081967213114754,0.0,0.5737704918032787,0.0,0.0,0.0,0.0,0.4672131147540984,0.4672131147540984,0.5408163265306123,0.75,0.0,0.8032786885245902,0.19672131147540983,0.11503546834107053,0
ONGC,2,0.75,826,91,122,2024-08-07,2025-03-12,0.45901639344262296,0.5269779144534525,0.49230769230769234,0.3950617283950617,0.6530612244897959,32,49,24,17,0.48360655737704916,0.48360655737704916,0.0,0.48360655737704916,0.0,0.0,0.0,0.0,0.4016393442622951,0.5,0.3950617283950617,0.5853658536585367,0.0,0.6639344262295082,0.3360655737704918,0.11514542828206108,0
ONGC,3,0.8,881,97,122,2024-11-27,2025-07-02,0.45901639344262296,0.5029569892473118,0.5,0.4583333333333333,0.55,33,39,23,27,0.5081967213114754,0.5,0.0,0.4262295081967213,0.0,0.0,0.0,0.0,0.5081967213114754,0.4918032786885246,0.4583333333333333,0.45999999999999996,0.0,0.5901639344262295,0.4098360655737705,0.1995184497423933,0
ONGC,4,0.85,936,103,122,2025-03-13,2025-12-02,0.5081967213114754,0.5108225108225108,0.620253164556962,0.532608695652174,0.7424242424242424,49,43,13,17,0.47540983606557374,0.5245901639344263,0.0,0.4344262295081967,0.0,0.0,0.0,0.0,0.5081967213114754,0.45901639344262296,0.532608695652174,0.43333333333333335,0.0,0.7540983606557377,0.2459016393442623,7.999994681906008,0
ONGC,5,0.9,990,110,123,2025-07-03,2026-04-09,0.5609756097560976,0.49892646269457863,0.6582278481012658,0.5842696629213483,0.7536231884057971,52,37,17,17,0.4878048780487805,0.43902439024390244,0.0,0.5609756097560976,0.0,0.0,0.0,0.0,0.5609756097560976,0.5447154471544715,0.5842696629213483,0.5,0.0,0.7235772357723578,0.2764227642276423,0.2254504489112358,0
ONGC,6,0.95,1045,116,62,2025-12-03,2026-04-09,0.4838709677419355,0.45175438596491224,0.6097560975609756,0.5681818181818182,0.6578947368421053,25,19,5,13,0.5,0.3870967741935484,0.0,0.6129032258064516,0.0,0.0,0.0,0.0,0.4838709677419355,0.4032258064516129,0.5681818181818182,0.2777777777777778,0.0,0.7096774193548387,0.2903225806451613,0.7554422646758775,3
COALINDIA,1,0.7,745,82,118,2024-03-22,2024-10-29,0.5,0.513997113997114,0.5755395683453237,0.5263157894736842,0.6349206349206349,40,36,19,23,0.4661016949152542,0.4745762711864407,0.0,0.4745762711864407,0.0,0.0,0.0,0.0,0.4661016949152542,0.4491525423728814,0.5263157894736842,0.45238095238095233,0.0,0.6440677966101694,0.3559322033898305,0.19324832009791357,0
COALINDIA,2,0.75,798,88,118,2024-07-22,2025-02-24,0.5169491525423728,0.5420506912442397,0.6503067484662577,0.4953271028037383,0.9464285714285714,53,54,8,3,0.4830508474576271,0.4745762711864407,0.0,0.5508474576271186,0.0,0.0,0.0,0.0,0.4576271186440678,0.5,0.4953271028037383,0.7272727272727273,0.0,0.9067796610169492,0.09322033898305085,0.21035302121365052,0
COALINDIA,3,0.8,851,94,118,2024-10-30,2025-07-08,0.576271186440678,0.503735632183908,0.6575342465753424,0.5581395348837209,0.8,48,38,20,12,0.5084745762711864,0.5338983050847458,0.0,0.4915254237288136,0.0,0.0,0.0,0.0,0.4576271186440678,0.559322033898305,0.5581395348837209,0.625,0.0,0.7288135593220338,0.2711864406779661,0.38424439997380677,0
COALINDIA,4,0.85,904,100,118,2025-02-27,2025-11-25,0.4322033898305085,0.4048032407407408,0.4369747899159664,0.4727272727272727,0.40625,26,29,25,38,0.4915254237288136,0.5338983050847458,0.0,0.4830508474576271,0.0,0.0,0.0,0.0,0.5254237288135594,0.4745762711864407,0.4727272727272727,0.39682539682539686,0.0,0.4661016949152542,0.5338983050847458,0.14303617221666629,0
COALINDIA,5,0.9,957,106,119,2025-07-09,2026-04-09,0.5210084033613446,0.48951247165532874,0.632258064516129,0.532608695652174,0.7777777777777778,49,43,13,14,0.47058823529411764,0.5294117647058824,0.0,0.5042016806722689,0.0,0.0,0.0,0.0,0.5294117647058824,0.4957983193277311,0.532608695652174,0.4814814814814815,0.0,0.773109243697479,0.226890756302521,7.999993963532952,0
COALINDIA,6,0.95,1010,112,60,2025-11-27,2026-04-09,0.5333333333333333,0.46496106785317015,0.6410256410256411,0.5319148936170213,0.8064516129032258,25,22,7,6,0.4666666666666667,0.5166666666666667,0.0,0.48333333333333334,0.0,0.0,0.0,0.0,0.5166666666666667,0.55,0.5319148936170213,0.5384615384615384,0.0,0.7833333333333333,0.21666666666666667,7.999994617094751,3
TATAPOWER,1,0.7,861,95,136,2023-11-22,2024-08-22,0.5588235294117647,0.4898956251387964,0.6808510638297872,0.5871559633027523,0.810126582278481,64,45,12,15,0.5220588235294118,0.4485294117647059,0.0,0.5955882352941176,0.0,0.0,0.0,0.0,0.5882352941176471,0.5808823529411765,0.5871559633027523,0.4444444444444444,0.0,0.8014705882352942,0.19852941176470587,0.1410730573090696,0
TATAPOWER,2,0.75,922,102,137,2024-04-05,2025-01-20,0.5036496350364964,0.3858064516129033,0.6344086021505376,0.5315315315315315,0.7866666666666666,59,52,10,16,0.45985401459854014,0.5693430656934306,0.0,0.43795620437956206,0.0,0.0,0.0,0.0,0.5547445255474452,0.5620437956204379,0.5315315315315315,0.3846153846153846,0.0,0.8102189781021898,0.1897810218978102,0.1000035356387145,0
TATAPOWER,3,0.8,983,109,137,2024-08-23,2025-06-11,0.5474452554744526,0.5310612597066436,0.581081081081081,0.5972222222222222,0.5657894736842105,43,29,32,33,0.5182481751824818,0.5547445255474452,0.0,0.5182481751824818,0.0,0.0,0.0,0.0,0.5547445255474452,0.5401459854014599,0.5972222222222222,0.49230769230769234,0.0,0.5255474452554745,0.4744525547445255,0.15937034250237433,0
TATAPOWER,4,0.85,1045,116,136,2025-01-22,2025-11-04,0.5147058823529411,0.500871839581517,0.6632653061224489,0.5327868852459017,0.8783783783783784,65,57,5,9,0.5147058823529411,0.5514705882352942,0.0,0.45588235294117646,0.0,0.0,0.0,0.0,0.5073529411764706,0.5514705882352942,0.5327868852459017,0.3571428571428571,0.0,0.8970588235294118,0.10294117647058823,0.46332383932414656,0
TATAPOWER,5,0.9,1107,122,137,2025-06-12,2026-04-09,0.5036496350364964,0.5452411438326932,0.5802469135802469,0.4895833333333333,0.7121212121212122,47,49,22,19,0.5255474452554745,0.48175182481751827,0.0,0.5182481751824818,0.0,0.0,0.0,0.0,0.45985401459854014,0.48175182481751827,0.4895833333333333,0.5365853658536586,0.0,0.7007299270072993,0.29927007299270075,0.32256392046329896,0
TATAPOWER,6,0.95,1168,129,69,2025-11-07,2026-04-09,0.5507246376811594,0.5785472972972973,0.5866666666666667,0.5116279069767442,0.6875,22,21,16,10,0.5652173913043478,0.463768115942029,0.0,0.463768115942029,0.0,0.0,0.0,0.0,0.463768115942029,0.42028985507246375,0.5116279069767442,0.6153846153846154,0.0,0.6231884057971014,0.37681159420289856,0.18677733359160373,3
GAIL,1,0.7,890,98,141,2024-01-15,2024-09-26,0.5390070921985816,0.4933035714285714,0.6486486486486487,0.5555555555555556,0.7792207792207793,60,48,16,17,0.5035460992907801,0.5531914893617021,0.0,0.49645390070921985,0.0,0.0,0.0,0.0,0.5106382978723404,0.5390070921985816,0.5555555555555556,0.48484848484848486,0.0,0.7659574468085106,0.23404255319148937,0.1000035356387145,0
GAIL,2,0.75,954,105,141,2024-05-30,2025-02-10,0.49645390070921985,0.4851046698872786,0.5644171779141104,0.48936170212765956,0.6666666666666666,46,48,24,23,0.49645390070921985,0.5106382978723404,0.0,0.6170212765957447,0.0,0.0,0.0,0.0,0.41843971631205673,0.48226950354609927,0.48936170212765956,0.5106382978723405,0.0,0.6666666666666666,0.3333333333333333,0.1329910047166236,0
GAIL,3,0.8,1017,112,141,2024-09-27,2025-06-24,0.5390070921985816,0.5525785656728445,0.6285714285714286,0.514018691588785,0.8088235294117647,55,52,21,13,0.5035460992907801,0.48226950354609927,0.0,0.48226950354609927,0.0,0.0,0.0,0.0,0.475177304964539,0.48226950354609927,0.514018691588785,0.6176470588235294,0.0,0.7588652482269503,0.24113475177304963,0.34551628528128386,0
GAIL,4,0.85,1080,120,141,2025-02-11,2025-11-12,0.48226950354609927,0.4616477272727273,0.5875706214689266,0.52,0.6753246753246753,52,48,16,25,0.5177304964539007,0.5460992907801419,0.0,0.5390070921985816,0.0,0.0,0.0,0.0,0.475177304964539,0.5035460992907801,0.52,0.3902439024390244,0.0,0.7092198581560284,0.2907801418439716,0.8790564437632926,0
GAIL,5,0.9,1143,127,142,2025-06-25,2026-04-09,0.5492957746478874,0.541335453100159,0.6404494382022472,0.5480769230769231,0.7702702702702703,57,47,21,17,0.39436619718309857,0.5211267605633803,0.0,0.5211267605633803,0.0,0.0,0.0,0.0,0.5070422535211268,0.5211267605633803,0.5480769230769231,0.5526315789473684,0.0,0.7323943661971831,0.2676056338028169,0.11603484998068962,0
GAIL,6,0.95,1207,134,71,2025-11-14,2026-04-09,0.49295774647887325,0.5151033386327505,0.5714285714285714,0.48,0.7058823529411765,24,26,11,10,0.43661971830985913,0.5070422535211268,0.0,0.5070422535211268,0.0,0.0,0.0,0.0,0.5352112676056338,0.49295774647887325,0.48,0.5238095238095238,0.0,0.704225352112676,0.29577464788732394,0.1000035356387145,3
TATASTEEL,1,0.7,877,97,139,2023-12-14,2024-09-30,0.5899280575539568,0.5654885654885656,0.5957446808510638,0.6268656716417911,0.5675675675675675,42,25,40,32,0.539568345323741,0.5251798561151079,0.0,0.5611510791366906,0.0,0.0,0.0,0.0,0.5323741007194245,0.5035971223021583,0.6268656716417911,0.5555555555555556,0.0,0.48201438848920863,0.5179856115107914,0.27037114650701605,0
TATASTEEL,2,0.75,940,104,139,2024-05-08,2025-02-06,0.5107913669064749,0.5592132505175984,0.5952380952380952,0.5050505050505051,0.7246376811594203,50,49,21,19,0.5107913669064749,0.5251798561151079,0.0,0.4748201438848921,0.0,0.0,0.0,0.0,0.4892086330935252,0.539568345323741,0.5050505050505051,0.525,0.0,0.7122302158273381,0.28776978417266186,0.20509466701950332,0
TATASTEEL,3,0.8,1002,111,139,2024-10-04,2025-06-25,0.5539568345323741,0.545774647887324,0.6436781609195402,0.5436893203883495,0.7887323943661971,56,47,21,15,0.5035971223021583,0.5107913669064749,0.0,0.5107913669064749,0.0,0.0,0.0,0.0,0.4748201438848921,0.5179856115107914,0.5436893203883495,0.5833333333333333,0.0,0.7410071942446043,0.2589928057553957,0.21175616470078384,0
TATASTEEL,4,0.85,1065,118,139,2025-02-07,2025-11-20,0.5827338129496403,0.5627858627858626,0.7040816326530612,0.5655737704918032,0.9324324324324325,69,53,12,5,0.5035971223021583,0.5323741007194245,0.0,0.5179856115107914,0.0,0.0,0.0,0.0,0.4676258992805755,0.5323741007194245,0.5655737704918032,0.7058823529411764,0.0,0.8776978417266187,0.1223021582733813,7.9999943281643615,0
TATASTEEL,5,0.9,1127,125,140,2025-06-26,2026-04-09,0.4928571428571429,0.4693627450980392,0.5895953757225434,0.504950495049505,0.7083333333333334,51,50,18,21,0.4785714285714286,0.5642857142857143,0.0,0.4642857142857143,0.0,0.0,0.0,0.0,0.4357142857142857,0.44285714285714284,0.504950495049505,0.46153846153846156,0.0,0.7214285714285714,0.2785714285714286,1.7143161415535162,0
TATASTEEL,6,0.95,1190,132,70,2025-11-21,2026-04-09,0.5,0.4537264537264537,0.5882352941176471,0.5208333333333334,0.6756756756756757,25,23,10,12,0.4,0.5571428571428572,0.0,0.5142857142857142,0.0,0.0,0.0,0.0,0.5285714285714286,0.44285714285714284,0.5208333333333334,0.4545454545454546,0.0,0.6857142857142857,0.3142857142857143,7.999996453930408,3
SAIL,1,0.7,808,89,128,2024-04-10,2024-11-28,0.46875,0.4843137254901961,0.5526315789473685,0.45652173913043476,0.7,42,50,18,18,0.546875,0.515625,0.0,0.4609375,0.0,0.0,0.0,0.0,0.4453125,0.46875,0.45652173913043476,0.5,0.0,0.71875,0.28125,0.11771610430891287,0
SAIL,2,0.75,865,96,128,2024-08-08,2025-03-20,0.5390625,0.5654411764705882,0.6380368098159509,0.5048543689320388,0.8666666666666667,52,51,17,8,0.5,0.46875,0.0,0.5625,0.0,0.0,0.0,0.0,0.484375,0.46875,0.5048543689320388,0.6799999999999999,0.0,0.8046875,0.1953125,0.1000035356387145,0
SAIL,3,0.8,923,102,128,2024-12-02,2025-07-25,0.4609375,0.42148962148962155,0.5714285714285714,0.4791666666666667,0.7076923076923077,46,50,13,19,0.5078125,0.453125,0.0,0.5390625,0.0,0.0,0.0,0.0,0.53125,0.4765625,0.4791666666666667,0.40625,0.0,0.75,0.25,0.8959019672814339,0
SAIL,4,0.85,981,108,128,2025-03-21,2025-12-05,0.5546875,0.55029296875,0.5957446808510638,0.5454545454545454,0.65625,42,35,29,22,0.515625,0.484375,0.0,0.46875,0.0,0.0,0.0,0.0,0.515625,0.5,0.5454545454545454,0.5686274509803921,0.0,0.6015625,0.3984375,7.999994249582899,0
SAIL,5,0.9,1038,115,129,2025-07-29,2026-04-09,0.5193798449612403,0.5252525252525252,0.5079365079365079,0.5079365079365079,0.5079365079365079,32,31,35,31,0.5193798449612403,0.5116279069767442,0.0,0.5116279069767442,0.0,0.0,0.0,0.0,0.5271317829457365,0.5193798449612403,0.5079365079365079,0.5303030303030303,0.0,0.4883720930232558,0.5116279069767442,1.925146411133238,0
SAIL,6,0.95,1096,121,65,2025-12-08,2026-04-09,0.5076923076923077,0.42803030303030304,0.627906976744186,0.5094339622641509,0.8181818181818182,27,26,6,6,0.46153846153846156,0.5384615384615384,0.0,0.5230769230769231,0.0,0.0,0.0,0.0,0.49230769230769234,0.6,0.5094339622641509,0.5,0.0,0.8153846153846154,0.18461538461538463,4.321253155612309,3
VEDL,1,0.7,803,89,128,2024-05-02,2024-12-18,0.546875,0.6068020552972841,0.6133333333333333,0.5542168674698795,0.6865671641791045,46,37,24,21,0.546875,0.609375,0.0,0.578125,0.0,0.0,0.0,0.0,0.4609375,0.5703125,0.5542168674698795,0.5333333333333333,0.0,0.6484375,0.3515625,0.19335919774427968,0
VEDL,2,0.75,861,95,127,2024-08-21,2025-04-09,0.5511811023622047,0.5730253353204173,0.583941605839416,0.5633802816901409,0.6060606060606061,40,31,30,26,0.5590551181102362,0.5511811023622047,0.0,0.5433070866141733,0.0,0.0,0.0,0.0,0.47244094488188976,0.47244094488188976,0.5633802816901409,0.5357142857142857,0.0,0.5590551181102362,0.4409448818897638,0.14875164559682721,0
VEDL,3,0.8,918,102,127,2024-12-19,2025-08-05,0.4881889763779528,0.5002506265664161,0.5390070921985816,0.5352112676056338,0.5428571428571428,38,33,24,32,0.5354330708661418,0.4645669291338583,0.0,0.47244094488188976,0.0,0.0,0.0,0.0,0.48031496062992124,0.5354330708661418,0.5352112676056338,0.4285714285714286,0.0,0.5590551181102362,0.4409448818897638,0.24969546369823675,0
VEDL,4,0.85,975,108,128,2025-04-11,2025-12-05,0.5625,0.5787275853598626,0.654320987654321,0.5698924731182796,0.7681159420289855,53,40,19,16,0.5,0.546875,0.0,0.5546875,0.0,0.0,0.0,0.0,0.5,0.515625,0.5698924731182796,0.5428571428571429,0.0,0.7265625,0.2734375,0.3423799436366724,0
VEDL,5,0.9,1033,114,128,2025-08-06,2026-04-09,0.5625,0.5138782785841609,0.6585365853658537,0.6206896551724138,0.7012987012987013,54,33,18,23,0.5234375,0.5078125,0.0,0.5859375,0.0,0.0,0.0,0.0,0.4609375,0.6015625,0.6206896551724138,0.4390243902439024,0.0,0.6796875,0.3203125,0.24399277304977707,0
VEDL,6,0.95,1090,121,64,2025-12-08,2026-04-09,0.609375,0.5695906432748539,0.7126436781609196,0.7380952380952381,0.6888888888888889,31,11,8,14,0.546875,0.328125,0.0,0.703125,0.0,0.0,0.0,0.0,0.703125,0.5625,0.7380952380952381,0.36363636363636365,0.0,0.65625,0.34375,7.999993636679236,3
HINDALCO,1,0.7,790,87,126,2024-04-02,2024-11-25,0.5238095238095238,0.5507575757575758,0.6341463414634146,0.5306122448979592,0.7878787878787878,52,46,14,14,0.5634920634920635,0.5634920634920635,0.0,0.5238095238095238,0.0,0.0,0.0,0.0,0.5317460317460317,0.49206349206349204,0.5306122448979592,0.5,0.0,0.7777777777777778,0.2222222222222222,0.1569432541389775,0
HINDALCO,2,0.75,846,94,125,2024-07-30,2025-04-02,0.48,0.5186987704918034,0.48,0.4918032786885246,0.46875,30,31,30,34,0.536,0.456,0.0,0.512,0.0,0.0,0.0,0.0,0.528,0.536,0.4918032786885246,0.46875,0.0,0.488,0.512,0.16069711160955952,0
HINDALCO,3,0.8,903,100,125,2024-11-26,2025-08-07,0.512,0.4630769230769231,0.5343511450381679,0.5303030303030303,0.5384615384615384,35,31,29,30,0.464,0.504,0.0,0.488,0.0,0.0,0.0,0.0,0.496,0.496,0.5303030303030303,0.4915254237288136,0.0,0.528,0.472,0.23159575772351332,0
HINDALCO,4,0.85,959,106,126,2025-04-03,2025-12-09,0.5634920634920635,0.5451555780419934,0.6583850931677019,0.5638297872340425,0.7910447761194029,53,41,18,14,0.5634920634920635,0.5317460317460317,0.0,0.5158730158730159,0.0,0.0,0.0,0.0,0.5158730158730159,0.46825396825396826,0.5638297872340425,0.5625,0.0,0.746031746031746,0.25396825396825395,1.696139679151341,0
HINDALCO,5,0.9,1016,112,126,2025-08-11,2026-04-09,0.4603174603174603,0.45088357588357597,0.5405405405405406,0.5405405405405406,0.5405405405405406,40,34,18,34,0.49206349206349204,0.38095238095238093,0.0,0.5158730158730159,0.0,0.0,0.0,0.0,0.42063492063492064,0.47619047619047616,0.5405405405405406,0.34615384615384615,0.0,0.5873015873015873,0.4126984126984127,2.97572611326543,0
HINDALCO,6,0.95,1072,119,63,2025-12-11,2026-04-09,0.6190476190476191,0.6097560975609757,0.7,0.717948717948718,0.6829268292682927,28,11,11,13,0.5079365079365079,0.2857142857142857,0.0,0.6031746031746031,0.0,0.0,0.0,0.0,0.6507936507936508,0.6031746031746031,0.717948717948718,0.45833333333333337,0.0,0.6190476190476191,0.38095238095238093,0.2234294680684488,3
JSWSTEEL,1,0.7,756,84,120,2024-04-02,2024-11-07,0.45,0.4519632414369257,0.5285714285714286,0.4805194805194805,0.5873015873015873,37,40,17,26,0.55,0.44166666666666665,0.0,0.475,0.0,0.0,0.0,0.0,0.4666666666666667,0.525,0.4805194805194805,0.39534883720930236,0.0,0.6416666666666667,0.35833333333333334,0.14600079878515684,0
JSWSTEEL,2,0.75,810,90,120,2024-07-24,2025-03-12,0.45,0.46672236145920354,0.42105263157894735,0.47058823529411764,0.38095238095238093,24,27,30,39,0.5083333333333333,0.525,0.0,0.5333333333333333,0.0,0.0,0.0,0.0,0.5166666666666667,0.5,0.47058823529411764,0.4347826086956522,0.0,0.425,0.575,0.31554579442309816,0
JSWSTEEL,3,0.8,864,96,120,2024-11-08,2025-07-24,0.5916666666666667,0.566137566137566,0.5050505050505051,0.5952380952380952,0.43859649122807015,25,17,46,32,0.575,0.6083333333333333,0.0,0.475,0.0,0.0,0.0,0.0,0.475,0.43333333333333335,0.5952380952380952,0.5897435897435898,0.0,0.35,0.65,0.2493694417027086,0
JSWSTEEL,4,0.85,918,102,120,2025-03-13,2025-12-02,0.45,0.47377232142857145,0.34,0.38636363636363635,0.30357142857142855,17,27,37,39,0.5416666666666666,0.5333333333333333,0.0,0.4583333333333333,0.0,0.0,0.0,0.0,0.4666666666666667,0.4583333333333333,0.38636363636363635,0.48684210526315785,0.0,0.36666666666666664,0.6333333333333333,0.1000035356387145,0
JSWSTEEL,5,0.9,972,108,121,2025-07-28,2026-04-09,0.5289256198347108,0.5073891625615764,0.43564356435643564,0.5789473684210527,0.3492063492063492,22,16,42,41,0.5289256198347108,0.48760330578512395,0.0,0.512396694214876,0.0,0.0,0.0,0.0,0.47107438016528924,0.48760330578512395,0.5789473684210527,0.5060240963855422,0.0,0.3140495867768595,0.6859504132231405,0.1000035356387145,0
JSWSTEEL,6,0.95,1026,114,61,2025-12-03,2026-04-09,0.5737704918032787,0.5854978354978355,0.5,0.6842105263157895,0.3939393939393939,13,6,22,20,0.5081967213114754,0.5409836065573771,0.0,0.5081967213114754,0.0,0.0,0.0,0.0,0.45901639344262296,0.5409836065573771,0.6842105263157895,0.5238095238095238,0.0,0.3114754098360656,0.6885245901639344,0.1542342629662863,3
BHARTIARTL,1,0.7,708,78,112,2024-03-22,2024-11-22,0.5446428571428571,0.5346977934122161,0.6832298136645962,0.5392156862745098,0.9322033898305084,55,47,6,4,0.5714285714285714,0.5267857142857143,0.0,0.44642857142857145,0.0,0.0,0.0,0.0,0.5357142857142857,0.5357142857142857,0.5392156862745098,0.6,0.0,0.9107142857142857,0.08928571428571429,0.1000035356387145,0
BHARTIARTL,2,0.75,758,84,112,2024-08-02,2025-03-25,0.5714285714285714,0.6070967741935483,0.6363636363636364,0.6,0.6774193548387096,42,28,22,20,0.5357142857142857,0.5446428571428571,0.0,0.375,0.0,0.0,0.0,0.0,0.5535714285714286,0.5535714285714286,0.6,0.5238095238095238,0.0,0.625,0.375,0.15168005167546908,0
BHARTIARTL,3,0.8,809,89,112,2024-11-27,2025-07-28,0.5267857142857143,0.510540184453228,0.6708074534161491,0.5684210526315789,0.8181818181818182,54,41,5,12,0.5267857142857143,0.5892857142857143,0.0,0.5089285714285714,0.0,0.0,0.0,0.0,0.5446428571428571,0.5803571428571429,0.5684210526315789,0.2941176470588235,0.0,0.8482142857142857,0.15178571428571427,0.3753603934524634,0
BHARTIARTL,4,0.85,859,95,112,2025-03-26,2025-11-25,0.5446428571428571,0.5454545454545454,0.6382978723404256,0.6164383561643836,0.6617647058823529,45,28,16,23,0.5535714285714286,0.6339285714285714,0.0,0.49107142857142855,0.0,0.0,0.0,0.0,0.5892857142857143,0.5892857142857143,0.6164383561643836,0.41025641025641024,0.0,0.6517857142857143,0.3482142857142857,0.8219067412786859,0
BHARTIARTL,5,0.9,909,101,113,2025-07-29,2026-04-09,0.5663716814159292,0.5931034482758621,0.6797385620915033,0.5473684210526316,0.896551724137931,52,43,12,6,0.5398230088495575,0.5398230088495575,0.0,0.5221238938053098,0.0,0.0,0.0,0.0,0.504424778761062,0.504424778761062,0.5473684210526316,0.6666666666666667,0.0,0.8407079646017699,0.1592920353982301,0.2477689354057145,0
BHARTIARTL,6,0.95,960,106,57,2025-11-26,2026-04-09,0.5964912280701754,0.6764705882352942,0.6461538461538462,0.5,0.9130434782608695,21,21,13,2,0.543859649122807,0.5087719298245614,0.0,0.45614035087719296,0.0,0.0,0.0,0.0,0.40350877192982454,0.40350877192982454,0.5,0.8666666666666667,0.0,0.7368421052631579,0.2631578947368421,0.1077716305653644,3
INDUSTOWER,1,0.7,770,85,122,2024-04-16,2024-12-03,0.45901639344262296,0.485917418649166,0.4107142857142857,0.5348837209302325,0.3333333333333333,23,20,33,46,0.45081967213114754,0.48360655737704916,0.0,0.48360655737704916,0.0,0.0,0.0,0.0,0.5655737704918032,0.5245901639344263,0.5348837209302325,0.4177215189873418,0.0,0.3524590163934426,0.6475409836065574,0.12773413217768292,0
INDUSTOWER,2,0.75,825,91,122,2024-08-08,2025-04-02,0.5245901639344263,0.5404094827586207,0.5606060606060606,0.5441176470588235,0.578125,37,31,27,27,0.5163934426229508,0.5081967213114754,0.0,0.45901639344262296,0.0,0.0,0.0,0.0,0.5327868852459017,0.5491803278688525,0.5441176470588235,0.5,0.0,0.5573770491803278,0.4426229508196721,0.13463360208156594,0
INDUSTOWER,3,0.8,880,97,122,2024-12-04,2025-08-05,0.45901639344262296,0.48132222520827733,0.49230769230769234,0.463768115942029,0.5245901639344263,32,37,24,29,0.47540983606557374,0.5,0.0,0.45901639344262296,0.0,0.0,0.0,0.0,0.45901639344262296,0.4918032786885246,0.463768115942029,0.4528301886792453,0.0,0.5655737704918032,0.4344262295081967,0.2639008823712288,0
INDUSTOWER,4,0.85,935,103,122,2025-04-03,2025-12-02,0.4180327868852459,0.43211206896551724,0.4740740740740741,0.4507042253521127,0.5,32,39,19,32,0.4180327868852459,0.5245901639344263,0.0,0.4016393442622951,0.0,0.0,0.0,0.0,0.4918032786885246,0.5,0.4507042253521127,0.37254901960784315,0.0,0.5819672131147541,0.4180327868852459,1.8453092094669874,0
INDUSTOWER,5,0.9,990,109,123,2025-08-06,2026-04-09,0.5121951219512195,0.5179817498658079,0.45454545454545453,0.6097560975609756,0.36231884057971014,25,16,38,44,0.4715447154471545,0.5609756097560976,0.0,0.4715447154471545,0.0,0.0,0.0,0.0,0.4796747967479675,0.5121951219512195,0.6097560975609756,0.46341463414634143,0.0,0.3333333333333333,0.6666666666666666,1.1694205010082344,0
INDUSTOWER,6,0.95,1044,116,62,2025-12-03,2026-04-09,0.5967741935483871,0.6207983193277311,0.6666666666666666,0.6097560975609756,0.7352941176470589,25,16,12,9,0.5806451612903226,0.5483870967741935,0.0,0.46774193548387094,0.0,0.0,0.0,0.0,0.5483870967741935,0.41935483870967744,0.6097560975609756,0.5714285714285714,0.0,0.6612903225806451,0.3387096774193548,0.1000035356387145,3
LT,1,0.7,729,80,115,2024-03-18,2024-10-30,0.5739130434782609,0.59375,0.6838709677419355,0.5824175824175825,0.828125,53,38,13,11,0.5739130434782609,0.5826086956521739,0.0,0.5565217391304348,0.0,0.0,0.0,0.0,0.4956521739130435,0.5217391304347826,0.5824175824175825,0.5416666666666667,0.0,0.7913043478260869,0.20869565217391303,0.2975582577419001,0
LT,2,0.75,781,86,115,2024-07-11,2025-02-27,0.45217391304347826,0.561965811965812,0.5714285714285714,0.4421052631578947,0.8076923076923077,42,53,10,10,0.5043478260869565,0.45217391304347826,0.0,0.45217391304347826,0.0,0.0,0.0,0.0,0.48695652173913045,0.45217391304347826,0.4421052631578947,0.5,0.0,0.8260869565217391,0.17391304347826086,0.4083809275868934,0
LT,3,0.8,832,92,116,2024-11-01,2025-07-18,0.5,0.5138269402319358,0.6133333333333333,0.4946236559139785,0.8070175438596491,46,47,12,11,0.5172413793103449,0.49137931034482757,0.0,0.5689655172413793,0.0,0.0,0.0,0.0,0.45689655172413796,0.5,0.4946236559139785,0.5217391304347826,0.0,0.8017241379310345,0.19827586206896552,0.47436107454241044,0
LT,4,0.85,884,98,116,2025-02-28,2025-11-18,0.6120689655172413,0.536095035028937,0.7204968944099379,0.6170212765957447,0.8656716417910447,58,36,13,9,0.5775862068965517,0.5517241379310345,0.0,0.5,0.0,0.0,0.0,0.0,0.5344827586206896,0.5775862068965517,0.6170212765957447,0.5909090909090908,0.0,0.8103448275862069,0.1896551724137931,7.999994076689224,0
LT,5,0.9,936,104,116,2025-07-21,2026-04-09,0.6637931034482759,0.6165865384615384,0.7022900763358778,0.6865671641791045,0.71875,46,21,31,18,0.5431034482758621,0.5862068965517241,0.0,0.49137931034482757,0.0,0.0,0.0,0.0,0.5086206896551724,0.49137931034482757,0.6865671641791045,0.6326530612244898,0.0,0.5775862068965517,0.4224137931034483,0.11517454385674371,0
LT,6,0.95,989,109,58,2025-11-19,2026-04-09,0.5344827586206896,0.5384615384615384,0.6301369863013698,0.5609756097560976,0.71875,23,18,8,9,0.5,0.5689655172413793,0.0,0.5344827586206896,0.0,0.0,0.0,0.0,0.5344827586206896,0.5,0.5609756097560976,0.47058823529411764,0.0,0.7068965517241379,0.29310344827586204,0.13102798112696856,3
BHEL,1,0.7,937,104,149,2024-01-01,2024-10-09,0.5436241610738255,0.5321151716500554,0.6565656565656566,0.5803571428571429,0.7558139534883721,65,47,16,21,0.5838926174496645,0.5906040268456376,0.0,0.5302013422818792,0.0,0.0,0.0,0.0,0.5704697986577181,0.4966442953020134,0.5803571428571429,0.43243243243243246,0.0,0.7516778523489933,0.2483221476510067,0.13244496128729896,0
BHEL,2,0.75,1005,111,148,2024-05-24,2025-02-11,0.47297297297297297,0.4830802999817084,0.5666666666666667,0.46788990825688076,0.7183098591549296,51,58,19,20,0.5540540540540541,0.5067567567567568,0.0,0.5067567567567568,0.0,0.0,0.0,0.0,0.47297297297297297,0.4594594594594595,0.46788990825688076,0.4871794871794872,0.0,0.7364864864864865,0.2635135135135135,0.22771991813476652,0
BHEL,3,0.8,1071,119,149,2024-10-10,2025-07-03,0.5637583892617449,0.5231161266836548,0.6524064171122995,0.580952380952381,0.7439024390243902,61,44,23,21,0.5838926174496645,0.5503355704697986,0.0,0.4899328859060403,0.0,0.0,0.0,0.0,0.436241610738255,0.5503355704697986,0.580952380952381,0.5227272727272727,0.0,0.7046979865771812,0.2953020134228188,0.2589733624338477,0
BHEL,4,0.85,1138,126,149,2025-02-12,2025-11-20,0.5302013422818792,0.5316176470588235,0.6698113207547169,0.5590551181102362,0.8352941176470589,71,56,8,14,0.610738255033557,0.5704697986577181,0.0,0.47651006711409394,0.0,0.0,0.0,0.0,0.4563758389261745,0.48322147651006714,0.5590551181102362,0.36363636363636365,0.0,0.8523489932885906,0.1476510067114094,7.999994215097015,0
BHEL,5,0.9,1206,133,149,2025-07-04,2026-04-09,0.5436241610738255,0.5131673881673882,0.5342465753424658,0.5652173913043478,0.5064935064935064,39,30,42,38,0.5033557046979866,0.5302013422818792,0.0,0.4966442953020134,0.0,0.0,0.0,0.0,0.5167785234899329,0.42953020134228187,0.5652173913043478,0.525,0.0,0.46308724832214765,0.5369127516778524,0.16681802456518685,0
BHEL,6,0.95,1272,141,75,2025-11-21,2026-04-09,0.4533333333333333,0.45163584637268844,0.5176470588235295,0.46808510638297873,0.5789473684210527,22,25,12,16,0.4,0.4533333333333333,0.0,0.4266666666666667,0.0,0.0,0.0,0.0,0.49333333333333335,0.4666666666666667,0.46808510638297873,0.4285714285714286,0.0,0.6266666666666667,0.37333333333333335,0.30994447769272776,3
ABB,1,0.7,878,97,139,2024-02-08,2024-10-14,0.5323741007194245,0.4835454146555507,0.6408839779005525,0.6105263157894737,0.6744186046511628,58,37,16,28,0.4748201438848921,0.6187050359712231,0.0,0.45323741007194246,0.0,0.0,0.0,0.0,0.6115107913669064,0.49640287769784175,0.6105263157894737,0.36363636363636365,0.0,0.6834532374100719,0.31654676258992803,0.27171675122112104,0
ABB,2,0.75,940,104,140,2024-06-12,2025-02-07,0.5071428571428571,0.5537864870381711,0.6270270270270271,0.5,0.8405797101449275,58,58,13,11,0.5071428571428571,0.4928571428571429,0.0,0.5357142857142857,0.0,0.0,0.0,0.0,0.5571428571428572,0.4928571428571429,0.5,0.5416666666666667,0.0,0.8285714285714286,0.17142857142857143,0.18997428333082653,0
ABB,3,0.8,1003,111,139,2024-10-15,2025-07-01,0.5179856115107914,0.5631469979296067,0.6455026455026455,0.5083333333333333,0.8840579710144928,61,59,11,8,0.5251798561151079,0.49640287769784175,0.0,0.4676258992805755,0.0,0.0,0.0,0.0,0.48201438848920863,0.5251798561151079,0.5083333333333333,0.5789473684210527,0.0,0.8633093525179856,0.1366906474820144,0.1407223253504252,0
ABB,4,0.85,1066,118,139,2025-02-10,2025-11-25,0.5179856115107914,0.49875776397515525,0.6214689265536724,0.514018691588785,0.7857142857142857,55,52,17,15,0.5035971223021583,0.4892086330935252,0.0,0.4316546762589928,0.0,0.0,0.0,0.0,0.460431654676259,0.49640287769784175,0.514018691588785,0.53125,0.0,0.7697841726618705,0.2302158273381295,0.1000035356387145,0
ABB,5,0.9,1128,125,140,2025-07-02,2026-04-09,0.5,0.4376403347621964,0.6354166666666666,0.5041322314049587,0.8591549295774648,61,60,9,10,0.5071428571428571,0.5,0.0,0.5285714285714286,0.0,0.0,0.0,0.0,0.5285714285714286,0.5071428571428571,0.5041322314049587,0.4736842105263158,0.0,0.8642857142857143,0.1357142857142857,0.8038853205506981,0
ABB,6,0.95,1191,132,70,2025-11-26,2026-04-09,0.5571428571428572,0.5789473684210527,0.6666666666666666,0.5636363636363636,0.8157894736842105,31,24,8,7,0.4857142857142857,0.5142857142857142,0.0,0.4714285714285714,0.0,0.0,0.0,0.0,0.4,0.5571428571428572,0.5636363636363636,0.5333333333333333,0.0,0.7857142857142857,0.21428571428571427,0.2800892918734024,3
SIEMENS,1,0.7,848,94,135,2024-02-15,2024-10-30,0.6296296296296297,0.5225494707777266,0.7340425531914894,0.6509433962264151,0.8414634146341463,69,37,16,13,0.6148148148148148,0.5259259259259259,0.0,0.5333333333333333,0.0,0.0,0.0,0.0,0.6148148148148148,0.5185185185185185,0.6509433962264151,0.5517241379310345,0.0,0.7851851851851852,0.21481481481481482,0.6191443035749994,0
SIEMENS,2,0.75,909,101,134,2024-06-24,2025-03-06,0.5223880597014925,0.5268673355629878,0.5492957746478874,0.5064935064935064,0.6,39,38,31,26,0.5223880597014925,0.48507462686567165,0.0,0.4925373134328358,0.0,0.0,0.0,0.0,0.5,0.4925373134328358,0.5064935064935064,0.543859649122807,0.0,0.5746268656716418,0.4253731343283582,0.1000035356387145,0
SIEMENS,3,0.8,970,107,135,2024-11-05,2025-07-11,0.4888888888888889,0.49956082564778215,0.543046357615894,0.5,0.5942028985507246,41,41,25,28,0.562962962962963,0.5259259259259259,0.0,0.5185185185185185,0.0,0.0,0.0,0.0,0.5111111111111111,0.5259259259259259,0.5,0.4716981132075472,0.0,0.6074074074074074,0.3925925925925926,0.19040960893393744,0
SIEMENS,4,0.85,1030,114,135,2025-03-07,2025-11-27,0.48148148148148145,0.4376933274414494,0.6276595744680851,0.5130434782608696,0.8082191780821918,59,56,6,14,0.45185185185185184,0.5407407407407407,0.0,0.4666666666666667,0.0,0.0,0.0,0.0,0.5333333333333333,0.4888888888888889,0.5130434782608696,0.30000000000000004,0.0,0.8518518518518519,0.14814814814814814,2.168512986745657,0
SIEMENS,5,0.9,1091,121,135,2025-07-15,2026-04-09,0.5111111111111111,0.4242156429518339,0.6451612903225806,0.5309734513274337,0.821917808219178,60,53,9,13,0.45925925925925926,0.5407407407407407,0.0,0.4962962962962963,0.0,0.0,0.0,0.0,0.5037037037037037,0.5037037037037037,0.5309734513274337,0.40909090909090906,0.0,0.837037037037037,0.16296296296296298,0.2453598701353755,0
SIEMENS,6,0.95,1152,127,68,2025-12-01,2026-04-09,0.47058823529411764,0.4176111595466434,0.6170212765957447,0.5087719298245614,0.7837837837837838,29,28,3,8,0.5441176470588235,0.45588235294117646,0.0,0.5147058823529411,0.0,0.0,0.0,0.0,0.5441176470588235,0.5294117647058824,0.5087719298245614,0.2727272727272727,0.0,0.8382352941176471,0.16176470588235295,0.1406699177595345,3
HAVELLS,1,0.7,842,93,134,2023-12-15,2024-09-19,0.47761194029850745,0.4361334867663982,0.5679012345679012,0.5542168674698795,0.5822784810126582,46,37,18,33,0.47761194029850745,0.582089552238806,0.0,0.4701492537313433,0.0,0.0,0.0,0.0,0.5895522388059702,0.47761194029850745,0.5542168674698795,0.3529411764705882,0.0,0.6194029850746269,0.3805970149253731,0.10498730354405271,0
HAVELLS,2,0.75,902,100,134,2024-05-10,2025-02-04,0.5223880597014925,0.5208286923591,0.5897435897435898,0.5168539325842697,0.6865671641791045,46,43,24,21,0.5223880597014925,0.5,0.0,0.5,0.0,0.0,0.0,0.0,0.41044776119402987,0.5149253731343284,0.5168539325842697,0.5333333333333333,0.0,0.664179104477612,0.3358208955223881,0.10791866934446427,0
HAVELLS,3,0.8,963,106,134,2024-09-20,2025-06-13,0.4552238805970149,0.4521739130434783,0.5521472392638037,0.45918367346938777,0.6923076923076923,45,53,16,20,0.3656716417910448,0.5,0.0,0.4253731343283582,0.0,0.0,0.0,0.0,0.44776119402985076,0.47761194029850745,0.45918367346938777,0.4444444444444444,0.0,0.7313432835820896,0.26865671641791045,0.24643100683398567,0
HAVELLS,4,0.85,1023,113,134,2025-02-06,2025-11-14,0.5223880597014925,0.5125,0.5555555555555556,0.5405405405405406,0.5714285714285714,40,34,30,30,0.4552238805970149,0.5671641791044776,0.0,0.44029850746268656,0.0,0.0,0.0,0.0,0.47761194029850745,0.48507462686567165,0.5405405405405406,0.5,0.0,0.5522388059701493,0.44776119402985076,0.34584035828900894,0
HAVELLS,5,0.9,1083,120,134,2025-06-16,2026-04-09,0.47761194029850745,0.5282976827094474,0.5205479452054794,0.475,0.5757575757575758,38,42,26,28,0.5,0.4925373134328358,0.0,0.5,0.0,0.0,0.0,0.0,0.5373134328358209,0.47761194029850745,0.475,0.4814814814814815,0.0,0.5970149253731343,0.40298507462686567,7.9999937137493955,0
HAVELLS,6,0.95,1143,127,67,2025-11-17,2026-04-09,0.5223880597014925,0.49376114081996436,0.5555555555555556,0.5128205128205128,0.6060606060606061,20,19,15,13,0.5671641791044776,0.582089552238806,0.0,0.5522388059701493,0.0,0.0,0.0,0.0,0.47761194029850745,0.40298507462686567,0.5128205128205128,0.5357142857142857,0.0,0.582089552238806,0.417910447761194,0.3146175917383779,3
POLYCAB,1,0.7,727,80,116,2024-06-14,2025-01-16,0.4827586206896552,0.48974130240856373,0.5774647887323944,0.4823529411764706,0.7192982456140351,41,44,15,16,0.5689655172413793,0.49137931034482757,0.0,0.5086206896551724,0.0,0.0,0.0,0.0,0.5948275862068966,0.5603448275862069,0.4823529411764706,0.4838709677419355,0.0,0.7327586206896551,0.2672413793103448,0.18928100142717588,0
POLYCAB,2,0.75,779,86,115,2024-09-26,2025-05-13,0.5478260869565217,0.5280830280830281,0.6623376623376623,0.5604395604395604,0.8095238095238095,51,40,12,12,0.41739130434782606,0.5478260869565217,0.0,0.591304347826087,0.0,0.0,0.0,0.0,0.5304347826086957,0.4782608695652174,0.5604395604395604,0.5,0.0,0.7913043478260869,0.20869565217391303,7.999993418165903,0
POLYCAB,3,0.8,831,92,115,2025-01-17,2025-08-26,0.5391304347826087,0.4996936274509804,0.6900584795321637,0.5514018691588785,0.921875,59,48,3,5,0.5043478260869565,0.5565217391304348,0.0,0.5217391304347826,0.0,0.0,0.0,0.0,0.5478260869565217,0.5478260869565217,0.5514018691588785,0.375,0.0,0.9304347826086956,0.06956521739130435,0.25794111179923945,0
POLYCAB,4,0.85,882,98,116,2025-05-14,2025-12-18,0.46551724137931033,0.4256272401433691,0.5866666666666667,0.5,0.7096774193548387,44,44,10,18,0.5086206896551724,0.4827586206896552,0.0,0.5603448275862069,0.0,0.0,0.0,0.0,0.5344827586206896,0.5431034482758621,0.5,0.3571428571428571,0.0,0.7586206896551724,0.2413793103448276,0.1000035356387145,0
POLYCAB,5,0.9,935,103,116,2025-08-29,2026-04-09,0.5344827586206896,0.5526785714285715,0.6666666666666666,0.5294117647058824,0.9,54,48,8,6,0.5258620689655172,0.5172413793103449,0.0,0.5603448275862069,0.0,0.0,0.0,0.0,0.5086206896551724,0.5431034482758621,0.5294117647058824,0.5714285714285714,0.0,0.8793103448275862,0.1206896551724138,0.48458492249378243,0
POLYCAB,6,0.95,987,109,58,2025-12-19,2026-04-09,0.6206896551724138,0.6487455197132617,0.7317073170731707,0.5882352941176471,0.967741935483871,30,21,6,1,0.5172413793103449,0.5344827586206896,0.0,0.603448275862069,0.0,0.0,0.0,0.0,0.5344827586206896,0.5172413793103449,0.5882352941176471,0.8571428571428572,0.0,0.8793103448275862,0.1206896551724138,0.45158794590700757,3
AMBUJACEM,1,0.7,758,84,121,2024-04-24,2024-12-05,0.5041322314049587,0.6091008771929824,0.6103896103896104,0.4845360824742268,0.8245614035087719,47,50,14,10,0.5206611570247934,0.5537190082644629,0.0,0.4380165289256198,0.0,0.0,0.0,0.0,0.5041322314049587,0.5041322314049587,0.4845360824742268,0.5833333333333333,0.0,0.8016528925619835,0.19834710743801653,0.1000035356387145,0
AMBUJACEM,2,0.75,813,90,120,2024-08-09,2025-04-02,0.5,0.5248680188941373,0.6103896103896104,0.49473684210526314,0.7966101694915254,47,48,13,12,0.525,0.5166666666666667,0.0,0.5166666666666667,0.0,0.0,0.0,0.0,0.48333333333333334,0.525,0.49473684210526314,0.52,0.0,0.7916666666666666,0.20833333333333334,0.34061242212377957,0
AMBUJACEM,3,0.8,867,96,120,2024-12-06,2025-08-01,0.5916666666666667,0.5784040178571428,0.6259541984732825,0.6119402985074627,0.640625,41,26,30,23,0.575,0.6333333333333333,0.0,0.425,0.0,0.0,0.0,0.0,0.4666666666666667,0.475,0.6119402985074627,0.5660377358490566,0.0,0.5583333333333333,0.44166666666666665,0.17036148738230447,0
AMBUJACEM,4,0.85,921,102,120,2025-04-03,2025-12-05,0.5083333333333333,0.49158249158249157,0.528,0.4647887323943662,0.6111111111111112,33,38,28,21,0.5166666666666667,0.575,0.0,0.525,0.0,0.0,0.0,0.0,0.5083333333333333,0.44166666666666665,0.4647887323943662,0.5714285714285714,0.0,0.5916666666666667,0.4083333333333333,0.1000035356387145,0
AMBUJACEM,5,0.9,975,108,121,2025-08-04,2026-04-09,0.5206611570247934,0.5270345596432553,0.5671641791044776,0.4634146341463415,0.7307692307692307,38,44,25,14,0.4793388429752066,0.5867768595041323,0.0,0.4628099173553719,0.0,0.0,0.0,0.0,0.4132231404958678,0.4214876033057851,0.4634146341463415,0.641025641025641,0.0,0.6776859504132231,0.32231404958677684,0.1929968348782313,0
AMBUJACEM,6,0.95,1029,114,61,2025-12-08,2026-04-09,0.5245901639344263,0.5666666666666667,0.5671641791044776,0.5277777777777778,0.6129032258064516,19,17,13,12,0.5081967213114754,0.5409836065573771,0.0,0.5573770491803278,0.0,0.0,0.0,0.0,0.5409836065573771,0.6065573770491803,0.5277777777777778,0.52,0.0,0.5901639344262295,0.4098360655737705,0.1200667258458809,3
ULTRACEMCO,1,0.7,714,79,113,2024-04-26,2024-12-02,0.49557522123893805,0.5100439422473321,0.5210084033613446,0.5166666666666667,0.5254237288135594,31,29,25,28,0.48672566371681414,0.48672566371681414,0.0,0.5132743362831859,0.0,0.0,0.0,0.0,0.504424778761062,0.5486725663716814,0.5166666666666667,0.4716981132075472,0.0,0.5309734513274337,0.4690265486725664,0.33493947098316795,0
ULTRACEMCO,2,0.75,765,84,114,2024-08-07,2025-03-13,0.5877192982456141,0.6023573200992555,0.584070796460177,0.5409836065573771,0.6346153846153846,33,28,34,19,0.5614035087719298,0.45614035087719296,0.0,0.5087719298245614,0.0,0.0,0.0,0.0,0.5789473684210527,0.6140350877192983,0.5409836065573771,0.6415094339622642,0.0,0.5350877192982456,0.4649122807017544,7.999994541084832,0
ULTRACEMCO,3,0.8,816,90,113,2024-12-03,2025-08-05,0.5663716814159292,0.5758145363408521,0.4731182795698925,0.5945945945945946,0.39285714285714285,22,15,42,34,0.504424778761062,0.5752212389380531,0.0,0.5132743362831859,0.0,0.0,0.0,0.0,0.5132743362831859,0.5221238938053098,0.5945945945945946,0.5526315789473684,0.0,0.3274336283185841,0.672566371681416,0.1489398817173697,0
ULTRACEMCO,4,0.85,867,96,113,2025-03-18,2025-12-05,0.45132743362831856,0.47991211550533586,0.5303030303030303,0.44871794871794873,0.6481481481481481,35,43,16,19,0.49557522123893805,0.46017699115044247,0.0,0.504424778761062,0.0,0.0,0.0,0.0,0.49557522123893805,0.40707964601769914,0.44871794871794873,0.4571428571428572,0.0,0.6902654867256637,0.30973451327433627,0.4750064813845772,0
ULTRACEMCO,5,0.9,918,101,114,2025-08-07,2026-04-09,0.4824561403508772,0.4883286647992531,0.4778761061946903,0.43548387096774194,0.5294117647058824,27,35,28,24,0.4649122807017544,0.5,0.0,0.45614035087719296,0.0,0.0,0.0,0.0,0.5263157894736842,0.47368421052631576,0.43548387096774194,0.5384615384615384,0.0,0.543859649122807,0.45614035087719296,0.22007970753623038,0
ULTRACEMCO,6,0.95,969,107,57,2025-12-08,2026-04-09,0.43859649122807015,0.46182266009852224,0.38461538461538464,0.4166666666666667,0.35714285714285715,10,14,15,18,0.5263157894736842,0.5087719298245614,0.0,0.5614035087719298,0.0,0.0,0.0,0.0,0.5087719298245614,0.43859649122807015,0.4166666666666667,0.4545454545454546,0.0,0.42105263157894735,0.5789473684210527,0.17010814968874477,3
GRASIM,1,0.7,741,82,118,2024-04-05,2024-11-13,0.6440677966101694,0.6617604617604618,0.7162162162162162,0.6235294117647059,0.8412698412698413,53,32,23,10,0.559322033898305,0.6101694915254238,0.0,0.5,0.0,0.0,0.0,0.0,0.559322033898305,0.5084745762711864,0.6235294117647059,0.696969696969697,0.0,0.7203389830508474,0.2796610169491525,0.11747980751461062,0
GRASIM,2,0.75,794,88,118,2024-07-29,2025-03-21,0.5,0.5001438021282715,0.6040268456375839,0.4891304347826087,0.7894736842105263,45,47,14,12,0.4830508474576271,0.5,0.0,0.4830508474576271,0.0,0.0,0.0,0.0,0.4491525423728814,0.5,0.4891304347826087,0.5384615384615384,0.0,0.7796610169491526,0.22033898305084745,0.23163114011578526,0
GRASIM,3,0.8,847,94,118,2024-11-19,2025-07-21,0.4915254237288136,0.5047454702329595,0.589041095890411,0.48314606741573035,0.7543859649122807,43,46,15,14,0.4745762711864407,0.4915254237288136,0.0,0.4406779661016949,0.0,0.0,0.0,0.0,0.5,0.4745762711864407,0.48314606741573035,0.5172413793103448,0.0,0.7542372881355932,0.2457627118644068,0.22283757597112536,0
GRASIM,4,0.85,900,100,118,2025-03-24,2025-12-04,0.5169491525423728,0.5010066148979004,0.5581395348837209,0.5,0.631578947368421,36,36,25,21,0.5,0.4406779661016949,0.0,0.5169491525423728,0.0,0.0,0.0,0.0,0.5,0.5508474576271186,0.5,0.5434782608695652,0.0,0.6101694915254238,0.3898305084745763,0.2910676277353555,0
GRASIM,5,0.9,954,105,118,2025-07-22,2026-04-09,0.5,0.5363819384526891,0.556390977443609,0.4868421052631579,0.6491228070175439,37,39,22,20,0.5508474576271186,0.5084745762711864,0.0,0.5,0.0,0.0,0.0,0.0,0.4915254237288136,0.5,0.4868421052631579,0.5238095238095238,0.0,0.6440677966101694,0.3559322033898305,7.999994701427355,0
GRASIM,6,0.95,1007,111,59,2025-12-10,2026-04-09,0.559322033898305,0.5289351851851851,0.5806451612903226,0.5142857142857142,0.6666666666666666,18,17,15,9,0.559322033898305,0.559322033898305,0.0,0.4745762711864407,0.0,0.0,0.0,0.0,0.576271186440678,0.5254237288135594,0.5142857142857142,0.625,0.0,0.5932203389830508,0.4067796610169492,0.3111211747286885,3
CUMMINSIND,1,0.7,757,84,120,2024-05-07,2024-12-02,0.55,0.5336524922557027,0.6666666666666666,0.5684210526315789,0.8059701492537313,54,41,12,13,0.55,0.5333333333333333,0.0,0.5333333333333333,0.0,0.0,0.0,0.0,0.5583333333333333,0.6,0.5684210526315789,0.48,0.0,0.7916666666666666,0.20833333333333334,0.1000035356387145,0
CUMMINSIND,2,0.75,811,90,120,2024-08-19,2025-04-01,0.5166666666666667,0.5394444444444445,0.6741573033707865,0.5084745762711864,1.0,60,58,2,0,0.6,0.5,0.0,0.5416666666666666,0.0,0.0,0.0,0.0,0.5,0.5,0.5084745762711864,1.0,0.0,0.9833333333333333,0.016666666666666666,0.1000035356387145,0
CUMMINSIND,3,0.8,865,96,120,2024-12-03,2025-08-04,0.5166666666666667,0.5608258928571429,0.6627906976744186,0.5277777777777778,0.890625,57,51,5,7,0.5416666666666666,0.5333333333333333,0.0,0.5583333333333333,0.0,0.0,0.0,0.0,0.5,0.5333333333333333,0.5277777777777778,0.41666666666666663,0.0,0.9,0.1,1.1187650728492307,0
CUMMINSIND,4,0.85,919,102,120,2025-04-02,2025-12-09,0.525,0.4785067873303167,0.6545454545454545,0.5567010309278351,0.7941176470588235,54,43,9,14,0.5666666666666667,0.5666666666666667,0.0,0.525,0.0,0.0,0.0,0.0,0.5,0.43333333333333335,0.5567010309278351,0.3913043478260869,0.0,0.8083333333333333,0.19166666666666668,0.6195596751860041,0
CUMMINSIND,5,0.9,973,108,121,2025-08-05,2026-04-09,0.5454545454545454,0.5629877369007804,0.6496815286624203,0.5795454545454546,0.7391304347826086,51,37,15,18,0.5041322314049587,0.5785123966942148,0.0,0.5702479338842975,0.0,0.0,0.0,0.0,0.512396694214876,0.5619834710743802,0.5795454545454546,0.4545454545454546,0.0,0.7272727272727273,0.2727272727272727,0.5195690301714585,0
CUMMINSIND,6,0.95,1027,114,61,2025-12-11,2026-04-09,0.5245901639344263,0.48351648351648346,0.6233766233766234,0.5714285714285714,0.6857142857142857,24,18,8,11,0.5409836065573771,0.5737704918032787,0.0,0.6065573770491803,0.0,0.0,0.0,0.0,0.5901639344262295,0.6229508196721312,0.5714285714285714,0.42105263157894735,0.0,0.6885245901639344,0.3114754098360656,0.1000035356387145,3
SHREECEM,1,0.7,723,80,115,2024-03-22,2024-11-14,0.4608695652173913,0.4245454545454545,0.5303030303030303,0.45454545454545453,0.6363636363636364,35,42,18,20,0.5391304347826087,0.48695652173913045,0.0,0.4782608695652174,0.0,0.0,0.0,0.0,0.45217391304347826,0.48695652173913045,0.45454545454545453,0.4736842105263158,0.0,0.6695652173913044,0.33043478260869563,0.21198245360513646,0
SHREECEM,2,0.75,775,86,114,2024-08-02,2025-03-13,0.45614035087719296,0.4236453201970444,0.581081081081081,0.4777777777777778,0.7413793103448276,43,47,9,15,0.5087719298245614,0.5087719298245614,0.0,0.49122807017543857,0.0,0.0,0.0,0.0,0.49122807017543857,0.5263157894736842,0.4777777777777778,0.375,0.0,0.7894736842105263,0.21052631578947367,0.16171212086593204,0
SHREECEM,3,0.8,827,91,115,2024-11-18,2025-07-29,0.43478260869565216,0.4201578627808136,0.4144144144144144,0.46,0.3770491803278688,23,27,27,38,0.5043478260869565,0.5304347826086957,0.0,0.4782608695652174,0.0,0.0,0.0,0.0,0.5217391304347826,0.5217391304347826,0.46,0.41538461538461535,0.0,0.43478260869565216,0.5652173913043478,7.999993814838656,0
SHREECEM,4,0.85,878,97,115,2025-03-18,2025-12-12,0.4434782608695652,0.4291898577612863,0.41818181818181815,0.3770491803278688,0.46938775510204084,23,38,28,26,0.4434782608695652,0.4260869565217391,0.0,0.46956521739130436,0.0,0.0,0.0,0.0,0.43478260869565216,0.5130434782608696,0.3770491803278688,0.5185185185185186,0.0,0.5304347826086957,0.46956521739130436,0.12913144851422997,0
SHREECEM,5,0.9,930,103,115,2025-07-30,2026-04-09,0.4956521739130435,0.5485074626865671,0.546875,0.4375,0.7291666666666666,35,45,22,13,0.391304347826087,0.4956521739130435,0.0,0.40869565217391307,0.0,0.0,0.0,0.0,0.41739130434782606,0.5739130434782609,0.4375,0.6285714285714286,0.0,0.6956521739130435,0.30434782608695654,0.462243457301266,0
SHREECEM,6,0.95,981,109,58,2025-12-15,2026-04-09,0.5,0.5256869772998805,0.6329113924050633,0.4807692307692308,0.9259259259259259,25,27,4,2,0.5344827586206896,0.4827586206896552,0.0,0.3620689655172414,0.0,0.0,0.0,0.0,0.5344827586206896,0.5172413793103449,0.4807692307692308,0.6666666666666667,0.0,0.896551724137931,0.10344827586206896,7.999994533373525,3
TITAN,1,0.7,815,90,129,2024-01-09,2024-09-23,0.5038759689922481,0.4243961352657005,0.6097560975609756,0.5263157894736842,0.7246376811594203,50,45,15,19,0.4806201550387597,0.4883720930232558,0.0,0.4806201550387597,0.0,0.0,0.0,0.0,0.4418604651162791,0.5348837209302325,0.5263157894736842,0.4411764705882353,0.0,0.7364341085271318,0.26356589147286824,0.11829804670502066,0
TITAN,2,0.75,873,96,130,2024-05-14,2025-02-05,0.5,0.42552182163187857,0.644808743169399,0.5130434782608696,0.8676470588235294,59,56,6,9,0.5,0.46153846153846156,0.0,0.5,0.0,0.0,0.0,0.0,0.45384615384615384,0.5461538461538461,0.5130434782608696,0.4,0.0,0.8846153846153846,0.11538461538461539,0.14892642918946722,0
TITAN,3,0.8,931,103,129,2024-09-24,2025-06-18,0.5038759689922481,0.4703899855560906,0.5897435897435898,0.48936170212765956,0.7419354838709677,46,48,19,16,0.4418604651162791,0.46511627906976744,0.0,0.46511627906976744,0.0,0.0,0.0,0.0,0.4573643410852713,0.4496124031007752,0.48936170212765956,0.5428571428571429,0.0,0.7286821705426356,0.2713178294573643,0.7201692392832826,0
TITAN,4,0.85,990,109,129,2025-02-06,2025-11-19,0.49612403100775193,0.4903846153846154,0.4881889763779528,0.5,0.47692307692307695,31,31,33,34,0.5116279069767442,0.49612403100775193,0.0,0.5038759689922481,0.0,0.0,0.0,0.0,0.4496124031007752,0.4883720930232558,0.5,0.4925373134328358,0.0,0.4806201550387597,0.5193798449612403,0.3359776243789525,0
TITAN,5,0.9,1047,116,130,2025-06-23,2026-04-09,0.4846153846153846,0.46721893491124256,0.5786163522012578,0.48936170212765956,0.7076923076923077,46,48,17,19,0.46153846153846156,0.5,0.0,0.5307692307692308,0.0,0.0,0.0,0.0,0.4230769230769231,0.4461538461538462,0.48936170212765956,0.4722222222222222,0.0,0.7230769230769231,0.27692307692307694,0.1000035356387145,0
TITAN,6,0.95,1106,122,65,2025-11-21,2026-04-09,0.47692307692307695,0.5351043643263756,0.5641025641025641,0.46808510638297873,0.7096774193548387,22,25,9,9,0.49230769230769234,0.5230769230769231,0.0,0.49230769230769234,0.0,0.0,0.0,0.0,0.5692307692307692,0.5076923076923077,0.46808510638297873,0.5,0.0,0.7230769230769231,0.27692307692307694,0.28232326103145766,3
ASIANPAINT,1,0.7,792,87,126,2024-01-09,2024-10-30,0.5079365079365079,0.5825977301387137,0.6436781609195402,0.5137614678899083,0.8615384615384616,56,53,8,9,0.5,0.5555555555555556,0.0,0.48412698412698413,0.0,0.0,0.0,0.0,0.5,0.5238095238095238,0.5137614678899083,0.47058823529411764,0.0,0.8650793650793651,0.1349206349206349,0.14513600244502362,0
ASIANPAINT,2,0.75,848,94,126,2024-06-18,2025-03-05,0.49206349206349204,0.48715992880752607,0.5616438356164384,0.4606741573033708,0.7192982456140351,41,48,21,16,0.48412698412698413,0.4603174603174603,0.0,0.5079365079365079,0.0,0.0,0.0,0.0,0.46825396825396826,0.5,0.4606741573033708,0.5675675675675675,0.0,0.7063492063492064,0.29365079365079366,0.2706428644938255,0
ASIANPAINT,3,0.8,905,100,126,2024-11-01,2025-07-21,0.48412698412698413,0.5573979591836734,0.6153846153846154,0.46017699115044247,0.9285714285714286,52,61,9,4,0.3968253968253968,0.4444444444444444,0.0,0.47619047619047616,0.0,0.0,0.0,0.0,0.42063492063492064,0.4523809523809524,0.46017699115044247,0.6923076923076923,0.0,0.8968253968253969,0.10317460317460317,0.2695214197053982,0
ASIANPAINT,4,0.85,962,106,126,2025-03-11,2025-12-08,0.5317460317460317,0.41892233746521623,0.6289308176100629,0.5434782608695652,0.746268656716418,50,42,17,17,0.4365079365079365,0.5317460317460317,0.0,0.5952380952380952,0.0,0.0,0.0,0.0,0.5238095238095238,0.42857142857142855,0.5434782608695652,0.5,0.0,0.7301587301587301,0.2698412698412698,7.9999946984935235,0
ASIANPAINT,5,0.9,1018,113,126,2025-07-22,2026-04-09,0.4603174603174603,0.44595959595959594,0.45161290322580644,0.4375,0.4666666666666667,28,36,30,32,0.4444444444444444,0.5158730158730159,0.0,0.5079365079365079,0.0,0.0,0.0,0.0,0.5079365079365079,0.48412698412698413,0.4375,0.4838709677419355,0.0,0.5079365079365079,0.49206349206349204,0.18671412916042734,0
ASIANPAINT,6,0.95,1075,119,63,2025-12-10,2026-04-09,0.47619047619047616,0.46777546777546775,0.35294117647058826,0.36,0.34615384615384615,9,16,21,17,0.4603174603174603,0.5873015873015873,0.0,0.49206349206349204,0.0,0.0,0.0,0.0,0.47619047619047616,0.5555555555555556,0.36,0.5526315789473684,0.0,0.3968253968253968,0.6031746031746031,7.99999454145983,3
PIDILITIND,1,0.7,814,90,129,2024-01-12,2024-10-03,0.4728682170542636,0.4473026973026973,0.4603174603174603,0.5918367346938775,0.37662337662337664,29,20,32,48,0.5891472868217055,0.46511627906976744,0.0,0.49612403100775193,0.0,0.0,0.0,0.0,0.5658914728682171,0.4418604651162791,0.5918367346938775,0.4,0.0,0.3798449612403101,0.6201550387596899,0.1000035356387145,0
PIDILITIND,2,0.75,873,96,129,2024-05-30,2025-02-01,0.5581395348837209,0.5103664416586307,0.6122448979591837,0.569620253164557,0.6617647058823529,45,34,27,23,0.5193798449612403,0.5736434108527132,0.0,0.4883720930232558,0.0,0.0,0.0,0.0,0.5271317829457365,0.5271317829457365,0.569620253164557,0.54,0.0,0.6124031007751938,0.3875968992248062,0.14384262836946524,0
PIDILITIND,3,0.8,930,103,129,2024-10-04,2025-06-11,0.4186046511627907,0.45458937198067634,0.5033112582781457,0.4175824175824176,0.6333333333333333,38,53,16,22,0.5348837209302325,0.4883720930232558,0.0,0.5038759689922481,0.0,0.0,0.0,0.0,0.4496124031007752,0.46511627906976744,0.4175824175824176,0.42105263157894735,0.0,0.7054263565891473,0.29457364341085274,0.2420292721866952,0
PIDILITIND,4,0.85,989,109,129,2025-02-03,2025-11-19,0.4418604651162791,0.42403846153846153,0.45454545454545453,0.4411764705882353,0.46875,30,38,27,34,0.4806201550387597,0.4496124031007752,0.0,0.4496124031007752,0.0,0.0,0.0,0.0,0.5193798449612403,0.49612403100775193,0.4411764705882353,0.4426229508196722,0.0,0.5271317829457365,0.4728682170542636,0.13157525550142835,0
PIDILITIND,5,0.9,1046,116,130,2025-06-12,2026-04-09,0.5307692307692308,0.5364583333333333,0.5960264900662252,0.5294117647058824,0.6818181818181818,45,40,24,21,0.5769230769230769,0.5076923076923077,0.0,0.5076923076923077,0.0,0.0,0.0,0.0,0.5384615384615384,0.49230769230769234,0.5294117647058824,0.5333333333333333,0.0,0.6538461538461539,0.34615384615384615,7.999994817765155,0
PIDILITIND,6,0.95,1105,122,65,2025-11-20,2026-04-09,0.6,0.6401515151515151,0.38095238095238093,0.8,0.25,8,2,31,24,0.6,0.5076923076923077,0.0,0.47692307692307695,0.0,0.0,0.0,0.0,0.5692307692307692,0.6307692307692307,0.8,0.5636363636363637,0.0,0.15384615384615385,0.8461538461538461,7.999994704303761,3
BERGEPAINT,1,0.7,820,91,130,2024-01-09,2024-10-14,0.49230769230769234,0.45261904761904764,0.6206896551724138,0.5192307692307693,0.7714285714285715,54,50,10,16,0.5076923076923077,0.4307692307692308,0.0,0.5461538461538461,0.0,0.0,0.0,0.0,0.5384615384615384,0.5384615384615384,0.5192307692307693,0.3846153846153846,0.0,0.8,0.2,0.1430941059352024,0
BERGEPAINT,2,0.75,879,97,130,2024-06-04,2025-02-17,0.5307692307692308,0.4347512617159337,0.6666666666666666,0.5545454545454546,0.8356164383561644,61,49,8,12,0.5076923076923077,0.5538461538461539,0.0,0.5,0.0,0.0,0.0,0.0,0.5230769230769231,0.47692307692307695,0.5545454545454546,0.4,0.0,0.8461538461538461,0.15384615384615385,7.999993225653292,0
BERGEPAINT,3,0.8,937,104,130,2024-10-15,2025-07-14,0.47692307692307695,0.47419507575757575,0.5802469135802469,0.47959183673469385,0.734375,47,51,15,17,0.5,0.5,0.0,0.5538461538461539,0.0,0.0,0.0,0.0,0.5,0.5384615384615384,0.47959183673469385,0.46875,0.0,0.7538461538461538,0.24615384615384617,0.30480051689673104,0
BERGEPAINT,4,0.85,996,110,130,2025-02-19,2025-11-17,0.45384615384615384,0.4912405303030303,0.5895953757225434,0.4766355140186916,0.7727272727272727,51,56,8,15,0.5230769230769231,0.5153846153846153,0.0,0.5076923076923077,0.0,0.0,0.0,0.0,0.5076923076923077,0.5153846153846153,0.4766355140186916,0.34782608695652173,0.0,0.823076923076923,0.17692307692307693,0.19389603159030644,0
BERGEPAINT,5,0.9,1054,117,131,2025-07-15,2026-04-09,0.5190839694656488,0.5930562116202174,0.6037735849056604,0.4752475247524752,0.8275862068965517,48,53,20,10,0.5267175572519084,0.5419847328244275,0.0,0.5419847328244275,0.0,0.0,0.0,0.0,0.5114503816793893,0.48854961832061067,0.4752475247524752,0.6666666666666667,0.0,0.7709923664122137,0.22900763358778625,0.36815364264097533,0
BERGEPAINT,6,0.95,1113,123,66,2025-11-18,2026-04-09,0.48484848484848486,0.5190243902439025,0.5,0.3953488372093023,0.68,17,26,15,8,0.5,0.48484848484848486,0.0,0.5606060606060606,0.0,0.0,0.0,0.0,0.6060606060606061,0.5303030303030303,0.3953488372093023,0.6521739130434783,0.0,0.6515151515151515,0.3484848484848485,0.5958038010736134,3
VOLTAS,1,0.7,882,97,140,2024-02-13,2024-10-24,0.5214285714285715,0.4770872567482737,0.5562913907284768,0.6,0.5185185185185185,42,28,31,39,0.45714285714285713,0.42142857142857143,0.0,0.5428571428571428,0.0,0.0,0.0,0.0,0.4928571428571429,0.5571428571428572,0.6,0.44285714285714284,0.0,0.5,0.5,0.148462988967386,0
VOLTAS,2,0.75,945,104,140,2024-06-21,2025-02-20,0.42857142857142855,0.43396611553378234,0.550561797752809,0.44954128440366975,0.7101449275362319,49,60,11,20,0.4928571428571429,0.4928571428571429,0.0,0.5214285714285715,0.0,0.0,0.0,0.0,0.5142857142857142,0.4857142857142857,0.44954128440366975,0.3548387096774194,0.0,0.7785714285714286,0.22142857142857142,0.1000035356387145,0
VOLTAS,3,0.8,1008,111,140,2024-10-25,2025-07-02,0.45,0.4648692810457517,0.5968586387434555,0.4634146341463415,0.8382352941176471,57,66,6,11,0.5214285714285715,0.44285714285714284,0.0,0.4642857142857143,0.0,0.0,0.0,0.0,0.4928571428571429,0.44285714285714284,0.4634146341463415,0.3529411764705882,0.0,0.8785714285714286,0.12142857142857143,0.17172891185058198,0
VOLTAS,4,0.85,1071,118,140,2025-02-21,2025-11-25,0.5,0.5120593692022264,0.5833333333333334,0.5384615384615384,0.6363636363636364,49,42,21,28,0.5285714285714286,0.55,0.0,0.5071428571428571,0.0,0.0,0.0,0.0,0.4642857142857143,0.4714285714285714,0.5384615384615384,0.4285714285714286,0.0,0.65,0.35,7.999993471893162,0
VOLTAS,5,0.9,1134,125,140,2025-07-11,2026-04-09,0.5428571428571428,0.5770016339869282,0.6144578313253012,0.5425531914893617,0.7083333333333334,51,43,25,21,0.5214285714285715,0.5285714285714286,0.0,0.5214285714285715,0.0,0.0,0.0,0.0,0.4857142857142857,0.4785714285714286,0.5425531914893617,0.5434782608695652,0.0,0.6714285714285714,0.32857142857142857,7.999994370139858,0
VOLTAS,6,0.95,1197,132,70,2025-11-26,2026-04-09,0.5714285714285714,0.5604575163398693,0.6052631578947368,0.5476190476190477,0.6764705882352942,23,19,17,11,0.5142857142857142,0.5571428571428572,0.0,0.5142857142857142,0.0,0.0,0.0,0.0,0.4714285714285714,0.44285714285714284,0.5476190476190477,0.6071428571428572,0.0,0.6,0.4,0.12856606382402674,3
PAGEIND,1,0.7,867,96,138,2023-12-12,2024-09-27,0.5579710144927537,0.5152792413066385,0.655367231638418,0.5576923076923077,0.7945205479452054,58,46,19,15,0.5434782608695652,0.5217391304347826,0.0,0.47101449275362317,0.0,0.0,0.0,0.0,0.4782608695652174,0.5144927536231884,0.5576923076923077,0.5588235294117647,0.0,0.7536231884057971,0.2463768115942029,7.999994636898516,0
PAGEIND,2,0.75,929,103,138,2024-05-10,2025-02-10,0.5289855072463768,0.5858201058201058,0.4628099173553719,0.6086956521739131,0.37333333333333335,28,18,45,47,0.5072463768115942,0.5362318840579711,0.0,0.5,0.0,0.0,0.0,0.0,0.45652173913043476,0.5362318840579711,0.6086956521739131,0.48913043478260865,0.0,0.3333333333333333,0.6666666666666666,7.999994402622145,0
PAGEIND,3,0.8,991,110,138,2024-09-30,2025-06-23,0.45652173913043476,0.45622895622895626,0.45255474452554745,0.47692307692307695,0.4305555555555556,31,34,32,41,0.4927536231884058,0.47101449275362317,0.0,0.5797101449275363,0.0,0.0,0.0,0.0,0.4782608695652174,0.4782608695652174,0.47692307692307695,0.4383561643835616,0.0,0.47101449275362317,0.5289855072463768,0.274439059745526,0
PAGEIND,4,0.85,1053,117,138,2025-02-11,2025-11-07,0.5579710144927537,0.6268656716417911,0.6390532544378699,0.5294117647058824,0.8059701492537313,54,48,23,13,0.5579710144927537,0.4855072463768116,0.0,0.5362318840579711,0.0,0.0,0.0,0.0,0.4927536231884058,0.5507246376811594,0.5294117647058824,0.6388888888888888,0.0,0.7391304347826086,0.2608695652173913,0.45685037405773415,0
PAGEIND,5,0.9,1116,123,138,2025-06-24,2026-04-09,0.5289855072463768,0.5397983265393692,0.5911949685534591,0.47,0.7966101694915254,47,53,26,12,0.5,0.4492753623188406,0.0,0.4492753623188406,0.0,0.0,0.0,0.0,0.427536231884058,0.4927536231884058,0.47,0.6842105263157895,0.0,0.7246376811594203,0.2753623188405797,0.24307782078528814,0
PAGEIND,6,0.95,1178,130,69,2025-11-11,2026-04-09,0.5217391304347826,0.5217770034843205,0.49230769230769234,0.43243243243243246,0.5714285714285714,16,21,20,12,0.391304347826087,0.4057971014492754,0.0,0.5507246376811594,0.0,0.0,0.0,0.0,0.4927536231884058,0.5217391304347826,0.43243243243243246,0.625,0.0,0.5362318840579711,0.463768115942029,0.3053193638296583,3
DMART,1,0.7,844,93,135,2023-12-27,2024-09-24,0.4444444444444444,0.506021409455843,0.45255474452554745,0.5081967213114754,0.40789473684210525,31,30,29,45,0.5407407407407407,0.562962962962963,0.0,0.5555555555555556,0.0,0.0,0.0,0.0,0.5259259259259259,0.5037037037037037,0.5081967213114754,0.3918918918918919,0.0,0.45185185185185184,0.5481481481481482,0.6483854856093837,0
DMART,2,0.75,905,100,134,2024-05-23,2025-02-05,0.417910447761194,0.3832308042834358,0.44285714285714284,0.37349397590361444,0.543859649122807,31,52,25,26,0.417910447761194,0.44776119402985076,0.0,0.4253731343283582,0.0,0.0,0.0,0.0,0.43283582089552236,0.43283582089552236,0.37349397590361444,0.4901960784313726,0.0,0.6194029850746269,0.3805970149253731,0.15211737402000214,0
DMART,3,0.8,965,107,134,2024-09-25,2025-06-25,0.4701492537313433,0.4259887005649718,0.5477707006369427,0.4387755102040816,0.7288135593220338,43,55,20,16,0.4626865671641791,0.5597014925373134,0.0,0.4626865671641791,0.0,0.0,0.0,0.0,0.44776119402985076,0.4701492537313433,0.4387755102040816,0.5555555555555556,0.0,0.7313432835820896,0.26865671641791045,0.19565926829755023,0
DMART,4,0.85,1026,113,134,2025-02-07,2025-11-18,0.41044776119402987,0.40106951871657753,0.4233576642335766,0.4084507042253521,0.4393939393939394,29,42,26,37,0.41044776119402987,0.4925373134328358,0.0,0.5149253731343284,0.0,0.0,0.0,0.0,0.5074626865671642,0.5,0.4084507042253521,0.4126984126984127,0.0,0.5298507462686567,0.4701492537313433,0.28954500418339346,0
DMART,5,0.9,1086,120,134,2025-06-27,2026-04-09,0.47761194029850745,0.471864406779661,0.4696969696969697,0.4246575342465753,0.5254237288135594,31,42,33,28,0.44029850746268656,0.5597014925373134,0.0,0.47761194029850745,0.0,0.0,0.0,0.0,0.5597014925373134,0.47761194029850745,0.4246575342465753,0.540983606557377,0.0,0.5447761194029851,0.4552238805970149,7.999993867480089,0
DMART,6,0.95,1146,127,67,2025-11-19,2026-04-09,0.5074626865671642,0.5268817204301075,0.42105263157894735,0.46153846153846156,0.3870967741935484,12,14,22,19,0.47761194029850745,0.5373134328358209,0.0,0.4626865671641791,0.0,0.0,0.0,0.0,0.4925373134328358,0.4626865671641791,0.46153846153846156,0.5365853658536586,0.0,0.3880597014925373,0.6119402985074627,1.3465014862369677,3
ADANIPORTS,1,0.7,748,83,119,2024-05-09,2024-12-16,0.5294117647058824,0.6155367231638418,0.6410256410256411,0.5208333333333334,0.8333333333333334,50,46,13,10,0.4369747899159664,0.453781512605042,0.0,0.42857142857142855,0.0,0.0,0.0,0.0,0.4117647058823529,0.5210084033613446,0.5208333333333334,0.5652173913043479,0.0,0.8067226890756303,0.19327731092436976,0.18315060324732071,0
ADANIPORTS,2,0.75,802,89,118,2024-09-13,2025-04-04,0.5338983050847458,0.5445573294629898,0.60431654676259,0.4883720930232558,0.7924528301886793,42,44,21,11,0.5423728813559322,0.5169491525423728,0.0,0.5677966101694916,0.0,0.0,0.0,0.0,0.4491525423728814,0.4576271186440678,0.4883720930232558,0.65625,0.0,0.7288135593220338,0.2711864406779661,0.1000035356387145,0
ADANIPORTS,3,0.8,855,95,119,2024-12-17,2025-08-07,0.5378151260504201,0.5446327683615819,0.60431654676259,0.525,0.711864406779661,42,38,22,17,0.46218487394957986,0.453781512605042,0.0,0.5126050420168067,0.0,0.0,0.0,0.0,0.48739495798319327,0.46218487394957986,0.525,0.5641025641025641,0.0,0.6722689075630253,0.3277310924369748,0.20884391413397602,0
ADANIPORTS,4,0.85,909,100,119,2025-04-07,2025-12-15,0.5210084033613446,0.5265987549518959,0.4672897196261682,0.5555555555555556,0.4032258064516129,25,20,37,37,0.4957983193277311,0.5546218487394958,0.0,0.46218487394957986,0.0,0.0,0.0,0.0,0.4789915966386555,0.4957983193277311,0.5555555555555556,0.5,0.0,0.37815126050420167,0.6218487394957983,0.5628748037406787,0
ADANIPORTS,5,0.9,963,106,119,2025-08-08,2026-04-09,0.47058823529411764,0.4745618993781798,0.3368421052631579,0.43243243243243246,0.27586206896551724,16,21,40,42,0.5630252100840336,0.4789915966386555,0.0,0.48739495798319327,0.0,0.0,0.0,0.0,0.453781512605042,0.5546218487394958,0.43243243243243246,0.4878048780487805,0.0,0.31092436974789917,0.6890756302521008,0.14384250754698172,0
ADANIPORTS,6,0.95,1016,112,60,2025-12-16,2026-04-09,0.5666666666666667,0.5982142857142857,0.6176470588235294,0.525,0.75,21,19,13,7,0.5333333333333333,0.55,0.0,0.45,0.0,0.0,0.0,0.0,0.48333333333333334,0.5333333333333333,0.525,0.65,0.0,0.6666666666666666,0.3333333333333333,0.1770404602628272,3
GODREJPROP,1,0.7,926,102,147,2024-01-03,2024-10-01,0.5238095238095238,0.48451492537313434,0.5930232558139535,0.5543478260869565,0.6375,51,41,26,29,0.5510204081632653,0.5578231292517006,0.0,0.5918367346938775,0.0,0.0,0.0,0.0,0.5714285714285714,0.4897959183673469,0.5543478260869565,0.4727272727272728,0.0,0.6258503401360545,0.3741496598639456,0.9899036238638288,0
GODREJPROP,2,0.75,991,110,147,2024-05-27,2025-02-06,0.48299319727891155,0.478156238430211,0.5476190476190477,0.4842105263157895,0.6301369863013698,46,49,25,27,0.4489795918367347,0.5374149659863946,0.0,0.42857142857142855,0.0,0.0,0.0,0.0,0.5102040816326531,0.4897959183673469,0.4842105263157895,0.4807692307692307,0.0,0.6462585034013606,0.35374149659863946,0.1000035356387145,0
GODREJPROP,3,0.8,1058,117,147,2024-10-03,2025-07-14,0.5034013605442177,0.5235185185185186,0.6137566137566137,0.49572649572649574,0.8055555555555556,58,59,16,14,0.4557823129251701,0.5034013605442177,0.0,0.48299319727891155,0.0,0.0,0.0,0.0,0.4897959183673469,0.4965986394557823,0.49572649572649574,0.5333333333333333,0.0,0.7959183673469388,0.20408163265306123,0.1856661216510317,0
GODREJPROP,4,0.85,1124,124,147,2025-02-07,2025-11-20,0.4897959183673469,0.42727272727272725,0.585635359116022,0.4774774774774775,0.7571428571428571,53,58,19,17,0.4217687074829932,0.47619047619047616,0.0,0.5578231292517006,0.0,0.0,0.0,0.0,0.48299319727891155,0.5850340136054422,0.4774774774774775,0.5277777777777778,0.0,0.7551020408163265,0.24489795918367346,7.999995217537031,0
GODREJPROP,5,0.9,1190,132,147,2025-07-15,2026-04-09,0.48299319727891155,0.5215934475055846,0.5957446808510638,0.4666666666666667,0.8235294117647058,56,64,15,12,0.4897959183673469,0.4557823129251701,0.0,0.5510204081632653,0.0,0.0,0.0,0.0,0.48299319727891155,0.5034013605442177,0.4666666666666667,0.5555555555555556,0.0,0.8163265306122449,0.1836734693877551,7.999993417361799,0
GODREJPROP,6,0.95,1256,139,74,2025-11-21,2026-04-09,0.47297297297297297,0.5294117647058822,0.5894736842105263,0.45901639344262296,0.8235294117647058,28,33,7,6,0.527027027027027,0.527027027027027,0.0,0.4864864864864865,0.0,0.0,0.0,0.0,0.5540540540540541,0.44594594594594594,0.45901639344262296,0.5384615384615384,0.0,0.8243243243243243,0.17567567567567569,4.541723699203134,3
ADANIENT,1,0.7,862,95,137,2024-01-02,2024-10-21,0.5182481751824818,0.5895522388059702,0.6632653061224489,0.5038759689922481,0.9701492537313433,65,64,6,2,0.5328467153284672,0.5109489051094891,0.0,0.5766423357664233,0.0,0.0,0.0,0.0,0.48905109489051096,0.49635036496350365,0.5038759689922481,0.75,0.0,0.9416058394160584,0.058394160583941604,0.8070739495290598,0
ADANIENT,2,0.75,924,102,136,2024-05-22,2025-02-20,0.5441176470588235,0.5815972222222222,0.5694444444444444,0.5125,0.640625,41,39,33,23,0.5441176470588235,0.5294117647058824,0.0,0.5441176470588235,0.0,0.0,0.0,0.0,0.5367647058823529,0.4852941176470588,0.5125,0.5892857142857143,0.0,0.5882352941176471,0.4117647058823529,0.29961521632458604,0
ADANIENT,3,0.8,985,109,137,2024-10-22,2025-07-10,0.5474452554744526,0.556503198294243,0.6309523809523809,0.5408163265306123,0.7571428571428571,53,45,22,17,0.46715328467153283,0.5401459854014599,0.0,0.5255474452554745,0.0,0.0,0.0,0.0,0.5109489051094891,0.5693430656934306,0.5408163265306123,0.5641025641025641,0.0,0.7153284671532847,0.2846715328467153,0.3052455597845425,0
ADANIENT,4,0.85,1046,116,137,2025-02-21,2025-11-26,0.5109489051094891,0.5199058219178082,0.54421768707483,0.4819277108433735,0.625,40,43,30,24,0.46715328467153283,0.5182481751824818,0.0,0.5547445255474452,0.0,0.0,0.0,0.0,0.5401459854014599,0.44525547445255476,0.4819277108433735,0.5555555555555556,0.0,0.6058394160583942,0.39416058394160586,0.23579320611122162,0
ADANIENT,5,0.9,1108,123,137,2025-07-11,2026-04-09,0.6277372262773723,0.6040851803563668,0.5565217391304348,0.5714285714285714,0.5423728813559322,32,24,54,27,0.5547445255474452,0.6277372262773723,0.0,0.44525547445255476,0.0,0.0,0.0,0.0,0.5182481751824818,0.43795620437956206,0.5714285714285714,0.6666666666666667,0.0,0.40875912408759124,0.5912408759124088,0.16696186614685965,0
ADANIENT,6,0.95,1170,129,69,2025-11-27,2026-04-09,0.5217391304347826,0.5016891891891891,0.5217391304347826,0.4864864864864865,0.5625,18,19,18,14,0.5362318840579711,0.4927536231884058,0.0,0.42028985507246375,0.0,0.0,0.0,0.0,0.5652173913043478,0.5797101449275363,0.4864864864864865,0.5625,0.0,0.5362318840579711,0.463768115942029,0.14670342649978788,3
DLF,1,0.7,921,102,146,2023-12-01,2024-09-18,0.5068493150684932,0.47286821705426363,0.5555555555555556,0.5921052631578947,0.5232558139534884,45,31,29,41,0.5,0.4041095890410959,0.0,0.5342465753424658,0.0,0.0,0.0,0.0,0.589041095890411,0.5136986301369864,0.5921052631578947,0.41428571428571426,0.0,0.5205479452054794,0.4794520547945205,0.10248039140589996,0
DLF,2,0.75,987,109,146,2024-04-26,2025-01-24,0.5342465753424658,0.51270468661773,0.6565656565656566,0.5371900826446281,0.8441558441558441,65,56,13,12,0.4794520547945205,0.541095890410959,0.0,0.5753424657534246,0.0,0.0,0.0,0.0,0.5273972602739726,0.5068493150684932,0.5371900826446281,0.52,0.0,0.8287671232876712,0.17123287671232876,0.16019061292604686,0
DLF,3,0.8,1053,116,146,2024-09-19,2025-06-16,0.5273972602739726,0.5109022556390977,0.6790697674418604,0.5251798561151079,0.9605263157894737,73,66,4,3,0.4931506849315068,0.4931506849315068,0.0,0.5342465753424658,0.0,0.0,0.0,0.0,0.5273972602739726,0.5,0.5251798561151079,0.5714285714285714,0.0,0.952054794520548,0.04794520547945205,0.183896767882014,0
DLF,4,0.85,1118,124,146,2025-01-27,2025-11-11,0.4794520547945205,0.4761904761904762,0.6274509803921569,0.4740740740740741,0.927536231884058,64,71,6,5,0.4931506849315068,0.4726027397260274,0.0,0.4726027397260274,0.0,0.0,0.0,0.0,0.4589041095890411,0.4726027397260274,0.4740740740740741,0.5454545454545454,0.0,0.9246575342465754,0.07534246575342465,0.32065978091607156,0
DLF,5,0.9,1184,131,147,2025-06-17,2026-04-09,0.4217687074829932,0.4943074003795066,0.5728643216080402,0.41605839416058393,0.9193548387096774,57,80,5,5,0.46938775510204084,0.4217687074829932,0.0,0.4897959183673469,0.0,0.0,0.0,0.0,0.4489795918367347,0.43537414965986393,0.41605839416058393,0.5,0.0,0.9319727891156463,0.06802721088435375,0.5413764191289168,0
DLF,6,0.95,1250,138,74,2025-11-12,2026-04-09,0.4189189189189189,0.478030303030303,0.45569620253164556,0.3673469387755102,0.6,18,31,13,12,0.4189189189189189,0.3918918918918919,0.0,0.4189189189189189,0.0,0.0,0.0,0.0,0.4594594594594595,0.5405405405405406,0.3673469387755102,0.52,0.0,0.6621621621621622,0.33783783783783783,7.999994288560857,3
IRFC,1,0.7,487,54,77,2024-12-19,2025-05-19,0.4675324675324675,0.45810810810810815,0.32786885245901637,0.4166666666666667,0.2702702702702703,10,14,26,27,0.4935064935064935,0.4675324675324675,0.0,0.4935064935064935,0.0,0.0,0.0,0.0,0.5064935064935064,0.5324675324675324,0.4166666666666667,0.49056603773584906,0.0,0.3116883116883117,0.6883116883116883,0.13961233043014792,0
IRFC,2,0.75,522,57,78,2025-03-03,2025-08-05,0.5128205128205128,0.48384970336189853,0.40625,0.48148148148148145,0.35135135135135137,13,14,27,24,0.5384615384615384,0.5128205128205128,0.0,0.44871794871794873,0.0,0.0,0.0,0.0,0.4230769230769231,0.5641025641025641,0.48148148148148145,0.5294117647058824,0.0,0.34615384615384615,0.6538461538461539,0.2166951369943575,0
IRFC,3,0.8,557,61,77,2025-05-20,2025-10-27,0.5064935064935064,0.5215277777777778,0.45714285714285713,0.42105263157894735,0.5,16,22,23,16,0.5454545454545454,0.5844155844155844,0.0,0.4935064935064935,0.0,0.0,0.0,0.0,0.4675324675324675,0.5194805194805194,0.42105263157894735,0.5897435897435898,0.0,0.4935064935064935,0.5064935064935064,1.0627875672587965,0
IRFC,4,0.85,592,65,77,2025-08-07,2026-01-16,0.5454545454545454,0.44459644322845415,0.0,0.0,0.0,0,1,42,34,0.5064935064935064,0.5194805194805194,0.0,0.5194805194805194,0.0,0.0,0.0,0.0,0.5584415584415584,0.5324675324675324,0.0,0.5526315789473684,0.0,0.012987012987012988,0.987012987012987,0.2459720144317446,0
IRFC,5,0.9,626,69,78,2025-10-28,2026-04-09,0.5128205128205128,0.48239202657807306,0.3448275862068966,0.43478260869565216,0.2857142857142857,10,13,30,25,0.46153846153846156,0.48717948717948717,0.0,0.5897435897435898,0.0,0.0,0.0,0.0,0.5512820512820513,0.5256410256410257,0.43478260869565216,0.5454545454545454,0.0,0.2948717948717949,0.7051282051282052,0.14791706788100017,0
IRFC,6,0.95,661,73,39,2026-01-19,2026-04-09,0.6153846153846154,0.6322751322751322,0.6341463414634146,0.5652173913043478,0.7222222222222222,13,10,11,5,0.5641025641025641,0.6153846153846154,0.0,0.4358974358974359,0.0,0.0,0.0,0.0,0.5384615384615384,0.5384615384615384,0.5652173913043478,0.6875,0.0,0.5897435897435898,0.41025641025641024,0.26829359023272037,3
HAL,1,0.7,775,86,123,2024-04-26,2024-11-26,0.4796747967479675,0.488630354309889,0.5675675675675675,0.4827586206896552,0.6885245901639344,42,45,17,19,0.5609756097560976,0.44715447154471544,0.0,0.5609756097560976,0.0,0.0,0.0,0.0,0.5040650406504065,0.4796747967479675,0.4827586206896552,0.4722222222222222,0.0,0.7073170731707317,0.2926829268292683,0.12470459934465547,0
HAL,2,0.75,831,92,123,2024-08-13,2025-03-28,0.5691056910569106,0.5544685351665786,0.6708074534161491,0.54,0.8852459016393442,54,46,16,7,0.5609756097560976,0.4959349593495935,0.0,0.5365853658536586,0.0,0.0,0.0,0.0,0.6016260162601627,0.5040650406504065,0.54,0.6956521739130435,0.0,0.8130081300813008,0.18699186991869918,0.40443907614260977,0
HAL,3,0.8,886,98,123,2024-12-04,2025-07-24,0.5447154471544715,0.5230402542372882,0.6705882352941176,0.5377358490566038,0.890625,57,49,10,7,0.4959349593495935,0.5284552845528455,0.0,0.5528455284552846,0.0,0.0,0.0,0.0,0.5772357723577236,0.4634146341463415,0.5377358490566038,0.5882352941176471,0.0,0.8617886178861789,0.13821138211382114,1.6034457499907446,0
HAL,4,0.85,942,104,123,2025-04-02,2025-12-04,0.5609756097560976,0.553968253968254,0.6666666666666666,0.5294117647058824,0.9,54,48,15,6,0.5609756097560976,0.4878048780487805,0.0,0.4715447154471545,0.0,0.0,0.0,0.0,0.5447154471544715,0.6341463414634146,0.5294117647058824,0.7142857142857143,0.0,0.8292682926829268,0.17073170731707318,0.5884169344338827,0
HAL,5,0.9,997,110,124,2025-07-25,2026-04-09,0.49193548387096775,0.5100182149362478,0.6358381502890174,0.49107142857142855,0.9016393442622951,55,57,6,6,0.5725806451612904,0.49193548387096775,0.0,0.4596774193548387,0.0,0.0,0.0,0.0,0.5564516129032258,0.47580645161290325,0.49107142857142855,0.5,0.0,0.9032258064516129,0.0967741935483871,0.49158308073391516,0
HAL,6,0.95,1053,116,62,2025-12-05,2026-04-09,0.4838709677419355,0.44270833333333337,0.6521739130434783,0.5,0.9375,30,30,0,2,0.4838709677419355,0.532258064516129,0.0,0.5483870967741935,0.0,0.0,0.0,0.0,0.46774193548387094,0.4838709677419355,0.5,0.0,0.0,0.967741935483871,0.03225806451612903,1.6135321160413818,3
OFSS,1,0.7,728,80,116,2024-06-24,2025-01-29,0.5344827586206896,0.5652691049658043,0.5909090909090909,0.52,0.6842105263157895,39,36,23,18,0.49137931034482757,0.49137931034482757,0.0,0.47413793103448276,0.0,0.0,0.0,0.0,0.5,0.47413793103448276,0.52,0.5609756097560976,0.0,0.646551724137931,0.35344827586206895,7.999993325790239,0
OFSS,2,0.75,780,86,115,2024-10-10,2025-05-08,0.40869565217391307,0.4269278606965174,0.46875,0.375,0.625,30,50,17,18,0.4956521739130435,0.41739130434782606,0.0,0.4260869565217391,0.0,0.0,0.0,0.0,0.41739130434782606,0.48695652173913045,0.375,0.48571428571428577,0.0,0.6956521739130435,0.30434782608695654,0.13182976356892945,0
OFSS,3,0.8,832,92,115,2025-01-30,2025-08-25,0.4608695652173913,0.412568306010929,0.29545454545454547,0.38235294117647056,0.24074074074074073,13,21,40,41,0.45217391304347826,0.45217391304347826,0.0,0.45217391304347826,0.0,0.0,0.0,0.0,0.46956521739130436,0.4956521739130435,0.38235294117647056,0.49382716049382713,0.0,0.2956521739130435,0.7043478260869566,0.15881447356258352,0
OFSS,4,0.85,883,98,116,2025-05-09,2025-12-10,0.46551724137931033,0.40297619047619043,0.5571428571428572,0.4642857142857143,0.6964285714285714,39,45,15,17,0.4396551724137931,0.4827586206896552,0.0,0.46551724137931033,0.0,0.0,0.0,0.0,0.5603448275862069,0.5344827586206896,0.4642857142857143,0.46875,0.0,0.7241379310344828,0.27586206896551724,7.999994541611071,0
OFSS,5,0.9,936,103,116,2025-08-26,2026-04-09,0.4827586206896552,0.440422322775264,0.375,0.4,0.35294117647058826,18,27,38,33,0.49137931034482757,0.5172413793103449,0.0,0.4396551724137931,0.0,0.0,0.0,0.0,0.5431034482758621,0.5172413793103449,0.4,0.5352112676056338,0.0,0.3879310344827586,0.6120689655172413,0.16386785066454415,0
OFSS,6,0.95,988,109,58,2025-12-15,2026-04-09,0.603448275862069,0.6145454545454545,0.6461538461538462,0.525,0.84,21,19,14,4,0.39655172413793105,0.5689655172413793,0.0,0.5,0.0,0.0,0.0,0.0,0.41379310344827586,0.5172413793103449,0.525,0.7777777777777778,0.0,0.6896551724137931,0.3103448275862069,0.11398116487781497,3
BEL,1,0.7,790,87,126,2024-04-30,2024-12-17,0.5476190476190477,0.5377049180327869,0.6369426751592356,0.5434782608695652,0.7692307692307693,50,42,19,15,0.5555555555555556,0.5317460317460317,0.0,0.48412698412698413,0.0,0.0,0.0,0.0,0.5158730158730159,0.5555555555555556,0.5434782608695652,0.5588235294117647,0.0,0.7301587301587301,0.2698412698412698,0.1000035356387145,0
BEL,2,0.75,846,94,125,2024-08-20,2025-04-09,0.544,0.556497175141243,0.5899280575539568,0.5125,0.6949152542372882,41,39,27,18,0.496,0.536,0.0,0.464,0.0,0.0,0.0,0.0,0.536,0.584,0.5125,0.6,0.0,0.64,0.36,0.1712087679930712,0
BEL,3,0.8,903,100,125,2024-12-18,2025-08-06,0.496,0.522051282051282,0.6181818181818182,0.4857142857142857,0.85,51,54,11,9,0.384,0.504,0.0,0.544,0.0,0.0,0.0,0.0,0.448,0.488,0.4857142857142857,0.55,0.0,0.84,0.16,0.8027895032947331,0
BEL,4,0.85,959,106,126,2025-04-11,2025-12-01,0.5079365079365079,0.4843434343434343,0.5571428571428572,0.4875,0.65,39,41,25,21,0.5079365079365079,0.47619047619047616,0.0,0.5238095238095238,0.0,0.0,0.0,0.0,0.49206349206349204,0.5079365079365079,0.4875,0.5434782608695652,0.0,0.6349206349206349,0.36507936507936506,0.6384647259592342,0
BEL,5,0.9,1016,112,126,2025-08-07,2026-04-09,0.49206349206349204,0.4861391129032258,0.5151515151515151,0.4857142857142857,0.5483870967741935,34,36,28,28,0.5158730158730159,0.4444444444444444,0.0,0.49206349206349204,0.0,0.0,0.0,0.0,0.5,0.5634920634920635,0.4857142857142857,0.5,0.0,0.5555555555555556,0.4444444444444444,0.27144163894813,0
BEL,6,0.95,1072,119,63,2025-12-02,2026-04-09,0.3968253968253968,0.3424242424242424,0.2962962962962963,0.38095238095238093,0.24242424242424243,8,13,17,25,0.4444444444444444,0.49206349206349204,0.0,0.49206349206349204,0.0,0.0,0.0,0.0,0.47619047619047616,0.49206349206349204,0.38095238095238093,0.40476190476190477,0.0,0.3333333333333333,0.6666666666666666,0.11327993364203422,3
ETERNAL,1,0.7,492,54,78,2025-01-30,2025-06-11,0.5256410256410257,0.5855263157894737,0.6837606837606838,0.5194805194805194,1.0,40,37,1,0,0.5384615384615384,0.5256410256410257,0.0,0.5384615384615384,0.0,0.0,0.0,0.0,0.5256410256410257,0.5128205128205128,0.5194805194805194,1.0,0.0,0.9871794871794872,0.01282051282051282,7.999994442725427,0
ETERNAL,2,0.75,527,58,78,2025-04-09,2025-08-19,0.46153846153846156,0.3920265780730897,0.5227272727272727,0.5111111111111111,0.5348837209302325,23,22,13,20,0.44871794871794873,0.5897435897435898,0.0,0.46153846153846156,0.0,0.0,0.0,0.0,0.46153846153846156,0.4358974358974359,0.5111111111111111,0.3939393939393939,0.0,0.5769230769230769,0.4230769230769231,7.9999947845543335,0
ETERNAL,3,0.8,562,62,78,2025-06-12,2025-11-07,0.3717948717948718,0.3717105263157895,0.14035087719298245,0.21052631578947367,0.10526315789473684,4,15,25,34,0.46153846153846156,0.3974358974358974,0.0,0.5128205128205128,0.0,0.0,0.0,0.0,0.5256410256410257,0.5128205128205128,0.21052631578947367,0.423728813559322,0.0,0.24358974358974358,0.7564102564102564,0.1754530358179171,0
ETERNAL,4,0.85,597,66,78,2025-08-20,2026-01-29,0.5256410256410257,0.5149501661129567,0.6021505376344086,0.4827586206896552,0.8,28,30,13,7,0.46153846153846156,0.48717948717948717,0.0,0.48717948717948717,0.0,0.0,0.0,0.0,0.5128205128205128,0.5,0.4827586206896552,0.65,0.0,0.7435897435897436,0.2564102564102564,0.1296659147385054,0
ETERNAL,5,0.9,632,70,78,2025-11-10,2026-04-09,0.4358974358974359,0.5332875772134523,0.5217391304347826,0.39344262295081966,0.7741935483870968,24,37,10,7,0.46153846153846156,0.5769230769230769,0.0,0.5641025641025641,0.0,0.0,0.0,0.0,0.4230769230769231,0.47435897435897434,0.39344262295081966,0.5882352941176471,0.0,0.782051282051282,0.21794871794871795,7.999994709861225,0
ETERNAL,6,0.95,667,74,39,2026-02-02,2026-04-09,0.3076923076923077,0.24857142857142853,0.18181818181818182,0.15789473684210525,0.21428571428571427,3,16,9,11,0.358974358974359,0.41025641025641024,0.0,0.41025641025641024,0.0,0.0,0.0,0.0,0.6666666666666666,0.6410256410256411,0.15789473684210525,0.44999999999999996,0.0,0.48717948717948717,0.5128205128205128,0.20018925592966566,3
NMDC,1,0.7,785,87,124,2024-05-07,2024-12-05,0.5161290322580645,0.4830729166666667,0.5454545454545454,0.5,0.6,36,36,28,24,0.5403225806451613,0.5161290322580645,0.0,0.5,0.0,0.0,0.0,0.0,0.5483870967741935,0.47580645161290325,0.5,0.5384615384615384,0.0,0.5806451612903226,0.41935483870967744,0.15447755688465872,0
NMDC,2,0.75,841,93,125,2024-08-23,2025-03-27,0.488,0.46798155737704916,0.5733333333333334,0.48314606741573035,0.7049180327868853,43,46,18,18,0.416,0.416,0.0,0.52,0.0,0.0,0.0,0.0,0.488,0.488,0.48314606741573035,0.5,0.0,0.712,0.288,0.29388733011400964,0
NMDC,3,0.8,897,99,125,2024-12-06,2025-07-28,0.448,0.4406779661016949,0.5306122448979592,0.48148148148148145,0.5909090909090909,39,42,17,27,0.496,0.52,0.0,0.512,0.0,0.0,0.0,0.0,0.536,0.408,0.48148148148148145,0.38636363636363635,0.0,0.648,0.352,0.1093713061881736,0
NMDC,4,0.85,954,105,124,2025-03-28,2025-12-10,0.5161290322580645,0.4576271186440678,0.4230769230769231,0.5641025641025641,0.3384615384615385,22,17,42,43,0.46774193548387094,0.47580645161290325,0.0,0.5645161290322581,0.0,0.0,0.0,0.0,0.46774193548387094,0.5161290322580645,0.5641025641025641,0.49411764705882355,0.0,0.31451612903225806,0.6854838709677419,2.364120005441459,0
NMDC,5,0.9,1009,112,125,2025-07-30,2026-04-09,0.512,0.56,0.46956521739130436,0.54,0.4153846153846154,27,23,37,38,0.52,0.48,0.0,0.496,0.0,0.0,0.0,0.0,0.528,0.52,0.54,0.4933333333333333,0.0,0.4,0.6,0.38315139691117805,0
NMDC,6,0.95,1065,118,63,2025-12-11,2026-04-09,0.4444444444444444,0.4336734693877551,0.47761194029850745,0.5,0.45714285714285713,16,16,12,19,0.5396825396825397,0.42857142857142855,0.0,0.5714285714285714,0.0,0.0,0.0,0.0,0.5555555555555556,0.31746031746031744,0.5,0.3870967741935484,0.0,0.5079365079365079,0.49206349206349204,0.27507922911358246,3
NAUKRI,1,0.7,892,99,141,2024-02-09,2024-11-01,0.5673758865248227,0.5292103142626914,0.5196850393700787,0.6111111111111112,0.4520547945205479,33,21,47,40,0.4326241134751773,0.5035460992907801,0.0,0.48936170212765956,0.0,0.0,0.0,0.0,0.48936170212765956,0.5177304964539007,0.6111111111111112,0.5402298850574713,0.0,0.3829787234042553,0.6170212765957447,7.99999400381302,0
NAUKRI,2,0.75,956,106,141,2024-07-02,2025-03-05,0.5035460992907801,0.49818181818181817,0.5512820512820513,0.5308641975308642,0.5733333333333334,43,38,28,32,0.5177304964539007,0.5106382978723404,0.0,0.475177304964539,0.0,0.0,0.0,0.0,0.5319148936170213,0.5319148936170213,0.5308641975308642,0.4666666666666667,0.0,0.574468085106383,0.425531914893617,0.11629515560561117,0
NAUKRI,3,0.8,1019,113,142,2024-11-04,2025-07-09,0.4788732394366197,0.46793726424459,0.5487804878048781,0.4945054945054945,0.6164383561643836,45,46,23,28,0.5140845070422535,0.4859154929577465,0.0,0.49295774647887325,0.0,0.0,0.0,0.0,0.5,0.5492957746478874,0.4945054945054945,0.4509803921568627,0.0,0.6408450704225352,0.3591549295774648,0.16173643278804806,0
NAUKRI,4,0.85,1083,120,142,2025-03-06,2025-11-17,0.5070422535211268,0.5260068811981381,0.5394736842105263,0.45054945054945056,0.6721311475409836,41,50,31,20,0.5422535211267606,0.49295774647887325,0.0,0.4225352112676056,0.0,0.0,0.0,0.0,0.4507042253521127,0.5422535211267606,0.45054945054945056,0.607843137254902,0.0,0.6408450704225352,0.3591549295774648,0.23616112388191357,0
NAUKRI,5,0.9,1147,127,142,2025-07-10,2026-04-09,0.4788732394366197,0.6280041797283176,0.5375,0.4095238095238095,0.7818181818181819,43,62,25,12,0.45774647887323944,0.4014084507042254,0.0,0.5211267605633803,0.0,0.0,0.0,0.0,0.5140845070422535,0.5352112676056338,0.4095238095238095,0.6756756756756757,0.0,0.7394366197183099,0.2605633802816901,0.4247221319025763,0
NAUKRI,6,0.95,1211,134,71,2025-11-18,2026-04-09,0.43661971830985913,0.5049833887043189,0.375,0.3333333333333333,0.42857142857142855,12,24,19,16,0.4084507042253521,0.4507042253521127,0.0,0.43661971830985913,0.0,0.0,0.0,0.0,0.4788732394366197,0.5492957746478874,0.3333333333333333,0.5428571428571429,0.0,0.5070422535211268,0.49295774647887325,7.999993840338812,3
BOSCHLTD,1,0.7,830,92,132,2024-01-10,2024-10-07,0.5681818181818182,0.4622596153846154,0.6850828729281768,0.6138613861386139,0.775,62,39,13,18,0.49242424242424243,0.5378787878787878,0.0,0.4166666666666667,0.0,0.0,0.0,0.0,0.5909090909090909,0.5606060606060606,0.6138613861386139,0.4193548387096774,0.0,0.7651515151515151,0.23484848484848486,0.16712713927716102,0
BOSCHLTD,2,0.75,890,98,132,2024-06-03,2025-02-28,0.5151515151515151,0.488842880147228,0.632183908045977,0.5238095238095238,0.7971014492753623,55,50,13,14,0.4621212121212121,0.5227272727272727,0.0,0.5,0.0,0.0,0.0,0.0,0.5227272727272727,0.4772727272727273,0.5238095238095238,0.4814814814814815,0.0,0.7954545454545454,0.20454545454545456,0.20162693479301555,0
BOSCHLTD,3,0.8,949,105,132,2024-10-08,2025-07-25,0.5606060606060606,0.5575657894736842,0.6947368421052632,0.5789473684210527,0.868421052631579,66,48,8,10,0.5,0.5757575757575758,0.0,0.5454545454545454,0.0,0.0,0.0,0.0,0.553030303030303,0.5681818181818182,0.5789473684210527,0.4444444444444444,0.0,0.8636363636363636,0.13636363636363635,0.27139358307878947,0
BOSCHLTD,4,0.85,1008,112,132,2025-03-03,2025-12-01,0.5757575757575758,0.6374530075187969,0.6666666666666666,0.6086956521739131,0.7368421052631579,56,36,20,20,0.5833333333333334,0.5757575757575758,0.0,0.5606060606060606,0.0,0.0,0.0,0.0,0.44696969696969696,0.6060606060606061,0.6086956521739131,0.5,0.0,0.696969696969697,0.30303030303030304,0.4066801771111317,0
BOSCHLTD,5,0.9,1068,118,132,2025-07-28,2026-04-09,0.5151515151515151,0.5226001863932899,0.5733333333333334,0.4673913043478261,0.7413793103448276,43,49,25,15,0.5303030303030303,0.4393939393939394,0.0,0.6136363636363636,0.0,0.0,0.0,0.0,0.4393939393939394,0.5303030303030303,0.4673913043478261,0.625,0.0,0.696969696969697,0.30303030303030304,0.16353814577977108,0
BOSCHLTD,6,0.95,1127,125,66,2025-12-03,2026-04-09,0.42424242424242425,0.4445488721804511,0.4722222222222222,0.38636363636363635,0.6071428571428571,17,27,11,11,0.5151515151515151,0.42424242424242425,0.0,0.3939393939393939,0.0,0.0,0.0,0.0,0.3787878787878788,0.45454545454545453,0.38636363636363635,0.5,0.0,0.6666666666666666,0.3333333333333333,0.18722710072040027,3
MANAPPURAM,1,0.7,792,88,126,2024-04-04,2024-11-18,0.4365079365079365,0.4022727272727273,0.4580152671755725,0.4225352112676056,0.5,30,41,25,30,0.4365079365079365,0.4365079365079365,0.0,0.4126984126984127,0.0,0.0,0.0,0.0,0.47619047619047616,0.4365079365079365,0.4225352112676056,0.4545454545454546,0.0,0.5634920634920635,0.4365079365079365,0.23099778253336345,0
MANAPPURAM,2,0.75,849,94,126,2024-08-05,2025-03-13,0.5555555555555556,0.5919858870967742,0.6056338028169014,0.5512820512820513,0.671875,43,35,27,21,0.5476190476190477,0.5079365079365079,0.0,0.5555555555555556,0.0,0.0,0.0,0.0,0.5079365079365079,0.5079365079365079,0.5512820512820513,0.5625,0.0,0.6190476190476191,0.38095238095238093,0.3081703592166747,0
MANAPPURAM,3,0.8,906,100,126,2024-11-19,2025-08-05,0.5952380952380952,0.538640475575084,0.6751592356687898,0.6309523809523809,0.726027397260274,53,31,22,20,0.5079365079365079,0.5793650793650794,0.0,0.5555555555555556,0.0,0.0,0.0,0.0,0.5793650793650794,0.4365079365079365,0.6309523809523809,0.5238095238095238,0.0,0.6666666666666666,0.3333333333333333,0.10818765282957102,0
MANAPPURAM,4,0.85,963,106,126,2025-03-18,2025-12-03,0.48412698412698413,0.4926915322580645,0.5323741007194245,0.4805194805194805,0.5967741935483871,37,40,24,25,0.47619047619047616,0.49206349206349204,0.0,0.5317460317460317,0.0,0.0,0.0,0.0,0.5634920634920635,0.5158730158730159,0.4805194805194805,0.4897959183673469,0.0,0.6111111111111112,0.3888888888888889,0.1000035356387145,0
MANAPPURAM,5,0.9,1019,113,126,2025-08-06,2026-04-09,0.4444444444444444,0.5206172527194536,0.4067796610169492,0.4067796610169492,0.4067796610169492,24,35,32,35,0.47619047619047616,0.5238095238095238,0.0,0.5793650793650794,0.0,0.0,0.0,0.0,0.48412698412698413,0.4365079365079365,0.4067796610169492,0.4776119402985075,0.0,0.46825396825396826,0.5317460317460317,0.1788153430265402,0
MANAPPURAM,6,0.95,1076,119,63,2025-12-04,2026-04-09,0.42857142857142855,0.4526209677419355,0.5384615384615384,0.45652173913043476,0.65625,21,25,6,11,0.3968253968253968,0.5079365079365079,0.0,0.47619047619047616,0.0,0.0,0.0,0.0,0.5079365079365079,0.5079365079365079,0.45652173913043476,0.3529411764705882,0.0,0.7301587301587301,0.2698412698412698,0.7164125735228685,3
EXIDEIND,1,0.7,738,82,117,2024-05-10,2024-12-12,0.5128205128205128,0.5610753945061366,0.6545454545454545,0.5094339622641509,0.9152542372881356,54,52,6,5,0.5042735042735043,0.5042735042735043,0.0,0.46153846153846156,0.0,0.0,0.0,0.0,0.47863247863247865,0.5128205128205128,0.5094339622641509,0.5454545454545454,0.0,0.905982905982906,0.09401709401709402,0.126754151690994,0
EXIDEIND,2,0.75,792,87,117,2024-09-06,2025-04-15,0.5384615384615384,0.5435672514619884,0.625,0.5172413793103449,0.7894736842105263,45,42,18,12,0.49572649572649574,0.5213675213675214,0.0,0.5299145299145299,0.0,0.0,0.0,0.0,0.49572649572649574,0.48717948717948717,0.5172413793103449,0.6,0.0,0.7435897435897436,0.2564102564102564,0.1681068982398137,0
EXIDEIND,3,0.8,844,93,117,2024-12-13,2025-08-18,0.5641025641025641,0.5163934426229508,0.6577181208053692,0.5568181818181818,0.8032786885245902,49,39,17,12,0.46153846153846156,0.5213675213675214,0.0,0.4700854700854701,0.0,0.0,0.0,0.0,0.46153846153846156,0.46153846153846156,0.5568181818181818,0.5862068965517242,0.0,0.7521367521367521,0.24786324786324787,7.999994219159137,0
EXIDEIND,4,0.85,897,99,117,2025-04-16,2025-12-15,0.5128205128205128,0.4997077732320281,0.5899280575539568,0.5125,0.6949152542372882,41,39,19,18,0.5042735042735043,0.48717948717948717,0.0,0.48717948717948717,0.0,0.0,0.0,0.0,0.5299145299145299,0.5299145299145299,0.5125,0.5135135135135135,0.0,0.6837606837606838,0.3162393162393162,0.3343537991148522,0
EXIDEIND,5,0.9,949,105,118,2025-08-19,2026-04-09,0.5508474576271186,0.5174129353233831,0.5309734513274337,0.4838709677419355,0.5882352941176471,30,32,35,21,0.4491525423728814,0.4322033898305085,0.0,0.5677966101694916,0.0,0.0,0.0,0.0,0.4915254237288136,0.4915254237288136,0.4838709677419355,0.625,0.0,0.5254237288135594,0.4745762711864407,0.19209375170359316,0
EXIDEIND,6,0.95,1002,111,59,2025-12-16,2026-04-09,0.559322033898305,0.5595238095238095,0.5357142857142857,0.46875,0.625,15,17,18,9,0.5932203389830508,0.4576271186440678,0.0,0.4745762711864407,0.0,0.0,0.0,0.0,0.5423728813559322,0.423728813559322,0.46875,0.6666666666666667,0.0,0.5423728813559322,0.4576271186440678,0.1000035356387145,3
RBLBANK,1,0.7,817,90,129,2024-04-29,2024-12-20,0.43410852713178294,0.4681774349083896,0.5165562913907285,0.43333333333333335,0.639344262295082,39,51,17,22,0.46511627906976744,0.5348837209302325,0.0,0.4496124031007752,0.0,0.0,0.0,0.0,0.5348837209302325,0.4728682170542636,0.43333333333333335,0.4358974358974359,0.0,0.6976744186046512,0.3023255813953488,0.2138312623848819,0
RBLBANK,2,0.75,875,97,129,2024-08-27,2025-04-22,0.4728682170542636,0.5012054001928641,0.5211267605633803,0.4567901234567901,0.6065573770491803,37,44,24,24,0.5116279069767442,0.4728682170542636,0.0,0.5736434108527132,0.0,0.0,0.0,0.0,0.5736434108527132,0.3953488372093023,0.4567901234567901,0.5,0.0,0.627906976744186,0.37209302325581395,0.3859714100715505,0
RBLBANK,3,0.8,933,103,130,2024-12-23,2025-08-13,0.5076923076923077,0.49383301707779886,0.6097560975609756,0.5208333333333334,0.7352941176470589,50,46,16,18,0.5307692307692308,0.5230769230769231,0.0,0.5384615384615384,0.0,0.0,0.0,0.0,0.43846153846153846,0.5230769230769231,0.5208333333333334,0.47058823529411764,0.0,0.7384615384615385,0.26153846153846155,7.999994317793539,0
RBLBANK,4,0.85,991,110,130,2025-04-23,2025-12-10,0.5461538461538461,0.5551609848484849,0.5693430656934306,0.5492957746478874,0.5909090909090909,39,32,32,27,0.5538461538461539,0.5307692307692308,0.0,0.4846153846153846,0.0,0.0,0.0,0.0,0.4846153846153846,0.43846153846153846,0.5492957746478874,0.5423728813559322,0.0,0.5461538461538461,0.45384615384615384,0.31987106538146975,0
RBLBANK,5,0.9,1050,116,130,2025-08-14,2026-04-09,0.5923076923076923,0.5815384615384616,0.6131386861313869,0.5833333333333334,0.6461538461538462,42,30,35,23,0.45384615384615384,0.5461538461538461,0.0,0.47692307692307695,0.0,0.0,0.0,0.0,0.5,0.5,0.5833333333333334,0.603448275862069,0.0,0.5538461538461539,0.4461538461538462,0.5548012606523613,0
RBLBANK,6,0.95,1108,123,65,2025-12-11,2026-04-09,0.49230769230769234,0.5748106060606061,0.37735849056603776,0.5,0.30303030303030304,10,10,22,23,0.47692307692307695,0.49230769230769234,0.0,0.49230769230769234,0.0,0.0,0.0,0.0,0.49230769230769234,0.5076923076923077,0.5,0.48888888888888893,0.0,0.3076923076923077,0.6923076923076923,0.2560424623432282,3
