{
  "window_id": 1,
  "train_ratio": 0.7,
  "acc_all": 0.4827586206896552,
  "acc_conf": 0.47107438016528924,
  "conf_rate": 0.7586206896551724,
  "n_conf": 242,
  "auc": 0.4524390243902439
}