{
  "window_id": 1,
  "train_ratio": 0.7,
  "acc_all": 0.5065359477124183,
  "acc_conf": 0.49122807017543857,
  "conf_rate": 0.7450980392156863,
  "n_conf": 228,
  "auc": 0.4793233082706767
}