{
  "window_id": 1,
  "train_ratio": 0.7,
  "acc_all": 0.48484848484848486,
  "acc_conf": 0.49528301886792453,
  "conf_rate": 0.7138047138047138,
  "n_conf": 212,
  "auc": 0.5004081632653061
}