{
  "window_id": 2,
  "train_ratio": 0.8,
  "acc_all": 0.5031645569620253,
  "acc_conf": 0.4888888888888889,
  "conf_rate": 0.7120253164556962,
  "n_conf": 225,
  "auc": 0.489738656405323
}