{
  "window_id": 3,
  "train_ratio": 0.9,
  "acc_all": 0.5294117647058824,
  "acc_conf": 0.5495495495495496,
  "conf_rate": 0.7254901960784313,
  "n_conf": 111,
  "auc": 0.5426369863013698
}