symbol,feature,group,importance
ABB,crude_ret_5d,Global Macro,141.01696572231185
ABB,nikkei_ret_prev,Global Macro,129.3036462539253
ABB,dxy_ret_prev,Global Macro,128.81599498819435
ABB,garch_vol,Other,127.88363522092503
ABB,crude_ret_20d,Global Macro,118.27621529360982
ABB,us_vix_level,Global Macro,117.98044415092002
ABB,market_regime,Regime,116.4204364035743
ABB,niftybank_ret_5d,Price / Return,116.1282966794125
ABB,skew_10,Statistical,114.13008309308096
ABB,gk_vol_20,Volume,113.37526786514465
ABB,days_to_budget,Indian Calendar,112.69993691397222
ABB,dxy_ret_20d,Global Macro,111.899878958526
ABB,days_to_expiry,Indian Calendar,110.86209110892746
ABB,crude_ret_prev,Global Macro,110.80312818886054
ABB,sp500_ret_prev,Global Macro,110.3601398874273
ABB,dxy_ret_5d,Global Macro,107.75342349722708
ABB,nifty50_ret_5d,Price / Return,105.3241826418656
ABB,niftybank_ret_prev,Price / Return,104.36208487418352
ABB,nikkei_ret_5d,Global Macro,102.18965396297614
ABB,nifty50_ret_20d,Price / Return,102.08102992159401
ABB,niftybank_ret_20d,Price / Return,100.89383320897632
ABB,skew_50,Statistical,99.80926817924276
ABB,sp500_ret_5d,Global Macro,99.46285655661873
ABB,hist_vol_20,Volume,97.98244551107827
ABB,us_vix_regime,Global Macro,97.66644515094555
ABB,earnings_proximity,Other,96.95992845580372
ABB,trend_strength,Regime,91.65884342824526
ABB,garch_surprise,Other,91.54689336710908
ABB,nifty50_ret_prev,Price / Return,91.26398491146944
ABB,us_vix_zscore,Global Macro,87.72671029831781
ABB,atr_ratio_14,Technical,83.04778417092935
ABB,week_of_year_sin,Other,72.91746765169701
ABB,minus_di_14,Other,71.13850380658162
ABB,dist_lo_126,Other,70.5259739286611
ABB,dist_hi_20,Other,69.74884047138302
ABB,alpha_vs_niftybank_1d,Other,67.04583714726859
ABB,dist_lo_52,Other,64.29509673520086
ABB,plus_di_21,Other,63.46018672603312
ABB,is_expiry_week,Indian Calendar,62.20237482375779
ABB,di_diff_21,Other,59.56499889577894
ABB,days_to_earnings,Other,57.79553823174775
ABB,plus_di_14,Other,56.08774947870721
ABB,is_result_season,Indian Calendar,55.057030686438516
ABB,price_sma_50,Technical,52.52590739008568
ABB,garch_vol_regime,Volume,33.84709598444884
ABB,us_vix_spike,Global Macro,31.12013426832857
ABB,is_rbi_week,Indian Calendar,16.62449263486271
ABB,is_budget_week,Indian Calendar,14.35646981024529
ABB,pre_results_drift,Other,11.993464163018317
ABB,post_results_day,Other,5.0827663702155445e-21
ADANIENT,skew_50,Statistical,35.74128647876234
ADANIENT,sector_mom_5d,Other,35.218052774926925
ADANIENT,sector_vol_10d,Volume,31.99564830992985
ADANIENT,earnings_proximity,Other,31.145555913909615
ADANIENT,nikkei_ret_prev,Global Macro,30.68055447162995
ADANIENT,sp500_ret_prev,Global Macro,29.790447796929232
ADANIENT,sector_corr_60d,Other,29.69422672073484
ADANIENT,kurt_20,Statistical,29.445665816317938
ADANIENT,us_vix_level,Global Macro,29.433911973139534
ADANIENT,nifty50_ret_prev,Price / Return,29.046343642384464
ADANIENT,vol_lag_2,Volume,28.81459248890291
ADANIENT,kurt_50,Statistical,26.636881186499075
ADANIENT,skew_10,Statistical,26.61220861399084
ADANIENT,skew_20,Statistical,26.541984863992717
ADANIENT,macd_pct_5_35,Technical,26.475373696713593
ADANIENT,sp500_ret_20d,Global Macro,26.200025002537853
ADANIENT,macd_hist_pct_12_26,Technical,25.332328570106785
ADANIENT,dxy_ret_prev,Global Macro,24.972427822054986
ADANIENT,bb_width_50,Technical,24.81643360712019
ADANIENT,nifty50_ret_5d,Price / Return,24.668924514408214
ADANIENT,hist_vol_10,Volume,24.386188237251833
ADANIENT,hist_vol_50,Volume,24.37020092739034
ADANIENT,sp500_ret_5d,Global Macro,24.325679772756754
ADANIENT,dxy_ret_20d,Global Macro,23.722284789162796
ADANIENT,crude_ret_prev,Global Macro,22.91594499274563
ADANIENT,nifty50_ret_20d,Price / Return,22.51794705152001
ADANIENT,dxy_ret_5d,Global Macro,22.36020096631492
ADANIENT,adx_14,Technical,22.170526121683316
ADANIENT,cross_ratio,Other,21.84397032224597
ADANIENT,days_to_budget,Indian Calendar,21.207508985494027
ADANIENT,dist_lo_252,Other,21.083875472413727
ADANIENT,hist_vol_20,Volume,20.952181636692302
ADANIENT,adx_21,Technical,20.39421975577778
ADANIENT,price_ema_200,Technical,18.556721523485987
ADANIENT,us_vix_zscore,Global Macro,17.908738359205405
ADANIENT,atr_ratio_7,Technical,17.82639409684138
ADANIENT,dist_lo_20,Other,16.765922517970054
ADANIENT,atr_ratio_14,Technical,16.499712413372823
ADANIENT,dist_lo_126,Other,15.987547879460605
ADANIENT,minus_di_14,Other,15.699686019345664
ADANIENT,rsi_14,Technical,15.117884459392442
ADANIENT,week_of_year_cos,Other,13.898590255539492
ADANIENT,days_to_rbi,Indian Calendar,12.96484398893135
ADANIENT,pos_hi_252,Other,12.584643310601406
ADANIENT,days_to_expiry,Indian Calendar,12.179126090924749
ADANIENT,stoch_d_9,Technical,12.11580323017438
ADANIENT,days_to_earnings,Other,11.452172150375574
ADANIENT,us_vix_spike,Global Macro,6.724745924956934
ADANIENT,pre_results_drift,Other,3.3250622721127887
ADANIENT,post_results_day,Other,0.0
ADANIPORTS,vol_ratio_50,Volume,151.13376143602846
ADANIPORTS,nikkei_ret_prev,Global Macro,137.53353305621445
ADANIPORTS,days_to_budget,Indian Calendar,134.01156074972965
ADANIPORTS,skew_50,Statistical,133.73278349728432
ADANIPORTS,nifty50_ret_prev,Price / Return,128.09194501644734
ADANIPORTS,sp500_ret_prev,Global Macro,127.5064637793096
ADANIPORTS,dxy_ret_prev,Global Macro,126.22833561912704
ADANIPORTS,sector_mom_20d,Other,123.88547055448433
ADANIPORTS,sp500_ret_20d,Global Macro,120.72772237710886
ADANIPORTS,kurt_50,Statistical,120.67141347070957
ADANIPORTS,bb_width_10,Technical,116.92630190637308
ADANIPORTS,earnings_proximity,Other,114.39614346443554
ADANIPORTS,adx_14,Technical,114.17271855143451
ADANIPORTS,crude_ret_prev,Global Macro,112.54611884948474
ADANIPORTS,nifty50_ret_5d,Price / Return,111.89384669146898
ADANIPORTS,sp500_ret_5d,Global Macro,97.52732311271069
ADANIPORTS,ret_2d,Price / Return,96.78218484046518
ADANIPORTS,dxy_ret_5d,Global Macro,94.10845951367715
ADANIPORTS,hist_vol_5,Volume,92.07419173536842
ADANIPORTS,hist_vol_50,Volume,91.46279641640783
ADANIPORTS,us_vix_level,Global Macro,91.07911591829166
ADANIPORTS,adx_21,Technical,89.01145001610372
ADANIPORTS,macd_hist_pct_12_26,Technical,88.70604164532692
ADANIPORTS,gk_vol_20,Volume,88.65567831486874
ADANIPORTS,dist_hi_252,Other,85.92559234246121
ADANIPORTS,dxy_ret_20d,Global Macro,84.15537057537155
ADANIPORTS,price_sma_5,Technical,82.97740701117833
ADANIPORTS,price_ema_100,Technical,82.68689370328191
ADANIPORTS,dist_lo_126,Other,69.48773462407337
ADANIPORTS,dist_lo_252,Other,64.93458222181086
ADANIPORTS,days_to_expiry,Indian Calendar,63.774880064726936
ADANIPORTS,atr_ratio_14,Technical,63.654440103503475
ADANIPORTS,us_vix_zscore,Global Macro,63.542535912137524
ADANIPORTS,ret_10d,Price / Return,62.557717965764056
ADANIPORTS,week_of_year_cos,Other,62.45976966490002
ADANIPORTS,price_sma_10,Technical,59.662068604293154
ADANIPORTS,price_ema_50,Technical,57.696310878540956
ADANIPORTS,plus_di_14,Other,57.30622687389049
ADANIPORTS,gk_vol_10,Volume,52.08281813401475
ADANIPORTS,parkinson_10,Other,51.3834763492836
ADANIPORTS,rsi_28,Technical,51.05014677485208
ADANIPORTS,minus_di_14,Other,49.80474757497743
ADANIPORTS,days_to_rbi,Indian Calendar,48.59605368898327
ADANIPORTS,stoch_d_14,Technical,48.15960256459882
ADANIPORTS,willr_14,Other,39.70021859394198
ADANIPORTS,bb_pos_50,Technical,39.45267048850608
ADANIPORTS,days_to_earnings,Other,38.64564521573567
ADANIPORTS,us_vix_spike,Global Macro,23.5563156674691
ADANIPORTS,pre_results_drift,Other,14.043871470330018
ADANIPORTS,post_results_day,Other,0.0
ALKEM,skew_50,Statistical,133.82581694987618
ALKEM,crude_ret_20d,Global Macro,132.13801698141606
ALKEM,crude_ret_prev,Global Macro,129.2722341949494
ALKEM,kurt_20,Statistical,127.67390540805273
ALKEM,crude_ret_5d,Global Macro,124.23419603709739
ALKEM,alpha_vs_niftybank_1d,Other,120.15119159667411
ALKEM,nikkei_ret_prev,Global Macro,112.21024328213822
ALKEM,sp500_ret_prev,Global Macro,111.27455205665323
ALKEM,niftybank_ret_20d,Price / Return,110.27884697777552
ALKEM,nifty50_ret_prev,Price / Return,108.2124977099226
ALKEM,niftybank_ret_5d,Price / Return,102.95418291195226
ALKEM,us_vix_level,Global Macro,102.92693686260877
ALKEM,nifty50_ret_20d,Price / Return,93.66701843669951
ALKEM,sp500_ret_5d,Global Macro,93.34957715544856
ALKEM,dxy_ret_prev,Global Macro,91.50895588389115
ALKEM,bb_width_50,Technical,91.23870019776923
ALKEM,dxy_ret_5d,Global Macro,86.73715173162608
ALKEM,garch_vol,Other,86.57362702787437
ALKEM,nifty50_ret_5d,Price / Return,84.37941774434286
ALKEM,gk_vol_10,Volume,81.57870781973362
ALKEM,hist_vol_20,Volume,81.22805764183093
ALKEM,nikkei_ret_5d,Global Macro,81.01256657414433
ALKEM,trend_strength,Regime,78.94567054517142
ALKEM,cross_ratio,Other,78.94567054517132
ALKEM,days_to_expiry,Indian Calendar,77.4482953672789
ALKEM,earnings_proximity,Other,76.01874505337963
ALKEM,adx_21,Technical,72.43383989999802
ALKEM,gk_vol_20,Volume,71.28408958737019
ALKEM,dxy_ret_20d,Global Macro,70.01305029052963
ALKEM,us_vix_zscore,Global Macro,67.53637655230642
ALKEM,atr_ratio_21,Technical,62.769007649767595
ALKEM,plus_di_14,Other,62.62686977011479
ALKEM,dist_hi_126,Other,56.686396523833025
ALKEM,stoch_d_9,Technical,54.89686898562279
ALKEM,roc_50,Other,54.07372901093938
ALKEM,rsi_21,Technical,51.54986401453635
ALKEM,bb_pos_50,Technical,50.439022856278456
ALKEM,pos_hi_20,Other,50.40123978291591
ALKEM,days_to_rbi,Indian Calendar,50.07100396188952
ALKEM,price_ema_100,Technical,47.50710229678772
ALKEM,macd_pct_12_26,Technical,46.86606416014588
ALKEM,garch_vol_regime,Volume,40.649948781255674
ALKEM,is_expiry_week,Indian Calendar,40.29371402205893
ALKEM,week_of_year_cos,Other,39.634020070738856
ALKEM,days_to_earnings,Other,38.5206813553006
ALKEM,us_vix_spike,Global Macro,24.325049608351378
ALKEM,is_expiry_day,Indian Calendar,12.929684877085085
ALKEM,pre_results_drift,Other,11.13231635535434
ALKEM,is_results_week,Other,7.8694658571861735
ALKEM,post_results_day,Other,1.0158834350280956e-28
AMBUJACEM,kurt_50,Statistical,27.153230199806558
AMBUJACEM,kurt_20,Statistical,27.024370133363917
AMBUJACEM,obv_ratio,Technical,23.217974514709443
AMBUJACEM,earnings_proximity,Other,22.253375545205
AMBUJACEM,nikkei_ret_prev,Global Macro,20.28033811789796
AMBUJACEM,nifty50_ret_prev,Price / Return,19.753858614671696
AMBUJACEM,bb_width_50,Technical,19.597468420931047
AMBUJACEM,us_vix_level,Global Macro,19.412073257995843
AMBUJACEM,sp500_ret_prev,Global Macro,18.488654376932388
AMBUJACEM,bb_width_20,Technical,17.005408176925318
AMBUJACEM,parkinson_10,Other,16.455833157694446
AMBUJACEM,macd_hist_pct_5_35,Technical,16.336728717485368
AMBUJACEM,days_to_budget,Indian Calendar,15.964893873990825
AMBUJACEM,nifty50_ret_5d,Price / Return,15.790661898860185
AMBUJACEM,hist_vol_10,Volume,15.467619688548492
AMBUJACEM,sp500_ret_20d,Global Macro,14.730288471856722
AMBUJACEM,dxy_ret_prev,Global Macro,14.3820090286975
AMBUJACEM,macd_signal_pct_12_26,Technical,14.080113450051751
AMBUJACEM,ret_5d,Price / Return,13.805421166848745
AMBUJACEM,atr_ratio_14,Technical,13.673657248016028
AMBUJACEM,sp500_ret_5d,Global Macro,13.390409306289323
AMBUJACEM,plus_di_21,Other,12.11603250096126
AMBUJACEM,week_of_year_cos,Other,11.77734049314709
AMBUJACEM,rsi_28,Technical,11.4906413901418
AMBUJACEM,adx_14,Technical,11.224819668924471
AMBUJACEM,price_sma_20,Technical,11.199980964563665
AMBUJACEM,mon_cos,Other,11.022675419575577
AMBUJACEM,dist_lo_252,Other,10.746579331423609
AMBUJACEM,dxy_ret_5d,Global Macro,10.402933505996785
AMBUJACEM,dist_lo_52,Other,10.317797040047193
AMBUJACEM,us_vix_zscore,Global Macro,10.260869634174549
AMBUJACEM,dist_hi_126,Other,9.812333602209788
AMBUJACEM,dxy_ret_20d,Global Macro,9.745662098406306
AMBUJACEM,dist_lo_126,Other,9.73531687868532
AMBUJACEM,crude_ret_prev,Global Macro,9.648527169136988
AMBUJACEM,adx_21,Technical,9.062940287347052
AMBUJACEM,cross_ratio,Other,8.992464939664625
AMBUJACEM,pos_hi_252,Other,8.964663062024531
AMBUJACEM,days_to_earnings,Other,8.453947035223528
AMBUJACEM,dist_hi_252,Other,8.322157575140713
AMBUJACEM,price_sma_200,Technical,8.032820719446859
AMBUJACEM,pos_hi_52,Other,7.091710883161898
AMBUJACEM,zscore_20,Statistical,7.006053681676223
AMBUJACEM,bb_pos_20,Technical,7.006053681668127
AMBUJACEM,week_of_year_sin,Other,6.695051026842845
AMBUJACEM,trend_cons,Regime,6.127822153662149
AMBUJACEM,days_to_rbi,Indian Calendar,6.087841674726112
AMBUJACEM,us_vix_spike,Global Macro,3.984558814738817
AMBUJACEM,pre_results_drift,Other,2.1948355551573098
AMBUJACEM,post_results_day,Other,0.0
ASIANPAINT,niftybank_ret_20d,Price / Return,158.76692097684918
ASIANPAINT,sp500_ret_prev,Global Macro,148.2989666714542
ASIANPAINT,dxy_ret_prev,Global Macro,143.85556921561394
ASIANPAINT,nifty50_ret_prev,Price / Return,136.9321825739037
ASIANPAINT,crude_ret_prev,Global Macro,136.14679447857358
ASIANPAINT,nikkei_ret_prev,Global Macro,134.49399457503645
ASIANPAINT,skew_20,Statistical,127.11972399585386
ASIANPAINT,crude_ret_5d,Global Macro,127.05821655499958
ASIANPAINT,adx_14,Technical,126.27223931283147
ASIANPAINT,dxy_ret_5d,Global Macro,122.03957200131696
ASIANPAINT,sector_vol_10d,Volume,120.97977841999887
ASIANPAINT,us_vix_level,Global Macro,119.81167181419963
ASIANPAINT,days_to_budget,Indian Calendar,119.67971075340223
ASIANPAINT,skew_50,Statistical,115.5614541652888
ASIANPAINT,dxy_ret_20d,Global Macro,115.13419871711912
ASIANPAINT,rel_strength_1d,Other,113.29548367674379
ASIANPAINT,cross_ratio,Other,108.67626614612763
ASIANPAINT,sector_corr_60d,Other,105.85582846760619
ASIANPAINT,bb_width_50,Technical,105.40190761533265
ASIANPAINT,nifty50_ret_5d,Price / Return,102.29751411050262
ASIANPAINT,days_to_expiry,Indian Calendar,100.38970771133728
ASIANPAINT,us_vix_zscore,Global Macro,100.19445326134598
ASIANPAINT,ret_1d,Price / Return,98.00100431211129
ASIANPAINT,gk_vol_20,Volume,95.10385967737078
ASIANPAINT,sp500_ret_5d,Global Macro,94.9987809530128
ASIANPAINT,adx_21,Technical,92.420192757953
ASIANPAINT,macd_hist_pct_5_35,Technical,92.31537373379798
ASIANPAINT,earnings_proximity,Other,92.01353794769693
ASIANPAINT,sector_corr_30d,Other,90.2430215068454
ASIANPAINT,price_sma_200,Technical,88.23835770826193
ASIANPAINT,rsi_28,Technical,81.4168951846905
ASIANPAINT,plus_di_14,Other,76.39184241496699
ASIANPAINT,days_to_rbi,Indian Calendar,73.81532925954946
ASIANPAINT,dist_lo_52,Other,72.21561282811723
ASIANPAINT,vol_ratio_50,Volume,66.37526745832797
ASIANPAINT,week_of_year_cos,Other,63.19765363935356
ASIANPAINT,vol_ratio_10,Volume,62.08646500406082
ASIANPAINT,rsi_7,Technical,58.32296958982663
ASIANPAINT,vol_ratio_20,Volume,57.21916641872398
ASIANPAINT,stoch_d_9,Technical,56.922317349400195
ASIANPAINT,pos_hi_52,Other,56.05962745052262
ASIANPAINT,week_of_year_sin,Other,55.60748363060522
ASIANPAINT,price_sma_20,Technical,52.79225101156423
ASIANPAINT,cci_14,Technical,52.21879303250688
ASIANPAINT,stoch_k_9,Technical,49.69221854917306
ASIANPAINT,pos_hi_20,Other,44.9484784725574
ASIANPAINT,us_vix_spike,Global Macro,42.06665533279014
ASIANPAINT,days_to_earnings,Other,40.27707838009455
ASIANPAINT,pre_results_drift,Other,10.813177993455115
ASIANPAINT,post_results_day,Other,0.0
AUBANK,cross_ratio,Other,146.48886683163255
AUBANK,skew_50,Statistical,144.5027389817702
AUBANK,kurt_20,Statistical,141.0368705285071
AUBANK,kurt_50,Statistical,140.17703715093887
AUBANK,bb_width_10,Technical,139.4419475494103
AUBANK,crude_ret_prev,Global Macro,138.31738822288509
AUBANK,obv_ratio,Technical,137.5153315918131
AUBANK,crude_ret_20d,Global Macro,134.69028684698893
AUBANK,dist_hi_252,Other,134.63732236681412
AUBANK,sector_vol_10d,Volume,129.07278354552474
AUBANK,ret_lag_2,Price / Return,127.24760062508388
AUBANK,crude_ret_5d,Global Macro,125.25071757655111
AUBANK,niftybank_ret_5d,Price / Return,122.53468024123715
AUBANK,sp500_ret_prev,Global Macro,122.41304001604405
AUBANK,niftybank_ret_prev,Price / Return,115.37127922420964
AUBANK,sp500_ret_20d,Global Macro,115.36439730624086
AUBANK,earnings_proximity,Other,107.3204146499818
AUBANK,nifty50_ret_5d,Price / Return,103.97313142081428
AUBANK,skew_20,Statistical,103.7741372253039
AUBANK,skew_10,Statistical,102.91006788827202
AUBANK,dxy_ret_prev,Global Macro,102.36577306923546
AUBANK,nifty50_ret_prev,Price / Return,101.58993967232702
AUBANK,nikkei_ret_prev,Global Macro,101.33187542562374
AUBANK,macd_hist_pct_12_26,Technical,99.81277166840803
AUBANK,adx_14,Technical,96.89676690975091
AUBANK,dxy_ret_5d,Global Macro,96.31951739773012
AUBANK,sp500_ret_5d,Global Macro,95.64186017311383
AUBANK,niftybank_ret_20d,Price / Return,94.49030063760199
AUBANK,sector_mom_20d,Other,86.82500405708036
AUBANK,adx_21,Technical,86.11706061227565
AUBANK,us_vix_level,Global Macro,85.08588896612844
AUBANK,nifty50_ret_20d,Price / Return,81.71333892262734
AUBANK,sector_corr_30d,Other,81.54027456582614
AUBANK,sector_corr_60d,Other,80.3220909561871
AUBANK,dxy_ret_20d,Global Macro,79.83809150853907
AUBANK,us_vix_zscore,Global Macro,75.56651310331213
AUBANK,pos_hi_126,Other,55.31419279888358
AUBANK,stoch_d_9,Technical,54.86991122150872
AUBANK,stoch_d_14,Technical,51.96042662228605
AUBANK,days_to_rbi,Indian Calendar,45.149609511078175
AUBANK,days_to_expiry,Indian Calendar,41.24352838668045
AUBANK,days_to_earnings,Other,41.12958220960565
AUBANK,week_of_year_cos,Other,40.44351372775227
AUBANK,us_vix_spike,Global Macro,27.24775811666943
AUBANK,is_rbi_week,Indian Calendar,14.488395755819777
AUBANK,pre_results_drift,Other,11.715143007003437
AUBANK,post_results_day,Other,0.0
AUROPHARMA,kurt_50,Statistical,333.6803775446406
AUROPHARMA,crude_ret_5d,Global Macro,328.6719327668368
AUROPHARMA,sp500_ret_prev,Global Macro,319.81469735881586
AUROPHARMA,vol_lag_1,Volume,312.43997163283416
AUROPHARMA,nifty50_ret_prev,Price / Return,311.727834962167
AUROPHARMA,crude_ret_prev,Global Macro,307.7311613551343
AUROPHARMA,nikkei_ret_prev,Global Macro,305.0300389011658
AUROPHARMA,kurt_20,Statistical,297.985982205039
AUROPHARMA,kurt_10,Statistical,293.8651601382743
AUROPHARMA,skew_10,Statistical,288.45960935803856
AUROPHARMA,skew_50,Statistical,285.62753562946824
AUROPHARMA,macd_hist_pct_12_26,Technical,283.16955268291287
AUROPHARMA,bb_width_10,Technical,281.89852626527664
AUROPHARMA,sector_corr_60d,Other,279.08531249195784
AUROPHARMA,vol_lag_20,Volume,278.74325805905255
AUROPHARMA,hist_vol_50,Volume,275.34443571547877
AUROPHARMA,niftybank_ret_20d,Price / Return,269.9773452713452
AUROPHARMA,bb_width_50,Technical,258.85122822681456
AUROPHARMA,earnings_proximity,Other,248.3544791683371
AUROPHARMA,dxy_ret_prev,Global Macro,243.34045887819974
AUROPHARMA,skew_20,Statistical,237.8574556121808
AUROPHARMA,bb_width_20,Technical,234.57680400159146
AUROPHARMA,niftybank_ret_5d,Price / Return,226.1810349788909
AUROPHARMA,sector_vol_10d,Volume,224.5786763539054
AUROPHARMA,cross_ratio,Other,223.6714178311275
AUROPHARMA,dxy_ret_5d,Global Macro,222.2444396775556
AUROPHARMA,sp500_ret_5d,Global Macro,216.39009696081587
AUROPHARMA,us_vix_level,Global Macro,215.06560562691482
AUROPHARMA,nasdaq_ret_5d,Global Macro,211.79116063987755
AUROPHARMA,hist_vol_20,Volume,206.59769961415984
AUROPHARMA,adx_21,Technical,205.17400471312777
AUROPHARMA,price_sma_200,Technical,202.81425161564687
AUROPHARMA,dxy_ret_20d,Global Macro,202.69008431822763
AUROPHARMA,adx_14,Technical,199.67619514776797
AUROPHARMA,nifty50_ret_5d,Price / Return,192.4661068922535
AUROPHARMA,gk_vol_20,Volume,185.47700665331996
AUROPHARMA,dist_lo_252,Other,181.74401440785832
AUROPHARMA,atr_ratio_7,Technical,180.8298389398625
AUROPHARMA,roc_50,Other,179.20205842038604
AUROPHARMA,minus_di_14,Other,178.7613902759629
AUROPHARMA,stoch_d_9,Technical,152.3273205179423
AUROPHARMA,us_vix_zscore,Global Macro,152.2299305142215
AUROPHARMA,atr_ratio_14,Technical,151.31658882032522
AUROPHARMA,week_of_year_sin,Other,136.94619524510404
AUROPHARMA,days_to_earnings,Other,121.10493666914986
AUROPHARMA,week_of_year_cos,Other,113.41989146811996
AUROPHARMA,days_to_expiry,Indian Calendar,111.80665033892443
AUROPHARMA,us_vix_spike,Global Macro,49.44172075594386
AUROPHARMA,pre_results_drift,Other,27.17859677430234
AUROPHARMA,post_results_day,Other,0.0
AXISBANK,kurt_50,Statistical,128.07004424591824
AXISBANK,cross_ratio,Other,118.62712435984709
AXISBANK,skew_20,Statistical,113.61033693515357
AXISBANK,bb_width_50,Technical,112.25563182098465
AXISBANK,nikkei_ret_prev,Global Macro,110.12846430460706
AXISBANK,crude_ret_5d,Global Macro,109.6905939969978
AXISBANK,kurt_10,Statistical,107.36647702775153
AXISBANK,ret_10d,Price / Return,105.41052428876671
AXISBANK,sp500_ret_prev,Global Macro,105.13602387890417
AXISBANK,skew_50,Statistical,104.60206144439945
AXISBANK,adx_14,Technical,103.24701326753961
AXISBANK,dist_lo_126,Other,99.52195137679492
AXISBANK,days_to_budget,Indian Calendar,98.89309191444507
AXISBANK,crude_ret_prev,Global Macro,98.49290759380631
AXISBANK,niftybank_ret_5d,Price / Return,91.63687820050215
AXISBANK,nikkei_ret_5d,Global Macro,88.54327781253299
AXISBANK,dxy_ret_prev,Global Macro,87.9507526800501
AXISBANK,kurt_20,Statistical,87.76708068941295
AXISBANK,earnings_proximity,Other,87.51285455145837
AXISBANK,dxy_ret_5d,Global Macro,85.72959570516169
AXISBANK,sp500_ret_5d,Global Macro,85.23623475738675
AXISBANK,sector_vol_10d,Volume,84.7264682232202
AXISBANK,nifty50_ret_5d,Price / Return,82.09633925679199
AXISBANK,sector_corr_30d,Other,80.76422747537298
AXISBANK,mon_sin,Other,80.58143059730618
AXISBANK,niftybank_ret_prev,Price / Return,78.72453459532883
AXISBANK,us_vix_level,Global Macro,78.47001281487172
AXISBANK,sp500_ret_20d,Global Macro,77.66975481353592
AXISBANK,niftybank_ret_20d,Price / Return,77.37649211972015
AXISBANK,sector_corr_60d,Other,77.36784602770643
AXISBANK,week_of_year_sin,Other,77.30748650883082
AXISBANK,plus_di_21,Other,76.30251403651238
AXISBANK,dxy_ret_20d,Global Macro,76.25915335141708
AXISBANK,nifty50_ret_prev,Price / Return,72.57745935739705
AXISBANK,macd_pct_12_26,Technical,71.90644203139409
AXISBANK,nifty50_ret_20d,Price / Return,71.61966994702331
AXISBANK,di_diff_14,Other,69.57934115362545
AXISBANK,rsi_7,Technical,66.5019122088855
AXISBANK,us_vix_zscore,Global Macro,65.13283830356427
AXISBANK,pos_hi_126,Other,57.967861949791825
AXISBANK,week_of_year_cos,Other,52.444454399929576
AXISBANK,days_to_rbi,Indian Calendar,50.587479539997446
AXISBANK,days_to_earnings,Other,32.92296753683428
AXISBANK,us_vix_spike,Global Macro,23.840409468265904
AXISBANK,is_rbi_week,Indian Calendar,15.175863665370224
AXISBANK,pre_results_drift,Other,12.425456046204143
AXISBANK,post_results_day,Other,0.0
BAJAJ-AUTO,crude_ret_5d,Global Macro,36.25780507345858
BAJAJ-AUTO,crude_ret_20d,Global Macro,31.122131234913212
BAJAJ-AUTO,kurt_50,Statistical,30.984294025434927
BAJAJ-AUTO,obv_ratio,Technical,30.622791003598792
BAJAJ-AUTO,sp500_ret_prev,Global Macro,29.179261912151297
BAJAJ-AUTO,dxy_ret_prev,Global Macro,28.994183293323214
BAJAJ-AUTO,ret_1d,Price / Return,28.316232690406714
BAJAJ-AUTO,skew_50,Statistical,27.77996373884373
BAJAJ-AUTO,nikkei_ret_prev,Global Macro,27.342913427604365
BAJAJ-AUTO,crude_ret_prev,Global Macro,27.33563305969888
BAJAJ-AUTO,kurt_10,Statistical,27.123965903977044
BAJAJ-AUTO,niftybank_ret_20d,Price / Return,25.35233416772807
BAJAJ-AUTO,sector_mom_20d,Other,23.37597557110879
BAJAJ-AUTO,dxy_ret_20d,Global Macro,23.076420167572543
BAJAJ-AUTO,dxy_ret_5d,Global Macro,22.075486291886225
BAJAJ-AUTO,us_vix_level,Global Macro,20.929922954368823
BAJAJ-AUTO,nifty50_ret_prev,Price / Return,19.953256402027932
BAJAJ-AUTO,bb_width_50,Technical,18.788218397130994
BAJAJ-AUTO,parkinson_20,Other,18.42739246604783
BAJAJ-AUTO,dist_lo_126,Other,18.047600265876152
BAJAJ-AUTO,hist_vol_10,Volume,17.645850911365535
BAJAJ-AUTO,us_vix_zscore,Global Macro,17.443488763238406
BAJAJ-AUTO,nifty50_ret_5d,Price / Return,17.142170310114413
BAJAJ-AUTO,dist_lo_252,Other,16.799334962226418
BAJAJ-AUTO,sector_corr_30d,Other,16.777835870379917
BAJAJ-AUTO,atr_ratio_7,Technical,16.774573732963812
BAJAJ-AUTO,cross_ratio,Other,16.738696569437487
BAJAJ-AUTO,trend_cons,Regime,16.410060819575982
BAJAJ-AUTO,bb_width_20,Technical,16.147026610874082
BAJAJ-AUTO,pos_hi_252,Other,15.399594364577956
BAJAJ-AUTO,earnings_proximity,Other,15.027795319004827
BAJAJ-AUTO,sp500_ret_5d,Global Macro,14.883407788757657
BAJAJ-AUTO,nasdaq_ret_5d,Global Macro,13.812141589771562
BAJAJ-AUTO,week_of_year_cos,Other,13.679773734868467
BAJAJ-AUTO,adx_21,Technical,13.672941460290078
BAJAJ-AUTO,dist_hi_20,Other,13.65378531932284
BAJAJ-AUTO,hist_vol_20,Volume,13.37030697239632
BAJAJ-AUTO,minus_di_21,Other,12.613699420817392
BAJAJ-AUTO,rsi_21,Technical,12.454706086903652
BAJAJ-AUTO,cci_20,Technical,12.386864039632107
BAJAJ-AUTO,days_to_rbi,Indian Calendar,12.224018017039452
BAJAJ-AUTO,dist_lo_52,Other,11.936487625897474
BAJAJ-AUTO,macd_pct_5_35,Technical,11.326275578948373
BAJAJ-AUTO,ret_20d,Price / Return,10.993018814306273
BAJAJ-AUTO,stoch_k_21,Technical,10.948724725480469
BAJAJ-AUTO,price_ema_20,Technical,10.892414373620161
BAJAJ-AUTO,days_to_earnings,Other,6.790333186532805
BAJAJ-AUTO,us_vix_spike,Global Macro,6.77357627585066
BAJAJ-AUTO,pre_results_drift,Other,2.1979576276040387
BAJAJ-AUTO,post_results_day,Other,0.0
BAJAJFINSV,crude_ret_5d,Global Macro,11.971234384570485
BAJAJFINSV,bb_width_10,Technical,11.58641913680218
BAJAJFINSV,vol_lag_2,Volume,11.467320547537213
BAJAJFINSV,earnings_proximity,Other,11.179597406245444
BAJAJFINSV,kurt_50,Statistical,10.498199733621115
BAJAJFINSV,bb_width_20,Technical,10.405970408549456
BAJAJFINSV,dxy_ret_prev,Global Macro,10.39441255639098
BAJAJFINSV,sp500_ret_prev,Global Macro,10.366474067175576
BAJAJFINSV,crude_ret_prev,Global Macro,10.123825889838011
BAJAJFINSV,skew_20,Statistical,9.926542112853975
BAJAJFINSV,alpha_vs_niftybank_1d,Other,9.41584238208317
BAJAJFINSV,nikkei_ret_prev,Global Macro,9.070156291117756
BAJAJFINSV,dxy_ret_5d,Global Macro,8.63868693864178
BAJAJFINSV,niftybank_ret_20d,Price / Return,8.457575435507135
BAJAJFINSV,macd_hist_pct_12_26,Technical,8.452244776166925
BAJAJFINSV,nikkei_ret_5d,Global Macro,8.417613230514755
BAJAJFINSV,sp500_ret_20d,Global Macro,7.935677286809915
BAJAJFINSV,price_sma_5,Technical,7.865880462818496
BAJAJFINSV,skew_50,Statistical,7.7531610978517
BAJAJFINSV,niftybank_ret_prev,Price / Return,7.617076135450035
BAJAJFINSV,dist_hi_252,Other,7.5904294433441075
BAJAJFINSV,niftybank_ret_5d,Price / Return,7.404876884106504
BAJAJFINSV,sp500_ret_5d,Global Macro,7.364265407547304
BAJAJFINSV,dxy_ret_20d,Global Macro,7.334081259235658
BAJAJFINSV,price_ema_200,Technical,7.039626725948598
BAJAJFINSV,adx_21,Technical,6.938418631548466
BAJAJFINSV,dist_lo_252,Other,6.349237354606336
BAJAJFINSV,nifty50_ret_prev,Price / Return,6.214264437349448
BAJAJFINSV,price_sma_100,Technical,6.168775496302917
BAJAJFINSV,nifty50_ret_5d,Price / Return,6.134630414630958
BAJAJFINSV,gk_vol_20,Volume,6.119504798768489
BAJAJFINSV,hist_vol_20,Volume,6.03979550407222
BAJAJFINSV,parkinson_20,Other,6.016893162434861
BAJAJFINSV,plus_di_21,Other,5.983571039349271
BAJAJFINSV,atr_ratio_21,Technical,5.769025234060856
BAJAJFINSV,us_vix_level,Global Macro,5.6912056304772
BAJAJFINSV,us_vix_zscore,Global Macro,5.458355008167798
BAJAJFINSV,cci_14,Technical,5.136782348630047
BAJAJFINSV,sector_corr_30d,Other,4.965186595961849
BAJAJFINSV,days_to_earnings,Other,4.7254275023396755
BAJAJFINSV,stoch_d_21,Technical,4.2317380625536405
BAJAJFINSV,days_to_rbi,Indian Calendar,3.8380352147151147
BAJAJFINSV,week_of_year_cos,Other,3.434411085194993
BAJAJFINSV,us_vix_spike,Global Macro,2.1196202135381905
BAJAJFINSV,pre_results_drift,Other,1.121552777565345
BAJAJFINSV,is_rbi_week,Indian Calendar,1.0040110647587923
BAJAJFINSV,post_results_day,Other,0.0
BAJFINANCE,kurt_50,Statistical,36.393541771659805
BAJFINANCE,crude_ret_5d,Global Macro,33.66433791591671
BAJFINANCE,bb_width_20,Technical,33.57238212039342
BAJFINANCE,crude_ret_20d,Global Macro,32.611181971514696
BAJFINANCE,crude_ret_prev,Global Macro,32.51171693747537
BAJFINANCE,niftybank_ret_5d,Price / Return,32.07584263327144
BAJFINANCE,nikkei_ret_prev,Global Macro,31.85111654435785
BAJFINANCE,nifty50_ret_20d,Price / Return,31.451063343795198
BAJFINANCE,dxy_ret_prev,Global Macro,30.933476470433234
BAJFINANCE,niftybank_ret_prev,Price / Return,30.766244808085073
BAJFINANCE,us_vix_ret_1d,Global Macro,29.476681956339423
BAJFINANCE,niftybank_ret_20d,Price / Return,28.780463741183297
BAJFINANCE,earnings_proximity,Other,28.701149134948956
BAJFINANCE,garch_surprise,Other,28.305311242869138
BAJFINANCE,cross_ratio,Other,27.162289867315398
BAJFINANCE,alpha_vs_niftybank_1d,Other,25.935752011186057
BAJFINANCE,sp500_ret_prev,Global Macro,25.78246162492552
BAJFINANCE,us_vix_level,Global Macro,25.705572600287198
BAJFINANCE,nifty50_ret_5d,Price / Return,25.69972734601073
BAJFINANCE,us_vix_regime,Global Macro,25.470962514924995
BAJFINANCE,dxy_ret_20d,Global Macro,25.188655918710428
BAJFINANCE,nasdaq_ret_prev,Global Macro,25.086352432911596
BAJFINANCE,sp500_ret_5d,Global Macro,23.922207015790114
BAJFINANCE,nifty50_ret_prev,Price / Return,23.914251628588357
BAJFINANCE,dxy_ret_5d,Global Macro,23.49246637648289
BAJFINANCE,garch_vol,Other,23.044228352880463
BAJFINANCE,nikkei_ret_5d,Global Macro,22.843165713235052
BAJFINANCE,atr_ratio_7,Technical,22.803510110370112
BAJFINANCE,sector_mom_5d,Other,22.07001001987428
BAJFINANCE,nasdaq_ret_5d,Global Macro,21.75387312739988
BAJFINANCE,pos_hi_252,Other,20.475838664346043
BAJFINANCE,us_vix_zscore,Global Macro,19.278516223288626
BAJFINANCE,days_to_expiry,Indian Calendar,18.983578943990018
BAJFINANCE,sector_corr_30d,Other,13.279057464013158
BAJFINANCE,days_to_earnings,Other,12.683679327235687
BAJFINANCE,week_of_year_cos,Other,12.613608471285968
BAJFINANCE,days_to_rbi,Indian Calendar,10.392673517220102
BAJFINANCE,week_of_year_sin,Other,9.630599388496705
BAJFINANCE,is_expiry_week,Indian Calendar,9.21163439061656
BAJFINANCE,us_vix_spike,Global Macro,8.084731356310659
BAJFINANCE,garch_vol_regime,Volume,7.58928638336533
BAJFINANCE,is_result_season,Indian Calendar,6.852850281377284
BAJFINANCE,is_rbi_week,Indian Calendar,3.3408692872055665
BAJFINANCE,is_expiry_day,Indian Calendar,2.951098706245067
BAJFINANCE,pre_results_drift,Other,2.6461262961531116
BAJFINANCE,is_budget_week,Indian Calendar,1.5082382007030897
BAJFINANCE,post_results_day,Other,6.152855276988319e-21
BANDHANBNK,obv_ratio,Technical,3.4776906328120267
BANDHANBNK,kurt_20,Statistical,3.469391839381573
BANDHANBNK,dxy_ret_prev,Global Macro,2.971324367049351
BANDHANBNK,niftybank_ret_prev,Price / Return,2.6684927732958705
BANDHANBNK,dist_hi_252,Other,2.587094431835515
BANDHANBNK,dxy_ret_5d,Global Macro,2.499089189010551
BANDHANBNK,sp500_ret_5d,Global Macro,2.4972320686625937
BANDHANBNK,nifty50_ret_prev,Price / Return,2.4817349982067105
BANDHANBNK,cross_ratio,Other,2.3505353142218697
BANDHANBNK,crude_ret_20d,Global Macro,2.3494878621539876
BANDHANBNK,hist_vol_5,Volume,2.2595239591513225
BANDHANBNK,dxy_ret_20d,Global Macro,2.193320871740963
BANDHANBNK,bb_width_50,Technical,2.12986821754824
BANDHANBNK,macd_hist_pct_12_26,Technical,2.0720126697903747
BANDHANBNK,sector_mom_20d,Other,1.9767038375869457
BANDHANBNK,hist_vol_10,Volume,1.9757964033697044
BANDHANBNK,sp500_ret_prev,Global Macro,1.9725347044408554
BANDHANBNK,niftybank_ret_20d,Price / Return,1.9712934611600157
BANDHANBNK,earnings_proximity,Other,1.9488478168941836
BANDHANBNK,nikkei_ret_prev,Global Macro,1.9320867298750113
BANDHANBNK,crude_ret_5d,Global Macro,1.9021451776324618
BANDHANBNK,us_vix_zscore,Global Macro,1.8805644307046254
BANDHANBNK,niftybank_ret_5d,Price / Return,1.8684680959946143
BANDHANBNK,dist_lo_252,Other,1.7264411213225888
BANDHANBNK,price_sma_200,Technical,1.7247694910266762
BANDHANBNK,nifty50_ret_5d,Price / Return,1.671323645799494
BANDHANBNK,hist_vol_20,Volume,1.6436198430443159
BANDHANBNK,crude_ret_prev,Global Macro,1.5818961814856718
BANDHANBNK,price_ema_200,Technical,1.5190354956878207
BANDHANBNK,skew_20,Statistical,1.453506022289213
BANDHANBNK,gk_vol_20,Volume,1.4448718105614338
BANDHANBNK,price_ema_100,Technical,1.3874219501401917
BANDHANBNK,sector_corr_30d,Other,1.3825664097072403
BANDHANBNK,skew_10,Statistical,1.279866266725047
BANDHANBNK,sector_corr_60d,Other,1.2701894592684897
BANDHANBNK,us_vix_level,Global Macro,1.2664322453077195
BANDHANBNK,dist_lo_126,Other,1.244803851771603
BANDHANBNK,atr_ratio_21,Technical,1.2427936496511511
BANDHANBNK,days_to_budget,Indian Calendar,1.080684690317411
BANDHANBNK,pos_hi_126,Other,0.9879115744352215
BANDHANBNK,days_to_earnings,Other,0.8588362826350903
BANDHANBNK,days_to_rbi,Indian Calendar,0.7250109716777527
BANDHANBNK,days_to_expiry,Indian Calendar,0.7151259188405046
BANDHANBNK,us_vix_spike,Global Macro,0.6975275083246093
BANDHANBNK,pre_results_drift,Other,0.19796350969538448
BANDHANBNK,is_rbi_week,Indian Calendar,0.16980422795404027
BANDHANBNK,post_results_day,Other,0.0
BEL,sector_vol_10d,Volume,29.13304668950448
BEL,kurt_20,Statistical,28.99785358559349
BEL,crude_ret_prev,Global Macro,28.554779097204076
BEL,crude_ret_5d,Global Macro,28.442304671832858
BEL,vol_lag_20,Volume,24.57225289200623
BEL,sector_corr_60d,Other,24.272097264536306
BEL,nifty50_ret_prev,Price / Return,24.030729080713044
BEL,kurt_10,Statistical,23.755961825045375
BEL,nikkei_ret_prev,Global Macro,23.304502738811344
BEL,skew_50,Statistical,22.39065017885452
BEL,earnings_proximity,Other,22.304405216470798
BEL,skew_20,Statistical,22.16591799726323
BEL,bb_width_10,Technical,22.120990145805166
BEL,days_to_budget,Indian Calendar,21.966705190364067
BEL,sp500_ret_prev,Global Macro,21.65346730642318
BEL,niftybank_ret_5d,Price / Return,20.649370187559192
BEL,skew_10,Statistical,20.49256666156297
BEL,bb_width_20,Technical,19.992973217538744
BEL,nifty50_ret_20d,Price / Return,19.65879581197178
BEL,sector_mom_5d,Other,19.349989794026797
BEL,cross_ratio,Other,18.941367996623335
BEL,sp500_ret_5d,Global Macro,18.93572266305604
BEL,hist_vol_20,Volume,18.63807485315629
BEL,sp500_ret_20d,Global Macro,17.954200924646692
BEL,dxy_ret_5d,Global Macro,17.900762542214004
BEL,dist_lo_252,Other,17.883676719258382
BEL,sector_corr_30d,Other,17.702274567429537
BEL,macd_hist_pct_5_35,Technical,17.67232412452686
BEL,us_vix_level,Global Macro,17.402414954137317
BEL,dxy_ret_20d,Global Macro,17.180893650717167
BEL,sector_mom_20d,Other,16.31423984514627
BEL,days_to_expiry,Indian Calendar,15.953301582687374
BEL,adx_14,Technical,15.792128671103477
BEL,nifty50_ret_5d,Price / Return,15.716173485629659
BEL,dxy_ret_prev,Global Macro,14.971473809082628
BEL,us_vix_zscore,Global Macro,14.6740439992262
BEL,dist_lo_52,Other,13.848482474303387
BEL,price_sma_100,Technical,13.390729345274782
BEL,plus_di_14,Other,12.626047447922787
BEL,cci_14,Technical,12.244143209756574
BEL,macd_signal_pct_5_35,Technical,11.719219706933009
BEL,week_of_year_cos,Other,11.616515877088634
BEL,pos_hi_20,Other,10.609104934971892
BEL,stoch_k_21,Technical,10.423790587582932
BEL,days_to_rbi,Indian Calendar,10.083849305303643
BEL,rsi_28,Technical,10.028096735109546
BEL,days_to_earnings,Other,9.189284907917733
BEL,us_vix_spike,Global Macro,5.260109683749032
BEL,pre_results_drift,Other,2.7468546055393537
BEL,post_results_day,Other,0.0
BERGEPAINT,obv_ratio,Technical,218.88358400493263
BERGEPAINT,nikkei_ret_prev,Global Macro,206.22909058218093
BERGEPAINT,kurt_50,Statistical,199.72884043404247
BERGEPAINT,crude_ret_prev,Global Macro,197.38722409730676
BERGEPAINT,sp500_ret_prev,Global Macro,193.78464443259176
BERGEPAINT,dxy_ret_prev,Global Macro,191.05665326952652
BERGEPAINT,nifty50_ret_prev,Price / Return,186.08910626941216
BERGEPAINT,nifty50_ret_20d,Price / Return,178.60223525174067
BERGEPAINT,vol_ratio_10,Volume,173.9223954748205
BERGEPAINT,dxy_ret_5d,Global Macro,172.58791494115326
BERGEPAINT,crude_ret_20d,Global Macro,171.87322765662597
BERGEPAINT,adx_14,Technical,170.50421098904263
BERGEPAINT,skew_50,Statistical,169.11470750970733
BERGEPAINT,sector_vol_10d,Volume,166.96836663089246
BERGEPAINT,skew_10,Statistical,162.92523058819518
BERGEPAINT,us_vix_level,Global Macro,161.98295308139902
BERGEPAINT,crude_ret_5d,Global Macro,161.69508952603996
BERGEPAINT,kurt_20,Statistical,159.8554675378395
BERGEPAINT,vol_lag_20,Volume,155.8518052557179
BERGEPAINT,sp500_ret_5d,Global Macro,154.6195715397312
BERGEPAINT,bb_width_50,Technical,153.61140641876935
BERGEPAINT,dxy_ret_20d,Global Macro,153.4072475412209
BERGEPAINT,skew_20,Statistical,152.47847548129056
BERGEPAINT,bb_width_20,Technical,152.27727179916423
BERGEPAINT,nifty50_ret_5d,Price / Return,149.22512676658636
BERGEPAINT,earnings_proximity,Other,147.50689883163548
BERGEPAINT,sector_corr_60d,Other,147.24904402775476
BERGEPAINT,hist_vol_10,Volume,146.94760789892615
BERGEPAINT,sector_corr_30d,Other,146.5109972357018
BERGEPAINT,adx_21,Technical,141.0766483722539
BERGEPAINT,dist_hi_126,Other,124.99762311326904
BERGEPAINT,gk_vol_20,Volume,123.55418221829339
BERGEPAINT,macd_signal_pct_12_26,Technical,122.14355751576795
BERGEPAINT,dist_lo_126,Other,118.48117297282458
BERGEPAINT,hist_vol_20,Volume,106.26943083963423
BERGEPAINT,days_to_rbi,Indian Calendar,106.19619413678929
BERGEPAINT,price_ema_50,Technical,103.4863875436087
BERGEPAINT,parkinson_10,Other,103.2375211758591
BERGEPAINT,parkinson_20,Other,101.76062913253692
BERGEPAINT,pos_hi_126,Other,97.19662374021615
BERGEPAINT,dist_lo_52,Other,94.98746094361485
BERGEPAINT,gk_vol_10,Volume,93.03514548643959
BERGEPAINT,us_vix_zscore,Global Macro,92.70371974406292
BERGEPAINT,rsi_14,Technical,84.72228092315109
BERGEPAINT,mon_sin,Other,77.25790087378593
BERGEPAINT,days_to_earnings,Other,72.46650667092673
BERGEPAINT,week_of_year_cos,Other,66.36940410135337
BERGEPAINT,us_vix_spike,Global Macro,36.272834889741965
BERGEPAINT,pre_results_drift,Other,17.39814089770033
BERGEPAINT,post_results_day,Other,0.0
BHARTIARTL,crude_ret_5d,Global Macro,109.60622714962307
BHARTIARTL,dxy_ret_prev,Global Macro,102.47262758663891
BHARTIARTL,crude_ret_20d,Global Macro,101.75891993309907
BHARTIARTL,nikkei_ret_prev,Global Macro,97.74497048084973
BHARTIARTL,niftybank_ret_5d,Price / Return,96.73877400174084
BHARTIARTL,us_vix_ret_1d,Global Macro,92.20267356280162
BHARTIARTL,sp500_ret_20d,Global Macro,91.02738599242736
BHARTIARTL,dist_hi_20,Other,90.78313000637853
BHARTIARTL,earnings_proximity,Other,90.70725308954069
BHARTIARTL,niftybank_ret_prev,Price / Return,88.91515436286039
BHARTIARTL,garch_surprise,Other,87.79126157586677
BHARTIARTL,niftybank_ret_20d,Price / Return,87.05192307357167
BHARTIARTL,market_regime,Regime,86.72237412442205
BHARTIARTL,bb_width_20,Technical,85.77365533585447
BHARTIARTL,nikkei_ret_5d,Global Macro,83.72814584713525
BHARTIARTL,us_vix_regime,Global Macro,83.41009989787315
BHARTIARTL,crude_ret_prev,Global Macro,83.37245362659404
BHARTIARTL,dxy_ret_5d,Global Macro,83.09857437110632
BHARTIARTL,sp500_ret_prev,Global Macro,82.75367349869754
BHARTIARTL,days_to_budget,Indian Calendar,82.20557983371619
BHARTIARTL,nifty50_ret_5d,Price / Return,80.85736239573387
BHARTIARTL,alpha_vs_niftybank_1d,Other,80.61765967279055
BHARTIARTL,nifty50_ret_prev,Price / Return,78.70327812795777
BHARTIARTL,days_to_expiry,Indian Calendar,78.64829064447676
BHARTIARTL,sp500_ret_5d,Global Macro,76.55937004094277
BHARTIARTL,dxy_ret_20d,Global Macro,75.94097881832663
BHARTIARTL,garch_vol,Other,75.36554566058153
BHARTIARTL,us_vix_level,Global Macro,74.96706661040973
BHARTIARTL,ret_20d,Price / Return,74.47500230477385
BHARTIARTL,nasdaq_ret_5d,Global Macro,73.2112656699222
BHARTIARTL,parkinson_10,Other,71.2523013254298
BHARTIARTL,nifty50_ret_20d,Price / Return,68.87102889817648
BHARTIARTL,dist_lo_252,Other,65.69925347484144
BHARTIARTL,us_vix_zscore,Global Macro,65.28442375322864
BHARTIARTL,bb_width_50,Technical,64.66249586335599
BHARTIARTL,rsi_28,Technical,62.92488621054502
BHARTIARTL,sector_corr_30d,Other,62.20310030357048
BHARTIARTL,sector_corr_60d,Other,56.55582319578156
BHARTIARTL,minus_di_21,Other,53.34478487641274
BHARTIARTL,days_to_earnings,Other,50.448552833178084
BHARTIARTL,garch_vol_regime,Volume,46.92644453311834
BHARTIARTL,is_result_season,Indian Calendar,43.57591189678533
BHARTIARTL,is_expiry_week,Indian Calendar,43.43682018472198
BHARTIARTL,days_to_rbi,Indian Calendar,34.97525735350438
BHARTIARTL,us_vix_spike,Global Macro,25.658576187685245
BHARTIARTL,is_rbi_week,Indian Calendar,16.532920000566676
BHARTIARTL,is_expiry_day,Indian Calendar,13.234937718517225
BHARTIARTL,pre_results_drift,Other,12.032361333835103
BHARTIARTL,is_budget_week,Indian Calendar,9.15636431913567
BHARTIARTL,post_results_day,Other,6.7297376264648444e-21
BHEL,skew_50,Statistical,161.19152084524467
BHEL,nikkei_ret_prev,Global Macro,157.58135309672798
BHEL,vol_lag_3,Volume,156.29235842202198
BHEL,us_vix_level,Global Macro,153.36946214396602
BHEL,sp500_ret_prev,Global Macro,149.51473915457026
BHEL,sector_corr_30d,Other,148.89710386086205
BHEL,kurt_10,Statistical,142.89950813111534
BHEL,nifty50_ret_prev,Price / Return,141.90340630225344
BHEL,mon_sin,Other,141.5059291510671
BHEL,dxy_ret_prev,Global Macro,137.8730145632578
BHEL,bb_width_50,Technical,137.5861736499552
BHEL,trend_strength,Regime,134.15244153364515
BHEL,dxy_ret_5d,Global Macro,126.8408279111744
BHEL,days_to_budget,Indian Calendar,125.305858754846
BHEL,dist_hi_52,Other,125.29149701871475
BHEL,crude_ret_prev,Global Macro,124.81226492693703
BHEL,hist_vol_50,Volume,123.39983893394174
BHEL,sp500_ret_5d,Global Macro,122.75437715055128
BHEL,adx_14,Technical,120.96518129997422
BHEL,bb_width_20,Technical,120.5374240694095
BHEL,niftybank_ret_5d,Price / Return,118.2857690985284
BHEL,adx_21,Technical,116.25192405347678
BHEL,hl_range,Other,108.5333823086366
BHEL,nikkei_ret_5d,Global Macro,107.74875262139652
BHEL,days_to_expiry,Indian Calendar,107.238490759073
BHEL,dist_lo_252,Other,106.12003953589624
BHEL,week_of_year_sin,Other,105.73196462476352
BHEL,earnings_proximity,Other,105.02874880497588
BHEL,macd_signal_pct_12_26,Technical,102.57592840336623
BHEL,bb_width_10,Technical,101.36516723964318
BHEL,days_to_rbi,Indian Calendar,101.19149392377423
BHEL,vol_ratio_10,Volume,100.45811682502207
BHEL,gk_vol_20,Volume,99.3487585036937
BHEL,nifty50_ret_5d,Price / Return,97.46864786691144
BHEL,us_vix_zscore,Global Macro,94.4419410742902
BHEL,macd_hist_pct_12_26,Technical,90.14524749813097
BHEL,price_sma_10,Technical,89.5290092990179
BHEL,parkinson_10,Other,85.45045418602632
BHEL,atr_ratio_7,Technical,78.2997980510298
BHEL,minus_di_14,Other,76.82328898381962
BHEL,dist_lo_52,Other,76.41068034509922
BHEL,market_regime,Regime,71.13584179686835
BHEL,rsi_14,Technical,64.91707758681972
BHEL,bb_pos_10,Technical,64.45213765568056
BHEL,pos_hi_52,Other,53.2639600460457
BHEL,days_to_earnings,Other,50.91572559052024
BHEL,stoch_d_14,Technical,44.89763037715253
BHEL,us_vix_spike,Global Macro,34.14748090750062
BHEL,pre_results_drift,Other,13.5691224180881
BHEL,post_results_day,Other,0.0
BOSCHLTD,bb_width_10,Technical,51.76416897352091
BOSCHLTD,crude_ret_prev,Global Macro,50.62468307387868
BOSCHLTD,crude_ret_20d,Global Macro,46.35995613187645
BOSCHLTD,crude_ret_5d,Global Macro,43.898352498004634
BOSCHLTD,days_to_budget,Indian Calendar,43.491544191146325
BOSCHLTD,days_to_expiry,Indian Calendar,42.382138905037614
BOSCHLTD,adx_21,Technical,41.629594939241464
BOSCHLTD,dxy_ret_prev,Global Macro,39.53071760088263
BOSCHLTD,nikkei_ret_prev,Global Macro,38.23986739362847
BOSCHLTD,vol_lag_20,Volume,37.05709545173547
BOSCHLTD,bb_width_50,Technical,35.518386387142414
BOSCHLTD,macd_signal_pct_12_26,Technical,33.864556619966386
BOSCHLTD,sector_corr_30d,Other,33.792830554712104
BOSCHLTD,us_vix_level,Global Macro,33.53268534352758
BOSCHLTD,us_vix_regime,Global Macro,33.3732296309819
BOSCHLTD,nifty50_ret_20d,Price / Return,31.528842373165418
BOSCHLTD,days_to_rbi,Indian Calendar,31.45074354287826
BOSCHLTD,nasdaq_ret_5d,Global Macro,31.152274843905833
BOSCHLTD,us_vix_zscore,Global Macro,30.708896216083673
BOSCHLTD,dxy_ret_20d,Global Macro,30.699656182907212
BOSCHLTD,sp500_ret_prev,Global Macro,30.319980620267003
BOSCHLTD,niftybank_ret_5d,Price / Return,30.269860035854602
BOSCHLTD,dxy_ret_5d,Global Macro,30.199782381284425
BOSCHLTD,sp500_ret_5d,Global Macro,29.11898941373976
BOSCHLTD,niftybank_ret_20d,Price / Return,28.690990901907217
BOSCHLTD,dist_hi_252,Other,28.483090270419645
BOSCHLTD,us_vix_ret_1d,Global Macro,27.924666459464568
BOSCHLTD,nifty50_ret_5d,Price / Return,26.88634058914418
BOSCHLTD,pos_hi_252,Other,25.59943407885048
BOSCHLTD,niftybank_ret_prev,Price / Return,24.75850925031625
BOSCHLTD,earnings_proximity,Other,23.57687740678558
BOSCHLTD,minus_di_21,Other,22.750793525253837
BOSCHLTD,price_sma_5,Technical,22.363928338987815
BOSCHLTD,is_expiry_week,Indian Calendar,22.36039785828777
BOSCHLTD,nikkei_ret_5d,Global Macro,21.45577876619949
BOSCHLTD,week_of_year_cos,Other,21.23934182103949
BOSCHLTD,parkinson_20,Other,21.06902600586613
BOSCHLTD,nifty50_ret_prev,Price / Return,20.407197844435707
BOSCHLTD,garch_vol,Other,20.046671426182158
BOSCHLTD,garch_surprise,Other,20.004759220230188
BOSCHLTD,alpha_vs_niftybank_1d,Other,16.15979526041641
BOSCHLTD,days_to_earnings,Other,14.770007480596684
BOSCHLTD,is_result_season,Indian Calendar,14.685907082418963
BOSCHLTD,garch_vol_regime,Volume,14.267821094903217
BOSCHLTD,is_rbi_week,Indian Calendar,11.799344738099975
BOSCHLTD,us_vix_spike,Global Macro,10.945774661431066
BOSCHLTD,is_expiry_day,Indian Calendar,6.358802773168965
BOSCHLTD,is_budget_week,Indian Calendar,5.009817460994053
BOSCHLTD,pre_results_drift,Other,4.213761935901462
BOSCHLTD,post_results_day,Other,8.330090151775252e-21
BPCL,nikkei_ret_prev,Global Macro,23.247605411290962
BPCL,nifty50_ret_prev,Price / Return,23.22336592584085
BPCL,crude_ret_5d,Global Macro,22.985029805520554
BPCL,kurt_20,Statistical,22.809821803497936
BPCL,crude_ret_prev,Global Macro,21.898333539692885
BPCL,kurt_50,Statistical,21.60888021956968
BPCL,vol_ratio_10,Volume,20.64464550992058
BPCL,sp500_ret_prev,Global Macro,20.215064195332324
BPCL,vol_lag_10,Volume,20.101467953963958
BPCL,skew_10,Statistical,18.749819378516264
BPCL,ret_5d,Price / Return,18.66842412962793
BPCL,adx_14,Technical,18.593130973880662
BPCL,dxy_ret_prev,Global Macro,18.36928683189347
BPCL,bb_width_10,Technical,16.041461143193516
BPCL,adx_21,Technical,15.6411205117786
BPCL,dxy_ret_5d,Global Macro,15.42712551877198
BPCL,skew_20,Statistical,15.278143741976505
BPCL,sp500_ret_20d,Global Macro,15.055980737251984
BPCL,niftybank_ret_5d,Price / Return,14.9948123889526
BPCL,bb_width_50,Technical,14.78618121847131
BPCL,sp500_ret_5d,Global Macro,14.766008675159437
BPCL,sector_mom_20d,Other,14.662640000986945
BPCL,dxy_ret_20d,Global Macro,14.583364970060037
BPCL,nifty50_ret_20d,Price / Return,13.942719184056774
BPCL,sector_vol_10d,Volume,13.939948609163938
BPCL,earnings_proximity,Other,13.664008157422462
BPCL,cross_ratio,Other,12.968695382692612
BPCL,nifty50_ret_5d,Price / Return,12.859675533063907
BPCL,hist_vol_50,Volume,12.698089875319457
BPCL,us_vix_level,Global Macro,12.310203550099278
BPCL,price_ema_50,Technical,11.770230563203576
BPCL,price_sma_100,Technical,11.60286899145724
BPCL,sector_corr_60d,Other,11.157622928862192
BPCL,dist_lo_126,Other,10.964604030728017
BPCL,plus_di_21,Other,10.513843936229787
BPCL,stoch_d_9,Technical,10.363085401817715
BPCL,atr_ratio_7,Technical,9.495434139985969
BPCL,us_vix_zscore,Global Macro,9.476433752383581
BPCL,hist_vol_20,Volume,9.426811448450502
BPCL,dist_hi_252,Other,8.586124509814558
BPCL,atr_ratio_21,Technical,8.118070984306263
BPCL,parkinson_20,Other,7.867830729874611
BPCL,days_to_expiry,Indian Calendar,7.708587191315742
BPCL,days_to_earnings,Other,6.99449443593592
BPCL,days_to_rbi,Indian Calendar,6.986378404095158
BPCL,pos_hi_126,Other,6.48692933510797
BPCL,week_of_year_cos,Other,5.723098795930107
BPCL,us_vix_spike,Global Macro,3.0371277160963426
BPCL,pre_results_drift,Other,1.6674226067607631
BPCL,post_results_day,Other,0.0
BRITANNIA,kurt_20,Statistical,22.197708307504794
BRITANNIA,vol_lag_1,Volume,22.089114967791897
BRITANNIA,earnings_proximity,Other,21.92699418035935
BRITANNIA,nifty50_ret_prev,Price / Return,20.98998595671283
BRITANNIA,crude_ret_20d,Global Macro,20.362245604855033
BRITANNIA,sp500_ret_5d,Global Macro,19.122416674194216
BRITANNIA,kurt_50,Statistical,18.76834085164945
BRITANNIA,hist_vol_50,Volume,18.573503137588126
BRITANNIA,nikkei_ret_prev,Global Macro,18.493097997674415
BRITANNIA,bb_width_20,Technical,18.454856833231272
BRITANNIA,skew_20,Statistical,17.70751778994876
BRITANNIA,bb_width_10,Technical,17.57140531612895
BRITANNIA,sp500_ret_20d,Global Macro,16.655120604061054
BRITANNIA,sector_corr_60d,Other,16.082621182000004
BRITANNIA,adx_21,Technical,15.49073265155378
BRITANNIA,crude_ret_prev,Global Macro,15.058798291905916
BRITANNIA,adx_14,Technical,14.573225721291656
BRITANNIA,garch_vol,Other,14.166852942072286
BRITANNIA,sp500_ret_prev,Global Macro,14.10054839256739
BRITANNIA,dist_hi_20,Other,13.956814434864148
BRITANNIA,sector_mom_20d,Other,13.767940311884363
BRITANNIA,hist_vol_5,Volume,13.48499416724696
BRITANNIA,us_vix_level,Global Macro,13.171825309264863
BRITANNIA,dxy_ret_prev,Global Macro,13.022628957422969
BRITANNIA,nifty50_ret_5d,Price / Return,12.830139101256885
BRITANNIA,hist_vol_20,Volume,12.713277429099055
BRITANNIA,dist_hi_52,Other,12.379158115688135
BRITANNIA,dxy_ret_20d,Global Macro,12.195829876835244
BRITANNIA,roc_50,Other,11.871092238621081
BRITANNIA,mon_cos,Other,11.857528692416345
BRITANNIA,atr_ratio_7,Technical,11.555456561615085
BRITANNIA,atr_ratio_21,Technical,11.41067710925701
BRITANNIA,week_of_year_cos,Other,11.168278852512149
BRITANNIA,dxy_ret_5d,Global Macro,11.05187297319983
BRITANNIA,price_sma_200,Technical,10.66959043727256
BRITANNIA,parkinson_10,Other,10.404322688322415
BRITANNIA,atr_ratio_14,Technical,10.283703764209646
BRITANNIA,us_vix_zscore,Global Macro,9.9192657072235
BRITANNIA,price_ema_200,Technical,9.73351776337773
BRITANNIA,macd_signal_pct_12_26,Technical,9.589108598022104
BRITANNIA,obv_ratio,Technical,9.538321271706925
BRITANNIA,stoch_d_9,Technical,9.348874766605967
BRITANNIA,days_to_earnings,Other,9.239071255744662
BRITANNIA,hist_vol_10,Volume,9.137574491147127
BRITANNIA,minus_di_21,Other,8.983185705384336
BRITANNIA,days_to_expiry,Indian Calendar,8.892766211561181
BRITANNIA,pos_hi_52,Other,5.867539635375831
BRITANNIA,us_vix_spike,Global Macro,3.8525594383865123
BRITANNIA,pre_results_drift,Other,2.008236070434483
BRITANNIA,post_results_day,Other,9.926167373748163e-24
CHOLAFIN,obv_ratio,Technical,261.61194302122806
CHOLAFIN,cross_ratio,Other,209.57031725449767
CHOLAFIN,bb_width_50,Technical,207.22337268222088
CHOLAFIN,kurt_50,Statistical,207.11126101585626
CHOLAFIN,dist_hi_126,Other,202.42791724509956
CHOLAFIN,sp500_ret_prev,Global Macro,197.0494885099101
CHOLAFIN,skew_20,Statistical,195.6675431016891
CHOLAFIN,niftybank_ret_5d,Price / Return,195.00474514103647
CHOLAFIN,bb_width_20,Technical,193.04113165874426
CHOLAFIN,crude_ret_5d,Global Macro,188.5546037997485
CHOLAFIN,kurt_10,Statistical,185.91061663879225
CHOLAFIN,niftybank_ret_20d,Price / Return,174.08330269633106
CHOLAFIN,sp500_ret_20d,Global Macro,169.523339360847
CHOLAFIN,bb_width_10,Technical,169.3346112096205
CHOLAFIN,plus_di_21,Other,168.3906902454963
CHOLAFIN,dxy_ret_prev,Global Macro,167.2459497207271
CHOLAFIN,dxy_ret_5d,Global Macro,165.79833455717682
CHOLAFIN,sp500_ret_5d,Global Macro,164.72177531675905
CHOLAFIN,crude_ret_prev,Global Macro,161.63236756529702
CHOLAFIN,nifty50_ret_5d,Price / Return,160.6803632320453
CHOLAFIN,earnings_proximity,Other,160.2730685650465
CHOLAFIN,niftybank_ret_prev,Price / Return,160.0895815845132
CHOLAFIN,sector_vol_10d,Volume,159.28311331537762
CHOLAFIN,nifty50_ret_prev,Price / Return,155.1785774498632
CHOLAFIN,skew_50,Statistical,149.3441613333391
CHOLAFIN,nasdaq_ret_5d,Global Macro,148.32198972008055
CHOLAFIN,nikkei_ret_prev,Global Macro,142.9521679613404
CHOLAFIN,dist_lo_252,Other,140.32117161748823
CHOLAFIN,price_ema_200,Technical,139.64005890377888
CHOLAFIN,us_vix_level,Global Macro,137.54685338025413
CHOLAFIN,dxy_ret_20d,Global Macro,136.07531690574476
CHOLAFIN,hist_vol_50,Volume,132.85817701693878
CHOLAFIN,adx_21,Technical,130.08552741180256
CHOLAFIN,adx_14,Technical,125.99410826432711
CHOLAFIN,us_vix_zscore,Global Macro,117.74647163773776
CHOLAFIN,dist_lo_126,Other,113.3388529844603
CHOLAFIN,hist_vol_20,Volume,109.39581028402705
CHOLAFIN,atr_ratio_14,Technical,104.92013676182849
CHOLAFIN,gk_vol_20,Volume,104.5537584033279
CHOLAFIN,sector_corr_30d,Other,85.48496328285488
CHOLAFIN,week_of_year_cos,Other,71.22481080326722
CHOLAFIN,days_to_earnings,Other,70.81532127587286
CHOLAFIN,days_to_rbi,Indian Calendar,54.190867119783036
CHOLAFIN,us_vix_spike,Global Macro,41.37266912898772
CHOLAFIN,pre_results_drift,Other,18.115588214656963
CHOLAFIN,is_rbi_week,Indian Calendar,17.19330581577877
CHOLAFIN,post_results_day,Other,0.0
CIPLA,dxy_ret_prev,Global Macro,271.5542842082844
CIPLA,skew_10,Statistical,256.6127375579933
CIPLA,cross_ratio,Other,249.5302749693009
CIPLA,nikkei_ret_prev,Global Macro,248.7265286315071
CIPLA,kurt_50,Statistical,248.33296701827956
CIPLA,crude_ret_20d,Global Macro,241.9853620375046
CIPLA,garch_vol,Other,229.4024609047636
CIPLA,crude_ret_5d,Global Macro,221.11349214979256
CIPLA,days_to_budget,Indian Calendar,220.5078106356511
CIPLA,niftybank_ret_5d,Price / Return,207.57147628328815
CIPLA,crude_ret_prev,Global Macro,203.27156015710696
CIPLA,us_vix_level,Global Macro,198.3327494681384
CIPLA,rel_strength_1d,Other,197.6620240883272
CIPLA,days_to_expiry,Indian Calendar,194.5055349616643
CIPLA,dxy_ret_5d,Global Macro,187.2674456661811
CIPLA,rsi_21,Technical,185.1269713161341
CIPLA,dxy_ret_20d,Global Macro,181.0417031562994
CIPLA,us_vix_ret_1d,Global Macro,179.1959561705852
CIPLA,niftybank_ret_prev,Price / Return,173.21923830820936
CIPLA,sector_avg_ret,Other,172.22835383527763
CIPLA,nifty50_ret_20d,Price / Return,172.18528023783557
CIPLA,niftybank_ret_20d,Price / Return,168.5678691844528
CIPLA,earnings_proximity,Other,165.7582424998376
CIPLA,nifty50_ret_5d,Price / Return,162.1832343414964
CIPLA,garch_surprise,Other,151.77605226849133
CIPLA,nifty50_ret_prev,Price / Return,148.06578298910867
CIPLA,sp500_ret_5d,Global Macro,148.0656534782397
CIPLA,nikkei_ret_5d,Global Macro,146.98809583556624
CIPLA,sector_mom_5d,Other,145.88970433032392
CIPLA,nasdaq_ret_prev,Global Macro,145.6589023971965
CIPLA,us_vix_regime,Global Macro,145.65698639046477
CIPLA,sp500_ret_prev,Global Macro,144.04509925501284
CIPLA,us_vix_zscore,Global Macro,139.9737653341591
CIPLA,bb_pos_20,Technical,138.82697956358308
CIPLA,nasdaq_ret_5d,Global Macro,137.43305031317695
CIPLA,stoch_d_14,Technical,125.40883948054055
CIPLA,alpha_vs_niftybank_1d,Other,124.17327700570166
CIPLA,is_expiry_week,Indian Calendar,110.2034868676294
CIPLA,week_of_year_cos,Other,89.18048109109736
CIPLA,garch_vol_regime,Volume,83.06718688674475
CIPLA,days_to_earnings,Other,74.7397760872305
CIPLA,days_to_rbi,Indian Calendar,74.24024658430764
CIPLA,is_result_season,Indian Calendar,63.55766079545787
CIPLA,us_vix_spike,Global Macro,54.74202743579277
CIPLA,is_rbi_week,Indian Calendar,36.86549014943294
CIPLA,is_expiry_day,Indian Calendar,32.9853246023898
CIPLA,pre_results_drift,Other,26.103527321568574
CIPLA,is_budget_week,Indian Calendar,20.329225252988255
CIPLA,is_results_week,Other,17.478221730998076
CIPLA,post_results_day,Other,2.004183080092144e-19
COALINDIA,crude_ret_20d,Global Macro,457.60400673594893
COALINDIA,sector_corr_60d,Other,415.4257601245961
COALINDIA,dxy_ret_prev,Global Macro,409.0920167255707
COALINDIA,kurt_20,Statistical,401.18508072605715
COALINDIA,crude_ret_5d,Global Macro,398.21890942100293
COALINDIA,nikkei_ret_prev,Global Macro,394.4567603695382
COALINDIA,skew_50,Statistical,393.19530531962556
COALINDIA,crude_ret_prev,Global Macro,360.7311346431842
COALINDIA,niftybank_ret_prev,Price / Return,343.57574026505813
COALINDIA,days_to_budget,Indian Calendar,342.8292957017429
COALINDIA,dxy_ret_5d,Global Macro,341.6519478649471
COALINDIA,us_vix_ret_1d,Global Macro,340.89401835162647
COALINDIA,bb_width_10,Technical,338.60965263058245
COALINDIA,niftybank_ret_5d,Price / Return,330.2745850045714
COALINDIA,niftybank_ret_20d,Price / Return,317.1300186463232
COALINDIA,bb_width_50,Technical,308.11546003919045
COALINDIA,sp500_ret_20d,Global Macro,297.9590939329228
COALINDIA,garch_surprise,Other,297.2488772533401
COALINDIA,nikkei_ret_5d,Global Macro,295.43458189355516
COALINDIA,us_vix_regime,Global Macro,289.18689083843134
COALINDIA,nasdaq_ret_prev,Global Macro,288.37193554603965
COALINDIA,atr_ratio_21,Technical,287.9908079624858
COALINDIA,us_vix_level,Global Macro,285.21252565307555
COALINDIA,sp500_ret_5d,Global Macro,283.70004716702636
COALINDIA,plus_di_21,Other,281.58855027257925
COALINDIA,nasdaq_ret_5d,Global Macro,281.0869206202969
COALINDIA,nifty50_ret_prev,Price / Return,278.59816730698225
COALINDIA,sp500_ret_prev,Global Macro,271.9402567559312
COALINDIA,earnings_proximity,Other,269.57259492209016
COALINDIA,days_to_expiry,Indian Calendar,269.33357036753745
COALINDIA,price_ema_10,Technical,265.61362330464647
COALINDIA,dxy_ret_20d,Global Macro,264.1412493243749
COALINDIA,nifty50_ret_20d,Price / Return,264.0695822281244
COALINDIA,nifty50_ret_5d,Price / Return,263.47924103831747
COALINDIA,alpha_vs_niftybank_1d,Other,249.25359401303945
COALINDIA,us_vix_zscore,Global Macro,245.14788800790512
COALINDIA,cross_ratio,Other,237.43530038664926
COALINDIA,garch_vol,Other,223.84985170351592
COALINDIA,days_to_rbi,Indian Calendar,187.96206625208833
COALINDIA,is_result_season,Indian Calendar,172.58460378716745
COALINDIA,days_to_earnings,Other,163.33078438940865
COALINDIA,garch_vol_regime,Volume,155.35702946159893
COALINDIA,is_expiry_week,Indian Calendar,154.95748034288786
COALINDIA,us_vix_spike,Global Macro,102.71553275173787
COALINDIA,is_rbi_week,Indian Calendar,65.34551010118263
COALINDIA,is_expiry_day,Indian Calendar,47.4691655532851
COALINDIA,pre_results_drift,Other,39.88642351365471
COALINDIA,is_budget_week,Indian Calendar,36.900636047168184
COALINDIA,is_results_week,Other,27.844779680606642
COALINDIA,post_results_day,Other,3.112133589457561e-21
COFORGE,usdinr_ret_1d,Global Macro,92.40856645399566
COFORGE,nikkei_ret_prev,Global Macro,77.33796929381278
COFORGE,niftybank_ret_20d,Price / Return,76.96931803179432
COFORGE,earnings_proximity,Other,75.42666068997441
COFORGE,vol_ratio_50,Volume,75.1623913046368
COFORGE,kurt_20,Statistical,70.87080457581297
COFORGE,alpha_vs_usdinr_1d,Global Macro,70.58402751225948
COFORGE,usdinr_ret_5d,Global Macro,70.49332980363769
COFORGE,dxy_ret_5d,Global Macro,69.86915718557357
COFORGE,dxy_ret_prev,Global Macro,67.51776480450532
COFORGE,nifty50_ret_prev,Price / Return,64.66198747001506
COFORGE,sector_corr_30d,Other,64.45107028464227
COFORGE,nifty50_ret_5d,Price / Return,64.03990464383384
COFORGE,nifty50_ret_20d,Price / Return,63.19538551479328
COFORGE,sp500_ret_5d,Global Macro,62.32562271860266
COFORGE,sp500_ret_20d,Global Macro,61.26442512029643
COFORGE,macd_hist_pct_5_35,Technical,60.883034002543255
COFORGE,hist_vol_50,Volume,58.31523505033222
COFORGE,minus_di_21,Other,58.091011013449815
COFORGE,nasdaq_ret_prev,Global Macro,57.152763549450086
COFORGE,usdinr_ret_20d,Global Macro,56.648920860641205
COFORGE,sp500_ret_prev,Global Macro,55.961946182504335
COFORGE,usdinr_ma20_ratio,Global Macro,54.943244847730064
COFORGE,alpha_vs_usdinr_5d,Global Macro,53.8200880041858
COFORGE,nasdaq_ret_5d,Global Macro,52.76746190524308
COFORGE,cross_ratio,Other,51.959555648003416
COFORGE,trend_strength,Regime,51.95955564800339
COFORGE,adx_21,Technical,51.76772030042252
COFORGE,price_sma_10,Technical,50.601551677975834
COFORGE,crude_ret_prev,Global Macro,47.857728513413335
COFORGE,us_vix_level,Global Macro,47.78512053229801
COFORGE,dist_lo_126,Other,47.015847346440914
COFORGE,plus_di_21,Other,46.570335713994545
COFORGE,mon_sin,Other,45.69962264996529
COFORGE,usdinr_rsi_14,Global Macro,44.50750608865321
COFORGE,week_of_year_sin,Other,43.469338505883094
COFORGE,price_ema_20,Technical,43.459386434335165
COFORGE,gk_vol_20,Volume,41.24537605157009
COFORGE,dist_hi_252,Other,39.373878464322424
COFORGE,atr_ratio_14,Technical,38.61467913324631
COFORGE,dist_lo_252,Other,36.821107581161925
COFORGE,us_vix_zscore,Global Macro,36.40617941394623
COFORGE,pos_hi_252,Other,35.17057178714173
COFORGE,days_to_earnings,Other,33.15356136140265
COFORGE,pos_hi_126,Other,32.070801093366846
COFORGE,week_of_year_cos,Other,28.66092838470424
COFORGE,days_to_expiry,Indian Calendar,25.727381371679535
COFORGE,us_vix_spike,Global Macro,13.156197270278907
COFORGE,pre_results_drift,Other,8.192679072667401
COFORGE,post_results_day,Other,0.0
COLPAL,kurt_10,Statistical,44.27143902426119
COLPAL,sp500_ret_prev,Global Macro,42.90440970915264
COLPAL,skew_50,Statistical,42.33987850111598
COLPAL,skew_20,Statistical,41.68173941924009
COLPAL,dxy_ret_prev,Global Macro,41.55730782040375
COLPAL,sp500_ret_20d,Global Macro,40.67410229526428
COLPAL,kurt_20,Statistical,39.72762286296742
COLPAL,nikkei_ret_prev,Global Macro,39.42516264856409
COLPAL,crude_ret_20d,Global Macro,38.8495057416698
COLPAL,bb_width_10,Technical,38.45632655584384
COLPAL,crude_ret_prev,Global Macro,37.31578191887888
COLPAL,obv_ratio,Technical,36.58657181473778
COLPAL,bb_width_20,Technical,35.77635227524433
COLPAL,bb_width_50,Technical,35.731408297845306
COLPAL,nifty50_ret_prev,Price / Return,34.479536400864205
COLPAL,us_vix_level,Global Macro,33.14994415056299
COLPAL,days_to_budget,Indian Calendar,32.80214968706481
COLPAL,macd_hist_pct_5_35,Technical,32.70452352847808
COLPAL,dxy_ret_5d,Global Macro,32.37313005915225
COLPAL,sector_mom_20d,Other,31.442731674590444
COLPAL,earnings_proximity,Other,31.36158560277534
COLPAL,dxy_ret_20d,Global Macro,30.728665608069004
COLPAL,nikkei_ret_5d,Global Macro,30.227633361972266
COLPAL,adx_21,Technical,30.034119686598835
COLPAL,atr_ratio_14,Technical,29.36106308923455
COLPAL,days_to_expiry,Indian Calendar,28.98081905362056
COLPAL,sp500_ret_5d,Global Macro,27.85506480244223
COLPAL,parkinson_10,Other,27.143299033049
COLPAL,plus_di_21,Other,26.94542844610452
COLPAL,nifty50_ret_5d,Price / Return,26.915180839106753
COLPAL,dist_lo_252,Other,26.12974058457011
COLPAL,hist_vol_20,Volume,25.938198943604483
COLPAL,plus_di_14,Other,25.92576262162499
COLPAL,ret_10d,Price / Return,25.31394201521408
COLPAL,ret_lag_20,Price / Return,25.16315565746443
COLPAL,pos_hi_252,Other,24.927155247766997
COLPAL,sector_corr_30d,Other,23.59582902082314
COLPAL,rsi_14,Technical,23.380793865421907
COLPAL,rsi_28,Technical,23.088681774337786
COLPAL,dist_lo_126,Other,23.05832200551972
COLPAL,cross_ratio,Other,22.318810972270814
COLPAL,dist_lo_20,Other,21.76967527948628
COLPAL,us_vix_zscore,Global Macro,21.34421624673442
COLPAL,bb_pos_20,Technical,19.138341056699502
COLPAL,days_to_rbi,Indian Calendar,18.114005217651258
COLPAL,week_of_year_cos,Other,16.285986811113073
COLPAL,days_to_earnings,Other,12.617789368270593
COLPAL,us_vix_spike,Global Macro,9.391548744990107
COLPAL,pre_results_drift,Other,4.525988189874185
COLPAL,post_results_day,Other,0.0
CUMMINSIND,obv_ratio,Technical,122.14660732806102
CUMMINSIND,crude_ret_5d,Global Macro,108.12789586810133
CUMMINSIND,crude_ret_20d,Global Macro,101.90189844236528
CUMMINSIND,nifty50_ret_prev,Price / Return,99.34203813953742
CUMMINSIND,earnings_proximity,Other,99.18617292996912
CUMMINSIND,skew_50,Statistical,98.03972422573526
CUMMINSIND,kurt_50,Statistical,93.42438902828509
CUMMINSIND,crude_ret_prev,Global Macro,93.10343708122586
CUMMINSIND,nikkei_ret_prev,Global Macro,92.90832261620542
CUMMINSIND,kurt_20,Statistical,90.35846583096072
CUMMINSIND,sp500_ret_prev,Global Macro,86.67506495737916
CUMMINSIND,niftybank_ret_20d,Price / Return,85.9823386124572
CUMMINSIND,kurt_10,Statistical,85.72524063667797
CUMMINSIND,niftybank_ret_5d,Price / Return,82.06283113237265
CUMMINSIND,sp500_ret_20d,Global Macro,81.97670303467311
CUMMINSIND,dxy_ret_5d,Global Macro,81.35855284393323
CUMMINSIND,dxy_ret_prev,Global Macro,80.29120218899804
CUMMINSIND,skew_20,Statistical,79.5906431722251
CUMMINSIND,us_vix_level,Global Macro,78.41789794059319
CUMMINSIND,sector_corr_30d,Other,78.18595102823926
CUMMINSIND,sp500_ret_5d,Global Macro,73.70581488701401
CUMMINSIND,atr_ratio_21,Technical,71.26245239375237
CUMMINSIND,trend_strength,Regime,70.64272233998959
CUMMINSIND,cross_ratio,Other,70.64272233998958
CUMMINSIND,nifty50_ret_20d,Price / Return,70.60209899404816
CUMMINSIND,sector_corr_60d,Other,70.14675790792626
CUMMINSIND,nifty50_ret_5d,Price / Return,70.05310834893885
CUMMINSIND,days_to_budget,Indian Calendar,69.61534851274696
CUMMINSIND,sector_vol_10d,Volume,69.13187269123058
CUMMINSIND,adx_21,Technical,68.1219061496899
CUMMINSIND,dxy_ret_20d,Global Macro,65.29284985874183
CUMMINSIND,rsi_21,Technical,65.23959298838695
CUMMINSIND,dist_lo_126,Other,64.81084892802544
CUMMINSIND,hist_vol_5,Volume,64.71119362817014
CUMMINSIND,us_vix_zscore,Global Macro,62.9446590569344
CUMMINSIND,dist_lo_52,Other,62.738322732194405
CUMMINSIND,sector_mom_20d,Other,62.492885348076264
CUMMINSIND,price_sma_200,Technical,61.938414195016826
CUMMINSIND,gk_vol_10,Volume,58.6853687110396
CUMMINSIND,rsi_7,Technical,56.62886057335714
CUMMINSIND,dist_lo_252,Other,53.87503624245923
CUMMINSIND,mon_sin,Other,46.91690884004797
CUMMINSIND,days_to_earnings,Other,44.813647962352626
CUMMINSIND,week_of_year_sin,Other,42.9102861787869
CUMMINSIND,week_of_year_cos,Other,40.05048798153886
CUMMINSIND,days_to_rbi,Indian Calendar,38.83267967572363
CUMMINSIND,days_to_expiry,Indian Calendar,34.25407916466791
CUMMINSIND,us_vix_spike,Global Macro,25.27079794877336
CUMMINSIND,pre_results_drift,Other,11.131728538011808
CUMMINSIND,post_results_day,Other,0.0
DABUR,obv_ratio,Technical,486.76391661961065
DABUR,skew_20,Statistical,438.54142777669813
DABUR,kurt_50,Statistical,399.9945854728689
DABUR,nifty50_ret_prev,Price / Return,398.38917408131147
DABUR,hist_vol_50,Volume,388.72390630259855
DABUR,crude_ret_prev,Global Macro,388.63314144914693
DABUR,nikkei_ret_prev,Global Macro,378.9522301677505
DABUR,sp500_ret_prev,Global Macro,371.85181499113924
DABUR,crude_ret_5d,Global Macro,371.7096442357453
DABUR,crude_ret_20d,Global Macro,358.3409914712321
DABUR,ret_5d,Price / Return,335.6996749277223
DABUR,bb_width_50,Technical,325.3179892873134
DABUR,sector_corr_60d,Other,315.1139813717565
DABUR,hist_vol_5,Volume,310.1697619611626
DABUR,adx_21,Technical,310.163683785057
DABUR,niftybank_ret_5d,Price / Return,308.95516999566667
DABUR,earnings_proximity,Other,307.9988852233833
DABUR,dxy_ret_prev,Global Macro,303.8730830332095
DABUR,nifty50_ret_20d,Price / Return,301.120733234656
DABUR,atr_ratio_7,Technical,296.0199101391877
DABUR,macd_hist_pct_12_26,Technical,294.67852773716834
DABUR,us_vix_level,Global Macro,290.2200993025446
DABUR,days_to_expiry,Indian Calendar,289.15082427462886
DABUR,cross_ratio,Other,281.4605501289295
DABUR,adx_14,Technical,280.2679240469664
DABUR,sp500_ret_5d,Global Macro,279.9767358825151
DABUR,dxy_ret_20d,Global Macro,273.78458701463467
DABUR,sp500_ret_20d,Global Macro,272.87064056446536
DABUR,roc_50,Other,266.69703901748227
DABUR,sector_corr_30d,Other,257.58557607696474
DABUR,dist_hi_252,Other,255.90859007287295
DABUR,dxy_ret_5d,Global Macro,249.3079251377719
DABUR,nifty50_ret_5d,Price / Return,248.75000111299053
DABUR,plus_di_14,Other,242.13150816309889
DABUR,macd_signal_pct_12_26,Technical,240.71351079004367
DABUR,us_vix_zscore,Global Macro,232.86719791064522
DABUR,plus_di_21,Other,226.12277423435452
DABUR,dist_lo_52,Other,213.8512636029403
DABUR,pos_hi_252,Other,205.38382310677497
DABUR,dist_lo_252,Other,197.1188309246008
DABUR,dist_hi_20,Other,194.56212713515308
DABUR,days_to_rbi,Indian Calendar,189.49189045464652
DABUR,rsi_28,Technical,184.9827451146122
DABUR,rsi_21,Technical,175.7143826873256
DABUR,week_of_year_cos,Other,172.05182679883998
DABUR,week_of_year_sin,Other,136.62904084960851
DABUR,days_to_earnings,Other,128.75713926602654
DABUR,us_vix_spike,Global Macro,82.07016264334895
DABUR,pre_results_drift,Other,40.39536062106828
DABUR,post_results_day,Other,0.0
DIVISLAB,obv_ratio,Technical,8.592577573101254
DIVISLAB,skew_50,Statistical,8.078541560812525
DIVISLAB,earnings_proximity,Other,7.7827594650303515
DIVISLAB,crude_ret_20d,Global Macro,6.784429905889886
DIVISLAB,kurt_20,Statistical,6.295941884612192
DIVISLAB,skew_10,Statistical,6.236192025837201
DIVISLAB,sp500_ret_20d,Global Macro,5.945665499376834
DIVISLAB,ret_5d,Price / Return,5.795998701597716
DIVISLAB,skew_20,Statistical,5.683022477438726
DIVISLAB,dist_lo_252,Other,5.175231296981876
DIVISLAB,hist_vol_10,Volume,5.081001701023657
DIVISLAB,kurt_50,Statistical,5.073027517437334
DIVISLAB,days_to_budget,Indian Calendar,4.914462968098501
DIVISLAB,bb_width_20,Technical,4.8423829995036805
DIVISLAB,cross_ratio,Other,4.8198438671366235
DIVISLAB,sector_corr_30d,Other,4.749567639712281
DIVISLAB,bb_width_50,Technical,4.715132340474565
DIVISLAB,us_vix_level,Global Macro,4.655460765283981
DIVISLAB,sector_corr_60d,Other,4.577524387871251
DIVISLAB,plus_di_14,Other,4.5192219461659615
DIVISLAB,trend_cons,Regime,4.3993433511588895
DIVISLAB,kurt_10,Statistical,4.350054407864221
DIVISLAB,cci_14,Technical,4.327537288444631
DIVISLAB,macd_signal_pct_12_26,Technical,4.323802940015039
DIVISLAB,week_of_year_cos,Other,4.088776828680021
DIVISLAB,sp500_ret_5d,Global Macro,3.9661172634521282
DIVISLAB,adx_21,Technical,3.8473664284439595
DIVISLAB,adx_14,Technical,3.832348839022906
DIVISLAB,crude_ret_prev,Global Macro,3.765348625066723
DIVISLAB,dist_lo_126,Other,3.678621817495371
DIVISLAB,gk_vol_10,Volume,3.5603788580001225
DIVISLAB,nifty50_ret_prev,Price / Return,3.5351822873418604
DIVISLAB,nifty50_ret_5d,Price / Return,3.4050032029967903
DIVISLAB,nikkei_ret_prev,Global Macro,3.34598847382889
DIVISLAB,dxy_ret_prev,Global Macro,3.248347972211116
DIVISLAB,days_to_earnings,Other,3.2115361970166596
DIVISLAB,atr_ratio_14,Technical,3.185034526264256
DIVISLAB,days_to_expiry,Indian Calendar,3.01645097587707
DIVISLAB,atr_ratio_21,Technical,2.959253373968911
DIVISLAB,gk_vol_20,Volume,2.95733559946777
DIVISLAB,dxy_ret_5d,Global Macro,2.9462636282726296
DIVISLAB,week_of_year_sin,Other,2.9445742133945574
DIVISLAB,us_vix_zscore,Global Macro,2.829737553782077
DIVISLAB,parkinson_20,Other,2.7512120414567467
DIVISLAB,sp500_ret_prev,Global Macro,2.6994802492770615
DIVISLAB,nasdaq_ret_prev,Global Macro,2.6432480077021308
DIVISLAB,hist_vol_50,Volume,2.571918334303095
DIVISLAB,us_vix_spike,Global Macro,1.013708286835937
DIVISLAB,pre_results_drift,Other,0.8514884811819027
DIVISLAB,post_results_day,Other,0.0
DLF,adx_21,Technical,75.29780746603177
DLF,skew_50,Statistical,72.51846795221965
DLF,sp500_ret_prev,Global Macro,72.37723592247256
DLF,crude_ret_20d,Global Macro,71.16602563053219
DLF,crude_ret_5d,Global Macro,71.09219531632927
DLF,days_to_budget,Indian Calendar,69.89020408083863
DLF,skew_10,Statistical,66.53286000558421
DLF,dxy_ret_prev,Global Macro,65.87025663295952
DLF,nikkei_ret_prev,Global Macro,64.8743801598249
DLF,niftybank_ret_5d,Price / Return,64.26615842193742
DLF,earnings_proximity,Other,62.0787272140818
DLF,sector_corr_30d,Other,60.91372722812549
DLF,nikkei_ret_5d,Global Macro,59.17906161020265
DLF,us_vix_level,Global Macro,58.7682221194196
DLF,crude_ret_prev,Global Macro,57.98307526998729
DLF,niftybank_ret_prev,Price / Return,57.90080018637888
DLF,nifty50_ret_5d,Price / Return,54.461856970254416
DLF,dxy_ret_5d,Global Macro,54.295917162933456
DLF,nifty50_ret_prev,Price / Return,51.78190817034771
DLF,gk_vol_10,Volume,51.760991870142554
DLF,dxy_ret_20d,Global Macro,51.00196977763644
DLF,sp500_ret_5d,Global Macro,49.813166293888685
DLF,dist_lo_126,Other,49.79258627445918
DLF,us_vix_regime,Global Macro,48.429252173557344
DLF,days_to_expiry,Indian Calendar,48.14857179639742
DLF,vol_lag_20,Volume,47.69996580900566
DLF,us_vix_zscore,Global Macro,46.93946560157469
DLF,niftybank_ret_20d,Price / Return,45.10059850920997
DLF,nifty50_ret_20d,Price / Return,44.717842390942124
DLF,week_of_year_sin,Other,43.973086492666766
DLF,price_sma_5,Technical,43.9277171162779
DLF,hist_vol_50,Volume,43.55479581031392
DLF,price_ema_100,Technical,42.868340623905056
DLF,trend_strength,Regime,42.82548768058774
DLF,garch_surprise,Other,40.964266015017614
DLF,dist_lo_252,Other,40.84959956615832
DLF,garch_vol,Other,40.32018238092245
DLF,atr_ratio_14,Technical,40.07088860556756
DLF,alpha_vs_niftybank_1d,Other,38.481707952772936
DLF,plus_di_21,Other,34.99733117021785
DLF,days_to_earnings,Other,31.593216304281263
DLF,week_of_year_cos,Other,29.79128257957457
DLF,is_result_season,Indian Calendar,28.955747442099593
DLF,garch_vol_regime,Volume,21.584082582702703
DLF,us_vix_spike,Global Macro,16.641808727878562
DLF,is_budget_week,Indian Calendar,8.068855979463322
DLF,is_rbi_week,Indian Calendar,7.13566587426042
DLF,pre_results_drift,Other,6.708300516616443
DLF,is_results_week,Other,4.718405217578232
DLF,post_results_day,Other,1.891608153604702e-20
DMART,earnings_proximity,Other,39.32841906847104
DMART,kurt_50,Statistical,32.48938216859474
DMART,kurt_20,Statistical,31.42489338190197
DMART,obv_ratio,Technical,26.340215054631415
DMART,bb_width_10,Technical,26.16552746048181
DMART,skew_50,Statistical,25.319805894178614
DMART,us_vix_level,Global Macro,25.187351554744353
DMART,dxy_ret_20d,Global Macro,24.504976751602037
DMART,skew_20,Statistical,24.283561376804304
DMART,bb_width_20,Technical,24.17977118632032
DMART,adx_14,Technical,23.068752957223445
DMART,crude_ret_20d,Global Macro,22.730169915413796
DMART,dxy_ret_prev,Global Macro,22.492065639125673
DMART,sp500_ret_prev,Global Macro,22.153458955301392
DMART,days_to_budget,Indian Calendar,21.97350187807996
DMART,nifty50_ret_prev,Price / Return,21.847127625465994
DMART,niftybank_ret_20d,Price / Return,21.650464208474105
DMART,sector_vol_10d,Volume,21.544549157277338
DMART,nikkei_ret_prev,Global Macro,21.348918166354224
DMART,sector_corr_60d,Other,20.163830931953978
DMART,bb_width_50,Technical,19.974475472237064
DMART,cross_ratio,Other,19.886811654405527
DMART,crude_ret_prev,Global Macro,19.05611022821095
DMART,hist_vol_50,Volume,18.973179885090627
DMART,price_sma_5,Technical,18.26749464738005
DMART,sp500_ret_5d,Global Macro,18.173585525504187
DMART,macd_hist_pct_5_35,Technical,18.016178239184033
DMART,gk_vol_20,Volume,17.61017708229402
DMART,sector_corr_30d,Other,17.492430900559402
DMART,dist_hi_52,Other,17.44467007403329
DMART,dxy_ret_5d,Global Macro,17.137583539524968
DMART,nifty50_ret_5d,Price / Return,17.051197065718164
DMART,days_to_expiry,Indian Calendar,16.97857187091957
DMART,nifty50_ret_20d,Price / Return,16.97541012447289
DMART,us_vix_zscore,Global Macro,16.417275083149445
DMART,macd_signal_pct_12_26,Technical,15.89726284952874
DMART,days_to_earnings,Other,15.851432370533152
DMART,hist_vol_20,Volume,15.312006553550619
DMART,week_of_year_cos,Other,15.212799094433919
DMART,gk_vol_10,Volume,15.196594655824542
DMART,minus_di_21,Other,13.972788759472463
DMART,parkinson_10,Other,13.840642704442608
DMART,roc_50,Other,12.818668191649156
DMART,dist_lo_126,Other,12.202383692379371
DMART,week_of_year_sin,Other,11.820834338210547
DMART,dist_lo_52,Other,11.377723556731228
DMART,price_sma_100,Technical,11.089745170186381
DMART,us_vix_spike,Global Macro,5.8729282919667405
DMART,pre_results_drift,Other,3.5460214487634936
DMART,post_results_day,Other,0.0
DRREDDY,crude_ret_20d,Global Macro,55.08403563814707
DRREDDY,sp500_ret_prev,Global Macro,54.529170519116825
DRREDDY,skew_50,Statistical,50.2604729503729
DRREDDY,nikkei_ret_prev,Global Macro,49.005167272928716
DRREDDY,kurt_20,Statistical,48.96977420831382
DRREDDY,obv_ratio,Technical,48.642884991198144
DRREDDY,niftybank_ret_20d,Price / Return,48.62098904580422
DRREDDY,crude_ret_prev,Global Macro,48.150102232793785
DRREDDY,kurt_50,Statistical,48.14944758436972
DRREDDY,earnings_proximity,Other,46.007956660615996
DRREDDY,skew_20,Statistical,45.55496844258372
DRREDDY,nifty50_ret_prev,Price / Return,45.49240416885859
DRREDDY,kurt_10,Statistical,41.853444496637785
DRREDDY,days_to_budget,Indian Calendar,41.84494601552641
DRREDDY,sp500_ret_5d,Global Macro,39.984688850794996
DRREDDY,nifty50_ret_5d,Price / Return,39.80219814687268
DRREDDY,sp500_ret_20d,Global Macro,39.37351960160479
DRREDDY,cross_ratio,Other,38.141594105806014
DRREDDY,macd_hist_pct_5_35,Technical,37.44212210737789
DRREDDY,dxy_ret_5d,Global Macro,36.72899449384004
DRREDDY,nasdaq_ret_5d,Global Macro,35.96888940529003
DRREDDY,parkinson_20,Other,35.13668524844323
DRREDDY,dxy_ret_prev,Global Macro,34.62665950007168
DRREDDY,adx_14,Technical,32.420440591070886
DRREDDY,sector_mom_5d,Other,32.40149080663663
DRREDDY,atr_ratio_7,Technical,31.99633703404235
DRREDDY,sector_vol_10d,Volume,31.372090844677647
DRREDDY,dist_lo_52,Other,30.859744044786833
DRREDDY,sector_corr_60d,Other,30.61976886878995
DRREDDY,dist_lo_252,Other,30.381932742638995
DRREDDY,us_vix_level,Global Macro,27.820234276534475
DRREDDY,macd_signal_pct_12_26,Technical,27.612949270908107
DRREDDY,us_vix_zscore,Global Macro,25.855527309089915
DRREDDY,dxy_ret_20d,Global Macro,25.797217770968736
DRREDDY,di_diff_14,Other,24.170416396315165
DRREDDY,macd_signal_pct_5_35,Technical,22.93436705441172
DRREDDY,price_ema_200,Technical,22.742883612981256
DRREDDY,plus_di_21,Other,22.217049790809018
DRREDDY,mon_sin,Other,22.175730109370114
DRREDDY,minus_di_14,Other,21.8704805936386
DRREDDY,stoch_d_9,Technical,20.890535564525923
DRREDDY,week_of_year_sin,Other,20.497097629526603
DRREDDY,price_sma_100,Technical,20.43108081103012
DRREDDY,week_of_year_cos,Other,20.191094032668833
DRREDDY,pos_hi_52,Other,18.33890476670769
DRREDDY,days_to_earnings,Other,15.699463508402765
DRREDDY,days_to_rbi,Indian Calendar,12.486826658659307
DRREDDY,us_vix_spike,Global Macro,9.648057108264469
DRREDDY,pre_results_drift,Other,5.774133769760497
DRREDDY,post_results_day,Other,0.0
EICHERMOT,kurt_20,Statistical,80.72290138836424
EICHERMOT,crude_ret_20d,Global Macro,78.49671200692862
EICHERMOT,crude_ret_prev,Global Macro,76.10872235309033
EICHERMOT,kurt_50,Statistical,72.96761267924298
EICHERMOT,nikkei_ret_prev,Global Macro,71.1551143208473
EICHERMOT,dist_lo_252,Other,71.10278481846152
EICHERMOT,bb_width_20,Technical,69.83024723841753
EICHERMOT,sp500_ret_20d,Global Macro,68.48085039064331
EICHERMOT,nifty50_ret_prev,Price / Return,66.89077460090803
EICHERMOT,vol_lag_20,Volume,66.11012636146272
EICHERMOT,skew_50,Statistical,65.13901287423373
EICHERMOT,sp500_ret_prev,Global Macro,64.7941502455235
EICHERMOT,hist_vol_50,Volume,61.857928890957915
EICHERMOT,earnings_proximity,Other,58.98933561219052
EICHERMOT,sector_corr_60d,Other,57.438825406118546
EICHERMOT,days_to_budget,Indian Calendar,56.867152173789236
EICHERMOT,roc_50,Other,55.943903628164556
EICHERMOT,dxy_ret_prev,Global Macro,55.24913198516728
EICHERMOT,sector_corr_30d,Other,52.03401173019363
EICHERMOT,sp500_ret_5d,Global Macro,51.14116384608693
EICHERMOT,dist_lo_126,Other,50.73125302311544
EICHERMOT,dxy_ret_5d,Global Macro,49.44908966773353
EICHERMOT,hist_vol_5,Volume,49.322676893203365
EICHERMOT,sector_mom_20d,Other,48.69404380779699
EICHERMOT,nifty50_ret_5d,Price / Return,48.50165332921177
EICHERMOT,gk_vol_10,Volume,47.31337534884718
EICHERMOT,sector_vol_10d,Volume,46.81545336096347
EICHERMOT,macd_hist_pct_12_26,Technical,46.06316801636238
EICHERMOT,garch_vol,Other,45.31199361926212
EICHERMOT,adx_21,Technical,44.6926347152676
EICHERMOT,parkinson_10,Other,44.31499879754104
EICHERMOT,minus_di_21,Other,43.398110334995216
EICHERMOT,hist_vol_10,Volume,42.30314474628963
EICHERMOT,bb_pos_10,Technical,41.314694695320846
EICHERMOT,zscore_10,Statistical,41.31469469531308
EICHERMOT,dist_hi_20,Other,41.30249008752588
EICHERMOT,plus_di_14,Other,41.048474425969104
EICHERMOT,minus_di_14,Other,40.36276525968479
EICHERMOT,us_vix_level,Global Macro,36.896294775773065
EICHERMOT,cci_14,Technical,34.30694291303721
EICHERMOT,di_diff_14,Other,34.21712491422983
EICHERMOT,us_vix_zscore,Global Macro,32.57020263881032
EICHERMOT,macd_pct_5_35,Technical,32.24233987762791
EICHERMOT,week_of_year_cos,Other,29.167273085313738
EICHERMOT,rsi_14,Technical,26.28303678562765
EICHERMOT,days_to_earnings,Other,26.076734871550382
EICHERMOT,us_vix_spike,Global Macro,12.376783244870216
EICHERMOT,pre_results_drift,Other,7.131680140112694
EICHERMOT,is_rbi_week,Indian Calendar,7.000627756233372
EICHERMOT,post_results_day,Other,2.2722344390558984e-28
ETERNAL,garch_vol,Other,40.651113058960185
ETERNAL,nikkei_ret_prev,Global Macro,31.66430719840668
ETERNAL,obv_ratio,Technical,30.89342953960003
ETERNAL,dxy_ret_prev,Global Macro,30.777501056564567
ETERNAL,earnings_proximity,Other,30.17669359262045
ETERNAL,adx_14,Technical,29.928762713090023
ETERNAL,days_to_budget,Indian Calendar,28.89726006395185
ETERNAL,crude_ret_5d,Global Macro,28.11144038043592
ETERNAL,niftybank_ret_prev,Price / Return,27.198153226287193
ETERNAL,sp500_ret_20d,Global Macro,26.29917569552016
ETERNAL,kurt_50,Statistical,25.809697020182497
ETERNAL,crude_ret_prev,Global Macro,25.71340642488874
ETERNAL,niftybank_ret_5d,Price / Return,25.130165710470383
ETERNAL,crude_ret_20d,Global Macro,25.023903756331922
ETERNAL,sp500_ret_5d,Global Macro,24.926158281473214
ETERNAL,nasdaq_ret_5d,Global Macro,24.87261602079099
ETERNAL,trend_20,Regime,24.335518867711265
ETERNAL,nikkei_ret_5d,Global Macro,23.992298676620848
ETERNAL,us_vix_level,Global Macro,23.895340068577493
ETERNAL,nifty50_ret_prev,Price / Return,23.892723470659686
ETERNAL,dxy_ret_5d,Global Macro,22.981125057242597
ETERNAL,hist_vol_50,Volume,22.953796080254754
ETERNAL,dxy_ret_20d,Global Macro,22.863672736789457
ETERNAL,dist_hi_52,Other,21.685166154843134
ETERNAL,sector_avg_ret,Other,21.521656680819174
ETERNAL,us_vix_ret_1d,Global Macro,21.186513481148182
ETERNAL,nifty50_ret_5d,Price / Return,20.24249547950422
ETERNAL,us_vix_zscore,Global Macro,20.102317500387674
ETERNAL,niftybank_ret_20d,Price / Return,19.925241538870313
ETERNAL,sp500_ret_prev,Global Macro,19.672764396885466
ETERNAL,nifty50_ret_20d,Price / Return,19.477547564911557
ETERNAL,nasdaq_ret_prev,Global Macro,19.472146345127786
ETERNAL,us_vix_regime,Global Macro,18.993693041628596
ETERNAL,ret_2d,Price / Return,18.340633812771966
ETERNAL,alpha_vs_niftybank_1d,Other,17.0110727058815
ETERNAL,days_to_expiry,Indian Calendar,16.550106646631985
ETERNAL,garch_surprise,Other,16.082646674613635
ETERNAL,days_to_rbi,Indian Calendar,15.44124025052995
ETERNAL,garch_vol_regime,Volume,13.939940020976271
ETERNAL,days_to_earnings,Other,13.496886264633005
ETERNAL,pos_hi_126,Other,11.882107878522817
ETERNAL,is_result_season,Indian Calendar,11.612156842035754
ETERNAL,is_expiry_week,Indian Calendar,7.3996631352069215
ETERNAL,is_rbi_week,Indian Calendar,7.345878269497541
ETERNAL,us_vix_spike,Global Macro,6.518832034555903
ETERNAL,pre_results_drift,Other,3.701330658845298
ETERNAL,is_budget_week,Indian Calendar,2.912924514689112
ETERNAL,is_results_week,Other,2.564049326314235
ETERNAL,is_expiry_day,Indian Calendar,2.4009661402626237
ETERNAL,post_results_day,Other,5.807391496131101e-22
EXIDEIND,kurt_10,Statistical,36.83709551282982
EXIDEIND,days_to_budget,Indian Calendar,32.57884917239037
EXIDEIND,us_vix_level,Global Macro,31.452994401932035
EXIDEIND,nikkei_ret_prev,Global Macro,29.214162651687534
EXIDEIND,adx_14,Technical,27.926822639018095
EXIDEIND,bb_width_50,Technical,27.199822350656145
EXIDEIND,skew_20,Statistical,26.895576819597654
EXIDEIND,bb_width_20,Technical,26.65022662063581
EXIDEIND,crude_ret_prev,Global Macro,26.102900472726372
EXIDEIND,sp500_ret_prev,Global Macro,25.25223571607312
EXIDEIND,niftybank_ret_5d,Price / Return,24.632034118910326
EXIDEIND,sp500_ret_5d,Global Macro,23.68643138073882
EXIDEIND,bb_width_10,Technical,23.59637243929522
EXIDEIND,nifty50_ret_prev,Price / Return,22.851461421720963
EXIDEIND,dxy_ret_20d,Global Macro,22.529544663944904
EXIDEIND,sector_corr_30d,Other,22.394270459099697
EXIDEIND,earnings_proximity,Other,22.070188565939013
EXIDEIND,kurt_50,Statistical,21.374676190468826
EXIDEIND,dxy_ret_prev,Global Macro,21.190667922494445
EXIDEIND,sector_corr_60d,Other,20.863319232020466
EXIDEIND,dist_hi_252,Other,20.36121969588503
EXIDEIND,days_to_expiry,Indian Calendar,20.35218797422648
EXIDEIND,plus_di_14,Other,20.316188769115733
EXIDEIND,dxy_ret_5d,Global Macro,18.808616874246077
EXIDEIND,nifty50_ret_5d,Price / Return,18.719298888810208
EXIDEIND,dist_lo_252,Other,18.593356917914686
EXIDEIND,adx_21,Technical,18.376013394619335
EXIDEIND,us_vix_zscore,Global Macro,18.047313035105475
EXIDEIND,cross_ratio,Other,17.34081216487709
EXIDEIND,hist_vol_10,Volume,16.764555253069457
EXIDEIND,minus_di_21,Other,16.26697152682218
EXIDEIND,atr_ratio_21,Technical,16.197375234449673
EXIDEIND,dist_lo_52,Other,15.823478114448138
EXIDEIND,week_of_year_cos,Other,15.668636221310896
EXIDEIND,minus_di_14,Other,14.949632766529213
EXIDEIND,gk_vol_10,Volume,14.597370633359294
EXIDEIND,cci_20,Technical,14.44126470593257
EXIDEIND,gk_vol_20,Volume,14.283057282397701
EXIDEIND,rsi_21,Technical,14.014481022576986
EXIDEIND,is_result_season,Indian Calendar,13.875952843527298
EXIDEIND,week_of_year_sin,Other,13.666309430002322
EXIDEIND,pos_hi_252,Other,13.408747506032771
EXIDEIND,parkinson_20,Other,13.221222138323835
EXIDEIND,atr_ratio_14,Technical,13.20796786482127
EXIDEIND,stoch_d_21,Technical,12.653696231687478
EXIDEIND,days_to_rbi,Indian Calendar,11.727855137888852
EXIDEIND,days_to_earnings,Other,11.381778811932875
EXIDEIND,us_vix_spike,Global Macro,6.457792913961785
EXIDEIND,pre_results_drift,Other,2.8501500115106646
EXIDEIND,post_results_day,Other,0.0
FEDERALBNK,kurt_20,Statistical,200.76418023177447
FEDERALBNK,kurt_50,Statistical,188.78063664255103
FEDERALBNK,crude_ret_20d,Global Macro,183.28092485250724
FEDERALBNK,dist_hi_252,Other,176.34249966737679
FEDERALBNK,vol_lag_3,Volume,172.40211103225306
FEDERALBNK,skew_50,Statistical,169.41433115779037
FEDERALBNK,nikkei_ret_prev,Global Macro,168.54562567508785
FEDERALBNK,crude_ret_5d,Global Macro,163.15664544461555
FEDERALBNK,crude_ret_prev,Global Macro,161.57553360932863
FEDERALBNK,price_sma_100,Technical,159.82339058267203
FEDERALBNK,sector_mom_20d,Other,157.10917837650274
FEDERALBNK,sp500_ret_prev,Global Macro,156.55705304407738
FEDERALBNK,niftybank_ret_20d,Price / Return,151.8088517845853
FEDERALBNK,dxy_ret_prev,Global Macro,149.80626324170802
FEDERALBNK,vol_change_5d,Volume,144.05903131310015
FEDERALBNK,earnings_proximity,Other,141.69812906604758
FEDERALBNK,cross_ratio,Other,136.08476579327947
FEDERALBNK,dxy_ret_5d,Global Macro,134.39665227052643
FEDERALBNK,dist_lo_252,Other,134.23862363764744
FEDERALBNK,niftybank_ret_prev,Price / Return,131.88829202241232
FEDERALBNK,niftybank_ret_5d,Price / Return,125.86610745637887
FEDERALBNK,nifty50_ret_prev,Price / Return,119.88147997967415
FEDERALBNK,bb_width_10,Technical,118.26472190318945
FEDERALBNK,nikkei_ret_5d,Global Macro,115.10357513283
FEDERALBNK,nifty50_ret_5d,Price / Return,113.27794399532098
FEDERALBNK,hist_vol_50,Volume,113.18470958730687
FEDERALBNK,hist_vol_10,Volume,111.83932567009681
FEDERALBNK,price_sma_10,Technical,111.77631409357004
FEDERALBNK,sp500_ret_5d,Global Macro,111.0672855466909
FEDERALBNK,days_to_expiry,Indian Calendar,107.28087009918345
FEDERALBNK,nasdaq_ret_5d,Global Macro,102.99350411271692
FEDERALBNK,price_ema_20,Technical,102.73488795769325
FEDERALBNK,dxy_ret_20d,Global Macro,98.90532317592309
FEDERALBNK,us_vix_level,Global Macro,98.5740662598951
FEDERALBNK,mon_sin,Other,96.01638139804778
FEDERALBNK,week_of_year_sin,Other,94.33289585342123
FEDERALBNK,bb_pos_20,Technical,90.00193224532653
FEDERALBNK,di_diff_14,Other,87.20263540395563
FEDERALBNK,us_vix_zscore,Global Macro,82.48806885044306
FEDERALBNK,stoch_d_9,Technical,70.45467309175118
FEDERALBNK,days_to_earnings,Other,60.53499814611021
FEDERALBNK,week_of_year_cos,Other,55.39098762430149
FEDERALBNK,days_to_rbi,Indian Calendar,51.854456244575424
FEDERALBNK,us_vix_spike,Global Macro,30.163284093848226
FEDERALBNK,is_rbi_week,Indian Calendar,27.512859596083
FEDERALBNK,pre_results_drift,Other,18.72117654260466
FEDERALBNK,post_results_day,Other,0.0
GAIL,obv_ratio,Technical,39.25164315132372
GAIL,kurt_50,Statistical,31.861665702264773
GAIL,kurt_20,Statistical,31.358842496488307
GAIL,nifty50_ret_prev,Price / Return,30.894594141008973
GAIL,crude_ret_20d,Global Macro,30.667724123815155
GAIL,nikkei_ret_prev,Global Macro,30.477135760700826
GAIL,sp500_ret_prev,Global Macro,28.835043184369137
GAIL,dxy_ret_prev,Global Macro,28.73672102950787
GAIL,vol_lag_5,Volume,27.670401710722583
GAIL,sp500_ret_5d,Global Macro,27.510266612683512
GAIL,dxy_ret_5d,Global Macro,26.928171866885414
GAIL,earnings_proximity,Other,26.700066448126247
GAIL,niftybank_ret_5d,Price / Return,26.57843648201049
GAIL,crude_ret_prev,Global Macro,26.239665163648443
GAIL,bb_width_20,Technical,25.71722124337603
GAIL,dxy_ret_20d,Global Macro,25.373981956306
GAIL,hist_vol_50,Volume,25.313047245431676
GAIL,sector_corr_60d,Other,25.0309576934001
GAIL,sector_corr_30d,Other,24.814985003476455
GAIL,skew_50,Statistical,24.325606734021726
GAIL,skew_20,Statistical,24.29322062841985
GAIL,nasdaq_ret_5d,Global Macro,24.11115355052042
GAIL,cross_ratio,Other,24.07809400074569
GAIL,niftybank_ret_20d,Price / Return,23.1909512729535
GAIL,dist_hi_252,Other,22.95740081399108
GAIL,nifty50_ret_5d,Price / Return,22.819779603668454
GAIL,nifty50_ret_20d,Price / Return,22.503838525180885
GAIL,us_vix_level,Global Macro,21.252584439149228
GAIL,price_sma_20,Technical,21.19824894556319
GAIL,adx_21,Technical,21.154809796792225
GAIL,macd_signal_pct_5_35,Technical,21.09524786103809
GAIL,days_to_budget,Indian Calendar,21.034620032129236
GAIL,hist_vol_10,Volume,20.383114792929707
GAIL,us_vix_zscore,Global Macro,20.227255736621558
GAIL,hist_vol_20,Volume,19.27578779075673
GAIL,dist_lo_252,Other,18.519027395498288
GAIL,skew_10,Statistical,18.334324713759507
GAIL,bb_pos_20,Technical,18.29052433524008
GAIL,dist_lo_20,Other,18.27879882620469
GAIL,gk_vol_10,Volume,17.814404462499404
GAIL,atr_ratio_7,Technical,17.74585308698074
GAIL,stoch_d_14,Technical,17.04711476253009
GAIL,bb_pos_50,Technical,17.00899453351233
GAIL,days_to_expiry,Indian Calendar,12.645984820665745
GAIL,week_of_year_cos,Other,11.379295028536871
GAIL,week_of_year_sin,Other,10.896655425062267
GAIL,days_to_earnings,Other,10.486546976915353
GAIL,us_vix_spike,Global Macro,7.827160390524686
GAIL,pre_results_drift,Other,2.786825783100715
GAIL,post_results_day,Other,0.0
GODREJCP,vol_lag_1,Volume,17.032433195923687
GODREJCP,sp500_ret_prev,Global Macro,16.846700120994367
GODREJCP,crude_ret_20d,Global Macro,16.576810416053487
GODREJCP,days_to_budget,Indian Calendar,16.321290029920025
GODREJCP,hist_vol_5,Volume,15.451740412604199
GODREJCP,sector_corr_60d,Other,14.621562106140518
GODREJCP,kurt_50,Statistical,14.45067548193045
GODREJCP,crude_ret_prev,Global Macro,13.713729954864412
GODREJCP,sp500_ret_20d,Global Macro,12.777998434896864
GODREJCP,nikkei_ret_prev,Global Macro,12.489084844271018
GODREJCP,adx_14,Technical,12.3578549305663
GODREJCP,adx_21,Technical,11.617881502139602
GODREJCP,earnings_proximity,Other,11.33549150069663
GODREJCP,nifty50_ret_5d,Price / Return,11.108460119513426
GODREJCP,sector_vol_10d,Volume,10.940917122724787
GODREJCP,dxy_ret_prev,Global Macro,10.764200640972357
GODREJCP,us_vix_level,Global Macro,10.65929733886752
GODREJCP,dxy_ret_20d,Global Macro,10.511220291368746
GODREJCP,price_sma_200,Technical,10.488374095619681
GODREJCP,hist_vol_20,Volume,10.445050708767397
GODREJCP,nifty50_ret_prev,Price / Return,10.440874209741354
GODREJCP,sector_mom_20d,Other,10.155818397021973
GODREJCP,bb_width_50,Technical,10.024954294629104
GODREJCP,dxy_ret_5d,Global Macro,9.693544583552866
GODREJCP,mon_sin,Other,9.27050049092664
GODREJCP,bb_width_20,Technical,9.17955763014452
GODREJCP,week_of_year_sin,Other,8.512021932731848
GODREJCP,parkinson_20,Other,8.416089446088039
GODREJCP,atr_ratio_14,Technical,8.117638047242497
GODREJCP,macd_hist_pct_12_26,Technical,8.097156081767594
GODREJCP,atr_ratio_21,Technical,8.042755072108388
GODREJCP,macd_signal_pct_12_26,Technical,7.92573461227751
GODREJCP,sp500_ret_5d,Global Macro,7.540442427105133
GODREJCP,nasdaq_ret_5d,Global Macro,6.956811814333555
GODREJCP,rsi_28,Technical,6.552278940169937
GODREJCP,us_vix_zscore,Global Macro,6.472590991805761
GODREJCP,minus_di_21,Other,6.030794826359334
GODREJCP,dist_hi_20,Other,5.735604944272271
GODREJCP,dist_lo_52,Other,4.972128564783882
GODREJCP,cci_14,Technical,4.8604757025349254
GODREJCP,zscore_10,Statistical,4.764270776228566
GODREJCP,price_sma_20,Technical,4.404727060944823
GODREJCP,days_to_earnings,Other,4.355161534435759
GODREJCP,stoch_d_9,Technical,4.332370737715758
GODREJCP,minus_di_14,Other,4.210451332976918
GODREJCP,stoch_d_14,Technical,4.041720827266298
GODREJCP,dist_lo_20,Other,3.6193530087164616
GODREJCP,us_vix_spike,Global Macro,2.251977930736206
GODREJCP,pre_results_drift,Other,1.1411747903679497
GODREJCP,post_results_day,Other,0.0
GODREJPROP,alpha_vs_niftybank_1d,Other,182.4671944989797
GODREJPROP,bb_width_20,Technical,179.39280755126796
GODREJPROP,dxy_ret_prev,Global Macro,169.82379666363133
GODREJPROP,sector_vol_10d,Volume,169.06340273555983
GODREJPROP,sp500_ret_prev,Global Macro,167.40072751683422
GODREJPROP,crude_ret_prev,Global Macro,165.55789125968258
GODREJPROP,nikkei_ret_prev,Global Macro,162.9833388243172
GODREJPROP,kurt_20,Statistical,162.51233161828407
GODREJPROP,niftybank_ret_prev,Price / Return,149.4021636653816
GODREJPROP,kurt_10,Statistical,148.14864145036583
GODREJPROP,niftybank_ret_5d,Price / Return,147.6106559152539
GODREJPROP,crude_ret_20d,Global Macro,146.38953687124754
GODREJPROP,crude_ret_5d,Global Macro,145.32543060655343
GODREJPROP,skew_20,Statistical,143.93769356246364
GODREJPROP,garch_vol,Other,142.776679349672
GODREJPROP,earnings_proximity,Other,142.6969933698021
GODREJPROP,hist_vol_50,Volume,142.37585020532953
GODREJPROP,dxy_ret_5d,Global Macro,136.73103297442248
GODREJPROP,niftybank_ret_20d,Price / Return,134.9017628615398
GODREJPROP,days_to_budget,Indian Calendar,134.03707782608288
GODREJPROP,nifty50_ret_prev,Price / Return,132.33205265256106
GODREJPROP,dxy_ret_20d,Global Macro,130.16109633558767
GODREJPROP,macd_hist_pct_12_26,Technical,126.72547433308931
GODREJPROP,nifty50_ret_5d,Price / Return,124.12519125560823
GODREJPROP,us_vix_level,Global Macro,117.31643039841167
GODREJPROP,days_to_expiry,Indian Calendar,117.02040071926345
GODREJPROP,sp500_ret_5d,Global Macro,116.17207989530372
GODREJPROP,hist_vol_5,Volume,115.42600100523602
GODREJPROP,nifty50_ret_20d,Price / Return,114.33712562838367
GODREJPROP,dist_lo_252,Other,111.81516275693876
GODREJPROP,roc_10,Other,108.51854796900261
GODREJPROP,us_vix_zscore,Global Macro,106.04209355400654
GODREJPROP,trend_strength,Regime,98.91627011864526
GODREJPROP,gk_vol_20,Volume,92.85211364914194
GODREJPROP,hist_vol_20,Volume,91.86128902817735
GODREJPROP,dist_lo_126,Other,90.78679501026306
GODREJPROP,days_to_rbi,Indian Calendar,89.24508991180794
GODREJPROP,macd_pct_5_35,Technical,84.2639520110577
GODREJPROP,days_to_earnings,Other,81.06491745364428
GODREJPROP,rsi_14,Technical,78.41117893214509
GODREJPROP,is_result_season,Indian Calendar,71.8288256081399
GODREJPROP,week_of_year_sin,Other,71.60817025172636
GODREJPROP,stoch_d_21,Technical,62.61414039618927
GODREJPROP,is_expiry_week,Indian Calendar,58.033641582242694
GODREJPROP,garch_vol_regime,Volume,51.809959506599895
GODREJPROP,us_vix_spike,Global Macro,43.04078599986922
GODREJPROP,pre_results_drift,Other,17.97949466553748
GODREJPROP,is_budget_week,Indian Calendar,15.24990886132986
GODREJPROP,is_results_week,Other,12.49324618655338
GODREJPROP,post_results_day,Other,4.1545146317187946e-22
GRASIM,nikkei_ret_prev,Global Macro,1377.9281728007131
GRASIM,obv_ratio,Technical,1349.224892409396
GRASIM,sp500_ret_prev,Global Macro,1342.323657172547
GRASIM,ret_lag_3,Price / Return,1312.38019943023
GRASIM,nifty50_ret_prev,Price / Return,1282.4989130141748
GRASIM,crude_ret_20d,Global Macro,1278.500322031621
GRASIM,kurt_50,Statistical,1164.8157244009562
GRASIM,macd_hist_pct_12_26,Technical,1109.3906770347967
GRASIM,cross_ratio,Other,1105.6067753583313
GRASIM,crude_ret_prev,Global Macro,1100.09230125349
GRASIM,kurt_20,Statistical,1041.3907936390528
GRASIM,niftybank_ret_5d,Price / Return,1033.4613437137878
GRASIM,sp500_ret_5d,Global Macro,1032.8637191741639
GRASIM,earnings_proximity,Other,1020.7604272729101
GRASIM,adx_21,Technical,1008.4209937424263
GRASIM,dxy_ret_prev,Global Macro,976.2939375416903
GRASIM,niftybank_ret_20d,Price / Return,912.9575897245065
GRASIM,nifty50_ret_5d,Price / Return,911.8159264554232
GRASIM,sector_vol_10d,Volume,908.2288455441405
GRASIM,dist_hi_52,Other,906.4139214216076
GRASIM,skew_20,Statistical,901.1827256888521
GRASIM,roc_50,Other,884.9894142265077
GRASIM,minus_di_14,Other,869.1736635628082
GRASIM,dxy_ret_5d,Global Macro,840.4832799676203
GRASIM,days_to_expiry,Indian Calendar,822.8070528209821
GRASIM,nifty50_ret_20d,Price / Return,816.7397135413421
GRASIM,us_vix_level,Global Macro,802.6386719747874
GRASIM,minus_di_21,Other,786.147512425247
GRASIM,price_ema_200,Technical,776.4991945198805
GRASIM,bb_width_10,Technical,732.9601629964084
GRASIM,us_vix_zscore,Global Macro,721.0129985960195
GRASIM,dist_lo_252,Other,719.0925245706353
GRASIM,sector_corr_60d,Other,697.0567452941185
GRASIM,price_sma_50,Technical,695.4460718291394
GRASIM,gk_vol_20,Volume,687.1151372660588
GRASIM,parkinson_10,Other,669.9520022170294
GRASIM,dist_lo_126,Other,638.3356820913726
GRASIM,macd_pct_12_26,Technical,636.9057683574491
GRASIM,atr_ratio_14,Technical,600.6675413599777
GRASIM,macd_pct_5_35,Technical,578.2262564962966
GRASIM,hist_vol_20,Volume,537.3028930635822
GRASIM,pos_hi_52,Other,485.80448171280744
GRASIM,days_to_earnings,Other,469.33180296629075
GRASIM,is_expiry_week,Indian Calendar,404.12213335015315
GRASIM,week_of_year_sin,Other,397.8977781644439
GRASIM,days_to_rbi,Indian Calendar,366.95903600415585
GRASIM,week_of_year_cos,Other,347.45889094627194
GRASIM,us_vix_spike,Global Macro,268.7556058808964
GRASIM,pre_results_drift,Other,99.60221421918976
GRASIM,post_results_day,Other,0.0
HAL,nifty50_ret_prev,Price / Return,20.783069577916013
HAL,kurt_20,Statistical,20.52798724965572
HAL,vol_ratio_50,Volume,19.07048608542379
HAL,sp500_ret_prev,Global Macro,18.747030774523395
HAL,crude_ret_prev,Global Macro,18.496760701976346
HAL,days_to_budget,Indian Calendar,17.920478884423375
HAL,vol_lag_1,Volume,17.913459008287028
HAL,crude_ret_20d,Global Macro,17.692279258041594
HAL,sp500_ret_20d,Global Macro,17.274788747717203
HAL,sector_avg_ret,Other,16.98077497163249
HAL,earnings_proximity,Other,16.781568036610075
HAL,nikkei_ret_prev,Global Macro,16.7382979349911
HAL,sp500_ret_5d,Global Macro,16.38285163312134
HAL,cross_ratio,Other,14.893189686760145
HAL,dxy_ret_prev,Global Macro,14.761821344947087
HAL,bb_width_20,Technical,14.61424080569334
HAL,bb_width_10,Technical,14.598627808419238
HAL,nifty50_ret_20d,Price / Return,13.875068856343525
HAL,sector_mom_5d,Other,13.476778740971138
HAL,dxy_ret_5d,Global Macro,13.45865843788922
HAL,roc_50,Other,13.194125191218479
HAL,nifty50_ret_5d,Price / Return,12.982334852693581
HAL,hist_vol_5,Volume,12.831632445207745
HAL,vol_lag_5,Volume,12.790599766341263
HAL,skew_20,Statistical,12.459495227012948
HAL,us_vix_zscore,Global Macro,12.387725460674863
HAL,parkinson_20,Other,12.298450987075961
HAL,dist_lo_252,Other,12.249677321806935
HAL,skew_50,Statistical,12.000993311631644
HAL,gk_vol_20,Volume,12.000452298599022
HAL,adx_14,Technical,11.983462310781313
HAL,atr_ratio_21,Technical,11.940694323607893
HAL,us_vix_level,Global Macro,11.854625043049051
HAL,dxy_ret_20d,Global Macro,11.829143232461101
HAL,sector_mom_20d,Other,11.195291105027739
HAL,sector_corr_60d,Other,10.993418532161646
HAL,price_ema_200,Technical,10.983945545661612
HAL,hist_vol_20,Volume,10.979702567777613
HAL,parkinson_10,Other,10.39975991963777
HAL,bb_width_50,Technical,10.358586562391626
HAL,rsi_14,Technical,9.90171152078324
HAL,dist_lo_126,Other,9.081494581393175
HAL,week_of_year_sin,Other,8.691325575119341
HAL,week_of_year_cos,Other,7.4593939915877066
HAL,days_to_earnings,Other,7.235023959094068
HAL,is_result_season,Indian Calendar,6.114759572160938
HAL,days_to_expiry,Indian Calendar,5.9024195634150765
HAL,us_vix_spike,Global Macro,4.386776916585941
HAL,pre_results_drift,Other,1.7206555428487338
HAL,post_results_day,Other,0.0
HAVELLS,kurt_50,Statistical,152.73386258401914
HAVELLS,kurt_20,Statistical,133.21412173257195
HAVELLS,nifty50_ret_prev,Price / Return,124.52268912329956
HAVELLS,nikkei_ret_prev,Global Macro,120.86645156806324
HAVELLS,sp500_ret_prev,Global Macro,117.31160597302767
HAVELLS,dxy_ret_prev,Global Macro,115.69132517317942
HAVELLS,earnings_proximity,Other,111.6144365919456
HAVELLS,niftybank_ret_5d,Price / Return,107.3211197680024
HAVELLS,dxy_ret_20d,Global Macro,107.20255459116662
HAVELLS,skew_50,Statistical,106.23188904229195
HAVELLS,hist_vol_50,Volume,106.2173090700163
HAVELLS,dist_lo_20,Other,104.67400180372947
HAVELLS,nifty50_ret_20d,Price / Return,104.09621897715611
HAVELLS,crude_ret_prev,Global Macro,103.57980709483195
HAVELLS,sp500_ret_20d,Global Macro,100.17319287163079
HAVELLS,hist_vol_5,Volume,95.22668683846973
HAVELLS,cci_14,Technical,93.68301077947412
HAVELLS,vol_lag_20,Volume,93.2317560299547
HAVELLS,bb_width_20,Technical,92.70187537212087
HAVELLS,adx_14,Technical,92.21189574405084
HAVELLS,sp500_ret_5d,Global Macro,90.92129445759825
HAVELLS,sector_corr_60d,Other,90.6155965455186
HAVELLS,us_vix_level,Global Macro,90.22315200767657
HAVELLS,days_to_budget,Indian Calendar,89.89595513145407
HAVELLS,skew_20,Statistical,89.72653519277873
HAVELLS,dxy_ret_5d,Global Macro,89.62355525865891
HAVELLS,adx_21,Technical,88.37296345346113
HAVELLS,sector_corr_30d,Other,88.2763626966842
HAVELLS,sector_vol_10d,Volume,86.78626629126285
HAVELLS,skew_10,Statistical,86.21387064486572
HAVELLS,nifty50_ret_5d,Price / Return,85.73739118525799
HAVELLS,nasdaq_ret_5d,Global Macro,84.15987782501708
HAVELLS,dist_lo_252,Other,83.17550646157636
HAVELLS,macd_signal_pct_12_26,Technical,79.71458050640355
HAVELLS,cross_ratio,Other,79.06702770862685
HAVELLS,stoch_d_21,Technical,74.41803374286764
HAVELLS,vol_ratio_10,Volume,73.17224791317496
HAVELLS,vol_change_5d,Volume,63.92402257683197
HAVELLS,week_of_year_cos,Other,63.07574742040303
HAVELLS,price_ema_200,Technical,62.29670185158962
HAVELLS,parkinson_10,Other,58.38901965821022
HAVELLS,dist_lo_126,Other,58.13791337816041
HAVELLS,atr_ratio_21,Technical,55.529257953338586
HAVELLS,pos_hi_252,Other,54.582826244571706
HAVELLS,atr_ratio_14,Technical,52.40243892112688
HAVELLS,us_vix_zscore,Global Macro,46.93477984309499
HAVELLS,days_to_earnings,Other,41.81342288790845
HAVELLS,us_vix_spike,Global Macro,21.537825035400886
HAVELLS,pre_results_drift,Other,13.807873076086064
HAVELLS,post_results_day,Other,0.0
HCLTECH,usdinr_ret_1d,Global Macro,62.40229772915358
HCLTECH,niftybank_ret_20d,Price / Return,61.48833289360026
HCLTECH,crude_ret_prev,Global Macro,60.13842924413358
HCLTECH,crude_ret_5d,Global Macro,58.77968060844741
HCLTECH,dxy_ret_5d,Global Macro,54.94187155010839
HCLTECH,crude_ret_20d,Global Macro,54.58820638325902
HCLTECH,dist_lo_252,Other,54.18919705428951
HCLTECH,sector_corr_30d,Other,53.312959268886715
HCLTECH,hist_vol_10,Volume,52.14997564826923
HCLTECH,dxy_ret_prev,Global Macro,51.82234052975661
HCLTECH,alpha_vs_usdinr_1d,Global Macro,51.74911357041279
HCLTECH,nikkei_ret_prev,Global Macro,50.17557304016031
HCLTECH,skew_10,Statistical,47.39021557990824
HCLTECH,nasdaq_ret_prev,Global Macro,46.87056335629408
HCLTECH,usdinr_ret_5d,Global Macro,46.13351746582972
HCLTECH,sector_corr_60d,Other,45.933752034432295
HCLTECH,dxy_ret_20d,Global Macro,45.0323186100685
HCLTECH,sp500_ret_prev,Global Macro,43.92361223538507
HCLTECH,nifty50_ret_prev,Price / Return,43.560642093097194
HCLTECH,sp500_ret_5d,Global Macro,41.60250232429158
HCLTECH,earnings_proximity,Other,40.827613245644166
HCLTECH,price_sma_5,Technical,39.92971983592939
HCLTECH,bb_width_50,Technical,39.91065235092618
HCLTECH,nasdaq_ret_5d,Global Macro,39.35908353264868
HCLTECH,us_vix_level,Global Macro,37.61304602378969
HCLTECH,dist_hi_252,Other,36.25446128075805
HCLTECH,usdinr_ret_20d,Global Macro,36.011427573923676
HCLTECH,nifty50_ret_5d,Price / Return,35.49911603108341
HCLTECH,alpha_vs_usdinr_5d,Global Macro,35.41770183236969
HCLTECH,trend_cons,Regime,31.681032378748167
HCLTECH,days_to_expiry,Indian Calendar,30.767971837889398
HCLTECH,usdinr_ma20_ratio,Global Macro,30.24146358942927
HCLTECH,dist_hi_126,Other,28.93833417330392
HCLTECH,mon_sin,Other,28.689143019839204
HCLTECH,us_vix_zscore,Global Macro,28.54819152856984
HCLTECH,roc_50,Other,28.457882952121626
HCLTECH,macd_signal_pct_12_26,Technical,28.411045069625956
HCLTECH,dist_lo_126,Other,28.40610176761889
HCLTECH,week_of_year_sin,Other,27.519000481481374
HCLTECH,rsi_14,Technical,27.45056009215775
HCLTECH,usdinr_rsi_14,Global Macro,25.94150095810141
HCLTECH,minus_di_14,Other,25.819769152305465
HCLTECH,cci_14,Technical,25.584034849102693
HCLTECH,ret_20d,Price / Return,23.73817681423116
HCLTECH,stoch_k_14,Technical,22.476708446007994
HCLTECH,pos_hi_126,Other,21.84721816663429
HCLTECH,days_to_earnings,Other,19.767863552526094
HCLTECH,us_vix_spike,Global Macro,10.161765747023232
HCLTECH,pre_results_drift,Other,5.256267039552543
HCLTECH,post_results_day,Other,0.0
HDFCBANK,kurt_20,Statistical,10.891902572617404
HDFCBANK,skew_50,Statistical,9.04687577292637
HDFCBANK,kurt_10,Statistical,8.656758913474574
HDFCBANK,obv_ratio,Technical,8.458197176561042
HDFCBANK,crude_ret_5d,Global Macro,7.6879944265263305
HDFCBANK,earnings_proximity,Other,6.973320657272677
HDFCBANK,skew_20,Statistical,6.896324192533054
HDFCBANK,adx_21,Technical,6.489350563402192
HDFCBANK,niftybank_ret_prev,Price / Return,5.976673476957414
HDFCBANK,crude_ret_20d,Global Macro,5.895891607937287
HDFCBANK,kurt_50,Statistical,5.8425957230506045
HDFCBANK,crude_ret_prev,Global Macro,5.572920500612033
HDFCBANK,sp500_ret_5d,Global Macro,5.44847664345939
HDFCBANK,sector_mom_20d,Other,5.443932939847826
HDFCBANK,bb_width_10,Technical,5.16999895325631
HDFCBANK,dist_lo_126,Other,5.164276452463885
HDFCBANK,nikkei_ret_prev,Global Macro,5.087955612088277
HDFCBANK,niftybank_ret_20d,Price / Return,5.0226773503101905
HDFCBANK,dxy_ret_prev,Global Macro,4.985437119850277
HDFCBANK,nifty50_ret_prev,Price / Return,4.920278938407338
HDFCBANK,us_vix_zscore,Global Macro,4.678378267384987
HDFCBANK,days_to_budget,Indian Calendar,4.56314471058106
HDFCBANK,dist_lo_252,Other,4.533464524818537
HDFCBANK,hist_vol_50,Volume,4.5200958936621225
HDFCBANK,dxy_ret_5d,Global Macro,4.487205158938326
HDFCBANK,bb_width_20,Technical,4.294685505767329
HDFCBANK,sp500_ret_prev,Global Macro,4.116464860181132
HDFCBANK,dxy_ret_20d,Global Macro,3.901384554081684
HDFCBANK,niftybank_ret_5d,Price / Return,3.70127516944554
HDFCBANK,cross_ratio,Other,3.632556045409191
HDFCBANK,minus_di_21,Other,3.5677019544355115
HDFCBANK,gk_vol_20,Volume,3.5670703810962388
HDFCBANK,sector_corr_60d,Other,3.3714237814614196
HDFCBANK,nifty50_ret_5d,Price / Return,3.219800420401016
HDFCBANK,sector_corr_30d,Other,3.145440214033986
HDFCBANK,us_vix_level,Global Macro,3.1446220798575326
HDFCBANK,week_of_year_sin,Other,3.0724728848755416
HDFCBANK,pos_hi_252,Other,3.059748048089149
HDFCBANK,dist_hi_252,Other,3.047253890944738
HDFCBANK,dist_hi_126,Other,2.963768825993512
HDFCBANK,days_to_earnings,Other,2.7585384615625568
HDFCBANK,days_to_rbi,Indian Calendar,2.5905468152771056
HDFCBANK,us_vix_spike,Global Macro,1.7559094337950385
HDFCBANK,days_to_expiry,Indian Calendar,1.5914590883057689
HDFCBANK,pre_results_drift,Other,0.6606749142784556
HDFCBANK,is_rbi_week,Indian Calendar,0.566192325727344
HDFCBANK,post_results_day,Other,0.0
HDFCLIFE,dxy_ret_prev,Global Macro,321.98618577050695
HDFCLIFE,crude_ret_prev,Global Macro,288.45828934668623
HDFCLIFE,crude_ret_5d,Global Macro,286.36373987316153
HDFCLIFE,sp500_ret_prev,Global Macro,272.43306370384306
HDFCLIFE,sector_vol_10d,Volume,271.8357693172121
HDFCLIFE,nikkei_ret_prev,Global Macro,268.0798625642379
HDFCLIFE,earnings_proximity,Other,256.89479665543485
HDFCLIFE,niftybank_ret_5d,Price / Return,248.78956340289844
HDFCLIFE,sector_corr_30d,Other,244.7219154115431
HDFCLIFE,bb_width_50,Technical,242.49835728098807
HDFCLIFE,dxy_ret_5d,Global Macro,235.33059841374404
HDFCLIFE,sector_corr_60d,Other,227.9434484393579
HDFCLIFE,hist_vol_20,Volume,226.54518455863277
HDFCLIFE,adx_21,Technical,224.71584763182372
HDFCLIFE,skew_20,Statistical,224.6112523929114
HDFCLIFE,dxy_ret_20d,Global Macro,218.4770203956624
HDFCLIFE,nikkei_ret_5d,Global Macro,213.9474204137943
HDFCLIFE,kurt_10,Statistical,212.2128653645987
HDFCLIFE,skew_50,Statistical,212.09114616470816
HDFCLIFE,niftybank_ret_prev,Price / Return,205.06196260793368
HDFCLIFE,sp500_ret_5d,Global Macro,195.05383617250126
HDFCLIFE,gk_vol_10,Volume,194.15571458332502
HDFCLIFE,us_vix_level,Global Macro,190.1699718344074
HDFCLIFE,nifty50_ret_prev,Price / Return,187.84160469006954
HDFCLIFE,niftybank_ret_20d,Price / Return,186.86710098436185
HDFCLIFE,sector_mom_20d,Other,181.63259887383904
HDFCLIFE,mon_cos,Other,177.62503189197602
HDFCLIFE,nifty50_ret_5d,Price / Return,176.6046545020501
HDFCLIFE,cross_ratio,Other,174.7039667185017
HDFCLIFE,week_of_year_cos,Other,174.27344816777855
HDFCLIFE,dist_lo_252,Other,170.23699234498733
HDFCLIFE,dist_lo_52,Other,168.17346467187454
HDFCLIFE,nifty50_ret_20d,Price / Return,161.92501648752466
HDFCLIFE,roc_50,Other,147.18564811208086
HDFCLIFE,price_sma_100,Technical,125.50920936134202
HDFCLIFE,us_vix_zscore,Global Macro,125.11392366013878
HDFCLIFE,dist_hi_252,Other,122.77950384719624
HDFCLIFE,dist_hi_126,Other,122.59044416214903
HDFCLIFE,dist_lo_126,Other,120.64204886742553
HDFCLIFE,price_sma_200,Technical,120.29355353473221
HDFCLIFE,days_to_earnings,Other,111.4970357231924
HDFCLIFE,days_to_rbi,Indian Calendar,111.17914546678207
HDFCLIFE,pos_hi_126,Other,108.76489609528483
HDFCLIFE,us_vix_spike,Global Macro,47.65123657623322
HDFCLIFE,pre_results_drift,Other,29.939196034390108
HDFCLIFE,is_rbi_week,Indian Calendar,27.97649902366238
HDFCLIFE,post_results_day,Other,0.0
HEROMOTOCO,nikkei_ret_prev,Global Macro,11.447545552357163
HEROMOTOCO,nifty50_ret_prev,Price / Return,10.5120411352941
HEROMOTOCO,kurt_10,Statistical,10.476623640981343
HEROMOTOCO,crude_ret_20d,Global Macro,10.363966767925348
HEROMOTOCO,crude_ret_prev,Global Macro,10.006310894922336
HEROMOTOCO,earnings_proximity,Other,9.424275750787809
HEROMOTOCO,sp500_ret_20d,Global Macro,9.3248816114622
HEROMOTOCO,crude_ret_5d,Global Macro,8.44798352773497
HEROMOTOCO,skew_20,Statistical,8.291575895860658
HEROMOTOCO,macd_hist_pct_5_35,Technical,8.008943313019403
HEROMOTOCO,kurt_50,Statistical,7.943242723895454
HEROMOTOCO,sp500_ret_5d,Global Macro,7.583858761797535
HEROMOTOCO,nifty50_ret_5d,Price / Return,7.52977180059511
HEROMOTOCO,atr_ratio_21,Technical,7.436457673585359
HEROMOTOCO,sp500_ret_prev,Global Macro,7.198230791270255
HEROMOTOCO,bb_width_20,Technical,6.957411799250439
HEROMOTOCO,adx_14,Technical,6.876435597093746
HEROMOTOCO,atr_ratio_7,Technical,6.746257968492799
HEROMOTOCO,hist_vol_10,Volume,6.477299225284253
HEROMOTOCO,gk_vol_10,Volume,6.459434066570501
HEROMOTOCO,bb_width_10,Technical,6.43499780220529
HEROMOTOCO,sector_corr_30d,Other,6.3531332326271635
HEROMOTOCO,cross_ratio,Other,6.296262490065095
HEROMOTOCO,trend_strength,Regime,6.296262490065093
HEROMOTOCO,trend_cons,Regime,6.11890556326023
HEROMOTOCO,dxy_ret_20d,Global Macro,5.953039145024541
HEROMOTOCO,minus_di_14,Other,5.895632581085506
HEROMOTOCO,days_to_expiry,Indian Calendar,5.817498212507941
HEROMOTOCO,dxy_ret_5d,Global Macro,5.547757136688423
HEROMOTOCO,di_diff_14,Other,5.353365879427088
HEROMOTOCO,us_vix_level,Global Macro,5.290985588879891
HEROMOTOCO,days_to_budget,Indian Calendar,5.189042256613064
HEROMOTOCO,plus_di_14,Other,5.11396362188201
HEROMOTOCO,price_ema_200,Technical,4.951149789928654
HEROMOTOCO,dxy_ret_prev,Global Macro,4.94164655064128
HEROMOTOCO,rsi_28,Technical,4.940832436173449
HEROMOTOCO,rsi_21,Technical,4.775243453446586
HEROMOTOCO,dist_lo_52,Other,4.7382954557305235
HEROMOTOCO,week_of_year_cos,Other,4.734586756875663
HEROMOTOCO,us_vix_zscore,Global Macro,4.70479189993406
HEROMOTOCO,price_ema_50,Technical,4.612587669450423
HEROMOTOCO,days_to_earnings,Other,4.584847399750821
HEROMOTOCO,dist_lo_252,Other,4.210454739641898
HEROMOTOCO,pos_hi_252,Other,4.146702781653855
HEROMOTOCO,mon_sin,Other,3.9395332705654056
HEROMOTOCO,week_of_year_sin,Other,3.6986855094952595
HEROMOTOCO,days_to_rbi,Indian Calendar,3.3032789070867263
HEROMOTOCO,us_vix_spike,Global Macro,1.8562045297452356
HEROMOTOCO,pre_results_drift,Other,0.909867835567472
HEROMOTOCO,post_results_day,Other,0.0
HINDALCO,kurt_20,Statistical,158.28841266033643
HINDALCO,crude_ret_prev,Global Macro,156.1647117204252
HINDALCO,crude_ret_20d,Global Macro,150.60397426789422
HINDALCO,days_to_budget,Indian Calendar,147.28359169077953
HINDALCO,crude_ret_5d,Global Macro,142.50742087527988
HINDALCO,nikkei_ret_prev,Global Macro,140.3230356522302
HINDALCO,garch_vol,Other,129.54784150140017
HINDALCO,dxy_ret_prev,Global Macro,126.68893415084344
HINDALCO,sector_corr_60d,Other,124.81205233407279
HINDALCO,niftybank_ret_20d,Price / Return,121.68463822506885
HINDALCO,sp500_ret_20d,Global Macro,119.58637409383256
HINDALCO,sector_corr_30d,Other,114.44169907907235
HINDALCO,rel_strength_1d,Other,113.54855058455506
HINDALCO,us_vix_ret_1d,Global Macro,112.94914068216077
HINDALCO,sector_avg_ret,Other,107.2194345340688
HINDALCO,dxy_ret_5d,Global Macro,106.4426899293778
HINDALCO,niftybank_ret_5d,Price / Return,102.03324604395834
HINDALCO,niftybank_ret_prev,Price / Return,100.58483891095788
HINDALCO,price_ema_50,Technical,99.53131794710438
HINDALCO,dist_lo_252,Other,97.18428308071744
HINDALCO,nikkei_ret_5d,Global Macro,95.62843336568014
HINDALCO,nifty50_ret_20d,Price / Return,93.51712680179874
HINDALCO,nasdaq_ret_prev,Global Macro,93.06291433313068
HINDALCO,us_vix_level,Global Macro,92.61079682253933
HINDALCO,sp500_ret_5d,Global Macro,92.38345237515097
HINDALCO,dxy_ret_20d,Global Macro,91.99860543479329
HINDALCO,earnings_proximity,Other,91.60613560650847
HINDALCO,sp500_ret_prev,Global Macro,90.5476332832233
HINDALCO,di_diff_14,Other,90.05302535147868
HINDALCO,us_vix_zscore,Global Macro,87.6610877104116
HINDALCO,days_to_expiry,Indian Calendar,87.4675741736806
HINDALCO,nifty50_ret_prev,Price / Return,86.94581144413662
HINDALCO,nasdaq_ret_5d,Global Macro,86.30660414165935
HINDALCO,nifty50_ret_5d,Price / Return,84.06436566357004
HINDALCO,bb_pos_50,Technical,79.29173441166081
HINDALCO,us_vix_regime,Global Macro,77.38228654590517
HINDALCO,garch_surprise,Other,70.2212291602704
HINDALCO,days_to_rbi,Indian Calendar,63.96410296702354
HINDALCO,alpha_vs_niftybank_1d,Other,57.19963378909698
HINDALCO,is_result_season,Indian Calendar,49.33854940844302
HINDALCO,is_expiry_week,Indian Calendar,49.291333666647205
HINDALCO,days_to_earnings,Other,44.324201128772486
HINDALCO,garch_vol_regime,Volume,43.936730776983424
HINDALCO,us_vix_spike,Global Macro,37.28371258746481
HINDALCO,is_rbi_week,Indian Calendar,23.886110233298066
HINDALCO,is_budget_week,Indian Calendar,15.683002329281582
HINDALCO,is_expiry_day,Indian Calendar,13.833987504551311
HINDALCO,pre_results_drift,Other,13.390515158961897
HINDALCO,is_results_week,Other,9.39270743363885
HINDALCO,post_results_day,Other,2.122029351128546e-20
HINDUNILVR,kurt_50,Statistical,288.70805413264134
HINDUNILVR,earnings_proximity,Other,254.21181887039754
HINDUNILVR,skew_50,Statistical,250.8843624110156
HINDUNILVR,vol_lag_5,Volume,231.974080704858
HINDUNILVR,hist_vol_50,Volume,231.90030547601947
HINDUNILVR,crude_ret_20d,Global Macro,228.4871482749631
HINDUNILVR,crude_ret_prev,Global Macro,228.29555142715893
HINDUNILVR,kurt_20,Statistical,225.16740500677147
HINDUNILVR,sp500_ret_prev,Global Macro,222.93682532001432
HINDUNILVR,sector_mom_5d,Other,217.16194073193714
HINDUNILVR,vol_ratio_10,Volume,214.09322234684586
HINDUNILVR,kurt_10,Statistical,210.6629673422603
HINDUNILVR,vol_lag_10,Volume,195.39877904264821
HINDUNILVR,hist_vol_5,Volume,193.93602810696322
HINDUNILVR,nikkei_ret_prev,Global Macro,189.9132765118381
HINDUNILVR,niftybank_ret_20d,Price / Return,187.40652576225375
HINDUNILVR,days_to_budget,Indian Calendar,186.74632111963243
HINDUNILVR,nifty50_ret_prev,Price / Return,182.28986259419668
HINDUNILVR,sector_corr_60d,Other,181.74890639741463
HINDUNILVR,dxy_ret_prev,Global Macro,177.716231084657
HINDUNILVR,nifty50_ret_20d,Price / Return,166.99296974547275
HINDUNILVR,sector_corr_30d,Other,163.42777781998745
HINDUNILVR,adx_21,Technical,163.36883814391
HINDUNILVR,us_vix_level,Global Macro,162.16401045473256
HINDUNILVR,niftybank_ret_5d,Price / Return,161.24497831929665
HINDUNILVR,sp500_ret_5d,Global Macro,154.2276901897252
HINDUNILVR,adx_14,Technical,147.98393933529445
HINDUNILVR,cross_ratio,Other,145.253214038595
HINDUNILVR,skew_10,Statistical,140.77503733605943
HINDUNILVR,dxy_ret_20d,Global Macro,139.86775974443123
HINDUNILVR,dist_hi_252,Other,136.95565557217242
HINDUNILVR,nifty50_ret_5d,Price / Return,134.04099043820065
HINDUNILVR,price_sma_200,Technical,132.67182159381665
HINDUNILVR,macd_signal_pct_12_26,Technical,131.59272137033375
HINDUNILVR,bb_width_50,Technical,131.44983652259327
HINDUNILVR,nasdaq_ret_5d,Global Macro,130.3715661977784
HINDUNILVR,roc_50,Other,128.83100477856084
HINDUNILVR,dxy_ret_5d,Global Macro,127.29886295053498
HINDUNILVR,days_to_expiry,Indian Calendar,117.39603231602632
HINDUNILVR,minus_di_14,Other,116.13956401643244
HINDUNILVR,dist_lo_252,Other,115.31379877369893
HINDUNILVR,days_to_earnings,Other,101.58553708937342
HINDUNILVR,us_vix_zscore,Global Macro,101.22391561646793
HINDUNILVR,stoch_d_21,Technical,95.30942870920339
HINDUNILVR,week_of_year_sin,Other,93.56260088149531
HINDUNILVR,week_of_year_cos,Other,86.61738612621357
HINDUNILVR,days_to_rbi,Indian Calendar,86.13712869676611
HINDUNILVR,us_vix_spike,Global Macro,37.734819287424266
HINDUNILVR,pre_results_drift,Other,24.864095139146663
HINDUNILVR,post_results_day,Other,0.0
ICICIBANK,kurt_50,Statistical,98.43997010871922
ICICIBANK,kurt_20,Statistical,85.51245642167378
ICICIBANK,alpha_vs_niftybank_1d,Other,82.22441905327743
ICICIBANK,skew_20,Statistical,79.56988835014333
ICICIBANK,nikkei_ret_prev,Global Macro,77.59825683964584
ICICIBANK,bb_width_50,Technical,75.8388572570393
ICICIBANK,kurt_10,Statistical,72.82704977821071
ICICIBANK,earnings_proximity,Other,72.11421074012927
ICICIBANK,adx_21,Technical,69.00633776718728
ICICIBANK,hist_vol_5,Volume,68.81418922138049
ICICIBANK,crude_ret_prev,Global Macro,68.25424251547949
ICICIBANK,sp500_ret_prev,Global Macro,67.86086446106759
ICICIBANK,vol_lag_20,Volume,67.34803500581496
ICICIBANK,dist_lo_252,Other,67.13195853379212
ICICIBANK,crude_ret_20d,Global Macro,64.65200778173951
ICICIBANK,bb_width_20,Technical,63.907863678872765
ICICIBANK,crude_ret_5d,Global Macro,60.12152974508101
ICICIBANK,niftybank_ret_prev,Price / Return,59.62780893263938
ICICIBANK,niftybank_ret_5d,Price / Return,57.90980580119041
ICICIBANK,sp500_ret_5d,Global Macro,56.45640720295478
ICICIBANK,adx_14,Technical,56.26271918618159
ICICIBANK,nifty50_ret_prev,Price / Return,55.54050891225513
ICICIBANK,nifty50_ret_5d,Price / Return,55.209622718468246
ICICIBANK,price_sma_100,Technical,54.29473856642242
ICICIBANK,skew_50,Statistical,51.531826290725014
ICICIBANK,dxy_ret_prev,Global Macro,50.31217912111458
ICICIBANK,dxy_ret_5d,Global Macro,49.97244219152393
ICICIBANK,nikkei_ret_5d,Global Macro,48.43659072310603
ICICIBANK,niftybank_ret_20d,Price / Return,47.354527769393044
ICICIBANK,us_vix_level,Global Macro,46.055144917230805
ICICIBANK,us_vix_zscore,Global Macro,43.75702887945407
ICICIBANK,dxy_ret_20d,Global Macro,40.360257086087536
ICICIBANK,days_to_expiry,Indian Calendar,39.723014375155245
ICICIBANK,plus_di_21,Other,38.61044292361808
ICICIBANK,ret_20d,Price / Return,37.71368124209845
ICICIBANK,macd_pct_12_26,Technical,36.41741882121632
ICICIBANK,di_diff_14,Other,36.07581895185991
ICICIBANK,minus_di_21,Other,35.47545925539278
ICICIBANK,rsi_28,Technical,29.11814267826374
ICICIBANK,days_to_earnings,Other,27.079619023063398
ICICIBANK,week_of_year_cos,Other,23.58009244897205
ICICIBANK,days_to_rbi,Indian Calendar,22.04705083758366
ICICIBANK,is_expiry_week,Indian Calendar,19.06959808721101
ICICIBANK,us_vix_spike,Global Macro,18.76378756940213
ICICIBANK,is_rbi_week,Indian Calendar,7.900537853316743
ICICIBANK,pre_results_drift,Other,6.62368452282042
ICICIBANK,post_results_day,Other,0.0
ICICIGI,kurt_50,Statistical,501.8204278743007
ICICIGI,skew_50,Statistical,459.88164411652645
ICICIGI,dxy_ret_prev,Global Macro,444.54242616177805
ICICIGI,crude_ret_prev,Global Macro,431.9374936568827
ICICIGI,days_to_budget,Indian Calendar,430.26965276750184
ICICIGI,alpha_vs_niftybank_1d,Other,410.69969925385647
ICICIGI,us_vix_ret_1d,Global Macro,409.95993809002005
ICICIGI,adx_14,Technical,404.1181593045264
ICICIGI,crude_ret_20d,Global Macro,390.80865310120697
ICICIGI,sector_corr_60d,Other,387.2692378058996
ICICIGI,nikkei_ret_prev,Global Macro,386.57630359547005
ICICIGI,sp500_ret_20d,Global Macro,373.34572780333053
ICICIGI,niftybank_ret_5d,Price / Return,369.25807348816136
ICICIGI,crude_ret_5d,Global Macro,367.6048635634527
ICICIGI,dxy_ret_5d,Global Macro,363.61661997127413
ICICIGI,niftybank_ret_20d,Price / Return,356.03621221742384
ICICIGI,price_ema_20,Technical,341.06151064554984
ICICIGI,days_to_expiry,Indian Calendar,329.46717040365587
ICICIGI,sector_mom_5d,Other,329.1765565318463
ICICIGI,sp500_ret_prev,Global Macro,328.11649614383816
ICICIGI,dxy_ret_20d,Global Macro,320.6950132092677
ICICIGI,sp500_ret_5d,Global Macro,316.09748670239173
ICICIGI,parkinson_10,Other,304.7160253808938
ICICIGI,earnings_proximity,Other,302.95068785665677
ICICIGI,us_vix_level,Global Macro,300.6061154196737
ICICIGI,niftybank_ret_prev,Price / Return,299.0884320582336
ICICIGI,nifty50_ret_5d,Price / Return,295.46145204948135
ICICIGI,us_vix_regime,Global Macro,295.1108074922949
ICICIGI,gk_vol_20,Volume,288.90070338918423
ICICIGI,nifty50_ret_prev,Price / Return,288.6978875917297
ICICIGI,nasdaq_ret_5d,Global Macro,286.3191659645275
ICICIGI,nikkei_ret_5d,Global Macro,272.48500363541774
ICICIGI,dist_hi_126,Other,256.49127195851725
ICICIGI,nifty50_ret_20d,Price / Return,254.7072093081894
ICICIGI,us_vix_zscore,Global Macro,253.4408113660977
ICICIGI,days_to_rbi,Indian Calendar,189.16197196197777
ICICIGI,is_result_season,Indian Calendar,171.82984503846131
ICICIGI,days_to_earnings,Other,162.0582079777336
ICICIGI,is_expiry_week,Indian Calendar,151.52205549743545
ICICIGI,us_vix_spike,Global Macro,85.58751259607561
ICICIGI,garch_vol_regime,Volume,75.59780477133623
ICICIGI,is_rbi_week,Indian Calendar,68.0334850771039
ICICIGI,is_expiry_day,Indian Calendar,50.66438222839228
ICICIGI,pre_results_drift,Other,46.443084680506296
ICICIGI,is_budget_week,Indian Calendar,44.93445648946429
ICICIGI,is_results_week,Other,31.141012631862104
ICICIGI,post_results_day,Other,1.0727499277311846e-24
ICICIPRULI,obv_ratio,Technical,323.1474784390614
ICICIPRULI,skew_50,Statistical,301.6235648940043
ICICIPRULI,kurt_20,Statistical,300.2187300539879
ICICIPRULI,earnings_proximity,Other,283.47020566118005
ICICIPRULI,sector_vol_10d,Volume,245.1759412522101
ICICIPRULI,macd_hist_pct_12_26,Technical,243.97143393828765
ICICIPRULI,dxy_ret_prev,Global Macro,234.2925831855764
ICICIPRULI,niftybank_ret_prev,Price / Return,225.39721600387833
ICICIPRULI,crude_ret_5d,Global Macro,223.01969485285701
ICICIPRULI,sector_corr_30d,Other,219.6241435068321
ICICIPRULI,skew_10,Statistical,212.90990430987824
ICICIPRULI,bb_width_20,Technical,212.59938817787025
ICICIPRULI,crude_ret_prev,Global Macro,210.2225347897349
ICICIPRULI,dxy_ret_20d,Global Macro,208.12924979935448
ICICIPRULI,nikkei_ret_prev,Global Macro,204.80780513804237
ICICIPRULI,sp500_ret_prev,Global Macro,202.73623657053793
ICICIPRULI,niftybank_ret_20d,Price / Return,199.01424952656063
ICICIPRULI,sector_corr_60d,Other,196.65821803196334
ICICIPRULI,gk_vol_20,Volume,195.48693403101808
ICICIPRULI,us_vix_level,Global Macro,186.43722801281112
ICICIPRULI,nifty50_ret_prev,Price / Return,184.33717357791352
ICICIPRULI,dxy_ret_5d,Global Macro,183.48173906923233
ICICIPRULI,sp500_ret_5d,Global Macro,180.97666233662702
ICICIPRULI,niftybank_ret_5d,Price / Return,179.3678936238595
ICICIPRULI,nikkei_ret_5d,Global Macro,179.35993878139905
ICICIPRULI,vol_ratio_50,Volume,173.2926098533183
ICICIPRULI,nifty50_ret_20d,Price / Return,172.29955810612674
ICICIPRULI,nifty50_ret_5d,Price / Return,160.66007999923977
ICICIPRULI,pos_hi_252,Other,149.5603583845103
ICICIPRULI,days_to_budget,Indian Calendar,149.46854435034348
ICICIPRULI,roc_50,Other,145.4265828224498
ICICIPRULI,dist_hi_252,Other,145.16178519236556
ICICIPRULI,cross_ratio,Other,139.52274527835314
ICICIPRULI,dist_lo_52,Other,139.1062983790035
ICICIPRULI,days_to_expiry,Indian Calendar,134.53587896767047
ICICIPRULI,us_vix_zscore,Global Macro,133.9353418442992
ICICIPRULI,rsi_28,Technical,131.3197369042596
ICICIPRULI,macd_pct_5_35,Technical,131.0440101841229
ICICIPRULI,week_of_year_cos,Other,130.9682553641674
ICICIPRULI,pos_hi_52,Other,115.66449334155384
ICICIPRULI,week_of_year_sin,Other,111.39730025357085
ICICIPRULI,days_to_rbi,Indian Calendar,107.7597395322051
ICICIPRULI,days_to_earnings,Other,104.70556799190818
ICICIPRULI,us_vix_spike,Global Macro,48.599907227334114
ICICIPRULI,is_rbi_week,Indian Calendar,37.439783089225045
ICICIPRULI,pre_results_drift,Other,26.71571862000785
ICICIPRULI,post_results_day,Other,0.0
IDFCFIRSTB,sector_corr_30d,Other,14.075137926701975
IDFCFIRSTB,nikkei_ret_prev,Global Macro,13.847273571880203
IDFCFIRSTB,niftybank_ret_20d,Price / Return,13.664281327930045
IDFCFIRSTB,skew_50,Statistical,12.269579041943246
IDFCFIRSTB,kurt_20,Statistical,12.224116814302214
IDFCFIRSTB,dxy_ret_prev,Global Macro,12.002576210822594
IDFCFIRSTB,cross_ratio,Other,11.854653846234033
IDFCFIRSTB,crude_ret_prev,Global Macro,11.646008071257521
IDFCFIRSTB,dxy_ret_5d,Global Macro,11.507552914579023
IDFCFIRSTB,crude_ret_5d,Global Macro,11.475733642154184
IDFCFIRSTB,sp500_ret_prev,Global Macro,11.307726931303803
IDFCFIRSTB,us_vix_level,Global Macro,10.729375969507869
IDFCFIRSTB,dist_hi_52,Other,10.34227647905683
IDFCFIRSTB,bb_width_50,Technical,10.215698850817626
IDFCFIRSTB,niftybank_ret_5d,Price / Return,9.588821476298927
IDFCFIRSTB,macd_signal_pct_12_26,Technical,9.182528878705437
IDFCFIRSTB,earnings_proximity,Other,8.84228542781757
IDFCFIRSTB,ret_5d,Price / Return,8.607038029630784
IDFCFIRSTB,mon_cos,Other,8.528376154818249
IDFCFIRSTB,nikkei_ret_5d,Global Macro,8.504768270482517
IDFCFIRSTB,hist_vol_50,Volume,8.426947235856522
IDFCFIRSTB,sp500_ret_5d,Global Macro,8.420940553405323
IDFCFIRSTB,week_of_year_cos,Other,8.229464213977923
IDFCFIRSTB,nifty50_ret_5d,Price / Return,8.206447725750646
IDFCFIRSTB,days_to_expiry,Indian Calendar,8.037150197017068
IDFCFIRSTB,pos_hi_252,Other,7.956974634037556
IDFCFIRSTB,niftybank_ret_prev,Price / Return,7.886909186534933
IDFCFIRSTB,us_vix_zscore,Global Macro,7.626735541209738
IDFCFIRSTB,parkinson_10,Other,7.420783785892018
IDFCFIRSTB,gk_vol_10,Volume,7.340329456203008
IDFCFIRSTB,dist_lo_126,Other,7.0779335152527505
IDFCFIRSTB,atr_ratio_7,Technical,6.971392492311169
IDFCFIRSTB,nifty50_ret_prev,Price / Return,6.461189189812701
IDFCFIRSTB,hist_vol_10,Volume,6.43431698977297
IDFCFIRSTB,atr_ratio_14,Technical,6.182518204754731
IDFCFIRSTB,di_diff_14,Other,6.133992075402076
IDFCFIRSTB,days_to_earnings,Other,5.99056131126892
IDFCFIRSTB,week_of_year_sin,Other,5.622215911894065
IDFCFIRSTB,bb_pos_20,Technical,4.982644737479552
IDFCFIRSTB,dist_lo_52,Other,4.2575407438337916
IDFCFIRSTB,days_to_rbi,Indian Calendar,3.930028050278052
IDFCFIRSTB,is_result_season,Indian Calendar,3.854453672315653
IDFCFIRSTB,pos_hi_52,Other,3.6911485672281747
IDFCFIRSTB,us_vix_spike,Global Macro,3.003802662775956
IDFCFIRSTB,is_rbi_week,Indian Calendar,1.5765147535298127
IDFCFIRSTB,pre_results_drift,Other,1.0830742405563174
IDFCFIRSTB,post_results_day,Other,0.0
INDUSINDBK,obv_ratio,Technical,5.0009686113543825
INDUSINDBK,earnings_proximity,Other,3.3796402705786193
INDUSINDBK,kurt_10,Statistical,3.3576544232342656
INDUSINDBK,kurt_50,Statistical,2.8221722259975515
INDUSINDBK,hist_vol_5,Volume,2.7047384935462473
INDUSINDBK,parkinson_20,Other,2.684852955042107
INDUSINDBK,nikkei_ret_prev,Global Macro,2.679622113757942
INDUSINDBK,sp500_ret_prev,Global Macro,2.6761457772104116
INDUSINDBK,skew_50,Statistical,2.602582694489201
INDUSINDBK,crude_ret_prev,Global Macro,2.4819750358870905
INDUSINDBK,niftybank_ret_5d,Price / Return,2.4376494347597344
INDUSINDBK,crude_ret_5d,Global Macro,2.2814641978561188
INDUSINDBK,nifty50_ret_5d,Price / Return,2.2740208118548617
INDUSINDBK,bb_width_10,Technical,2.2592769273124835
INDUSINDBK,niftybank_ret_prev,Price / Return,2.1025505080745766
INDUSINDBK,price_ema_20,Technical,2.0418555690321996
INDUSINDBK,plus_di_21,Other,2.0143303328594255
INDUSINDBK,dxy_ret_prev,Global Macro,1.9054707534127115
INDUSINDBK,dist_lo_126,Other,1.8894524378283126
INDUSINDBK,us_vix_level,Global Macro,1.8677619132047465
INDUSINDBK,nifty50_ret_prev,Price / Return,1.7995782926595485
INDUSINDBK,dxy_ret_5d,Global Macro,1.7924268726470236
INDUSINDBK,sp500_ret_5d,Global Macro,1.7483851765152598
INDUSINDBK,crude_ret_20d,Global Macro,1.7342918286202194
INDUSINDBK,sector_corr_30d,Other,1.7310057656680833
INDUSINDBK,niftybank_ret_20d,Price / Return,1.7258063370854286
INDUSINDBK,vol_ratio_10,Volume,1.639944069953982
INDUSINDBK,nifty50_ret_20d,Price / Return,1.6074774291957838
INDUSINDBK,adx_21,Technical,1.5977858541675254
INDUSINDBK,sector_mom_20d,Other,1.5445286329836487
INDUSINDBK,cross_ratio,Other,1.5207516564079038
INDUSINDBK,us_vix_zscore,Global Macro,1.511828844225417
INDUSINDBK,dist_lo_252,Other,1.4810472841525084
INDUSINDBK,dxy_ret_20d,Global Macro,1.4396234133905317
INDUSINDBK,sector_corr_60d,Other,1.3491705580639914
INDUSINDBK,days_to_earnings,Other,1.325038957221652
INDUSINDBK,stoch_k_21,Technical,1.2920312106568683
INDUSINDBK,willr_21,Other,1.2920312106558876
INDUSINDBK,lower_shadow,Other,1.0695798668026486
INDUSINDBK,days_to_rbi,Indian Calendar,0.9701032755474551
INDUSINDBK,days_to_expiry,Indian Calendar,0.9445850677746445
INDUSINDBK,mon_cos,Other,0.793902718227741
INDUSINDBK,us_vix_spike,Global Macro,0.5320283875690012
INDUSINDBK,is_expiry_week,Indian Calendar,0.5142921070784782
INDUSINDBK,pre_results_drift,Other,0.35496747208432117
INDUSINDBK,is_rbi_week,Indian Calendar,0.24580943124214286
INDUSINDBK,post_results_day,Other,0.0
INDUSTOWER,garch_vol,Other,382.971929956193
INDUSTOWER,hl_range,Other,373.3659277766831
INDUSTOWER,crude_ret_prev,Global Macro,351.56919312395075
INDUSTOWER,crude_ret_5d,Global Macro,341.0787459746532
INDUSTOWER,bb_width_20,Technical,321.32936490215167
INDUSTOWER,skew_50,Statistical,316.2986228422912
INDUSTOWER,crude_ret_20d,Global Macro,314.39444949997534
INDUSTOWER,niftybank_ret_5d,Price / Return,312.20901050459804
INDUSTOWER,us_vix_ret_1d,Global Macro,307.3428240035704
INDUSTOWER,earnings_proximity,Other,299.5734333163462
INDUSTOWER,nikkei_ret_prev,Global Macro,297.78205421966993
INDUSTOWER,dxy_ret_prev,Global Macro,291.0698894850832
INDUSTOWER,days_to_budget,Indian Calendar,282.8444300230703
INDUSTOWER,sp500_ret_prev,Global Macro,278.52072394057313
INDUSTOWER,sp500_ret_20d,Global Macro,262.11018251898935
INDUSTOWER,us_vix_level,Global Macro,261.38684685298705
INDUSTOWER,sector_corr_60d,Other,258.90999952292094
INDUSTOWER,dxy_ret_5d,Global Macro,253.3990199911329
INDUSTOWER,niftybank_ret_prev,Price / Return,252.6704393093201
INDUSTOWER,niftybank_ret_20d,Price / Return,248.2292487244527
INDUSTOWER,us_vix_regime,Global Macro,239.4200746232925
INDUSTOWER,nifty50_ret_20d,Price / Return,237.81060519893202
INDUSTOWER,nifty50_ret_5d,Price / Return,236.35276107972473
INDUSTOWER,nifty50_ret_prev,Price / Return,234.03917228807984
INDUSTOWER,sector_avg_ret,Other,231.57462483656516
INDUSTOWER,atr_ratio_21,Technical,229.41873606783977
INDUSTOWER,dist_hi_252,Other,228.79964628235464
INDUSTOWER,days_to_expiry,Indian Calendar,227.36743746319982
INDUSTOWER,nikkei_ret_5d,Global Macro,220.41777443381258
INDUSTOWER,hist_vol_20,Volume,209.48342635522195
INDUSTOWER,sp500_ret_5d,Global Macro,205.44062332057752
INDUSTOWER,dxy_ret_20d,Global Macro,204.64171009555932
INDUSTOWER,rel_strength_1d,Other,199.39206882372736
INDUSTOWER,nasdaq_ret_5d,Global Macro,187.0522412373085
INDUSTOWER,price_sma_5,Technical,184.53458885956243
INDUSTOWER,us_vix_zscore,Global Macro,178.8583224048113
INDUSTOWER,garch_surprise,Other,165.00086531873075
INDUSTOWER,alpha_vs_niftybank_1d,Other,155.47149772875807
INDUSTOWER,days_to_earnings,Other,145.13605991637678
INDUSTOWER,days_to_rbi,Indian Calendar,121.3616070181009
INDUSTOWER,is_result_season,Indian Calendar,121.22080407851166
INDUSTOWER,is_expiry_week,Indian Calendar,117.30537851297889
INDUSTOWER,garch_vol_regime,Volume,90.59207295147874
INDUSTOWER,us_vix_spike,Global Macro,61.88686061407866
INDUSTOWER,is_rbi_week,Indian Calendar,44.8508145243984
INDUSTOWER,pre_results_drift,Other,38.017662607426416
INDUSTOWER,is_expiry_day,Indian Calendar,37.18973272081746
INDUSTOWER,is_budget_week,Indian Calendar,32.72936440650317
INDUSTOWER,is_results_week,Other,26.807851350081947
INDUSTOWER,post_results_day,Other,1.1526509401099492e-18
INFY,crude_ret_20d,Global Macro,154.8101978198805
INFY,alpha_vs_usdinr_1d,Global Macro,151.04057606207326
INFY,niftybank_ret_20d,Price / Return,148.47370840375663
INFY,nikkei_ret_prev,Global Macro,137.5621611728477
INFY,bb_width_20,Technical,131.90487460416637
INFY,hist_vol_50,Volume,131.25705333920214
INFY,usdinr_ret_1d,Global Macro,131.0936078747551
INFY,kurt_10,Statistical,130.59395350636552
INFY,crude_ret_prev,Global Macro,127.5836649195093
INFY,nifty50_ret_prev,Price / Return,127.45786009651403
INFY,nasdaq_ret_prev,Global Macro,116.52204192654911
INFY,sp500_ret_prev,Global Macro,116.13301933876716
INFY,earnings_proximity,Other,111.80043019012457
INFY,macd_hist_pct_12_26,Technical,111.6303913029467
INFY,sp500_ret_5d,Global Macro,111.4832107175407
INFY,bb_width_50,Technical,108.35203576947808
INFY,adx_21,Technical,105.9906113487727
INFY,nifty50_ret_5d,Price / Return,102.82686055298403
INFY,dxy_ret_5d,Global Macro,102.59594576474905
INFY,alpha_vs_usdinr_5d,Global Macro,98.00516375065473
INFY,nasdaq_ret_5d,Global Macro,97.30524746775663
INFY,dxy_ret_prev,Global Macro,97.10470262024512
INFY,us_vix_level,Global Macro,95.45163585065667
INFY,usdinr_ret_20d,Global Macro,93.9996373156203
INFY,sp500_ret_20d,Global Macro,93.25723821062846
INFY,vol_lag_20,Volume,92.43482329487894
INFY,dist_lo_252,Other,90.10048600370453
INFY,roc_50,Other,89.75829051597275
INFY,adx_14,Technical,89.7322123412355
INFY,usdinr_ret_5d,Global Macro,88.76697276742854
INFY,ret_20d,Price / Return,87.7794734004186
INFY,hist_vol_20,Volume,86.93192014911033
INFY,vol_change_5d,Volume,85.61777454536386
INFY,usdinr_ma20_ratio,Global Macro,84.22258527022936
INFY,cross_ratio,Other,80.08910089780507
INFY,dist_lo_20,Other,77.45376775741977
INFY,atr_ratio_14,Technical,76.70413929248343
INFY,rsi_21,Technical,76.64111521930673
INFY,usdinr_rsi_14,Global Macro,72.13042994893418
INFY,us_vix_zscore,Global Macro,70.6419037441535
INFY,dxy_ret_20d,Global Macro,70.20554507679718
INFY,sector_mom_20d,Other,65.63436454877467
INFY,dist_hi_252,Other,62.193130466858776
INFY,days_to_earnings,Other,53.76433551386839
INFY,week_of_year_cos,Other,48.89907368666609
INFY,week_of_year_sin,Other,42.138514378497234
INFY,days_to_expiry,Indian Calendar,41.32353315389127
INFY,us_vix_spike,Global Macro,26.47331295878697
INFY,pre_results_drift,Other,13.86904131970601
INFY,post_results_day,Other,0.0
IRFC,crude_ret_prev,Global Macro,147.07962048418057
IRFC,skew_20,Statistical,141.4692053102736
IRFC,nikkei_ret_prev,Global Macro,137.60276917505576
IRFC,macd_signal_pct_12_26,Technical,131.05648457648942
IRFC,crude_ret_20d,Global Macro,130.90212084693297
IRFC,niftybank_ret_5d,Price / Return,129.33889046844993
IRFC,dxy_ret_prev,Global Macro,129.13894899480306
IRFC,days_to_expiry,Indian Calendar,128.49634871370597
IRFC,days_to_budget,Indian Calendar,126.25624613747671
IRFC,days_to_rbi,Indian Calendar,117.81893928962532
IRFC,nifty50_ret_5d,Price / Return,104.27344160897998
IRFC,dxy_ret_20d,Global Macro,100.53312177106999
IRFC,us_vix_ret_1d,Global Macro,99.75684024221981
IRFC,dxy_ret_5d,Global Macro,98.88304773841259
IRFC,sp500_ret_20d,Global Macro,98.50104609629823
IRFC,niftybank_ret_prev,Price / Return,98.05131038722588
IRFC,nifty50_ret_prev,Price / Return,97.77391545941667
IRFC,crude_ret_5d,Global Macro,97.61362890904795
IRFC,nifty50_ret_20d,Price / Return,97.09360062956377
IRFC,earnings_proximity,Other,93.99526597779641
IRFC,sp500_ret_5d,Global Macro,93.72883528773798
IRFC,nasdaq_ret_5d,Global Macro,92.86865169337052
IRFC,niftybank_ret_20d,Price / Return,92.00698665265337
IRFC,hist_vol_50,Volume,86.20851281733296
IRFC,nikkei_ret_5d,Global Macro,84.59223032933723
IRFC,stoch_k_9,Technical,82.03495768853975
IRFC,us_vix_level,Global Macro,81.78623495511802
IRFC,week_of_year_sin,Other,79.95300057212498
IRFC,sp500_ret_prev,Global Macro,77.24972506876651
IRFC,is_result_season,Indian Calendar,73.64908142572395
IRFC,nasdaq_ret_prev,Global Macro,73.64552753128807
IRFC,us_vix_regime,Global Macro,73.59678128092771
IRFC,rel_strength_1d,Other,70.34165732709704
IRFC,garch_vol,Other,70.29411010583001
IRFC,days_to_earnings,Other,70.01854798121565
IRFC,sector_avg_ret,Other,69.66635911656783
IRFC,alpha_vs_niftybank_1d,Other,69.50427791419837
IRFC,garch_surprise,Other,67.5799596663657
IRFC,is_expiry_week,Indian Calendar,65.87035320059
IRFC,us_vix_zscore,Global Macro,65.5940213275949
IRFC,is_rbi_week,Indian Calendar,54.99082014980695
IRFC,dist_lo_52,Other,53.06076921384527
IRFC,price_sma_200,Technical,44.67117343809208
IRFC,garch_vol_regime,Volume,41.61539226079234
IRFC,us_vix_spike,Global Macro,24.561183493698437
IRFC,is_expiry_day,Indian Calendar,19.362124764253814
IRFC,is_budget_week,Indian Calendar,16.94805994180378
IRFC,pre_results_drift,Other,12.312417294248991
IRFC,is_results_week,Other,8.43992696332111
IRFC,post_results_day,Other,7.047355874462722e-19
ITC,obv_ratio,Technical,123.77763234361254
ITC,kurt_50,Statistical,120.7541347423134
ITC,vol_lag_10,Volume,111.27944002345777
ITC,earnings_proximity,Other,109.11186175950928
ITC,nikkei_ret_prev,Global Macro,106.55011703737905
ITC,kurt_10,Statistical,105.55267222129365
ITC,sp500_ret_20d,Global Macro,104.35735632962104
ITC,sector_corr_60d,Other,104.24578499672985
ITC,skew_50,Statistical,104.23165051669179
ITC,nifty50_ret_prev,Price / Return,100.69188964138533
ITC,crude_ret_prev,Global Macro,98.90456308052845
ITC,hist_vol_50,Volume,97.75622279462411
ITC,sp500_ret_prev,Global Macro,92.43235942722582
ITC,vol_lag_20,Volume,92.223279689338
ITC,adx_21,Technical,91.06844203934095
ITC,bb_width_10,Technical,88.90039656050841
ITC,dist_hi_252,Other,85.29872510756286
ITC,sp500_ret_5d,Global Macro,85.14404241376624
ITC,us_vix_level,Global Macro,77.89335888312806
ITC,sector_avg_ret,Other,77.65221245176446
ITC,hist_vol_5,Volume,77.17242765710881
ITC,skew_10,Statistical,76.9819215301364
ITC,ret_20d,Price / Return,76.40224144856968
ITC,niftybank_ret_5d,Price / Return,76.3858290169939
ITC,skew_20,Statistical,75.59570418168495
ITC,hist_vol_10,Volume,74.82054459761723
ITC,cross_ratio,Other,73.35496926590926
ITC,dxy_ret_prev,Global Macro,73.32664042050249
ITC,bb_width_50,Technical,72.27928298719128
ITC,nifty50_ret_5d,Price / Return,69.52910010909191
ITC,dxy_ret_5d,Global Macro,68.92814701348098
ITC,gk_vol_20,Volume,64.356157244822
ITC,minus_di_21,Other,62.72356507574382
ITC,rsi_28,Technical,61.453074233717814
ITC,dxy_ret_20d,Global Macro,61.21262433974628
ITC,dist_lo_126,Other,60.69163527436639
ITC,dist_lo_252,Other,59.8441631796776
ITC,us_vix_zscore,Global Macro,56.085297393317205
ITC,gk_vol_10,Volume,53.75846614766204
ITC,roc_50,Other,51.95084247707891
ITC,price_sma_100,Technical,50.001864095707816
ITC,mon_cos,Other,44.9992568314531
ITC,week_of_year_cos,Other,44.93792554500646
ITC,dist_lo_52,Other,43.75800987048985
ITC,week_of_year_sin,Other,42.93445457385524
ITC,days_to_earnings,Other,42.744049169249465
ITC,days_to_rbi,Indian Calendar,31.864227380001676
ITC,us_vix_spike,Global Macro,24.033658046613574
ITC,pre_results_drift,Other,9.771531191668176
ITC,post_results_day,Other,0.0
JSWENERGY,vol_lag_5,Volume,20.40595891254055
JSWENERGY,skew_20,Statistical,19.28034598636549
JSWENERGY,nikkei_ret_prev,Global Macro,18.99644049240288
JSWENERGY,cross_ratio,Other,17.977554857842353
JSWENERGY,ret_lag_5,Price / Return,17.78975488569167
JSWENERGY,sp500_ret_prev,Global Macro,17.43247398868737
JSWENERGY,kurt_50,Statistical,16.85574643776879
JSWENERGY,ret_lag_3,Price / Return,16.568079400247413
JSWENERGY,vol_lag_1,Volume,16.541066029614836
JSWENERGY,hist_vol_10,Volume,15.767006464927872
JSWENERGY,ret_lag_1,Price / Return,15.609178396972208
JSWENERGY,vol_lag_20,Volume,15.323596854822792
JSWENERGY,dist_hi_52,Other,15.120110252865219
JSWENERGY,crude_ret_prev,Global Macro,14.966658178525195
JSWENERGY,dxy_ret_prev,Global Macro,14.912873911464644
JSWENERGY,ret_lag_20,Price / Return,14.72507293024093
JSWENERGY,hist_vol_5,Volume,14.680519861655807
JSWENERGY,bb_width_50,Technical,14.478875137905654
JSWENERGY,sp500_ret_20d,Global Macro,14.451733772659374
JSWENERGY,ret_lag_10,Price / Return,14.420739774359188
JSWENERGY,dxy_ret_5d,Global Macro,13.978115800918752
JSWENERGY,parkinson_20,Other,13.412774088305516
JSWENERGY,ret_lag_2,Price / Return,13.234760075523178
JSWENERGY,kurt_20,Statistical,12.854990764272106
JSWENERGY,nikkei_ret_5d,Global Macro,12.640499246638827
JSWENERGY,crude_ret_20d,Global Macro,12.425446417636465
JSWENERGY,vol_lag_10,Volume,12.320774193174488
JSWENERGY,kurt_10,Statistical,12.198948689905473
JSWENERGY,obv_ratio,Technical,12.11972258266855
JSWENERGY,vol_change,Volume,12.11133965681882
JSWENERGY,dist_hi_20,Other,11.698524667716246
JSWENERGY,us_vix_level,Global Macro,11.694278069964497
JSWENERGY,atr_ratio_21,Technical,11.594283377134518
JSWENERGY,macd_signal_pct_12_26,Technical,11.277454174410849
JSWENERGY,sp500_ret_5d,Global Macro,11.124847081544406
JSWENERGY,crude_ret_5d,Global Macro,10.800050862049892
JSWENERGY,upper_shadow,Other,10.787573779817556
JSWENERGY,atr_ratio_14,Technical,10.597324520865293
JSWENERGY,hl_range,Other,10.41412465606317
JSWENERGY,vol_ratio_10,Volume,10.314237955904314
JSWENERGY,ret_10d,Price / Return,10.111363154630391
JSWENERGY,adx_14,Technical,8.874726744878735
JSWENERGY,dist_lo_52,Other,8.603754091714999
JSWENERGY,body_size,Other,8.579983236760924
JSWENERGY,us_vix_zscore,Global Macro,8.037633965782728
JSWENERGY,plus_di_21,Other,7.6449885653230005
JSWENERGY,vol_ratio_50,Volume,7.298659547682776
JSWENERGY,week_of_year_cos,Other,6.567306174125879
JSWENERGY,week_of_year_sin,Other,5.520711648381019
JSWENERGY,us_vix_spike,Global Macro,2.6647200873743793
JSWSTEEL,cross_ratio,Other,15.374054465080329
JSWSTEEL,bb_width_20,Technical,12.449253211063624
JSWSTEEL,adx_14,Technical,10.395599063719105
JSWSTEEL,dist_hi_252,Other,10.263099744147707
JSWSTEEL,crude_ret_5d,Global Macro,10.222867523497575
JSWSTEEL,kurt_20,Statistical,10.110108328834333
JSWSTEEL,hist_vol_50,Volume,9.539607426954687
JSWSTEEL,crude_ret_20d,Global Macro,9.073742625356735
JSWSTEEL,sp500_ret_prev,Global Macro,8.990638584385941
JSWSTEEL,dxy_ret_5d,Global Macro,8.844750146780662
JSWSTEEL,crude_ret_prev,Global Macro,8.786892015447368
JSWSTEEL,earnings_proximity,Other,8.680383971235887
JSWSTEEL,garch_vol,Other,8.652908259506368
JSWSTEEL,nikkei_ret_prev,Global Macro,8.45303483199799
JSWSTEEL,sp500_ret_20d,Global Macro,8.280693613548223
JSWSTEEL,ret_10d,Price / Return,8.161191219193533
JSWSTEEL,dxy_ret_prev,Global Macro,7.9636756104227375
JSWSTEEL,niftybank_ret_5d,Price / Return,7.7563378975165005
JSWSTEEL,nikkei_ret_5d,Global Macro,7.663629477333591
JSWSTEEL,sector_corr_30d,Other,7.5571428786324795
JSWSTEEL,niftybank_ret_prev,Price / Return,7.505677543806046
JSWSTEEL,niftybank_ret_20d,Price / Return,7.435763594840103
JSWSTEEL,dist_lo_52,Other,7.369752302621153
JSWSTEEL,nifty50_ret_20d,Price / Return,7.177650213527058
JSWSTEEL,alpha_vs_niftybank_1d,Other,6.864644688808196
JSWSTEEL,nifty50_ret_5d,Price / Return,6.7610285141549475
JSWSTEEL,nifty50_ret_prev,Price / Return,6.747255611705479
JSWSTEEL,vol_lag_3,Volume,6.5506597749178095
JSWSTEEL,rsi_28,Technical,6.483878446626784
JSWSTEEL,dxy_ret_20d,Global Macro,6.447441727201328
JSWSTEEL,plus_di_14,Other,6.093729900862794
JSWSTEEL,dist_lo_252,Other,5.878935553976834
JSWSTEEL,sp500_ret_5d,Global Macro,5.822183922249066
JSWSTEEL,us_vix_level,Global Macro,5.318788715821274
JSWSTEEL,cci_20,Technical,5.315484454323043
JSWSTEEL,skew_50,Statistical,4.874222352660457
JSWSTEEL,days_to_expiry,Indian Calendar,4.854052672472719
JSWSTEEL,bb_pos_10,Technical,4.708251624139636
JSWSTEEL,stoch_d_9,Technical,4.708206053448988
JSWSTEEL,us_vix_zscore,Global Macro,4.051844748705723
JSWSTEEL,days_to_earnings,Other,3.7689512807181167
JSWSTEEL,days_to_rbi,Indian Calendar,3.0281526373495042
JSWSTEEL,garch_vol_regime,Volume,3.0032977841445376
JSWSTEEL,is_expiry_week,Indian Calendar,2.4659762526133195
JSWSTEEL,us_vix_spike,Global Macro,1.6882126343920703
JSWSTEEL,is_rbi_week,Indian Calendar,1.2542749634341868
JSWSTEEL,pre_results_drift,Other,0.7453188875461808
JSWSTEEL,is_expiry_day,Indian Calendar,0.6499187784842527
JSWSTEEL,is_budget_week,Indian Calendar,0.3534677188359609
JSWSTEEL,post_results_day,Other,4.039485244705828e-32
KOTAKBANK,kurt_50,Statistical,86.28453498038411
KOTAKBANK,kurt_20,Statistical,85.89597739292573
KOTAKBANK,earnings_proximity,Other,80.2423302112888
KOTAKBANK,skew_50,Statistical,79.00216738067479
KOTAKBANK,crude_ret_5d,Global Macro,76.8933574491061
KOTAKBANK,sp500_ret_prev,Global Macro,65.93076345766691
KOTAKBANK,vol_lag_5,Volume,64.53927866851906
KOTAKBANK,crude_ret_prev,Global Macro,63.487999031451096
KOTAKBANK,cross_ratio,Other,63.34502214638657
KOTAKBANK,skew_20,Statistical,61.58555636813555
KOTAKBANK,nifty50_ret_20d,Price / Return,60.86923428861264
KOTAKBANK,nikkei_ret_prev,Global Macro,59.370916107657216
KOTAKBANK,dist_lo_126,Other,54.73155978626763
KOTAKBANK,niftybank_ret_20d,Price / Return,53.57312902783763
KOTAKBANK,adx_21,Technical,53.393753887339045
KOTAKBANK,skew_10,Statistical,53.39091104525976
KOTAKBANK,niftybank_ret_prev,Price / Return,52.11099623632447
KOTAKBANK,hist_vol_20,Volume,51.35489902567568
KOTAKBANK,dxy_ret_prev,Global Macro,51.05411947196676
KOTAKBANK,macd_hist_pct_12_26,Technical,50.34733616255855
KOTAKBANK,adx_14,Technical,50.090832735451635
KOTAKBANK,nifty50_ret_prev,Price / Return,48.87035532214857
KOTAKBANK,dist_lo_252,Other,48.74762696685625
KOTAKBANK,niftybank_ret_5d,Price / Return,48.39931340705445
KOTAKBANK,dxy_ret_5d,Global Macro,48.03226989801072
KOTAKBANK,us_vix_level,Global Macro,46.70270501336084
KOTAKBANK,sp500_ret_5d,Global Macro,46.081384533670246
KOTAKBANK,sector_corr_30d,Other,46.069363020921884
KOTAKBANK,dxy_ret_20d,Global Macro,45.30915337944097
KOTAKBANK,atr_ratio_14,Technical,44.61078626705005
KOTAKBANK,sector_corr_60d,Other,41.33798121054047
KOTAKBANK,nifty50_ret_5d,Price / Return,40.85401464846473
KOTAKBANK,ret_20d,Price / Return,39.09104890226306
KOTAKBANK,pos_hi_252,Other,34.46360082293561
KOTAKBANK,di_diff_14,Other,34.02926490745802
KOTAKBANK,dist_hi_126,Other,33.70215454105494
KOTAKBANK,us_vix_zscore,Global Macro,31.641139725254526
KOTAKBANK,mon_sin,Other,30.772695866607776
KOTAKBANK,days_to_earnings,Other,30.492941366972975
KOTAKBANK,rsi_28,Technical,29.379885922036284
KOTAKBANK,week_of_year_sin,Other,28.763609333446123
KOTAKBANK,dist_hi_252,Other,25.849154523564916
KOTAKBANK,days_to_rbi,Indian Calendar,22.235077987121155
KOTAKBANK,us_vix_spike,Global Macro,13.06065138612986
KOTAKBANK,pre_results_drift,Other,7.470827598960379
KOTAKBANK,is_rbi_week,Indian Calendar,4.641592080901727
KOTAKBANK,post_results_day,Other,0.0
LICHSGFIN,obv_ratio,Technical,56.27125442221514
LICHSGFIN,sp500_ret_prev,Global Macro,50.033979918786535
LICHSGFIN,kurt_10,Statistical,47.21482782490878
LICHSGFIN,dxy_ret_prev,Global Macro,47.103727052169454
LICHSGFIN,kurt_20,Statistical,44.36143732917261
LICHSGFIN,hist_vol_50,Volume,43.49630502465122
LICHSGFIN,crude_ret_prev,Global Macro,43.345739555719106
LICHSGFIN,sector_corr_30d,Other,42.73109491785929
LICHSGFIN,crude_ret_20d,Global Macro,41.749270473138495
LICHSGFIN,adx_14,Technical,41.27879390515822
LICHSGFIN,days_to_budget,Indian Calendar,40.96549945283371
LICHSGFIN,niftybank_ret_20d,Price / Return,40.79861114101383
LICHSGFIN,bb_width_20,Technical,39.906155226220065
LICHSGFIN,macd_hist_pct_5_35,Technical,38.932555881704076
LICHSGFIN,nikkei_ret_prev,Global Macro,38.85068904044138
LICHSGFIN,skew_20,Statistical,38.34993075533451
LICHSGFIN,kurt_50,Statistical,38.28100654734457
LICHSGFIN,sp500_ret_5d,Global Macro,38.212618681629685
LICHSGFIN,skew_50,Statistical,37.99073592277954
LICHSGFIN,crude_ret_5d,Global Macro,37.80548804811396
LICHSGFIN,sector_corr_60d,Other,37.60134317967919
LICHSGFIN,niftybank_ret_5d,Price / Return,36.87675905722574
LICHSGFIN,earnings_proximity,Other,36.730689931461924
LICHSGFIN,bb_width_10,Technical,36.21058426101454
LICHSGFIN,dist_hi_52,Other,35.52589522253519
LICHSGFIN,niftybank_ret_prev,Price / Return,35.42630553040362
LICHSGFIN,dxy_ret_20d,Global Macro,33.430595572934536
LICHSGFIN,us_vix_zscore,Global Macro,33.18343096620066
LICHSGFIN,us_vix_level,Global Macro,33.09649931381436
LICHSGFIN,nifty50_ret_5d,Price / Return,33.043413234355306
LICHSGFIN,dist_lo_252,Other,32.586104796356636
LICHSGFIN,price_ema_200,Technical,32.51069279054115
LICHSGFIN,dxy_ret_5d,Global Macro,31.55870707008423
LICHSGFIN,nifty50_ret_prev,Price / Return,31.427887701313153
LICHSGFIN,days_to_expiry,Indian Calendar,30.8793496507663
LICHSGFIN,cross_ratio,Other,30.09676241758569
LICHSGFIN,plus_di_14,Other,25.721880561249005
LICHSGFIN,minus_di_14,Other,25.717787819654504
LICHSGFIN,dist_lo_126,Other,25.29478723312166
LICHSGFIN,dist_lo_52,Other,24.082832640962767
LICHSGFIN,pos_hi_52,Other,21.883294102675865
LICHSGFIN,days_to_rbi,Indian Calendar,19.061806712329915
LICHSGFIN,days_to_earnings,Other,15.69969746097737
LICHSGFIN,us_vix_spike,Global Macro,11.231579304072582
LICHSGFIN,is_rbi_week,Indian Calendar,5.365691897405418
LICHSGFIN,pre_results_drift,Other,3.820498585716597
LICHSGFIN,post_results_day,Other,0.0
LT,skew_50,Statistical,65.37830613624473
LT,kurt_10,Statistical,64.10951720712765
LT,kurt_50,Statistical,63.030250684714
LT,niftybank_ret_20d,Price / Return,59.782625044174274
LT,days_to_budget,Indian Calendar,52.13123532687715
LT,sp500_ret_prev,Global Macro,51.59230987842394
LT,crude_ret_5d,Global Macro,50.65149932811612
LT,crude_ret_prev,Global Macro,50.568869054832994
LT,gk_vol_20,Volume,49.75608495337708
LT,hist_vol_5,Volume,49.2887612816977
LT,adx_21,Technical,49.1531953211935
LT,nifty50_ret_prev,Price / Return,49.10084514443842
LT,hist_vol_50,Volume,48.928604646562135
LT,parkinson_20,Other,45.929936948712246
LT,dxy_ret_prev,Global Macro,45.837890087246684
LT,sector_mom_20d,Other,45.36223098525171
LT,nikkei_ret_prev,Global Macro,45.352380429752806
LT,dist_lo_252,Other,44.83541521469094
LT,adx_14,Technical,43.858461366745324
LT,cross_ratio,Other,43.823624545167775
LT,sector_corr_60d,Other,43.08100441631326
LT,niftybank_ret_5d,Price / Return,43.06595660338572
LT,macd_hist_pct_12_26,Technical,40.759057830444505
LT,earnings_proximity,Other,40.65974904394389
LT,us_vix_level,Global Macro,40.23813198465741
LT,nasdaq_ret_5d,Global Macro,39.66670542598915
LT,dxy_ret_20d,Global Macro,39.313533436575625
LT,sp500_ret_5d,Global Macro,39.18911280448871
LT,nifty50_ret_5d,Price / Return,39.13298715676024
LT,atr_ratio_7,Technical,37.561532285783166
LT,dist_lo_52,Other,37.40025242026195
LT,hist_vol_10,Volume,37.11467045489811
LT,ret_10d,Price / Return,36.859521128584824
LT,dxy_ret_5d,Global Macro,35.88936868860081
LT,bb_width_10,Technical,35.85990195785348
LT,dist_lo_126,Other,33.23754815829301
LT,ret_20d,Price / Return,32.57914545911631
LT,macd_pct_5_35,Technical,32.51247003017526
LT,us_vix_zscore,Global Macro,29.581397194113652
LT,hist_vol_20,Volume,28.619853335418778
LT,plus_di_14,Other,28.353680887916404
LT,week_of_year_cos,Other,27.02949814814152
LT,di_diff_14,Other,26.202123045704568
LT,stoch_d_14,Technical,25.891460158108067
LT,days_to_rbi,Indian Calendar,24.33326128526424
LT,week_of_year_sin,Other,22.275133453056025
LT,days_to_earnings,Other,18.213596806695246
LT,us_vix_spike,Global Macro,11.135677727212428
LT,pre_results_drift,Other,3.7388732788453094
LT,post_results_day,Other,0.0
LTIM,kurt_10,Statistical,154.26227172053356
LTIM,kurt_20,Statistical,151.42638837714023
LTIM,kurt_50,Statistical,146.9322462282038
LTIM,skew_50,Statistical,133.66391247237087
LTIM,usdinr_ret_1d,Global Macro,124.52798566626316
LTIM,skew_20,Statistical,116.65882117031236
LTIM,usdinr_ret_5d,Global Macro,109.582258930091
LTIM,hist_vol_5,Volume,109.50063302832169
LTIM,sector_corr_60d,Other,108.33370552925095
LTIM,us_vix_level,Global Macro,100.33438225721561
LTIM,dxy_ret_prev,Global Macro,99.73675565203831
LTIM,sector_corr_30d,Other,99.29781198278671
LTIM,earnings_proximity,Other,97.41573414644415
LTIM,nasdaq_ret_prev,Global Macro,96.71561757492613
LTIM,crude_ret_prev,Global Macro,93.72723955760324
LTIM,alpha_vs_usdinr_1d,Global Macro,93.57340172867897
LTIM,dxy_ret_5d,Global Macro,93.30264833611191
LTIM,usdinr_ret_20d,Global Macro,93.26107478620497
LTIM,sp500_ret_prev,Global Macro,92.67138761031849
LTIM,cross_ratio,Other,92.49911903516902
LTIM,hist_vol_10,Volume,90.1914857796551
LTIM,nifty50_ret_prev,Price / Return,88.30888843606598
LTIM,nikkei_ret_prev,Global Macro,86.94730855024139
LTIM,sp500_ret_5d,Global Macro,86.83168917906737
LTIM,gk_vol_20,Volume,84.02360940684144
LTIM,hist_vol_50,Volume,80.19059163224397
LTIM,nasdaq_ret_5d,Global Macro,79.60804642781254
LTIM,dxy_ret_20d,Global Macro,78.86369647753156
LTIM,usdinr_ma20_ratio,Global Macro,77.84438307866694
LTIM,plus_di_21,Other,76.96515544435654
LTIM,macd_signal_pct_12_26,Technical,76.55332490730876
LTIM,nifty50_ret_5d,Price / Return,75.8720168297532
LTIM,dist_hi_52,Other,75.72373785936334
LTIM,alpha_vs_usdinr_5d,Global Macro,72.89096650806484
LTIM,dist_lo_20,Other,72.65577542168054
LTIM,mon_sin,Other,66.8418901505344
LTIM,usdinr_rsi_14,Global Macro,63.10386095945876
LTIM,week_of_year_sin,Other,61.06071836229835
LTIM,price_sma_200,Technical,60.92692162567782
LTIM,us_vix_zscore,Global Macro,60.42295267087251
LTIM,dist_lo_252,Other,57.83062259142305
LTIM,days_to_earnings,Other,52.70598837838692
LTIM,week_of_year_cos,Other,51.38416234268441
LTIM,dist_lo_126,Other,47.47460619731872
LTIM,roc_50,Other,46.82092619257536
LTIM,price_sma_100,Technical,44.72090264597869
LTIM,pos_hi_252,Other,38.90627177459635
LTIM,us_vix_spike,Global Macro,20.895038783550312
LTIM,pre_results_drift,Other,11.08198899655904
LTIM,post_results_day,Other,0.0
LUPIN,obv_ratio,Technical,7.940159117557326
LUPIN,earnings_proximity,Other,5.875606185205897
LUPIN,sp500_ret_prev,Global Macro,5.187323089177552
LUPIN,crude_ret_prev,Global Macro,5.065072617442869
LUPIN,crude_ret_5d,Global Macro,4.478024328276656
LUPIN,kurt_20,Statistical,4.423983255384372
LUPIN,kurt_50,Statistical,4.257147034575702
LUPIN,kurt_10,Statistical,4.2121211672679735
LUPIN,adx_21,Technical,4.11033409478133
LUPIN,nifty50_ret_5d,Price / Return,4.033413914283626
LUPIN,gk_vol_20,Volume,4.029031285809236
LUPIN,niftybank_ret_20d,Price / Return,4.016224466319967
LUPIN,days_to_budget,Indian Calendar,3.745790911856898
LUPIN,sp500_ret_5d,Global Macro,3.742886394476084
LUPIN,crude_ret_20d,Global Macro,3.724568968533515
LUPIN,skew_20,Statistical,3.492719831931068
LUPIN,parkinson_10,Other,3.3537403386145876
LUPIN,bb_width_50,Technical,3.25376490743296
LUPIN,hist_vol_5,Volume,3.2155038256731094
LUPIN,dxy_ret_5d,Global Macro,3.1971772103896012
LUPIN,sector_mom_20d,Other,3.1907535454943177
LUPIN,dxy_ret_prev,Global Macro,3.1805064749002425
LUPIN,sector_corr_30d,Other,3.1788165101250097
LUPIN,atr_ratio_7,Technical,3.171409841382453
LUPIN,hist_vol_20,Volume,3.1625193524470343
LUPIN,nifty50_ret_20d,Price / Return,3.0641625653545517
LUPIN,dist_lo_52,Other,3.009028213326605
LUPIN,nikkei_ret_prev,Global Macro,2.9342290116663747
LUPIN,sector_corr_60d,Other,2.8474553118510277
LUPIN,nifty50_ret_prev,Price / Return,2.586407481241908
LUPIN,macd_signal_pct_12_26,Technical,2.573744793567792
LUPIN,us_vix_level,Global Macro,2.5427515214406267
LUPIN,macd_pct_12_26,Technical,2.47781423937672
LUPIN,days_to_earnings,Other,2.4331977388918427
LUPIN,skew_10,Statistical,2.3933610843062993
LUPIN,dist_lo_126,Other,2.393221359693754
LUPIN,dist_hi_52,Other,2.3891093349730754
LUPIN,plus_di_21,Other,2.258305313897811
LUPIN,price_sma_100,Technical,2.2461007688791716
LUPIN,week_of_year_cos,Other,2.1724925522151874
LUPIN,us_vix_zscore,Global Macro,2.0868380992843
LUPIN,mon_cos,Other,2.0693912679484767
LUPIN,price_ema_200,Technical,2.000752714674345
LUPIN,minus_di_14,Other,1.944533431711387
LUPIN,dxy_ret_20d,Global Macro,1.9267887804445298
LUPIN,stoch_d_14,Technical,1.718067581617298
LUPIN,days_to_expiry,Indian Calendar,1.4307468468034417
LUPIN,us_vix_spike,Global Macro,0.881592117551191
LUPIN,pre_results_drift,Other,0.5239456344939416
LUPIN,post_results_day,Other,0.0
M&M,crude_ret_20d,Global Macro,62.446421799909416
M&M,sp500_ret_prev,Global Macro,58.52224472294101
M&M,crude_ret_prev,Global Macro,58.07972151944692
M&M,earnings_proximity,Other,53.98568129733731
M&M,kurt_20,Statistical,51.42059420259029
M&M,nifty50_ret_prev,Price / Return,50.84469880304988
M&M,obv_ratio,Technical,50.16611819583742
M&M,macd_hist_pct_12_26,Technical,49.309419510237845
M&M,nikkei_ret_prev,Global Macro,49.169626741199636
M&M,vol_lag_5,Volume,48.36623326485761
M&M,kurt_50,Statistical,47.61965343501562
M&M,days_to_budget,Indian Calendar,47.313965221020354
M&M,niftybank_ret_5d,Price / Return,46.06546422734312
M&M,skew_50,Statistical,44.65948354021405
M&M,dist_lo_252,Other,44.426070594629394
M&M,sp500_ret_5d,Global Macro,43.61497046147985
M&M,rel_strength_1d,Other,41.61164462073481
M&M,nasdaq_ret_5d,Global Macro,40.85603612701454
M&M,bb_width_50,Technical,39.28236332563034
M&M,macd_signal_pct_12_26,Technical,38.891824047458314
M&M,roc_50,Other,38.22803110622683
M&M,skew_20,Statistical,38.024805508933916
M&M,sector_mom_20d,Other,37.88593699689259
M&M,nifty50_ret_5d,Price / Return,37.50839598287308
M&M,dxy_ret_prev,Global Macro,37.482447729497835
M&M,adx_14,Technical,37.083710258177874
M&M,bb_width_10,Technical,36.61709845460664
M&M,price_ema_200,Technical,35.88714860675726
M&M,adx_21,Technical,35.05036606834724
M&M,pos_hi_252,Other,33.61669168538677
M&M,dist_lo_52,Other,33.06646792306494
M&M,dist_hi_252,Other,32.484693948371934
M&M,cross_ratio,Other,31.696778363686963
M&M,atr_ratio_7,Technical,31.431201042116758
M&M,dxy_ret_20d,Global Macro,30.212347365538644
M&M,dxy_ret_5d,Global Macro,30.174768314000836
M&M,us_vix_zscore,Global Macro,29.38879269970137
M&M,hist_vol_10,Volume,29.153603501845296
M&M,us_vix_level,Global Macro,28.586513387679176
M&M,atr_ratio_21,Technical,28.00685766141026
M&M,minus_di_21,Other,27.879667404654626
M&M,gk_vol_20,Volume,27.797029462084996
M&M,week_of_year_cos,Other,27.31272215018716
M&M,pos_hi_20,Other,27.28615915847999
M&M,days_to_earnings,Other,19.83392860192885
M&M,week_of_year_sin,Other,18.58451670891811
M&M,days_to_rbi,Indian Calendar,17.897668181824347
M&M,us_vix_spike,Global Macro,10.370501229271486
M&M,pre_results_drift,Other,5.193905639472307
M&M,post_results_day,Other,0.0
MANAPPURAM,sp500_ret_prev,Global Macro,4.705169819720268
MANAPPURAM,dist_hi_252,Other,3.917473781651886
MANAPPURAM,crude_ret_prev,Global Macro,3.2860425325096685
MANAPPURAM,sp500_ret_20d,Global Macro,3.2697192572413365
MANAPPURAM,adx_21,Technical,3.2152849084404207
MANAPPURAM,alpha_vs_niftybank_1d,Other,3.187047563129944
MANAPPURAM,garch_vol,Other,3.058643812915875
MANAPPURAM,niftybank_ret_prev,Price / Return,2.770446862273926
MANAPPURAM,bb_width_20,Technical,2.6949663471712118
MANAPPURAM,niftybank_ret_5d,Price / Return,2.684789406185728
MANAPPURAM,crude_ret_20d,Global Macro,2.6811759512648963
MANAPPURAM,bb_width_10,Technical,2.6705272750535904
MANAPPURAM,sector_corr_60d,Other,2.666237363841229
MANAPPURAM,skew_50,Statistical,2.6648857077110795
MANAPPURAM,dxy_ret_5d,Global Macro,2.6629457517521833
MANAPPURAM,nifty50_ret_prev,Price / Return,2.659331300002864
MANAPPURAM,us_vix_level,Global Macro,2.568487843928949
MANAPPURAM,niftybank_ret_20d,Price / Return,2.5431542946099297
MANAPPURAM,crude_ret_5d,Global Macro,2.498685075050879
MANAPPURAM,earnings_proximity,Other,2.4816754489009254
MANAPPURAM,days_to_expiry,Indian Calendar,2.422858060619631
MANAPPURAM,nifty50_ret_20d,Price / Return,2.3970820469098877
MANAPPURAM,dxy_ret_prev,Global Macro,2.3233590629751713
MANAPPURAM,us_vix_regime,Global Macro,2.2912512045498357
MANAPPURAM,nikkei_ret_5d,Global Macro,2.27215685204965
MANAPPURAM,dist_lo_252,Other,2.2017045009563545
MANAPPURAM,nifty50_ret_5d,Price / Return,2.1450363269506236
MANAPPURAM,dist_hi_52,Other,2.003610089873555
MANAPPURAM,pos_hi_126,Other,1.988127480091575
MANAPPURAM,nikkei_ret_prev,Global Macro,1.9432482707062515
MANAPPURAM,dxy_ret_20d,Global Macro,1.9150713209136643
MANAPPURAM,rsi_21,Technical,1.9046769048643877
MANAPPURAM,sp500_ret_5d,Global Macro,1.6677966941596742
MANAPPURAM,sector_mom_5d,Other,1.5077041998106377
MANAPPURAM,atr_ratio_14,Technical,1.5015686357485598
MANAPPURAM,days_to_rbi,Indian Calendar,1.4612711831190826
MANAPPURAM,us_vix_zscore,Global Macro,1.3366750767499944
MANAPPURAM,mon_sin,Other,1.3042942107867672
MANAPPURAM,is_expiry_week,Indian Calendar,1.2945424064651583
MANAPPURAM,days_to_earnings,Other,1.283248373217848
MANAPPURAM,garch_vol_regime,Volume,0.818824712421573
MANAPPURAM,is_rbi_week,Indian Calendar,0.5579511557566758
MANAPPURAM,us_vix_spike,Global Macro,0.5250949691057557
MANAPPURAM,is_expiry_day,Indian Calendar,0.3984741958038612
MANAPPURAM,pre_results_drift,Other,0.3905229454299085
MANAPPURAM,is_budget_week,Indian Calendar,0.14962349827193347
MANAPPURAM,post_results_day,Other,4.911385380077315e-25
MARICO,skew_50,Statistical,16.98780249597287
MARICO,vol_lag_1,Volume,15.484029260619717
MARICO,obv_ratio,Technical,15.241099656858871
MARICO,kurt_50,Statistical,14.955607535768666
MARICO,alpha_vs_niftybank_1d,Other,14.134784823503729
MARICO,trend_cons,Regime,13.531550659815318
MARICO,earnings_proximity,Other,13.03384345963982
MARICO,nifty50_ret_prev,Price / Return,12.84448566769597
MARICO,nikkei_ret_prev,Global Macro,12.390722308704806
MARICO,sp500_ret_prev,Global Macro,12.238503778578037
MARICO,sp500_ret_20d,Global Macro,11.887913731127686
MARICO,sp500_ret_5d,Global Macro,11.648157134244437
MARICO,bb_width_50,Technical,11.072793813985129
MARICO,us_vix_level,Global Macro,10.849404462770917
MARICO,dxy_ret_5d,Global Macro,10.739358656359805
MARICO,dxy_ret_prev,Global Macro,10.640218368078276
MARICO,dxy_ret_20d,Global Macro,10.504390716534752
MARICO,atr_ratio_7,Technical,10.178734280953913
MARICO,dist_hi_126,Other,10.155977717180525
MARICO,nifty50_ret_5d,Price / Return,10.093432662078104
MARICO,hist_vol_50,Volume,9.949802849631077
MARICO,crude_ret_prev,Global Macro,9.927652904716009
MARICO,cross_ratio,Other,9.808336557545392
MARICO,trend_strength,Regime,9.80833655754539
MARICO,hist_vol_10,Volume,9.181219170754439
MARICO,sector_mom_5d,Other,9.122544726645225
MARICO,sector_mom_20d,Other,9.052664232886938
MARICO,macd_hist_pct_5_35,Technical,8.797142832430207
MARICO,price_ema_5,Technical,8.415584708512329
MARICO,days_to_expiry,Indian Calendar,8.330557479976527
MARICO,hist_vol_20,Volume,7.912527101355445
MARICO,ret_lag_10,Price / Return,7.750492192934998
MARICO,adx_21,Technical,7.620035804729396
MARICO,us_vix_zscore,Global Macro,7.377193004373093
MARICO,sector_corr_60d,Other,7.22151339654619
MARICO,rsi_21,Technical,6.929423180163933
MARICO,pos_hi_126,Other,6.159043890314617
MARICO,week_of_year_sin,Other,5.7932426411890425
MARICO,stoch_d_9,Technical,5.636602214122935
MARICO,days_to_earnings,Other,5.436487223852831
MARICO,week_of_year_cos,Other,5.432930586279955
MARICO,pos_hi_52,Other,5.35523896379306
MARICO,rsi_14,Technical,5.33763346182122
MARICO,cci_20,Technical,5.216700144787739
MARICO,stoch_k_9,Technical,5.146551496351467
MARICO,stoch_k_14,Technical,5.090987430293659
MARICO,days_to_rbi,Indian Calendar,4.0668354666865545
MARICO,us_vix_spike,Global Macro,2.8519873904952515
MARICO,pre_results_drift,Other,1.3426483470640642
MARICO,post_results_day,Other,0.0
MARUTI,crude_ret_20d,Global Macro,18.887446890944112
MARUTI,nikkei_ret_prev,Global Macro,18.068888468649103
MARUTI,crude_ret_5d,Global Macro,17.27785710883807
MARUTI,crude_ret_prev,Global Macro,16.62460693515416
MARUTI,dist_lo_252,Other,15.78239896998161
MARUTI,kurt_50,Statistical,14.777495251090642
MARUTI,gk_vol_20,Volume,14.596244536989545
MARUTI,days_to_budget,Indian Calendar,14.274558545764304
MARUTI,sp500_ret_20d,Global Macro,13.794312217359426
MARUTI,niftybank_ret_prev,Price / Return,13.606679143404051
MARUTI,bb_width_10,Technical,13.589223824673653
MARUTI,vol_lag_20,Volume,13.230891832890201
MARUTI,niftybank_ret_5d,Price / Return,13.017766979217154
MARUTI,us_vix_ret_1d,Global Macro,12.775691630887474
MARUTI,dxy_ret_prev,Global Macro,12.58061521300189
MARUTI,sp500_ret_5d,Global Macro,12.415937611166973
MARUTI,nifty50_ret_5d,Price / Return,12.376082473577302
MARUTI,alpha_vs_niftybank_1d,Other,12.349960577877782
MARUTI,garch_surprise,Other,12.282185254106539
MARUTI,nifty50_ret_prev,Price / Return,11.720422442614144
MARUTI,nasdaq_ret_5d,Global Macro,11.553347332830187
MARUTI,nasdaq_ret_prev,Global Macro,11.469426786287444
MARUTI,sp500_ret_prev,Global Macro,11.443245593558633
MARUTI,minus_di_21,Other,11.404515338893518
MARUTI,sector_mom_20d,Other,11.280507921517257
MARUTI,di_diff_14,Other,10.984636325538704
MARUTI,dxy_ret_20d,Global Macro,10.733429841848611
MARUTI,nikkei_ret_5d,Global Macro,10.729876349866258
MARUTI,garch_vol,Other,10.636826038103084
MARUTI,us_vix_zscore,Global Macro,10.573119590261099
MARUTI,us_vix_level,Global Macro,10.57309433166493
MARUTI,niftybank_ret_20d,Price / Return,10.510445317375956
MARUTI,dxy_ret_5d,Global Macro,10.213692548457262
MARUTI,nifty50_ret_20d,Price / Return,10.116641697821462
MARUTI,earnings_proximity,Other,10.038041840075577
MARUTI,us_vix_regime,Global Macro,9.987463895015185
MARUTI,days_to_expiry,Indian Calendar,9.931818340819714
MARUTI,pos_hi_126,Other,9.630195700078037
MARUTI,days_to_rbi,Indian Calendar,6.538775986324395
MARUTI,is_expiry_week,Indian Calendar,5.7933380729963595
MARUTI,garch_vol_regime,Volume,4.802535811780263
MARUTI,days_to_earnings,Other,4.779571258932841
MARUTI,us_vix_spike,Global Macro,4.291051395121727
MARUTI,is_result_season,Indian Calendar,3.517070096105299
MARUTI,is_rbi_week,Indian Calendar,2.310816377265276
MARUTI,is_expiry_day,Indian Calendar,1.9240147765670006
MARUTI,pre_results_drift,Other,1.2684810326671951
MARUTI,is_budget_week,Indian Calendar,1.141626660198819
MARUTI,is_results_week,Other,0.9475307901648314
MARUTI,post_results_day,Other,1.3687927025529179e-21
MOTHERSON,kurt_50,Statistical,177.62572778100005
MOTHERSON,skew_20,Statistical,154.60817135922494
MOTHERSON,skew_50,Statistical,151.87074135019662
MOTHERSON,obv_ratio,Technical,147.93776112916456
MOTHERSON,nikkei_ret_prev,Global Macro,142.68226612558055
MOTHERSON,sp500_ret_5d,Global Macro,132.33268451555995
MOTHERSON,earnings_proximity,Other,131.9820202923405
MOTHERSON,crude_ret_prev,Global Macro,131.353915969004
MOTHERSON,crude_ret_20d,Global Macro,130.19827003173774
MOTHERSON,sp500_ret_prev,Global Macro,129.559055035277
MOTHERSON,nifty50_ret_prev,Price / Return,128.24367657801773
MOTHERSON,dxy_ret_prev,Global Macro,123.61208122584657
MOTHERSON,bb_width_10,Technical,122.1159850872599
MOTHERSON,days_to_budget,Indian Calendar,111.08705578908946
MOTHERSON,bb_width_50,Technical,109.90986191772312
MOTHERSON,nifty50_ret_5d,Price / Return,105.97324231037383
MOTHERSON,dxy_ret_5d,Global Macro,102.84684941079391
MOTHERSON,hist_vol_5,Volume,102.1841200493079
MOTHERSON,nifty50_ret_20d,Price / Return,99.64934838474544
MOTHERSON,dist_hi_20,Other,99.17773382618168
MOTHERSON,hist_vol_50,Volume,96.96565127014026
MOTHERSON,dxy_ret_20d,Global Macro,95.24354146833753
MOTHERSON,macd_signal_pct_12_26,Technical,94.59330286896844
MOTHERSON,sector_corr_30d,Other,91.79922813378278
MOTHERSON,us_vix_zscore,Global Macro,89.63032909407097
MOTHERSON,cross_ratio,Other,89.60866262544845
MOTHERSON,sector_mom_20d,Other,87.79440527954957
MOTHERSON,minus_di_21,Other,86.76772152449111
MOTHERSON,sector_corr_60d,Other,83.86009047317467
MOTHERSON,vol_change_5d,Volume,80.34278516705785
MOTHERSON,dist_lo_52,Other,75.30474221371423
MOTHERSON,hist_vol_10,Volume,74.61379448475314
MOTHERSON,price_sma_200,Technical,73.89558304827645
MOTHERSON,hist_vol_20,Volume,70.45637288320113
MOTHERSON,parkinson_10,Other,69.67106828269816
MOTHERSON,price_ema_200,Technical,68.9853246063453
MOTHERSON,dist_lo_252,Other,66.04390067874958
MOTHERSON,us_vix_level,Global Macro,60.72668800303178
MOTHERSON,price_sma_100,Technical,60.554659239461316
MOTHERSON,mon_sin,Other,56.66124241582111
MOTHERSON,atr_ratio_7,Technical,56.06945699860424
MOTHERSON,dist_lo_126,Other,55.712504609084064
MOTHERSON,days_to_expiry,Indian Calendar,50.54670724848117
MOTHERSON,garch_vol,Other,48.95093753992101
MOTHERSON,days_to_earnings,Other,46.6425041052107
MOTHERSON,week_of_year_cos,Other,45.17789781648354
MOTHERSON,us_vix_spike,Global Macro,33.249127275744385
MOTHERSON,garch_vol_regime,Volume,31.101752334524765
MOTHERSON,pre_results_drift,Other,14.09233471839136
MOTHERSON,post_results_day,Other,8.043327967148425e-19
MPHASIS,crude_ret_20d,Global Macro,134.7857530795561
MPHASIS,vol_ratio_50,Volume,130.5985587852261
MPHASIS,usdinr_ret_1d,Global Macro,125.09951144031528
MPHASIS,crude_ret_5d,Global Macro,118.61193580893182
MPHASIS,sector_corr_30d,Other,115.92184350467767
MPHASIS,dxy_ret_prev,Global Macro,115.23067666002225
MPHASIS,crude_ret_prev,Global Macro,114.3438650601009
MPHASIS,kurt_20,Statistical,113.87430439904257
MPHASIS,hist_vol_50,Volume,113.4949327936042
MPHASIS,earnings_proximity,Other,112.71111909952131
MPHASIS,dist_hi_252,Other,112.31043430367646
MPHASIS,nasdaq_ret_prev,Global Macro,111.60269729298611
MPHASIS,sp500_ret_prev,Global Macro,111.5309169073067
MPHASIS,nikkei_ret_prev,Global Macro,109.6622894052453
MPHASIS,niftybank_ret_20d,Price / Return,108.42025403033084
MPHASIS,alpha_vs_usdinr_5d,Global Macro,104.93403713622243
MPHASIS,niftybank_ret_prev,Price / Return,104.52228549001033
MPHASIS,usdinr_ret_5d,Global Macro,101.37767068535346
MPHASIS,sp500_ret_5d,Global Macro,98.81315264439016
MPHASIS,atr_ratio_14,Technical,96.67945539893047
MPHASIS,usdinr_ret_20d,Global Macro,95.64901501776845
MPHASIS,us_vix_level,Global Macro,94.80448977686292
MPHASIS,niftybank_ret_5d,Price / Return,94.72505866765069
MPHASIS,dxy_ret_5d,Global Macro,92.99519988703597
MPHASIS,alpha_vs_usdinr_1d,Global Macro,92.32416569793541
MPHASIS,nasdaq_ret_5d,Global Macro,88.38067912633772
MPHASIS,garch_surprise,Other,86.54759632783161
MPHASIS,adx_21,Technical,83.59315756711736
MPHASIS,nifty50_ret_prev,Price / Return,82.39625821133242
MPHASIS,us_vix_regime,Global Macro,80.23165696979254
MPHASIS,adx_14,Technical,78.4597533290885
MPHASIS,macd_signal_pct_12_26,Technical,76.38356830858949
MPHASIS,nifty50_ret_5d,Price / Return,75.22444474996064
MPHASIS,bb_width_50,Technical,74.57892799272653
MPHASIS,alpha_vs_niftybank_1d,Other,70.1304509518499
MPHASIS,us_vix_zscore,Global Macro,70.06159545386235
MPHASIS,rsi_28,Technical,68.041104050927
MPHASIS,usdinr_ma20_ratio,Global Macro,64.73532378497414
MPHASIS,days_to_rbi,Indian Calendar,64.23836212597733
MPHASIS,bb_pos_20,Technical,64.1483400757259
MPHASIS,usdinr_rsi_14,Global Macro,61.080159597025094
MPHASIS,pos_hi_126,Other,58.16087397110263
MPHASIS,pos_hi_52,Other,55.72503713554769
MPHASIS,dist_lo_52,Other,49.446519594817744
MPHASIS,days_to_earnings,Other,47.76647591602871
MPHASIS,week_of_year_cos,Other,43.08045786144091
MPHASIS,garch_vol_regime,Volume,37.4964538884218
MPHASIS,us_vix_spike,Global Macro,23.74343441696533
MPHASIS,pre_results_drift,Other,11.11299474042437
MPHASIS,post_results_day,Other,1.1714086166206766e-19
MUTHOOTFIN,kurt_50,Statistical,114.87482928846777
MUTHOOTFIN,crude_ret_prev,Global Macro,104.10237256795773
MUTHOOTFIN,sp500_ret_prev,Global Macro,102.34130720414588
MUTHOOTFIN,earnings_proximity,Other,97.92278895865387
MUTHOOTFIN,kurt_20,Statistical,97.65454176869503
MUTHOOTFIN,nikkei_ret_prev,Global Macro,96.96454868348492
MUTHOOTFIN,crude_ret_5d,Global Macro,95.54737747404508
MUTHOOTFIN,hist_vol_50,Volume,95.22482179668198
MUTHOOTFIN,crude_ret_20d,Global Macro,93.77473342271732
MUTHOOTFIN,niftybank_ret_prev,Price / Return,90.03746171780479
MUTHOOTFIN,days_to_budget,Indian Calendar,86.27631573089216
MUTHOOTFIN,bb_width_50,Technical,84.85074770983265
MUTHOOTFIN,niftybank_ret_20d,Price / Return,84.70922246690549
MUTHOOTFIN,sp500_ret_5d,Global Macro,83.56523480200451
MUTHOOTFIN,niftybank_ret_5d,Price / Return,82.16754851985344
MUTHOOTFIN,sector_mom_20d,Other,81.82713137404103
MUTHOOTFIN,nifty50_ret_prev,Price / Return,78.44906501532971
MUTHOOTFIN,dxy_ret_prev,Global Macro,75.84668818832355
MUTHOOTFIN,us_vix_level,Global Macro,72.60461817754226
MUTHOOTFIN,cross_ratio,Other,70.95146796122091
MUTHOOTFIN,nifty50_ret_5d,Price / Return,70.60640962461981
MUTHOOTFIN,dxy_ret_5d,Global Macro,68.80007930361882
MUTHOOTFIN,sector_corr_30d,Other,68.4385630424829
MUTHOOTFIN,sp500_ret_20d,Global Macro,66.18201986742038
MUTHOOTFIN,adx_14,Technical,62.72371668397258
MUTHOOTFIN,skew_10,Statistical,62.68749314726921
MUTHOOTFIN,dist_hi_252,Other,57.52248510315083
MUTHOOTFIN,days_to_expiry,Indian Calendar,54.61347990162729
MUTHOOTFIN,price_sma_10,Technical,53.82489151721927
MUTHOOTFIN,macd_hist_pct_12_26,Technical,53.81930472840177
MUTHOOTFIN,us_vix_zscore,Global Macro,53.28761168320138
MUTHOOTFIN,price_ema_10,Technical,53.01521506061927
MUTHOOTFIN,mon_cos,Other,50.89454899089149
MUTHOOTFIN,week_of_year_cos,Other,49.67768969841085
MUTHOOTFIN,dist_lo_52,Other,49.411991479348664
MUTHOOTFIN,mon_sin,Other,47.12784190214793
MUTHOOTFIN,price_sma_20,Technical,44.08833036136014
MUTHOOTFIN,price_sma_200,Technical,41.85172978140742
MUTHOOTFIN,price_sma_100,Technical,40.202173209672004
MUTHOOTFIN,days_to_earnings,Other,40.121558558316
MUTHOOTFIN,price_ema_200,Technical,38.44780869890662
MUTHOOTFIN,days_to_rbi,Indian Calendar,36.83198396491238
MUTHOOTFIN,stoch_d_9,Technical,35.038656403095004
MUTHOOTFIN,us_vix_spike,Global Macro,20.44700607605574
MUTHOOTFIN,is_rbi_week,Indian Calendar,12.321235054483237
MUTHOOTFIN,pre_results_drift,Other,10.195768196491203
MUTHOOTFIN,post_results_day,Other,0.0
NAUKRI,usdinr_ret_1d,Global Macro,543.914554427393
NAUKRI,usdinr_ret_5d,Global Macro,456.3286699834956
NAUKRI,nikkei_ret_prev,Global Macro,451.9555875919532
NAUKRI,obv_ratio,Technical,451.6595513887407
NAUKRI,niftybank_ret_20d,Price / Return,418.7818863357604
NAUKRI,nifty50_ret_prev,Price / Return,418.23070179703575
NAUKRI,alpha_vs_usdinr_1d,Global Macro,416.79309557490626
NAUKRI,dxy_ret_prev,Global Macro,403.35670784012507
NAUKRI,kurt_50,Statistical,389.8483578042071
NAUKRI,us_vix_level,Global Macro,389.03567480472464
NAUKRI,kurt_20,Statistical,388.20716733535664
NAUKRI,usdinr_ret_20d,Global Macro,387.1333239968865
NAUKRI,bb_width_50,Technical,360.8287542863464
NAUKRI,skew_20,Statistical,355.7424555369905
NAUKRI,sector_mom_20d,Other,352.0620810382168
NAUKRI,skew_10,Statistical,350.3429946816817
NAUKRI,crude_ret_20d,Global Macro,350.1393318165119
NAUKRI,nasdaq_ret_prev,Global Macro,344.94429805643176
NAUKRI,cross_ratio,Other,344.7611467374296
NAUKRI,crude_ret_prev,Global Macro,341.01081878021324
NAUKRI,dxy_ret_5d,Global Macro,338.56254838556083
NAUKRI,sp500_ret_5d,Global Macro,337.06929002268146
NAUKRI,sp500_ret_prev,Global Macro,334.4543458969298
NAUKRI,crude_ret_5d,Global Macro,333.5530367688998
NAUKRI,days_to_expiry,Indian Calendar,331.3875167109296
NAUKRI,nasdaq_ret_5d,Global Macro,323.73418988843736
NAUKRI,nifty50_ret_5d,Price / Return,323.2121454774476
NAUKRI,earnings_proximity,Other,319.388697947701
NAUKRI,vol_lag_2,Volume,318.2824182113922
NAUKRI,adx_21,Technical,317.3421154135604
NAUKRI,dxy_ret_20d,Global Macro,312.1515150618594
NAUKRI,usdinr_ma20_ratio,Global Macro,306.9900811534674
NAUKRI,adx_14,Technical,293.3382161854379
NAUKRI,alpha_vs_usdinr_5d,Global Macro,292.8947694132669
NAUKRI,nifty50_ret_20d,Price / Return,282.27615822225255
NAUKRI,price_sma_20,Technical,271.53886876942
NAUKRI,dist_lo_252,Other,270.0376525969829
NAUKRI,usdinr_rsi_14,Global Macro,264.8135864833797
NAUKRI,macd_signal_pct_12_26,Technical,256.67256021007387
NAUKRI,price_sma_200,Technical,248.3178678763653
NAUKRI,us_vix_zscore,Global Macro,242.5854963690378
NAUKRI,price_ema_50,Technical,232.6984978369716
NAUKRI,sector_corr_60d,Other,198.20729052187227
NAUKRI,week_of_year_cos,Other,196.76285009982465
NAUKRI,price_sma_100,Technical,188.35349412492704
NAUKRI,week_of_year_sin,Other,186.04860826967467
NAUKRI,days_to_earnings,Other,125.03018534205023
NAUKRI,us_vix_spike,Global Macro,91.91852200609024
NAUKRI,pre_results_drift,Other,34.797073261810986
NAUKRI,post_results_day,Other,0.0
NESTLEIND,sp500_ret_prev,Global Macro,237.35881062703626
NESTLEIND,crude_ret_20d,Global Macro,234.48483912338514
NESTLEIND,obv_ratio,Technical,232.45892477745713
NESTLEIND,earnings_proximity,Other,200.2474507024859
NESTLEIND,crude_ret_prev,Global Macro,198.6220626331841
NESTLEIND,bb_width_50,Technical,192.68246623598358
NESTLEIND,nikkei_ret_prev,Global Macro,192.40304372208098
NESTLEIND,nifty50_ret_prev,Price / Return,186.92922400379106
NESTLEIND,macd_hist_pct_5_35,Technical,184.92505586532872
NESTLEIND,dxy_ret_prev,Global Macro,183.9994319082246
NESTLEIND,niftybank_ret_20d,Price / Return,182.75765371974734
NESTLEIND,bb_width_20,Technical,180.58777992813074
NESTLEIND,macd_hist_pct_12_26,Technical,179.81980635829183
NESTLEIND,vol_lag_3,Volume,172.86886009915136
NESTLEIND,sector_corr_30d,Other,170.34521098708967
NESTLEIND,dxy_ret_5d,Global Macro,169.03804426163563
NESTLEIND,sp500_ret_5d,Global Macro,167.00500803152377
NESTLEIND,adx_14,Technical,165.63325513801763
NESTLEIND,days_to_budget,Indian Calendar,164.971851542508
NESTLEIND,vol_ratio_10,Volume,161.9742078327819
NESTLEIND,sector_corr_60d,Other,160.9678015778903
NESTLEIND,nifty50_ret_20d,Price / Return,160.22812007829637
NESTLEIND,nifty50_ret_5d,Price / Return,160.13659424640605
NESTLEIND,adx_21,Technical,154.3679853651088
NESTLEIND,us_vix_level,Global Macro,144.61133630864003
NESTLEIND,days_to_expiry,Indian Calendar,144.51641410998252
NESTLEIND,kurt_10,Statistical,142.651371706323
NESTLEIND,macd_signal_pct_5_35,Technical,141.20803759380388
NESTLEIND,cross_ratio,Other,140.84279688770837
NESTLEIND,dxy_ret_20d,Global Macro,140.34625622161641
NESTLEIND,kurt_50,Statistical,138.00064142864193
NESTLEIND,us_vix_zscore,Global Macro,133.12410996713604
NESTLEIND,dist_lo_252,Other,130.94189081366451
NESTLEIND,dist_hi_252,Other,126.8728980333391
NESTLEIND,skew_20,Statistical,126.24033467616236
NESTLEIND,pos_hi_252,Other,125.57924943505499
NESTLEIND,hist_vol_5,Volume,113.34522810056913
NESTLEIND,atr_ratio_21,Technical,112.01480795812205
NESTLEIND,hist_vol_20,Volume,110.87682615866743
NESTLEIND,price_sma_100,Technical,110.45273936606456
NESTLEIND,dist_lo_126,Other,100.37734305591479
NESTLEIND,hist_vol_10,Volume,99.86058863588434
NESTLEIND,days_to_earnings,Other,91.10837091090255
NESTLEIND,gk_vol_10,Volume,90.01106755463567
NESTLEIND,atr_ratio_14,Technical,86.66635120931427
NESTLEIND,days_to_rbi,Indian Calendar,86.56739518895152
NESTLEIND,week_of_year_sin,Other,85.09114549997247
NESTLEIND,us_vix_spike,Global Macro,48.45646602869917
NESTLEIND,pre_results_drift,Other,23.57086275283625
NESTLEIND,post_results_day,Other,0.0
NMDC,crude_ret_20d,Global Macro,90.64987594590049
NMDC,crude_ret_prev,Global Macro,85.04913500862108
NMDC,skew_50,Statistical,82.04817320558466
NMDC,crude_ret_5d,Global Macro,80.48870713665522
NMDC,macd_hist_pct_12_26,Technical,78.31817912314762
NMDC,nikkei_ret_prev,Global Macro,74.24305051523719
NMDC,days_to_budget,Indian Calendar,74.17561796806909
NMDC,hl_range,Other,71.95554670439927
NMDC,dxy_ret_prev,Global Macro,68.70335677265744
NMDC,niftybank_ret_5d,Price / Return,62.20743643756901
NMDC,us_vix_ret_1d,Global Macro,59.909547248278265
NMDC,niftybank_ret_20d,Price / Return,59.8347048444834
NMDC,garch_surprise,Other,58.61637236290469
NMDC,sp500_ret_20d,Global Macro,58.18735617305141
NMDC,us_vix_level,Global Macro,58.08992599538522
NMDC,niftybank_ret_prev,Price / Return,56.96934185955404
NMDC,days_to_expiry,Indian Calendar,56.808779595569476
NMDC,earnings_proximity,Other,56.38334787736287
NMDC,adx_21,Technical,55.55817154208781
NMDC,dxy_ret_5d,Global Macro,55.53521762961388
NMDC,nifty50_ret_20d,Price / Return,54.00089638642661
NMDC,alpha_vs_niftybank_1d,Other,53.10101898145143
NMDC,nifty50_ret_5d,Price / Return,52.59684754767215
NMDC,dxy_ret_20d,Global Macro,49.998412435036975
NMDC,nasdaq_ret_prev,Global Macro,49.65149150448136
NMDC,nifty50_ret_prev,Price / Return,48.60057397076502
NMDC,sp500_ret_prev,Global Macro,47.891911779329945
NMDC,price_ema_20,Technical,47.55895677043904
NMDC,rsi_21,Technical,47.272725495684234
NMDC,us_vix_regime,Global Macro,47.15095612586725
NMDC,nikkei_ret_5d,Global Macro,47.1089786076112
NMDC,garch_vol,Other,47.06940546195876
NMDC,hist_vol_20,Volume,45.27270122937693
NMDC,atr_ratio_14,Technical,43.76537458350369
NMDC,sp500_ret_5d,Global Macro,42.78160537720155
NMDC,us_vix_zscore,Global Macro,41.15217041151731
NMDC,nasdaq_ret_5d,Global Macro,39.119367983035445
NMDC,pos_hi_126,Other,34.85251950818899
NMDC,is_expiry_week,Indian Calendar,31.061278094856608
NMDC,days_to_earnings,Other,30.246367415658497
NMDC,is_result_season,Indian Calendar,28.140276092433446
NMDC,garch_vol_regime,Volume,26.825120810835493
NMDC,days_to_rbi,Indian Calendar,26.421971350529535
NMDC,us_vix_spike,Global Macro,18.27972485173254
NMDC,is_rbi_week,Indian Calendar,11.270700281463135
NMDC,is_expiry_day,Indian Calendar,9.36737092321551
NMDC,pre_results_drift,Other,7.740634292077038
NMDC,is_budget_week,Indian Calendar,7.419429101509973
NMDC,is_results_week,Other,5.2705503764353825
NMDC,post_results_day,Other,2.23944165520066e-21
NTPC,crude_ret_5d,Global Macro,510.23961645168265
NTPC,dxy_ret_prev,Global Macro,493.2918831512783
NTPC,crude_ret_20d,Global Macro,462.34629950508287
NTPC,us_vix_ret_1d,Global Macro,454.6174945938395
NTPC,sp500_ret_prev,Global Macro,451.301756752103
NTPC,niftybank_ret_20d,Price / Return,433.76435335909576
NTPC,niftybank_ret_5d,Price / Return,430.1550467609282
NTPC,nikkei_ret_prev,Global Macro,429.8775442706307
NTPC,garch_vol,Other,429.4333427597864
NTPC,crude_ret_prev,Global Macro,424.9963954691417
NTPC,nikkei_ret_5d,Global Macro,407.7500626265794
NTPC,dxy_ret_5d,Global Macro,402.2958444073178
NTPC,niftybank_ret_prev,Price / Return,381.3543184295591
NTPC,sector_corr_30d,Other,381.26577000644244
NTPC,sp500_ret_5d,Global Macro,381.05791057009475
NTPC,us_vix_level,Global Macro,372.7567944900105
NTPC,us_vix_regime,Global Macro,369.5781267385779
NTPC,dxy_ret_20d,Global Macro,365.1267271686165
NTPC,adx_21,Technical,363.2592834387998
NTPC,sector_corr_60d,Other,362.53776238981436
NTPC,bb_width_50,Technical,361.21672900541574
NTPC,nifty50_ret_20d,Price / Return,352.99267546728515
NTPC,days_to_expiry,Indian Calendar,345.817071346456
NTPC,earnings_proximity,Other,343.20408326326583
NTPC,us_vix_zscore,Global Macro,342.5473044393409
NTPC,days_to_budget,Indian Calendar,340.5269166209122
NTPC,nasdaq_ret_5d,Global Macro,340.10815825751297
NTPC,nifty50_ret_5d,Price / Return,334.63260254785104
NTPC,sector_avg_ret,Other,323.36080344813126
NTPC,bb_pos_50,Technical,320.53447055396657
NTPC,sector_mom_20d,Other,320.35854583469813
NTPC,gk_vol_20,Volume,320.0827087238663
NTPC,nifty50_ret_prev,Price / Return,297.2239677660456
NTPC,cross_ratio,Other,281.2565206163928
NTPC,alpha_vs_niftybank_1d,Other,266.1725283145493
NTPC,garch_surprise,Other,264.8995122914639
NTPC,dist_lo_52,Other,257.59317395455685
NTPC,stoch_d_21,Technical,254.85396974414166
NTPC,is_expiry_week,Indian Calendar,183.57845476816306
NTPC,is_result_season,Indian Calendar,175.18115847770827
NTPC,days_to_earnings,Other,173.99631073621703
NTPC,days_to_rbi,Indian Calendar,171.91603508355837
NTPC,garch_vol_regime,Volume,154.33715982032783
NTPC,us_vix_spike,Global Macro,119.4603547425268
NTPC,is_rbi_week,Indian Calendar,78.3950564880487
NTPC,is_expiry_day,Indian Calendar,50.960229726574866
NTPC,is_budget_week,Indian Calendar,44.75287240756062
NTPC,pre_results_drift,Other,42.96698767583429
NTPC,is_results_week,Other,30.17702605003113
NTPC,post_results_day,Other,7.74220125608909e-21
OFSS,crude_ret_prev,Global Macro,31.288623387204105
OFSS,crude_ret_20d,Global Macro,30.619620605263933
OFSS,crude_ret_5d,Global Macro,28.685513323879526
OFSS,usdinr_ret_1d,Global Macro,28.323107204080657
OFSS,sp500_ret_20d,Global Macro,26.864483010169735
OFSS,dxy_ret_prev,Global Macro,25.052547344590508
OFSS,usdinr_ret_5d,Global Macro,24.615532879042505
OFSS,us_vix_level,Global Macro,24.20104618226054
OFSS,macd_hist_pct_5_35,Technical,24.02781062790914
OFSS,nikkei_ret_prev,Global Macro,23.95938937352867
OFSS,earnings_proximity,Other,23.725365562700574
OFSS,alpha_vs_usdinr_1d,Global Macro,23.241124018570204
OFSS,parkinson_20,Other,22.69815259560272
OFSS,dxy_ret_5d,Global Macro,21.916377314504242
OFSS,niftybank_ret_prev,Price / Return,21.541660141453296
OFSS,garch_surprise,Other,21.46245838698982
OFSS,cross_ratio,Other,21.214449811268768
OFSS,us_vix_ret_1d,Global Macro,21.014472111619806
OFSS,usdinr_ret_20d,Global Macro,20.95509437286233
OFSS,days_to_budget,Indian Calendar,20.52861606052536
OFSS,niftybank_ret_5d,Price / Return,20.522050579682134
OFSS,nasdaq_ret_prev,Global Macro,20.36610761694781
OFSS,alpha_vs_usdinr_5d,Global Macro,20.336664276360253
OFSS,usdinr_ma20_ratio,Global Macro,19.546290053067022
OFSS,sp500_ret_5d,Global Macro,19.394599510404603
OFSS,us_vix_zscore,Global Macro,19.20523405372659
OFSS,us_vix_regime,Global Macro,19.006678452210746
OFSS,nasdaq_ret_5d,Global Macro,18.65434013841058
OFSS,nifty50_ret_prev,Price / Return,18.572277035041967
OFSS,sp500_ret_prev,Global Macro,18.371457845823436
OFSS,nifty50_ret_5d,Price / Return,18.36280167699272
OFSS,dxy_ret_20d,Global Macro,17.13029694154367
OFSS,di_diff_21,Other,16.992429586090843
OFSS,plus_di_14,Other,16.303229399347604
OFSS,usdinr_rsi_14,Global Macro,15.407337160854835
OFSS,nikkei_ret_5d,Global Macro,15.011826675847427
OFSS,days_to_expiry,Indian Calendar,14.728909200811303
OFSS,pos_hi_126,Other,13.554180440680824
OFSS,week_of_year_cos,Other,12.59721631476819
OFSS,mon_sin,Other,10.373476621469244
OFSS,days_to_earnings,Other,9.7360266640003
OFSS,garch_vol_regime,Volume,9.187960502484867
OFSS,is_expiry_week,Indian Calendar,7.953137198609103
OFSS,us_vix_spike,Global Macro,6.402710840241674
OFSS,is_result_season,Indian Calendar,5.547889217518235
OFSS,pre_results_drift,Other,2.8674375188366077
OFSS,is_budget_week,Indian Calendar,2.113977560828631
OFSS,is_rbi_week,Indian Calendar,2.1023701452591
OFSS,is_results_week,Other,2.0799253783330416
OFSS,post_results_day,Other,4.834880188505337e-22
ONGC,crude_ret_prev,Global Macro,526.2740674580265
ONGC,crude_ret_5d,Global Macro,514.3376502234008
ONGC,skew_10,Statistical,496.2950773005605
ONGC,sp500_ret_prev,Global Macro,480.72384338965355
ONGC,crude_ret_20d,Global Macro,475.0170561928797
ONGC,kurt_50,Statistical,470.6814875491418
ONGC,dxy_ret_prev,Global Macro,463.9928129479109
ONGC,nikkei_ret_prev,Global Macro,456.30635157150994
ONGC,garch_surprise,Other,431.7828782265316
ONGC,macd_hist_pct_12_26,Technical,414.62012937108665
ONGC,niftybank_ret_prev,Price / Return,412.8944088897521
ONGC,sector_corr_60d,Other,411.0322794385246
ONGC,dxy_ret_5d,Global Macro,409.45365314730515
ONGC,niftybank_ret_5d,Price / Return,406.9031736804782
ONGC,alpha_vs_niftybank_1d,Other,395.62576472672987
ONGC,sector_mom_20d,Other,379.82865736881007
ONGC,niftybank_ret_20d,Price / Return,376.68576955970605
ONGC,price_ema_100,Technical,375.7357321131022
ONGC,bb_width_10,Technical,368.70832116724495
ONGC,bb_width_20,Technical,364.17792598203266
ONGC,earnings_proximity,Other,364.01742320567604
ONGC,dxy_ret_20d,Global Macro,358.83645023290205
ONGC,dist_hi_126,Other,353.4218743142435
ONGC,nifty50_ret_20d,Price / Return,350.27926767477885
ONGC,nikkei_ret_5d,Global Macro,349.44981881224317
ONGC,sp500_ret_5d,Global Macro,347.34107166130605
ONGC,days_to_expiry,Indian Calendar,339.9755682654984
ONGC,sector_mom_5d,Other,339.8414973709275
ONGC,nifty50_ret_prev,Price / Return,332.5547817766873
ONGC,nifty50_ret_5d,Price / Return,322.74680608258575
ONGC,us_vix_zscore,Global Macro,322.4785296919472
ONGC,us_vix_level,Global Macro,320.03490622173865
ONGC,dist_hi_20,Other,295.0718469779658
ONGC,us_vix_regime,Global Macro,293.228487649347
ONGC,hist_vol_20,Volume,281.13406372360976
ONGC,rsi_14,Technical,277.5125259791606
ONGC,gk_vol_20,Volume,252.33963966318206
ONGC,atr_ratio_21,Technical,251.05488437459886
ONGC,days_to_earnings,Other,203.6525956972169
ONGC,garch_vol,Other,190.82714753626632
ONGC,days_to_rbi,Indian Calendar,189.8814903864008
ONGC,is_expiry_week,Indian Calendar,179.4678567821131
ONGC,is_result_season,Indian Calendar,149.4483858115868
ONGC,us_vix_spike,Global Macro,115.04947364550615
ONGC,garch_vol_regime,Volume,114.39003830756572
ONGC,is_rbi_week,Indian Calendar,71.6330435185289
ONGC,is_expiry_day,Indian Calendar,50.85050380345499
ONGC,pre_results_drift,Other,41.33345239722612
ONGC,is_budget_week,Indian Calendar,26.152196143226053
ONGC,post_results_day,Other,1.436506480903534e-20
PAGEIND,crude_ret_prev,Global Macro,224.7147155565394
PAGEIND,sp500_ret_prev,Global Macro,220.4306653968335
PAGEIND,sector_corr_30d,Other,216.90869885122638
PAGEIND,dxy_ret_prev,Global Macro,215.1970916806194
PAGEIND,nikkei_ret_prev,Global Macro,212.9025275211459
PAGEIND,crude_ret_20d,Global Macro,212.08184856389832
PAGEIND,skew_20,Statistical,208.18708750847344
PAGEIND,crude_ret_5d,Global Macro,205.9735461587564
PAGEIND,earnings_proximity,Other,204.85848860402155
PAGEIND,vol_lag_1,Volume,203.1974216357658
PAGEIND,garch_surprise,Other,197.28324088523678
PAGEIND,us_vix_level,Global Macro,195.82644932012857
PAGEIND,niftybank_ret_20d,Price / Return,187.5371657663331
PAGEIND,garch_vol,Other,179.4106045625963
PAGEIND,dxy_ret_20d,Global Macro,176.3279456030162
PAGEIND,niftybank_ret_5d,Price / Return,175.56377734192867
PAGEIND,us_vix_regime,Global Macro,175.1759304621906
PAGEIND,obv_ratio,Technical,174.38162994107591
PAGEIND,niftybank_ret_prev,Price / Return,173.6228025287354
PAGEIND,days_to_expiry,Indian Calendar,171.17567581748
PAGEIND,sp500_ret_20d,Global Macro,169.91333003155654
PAGEIND,days_to_budget,Indian Calendar,168.6036397633077
PAGEIND,dxy_ret_5d,Global Macro,166.3116251832959
PAGEIND,bb_width_20,Technical,164.68928182288255
PAGEIND,bb_width_10,Technical,162.78877906060833
PAGEIND,alpha_vs_niftybank_1d,Other,160.9976719215315
PAGEIND,nikkei_ret_5d,Global Macro,158.21470088061852
PAGEIND,hist_vol_50,Volume,156.71541741471324
PAGEIND,nifty50_ret_prev,Price / Return,150.51297864789044
PAGEIND,adx_21,Technical,147.44100233092232
PAGEIND,dist_lo_52,Other,146.21057337149094
PAGEIND,nifty50_ret_20d,Price / Return,145.22101705355618
PAGEIND,ret_lag_20,Price / Return,144.3545196451743
PAGEIND,price_ema_10,Technical,139.7469600200536
PAGEIND,sp500_ret_5d,Global Macro,135.00221080463766
PAGEIND,plus_di_21,Other,133.4745406136255
PAGEIND,nifty50_ret_5d,Price / Return,132.39478977117315
PAGEIND,cci_14,Technical,131.75148983022885
PAGEIND,trend_cons,Regime,128.58619153364276
PAGEIND,us_vix_zscore,Global Macro,124.76800110454641
PAGEIND,bb_pos_20,Technical,114.17905986449195
PAGEIND,days_to_earnings,Other,110.0461257427228
PAGEIND,is_expiry_week,Indian Calendar,86.25260016920262
PAGEIND,garch_vol_regime,Volume,81.16449847518331
PAGEIND,is_result_season,Indian Calendar,79.33714463458115
PAGEIND,us_vix_spike,Global Macro,40.821450169770195
PAGEIND,is_budget_week,Indian Calendar,23.571395816983692
PAGEIND,pre_results_drift,Other,23.100136052874795
PAGEIND,is_rbi_week,Indian Calendar,21.451360469920576
PAGEIND,post_results_day,Other,4.1935954232016484e-19
PERSISTENT,sector_corr_60d,Other,196.24200808693507
PERSISTENT,nifty50_ret_prev,Price / Return,187.32092342801948
PERSISTENT,crude_ret_20d,Global Macro,172.06437187480824
PERSISTENT,crude_ret_prev,Global Macro,169.09817415433082
PERSISTENT,usdinr_ret_1d,Global Macro,168.60962481397425
PERSISTENT,usdinr_ret_5d,Global Macro,162.15975396363262
PERSISTENT,dxy_ret_prev,Global Macro,160.9703592918635
PERSISTENT,skew_10,Statistical,155.20445989491998
PERSISTENT,dxy_ret_5d,Global Macro,153.1096851484434
PERSISTENT,us_vix_ret_1d,Global Macro,153.07730207500583
PERSISTENT,nikkei_ret_5d,Global Macro,146.385378403874
PERSISTENT,adx_14,Technical,146.04230888716867
PERSISTENT,garch_surprise,Other,144.341658637263
PERSISTENT,crude_ret_5d,Global Macro,144.112557868651
PERSISTENT,alpha_vs_usdinr_1d,Global Macro,141.52479232396846
PERSISTENT,cross_ratio,Other,140.08390282763244
PERSISTENT,us_vix_level,Global Macro,139.2206546041189
PERSISTENT,nikkei_ret_prev,Global Macro,135.28032001276912
PERSISTENT,sp500_ret_20d,Global Macro,134.55618336896146
PERSISTENT,niftybank_ret_5d,Price / Return,133.53419168991857
PERSISTENT,hist_vol_20,Volume,133.51437992456528
PERSISTENT,alpha_vs_usdinr_5d,Global Macro,132.89756588748395
PERSISTENT,price_sma_200,Technical,131.57303679596683
PERSISTENT,nasdaq_ret_prev,Global Macro,129.48861736275785
PERSISTENT,dxy_ret_20d,Global Macro,126.52526622717366
PERSISTENT,earnings_proximity,Other,125.37891713733474
PERSISTENT,sp500_ret_prev,Global Macro,124.49543719838412
PERSISTENT,usdinr_ret_20d,Global Macro,124.07643236638663
PERSISTENT,atr_ratio_21,Technical,117.42863271913956
PERSISTENT,nasdaq_ret_5d,Global Macro,114.73024623831968
PERSISTENT,sp500_ret_5d,Global Macro,112.84279193537931
PERSISTENT,minus_di_14,Other,112.45197330346255
PERSISTENT,nifty50_ret_5d,Price / Return,111.33402293220047
PERSISTENT,us_vix_regime,Global Macro,109.58656407560746
PERSISTENT,us_vix_zscore,Global Macro,104.96732638195002
PERSISTENT,pos_hi_52,Other,100.18202765819213
PERSISTENT,usdinr_rsi_14,Global Macro,92.75819765474242
PERSISTENT,usdinr_ma20_ratio,Global Macro,90.65553127943372
PERSISTENT,days_to_rbi,Indian Calendar,79.37163729568823
PERSISTENT,days_to_earnings,Other,78.07209572155196
PERSISTENT,week_of_year_sin,Other,70.40741269918895
PERSISTENT,is_result_season,Indian Calendar,68.30108484625624
PERSISTENT,us_vix_spike,Global Macro,45.57802924410546
PERSISTENT,garch_vol_regime,Volume,43.37169808969246
PERSISTENT,is_rbi_week,Indian Calendar,26.405534063691327
PERSISTENT,pre_results_drift,Other,16.82206566158713
PERSISTENT,is_results_week,Other,11.631124073574826
PERSISTENT,is_budget_week,Indian Calendar,8.422541700897732
PERSISTENT,is_expiry_day,Indian Calendar,7.244149566167703
PERSISTENT,post_results_day,Other,1.2457704370216551e-20
PIDILITIND,kurt_50,Statistical,53.9408390305965
PIDILITIND,hist_vol_50,Volume,45.88253504794444
PIDILITIND,skew_50,Statistical,45.56918592361077
PIDILITIND,crude_ret_20d,Global Macro,44.82344458350707
PIDILITIND,nifty50_ret_20d,Price / Return,41.07895722348788
PIDILITIND,nikkei_ret_prev,Global Macro,40.01516959516451
PIDILITIND,hist_vol_5,Volume,39.478153844135754
PIDILITIND,bb_width_20,Technical,39.31556445499941
PIDILITIND,nifty50_ret_prev,Price / Return,38.5245778775756
PIDILITIND,crude_ret_prev,Global Macro,35.752250813956834
PIDILITIND,sp500_ret_20d,Global Macro,35.68102944685238
PIDILITIND,sp500_ret_prev,Global Macro,35.23793353169512
PIDILITIND,skew_20,Statistical,34.48949642158802
PIDILITIND,us_vix_level,Global Macro,34.152342578898676
PIDILITIND,kurt_20,Statistical,33.92996871542079
PIDILITIND,dxy_ret_prev,Global Macro,33.33118435510801
PIDILITIND,nifty50_ret_5d,Price / Return,33.21838899797684
PIDILITIND,garch_vol,Other,32.83750190183424
PIDILITIND,vol_lag_20,Volume,32.50412571355272
PIDILITIND,adx_21,Technical,32.09159726735202
PIDILITIND,earnings_proximity,Other,31.98812854473652
PIDILITIND,sp500_ret_5d,Global Macro,31.948698078862787
PIDILITIND,days_to_budget,Indian Calendar,31.938719345845513
PIDILITIND,nikkei_ret_5d,Global Macro,31.80354713646169
PIDILITIND,skew_10,Statistical,31.72716588666986
PIDILITIND,adx_14,Technical,31.62980862154648
PIDILITIND,bb_width_50,Technical,31.045162315613698
PIDILITIND,bb_width_10,Technical,29.909983983396067
PIDILITIND,dist_lo_252,Other,29.611261540810688
PIDILITIND,dxy_ret_5d,Global Macro,28.947245386738732
PIDILITIND,dist_lo_126,Other,28.452668684734174
PIDILITIND,plus_di_21,Other,28.442325928835846
PIDILITIND,ret_20d,Price / Return,28.42012402409865
PIDILITIND,dist_hi_252,Other,28.28443584019074
PIDILITIND,macd_pct_12_26,Technical,28.077989161768365
PIDILITIND,cross_ratio,Other,27.517823957389005
PIDILITIND,trend_strength,Regime,27.51782395738899
PIDILITIND,sector_corr_60d,Other,27.359281950197833
PIDILITIND,dist_hi_126,Other,27.109545934398724
PIDILITIND,dist_lo_52,Other,26.505374920183574
PIDILITIND,price_sma_100,Technical,26.15450567347855
PIDILITIND,bb_pos_50,Technical,23.90579834546084
PIDILITIND,rel_strength_1d,Other,23.84742541684619
PIDILITIND,us_vix_zscore,Global Macro,21.11217949913971
PIDILITIND,days_to_rbi,Indian Calendar,16.89077820107576
PIDILITIND,mon_cos,Other,15.343150906175401
PIDILITIND,days_to_earnings,Other,10.49595612863433
PIDILITIND,us_vix_spike,Global Macro,9.660951065271778
PIDILITIND,pre_results_drift,Other,4.007730538365771
PIDILITIND,post_results_day,Other,4.311915876210149e-21
POLYCAB,sp500_ret_prev,Global Macro,444.0658962276416
POLYCAB,nifty50_ret_prev,Price / Return,440.1401777376904
POLYCAB,vol_lag_2,Volume,428.2003523388773
POLYCAB,nikkei_ret_prev,Global Macro,421.7551994884325
POLYCAB,kurt_20,Statistical,414.25369880671053
POLYCAB,crude_ret_prev,Global Macro,405.34147139574617
POLYCAB,vol_ratio_50,Volume,388.1889082682739
POLYCAB,days_to_budget,Indian Calendar,386.2776258142477
POLYCAB,kurt_50,Statistical,383.6730513190383
POLYCAB,sp500_ret_5d,Global Macro,377.17936238312296
POLYCAB,ret_lag_2,Price / Return,366.1153461891666
POLYCAB,macd_hist_pct_5_35,Technical,362.36816520643197
POLYCAB,skew_20,Statistical,357.5325473258991
POLYCAB,dxy_ret_prev,Global Macro,353.7142084655578
POLYCAB,dxy_ret_5d,Global Macro,346.06653117518374
POLYCAB,niftybank_ret_20d,Price / Return,339.9296677874866
POLYCAB,adx_14,Technical,331.7060009223773
POLYCAB,hist_vol_50,Volume,330.9238580255303
POLYCAB,bb_width_50,Technical,324.46865946941756
POLYCAB,earnings_proximity,Other,324.071007336563
POLYCAB,dist_hi_252,Other,320.09330647564616
POLYCAB,macd_signal_pct_12_26,Technical,314.40168912231456
POLYCAB,skew_50,Statistical,312.4117963647923
POLYCAB,sector_corr_30d,Other,311.4889668763417
POLYCAB,nifty50_ret_5d,Price / Return,305.7209039919348
POLYCAB,us_vix_level,Global Macro,304.25925630574415
POLYCAB,adx_21,Technical,299.28109170852696
POLYCAB,hist_vol_5,Volume,291.8140285546897
POLYCAB,gk_vol_10,Volume,279.4391166633435
POLYCAB,sector_corr_60d,Other,263.239155181857
POLYCAB,hist_vol_10,Volume,260.63735632373164
POLYCAB,sector_vol_10d,Volume,253.9855107755935
POLYCAB,us_vix_zscore,Global Macro,250.09265746529263
POLYCAB,hist_vol_20,Volume,234.65191648573852
POLYCAB,cross_ratio,Other,234.21169572285578
POLYCAB,dist_lo_52,Other,223.46140017844172
POLYCAB,dist_lo_252,Other,217.49650697261401
POLYCAB,parkinson_20,Other,210.76513993376003
POLYCAB,dist_lo_126,Other,203.49809167045387
POLYCAB,price_sma_100,Technical,198.02995111068248
POLYCAB,stoch_d_21,Technical,184.48754559584987
POLYCAB,days_to_expiry,Indian Calendar,184.00161857565837
POLYCAB,atr_ratio_21,Technical,180.8565598222917
POLYCAB,stoch_d_14,Technical,173.2065427317459
POLYCAB,pos_hi_52,Other,160.63179502301742
POLYCAB,days_to_earnings,Other,140.11856090291465
POLYCAB,week_of_year_sin,Other,126.70793288373837
POLYCAB,us_vix_spike,Global Macro,87.76861034751164
POLYCAB,pre_results_drift,Other,41.698667866702486
POLYCAB,post_results_day,Other,0.0
POWERGRID,garch_vol,Other,246.39554510980588
POWERGRID,dxy_ret_prev,Global Macro,238.32669572440315
POWERGRID,sector_avg_ret,Other,234.67021607595888
POWERGRID,nikkei_ret_prev,Global Macro,227.0599772413718
POWERGRID,sector_corr_60d,Other,219.74432880781737
POWERGRID,crude_ret_prev,Global Macro,218.75716865450056
POWERGRID,crude_ret_20d,Global Macro,202.04828544387715
POWERGRID,garch_surprise,Other,201.10580789890759
POWERGRID,crude_ret_5d,Global Macro,199.58151816480338
POWERGRID,kurt_20,Statistical,189.52900728513896
POWERGRID,earnings_proximity,Other,186.7757137378041
POWERGRID,niftybank_ret_prev,Price / Return,184.9480364741554
POWERGRID,days_to_budget,Indian Calendar,184.12315625210854
POWERGRID,dxy_ret_5d,Global Macro,183.72435204303792
POWERGRID,niftybank_ret_5d,Price / Return,183.49660298097302
POWERGRID,us_vix_ret_1d,Global Macro,179.99436957153094
POWERGRID,bb_width_20,Technical,179.27559519939214
POWERGRID,niftybank_ret_20d,Price / Return,176.59589577277148
POWERGRID,us_vix_level,Global Macro,170.39432996124583
POWERGRID,sp500_ret_20d,Global Macro,160.04879573408317
POWERGRID,nasdaq_ret_prev,Global Macro,158.6679112733328
POWERGRID,days_to_expiry,Indian Calendar,154.03043381616948
POWERGRID,nifty50_ret_prev,Price / Return,151.97588915616643
POWERGRID,nifty50_ret_5d,Price / Return,149.02908630136895
POWERGRID,sp500_ret_prev,Global Macro,148.97129283313768
POWERGRID,macd_pct_5_35,Technical,148.30328347026682
POWERGRID,dxy_ret_20d,Global Macro,147.03705465851283
POWERGRID,us_vix_regime,Global Macro,146.36096251912173
POWERGRID,dist_hi_52,Other,143.9647470549168
POWERGRID,price_sma_10,Technical,143.919015774817
POWERGRID,alpha_vs_niftybank_1d,Other,143.55651441079337
POWERGRID,nifty50_ret_20d,Price / Return,140.82329447594634
POWERGRID,minus_di_21,Other,135.41933933723647
POWERGRID,us_vix_zscore,Global Macro,132.99385006056232
POWERGRID,sp500_ret_5d,Global Macro,118.16140188612783
POWERGRID,nikkei_ret_5d,Global Macro,115.66003718112046
POWERGRID,nasdaq_ret_5d,Global Macro,113.51112999564769
POWERGRID,pos_hi_20,Other,109.81698355353218
POWERGRID,days_to_earnings,Other,91.61438057609261
POWERGRID,garch_vol_regime,Volume,86.92860957178472
POWERGRID,is_expiry_week,Indian Calendar,80.84910502652725
POWERGRID,is_result_season,Indian Calendar,77.27676176233855
POWERGRID,days_to_rbi,Indian Calendar,76.41299493039801
POWERGRID,us_vix_spike,Global Macro,47.38890759856878
POWERGRID,is_rbi_week,Indian Calendar,33.060752313258746
POWERGRID,is_expiry_day,Indian Calendar,24.664175947420695
POWERGRID,pre_results_drift,Other,22.274284518021386
POWERGRID,is_budget_week,Indian Calendar,18.608012919090562
POWERGRID,is_results_week,Other,16.216879138321303
POWERGRID,post_results_day,Other,1.3215230484163952e-20
RBLBANK,sp500_ret_prev,Global Macro,1458.6946840360613
RBLBANK,crude_ret_5d,Global Macro,1445.3361352122008
RBLBANK,days_to_budget,Indian Calendar,1440.9209598269213
RBLBANK,bb_width_20,Technical,1391.4199853626355
RBLBANK,kurt_20,Statistical,1336.544758021767
RBLBANK,skew_20,Statistical,1316.762304332565
RBLBANK,niftybank_ret_20d,Price / Return,1316.5627242761295
RBLBANK,skew_50,Statistical,1314.3261288777858
RBLBANK,crude_ret_prev,Global Macro,1309.5741754683145
RBLBANK,nikkei_ret_prev,Global Macro,1297.0362782452337
RBLBANK,dxy_ret_prev,Global Macro,1293.2664268255494
RBLBANK,bb_width_50,Technical,1283.46157501423
RBLBANK,crude_ret_20d,Global Macro,1271.0505561122181
RBLBANK,sector_corr_30d,Other,1239.762849799565
RBLBANK,sector_vol_10d,Volume,1194.0862328063022
RBLBANK,niftybank_ret_5d,Price / Return,1179.0739546995953
RBLBANK,dxy_ret_20d,Global Macro,1163.1103140902846
RBLBANK,niftybank_ret_prev,Price / Return,1148.8086404439505
RBLBANK,hist_vol_10,Volume,1101.4871461369708
RBLBANK,days_to_expiry,Indian Calendar,1093.2428689543844
RBLBANK,dist_hi_20,Other,1081.2870847478068
RBLBANK,sp500_ret_5d,Global Macro,1076.0777704860407
RBLBANK,dxy_ret_5d,Global Macro,1075.3571035720001
RBLBANK,earnings_proximity,Other,1045.3863658018176
RBLBANK,nifty50_ret_5d,Price / Return,1009.8450065781687
RBLBANK,nifty50_ret_prev,Price / Return,1002.7833651305874
RBLBANK,adx_21,Technical,1000.2435542515378
RBLBANK,gk_vol_20,Volume,951.4607017142123
RBLBANK,atr_ratio_7,Technical,863.2290747980188
RBLBANK,price_sma_200,Technical,857.5472662847384
RBLBANK,us_vix_zscore,Global Macro,850.0489739135003
RBLBANK,us_vix_level,Global Macro,846.3723602847131
RBLBANK,roc_50,Other,817.9199945247998
RBLBANK,gk_vol_10,Volume,793.9457615256275
RBLBANK,dist_lo_252,Other,741.9015073846675
RBLBANK,price_ema_50,Technical,735.1668022003998
RBLBANK,dist_lo_52,Other,719.4276477920956
RBLBANK,rsi_28,Technical,690.414236977743
RBLBANK,hist_vol_20,Volume,663.7290827266454
RBLBANK,week_of_year_sin,Other,576.3271515697297
RBLBANK,dist_lo_126,Other,575.2831955999583
RBLBANK,days_to_rbi,Indian Calendar,569.0221781322571
RBLBANK,days_to_earnings,Other,485.7130523300554
RBLBANK,us_vix_spike,Global Macro,335.77928016789645
RBLBANK,is_rbi_week,Indian Calendar,222.01468426428602
RBLBANK,pre_results_drift,Other,122.52445129953325
RBLBANK,post_results_day,Other,0.0
RELIANCE,dist_lo_252,Other,56.39963226511993
RELIANCE,vol_lag_1,Volume,54.15945965664179
RELIANCE,sp500_ret_prev,Global Macro,54.068488800372926
RELIANCE,crude_ret_20d,Global Macro,51.5954638230445
RELIANCE,crude_ret_5d,Global Macro,51.126927448753385
RELIANCE,crude_ret_prev,Global Macro,50.623882283507115
RELIANCE,kurt_20,Statistical,49.71774806671193
RELIANCE,kurt_50,Statistical,45.91754776121821
RELIANCE,bb_width_50,Technical,44.883977194132264
RELIANCE,sector_vol_10d,Volume,42.76223825946299
RELIANCE,sector_mom_20d,Other,41.107245602256505
RELIANCE,days_to_expiry,Indian Calendar,41.09462089717686
RELIANCE,niftybank_ret_5d,Price / Return,40.0744525773492
RELIANCE,garch_surprise,Other,39.89369594395013
RELIANCE,earnings_proximity,Other,38.943509295615016
RELIANCE,sp500_ret_20d,Global Macro,38.16379035374869
RELIANCE,nikkei_ret_prev,Global Macro,37.42076761207576
RELIANCE,niftybank_ret_prev,Price / Return,36.79489996069841
RELIANCE,alpha_vs_niftybank_1d,Other,34.886088378002455
RELIANCE,bb_width_20,Technical,33.96111531505078
RELIANCE,niftybank_ret_20d,Price / Return,33.80747706364532
RELIANCE,us_vix_regime,Global Macro,33.1529234489142
RELIANCE,price_ema_100,Technical,32.47504707115421
RELIANCE,hist_vol_50,Volume,30.478599885255434
RELIANCE,nifty50_ret_5d,Price / Return,30.395550393407163
RELIANCE,dxy_ret_5d,Global Macro,30.35752058667995
RELIANCE,nifty50_ret_prev,Price / Return,28.54011321725469
RELIANCE,nikkei_ret_5d,Global Macro,27.590829717190875
RELIANCE,nifty50_ret_20d,Price / Return,27.545059007809737
RELIANCE,us_vix_level,Global Macro,26.77224982600837
RELIANCE,dxy_ret_prev,Global Macro,26.75469674463813
RELIANCE,plus_di_21,Other,26.203313276832162
RELIANCE,sp500_ret_5d,Global Macro,26.175424121258338
RELIANCE,price_ema_50,Technical,25.5155072349254
RELIANCE,dxy_ret_20d,Global Macro,24.49164411815621
RELIANCE,macd_signal_pct_5_35,Technical,23.781187564289112
RELIANCE,us_vix_zscore,Global Macro,22.486847251432497
RELIANCE,week_of_year_cos,Other,22.170837145961336
RELIANCE,garch_vol,Other,22.087817379064273
RELIANCE,is_expiry_week,Indian Calendar,20.170193078849497
RELIANCE,mon_cos,Other,19.604743663507495
RELIANCE,days_to_earnings,Other,19.454978956979684
RELIANCE,gk_vol_20,Volume,18.597523523421717
RELIANCE,atr_ratio_21,Technical,15.240874143364119
RELIANCE,is_result_season,Indian Calendar,12.65944226258981
RELIANCE,garch_vol_regime,Volume,9.393214065540576
RELIANCE,us_vix_spike,Global Macro,8.482753684301732
RELIANCE,is_expiry_day,Indian Calendar,6.392171131347628
RELIANCE,pre_results_drift,Other,4.511289418337605
RELIANCE,post_results_day,Other,2.072021308867547e-20
SAIL,nifty50_ret_prev,Price / Return,249.56489880433682
SAIL,dxy_ret_prev,Global Macro,237.0899629638119
SAIL,sp500_ret_prev,Global Macro,234.80208890928503
SAIL,crude_ret_20d,Global Macro,230.68411078785914
SAIL,crude_ret_5d,Global Macro,211.82570282394997
SAIL,sector_avg_ret,Other,209.4393561906541
SAIL,nikkei_ret_prev,Global Macro,208.96145605008684
SAIL,skew_20,Statistical,208.2720428930662
SAIL,crude_ret_prev,Global Macro,206.4415519729013
SAIL,kurt_50,Statistical,205.54854825394898
SAIL,dxy_ret_5d,Global Macro,204.15017028872344
SAIL,niftybank_ret_20d,Price / Return,199.32401865970434
SAIL,adx_21,Technical,188.22036644963896
SAIL,days_to_budget,Indian Calendar,186.35126824975674
SAIL,sp500_ret_20d,Global Macro,185.01973093757007
SAIL,vol_lag_1,Volume,181.75064516748733
SAIL,vol_change_5d,Volume,179.17489486358397
SAIL,nikkei_ret_5d,Global Macro,178.72576194811174
SAIL,days_to_expiry,Indian Calendar,177.60863554147858
SAIL,us_vix_level,Global Macro,174.07858786894514
SAIL,vol_lag_2,Volume,165.32397622641122
SAIL,earnings_proximity,Other,158.16694879567686
SAIL,sector_mom_20d,Other,154.40954032308022
SAIL,vol_lag_5,Volume,154.18080607753978
SAIL,nifty50_ret_20d,Price / Return,152.22464902371235
SAIL,dxy_ret_20d,Global Macro,152.017720318536
SAIL,nifty50_ret_5d,Price / Return,151.74678479624404
SAIL,skew_50,Statistical,150.66393246526133
SAIL,sp500_ret_5d,Global Macro,150.5872192047608
SAIL,adx_14,Technical,150.47514008777193
SAIL,dist_lo_252,Other,146.54905418518848
SAIL,price_ema_200,Technical,146.36303759325972
SAIL,cross_ratio,Other,142.0710669449934
SAIL,dist_lo_20,Other,141.8455817843968
SAIL,dist_hi_52,Other,141.30725507482137
SAIL,sector_mom_5d,Other,140.72503997614655
SAIL,sector_corr_30d,Other,137.42679127173218
SAIL,hist_vol_10,Volume,128.63816963398943
SAIL,mon_sin,Other,126.99510662972915
SAIL,minus_di_21,Other,123.13722968558261
SAIL,hist_vol_20,Volume,119.64284410979386
SAIL,week_of_year_sin,Other,117.54899113609498
SAIL,us_vix_zscore,Global Macro,116.94311445564514
SAIL,dist_hi_252,Other,112.51170354271477
SAIL,atr_ratio_21,Technical,110.98448832790703
SAIL,is_expiry_week,Indian Calendar,92.49259004398351
SAIL,days_to_earnings,Other,62.88677478547385
SAIL,us_vix_spike,Global Macro,43.57156404327287
SAIL,pre_results_drift,Other,18.580145853502874
SAIL,post_results_day,Other,0.0
SBILIFE,skew_50,Statistical,238.78391537052522
SBILIFE,kurt_20,Statistical,231.2917710690241
SBILIFE,crude_ret_prev,Global Macro,207.5209972038557
SBILIFE,crude_ret_5d,Global Macro,196.78555550613217
SBILIFE,earnings_proximity,Other,189.81220725415275
SBILIFE,niftybank_ret_20d,Price / Return,180.13769594868853
SBILIFE,sector_corr_60d,Other,175.66852615283582
SBILIFE,bb_width_50,Technical,174.43892738619542
SBILIFE,sp500_ret_prev,Global Macro,169.6480855997045
SBILIFE,nikkei_ret_prev,Global Macro,169.53630392526762
SBILIFE,niftybank_ret_5d,Price / Return,168.57284035044822
SBILIFE,dxy_ret_prev,Global Macro,163.8985517181941
SBILIFE,niftybank_ret_prev,Price / Return,163.5776036133767
SBILIFE,sector_corr_30d,Other,158.99361854939573
SBILIFE,sector_vol_10d,Volume,153.76075044904874
SBILIFE,macd_hist_pct_5_35,Technical,150.904118808838
SBILIFE,dxy_ret_5d,Global Macro,145.52589797125927
SBILIFE,price_sma_200,Technical,135.87939313346482
SBILIFE,nifty50_ret_prev,Price / Return,134.39327277254708
SBILIFE,dist_lo_126,Other,132.51460285355714
SBILIFE,dist_lo_252,Other,132.33932585031272
SBILIFE,nifty50_ret_5d,Price / Return,131.9194333282071
SBILIFE,sp500_ret_5d,Global Macro,131.904846348356
SBILIFE,price_ema_200,Technical,127.6269514664765
SBILIFE,dxy_ret_20d,Global Macro,125.28709059073117
SBILIFE,mon_cos,Other,124.63009804823012
SBILIFE,parkinson_10,Other,124.5184540771767
SBILIFE,hist_vol_10,Volume,123.47515019667007
SBILIFE,nasdaq_ret_5d,Global Macro,122.75448796331469
SBILIFE,week_of_year_cos,Other,120.61074234926366
SBILIFE,gk_vol_10,Volume,119.405616418309
SBILIFE,us_vix_level,Global Macro,118.18926804496314
SBILIFE,rsi_7,Technical,107.9158575901444
SBILIFE,price_sma_20,Technical,101.60715084145536
SBILIFE,hist_vol_20,Volume,100.66743082751887
SBILIFE,dist_lo_52,Other,98.94838657589969
SBILIFE,rsi_28,Technical,95.26199177647517
SBILIFE,us_vix_zscore,Global Macro,94.88244829763468
SBILIFE,price_ema_20,Technical,92.27064847229818
SBILIFE,dist_lo_20,Other,88.09252226771461
SBILIFE,rsi_14,Technical,87.47925601208419
SBILIFE,days_to_earnings,Other,77.66615068195514
SBILIFE,days_to_rbi,Indian Calendar,76.32929240157794
SBILIFE,us_vix_spike,Global Macro,32.84656228969234
SBILIFE,is_rbi_week,Indian Calendar,25.85101957155947
SBILIFE,pre_results_drift,Other,23.10137350403369
SBILIFE,post_results_day,Other,0.0
SBIN,crude_ret_20d,Global Macro,18.371443626334777
SBIN,crude_ret_5d,Global Macro,17.708867522845615
SBIN,bb_width_50,Technical,15.64051937821366
SBIN,crude_ret_prev,Global Macro,14.46336208782054
SBIN,dxy_ret_prev,Global Macro,14.237271420444026
SBIN,adx_14,Technical,13.987920523189281
SBIN,skew_10,Statistical,13.703427811245287
SBIN,skew_50,Statistical,13.357141133270993
SBIN,us_vix_ret_1d,Global Macro,13.062156814308656
SBIN,nikkei_ret_prev,Global Macro,12.847999817894161
SBIN,earnings_proximity,Other,12.64962195624522
SBIN,sp500_ret_prev,Global Macro,12.17190810691814
SBIN,garch_surprise,Other,12.008802372219504
SBIN,dxy_ret_5d,Global Macro,11.016332850560204
SBIN,days_to_expiry,Indian Calendar,10.875631197732632
SBIN,niftybank_ret_prev,Price / Return,10.80102257300549
SBIN,nikkei_ret_5d,Global Macro,10.66491146971158
SBIN,dist_lo_52,Other,10.56283261748648
SBIN,days_to_budget,Indian Calendar,10.223056986951288
SBIN,niftybank_ret_5d,Price / Return,10.154957731440767
SBIN,alpha_vs_niftybank_1d,Other,10.089280122294138
SBIN,nasdaq_ret_5d,Global Macro,10.045408362401922
SBIN,sector_mom_20d,Other,9.869096695582662
SBIN,sp500_ret_5d,Global Macro,9.860992907385281
SBIN,sp500_ret_20d,Global Macro,9.750583643999146
SBIN,nifty50_ret_prev,Price / Return,9.395013186602002
SBIN,niftybank_ret_20d,Price / Return,9.324040171485178
SBIN,dxy_ret_20d,Global Macro,9.272332244650391
SBIN,nifty50_ret_20d,Price / Return,9.198598285754375
SBIN,us_vix_level,Global Macro,9.062723401664343
SBIN,us_vix_regime,Global Macro,9.023852406378232
SBIN,nifty50_ret_5d,Price / Return,8.969024096239533
SBIN,sector_corr_30d,Other,8.807522318612277
SBIN,pos_hi_52,Other,8.559065692545362
SBIN,rsi_14,Technical,7.999562622460125
SBIN,us_vix_zscore,Global Macro,7.48863565017126
SBIN,stoch_k_9,Technical,5.836865469303104
SBIN,week_of_year_cos,Other,5.55214421714214
SBIN,is_expiry_week,Indian Calendar,5.512832312526008
SBIN,days_to_earnings,Other,4.830770679863514
SBIN,days_to_rbi,Indian Calendar,4.6757079474859555
SBIN,us_vix_spike,Global Macro,3.128569701394241
SBIN,garch_vol_regime,Volume,3.038390573223731
SBIN,is_rbi_week,Indian Calendar,1.990326382563398
SBIN,is_expiry_day,Indian Calendar,1.6154422733060216
SBIN,pre_results_drift,Other,1.3482178320580889
SBIN,post_results_day,Other,9.047288355476481e-25
SHREECEM,nifty50_ret_prev,Price / Return,97.97716225921779
SHREECEM,crude_ret_prev,Global Macro,91.84069051756329
SHREECEM,nikkei_ret_prev,Global Macro,89.9158256800251
SHREECEM,sp500_ret_prev,Global Macro,89.8614552962794
SHREECEM,macd_hist_pct_5_35,Technical,89.48075295712479
SHREECEM,crude_ret_5d,Global Macro,89.45380339069708
SHREECEM,kurt_50,Statistical,84.78948463936983
SHREECEM,days_to_budget,Indian Calendar,82.75968487409477
SHREECEM,sector_corr_30d,Other,76.76958533015876
SHREECEM,bb_width_50,Technical,71.6973476546439
SHREECEM,dxy_ret_prev,Global Macro,71.15829960996946
SHREECEM,sp500_ret_20d,Global Macro,71.00754354485723
SHREECEM,kurt_10,Statistical,70.7395351566332
SHREECEM,sp500_ret_5d,Global Macro,68.47891859047843
SHREECEM,bb_width_20,Technical,67.88544121397557
SHREECEM,adx_14,Technical,66.19587459387671
SHREECEM,niftybank_ret_20d,Price / Return,65.4039935528889
SHREECEM,niftybank_ret_5d,Price / Return,64.57815830018885
SHREECEM,atr_ratio_21,Technical,63.676668302467824
SHREECEM,skew_50,Statistical,63.33795775896169
SHREECEM,earnings_proximity,Other,60.800727173447484
SHREECEM,us_vix_level,Global Macro,60.50601442012309
SHREECEM,cross_ratio,Other,60.149769626363366
SHREECEM,dxy_ret_5d,Global Macro,58.754333689247154
SHREECEM,nifty50_ret_20d,Price / Return,58.61473339915731
SHREECEM,hist_vol_50,Volume,58.23741506425641
SHREECEM,macd_signal_pct_12_26,Technical,56.30200173665543
SHREECEM,nifty50_ret_5d,Price / Return,54.45987137710998
SHREECEM,di_diff_21,Other,50.98920873199974
SHREECEM,di_diff_14,Other,48.80753591440367
SHREECEM,vol_lag_20,Volume,48.14566704158795
SHREECEM,us_vix_zscore,Global Macro,47.09006465379892
SHREECEM,sector_mom_20d,Other,43.79121329524534
SHREECEM,week_of_year_sin,Other,42.399340330674825
SHREECEM,roc_50,Other,42.05581658172146
SHREECEM,dist_lo_52,Other,41.61630948665556
SHREECEM,rsi_28,Technical,39.92392562942223
SHREECEM,dist_lo_126,Other,38.66645873033788
SHREECEM,price_ema_200,Technical,37.34258177375964
SHREECEM,price_sma_200,Technical,37.22930520244665
SHREECEM,week_of_year_cos,Other,33.96172301474423
SHREECEM,days_to_expiry,Indian Calendar,32.65384352571192
SHREECEM,days_to_earnings,Other,32.19979785135016
SHREECEM,days_to_rbi,Indian Calendar,31.975257080250078
SHREECEM,pos_hi_252,Other,30.737454749018237
SHREECEM,price_sma_100,Technical,27.914452043976265
SHREECEM,price_ema_100,Technical,27.339914253763393
SHREECEM,us_vix_spike,Global Macro,18.182091150447754
SHREECEM,pre_results_drift,Other,6.889990041309161
SHREECEM,post_results_day,Other,0.0
SHRIRAMFIN,crude_ret_20d,Global Macro,35.14199396942447
SHRIRAMFIN,crude_ret_5d,Global Macro,34.523911922301004
SHRIRAMFIN,crude_ret_prev,Global Macro,32.82889958659923
SHRIRAMFIN,skew_50,Statistical,32.57382805231064
SHRIRAMFIN,nikkei_ret_prev,Global Macro,28.919030837459797
SHRIRAMFIN,niftybank_ret_5d,Price / Return,27.860865562012766
SHRIRAMFIN,sector_corr_30d,Other,27.65918413249701
SHRIRAMFIN,sp500_ret_20d,Global Macro,26.282993622137212
SHRIRAMFIN,adx_14,Technical,26.19939120445377
SHRIRAMFIN,earnings_proximity,Other,25.88148104170616
SHRIRAMFIN,bb_width_50,Technical,24.574320813207102
SHRIRAMFIN,cross_ratio,Other,23.40188223105946
SHRIRAMFIN,dxy_ret_prev,Global Macro,22.690659313749713
SHRIRAMFIN,stoch_d_21,Technical,22.31523378948883
SHRIRAMFIN,niftybank_ret_20d,Price / Return,22.261641570794914
SHRIRAMFIN,pos_hi_20,Other,22.225954081029272
SHRIRAMFIN,us_vix_ret_1d,Global Macro,22.147864957681215
SHRIRAMFIN,dist_lo_252,Other,21.98669897492575
SHRIRAMFIN,nifty50_ret_5d,Price / Return,21.95713103501368
SHRIRAMFIN,sp500_ret_5d,Global Macro,21.891792549473934
SHRIRAMFIN,nikkei_ret_5d,Global Macro,21.645344410693678
SHRIRAMFIN,sp500_ret_prev,Global Macro,20.985391451756417
SHRIRAMFIN,us_vix_regime,Global Macro,20.834200100417846
SHRIRAMFIN,niftybank_ret_prev,Price / Return,20.41501804914141
SHRIRAMFIN,us_vix_level,Global Macro,20.288180546617337
SHRIRAMFIN,nifty50_ret_20d,Price / Return,19.134028721053262
SHRIRAMFIN,us_vix_zscore,Global Macro,18.72177219201883
SHRIRAMFIN,dxy_ret_5d,Global Macro,18.70283014568203
SHRIRAMFIN,alpha_vs_niftybank_1d,Other,18.436134234080605
SHRIRAMFIN,dxy_ret_20d,Global Macro,17.981264246966752
SHRIRAMFIN,days_to_expiry,Indian Calendar,17.862792002198052
SHRIRAMFIN,gk_vol_10,Volume,17.47676820221407
SHRIRAMFIN,nifty50_ret_prev,Price / Return,17.370502981765654
SHRIRAMFIN,mon_cos,Other,16.370564056401665
SHRIRAMFIN,gk_vol_20,Volume,16.32791518212909
SHRIRAMFIN,garch_surprise,Other,15.80456276026679
SHRIRAMFIN,mon_sin,Other,15.761692968954385
SHRIRAMFIN,days_to_earnings,Other,12.35077735854561
SHRIRAMFIN,days_to_rbi,Indian Calendar,10.7862532422076
SHRIRAMFIN,is_expiry_week,Indian Calendar,9.166544232851503
SHRIRAMFIN,garch_vol_regime,Volume,7.346206683753894
SHRIRAMFIN,us_vix_spike,Global Macro,6.921149119886044
SHRIRAMFIN,is_rbi_week,Indian Calendar,5.02610385332175
SHRIRAMFIN,pre_results_drift,Other,3.5381921873584825
SHRIRAMFIN,is_expiry_day,Indian Calendar,2.9974042442631235
SHRIRAMFIN,is_results_week,Other,2.554596849289562
SHRIRAMFIN,post_results_day,Other,4.446814528730034e-20
SIEMENS,kurt_50,Statistical,326.3679474444773
SIEMENS,sp500_ret_prev,Global Macro,310.16481766156176
SIEMENS,dist_hi_252,Other,304.5610158045931
SIEMENS,kurt_20,Statistical,301.9919821951834
SIEMENS,us_vix_level,Global Macro,292.3863466917629
SIEMENS,skew_50,Statistical,283.807453193888
SIEMENS,nikkei_ret_prev,Global Macro,281.5814852905259
SIEMENS,obv_ratio,Technical,274.71581710744084
SIEMENS,earnings_proximity,Other,273.39338052844823
SIEMENS,nifty50_ret_20d,Price / Return,273.2851878992238
SIEMENS,dxy_ret_prev,Global Macro,272.2942403759263
SIEMENS,cross_ratio,Other,269.30888718029337
SIEMENS,nifty50_ret_prev,Price / Return,266.1449053147691
SIEMENS,sp500_ret_5d,Global Macro,252.06797081647304
SIEMENS,bb_width_50,Technical,247.54146399537242
SIEMENS,bb_width_20,Technical,247.3986452190764
SIEMENS,kurt_10,Statistical,246.98426907706784
SIEMENS,dxy_ret_20d,Global Macro,241.43173719748543
SIEMENS,crude_ret_prev,Global Macro,238.83757678597928
SIEMENS,skew_20,Statistical,229.95987344473502
SIEMENS,days_to_budget,Indian Calendar,229.74728352381013
SIEMENS,hist_vol_10,Volume,222.84408579100645
SIEMENS,macd_hist_pct_12_26,Technical,218.35682024974287
SIEMENS,days_to_expiry,Indian Calendar,215.19373630724738
SIEMENS,sector_mom_5d,Other,214.88458275479837
SIEMENS,roc_50,Other,212.06251667875605
SIEMENS,dist_lo_126,Other,211.4299747038851
SIEMENS,sector_corr_30d,Other,208.29436387901887
SIEMENS,nifty50_ret_5d,Price / Return,207.5182100677056
SIEMENS,dxy_ret_5d,Global Macro,206.77796957461445
SIEMENS,adx_14,Technical,205.5495968563846
SIEMENS,gk_vol_20,Volume,204.8090246272999
SIEMENS,hist_vol_50,Volume,201.9290613499853
SIEMENS,sector_vol_10d,Volume,201.2823693731605
SIEMENS,adx_21,Technical,198.49257911651088
SIEMENS,sector_corr_60d,Other,198.10896951756348
SIEMENS,gk_vol_10,Volume,196.0763838895595
SIEMENS,parkinson_10,Other,194.37429447529354
SIEMENS,pos_hi_252,Other,193.68965990661818
SIEMENS,us_vix_zscore,Global Macro,188.30072929802893
SIEMENS,vol_change_5d,Volume,188.08129589146387
SIEMENS,hist_vol_20,Volume,172.2994266164832
SIEMENS,atr_ratio_21,Technical,169.80649541185542
SIEMENS,dist_lo_252,Other,167.4993600406034
SIEMENS,minus_di_21,Other,162.3640179281642
SIEMENS,week_of_year_sin,Other,149.9822999971487
SIEMENS,days_to_earnings,Other,102.59754141005345
SIEMENS,us_vix_spike,Global Macro,72.64037391320107
SIEMENS,pre_results_drift,Other,27.9373797304783
SIEMENS,post_results_day,Other,0.0
SUNPHARMA,kurt_20,Statistical,249.37828234981015
SUNPHARMA,kurt_50,Statistical,243.98830392185405
SUNPHARMA,niftybank_ret_20d,Price / Return,226.6703254482961
SUNPHARMA,dxy_ret_prev,Global Macro,222.15787253512337
SUNPHARMA,nifty50_ret_prev,Price / Return,219.98731571514642
SUNPHARMA,crude_ret_prev,Global Macro,215.43535942531403
SUNPHARMA,nikkei_ret_prev,Global Macro,211.00735947897556
SUNPHARMA,crude_ret_5d,Global Macro,210.02228171688697
SUNPHARMA,dxy_ret_5d,Global Macro,201.6460711896837
SUNPHARMA,obv_ratio,Technical,194.1365303770364
SUNPHARMA,skew_20,Statistical,193.95803506173536
SUNPHARMA,sp500_ret_prev,Global Macro,190.71831909756696
SUNPHARMA,skew_50,Statistical,184.48636277609026
SUNPHARMA,sector_mom_20d,Other,183.47455638826239
SUNPHARMA,sp500_ret_5d,Global Macro,176.27952082481522
SUNPHARMA,crude_ret_20d,Global Macro,176.21499396363714
SUNPHARMA,earnings_proximity,Other,174.92164772439193
SUNPHARMA,bb_width_50,Technical,171.49846891121865
SUNPHARMA,nifty50_ret_5d,Price / Return,165.83361934798708
SUNPHARMA,nikkei_ret_5d,Global Macro,163.10661523519832
SUNPHARMA,adx_21,Technical,155.2151319298036
SUNPHARMA,dxy_ret_20d,Global Macro,150.24105424714566
SUNPHARMA,cross_ratio,Other,148.17615203537738
SUNPHARMA,sector_mom_5d,Other,147.4337185988871
SUNPHARMA,dist_lo_126,Other,146.97586153438064
SUNPHARMA,bb_width_10,Technical,142.6312490756809
SUNPHARMA,hist_vol_5,Volume,140.5532069199393
SUNPHARMA,us_vix_zscore,Global Macro,139.55708700936955
SUNPHARMA,adx_14,Technical,137.74092140127178
SUNPHARMA,hist_vol_50,Volume,136.4245938542105
SUNPHARMA,roc_50,Other,133.55436420587915
SUNPHARMA,sector_corr_30d,Other,130.63103945273178
SUNPHARMA,gk_vol_20,Volume,130.21515953915605
SUNPHARMA,sector_corr_60d,Other,126.33081871835125
SUNPHARMA,macd_hist_pct_12_26,Technical,125.40810153335269
SUNPHARMA,ret_20d,Price / Return,119.10083932486505
SUNPHARMA,bb_pos_50,Technical,115.20396005188803
SUNPHARMA,plus_di_21,Other,114.5512008106099
SUNPHARMA,us_vix_level,Global Macro,114.02861926947959
SUNPHARMA,hist_vol_10,Volume,102.71960351958461
SUNPHARMA,days_to_expiry,Indian Calendar,101.5549442940294
SUNPHARMA,hist_vol_20,Volume,100.8369955052596
SUNPHARMA,atr_ratio_7,Technical,97.6147621797329
SUNPHARMA,days_to_rbi,Indian Calendar,81.35410108060127
SUNPHARMA,days_to_earnings,Other,80.75760015299966
SUNPHARMA,week_of_year_sin,Other,75.14735286864378
SUNPHARMA,week_of_year_cos,Other,67.9040820269827
SUNPHARMA,us_vix_spike,Global Macro,57.49176786211681
SUNPHARMA,pre_results_drift,Other,20.321817801777225
SUNPHARMA,post_results_day,Other,0.0
TATACONSUM,kurt_20,Statistical,120.87760843253974
TATACONSUM,niftybank_ret_20d,Price / Return,112.15372069569055
TATACONSUM,crude_ret_5d,Global Macro,109.46281288653304
TATACONSUM,us_vix_ret_1d,Global Macro,105.20940551377
TATACONSUM,nikkei_ret_prev,Global Macro,105.16426904157076
TATACONSUM,adx_21,Technical,104.44627251378118
TATACONSUM,dxy_ret_prev,Global Macro,104.41787451646651
TATACONSUM,niftybank_ret_5d,Price / Return,103.12900372598666
TATACONSUM,crude_ret_prev,Global Macro,102.3007608955716
TATACONSUM,dxy_ret_5d,Global Macro,100.6569436202857
TATACONSUM,crude_ret_20d,Global Macro,100.13482453808255
TATACONSUM,earnings_proximity,Other,94.73099807761844
TATACONSUM,days_to_expiry,Indian Calendar,91.99622607195626
TATACONSUM,niftybank_ret_prev,Price / Return,91.64582950000168
TATACONSUM,sector_corr_60d,Other,90.29793461725573
TATACONSUM,nifty50_ret_5d,Price / Return,89.30189932274558
TATACONSUM,nasdaq_ret_prev,Global Macro,88.76156080481445
TATACONSUM,nifty50_ret_20d,Price / Return,88.61636229820323
TATACONSUM,garch_surprise,Other,88.28866112342988
TATACONSUM,days_to_budget,Indian Calendar,86.46923645992098
TATACONSUM,garch_vol,Other,86.33671532985245
TATACONSUM,dist_hi_126,Other,86.30404714634427
TATACONSUM,sector_corr_30d,Other,84.4870826489049
TATACONSUM,us_vix_regime,Global Macro,84.09096403069029
TATACONSUM,nasdaq_ret_5d,Global Macro,84.0397918601355
TATACONSUM,bb_width_20,Technical,83.6967110851082
TATACONSUM,price_sma_10,Technical,83.06148559734675
TATACONSUM,sp500_ret_prev,Global Macro,82.28079731687507
TATACONSUM,us_vix_level,Global Macro,81.76985131157454
TATACONSUM,us_vix_zscore,Global Macro,80.49644847408779
TATACONSUM,sp500_ret_5d,Global Macro,79.89073451289762
TATACONSUM,dxy_ret_20d,Global Macro,76.39718460840928
TATACONSUM,nifty50_ret_prev,Price / Return,75.31195265354388
TATACONSUM,nikkei_ret_5d,Global Macro,74.21777546184293
TATACONSUM,alpha_vs_niftybank_1d,Other,73.40743955751569
TATACONSUM,minus_di_21,Other,69.80133472629144
TATACONSUM,cci_14,Technical,68.15977281060366
TATACONSUM,week_of_year_cos,Other,55.04486448068542
TATACONSUM,mon_sin,Other,52.17524058877981
TATACONSUM,days_to_earnings,Other,51.77970184179152
TATACONSUM,is_expiry_week,Indian Calendar,50.49019192016959
TATACONSUM,is_result_season,Indian Calendar,49.74294145550503
TATACONSUM,garch_vol_regime,Volume,38.83421336351762
TATACONSUM,days_to_rbi,Indian Calendar,38.79198953889582
TATACONSUM,us_vix_spike,Global Macro,31.12391264596847
TATACONSUM,is_rbi_week,Indian Calendar,17.717783811475254
TATACONSUM,is_expiry_day,Indian Calendar,17.63050997940963
TATACONSUM,pre_results_drift,Other,11.92784199885874
TATACONSUM,is_budget_week,Indian Calendar,11.158504897127424
TATACONSUM,post_results_day,Other,6.427071447489268e-21
TATAELXSI,nikkei_ret_prev,Global Macro,46.82898926754618
TATAELXSI,crude_ret_20d,Global Macro,44.894413000545086
TATAELXSI,alpha_vs_usdinr_1d,Global Macro,44.60375443496986
TATAELXSI,nifty50_ret_prev,Price / Return,42.74663030177372
TATAELXSI,kurt_20,Statistical,41.64898715001726
TATAELXSI,dxy_ret_prev,Global Macro,40.24195561949829
TATAELXSI,vol_lag_20,Volume,39.49391118554841
TATAELXSI,niftybank_ret_20d,Price / Return,38.65179377589782
TATAELXSI,sector_corr_60d,Other,38.64996310029052
TATAELXSI,earnings_proximity,Other,38.44411189376232
TATAELXSI,nikkei_ret_5d,Global Macro,37.99715048448761
TATAELXSI,usdinr_ret_1d,Global Macro,37.53690525788335
TATAELXSI,crude_ret_prev,Global Macro,36.23866435900426
TATAELXSI,nasdaq_ret_prev,Global Macro,35.120612011946875
TATAELXSI,niftybank_ret_5d,Price / Return,35.02036898613826
TATAELXSI,sp500_ret_prev,Global Macro,34.84329674431402
TATAELXSI,dxy_ret_5d,Global Macro,33.76523749685387
TATAELXSI,sector_corr_30d,Other,33.45313094018867
TATAELXSI,adx_21,Technical,32.604933194207064
TATAELXSI,bb_width_10,Technical,32.56229370685285
TATAELXSI,sp500_ret_5d,Global Macro,32.47252019515227
TATAELXSI,alpha_vs_usdinr_5d,Global Macro,32.34976291591164
TATAELXSI,usdinr_ret_5d,Global Macro,31.885177660214005
TATAELXSI,nifty50_ret_5d,Price / Return,31.274510464060835
TATAELXSI,skew_10,Statistical,31.019648091599397
TATAELXSI,sector_mom_20d,Other,29.293777116432516
TATAELXSI,usdinr_ret_20d,Global Macro,28.854188818553528
TATAELXSI,nasdaq_ret_5d,Global Macro,28.711806485508685
TATAELXSI,adx_14,Technical,28.199728374909135
TATAELXSI,sector_vol_10d,Volume,27.716337428827288
TATAELXSI,us_vix_zscore,Global Macro,25.317210082217464
TATAELXSI,roc_50,Other,24.687387976826823
TATAELXSI,bb_width_50,Technical,24.15160695596343
TATAELXSI,us_vix_level,Global Macro,24.06231364598985
TATAELXSI,hist_vol_50,Volume,24.0233275681511
TATAELXSI,dist_hi_20,Other,23.849070033677137
TATAELXSI,usdinr_ma20_ratio,Global Macro,23.673589818549868
TATAELXSI,hist_vol_20,Volume,23.10210391445581
TATAELXSI,usdinr_rsi_14,Global Macro,22.614181954275498
TATAELXSI,dist_lo_126,Other,19.547256933160863
TATAELXSI,rsi_14,Technical,18.888401731313053
TATAELXSI,dist_lo_252,Other,17.513241073756138
TATAELXSI,days_to_expiry,Indian Calendar,17.054365025395676
TATAELXSI,days_to_rbi,Indian Calendar,16.49693365199318
TATAELXSI,dist_lo_52,Other,16.43317465383226
TATAELXSI,days_to_earnings,Other,16.20554007159003
TATAELXSI,week_of_year_cos,Other,14.011776262284325
TATAELXSI,us_vix_spike,Global Macro,8.987375484334052
TATAELXSI,pre_results_drift,Other,3.568366223974344
TATAELXSI,post_results_day,Other,0.0
TATAPOWER,skew_10,Statistical,88.99802182054844
TATAPOWER,vol_ratio_20,Volume,88.70477611547308
TATAPOWER,crude_ret_prev,Global Macro,86.71226202751717
TATAPOWER,nikkei_ret_prev,Global Macro,80.8246200876038
TATAPOWER,crude_ret_20d,Global Macro,77.5786117886949
TATAPOWER,days_to_budget,Indian Calendar,76.96672087901757
TATAPOWER,bb_width_20,Technical,74.92092949592558
TATAPOWER,us_vix_level,Global Macro,70.72292705332285
TATAPOWER,dxy_ret_prev,Global Macro,70.5283871763727
TATAPOWER,macd_signal_pct_12_26,Technical,69.58731532486595
TATAPOWER,crude_ret_5d,Global Macro,68.58942872375026
TATAPOWER,niftybank_ret_5d,Price / Return,67.96332525639522
TATAPOWER,sp500_ret_5d,Global Macro,64.2260238889868
TATAPOWER,garch_surprise,Other,63.371179548511634
TATAPOWER,niftybank_ret_20d,Price / Return,62.65039190002574
TATAPOWER,hist_vol_50,Volume,62.14455010293644
TATAPOWER,sp500_ret_prev,Global Macro,60.85114933895063
TATAPOWER,nifty50_ret_20d,Price / Return,60.33282658573563
TATAPOWER,us_vix_regime,Global Macro,59.62053824172705
TATAPOWER,days_to_rbi,Indian Calendar,59.537990484930965
TATAPOWER,earnings_proximity,Other,58.5966784893564
TATAPOWER,nikkei_ret_5d,Global Macro,58.28393932508685
TATAPOWER,us_vix_ret_1d,Global Macro,58.19181956878833
TATAPOWER,dxy_ret_20d,Global Macro,57.070329153307455
TATAPOWER,niftybank_ret_prev,Price / Return,56.15025284210145
TATAPOWER,nifty50_ret_5d,Price / Return,56.139808305424744
TATAPOWER,dxy_ret_5d,Global Macro,55.72659055017993
TATAPOWER,trend_strength,Regime,55.08192431102656
TATAPOWER,week_of_year_sin,Other,54.42895954669744
TATAPOWER,plus_di_14,Other,54.1720546414795
TATAPOWER,alpha_vs_niftybank_1d,Other,51.00988230267467
TATAPOWER,us_vix_zscore,Global Macro,50.505482757011826
TATAPOWER,price_ema_5,Technical,47.74244263859969
TATAPOWER,nifty50_ret_prev,Price / Return,46.612502447453586
TATAPOWER,garch_vol,Other,42.54545011309538
TATAPOWER,dist_lo_252,Other,39.06451999875628
TATAPOWER,days_to_earnings,Other,37.27328849689727
TATAPOWER,is_result_season,Indian Calendar,34.781880361555686
TATAPOWER,dist_lo_126,Other,34.7232755682539
TATAPOWER,gk_vol_10,Volume,33.70678576431743
TATAPOWER,bb_pos_10,Technical,32.898706181001316
TATAPOWER,garch_vol_regime,Volume,24.833943985943957
TATAPOWER,us_vix_spike,Global Macro,17.909673640275336
TATAPOWER,is_rbi_week,Indian Calendar,16.73145467436776
TATAPOWER,is_budget_week,Indian Calendar,9.446984596669417
TATAPOWER,is_expiry_week,Indian Calendar,7.776138166252409
TATAPOWER,pre_results_drift,Other,7.522022166889886
TATAPOWER,is_results_week,Other,5.802272095503828
TATAPOWER,is_expiry_day,Indian Calendar,3.332806109674418
TATAPOWER,post_results_day,Other,5.5216368862697754e-21
TATASTEEL,obv_ratio,Technical,7.82899306778472
TATASTEEL,crude_ret_prev,Global Macro,7.554963926172514
TATASTEEL,sp500_ret_prev,Global Macro,7.061419228285951
TATASTEEL,crude_ret_20d,Global Macro,6.83321868551562
TATASTEEL,niftybank_ret_5d,Price / Return,6.65532166618897
TATASTEEL,nikkei_ret_prev,Global Macro,6.638819803522589
TATASTEEL,niftybank_ret_prev,Price / Return,6.406775267733966
TATASTEEL,roc_10,Other,6.215888544045915
TATASTEEL,dxy_ret_prev,Global Macro,6.176273629650213
TATASTEEL,nifty50_ret_prev,Price / Return,5.844936863165513
TATASTEEL,nifty50_ret_20d,Price / Return,5.8364292833554074
TATASTEEL,sp500_ret_5d,Global Macro,5.701682963657932
TATASTEEL,nifty50_ret_5d,Price / Return,5.625626186765812
TATASTEEL,dist_hi_52,Other,5.128022382666591
TATASTEEL,nikkei_ret_5d,Global Macro,5.122569484134388
TATASTEEL,dxy_ret_20d,Global Macro,5.107966525655424
TATASTEEL,us_vix_zscore,Global Macro,4.9576994184008605
TATASTEEL,dxy_ret_5d,Global Macro,4.939980819025164
TATASTEEL,cross_ratio,Other,4.911057619574132
TATASTEEL,trend_strength,Regime,4.91105761957413
TATASTEEL,hist_vol_50,Volume,4.884602217906457
TATASTEEL,days_to_budget,Indian Calendar,4.784487925960111
TATASTEEL,sector_mom_20d,Other,4.562981537705626
TATASTEEL,earnings_proximity,Other,4.370204347915174
TATASTEEL,macd_signal_pct_12_26,Technical,4.356839444583446
TATASTEEL,cci_20,Technical,4.3358558674994265
TATASTEEL,roc_20,Other,4.218911604062911
TATASTEEL,us_vix_level,Global Macro,4.208060855602726
TATASTEEL,atr_ratio_7,Technical,4.153902724639043
TATASTEEL,hist_vol_10,Volume,3.9731321651223888
TATASTEEL,days_to_expiry,Indian Calendar,3.950178728721418
TATASTEEL,macd_pct_12_26,Technical,3.6925477244630978
TATASTEEL,macd_signal_pct_5_35,Technical,3.6899481837509316
TATASTEEL,parkinson_10,Other,3.514169292414185
TATASTEEL,gk_vol_10,Volume,3.454027006433995
TATASTEEL,plus_di_21,Other,3.3173059684627115
TATASTEEL,gk_vol_20,Volume,3.3163097468629945
TATASTEEL,days_to_rbi,Indian Calendar,2.7321988430444684
TATASTEEL,pos_hi_252,Other,2.510391877816264
TATASTEEL,week_of_year_sin,Other,2.399181276454967
TATASTEEL,is_expiry_week,Indian Calendar,2.1653233922632884
TATASTEEL,days_to_earnings,Other,2.115545780879001
TATASTEEL,garch_vol_regime,Volume,1.9800429666527553
TATASTEEL,us_vix_spike,Global Macro,1.7646649971692754
TATASTEEL,is_result_season,Indian Calendar,1.5739726860685779
TATASTEEL,is_rbi_week,Indian Calendar,0.8530700881923489
TATASTEEL,is_expiry_day,Indian Calendar,0.7263077919400459
TATASTEEL,pre_results_drift,Other,0.5780008893846418
TATASTEEL,is_budget_week,Indian Calendar,0.5399058095068278
TATASTEEL,post_results_day,Other,4.845532340758132e-24
TCS,garch_vol,Other,42.21404262862939
TCS,crude_ret_20d,Global Macro,39.19891719794359
TCS,dxy_ret_prev,Global Macro,38.81520979397092
TCS,nikkei_ret_prev,Global Macro,38.81516338797608
TCS,crude_ret_prev,Global Macro,36.896367142229956
TCS,days_to_budget,Indian Calendar,36.81447360361302
TCS,usdinr_ret_1d,Global Macro,35.87111101599538
TCS,dxy_ret_5d,Global Macro,35.61844559314007
TCS,niftybank_ret_20d,Price / Return,35.50494099557213
TCS,nifty50_ret_prev,Price / Return,35.47012644180757
TCS,nikkei_ret_5d,Global Macro,34.11744069216289
TCS,sp500_ret_20d,Global Macro,33.34655843841448
TCS,cross_ratio,Other,32.55396426804946
TCS,earnings_proximity,Other,32.167720623436544
TCS,nifty50_ret_5d,Price / Return,29.680607787164295
TCS,usdinr_ret_5d,Global Macro,29.62511192585965
TCS,dxy_ret_20d,Global Macro,29.035336609489466
TCS,us_vix_level,Global Macro,28.363147542888758
TCS,crude_ret_5d,Global Macro,28.153876840291844
TCS,macd_pct_5_35,Technical,27.981871604756954
TCS,usdinr_ma20_ratio,Global Macro,27.137139469747833
TCS,us_vix_regime,Global Macro,27.07045376283782
TCS,us_vix_ret_1d,Global Macro,26.749655071361243
TCS,usdinr_ret_20d,Global Macro,26.394180438681285
TCS,nasdaq_ret_prev,Global Macro,26.106703489673478
TCS,sp500_ret_5d,Global Macro,26.06358176267854
TCS,alpha_vs_usdinr_1d,Global Macro,25.4448543935139
TCS,garch_surprise,Other,24.958363291669887
TCS,dist_lo_252,Other,24.834527024797996
TCS,nasdaq_ret_5d,Global Macro,24.73071371131923
TCS,sp500_ret_prev,Global Macro,24.515364346599547
TCS,dist_hi_52,Other,24.218283309742098
TCS,parkinson_20,Other,24.0576219484459
TCS,hist_vol_20,Volume,23.16171868764124
TCS,alpha_vs_usdinr_5d,Global Macro,21.546177672542818
TCS,usdinr_rsi_14,Global Macro,21.534197609551157
TCS,atr_ratio_14,Technical,21.036667043339552
TCS,us_vix_zscore,Global Macro,17.072961286367725
TCS,days_to_earnings,Other,15.33372748285463
TCS,garch_vol_regime,Volume,13.024272801052083
TCS,is_result_season,Indian Calendar,9.357401353292849
TCS,days_to_rbi,Indian Calendar,7.723015534624542
TCS,us_vix_spike,Global Macro,7.0571878637680765
TCS,is_expiry_week,Indian Calendar,5.416615787719758
TCS,pre_results_drift,Other,3.671701718441772
TCS,is_budget_week,Indian Calendar,3.6465245595884106
TCS,is_rbi_week,Indian Calendar,3.4548764058180477
TCS,is_results_week,Other,2.6172337329080246
TCS,is_expiry_day,Indian Calendar,1.7269295983193398
TCS,post_results_day,Other,2.2975782845996857e-20
TECHM,kurt_20,Statistical,126.75538237486859
TECHM,dist_hi_252,Other,125.30450161508205
TECHM,sector_corr_30d,Other,124.43587406981516
TECHM,nikkei_ret_prev,Global Macro,122.26648104573022
TECHM,usdinr_ret_1d,Global Macro,121.42857919588594
TECHM,adx_21,Technical,116.50244243687642
TECHM,dxy_ret_prev,Global Macro,112.9100194257199
TECHM,usdinr_ret_5d,Global Macro,107.52101145143143
TECHM,niftybank_ret_20d,Price / Return,107.44596077086662
TECHM,dxy_ret_5d,Global Macro,105.76026304628404
TECHM,earnings_proximity,Other,105.22457792093078
TECHM,gk_vol_20,Volume,102.42843442445243
TECHM,hist_vol_5,Volume,100.69680929011498
TECHM,sector_corr_60d,Other,98.50448449809853
TECHM,niftybank_ret_5d,Price / Return,97.02267983298883
TECHM,niftybank_ret_prev,Price / Return,94.56919000453566
TECHM,sp500_ret_prev,Global Macro,92.02586392441553
TECHM,atr_ratio_21,Technical,91.97301065117647
TECHM,nasdaq_ret_prev,Global Macro,91.60006766093161
TECHM,sp500_ret_5d,Global Macro,89.60120051169764
TECHM,nikkei_ret_5d,Global Macro,85.95078756568547
TECHM,ret_10d,Price / Return,85.61739778949752
TECHM,nifty50_ret_5d,Price / Return,83.64573298312038
TECHM,alpha_vs_usdinr_1d,Global Macro,83.4181440782798
TECHM,nasdaq_ret_5d,Global Macro,82.57211583462518
TECHM,usdinr_ma20_ratio,Global Macro,82.31964896815681
TECHM,nifty50_ret_20d,Price / Return,81.64750734893002
TECHM,di_diff_14,Other,81.53579470289304
TECHM,us_vix_level,Global Macro,81.39234108753851
TECHM,nifty50_ret_prev,Price / Return,80.70389764942843
TECHM,usdinr_ret_20d,Global Macro,79.79787901513673
TECHM,us_vix_zscore,Global Macro,73.81138747135861
TECHM,macd_signal_pct_5_35,Technical,71.32265314267808
TECHM,usdinr_rsi_14,Global Macro,67.779207171167
TECHM,dist_hi_20,Other,67.71779927260948
TECHM,macd_pct_12_26,Technical,67.5468757743101
TECHM,alpha_vs_usdinr_5d,Global Macro,66.90645804893734
TECHM,dxy_ret_20d,Global Macro,66.64045589683242
TECHM,price_sma_5,Technical,65.03651591144467
TECHM,price_ema_50,Technical,62.975886669701644
TECHM,crude_ret_prev,Global Macro,62.32287609676124
TECHM,price_sma_50,Technical,59.49235703514119
TECHM,week_of_year_cos,Other,52.07991064373913
TECHM,rsi_28,Technical,50.209151829623195
TECHM,week_of_year_sin,Other,45.249443175256374
TECHM,days_to_earnings,Other,43.40653593848129
TECHM,bb_pos_50,Technical,37.69611380519781
TECHM,us_vix_spike,Global Macro,27.24189675344078
TECHM,pre_results_drift,Other,10.59647168048257
TECHM,post_results_day,Other,0.0
TITAN,nikkei_ret_prev,Global Macro,406.7220799818519
TITAN,crude_ret_prev,Global Macro,388.0658040826804
TITAN,crude_ret_20d,Global Macro,386.89483574906365
TITAN,crude_ret_5d,Global Macro,386.22079235950815
TITAN,cross_ratio,Other,368.0146050159635
TITAN,sector_corr_30d,Other,344.8151023393612
TITAN,dxy_ret_prev,Global Macro,340.8531180754555
TITAN,us_vix_ret_1d,Global Macro,336.46251686570315
TITAN,niftybank_ret_5d,Price / Return,333.97299033698044
TITAN,days_to_budget,Indian Calendar,332.6063530803351
TITAN,sector_mom_20d,Other,331.0126158392775
TITAN,niftybank_ret_20d,Price / Return,316.7401134232839
TITAN,nikkei_ret_5d,Global Macro,311.607039135115
TITAN,niftybank_ret_prev,Price / Return,303.30063058341307
TITAN,sp500_ret_5d,Global Macro,303.2538049271488
TITAN,dxy_ret_20d,Global Macro,302.1237585566679
TITAN,adx_14,Technical,296.0583912069815
TITAN,nifty50_ret_5d,Price / Return,294.1930046433115
TITAN,nasdaq_ret_prev,Global Macro,291.24435812574063
TITAN,nasdaq_ret_5d,Global Macro,283.0661456705985
TITAN,us_vix_zscore,Global Macro,282.48933169494836
TITAN,earnings_proximity,Other,280.7803715636847
TITAN,dxy_ret_5d,Global Macro,275.9599756815878
TITAN,garch_surprise,Other,275.6895946875394
TITAN,us_vix_level,Global Macro,274.52013788680915
TITAN,sp500_ret_prev,Global Macro,273.3267597790084
TITAN,nifty50_ret_20d,Price / Return,261.5376981930872
TITAN,us_vix_regime,Global Macro,256.2498832455559
TITAN,nifty50_ret_prev,Price / Return,252.65947942815032
TITAN,days_to_expiry,Indian Calendar,248.494473616987
TITAN,alpha_vs_niftybank_1d,Other,248.36130687832053
TITAN,days_to_rbi,Indian Calendar,240.66924439785615
TITAN,garch_vol,Other,240.03147145622285
TITAN,gk_vol_20,Volume,239.53708695809374
TITAN,parkinson_10,Other,238.05632076106136
TITAN,mon_cos,Other,230.12316171122362
TITAN,adx_21,Technical,216.85435366262462
TITAN,week_of_year_cos,Other,211.25202929438382
TITAN,bb_pos_50,Technical,197.4279868823868
TITAN,is_result_season,Indian Calendar,178.46281946792607
TITAN,days_to_earnings,Other,165.70693047716588
TITAN,garch_vol_regime,Volume,159.97422410006772
TITAN,is_expiry_week,Indian Calendar,136.3520679113875
TITAN,us_vix_spike,Global Macro,113.70503138174058
TITAN,is_rbi_week,Indian Calendar,76.94234712211163
TITAN,is_expiry_day,Indian Calendar,49.14744393091104
TITAN,pre_results_drift,Other,37.1555780540219
TITAN,is_budget_week,Indian Calendar,34.42483494058386
TITAN,is_results_week,Other,26.848954387388744
TITAN,post_results_day,Other,4.1030188042526e-22
TORNTPHARM,kurt_50,Statistical,457.51694689654084
TORNTPHARM,skew_50,Statistical,447.66394474097194
TORNTPHARM,ret_lag_1,Price / Return,415.5334339569672
TORNTPHARM,bb_width_50,Technical,409.92425790933066
TORNTPHARM,nikkei_ret_prev,Global Macro,407.86676672179857
TORNTPHARM,kurt_10,Statistical,396.62316640050096
TORNTPHARM,dxy_ret_prev,Global Macro,391.95452212434907
TORNTPHARM,days_to_budget,Indian Calendar,373.7874570320824
TORNTPHARM,nifty50_ret_prev,Price / Return,361.9600000183025
TORNTPHARM,earnings_proximity,Other,360.3898537505575
TORNTPHARM,crude_ret_5d,Global Macro,359.5044043191394
TORNTPHARM,sp500_ret_prev,Global Macro,357.4115192959222
TORNTPHARM,crude_ret_20d,Global Macro,339.56451320260896
TORNTPHARM,skew_20,Statistical,338.815003753823
TORNTPHARM,sector_corr_30d,Other,338.339685875687
TORNTPHARM,dxy_ret_5d,Global Macro,337.3320455746363
TORNTPHARM,kurt_20,Statistical,335.8808215503405
TORNTPHARM,crude_ret_prev,Global Macro,313.7998732726389
TORNTPHARM,sector_mom_20d,Other,300.23805865595045
TORNTPHARM,sector_corr_60d,Other,296.4771522196731
TORNTPHARM,bb_width_20,Technical,293.8655900457172
TORNTPHARM,adx_21,Technical,293.04558144341445
TORNTPHARM,skew_10,Statistical,288.47915520570376
TORNTPHARM,niftybank_ret_20d,Price / Return,287.4098150973928
TORNTPHARM,sp500_ret_5d,Global Macro,287.21207006654674
TORNTPHARM,plus_di_14,Other,276.53624546932133
TORNTPHARM,cross_ratio,Other,267.83882386964655
TORNTPHARM,nifty50_ret_5d,Price / Return,265.2495908826515
TORNTPHARM,dxy_ret_20d,Global Macro,242.10927065616227
TORNTPHARM,price_sma_200,Technical,235.71151275825042
TORNTPHARM,dist_lo_252,Other,233.3815294342692
TORNTPHARM,di_diff_14,Other,229.6362936740407
TORNTPHARM,dist_lo_126,Other,229.6342398143915
TORNTPHARM,parkinson_10,Other,221.21159042760914
TORNTPHARM,gk_vol_10,Volume,217.17392500709
TORNTPHARM,rsi_14,Technical,215.25990752133822
TORNTPHARM,us_vix_level,Global Macro,212.915354994947
TORNTPHARM,dist_hi_52,Other,212.06813931216104
TORNTPHARM,us_vix_zscore,Global Macro,209.11438965579356
TORNTPHARM,macd_pct_12_26,Technical,204.74073641868225
TORNTPHARM,dist_hi_126,Other,196.5265007178036
TORNTPHARM,atr_ratio_14,Technical,191.78219068191189
TORNTPHARM,days_to_expiry,Indian Calendar,178.85511297045798
TORNTPHARM,rsi_28,Technical,163.46351829228576
TORNTPHARM,days_to_earnings,Other,163.1131537915568
TORNTPHARM,week_of_year_cos,Other,162.74749728255694
TORNTPHARM,week_of_year_sin,Other,155.73585907552084
TORNTPHARM,us_vix_spike,Global Macro,82.1209545973402
TORNTPHARM,pre_results_drift,Other,39.831722274306614
TORNTPHARM,post_results_day,Other,0.0
TRENT,obv_ratio,Technical,156.48699516051323
TRENT,kurt_10,Statistical,150.46628920849093
TRENT,kurt_20,Statistical,143.6956468411889
TRENT,roc_3,Other,142.31426690857654
TRENT,bb_width_50,Technical,133.58976991718708
TRENT,nikkei_ret_prev,Global Macro,133.17022929159793
TRENT,nifty50_ret_prev,Price / Return,125.63165418053524
TRENT,earnings_proximity,Other,122.29506276386874
TRENT,sp500_ret_prev,Global Macro,121.33497774569136
TRENT,cross_ratio,Other,120.07646169183411
TRENT,dxy_ret_prev,Global Macro,119.06749833180945
TRENT,bb_width_20,Technical,119.03195087139443
TRENT,skew_20,Statistical,115.83375089970957
TRENT,macd_signal_pct_12_26,Technical,115.35096131130632
TRENT,adx_14,Technical,111.536084562154
TRENT,adx_21,Technical,110.95290431749473
TRENT,sector_vol_10d,Volume,110.06592237434232
TRENT,hist_vol_5,Volume,105.47769695831208
TRENT,crude_ret_prev,Global Macro,104.46089945527706
TRENT,sp500_ret_5d,Global Macro,104.29280336036071
TRENT,sector_mom_20d,Other,103.95118354468715
TRENT,dist_lo_252,Other,96.77710494339554
TRENT,days_to_budget,Indian Calendar,96.54929577991382
TRENT,gk_vol_20,Volume,94.83858917559003
TRENT,dxy_ret_5d,Global Macro,94.19836782978108
TRENT,hist_vol_10,Volume,93.50611057123757
TRENT,nifty50_ret_5d,Price / Return,92.0629104195191
TRENT,parkinson_10,Other,88.42870352928152
TRENT,dist_lo_20,Other,87.56812832058682
TRENT,minus_di_21,Other,86.13523077728719
TRENT,gk_vol_10,Volume,85.76323747583353
TRENT,atr_ratio_21,Technical,85.67886358360143
TRENT,us_vix_level,Global Macro,83.86795805986073
TRENT,vol_change_5d,Volume,83.80664699331265
TRENT,hist_vol_20,Volume,83.58926882395296
TRENT,sector_corr_30d,Other,81.161193348389
TRENT,price_ema_200,Technical,79.4340685145136
TRENT,minus_di_14,Other,77.24418219334915
TRENT,dist_lo_126,Other,75.68047530805788
TRENT,us_vix_zscore,Global Macro,71.41388218965042
TRENT,dist_lo_52,Other,70.70467533866932
TRENT,vol_ratio_10,Volume,70.292059256535
TRENT,stoch_d_14,Technical,67.2248108301726
TRENT,stoch_d_21,Technical,57.4173141634492
TRENT,week_of_year_cos,Other,57.34043131445933
TRENT,pos_hi_52,Other,55.62929792530962
TRENT,days_to_earnings,Other,49.191960554007665
TRENT,us_vix_spike,Global Macro,28.10863334988317
TRENT,pre_results_drift,Other,13.351839086603976
TRENT,post_results_day,Other,0.0
TVSMOTOR,kurt_20,Statistical,118.5360235665829
TVSMOTOR,kurt_50,Statistical,103.54377730044776
TVSMOTOR,obv_ratio,Technical,100.44943449516444
TVSMOTOR,nikkei_ret_prev,Global Macro,89.99862945984097
TVSMOTOR,crude_ret_prev,Global Macro,89.37880253591199
TVSMOTOR,earnings_proximity,Other,87.14379533370342
TVSMOTOR,nifty50_ret_prev,Price / Return,86.22586739249103
TVSMOTOR,sp500_ret_prev,Global Macro,83.91420765596915
TVSMOTOR,crude_ret_20d,Global Macro,77.81720928734725
TVSMOTOR,skew_20,Statistical,75.69217823865755
TVSMOTOR,adx_21,Technical,74.66172228127633
TVSMOTOR,macd_hist_pct_12_26,Technical,73.12587407069746
TVSMOTOR,dxy_ret_prev,Global Macro,70.34273302742359
TVSMOTOR,skew_50,Statistical,69.58320543599955
TVSMOTOR,niftybank_ret_5d,Price / Return,68.76614804705986
TVSMOTOR,bb_width_50,Technical,68.49044002878871
TVSMOTOR,nifty50_ret_20d,Price / Return,68.24955349657304
TVSMOTOR,sp500_ret_20d,Global Macro,67.82881280082883
TVSMOTOR,days_to_budget,Indian Calendar,66.90398608225345
TVSMOTOR,ret_10d,Price / Return,66.53083473944142
TVSMOTOR,adx_14,Technical,65.33857862658718
TVSMOTOR,sp500_ret_5d,Global Macro,64.03056862164075
TVSMOTOR,hist_vol_50,Volume,63.9413703917454
TVSMOTOR,nifty50_ret_5d,Price / Return,62.60233343770308
TVSMOTOR,bb_width_20,Technical,60.74836047256414
TVSMOTOR,dxy_ret_5d,Global Macro,57.29089029830479
TVSMOTOR,dist_lo_126,Other,56.01342227168548
TVSMOTOR,cross_ratio,Other,55.44631676390411
TVSMOTOR,parkinson_20,Other,55.36240102112504
TVSMOTOR,gk_vol_20,Volume,55.202138231096335
TVSMOTOR,us_vix_level,Global Macro,54.08543774122561
TVSMOTOR,dxy_ret_20d,Global Macro,51.40889600083384
TVSMOTOR,sector_mom_5d,Other,51.39477752541845
TVSMOTOR,sector_vol_10d,Volume,51.38272845778158
TVSMOTOR,plus_di_21,Other,47.94249478748231
TVSMOTOR,sector_corr_60d,Other,47.321577706408405
TVSMOTOR,ret_20d,Price / Return,45.03109913515346
TVSMOTOR,us_vix_zscore,Global Macro,44.23453985623637
TVSMOTOR,week_of_year_cos,Other,42.455184192887344
TVSMOTOR,mon_cos,Other,41.20274369462986
TVSMOTOR,dist_lo_252,Other,41.07158095237236
TVSMOTOR,dist_hi_252,Other,40.64725246567691
TVSMOTOR,pos_hi_252,Other,39.81958306556983
TVSMOTOR,price_ema_200,Technical,38.841053764214074
TVSMOTOR,stoch_d_21,Technical,38.05022377735768
TVSMOTOR,pos_hi_52,Other,33.59296885545527
TVSMOTOR,days_to_earnings,Other,30.232540903889333
TVSMOTOR,us_vix_spike,Global Macro,18.405832893852924
TVSMOTOR,pre_results_drift,Other,8.512784256819296
TVSMOTOR,post_results_day,Other,0.0
ULTRACEMCO,crude_ret_prev,Global Macro,144.55881762080347
ULTRACEMCO,crude_ret_5d,Global Macro,138.00901906656034
ULTRACEMCO,us_vix_ret_1d,Global Macro,130.0597064460922
ULTRACEMCO,nikkei_ret_prev,Global Macro,124.16807638835775
ULTRACEMCO,garch_vol,Other,123.18237967655652
ULTRACEMCO,dxy_ret_prev,Global Macro,122.14501637956286
ULTRACEMCO,skew_50,Statistical,120.5339199646823
ULTRACEMCO,crude_ret_20d,Global Macro,120.0947969053318
ULTRACEMCO,dist_lo_252,Other,116.55137445160686
ULTRACEMCO,earnings_proximity,Other,116.45969608989205
ULTRACEMCO,days_to_budget,Indian Calendar,114.22463624596686
ULTRACEMCO,bb_width_20,Technical,112.80900223076337
ULTRACEMCO,sector_avg_ret,Other,108.63359303980904
ULTRACEMCO,dxy_ret_5d,Global Macro,104.80775864349673
ULTRACEMCO,cross_ratio,Other,104.74108557626184
ULTRACEMCO,adx_14,Technical,100.80861905888992
ULTRACEMCO,days_to_expiry,Indian Calendar,99.80140755396401
ULTRACEMCO,niftybank_ret_prev,Price / Return,99.73809787578446
ULTRACEMCO,niftybank_ret_5d,Price / Return,99.24152789704105
ULTRACEMCO,dxy_ret_20d,Global Macro,99.13556020018252
ULTRACEMCO,rel_strength_1d,Other,95.73060040521827
ULTRACEMCO,nifty50_ret_prev,Price / Return,95.23211603486438
ULTRACEMCO,niftybank_ret_20d,Price / Return,94.8492097865512
ULTRACEMCO,us_vix_level,Global Macro,94.55858344751299
ULTRACEMCO,sp500_ret_prev,Global Macro,94.24204838478587
ULTRACEMCO,nasdaq_ret_prev,Global Macro,93.88030345337677
ULTRACEMCO,nikkei_ret_5d,Global Macro,92.87345796917184
ULTRACEMCO,sp500_ret_5d,Global Macro,88.14935763031312
ULTRACEMCO,us_vix_regime,Global Macro,86.79844675842082
ULTRACEMCO,garch_surprise,Other,86.00261227767068
ULTRACEMCO,nasdaq_ret_5d,Global Macro,84.36768707421476
ULTRACEMCO,nifty50_ret_20d,Price / Return,84.28108303974234
ULTRACEMCO,nifty50_ret_5d,Price / Return,84.05193562314898
ULTRACEMCO,sp500_ret_20d,Global Macro,80.97095432466094
ULTRACEMCO,us_vix_zscore,Global Macro,78.45596272706898
ULTRACEMCO,alpha_vs_niftybank_1d,Other,76.30802802125191
ULTRACEMCO,mon_sin,Other,70.10842640963796
ULTRACEMCO,days_to_rbi,Indian Calendar,68.63078748848412
ULTRACEMCO,pos_hi_52,Other,55.12919591115314
ULTRACEMCO,is_expiry_week,Indian Calendar,54.01923160514558
ULTRACEMCO,days_to_earnings,Other,48.94856027522705
ULTRACEMCO,garch_vol_regime,Volume,40.436283365313834
ULTRACEMCO,is_result_season,Indian Calendar,34.558280782331245
ULTRACEMCO,us_vix_spike,Global Macro,33.3325635645961
ULTRACEMCO,is_rbi_week,Indian Calendar,24.406050210844654
ULTRACEMCO,is_expiry_day,Indian Calendar,16.261768545342154
ULTRACEMCO,pre_results_drift,Other,15.957695458122469
ULTRACEMCO,is_results_week,Other,11.86439561630549
ULTRACEMCO,is_budget_week,Indian Calendar,8.454461572093916
ULTRACEMCO,post_results_day,Other,1.5844272422645654e-20
VEDL,sp500_ret_prev,Global Macro,8.640751006233979
VEDL,nifty50_ret_prev,Price / Return,8.327231969262483
VEDL,obv_ratio,Technical,7.525112154354442
VEDL,nikkei_ret_prev,Global Macro,7.5156776371175305
VEDL,sp500_ret_20d,Global Macro,7.38446098331218
VEDL,earnings_proximity,Other,7.2208699046854585
VEDL,dxy_ret_prev,Global Macro,6.830457407731648
VEDL,crude_ret_prev,Global Macro,6.738277033709516
VEDL,dist_hi_252,Other,6.6952050698763825
VEDL,hist_vol_5,Volume,6.626206950436024
VEDL,sp500_ret_5d,Global Macro,6.532020442308901
VEDL,niftybank_ret_5d,Price / Return,6.518141308450517
VEDL,nikkei_ret_5d,Global Macro,6.504525481472883
VEDL,crude_ret_20d,Global Macro,6.402764579343459
VEDL,parkinson_20,Other,6.291345247072399
VEDL,bb_width_50,Technical,6.224370584311475
VEDL,bb_width_10,Technical,6.133165887287693
VEDL,nifty50_ret_20d,Price / Return,6.106084102892275
VEDL,kurt_10,Statistical,6.079407431035984
VEDL,adx_21,Technical,5.988254701696565
VEDL,dist_hi_52,Other,5.920400760022434
VEDL,bb_width_20,Technical,5.883523366265879
VEDL,atr_ratio_7,Technical,5.809055771488404
VEDL,cross_ratio,Other,5.80826695561089
VEDL,days_to_expiry,Indian Calendar,5.662037049991637
VEDL,sector_vol_10d,Volume,5.650083911140648
VEDL,atr_ratio_14,Technical,5.629802416886088
VEDL,nifty50_ret_5d,Price / Return,5.571112946557665
VEDL,sector_mom_20d,Other,5.557398517509392
VEDL,sector_corr_30d,Other,5.544270807313465
VEDL,vol_ratio_10,Volume,5.396378880967749
VEDL,di_diff_14,Other,5.260858815261652
VEDL,dxy_ret_5d,Global Macro,5.171887535003207
VEDL,dxy_ret_20d,Global Macro,5.0893903466022445
VEDL,us_vix_level,Global Macro,5.016624151615661
VEDL,sector_corr_60d,Other,5.010670040234139
VEDL,hist_vol_50,Volume,4.845808462994194
VEDL,rsi_14,Technical,4.807074310430412
VEDL,price_ema_50,Technical,4.6075833568954465
VEDL,hl_range,Other,4.532455704968783
VEDL,bb_pos_50,Technical,4.222690722546248
VEDL,dist_lo_126,Other,4.178466112412742
VEDL,us_vix_zscore,Global Macro,3.9915098027145963
VEDL,days_to_earnings,Other,3.390588385787851
VEDL,mon_cos,Other,3.2833196510548754
VEDL,is_expiry_week,Indian Calendar,3.0365891064963915
VEDL,days_to_rbi,Indian Calendar,2.2391823457272664
VEDL,us_vix_spike,Global Macro,1.7093796900308504
VEDL,pre_results_drift,Other,0.7442735541945249
VEDL,post_results_day,Other,0.0
VOLTAS,crude_ret_prev,Global Macro,33.63245657213564
VOLTAS,bb_width_10,Technical,28.620802815936223
VOLTAS,crude_ret_5d,Global Macro,28.555673116073336
VOLTAS,nikkei_ret_prev,Global Macro,27.956859832901763
VOLTAS,crude_ret_20d,Global Macro,27.691020906549376
VOLTAS,days_to_expiry,Indian Calendar,23.48757744782334
VOLTAS,earnings_proximity,Other,23.47728078929638
VOLTAS,minus_di_14,Other,23.00445218985932
VOLTAS,niftybank_ret_5d,Price / Return,22.546216646769505
VOLTAS,us_vix_level,Global Macro,21.48459417696989
VOLTAS,dxy_ret_prev,Global Macro,21.133922229703778
VOLTAS,sp500_ret_20d,Global Macro,20.910534254462874
VOLTAS,hist_vol_50,Volume,20.670628741319486
VOLTAS,parkinson_20,Other,20.571605173758368
VOLTAS,nikkei_ret_5d,Global Macro,20.157889539385522
VOLTAS,niftybank_ret_prev,Price / Return,19.964638950464398
VOLTAS,days_to_budget,Indian Calendar,19.60995903452516
VOLTAS,us_vix_zscore,Global Macro,19.06003285540038
VOLTAS,sector_corr_30d,Other,18.59592973955553
VOLTAS,us_vix_ret_1d,Global Macro,18.568549443741
VOLTAS,sector_corr_60d,Other,18.317781556092488
VOLTAS,nifty50_ret_prev,Price / Return,18.11804931901207
VOLTAS,sector_avg_ret,Other,18.114226954430283
VOLTAS,niftybank_ret_20d,Price / Return,17.79572216933126
VOLTAS,sp500_ret_5d,Global Macro,17.263607131768122
VOLTAS,nifty50_ret_5d,Price / Return,17.26095074930373
VOLTAS,dxy_ret_5d,Global Macro,16.998508569550552
VOLTAS,dxy_ret_20d,Global Macro,16.918604537789133
VOLTAS,nasdaq_ret_5d,Global Macro,16.742525774046882
VOLTAS,rel_strength_1d,Other,16.637315688673525
VOLTAS,us_vix_regime,Global Macro,16.3579649929466
VOLTAS,garch_vol,Other,15.964998463699917
VOLTAS,nifty50_ret_20d,Price / Return,15.914360517690675
VOLTAS,nasdaq_ret_prev,Global Macro,15.665004931367077
VOLTAS,days_to_rbi,Indian Calendar,14.698931972420773
VOLTAS,sp500_ret_prev,Global Macro,14.38849603192421
VOLTAS,is_expiry_week,Indian Calendar,12.734491232340744
VOLTAS,garch_surprise,Other,12.72908012848572
VOLTAS,bb_pos_10,Technical,12.561597085934583
VOLTAS,days_to_earnings,Other,12.30770662966851
VOLTAS,alpha_vs_niftybank_1d,Other,9.329003141435557
VOLTAS,is_result_season,Indian Calendar,7.108166398929836
VOLTAS,garch_vol_regime,Volume,6.553731169016218
VOLTAS,us_vix_spike,Global Macro,6.437548824047359
VOLTAS,is_rbi_week,Indian Calendar,4.717756046043627
VOLTAS,is_expiry_day,Indian Calendar,4.451278251294371
VOLTAS,pre_results_drift,Other,2.640925525449069
VOLTAS,is_budget_week,Indian Calendar,2.448372896618806
VOLTAS,is_results_week,Other,2.1671687272321956
VOLTAS,post_results_day,Other,4.5391905151361135e-21
WIPRO,usdinr_ret_1d,Global Macro,14.349408427181435
WIPRO,earnings_proximity,Other,13.968293183833739
WIPRO,usdinr_ret_5d,Global Macro,13.190120043325274
WIPRO,sector_corr_30d,Other,12.894982047421461
WIPRO,skew_50,Statistical,12.710598981818071
WIPRO,us_vix_level,Global Macro,11.62475862274175
WIPRO,nikkei_ret_prev,Global Macro,10.989423015444677
WIPRO,kurt_10,Statistical,10.941428676739383
WIPRO,usdinr_ret_20d,Global Macro,10.562427808595274
WIPRO,dxy_ret_prev,Global Macro,10.463650126951045
WIPRO,alpha_vs_usdinr_1d,Global Macro,9.97088314673403
WIPRO,sector_mom_20d,Other,9.628448627915155
WIPRO,dxy_ret_5d,Global Macro,9.269496689930786
WIPRO,nifty50_ret_prev,Price / Return,9.217939288130921
WIPRO,sp500_ret_5d,Global Macro,8.769602944659491
WIPRO,trend_cons,Regime,8.517121838047407
WIPRO,nasdaq_ret_prev,Global Macro,8.308601868035305
WIPRO,hist_vol_10,Volume,8.00463561671044
WIPRO,sp500_ret_prev,Global Macro,7.942129593753384
WIPRO,nasdaq_ret_5d,Global Macro,7.683003763050741
WIPRO,usdinr_ma20_ratio,Global Macro,7.5976379679298685
WIPRO,garch_vol,Other,7.51762509682874
WIPRO,macd_hist_pct_12_26,Technical,7.505820140495943
WIPRO,crude_ret_prev,Global Macro,7.495310889512144
WIPRO,price_ema_5,Technical,7.401064951204319
WIPRO,macd_hist_pct_5_35,Technical,7.2280750740710085
WIPRO,price_sma_200,Technical,7.098788722292806
WIPRO,nifty50_ret_5d,Price / Return,7.084611055913319
WIPRO,us_vix_zscore,Global Macro,6.693791082682112
WIPRO,week_of_year_sin,Other,6.682761587179414
WIPRO,gk_vol_10,Volume,6.653290947326457
WIPRO,atr_ratio_7,Technical,6.462474037136287
WIPRO,ret_10d,Price / Return,6.342991305805178
WIPRO,dist_lo_126,Other,6.088152914397801
WIPRO,alpha_vs_usdinr_5d,Global Macro,6.011146888985667
WIPRO,macd_signal_pct_12_26,Technical,5.823112841592428
WIPRO,days_to_earnings,Other,5.709844276317165
WIPRO,dist_lo_252,Other,5.656639304541047
WIPRO,atr_ratio_14,Technical,5.570476668787549
WIPRO,dist_lo_20,Other,5.332040148144791
WIPRO,usdinr_rsi_14,Global Macro,5.289174558670917
WIPRO,dxy_ret_20d,Global Macro,5.263087533102919
WIPRO,roc_50,Other,4.972124874196885
WIPRO,zscore_10,Statistical,4.309548765640085
WIPRO,price_ema_50,Technical,3.986768537333704
WIPRO,bb_pos_50,Technical,3.585175064186337
WIPRO,pos_hi_52,Other,3.268023882870101
WIPRO,us_vix_spike,Global Macro,2.3512183142304286
WIPRO,pre_results_drift,Other,1.4808287009727896
WIPRO,post_results_day,Other,2.2051897863259074e-32
