symbol,window_id,train_ratio,train_size,val_size,test_size,test_start,test_end,oos_accuracy,auc,f1,precision,recall,tp,fp,tn,fn,lgbm_acc,xgb_acc,lstm_acc,bilstm_acc,gru_acc,cnn_lstm_acc,cnn_gru_acc,tcn_gru_acc,tcn_transformer_acc,nbeats_acc,dir_acc_up,dir_acc_down,pct_neutral,pct_up,pct_down,temperature,dl_models_trained
HDFCBANK,1,0.7,683,75,109,2024-03-07,2024-11-07,0.48623853211009177,0.5420138888888889,0.5,0.5833333333333334,0.4375,28,20,25,36,0.5321100917431193,0.48623853211009177,0.0,0.0,0.0,0.0,0.0,0.0,0.0,0.0,0.5833333333333334,0.4098360655737705,0.0,0.44036697247706424,0.5596330275229358,0.7491750698078475,0
HDFCBANK,2,0.75,732,81,108,2024-07-18,2025-03-11,0.4351851851851852,0.39869281045751637,0.49586776859504134,0.46875,0.5263157894736842,30,34,17,27,0.46296296296296297,0.5092592592592593,0.0,0.0,0.0,0.0,0.0,0.0,0.0,0.0,0.46875,0.38636363636363635,0.0,0.5925925925925926,0.4074074074074074,0.5244042786802242,0
HDFCBANK,3,0.8,781,86,108,2024-11-08,2025-07-17,0.4166666666666667,0.47465277777777776,0.35051546391752575,0.4594594594594595,0.2833333333333333,17,20,28,43,0.5185185185185185,0.42592592592592593,0.0,0.0,0.0,0.0,0.0,0.0,0.0,0.0,0.4594594594594595,0.3943661971830986,0.0,0.3425925925925926,0.6574074074074074,1.0,0
HDFCBANK,4,0.85,829,92,108,2025-03-18,2025-12-12,0.6111111111111112,0.6223702664796634,0.676923076923077,0.6470588235294118,0.7096774193548387,44,24,22,18,0.6018518518518519,0.6296296296296297,0.0,0.0,0.0,0.0,0.0,0.0,0.0,0.0,0.6470588235294118,0.55,0.0,0.6296296296296297,0.37037037037037035,0.6748129634404282,0
HDFCBANK,5,0.9,878,97,109,2025-07-18,2026-04-15,0.4954128440366973,0.5355932203389832,0.5736434108527132,0.46835443037974683,0.74,37,42,17,13,0.5321100917431193,0.45871559633027525,0.0,0.0,0.0,0.0,0.0,0.0,0.0,0.0,0.46835443037974683,0.5666666666666667,0.0,0.7247706422018348,0.27522935779816515,0.3576130068919022,0
HDFCBANK,6,0.95,927,102,55,2025-12-16,2026-04-15,0.509090909090909,0.46005509641873277,0.5263157894736842,0.42857142857142855,0.6818181818181818,15,20,13,7,0.4909090909090909,0.4727272727272727,0.0,0.0,0.0,0.0,0.0,0.0,0.0,0.0,0.42857142857142855,0.65,0.0,0.6363636363636364,0.36363636363636365,0.29660401715465345,0
ICICIBANK,1,0.7,643,71,102,2024-02-16,2024-10-22,0.49019607843137253,0.503968253968254,0.6176470588235294,0.5526315789473685,0.7,42,34,8,18,0.49019607843137253,0.5490196078431373,0.0,0.0,0.0,0.0,0.0,0.0,0.0,0.0,0.5526315789473685,0.3076923076923077,0.0,0.7450980392156863,0.2549019607843137,0.13502348120265814,0
ICICIBANK,2,0.75,689,76,102,2024-07-01,2025-03-10,0.5294117647058824,0.4762088974854932,0.5862068965517241,0.5573770491803278,0.6181818181818182,34,27,20,21,0.45098039215686275,0.49019607843137253,0.0,0.0,0.0,0.0,0.0,0.0,0.0,0.0,0.5573770491803278,0.4878048780487805,0.0,0.5980392156862745,0.4019607843137255,0.3805536079427338,0
ICICIBANK,3,0.8,735,81,102,2024-10-25,2025-07-18,0.5980392156862745,0.5636574074074074,0.6771653543307087,0.589041095890411,0.7962962962962963,43,30,18,11,0.49019607843137253,0.5392156862745098,0.0,0.0,0.0,0.0,0.0,0.0,0.0,0.0,0.589041095890411,0.6206896551724138,0.0,0.7156862745098039,0.28431372549019607,0.23404850770085087,0
ICICIBANK,4,0.85,781,86,102,2025-03-12,2025-12-01,0.5,0.4823076923076924,0.6165413533834586,0.4939759036144578,0.82,41,42,10,9,0.46078431372549017,0.5,0.0,0.0,0.0,0.0,0.0,0.0,0.0,0.0,0.4939759036144578,0.5263157894736843,0.0,0.8137254901960784,0.18627450980392157,0.464244495188024,0
ICICIBANK,5,0.9,827,91,103,2025-07-21,2026-04-10,0.4077669902912621,0.42365835222978077,0.5547445255474452,0.4318181818181818,0.7755102040816326,38,50,4,11,0.4563106796116505,0.42718446601941745,0.0,0.0,0.0,0.0,0.0,0.0,0.0,0.0,0.4318181818181818,0.2666666666666667,0.0,0.8543689320388349,0.14563106796116504,0.8158840643628466,0
ICICIBANK,6,0.95,873,96,52,2025-12-02,2026-04-10,0.46153846153846156,0.434074074074074,0.6216216216216216,0.48936170212765956,0.8518518518518519,23,24,1,4,0.5192307692307693,0.5192307692307693,0.0,0.0,0.0,0.0,0.0,0.0,0.0,0.0,0.48936170212765956,0.19999999999999996,0.0,0.9038461538461539,0.09615384615384616,1.0,0
SBIN,1,0.7,723,80,115,2024-03-20,2024-11-08,0.5652173913043478,0.5377241805813234,0.6527777777777778,0.6025641025641025,0.7121212121212122,47,31,18,19,0.5304347826086957,0.5739130434782609,0.0,0.0,0.0,0.0,0.0,0.0,0.0,0.0,0.6025641025641025,0.4864864864864865,0.0,0.6782608695652174,0.3217391304347826,0.6340815465688528,0
SBIN,2,0.75,775,86,114,2024-07-16,2025-02-27,0.4649122807017544,0.5341191066997518,0.5793103448275863,0.45161290322580644,0.8076923076923077,42,51,11,10,0.45614035087719296,0.5175438596491229,0.0,0.0,0.0,0.0,0.0,0.0,0.0,0.0,0.45161290322580644,0.5238095238095238,0.0,0.8157894736842105,0.18421052631578946,0.4868550218633498,0
SBIN,3,0.8,827,91,115,2024-11-11,2025-07-14,0.5130434782608696,0.4727767695099818,0.6164383561643836,0.5056179775280899,0.7894736842105263,45,44,14,12,0.5304347826086957,0.46956521739130436,0.0,0.0,0.0,0.0,0.0,0.0,0.0,0.0,0.5056179775280899,0.5384615384615384,0.0,0.7739130434782608,0.22608695652173913,0.4624298469242412,0
SBIN,4,0.85,878,97,115,2025-02-28,2025-12-04,0.5130434782608696,0.5049474335188621,0.6455696202531646,0.5543478260869565,0.7727272727272727,51,41,8,15,0.5043478260869565,0.5739130434782609,0.0,0.0,0.0,0.0,0.0,0.0,0.0,0.0,0.5543478260869565,0.34782608695652173,0.0,0.8,0.2,1.0,0
SBIN,5,0.9,930,103,115,2025-07-15,2026-04-15,0.45217391304347826,0.3648732220160792,0.5882352941176471,0.5172413793103449,0.6818181818181818,45,42,7,21,0.5391304347826087,0.5739130434782609,0.0,0.0,0.0,0.0,0.0,0.0,0.0,0.0,0.5172413793103449,0.25,0.0,0.7565217391304347,0.24347826086956523,1.0,0
SBIN,6,0.95,981,109,58,2025-12-05,2026-04-15,0.5172413793103449,0.4338235294117647,0.6410256410256411,0.5681818181818182,0.7352941176470589,25,19,5,9,0.5517241379310345,0.46551724137931033,0.0,0.0,0.0,0.0,0.0,0.0,0.0,0.0,0.5681818181818182,0.3571428571428571,0.0,0.7586206896551724,0.2413793103448276,0.3100261569888301,0
AXISBANK,1,0.7,700,77,111,2024-03-05,2024-11-04,0.44144144144144143,0.4404684450227716,0.581081081081081,0.4777777777777778,0.7413793103448276,43,47,6,15,0.5045045045045045,0.43243243243243246,0.0,0.0,0.0,0.0,0.0,0.0,0.0,0.0,0.4777777777777778,0.2857142857142857,0.0,0.8108108108108109,0.1891891891891892,0.49631538021176846,0
AXISBANK,2,0.75,749,83,111,2024-07-12,2025-03-20,0.4594594594594595,0.4315339038841344,0.5714285714285714,0.43956043956043955,0.8163265306122449,40,51,11,9,0.5045045045045045,0.4144144144144144,0.0,0.0,0.0,0.0,0.0,0.0,0.0,0.0,0.43956043956043955,0.55,0.0,0.8198198198198198,0.18018018018018017,1.0,0
AXISBANK,3,0.8,800,88,111,2024-11-05,2025-07-30,0.4774774774774775,0.5063164893617021,0.5671641791044776,0.4367816091954023,0.8085106382978723,38,49,15,9,0.4864864864864865,0.42342342342342343,0.0,0.0,0.0,0.0,0.0,0.0,0.0,0.0,0.4367816091954023,0.625,0.0,0.7837837837837838,0.21621621621621623,1.0,0
AXISBANK,4,0.85,849,94,111,2025-03-21,2025-12-03,0.5225225225225225,0.5253411306042886,0.6490066225165563,0.5212765957446809,0.8596491228070176,49,45,9,8,0.5495495495495496,0.5135135135135135,0.0,0.0,0.0,0.0,0.0,0.0,0.0,0.0,0.5212765957446809,0.5294117647058824,0.0,0.8468468468468469,0.15315315315315314,1.0,0
AXISBANK,5,0.9,900,99,111,2025-07-31,2026-04-09,0.5585585585585585,0.5806766428106701,0.608,0.5671641791044776,0.6551724137931034,38,29,24,20,0.4954954954954955,0.5315315315315315,0.0,0.0,0.0,0.0,0.0,0.0,0.0,0.0,0.5671641791044776,0.5454545454545454,0.0,0.6036036036036037,0.3963963963963964,1.0,0
AXISBANK,6,0.95,949,105,56,2025-12-05,2026-04-09,0.4642857142857143,0.46923076923076923,0.4,0.4166666666666667,0.38461538461538464,10,14,16,16,0.5178571428571429,0.5357142857142857,0.0,0.0,0.0,0.0,0.0,0.0,0.0,0.0,0.4166666666666667,0.5,0.0,0.42857142857142855,0.5714285714285714,1.76031826650916,0
INDUSINDBK,1,0.7,734,81,117,2024-03-14,2024-12-12,0.4700854700854701,0.4559082892416226,0.6219512195121951,0.4636363636363636,0.9444444444444444,51,59,4,3,0.5128205128205128,0.46153846153846156,0.0,0.0,0.0,0.0,0.0,0.0,0.0,0.0,0.4636363636363636,0.5714285714285714,0.0,0.9401709401709402,0.05982905982905983,1.0,0
INDUSINDBK,2,0.75,786,87,117,2024-08-06,2025-04-07,0.46153846153846156,0.4738304093567251,0.6037735849056604,0.47058823529411764,0.8421052631578947,48,54,6,9,0.4700854700854701,0.48717948717948717,0.0,0.0,0.0,0.0,0.0,0.0,0.0,0.0,0.47058823529411764,0.4,0.0,0.8717948717948718,0.1282051282051282,1.0,0
INDUSINDBK,3,0.8,839,93,116,2024-12-13,2025-07-31,0.5517241379310345,0.5439068100358423,0.6438356164383562,0.5595238095238095,0.7580645161290323,47,37,17,15,0.5,0.5603448275862069,0.0,0.0,0.0,0.0,0.0,0.0,0.0,0.0,0.5595238095238095,0.53125,0.0,0.7241379310344828,0.27586206896551724,1.0,0
INDUSINDBK,4,0.85,891,99,116,2025-04-09,2025-11-25,0.46551724137931033,0.4112399643175736,0.5571428571428572,0.48148148148148145,0.6610169491525424,39,42,15,20,0.43103448275862066,0.45689655172413796,0.0,0.0,0.0,0.0,0.0,0.0,0.0,0.0,0.48148148148148145,0.4285714285714286,0.0,0.6982758620689655,0.3017241379310345,0.6282560613530114,0
INDUSINDBK,5,0.9,944,104,117,2025-08-01,2026-04-10,0.49572649572649574,0.48188194038573934,0.549618320610687,0.4931506849315068,0.6206896551724138,36,37,22,22,0.5299145299145299,0.47863247863247865,0.0,0.0,0.0,0.0,0.0,0.0,0.0,0.0,0.4931506849315068,0.5,0.0,0.6239316239316239,0.37606837606837606,0.835526625357064,0
INDUSINDBK,6,0.95,996,110,59,2025-11-26,2026-04-10,0.4745762711864407,0.4919354838709678,0.5373134328358209,0.5,0.5806451612903226,18,18,10,13,0.5254237288135594,0.5254237288135594,0.0,0.0,0.0,0.0,0.0,0.0,0.0,0.0,0.5,0.4347826086956522,0.0,0.6101694915254238,0.3898305084745763,0.4296044264190208,0
KOTAKBANK,1,0.7,672,74,106,2024-03-04,2024-11-11,0.5094339622641509,0.5882563551736484,0.38095238095238093,0.5925925925925926,0.2807017543859649,16,11,38,41,0.6037735849056604,0.46226415094339623,0.0,0.0,0.0,0.0,0.0,0.0,0.0,0.0,0.5925925925925926,0.4810126582278481,0.0,0.25471698113207547,0.7452830188679245,0.43561324164581194,0
KOTAKBANK,2,0.75,720,79,107,2024-07-12,2025-03-18,0.5420560747663551,0.5875350140056023,0.4731182795698925,0.5945945945945946,0.39285714285714285,22,15,36,34,0.5607476635514018,0.5046728971962616,0.0,0.0,0.0,0.0,0.0,0.0,0.0,0.0,0.5945945945945946,0.5142857142857142,0.0,0.34579439252336447,0.6542056074766355,0.4301499676465992,0
KOTAKBANK,3,0.8,767,85,107,2024-11-12,2025-07-18,0.5514018691588785,0.5927871148459384,0.5384615384615384,0.5833333333333334,0.5,28,20,31,28,0.5887850467289719,0.5233644859813084,0.0,0.0,0.0,0.0,0.0,0.0,0.0,0.0,0.5833333333333334,0.5254237288135593,0.0,0.4485981308411215,0.5514018691588785,0.4071711806408274,0
KOTAKBANK,4,0.85,816,90,106,2025-03-19,2025-11-24,0.5943396226415094,0.5724637681159421,0.5825242718446602,0.5263157894736842,0.6521739130434783,30,27,33,16,0.5,0.5471698113207547,0.0,0.0,0.0,0.0,0.0,0.0,0.0,0.0,0.5263157894736842,0.6734693877551021,0.0,0.5377358490566038,0.46226415094339623,0.19069769859720914,0
KOTAKBANK,5,0.9,864,95,107,2025-07-22,2026-04-10,0.514018691588785,0.5295815295815296,0.5357142857142857,0.4411764705882353,0.6818181818181818,30,38,25,14,0.5700934579439252,0.4953271028037383,0.0,0.0,0.0,0.0,0.0,0.0,0.0,0.0,0.4411764705882353,0.641025641025641,0.0,0.6355140186915887,0.3644859813084112,0.6003003114557669,0
KOTAKBANK,6,0.95,911,101,54,2025-11-25,2026-04-10,0.6296296296296297,0.6269284712482468,0.6296296296296297,0.5483870967741935,0.7391304347826086,17,14,17,6,0.5925925925925926,0.6111111111111112,0.0,0.0,0.0,0.0,0.0,0.0,0.0,0.0,0.5483870967741935,0.7391304347826086,0.0,0.5740740740740741,0.42592592592592593,0.7359268887056724,0
BANDHANBNK,1,0.7,768,85,122,2024-05-08,2024-11-28,0.5163934426229508,0.4640151515151515,0.3917525773195876,0.4634146341463415,0.3392857142857143,19,22,44,37,0.5491803278688525,0.5573770491803278,0.0,0.0,0.0,0.0,0.0,0.0,0.0,0.0,0.4634146341463415,0.5432098765432098,0.0,0.3360655737704918,0.6639344262295082,0.4608753796674743,0
BANDHANBNK,2,0.75,823,91,122,2024-08-22,2025-03-28,0.5163934426229508,0.5041666666666667,0.40404040404040403,0.40816326530612246,0.4,20,29,43,30,0.6147540983606558,0.4918032786885246,0.0,0.0,0.0,0.0,0.0,0.0,0.0,0.0,0.40816326530612246,0.589041095890411,0.0,0.4016393442622951,0.5983606557377049,0.1550803941428089,0
BANDHANBNK,3,0.8,878,97,122,2024-12-02,2025-07-28,0.48360655737704916,0.45670995670995673,0.5116279069767442,0.4520547945205479,0.5892857142857143,33,40,26,23,0.47540983606557374,0.4672131147540984,0.0,0.0,0.0,0.0,0.0,0.0,0.0,0.0,0.4520547945205479,0.5306122448979591,0.0,0.5983606557377049,0.4016393442622951,0.6556749161558815,0
BANDHANBNK,4,0.85,933,103,122,2025-04-02,2025-11-26,0.45081967213114754,0.4610336341263331,0.45528455284552843,0.4,0.5283018867924528,28,42,27,25,0.4672131147540984,0.45901639344262296,0.0,0.0,0.0,0.0,0.0,0.0,0.0,0.0,0.4,0.5192307692307692,0.0,0.5737704918032787,0.4262295081967213,0.8076812932559873,0
BANDHANBNK,5,0.9,988,109,122,2025-07-29,2026-04-10,0.48360655737704916,0.46051560379918594,0.3368421052631579,0.4,0.2909090909090909,16,24,43,39,0.5245901639344263,0.5163934426229508,0.0,0.0,0.0,0.0,0.0,0.0,0.0,0.0,0.4,0.524390243902439,0.0,0.32786885245901637,0.6721311475409836,1.9664960499462918,0
BANDHANBNK,6,0.95,1043,115,61,2025-11-27,2026-04-10,0.4262295081967213,0.4806451612903226,0.2222222222222222,0.35714285714285715,0.16129032258064516,5,9,21,26,0.4426229508196721,0.4918032786885246,0.0,0.0,0.0,0.0,0.0,0.0,0.0,0.0,0.35714285714285715,0.44680851063829785,0.0,0.22950819672131148,0.7704918032786885,1.0,0
IDFCFIRSTB,1,0.7,739,82,117,2024-04-03,2024-12-10,0.48717948717948717,0.49414519906323184,0.4,0.45454545454545453,0.35714285714285715,20,24,37,36,0.5042735042735043,0.5213675213675214,0.0,0.0,0.0,0.0,0.0,0.0,0.0,0.0,0.45454545454545453,0.5068493150684932,0.0,0.37606837606837606,0.6239316239316239,0.5586977943667993,0
IDFCFIRSTB,2,0.75,792,87,118,2024-08-23,2025-03-28,0.4745762711864407,0.4758064516129032,0.40384615384615385,0.4375,0.375,21,27,35,35,0.5169491525423728,0.5,0.0,0.0,0.0,0.0,0.0,0.0,0.0,0.0,0.4375,0.5,0.0,0.4067796610169492,0.5932203389830508,1.0,0
IDFCFIRSTB,3,0.8,845,93,117,2024-12-11,2025-07-31,0.5384615384615384,0.5061728395061729,0.4,0.5,0.3333333333333333,18,18,45,36,0.5811965811965812,0.48717948717948717,0.0,0.0,0.0,0.0,0.0,0.0,0.0,0.0,0.5,0.5555555555555556,0.0,0.3076923076923077,0.6923076923076923,0.6461010432909429,0
IDFCFIRSTB,4,0.85,898,99,117,2025-04-02,2025-12-04,0.4444444444444444,0.44840801886792453,0.3564356435643564,0.375,0.33962264150943394,18,30,34,35,0.5128205128205128,0.452991452991453,0.0,0.0,0.0,0.0,0.0,0.0,0.0,0.0,0.375,0.49275362318840576,0.0,0.41025641025641024,0.5897435897435898,1.0,0
IDFCFIRSTB,5,0.9,950,105,118,2025-08-01,2026-04-10,0.4576271186440678,0.5106566820276497,0.47540983606557374,0.4393939393939394,0.5178571428571429,29,37,25,27,0.4576271186440678,0.4915254237288136,0.0,0.0,0.0,0.0,0.0,0.0,0.0,0.0,0.4393939393939394,0.4807692307692307,0.0,0.559322033898305,0.4406779661016949,0.6840617312896512,0
IDFCFIRSTB,6,0.95,1003,111,59,2025-12-05,2026-04-10,0.4576271186440678,0.4781609195402299,0.4838709677419355,0.45454545454545453,0.5172413793103449,15,18,12,14,0.5423728813559322,0.4915254237288136,0.0,0.0,0.0,0.0,0.0,0.0,0.0,0.0,0.45454545454545453,0.46153846153846156,0.0,0.559322033898305,0.4406779661016949,0.5020628102075344,0
FEDERALBNK,1,0.7,704,78,112,2024-02-02,2024-10-18,0.48214285714285715,0.4573643410852713,0.5166666666666667,0.6078431372549019,0.4492753623188406,31,20,23,38,0.4375,0.45535714285714285,0.0,0.0,0.0,0.0,0.0,0.0,0.0,0.0,0.6078431372549019,0.3770491803278688,0.0,0.45535714285714285,0.5446428571428571,0.5751584389264276,0
FEDERALBNK,2,0.75,755,83,112,2024-06-13,2025-02-28,0.5357142857142857,0.5077419354838709,0.5737704918032787,0.5833333333333334,0.5645161290322581,35,25,25,27,0.4732142857142857,0.5535714285714286,0.0,0.0,0.0,0.0,0.0,0.0,0.0,0.0,0.5833333333333334,0.4807692307692307,0.0,0.5357142857142857,0.4642857142857143,0.2957605742896402,0
FEDERALBNK,3,0.8,805,89,112,2024-10-21,2025-07-10,0.5625,0.59162136232811,0.6141732283464567,0.527027027027027,0.7358490566037735,39,35,24,14,0.5625,0.5,0.0,0.0,0.0,0.0,0.0,0.0,0.0,0.0,0.527027027027027,0.631578947368421,0.0,0.6607142857142857,0.3392857142857143,0.11144800400503012,0
FEDERALBNK,4,0.85,855,95,112,2025-03-03,2025-12-01,0.5535714285714286,0.5198717948717948,0.6875,0.55,0.9166666666666666,55,45,7,5,0.44642857142857145,0.5357142857142857,0.0,0.0,0.0,0.0,0.0,0.0,0.0,0.0,0.55,0.5833333333333333,0.0,0.8928571428571429,0.10714285714285714,1.0,0
FEDERALBNK,5,0.9,906,100,112,2025-07-11,2026-04-10,0.49107142857142855,0.42558662809386044,0.632258064516129,0.5212765957446809,0.8032786885245902,49,45,6,12,0.4107142857142857,0.5446428571428571,0.0,0.0,0.0,0.0,0.0,0.0,0.0,0.0,0.5212765957446809,0.33333333333333337,0.0,0.8392857142857143,0.16071428571428573,1.0,0
FEDERALBNK,6,0.95,956,106,56,2025-12-05,2026-04-10,0.4107142857142857,0.43622448979591844,0.45901639344262296,0.42424242424242425,0.5,14,19,9,14,0.4642857142857143,0.5535714285714286,0.0,0.0,0.0,0.0,0.0,0.0,0.0,0.0,0.42424242424242425,0.3913043478260869,0.0,0.5892857142857143,0.4107142857142857,0.7005847451022554,0
BAJAJFINSV,1,0.7,684,76,109,2024-04-19,2024-12-10,0.5963302752293578,0.6223728813559322,0.6071428571428571,0.6415094339622641,0.576271186440678,34,19,31,25,0.6055045871559633,0.45871559633027525,0.0,0.0,0.0,0.0,0.0,0.0,0.0,0.0,0.6415094339622641,0.5535714285714286,0.0,0.48623853211009177,0.5137614678899083,1.0,0
BAJAJFINSV,2,0.75,734,81,108,2024-08-23,2025-04-07,0.4444444444444444,0.49142661179698216,0.4339622641509434,0.4423076923076923,0.42592592592592593,23,29,25,31,0.5,0.5185185185185185,0.0,0.0,0.0,0.0,0.0,0.0,0.0,0.0,0.4423076923076923,0.4464285714285714,0.0,0.48148148148148145,0.5185185185185185,1.0,0
BAJAJFINSV,3,0.8,783,86,109,2024-12-11,2025-07-24,0.5137614678899083,0.5040404040404041,0.5691056910569106,0.5072463768115942,0.6481481481481481,35,34,21,19,0.5412844036697247,0.48623853211009177,0.0,0.0,0.0,0.0,0.0,0.0,0.0,0.0,0.5072463768115942,0.525,0.0,0.6330275229357798,0.3669724770642202,0.30611504093630415,0
BAJAJFINSV,4,0.85,831,92,109,2025-04-09,2025-11-27,0.5229357798165137,0.51010101010101,0.6176470588235294,0.5185185185185185,0.7636363636363637,42,39,15,13,0.45871559633027525,0.5137614678899083,0.0,0.0,0.0,0.0,0.0,0.0,0.0,0.0,0.5185185185185185,0.5357142857142857,0.0,0.7431192660550459,0.25688073394495414,1.0,0
BAJAJFINSV,5,0.9,881,97,109,2025-07-25,2026-04-10,0.44954128440366975,0.4433898305084746,0.47368421052631576,0.421875,0.54,27,37,22,23,0.5412844036697247,0.4954128440366973,0.0,0.0,0.0,0.0,0.0,0.0,0.0,0.0,0.421875,0.48888888888888893,0.0,0.5871559633027523,0.41284403669724773,1.0,0
BAJAJFINSV,6,0.95,929,103,55,2025-12-01,2026-04-10,0.5454545454545454,0.6182065217391304,0.5901639344262295,0.47368421052631576,0.782608695652174,18,20,12,5,0.45454545454545453,0.4909090909090909,0.0,0.0,0.0,0.0,0.0,0.0,0.0,0.0,0.47368421052631576,0.7058823529411764,0.0,0.6909090909090909,0.3090909090909091,1.0,0
BAJFINANCE,1,0.7,691,76,110,2024-05-07,2024-12-31,0.5181818181818182,0.5283018867924528,0.5391304347826087,0.5344827586206896,0.543859649122807,31,27,26,26,0.509090909090909,0.5272727272727272,0.0,0.0,0.0,0.0,0.0,0.0,0.0,0.0,0.5344827586206896,0.5,0.0,0.5272727272727272,0.4727272727272727,1.0,0
BAJFINANCE,2,0.75,740,82,110,2024-09-04,2025-05-05,0.5727272727272728,0.5930578512396694,0.584070796460177,0.5689655172413793,0.6,33,25,30,22,0.5636363636363636,0.5363636363636364,0.0,0.0,0.0,0.0,0.0,0.0,0.0,0.0,0.5689655172413793,0.5769230769230769,0.0,0.5272727272727272,0.4727272727272727,0.42938138328333597,0
BAJFINANCE,3,0.8,790,87,110,2025-01-01,2025-08-12,0.5181818181818182,0.4775132275132275,0.5691056910569106,0.5223880597014925,0.625,35,32,22,21,0.4818181818181818,0.4636363636363636,0.0,0.0,0.0,0.0,0.0,0.0,0.0,0.0,0.5223880597014925,0.5116279069767442,0.0,0.6090909090909091,0.39090909090909093,0.5090551752584688,0
BAJFINANCE,4,0.85,839,93,110,2025-05-06,2025-11-26,0.5181818181818182,0.5258620689655172,0.5619834710743802,0.5396825396825397,0.5862068965517241,34,29,23,24,0.5636363636363636,0.509090909090909,0.0,0.0,0.0,0.0,0.0,0.0,0.0,0.0,0.5396825396825397,0.4893617021276596,0.0,0.5727272727272728,0.42727272727272725,0.40788497897453496,0
BAJFINANCE,5,0.9,889,98,110,2025-08-14,2026-04-10,0.5,0.5241402116402116,0.5217391304347826,0.4918032786885246,0.5555555555555556,30,31,25,24,0.5636363636363636,0.5363636363636364,0.0,0.0,0.0,0.0,0.0,0.0,0.0,0.0,0.4918032786885246,0.5102040816326531,0.0,0.5545454545454546,0.44545454545454544,0.3019511845492257,0
BAJFINANCE,6,0.95,938,104,55,2025-12-01,2026-04-10,0.38181818181818183,0.48179271708683474,0.41379310344827586,0.32432432432432434,0.5714285714285714,12,25,9,9,0.4727272727272727,0.4909090909090909,0.0,0.0,0.0,0.0,0.0,0.0,0.0,0.0,0.32432432432432434,0.5,0.0,0.6727272727272727,0.32727272727272727,0.19187756328279842,0
AUBANK,1,0.7,741,82,117,2024-05-07,2024-12-31,0.4444444444444444,0.38653733098177545,0.453781512605042,0.4153846153846154,0.5,27,38,25,27,0.39316239316239315,0.4700854700854701,0.0,0.0,0.0,0.0,0.0,0.0,0.0,0.0,0.4153846153846154,0.4807692307692307,0.0,0.5555555555555556,0.4444444444444444,0.6793425642289719,0
AUBANK,2,0.75,794,88,117,2024-09-13,2025-04-24,0.5128205128205128,0.4819526627218935,0.5128205128205128,0.46153846153846156,0.5769230769230769,30,35,30,22,0.452991452991453,0.48717948717948717,0.0,0.0,0.0,0.0,0.0,0.0,0.0,0.0,0.46153846153846156,0.5769230769230769,0.0,0.5555555555555556,0.4444444444444444,0.6676237849382749,0
AUBANK,3,0.8,846,94,118,2025-01-01,2025-08-11,0.5254237288135594,0.5494252873563218,0.5172413793103449,0.5172413793103449,0.5172413793103449,30,28,32,28,0.5338983050847458,0.5338983050847458,0.0,0.0,0.0,0.0,0.0,0.0,0.0,0.0,0.5172413793103449,0.5333333333333333,0.0,0.4915254237288136,0.5084745762711864,1.0,0
AUBANK,4,0.85,900,99,118,2025-04-25,2025-12-08,0.4830508474576271,0.4718614718614718,0.5413533834586466,0.5142857142857142,0.5714285714285714,36,34,21,27,0.5254237288135594,0.4576271186440678,0.0,0.0,0.0,0.0,0.0,0.0,0.0,0.0,0.5142857142857142,0.4375,0.0,0.5932203389830508,0.4067796610169492,0.10000660285425449,0
AUBANK,5,0.9,953,105,118,2025-08-12,2026-04-09,0.5254237288135594,0.5477633477633478,0.4909090909090909,0.574468085106383,0.42857142857142855,27,20,35,36,0.5677966101694916,0.5508474576271186,0.0,0.0,0.0,0.0,0.0,0.0,0.0,0.0,0.574468085106383,0.49295774647887325,0.0,0.3983050847457627,0.6016949152542372,0.427435683747242,0
AUBANK,6,0.95,1006,111,59,2025-12-09,2026-04-09,0.6101694915254238,0.6543778801843319,0.4888888888888889,0.6470588235294118,0.39285714285714285,11,6,25,17,0.559322033898305,0.5254237288135594,0.0,0.0,0.0,0.0,0.0,0.0,0.0,0.0,0.6470588235294118,0.5952380952380952,0.0,0.288135593220339,0.711864406779661,1.0,0
HDFCLIFE,1,0.7,685,76,109,2024-04-15,2024-12-03,0.46788990825688076,0.5006761325219743,0.5,0.5,0.5,29,29,22,29,0.5321100917431193,0.48623853211009177,0.0,0.0,0.0,0.0,0.0,0.0,0.0,0.0,0.5,0.43137254901960786,0.0,0.5321100917431193,0.46788990825688076,0.1984094735246451,0
HDFCLIFE,2,0.75,735,81,108,2024-08-20,2025-04-02,0.5,0.45965517241379317,0.5178571428571429,0.46774193548387094,0.58,29,33,25,21,0.39814814814814814,0.48148148148148145,0.0,0.0,0.0,0.0,0.0,0.0,0.0,0.0,0.46774193548387094,0.5434782608695652,0.0,0.5740740740740741,0.42592592592592593,0.34611857560434744,0
HDFCLIFE,3,0.8,783,87,109,2024-12-04,2025-08-05,0.4954128440366973,0.4773495605138607,0.45544554455445546,0.46,0.45098039215686275,23,27,31,28,0.5412844036697247,0.5137614678899083,0.0,0.0,0.0,0.0,0.0,0.0,0.0,0.0,0.46,0.5254237288135593,0.0,0.45871559633027525,0.5412844036697247,1.0,0
HDFCLIFE,4,0.85,832,92,109,2025-04-03,2025-12-05,0.44036697247706424,0.3715254237288136,0.47863247863247865,0.417910447761194,0.56,28,39,20,22,0.4036697247706422,0.48623853211009177,0.0,0.0,0.0,0.0,0.0,0.0,0.0,0.0,0.417910447761194,0.47619047619047616,0.0,0.6146788990825688,0.3853211009174312,0.7148670997893066,0
HDFCLIFE,5,0.9,882,97,109,2025-08-06,2026-04-10,0.48623853211009177,0.49068322981366463,0.5409836065573771,0.4342105263157895,0.717391304347826,33,43,20,13,0.45871559633027525,0.44036697247706424,0.0,0.0,0.0,0.0,0.0,0.0,0.0,0.0,0.4342105263157895,0.6060606060606061,0.0,0.6972477064220184,0.30275229357798167,1.0,0
HDFCLIFE,6,0.95,930,103,55,2025-12-09,2026-04-10,0.43636363636363634,0.5685714285714285,0.5373134328358209,0.3829787234042553,0.9,18,29,6,2,0.43636363636363634,0.41818181818181815,0.0,0.0,0.0,0.0,0.0,0.0,0.0,0.0,0.3829787234042553,0.75,0.0,0.8545454545454545,0.14545454545454545,2.450217664871902,0
SBILIFE,1,0.7,662,73,105,2024-04-10,2024-11-28,0.580952380952381,0.5639619883040935,0.6333333333333333,0.6031746031746031,0.6666666666666666,38,25,23,19,0.6,0.5428571428571428,0.0,0.0,0.0,0.0,0.0,0.0,0.0,0.0,0.6031746031746031,0.5476190476190477,0.0,0.6,0.4,1.0,0
SBILIFE,2,0.75,709,78,105,2024-08-02,2025-03-19,0.5142857142857142,0.5483636363636363,0.5785123966942148,0.49295774647887325,0.7,35,36,19,15,0.4095238095238095,0.5333333333333333,0.0,0.0,0.0,0.0,0.0,0.0,0.0,0.0,0.49295774647887325,0.5588235294117647,0.0,0.6761904761904762,0.3238095238095238,0.3054913803969995,0
SBILIFE,3,0.8,756,84,105,2024-12-02,2025-07-23,0.5333333333333333,0.5319303338171263,0.6201550387596899,0.5194805194805194,0.7692307692307693,40,37,16,12,0.5619047619047619,0.5428571428571428,0.0,0.0,0.0,0.0,0.0,0.0,0.0,0.0,0.5194805194805194,0.5714285714285714,0.0,0.7333333333333333,0.26666666666666666,0.6312444154220175,0
SBILIFE,4,0.85,803,89,105,2025-03-20,2025-11-27,0.5238095238095238,0.5269090909090909,0.576271186440678,0.5396825396825397,0.6181818181818182,34,29,21,21,0.44761904761904764,0.6095238095238096,0.0,0.0,0.0,0.0,0.0,0.0,0.0,0.0,0.5396825396825397,0.5,0.0,0.6,0.4,1.0,0
SBILIFE,5,0.9,851,94,105,2025-07-24,2026-04-10,0.47619047619047616,0.44883040935672514,0.5299145299145299,0.5166666666666667,0.543859649122807,31,29,19,26,0.5714285714285714,0.4857142857142857,0.0,0.0,0.0,0.0,0.0,0.0,0.0,0.0,0.5166666666666667,0.4222222222222223,0.0,0.5714285714285714,0.42857142857142855,0.34347226890530086,0
SBILIFE,6,0.95,898,99,53,2025-12-01,2026-04-10,0.41509433962264153,0.4557142857142857,0.5230769230769231,0.4594594594594595,0.6071428571428571,17,20,5,11,0.4339622641509434,0.6415094339622641,0.0,0.0,0.0,0.0,0.0,0.0,0.0,0.0,0.4594594594594595,0.3125,0.0,0.6981132075471698,0.3018867924528302,1.0,0
ICICIGI,1,0.7,676,75,107,2024-05-15,2024-12-20,0.6074766355140186,0.5747368421052631,0.625,0.6363636363636364,0.6140350877192983,35,20,30,22,0.4766355140186916,0.5420560747663551,0.0,0.0,0.0,0.0,0.0,0.0,0.0,0.0,0.6363636363636364,0.5769230769230769,0.0,0.514018691588785,0.48598130841121495,0.360470195692351,0
ICICIGI,2,0.75,724,80,108,2024-09-10,2025-04-29,0.5092592592592593,0.5385694249649369,0.4421052631578947,0.42857142857142855,0.45652173913043476,21,28,34,25,0.5648148148148148,0.5185185185185185,0.0,0.0,0.0,0.0,0.0,0.0,0.0,0.0,0.42857142857142855,0.576271186440678,0.0,0.4537037037037037,0.5462962962962963,0.33476263228986103,0
ICICIGI,3,0.8,773,85,107,2024-12-24,2025-08-07,0.5233644859813084,0.5404644616467277,0.5142857142857142,0.48214285714285715,0.5510204081632653,27,29,29,22,0.514018691588785,0.48598130841121495,0.0,0.0,0.0,0.0,0.0,0.0,0.0,0.0,0.48214285714285715,0.5686274509803921,0.0,0.5233644859813084,0.4766355140186916,1.4650604378453609,0
ICICIGI,4,0.85,821,91,107,2025-04-30,2025-11-27,0.4953271028037383,0.532563025210084,0.6142857142857143,0.48314606741573035,0.8431372549019608,43,46,10,8,0.4766355140186916,0.48598130841121495,0.0,0.0,0.0,0.0,0.0,0.0,0.0,0.0,0.48314606741573035,0.5555555555555556,0.0,0.8317757009345794,0.16822429906542055,2.2009837960170815,0
ICICIGI,5,0.9,869,96,108,2025-08-12,2026-04-09,0.5,0.51,0.5,0.46551724137931033,0.54,27,31,27,23,0.5370370370370371,0.46296296296296297,0.0,0.0,0.0,0.0,0.0,0.0,0.0,0.0,0.46551724137931033,0.54,0.0,0.5370370370370371,0.46296296296296297,1.0,0
ICICIGI,6,0.95,918,101,54,2025-12-02,2026-04-09,0.4444444444444444,0.4572230014025246,0.4444444444444444,0.3870967741935484,0.5217391304347826,12,19,12,11,0.5370370370370371,0.5,0.0,0.0,0.0,0.0,0.0,0.0,0.0,0.0,0.3870967741935484,0.5217391304347826,0.0,0.5740740740740741,0.42592592592592593,0.7064845622893006,0
MUTHOOTFIN,1,0.7,710,78,113,2024-04-23,2024-12-10,0.5221238938053098,0.5740863787375414,0.5909090909090909,0.6290322580645161,0.5571428571428572,39,23,20,31,0.5132743362831859,0.5752212389380531,0.0,0.0,0.0,0.0,0.0,0.0,0.0,0.0,0.6290322580645161,0.3921568627450981,0.0,0.5486725663716814,0.45132743362831856,0.5086137973436516,0
MUTHOOTFIN,2,0.75,761,84,112,2024-08-14,2025-04-07,0.5535714285714286,0.5670967741935483,0.5370370370370371,0.6304347826086957,0.46774193548387094,29,17,33,33,0.5,0.5625,0.0,0.0,0.0,0.0,0.0,0.0,0.0,0.0,0.6304347826086957,0.5,0.0,0.4107142857142857,0.5892857142857143,0.2647461497804097,0
MUTHOOTFIN,3,0.8,811,90,113,2024-12-11,2025-08-12,0.46017699115044247,0.4652255639097744,0.47863247863247865,0.4666666666666667,0.49122807017543857,28,32,24,29,0.49557522123893805,0.49557522123893805,0.0,0.0,0.0,0.0,0.0,0.0,0.0,0.0,0.4666666666666667,0.4528301886792453,0.0,0.5309734513274337,0.4690265486725664,0.5045821399417354,0
MUTHOOTFIN,4,0.85,862,95,113,2025-04-08,2025-12-05,0.5398230088495575,0.45220125786163523,0.6790123456790124,0.5392156862745098,0.9166666666666666,55,47,6,5,0.4424778761061947,0.5309734513274337,0.0,0.0,0.0,0.0,0.0,0.0,0.0,0.0,0.5392156862745098,0.5454545454545454,0.0,0.9026548672566371,0.09734513274336283,0.5479902697706491,0
MUTHOOTFIN,5,0.9,913,101,113,2025-08-13,2026-04-09,0.5398230088495575,0.49551282051282053,0.6533333333333333,0.5764705882352941,0.7538461538461538,49,36,12,16,0.584070796460177,0.5752212389380531,0.0,0.0,0.0,0.0,0.0,0.0,0.0,0.0,0.5764705882352941,0.4285714285714286,0.0,0.7522123893805309,0.24778761061946902,1.0,0
MUTHOOTFIN,6,0.95,963,107,57,2025-12-08,2026-04-09,0.5964912280701754,0.5631313131313131,0.7160493827160493,0.6041666666666666,0.8787878787878788,29,19,5,4,0.5614035087719298,0.5789473684210527,0.0,0.0,0.0,0.0,0.0,0.0,0.0,0.0,0.6041666666666666,0.5555555555555556,0.0,0.8421052631578947,0.15789473684210525,1.5396128727281886,0
CHOLAFIN,1,0.7,759,84,121,2024-04-25,2024-12-10,0.5867768595041323,0.5838815789473684,0.6212121212121212,0.6029411764705882,0.640625,41,27,30,23,0.5289256198347108,0.6198347107438017,0.0,0.0,0.0,0.0,0.0,0.0,0.0,0.0,0.6029411764705882,0.5660377358490566,0.0,0.5619834710743802,0.4380165289256198,0.50214632868279,0
CHOLAFIN,2,0.75,813,90,121,2024-08-19,2025-04-02,0.5206611570247934,0.4952830188679245,0.6233766233766234,0.4752475247524752,0.9056603773584906,48,53,15,5,0.5289256198347108,0.45454545454545453,0.0,0.0,0.0,0.0,0.0,0.0,0.0,0.0,0.4752475247524752,0.75,0.0,0.8347107438016529,0.1652892561983471,0.10077547848831242,0
CHOLAFIN,3,0.8,868,96,120,2024-12-11,2025-07-29,0.5166666666666667,0.5726273148148148,0.5245901639344263,0.43243243243243246,0.6666666666666666,32,42,30,16,0.5333333333333333,0.4,0.0,0.0,0.0,0.0,0.0,0.0,0.0,0.0,0.43243243243243246,0.6521739130434783,0.0,0.6166666666666667,0.38333333333333336,0.10000660285425449,0
CHOLAFIN,4,0.85,922,102,120,2025-04-03,2025-12-02,0.525,0.5418181818181818,0.583941605839416,0.4878048780487805,0.7272727272727273,40,42,23,15,0.5,0.475,0.0,0.0,0.0,0.0,0.0,0.0,0.0,0.0,0.4878048780487805,0.6052631578947368,0.0,0.6833333333333333,0.31666666666666665,1.0,0
CHOLAFIN,5,0.9,976,108,121,2025-07-30,2026-04-10,0.4380165289256198,0.4361293859649123,0.39285714285714285,0.4,0.38596491228070173,22,33,31,35,0.4297520661157025,0.4462809917355372,0.0,0.0,0.0,0.0,0.0,0.0,0.0,0.0,0.4,0.4696969696969697,0.0,0.45454545454545453,0.5454545454545454,0.25354131272083985,0
CHOLAFIN,6,0.95,1030,114,61,2025-12-03,2026-04-10,0.4426229508196721,0.4512987012987013,0.32,0.36363636363636365,0.2857142857142857,8,14,19,20,0.4098360655737705,0.5409836065573771,0.0,0.0,0.0,0.0,0.0,0.0,0.0,0.0,0.36363636363636365,0.4871794871794872,0.0,0.36065573770491804,0.639344262295082,1.0,0
SHRIRAMFIN,1,0.7,743,82,118,2024-05-15,2025-01-01,0.5254237288135594,0.5071117561683599,0.5757575757575758,0.5671641791044776,0.5846153846153846,38,29,24,27,0.5169491525423728,0.5254237288135594,0.0,0.0,0.0,0.0,0.0,0.0,0.0,0.0,0.5671641791044776,0.47058823529411764,0.0,0.5677966101694916,0.4322033898305085,0.16263794565277712,0
SHRIRAMFIN,2,0.75,796,88,118,2024-09-02,2025-04-29,0.4915254237288136,0.49539170506912444,0.5588235294117647,0.475,0.6785714285714286,38,42,20,18,0.5423728813559322,0.4745762711864407,0.0,0.0,0.0,0.0,0.0,0.0,0.0,0.0,0.475,0.5263157894736843,0.0,0.6779661016949152,0.3220338983050847,0.312387095851838,0
SHRIRAMFIN,3,0.8,849,94,118,2025-01-03,2025-08-12,0.5169491525423728,0.5624819624819625,0.5957446808510638,0.4883720930232558,0.7636363636363637,42,44,19,13,0.559322033898305,0.4915254237288136,0.0,0.0,0.0,0.0,0.0,0.0,0.0,0.0,0.4883720930232558,0.59375,0.0,0.7288135593220338,0.2711864406779661,1.0,0
SHRIRAMFIN,4,0.85,902,100,118,2025-04-30,2025-12-08,0.5254237288135594,0.4657258064516129,0.6363636363636364,0.532608695652174,0.7903225806451613,49,43,13,13,0.4576271186440678,0.5254237288135594,0.0,0.0,0.0,0.0,0.0,0.0,0.0,0.0,0.532608695652174,0.5,0.0,0.7796610169491526,0.22033898305084745,1.0,0
SHRIRAMFIN,5,0.9,955,106,118,2025-08-13,2026-04-10,0.4406779661016949,0.4781972490488733,0.5074626865671642,0.5074626865671642,0.5074626865671642,34,33,18,33,0.4745762711864407,0.5084745762711864,0.0,0.0,0.0,0.0,0.0,0.0,0.0,0.0,0.5074626865671642,0.3529411764705882,0.0,0.5677966101694916,0.4322033898305085,1.0,0
SHRIRAMFIN,6,0.95,1008,112,59,2025-12-09,2026-04-10,0.559322033898305,0.5370370370370371,0.5666666666666667,0.6071428571428571,0.53125,17,11,16,15,0.5932203389830508,0.5084745762711864,0.0,0.0,0.0,0.0,0.0,0.0,0.0,0.0,0.6071428571428571,0.5161290322580645,0.0,0.4745762711864407,0.5254237288135594,1.0,0
TCS,1,0.7,634,70,101,2024-04-04,2024-12-11,0.4158415841584158,0.42386185243328106,0.45871559633027525,0.43859649122807015,0.4807692307692308,25,32,17,27,0.44554455445544555,0.46534653465346537,0.0,0.0,0.0,0.0,0.0,0.0,0.0,0.0,0.43859649122807015,0.38636363636363635,0.0,0.5643564356435643,0.43564356435643564,0.29947216000123345,0
TCS,2,0.75,680,75,100,2024-08-09,2025-04-09,0.46,0.5340677274581803,0.55,0.42857142857142855,0.7674418604651163,33,44,13,10,0.54,0.48,0.0,0.0,0.0,0.0,0.0,0.0,0.0,0.0,0.42857142857142855,0.5652173913043479,0.0,0.77,0.23,2.0629739720058655,0
TCS,3,0.8,725,80,101,2024-12-12,2025-08-19,0.39603960396039606,0.45203252032520325,0.5481481481481482,0.39361702127659576,0.9024390243902439,37,57,3,4,0.38613861386138615,0.40594059405940597,0.0,0.0,0.0,0.0,0.0,0.0,0.0,0.0,0.39361702127659576,0.4285714285714286,0.0,0.9306930693069307,0.06930693069306931,0.23903317913202574,0
TCS,4,0.85,770,85,101,2025-04-16,2025-12-15,0.42574257425742573,0.4507486209613869,0.5538461538461539,0.43373493975903615,0.7659574468085106,36,47,7,11,0.43564356435643564,0.42574257425742573,0.0,0.0,0.0,0.0,0.0,0.0,0.0,0.0,0.43373493975903615,0.38888888888888884,0.0,0.8217821782178217,0.1782178217821782,1.0,0
TCS,5,0.9,816,90,101,2025-08-21,2026-04-10,0.42574257425742573,0.47759433962264153,0.532258064516129,0.4342105263157895,0.6875,33,43,10,15,0.40594059405940597,0.504950495049505,0.0,0.0,0.0,0.0,0.0,0.0,0.0,0.0,0.4342105263157895,0.4,0.0,0.7524752475247525,0.24752475247524752,1.0,0
TCS,6,0.95,861,95,51,2025-12-17,2026-04-10,0.47058823529411764,0.43788819875776397,0.425531914893617,0.4166666666666667,0.43478260869565216,10,14,14,13,0.49019607843137253,0.5098039215686274,0.0,0.0,0.0,0.0,0.0,0.0,0.0,0.0,0.4166666666666667,0.5185185185185186,0.0,0.47058823529411764,0.5294117647058824,0.28823513820329344,0
MANAPPURAM,1,0.7,749,83,119,2024-04-05,2024-11-25,0.5210084033613446,0.5217514124293785,0.5289256198347108,0.5161290322580645,0.5423728813559322,32,30,30,27,0.5378151260504201,0.47058823529411764,0.0,0.0,0.0,0.0,0.0,0.0,0.0,0.0,0.5161290322580645,0.5263157894736843,0.0,0.5210084033613446,0.4789915966386555,0.2683867106099528,0
MANAPPURAM,2,0.75,802,89,119,2024-08-09,2025-03-18,0.4789915966386555,0.4951950254381006,0.5507246376811594,0.4935064935064935,0.6229508196721312,38,39,19,23,0.44537815126050423,0.5210084033613446,0.0,0.0,0.0,0.0,0.0,0.0,0.0,0.0,0.4935064935064935,0.45238095238095233,0.0,0.6470588235294118,0.35294117647058826,0.18841997838601499,0
MANAPPURAM,3,0.8,856,95,119,2024-11-27,2025-08-04,0.5462184873949579,0.5072886297376094,0.6582278481012658,0.5909090909090909,0.7428571428571429,52,36,13,18,0.5630252100840336,0.5882352941176471,0.0,0.0,0.0,0.0,0.0,0.0,0.0,0.0,0.5909090909090909,0.4193548387096774,0.0,0.7394957983193278,0.2605042016806723,1.0,0
MANAPPURAM,4,0.85,909,101,119,2025-03-19,2025-12-03,0.4957983193277311,0.5446579988694177,0.620253164556962,0.49,0.8448275862068966,49,51,10,9,0.5126050420168067,0.48739495798319327,0.0,0.0,0.0,0.0,0.0,0.0,0.0,0.0,0.49,0.5263157894736843,0.0,0.8403361344537815,0.15966386554621848,1.0,0
MANAPPURAM,5,0.9,963,107,119,2025-08-05,2026-04-09,0.4789915966386555,0.5149971703452179,0.5,0.4626865671641791,0.543859649122807,31,36,26,26,0.453781512605042,0.4789915966386555,0.0,0.0,0.0,0.0,0.0,0.0,0.0,0.0,0.4626865671641791,0.5,0.0,0.5630252100840336,0.4369747899159664,0.3562038637330395,0
MANAPPURAM,6,0.95,1017,112,60,2025-12-04,2026-04-09,0.6,0.5669642857142857,0.6756756756756757,0.5952380952380952,0.78125,25,17,11,7,0.5166666666666667,0.5333333333333333,0.0,0.0,0.0,0.0,0.0,0.0,0.0,0.0,0.5952380952380952,0.6111111111111112,0.0,0.7,0.3,1.0,0
INFY,1,0.7,679,75,108,2024-03-15,2024-12-04,0.4444444444444444,0.3542026980283639,0.5384615384615384,0.49295774647887325,0.5932203389830508,35,36,13,24,0.5648148148148148,0.4074074074074074,0.0,0.0,0.0,0.0,0.0,0.0,0.0,0.0,0.49295774647887325,0.3513513513513513,0.0,0.6574074074074074,0.3425925925925926,0.49149364919335603,0
INFY,2,0.75,728,80,108,2024-07-30,2025-03-27,0.48148148148148145,0.45233196159122085,0.4909090909090909,0.48214285714285715,0.5,27,29,25,27,0.48148148148148145,0.5,0.0,0.0,0.0,0.0,0.0,0.0,0.0,0.0,0.48214285714285715,0.4807692307692307,0.0,0.5185185185185185,0.48148148148148145,1.0,0
INFY,3,0.8,776,86,108,2024-12-05,2025-08-01,0.4166666666666667,0.44582043343653255,0.3225806451612903,0.35714285714285715,0.29411764705882354,15,27,30,36,0.49074074074074076,0.5277777777777778,0.0,0.0,0.0,0.0,0.0,0.0,0.0,0.0,0.35714285714285715,0.4545454545454546,0.0,0.3888888888888889,0.6111111111111112,1.0,0
INFY,4,0.85,825,91,108,2025-03-28,2025-12-09,0.42592592592592593,0.41346153846153844,0.515625,0.4342105263157895,0.6346153846153846,33,43,13,19,0.4444444444444444,0.48148148148148145,0.0,0.0,0.0,0.0,0.0,0.0,0.0,0.0,0.4342105263157895,0.40625,0.0,0.7037037037037037,0.2962962962962963,0.10000660285425449,0
INFY,5,0.9,873,97,108,2025-08-04,2026-04-10,0.48148148148148145,0.4798611111111111,0.48148148148148145,0.43333333333333335,0.5416666666666666,26,34,26,22,0.5462962962962963,0.46296296296296297,0.0,0.0,0.0,0.0,0.0,0.0,0.0,0.0,0.43333333333333335,0.5416666666666667,0.0,0.5555555555555556,0.4444444444444444,0.1895527912129671,0
INFY,6,0.95,922,102,54,2025-12-10,2026-04-10,0.48148148148148145,0.4474053295932679,0.5,0.42424242424242425,0.6086956521739131,14,19,12,9,0.4444444444444444,0.5,0.0,0.0,0.0,0.0,0.0,0.0,0.0,0.0,0.42424242424242425,0.5714285714285714,0.0,0.6111111111111112,0.3888888888888889,0.10000660285425449,0
HCLTECH,1,0.7,666,73,106,2024-04-26,2024-12-20,0.4811320754716981,0.48079710144927534,0.6206896551724138,0.5294117647058824,0.75,45,40,6,15,0.5188679245283019,0.5660377358490566,0.0,0.0,0.0,0.0,0.0,0.0,0.0,0.0,0.5294117647058824,0.2857142857142857,0.0,0.8018867924528302,0.19811320754716982,1.0,0
HCLTECH,2,0.75,713,79,106,2024-08-22,2025-04-22,0.5188679245283019,0.5185714285714286,0.6330935251798561,0.5301204819277109,0.7857142857142857,44,39,11,12,0.4811320754716981,0.5283018867924528,0.0,0.0,0.0,0.0,0.0,0.0,0.0,0.0,0.5301204819277109,0.4782608695652174,0.0,0.7830188679245284,0.2169811320754717,1.0,0
HCLTECH,3,0.8,761,84,106,2024-12-27,2025-08-05,0.5,0.47071428571428575,0.5691056910569106,0.4794520547945205,0.7,35,38,18,15,0.46226415094339623,0.4716981132075472,0.0,0.0,0.0,0.0,0.0,0.0,0.0,0.0,0.4794520547945205,0.5454545454545454,0.0,0.6886792452830188,0.3113207547169811,0.26612082724066866,0
HCLTECH,4,0.85,809,89,106,2025-04-23,2025-12-04,0.44339622641509435,0.5358288770053476,0.593103448275862,0.4574468085106383,0.8431372549019608,43,51,4,8,0.4528301886792453,0.4811320754716981,0.0,0.0,0.0,0.0,0.0,0.0,0.0,0.0,0.4574468085106383,0.33333333333333337,0.0,0.8867924528301887,0.11320754716981132,0.26217882960100525,0
HCLTECH,5,0.9,856,95,106,2025-08-06,2026-04-10,0.5471698113207547,0.6514773940904237,0.6470588235294118,0.5301204819277109,0.8301886792452831,44,39,14,9,0.5660377358490566,0.5754716981132075,0.0,0.0,0.0,0.0,0.0,0.0,0.0,0.0,0.5301204819277109,0.6086956521739131,0.0,0.7830188679245284,0.2169811320754717,1.0,0
HCLTECH,6,0.95,904,100,53,2025-12-08,2026-04-10,0.4528301886792453,0.4525862068965517,0.49122807017543857,0.42424242424242425,0.5833333333333334,14,19,10,10,0.6037735849056604,0.49056603773584906,0.0,0.0,0.0,0.0,0.0,0.0,0.0,0.0,0.42424242424242425,0.5,0.0,0.6226415094339622,0.37735849056603776,0.43974922754892,0
TECHM,1,0.7,700,77,111,2024-03-20,2024-11-12,0.5135135135135135,0.5286831812255541,0.578125,0.5362318840579711,0.6271186440677966,37,32,20,22,0.5315315315315315,0.4774774774774775,0.0,0.0,0.0,0.0,0.0,0.0,0.0,0.0,0.5362318840579711,0.47619047619047616,0.0,0.6216216216216216,0.3783783783783784,0.34284206231040876,0
TECHM,2,0.75,750,83,111,2024-08-01,2025-03-25,0.5045045045045045,0.5453063885267275,0.5864661654135338,0.48148148148148145,0.75,39,42,17,13,0.4954954954954955,0.5495495495495496,0.0,0.0,0.0,0.0,0.0,0.0,0.0,0.0,0.48148148148148145,0.5666666666666667,0.0,0.7297297297297297,0.2702702702702703,0.23724504233102908,0
TECHM,3,0.8,800,88,111,2024-11-13,2025-07-23,0.5135135135135135,0.5181818181818182,0.5846153846153846,0.5066666666666667,0.6909090909090909,38,37,19,17,0.4954954954954955,0.5045045045045045,0.0,0.0,0.0,0.0,0.0,0.0,0.0,0.0,0.5066666666666667,0.5277777777777778,0.0,0.6756756756756757,0.32432432432432434,1.0,0
TECHM,4,0.85,850,94,111,2025-03-26,2025-11-21,0.5135135135135135,0.5136363636363637,0.6142857142857143,0.5119047619047619,0.7678571428571429,43,41,14,13,0.4594594594594595,0.46846846846846846,0.0,0.0,0.0,0.0,0.0,0.0,0.0,0.0,0.5119047619047619,0.5185185185185186,0.0,0.7567567567567568,0.24324324324324326,0.3677005392734487,0
TECHM,5,0.9,900,99,112,2025-07-24,2026-04-09,0.5446428571428571,0.5386334610472542,0.5853658536585366,0.5217391304347826,0.6666666666666666,36,33,25,18,0.42857142857142855,0.4642857142857143,0.0,0.0,0.0,0.0,0.0,0.0,0.0,0.0,0.5217391304347826,0.5813953488372092,0.0,0.6160714285714286,0.38392857142857145,1.0,0
TECHM,6,0.95,950,105,56,2025-11-25,2026-04-09,0.5,0.5044699872286079,0.391304347826087,0.47368421052631576,0.3333333333333333,9,10,19,18,0.48214285714285715,0.5178571428571429,0.0,0.0,0.0,0.0,0.0,0.0,0.0,0.0,0.47368421052631576,0.5135135135135135,0.0,0.3392857142857143,0.6607142857142857,1.0,0
WIPRO,1,0.7,672,74,107,2024-05-06,2024-12-20,0.514018691588785,0.5418439716312057,0.4222222222222222,0.6333333333333333,0.31666666666666665,19,11,36,41,0.5327102803738317,0.4672897196261682,0.0,0.0,0.0,0.0,0.0,0.0,0.0,0.0,0.6333333333333333,0.4675324675324676,0.0,0.2803738317757009,0.719626168224299,0.40024842202586053,0
WIPRO,2,0.75,720,80,106,2024-09-02,2025-04-16,0.4716981132075472,0.4957142857142857,0.5333333333333333,0.45714285714285713,0.64,32,38,18,18,0.5094339622641509,0.49056603773584906,0.0,0.0,0.0,0.0,0.0,0.0,0.0,0.0,0.45714285714285713,0.5,0.0,0.660377358490566,0.33962264150943394,0.28443041743458786,0
WIPRO,3,0.8,768,85,107,2024-12-23,2025-08-06,0.6074766355140186,0.6412429378531074,0.6037735849056604,0.5517241379310345,0.6666666666666666,32,26,33,16,0.5981308411214953,0.5420560747663551,0.0,0.0,0.0,0.0,0.0,0.0,0.0,0.0,0.5517241379310345,0.6734693877551021,0.0,0.5420560747663551,0.45794392523364486,0.2984340049250361,0
WIPRO,4,0.85,816,90,107,2025-04-17,2025-12-10,0.48598130841121495,0.47303921568627455,0.5299145299145299,0.5081967213114754,0.5535714285714286,31,30,21,25,0.4672897196261682,0.45794392523364486,0.0,0.0,0.0,0.0,0.0,0.0,0.0,0.0,0.5081967213114754,0.4565217391304348,0.0,0.5700934579439252,0.42990654205607476,0.23369854013140434,0
WIPRO,5,0.9,864,96,107,2025-08-07,2026-04-10,0.514018691588785,0.5465686274509803,0.5272727272727272,0.5370370370370371,0.5178571428571429,29,25,26,27,0.5233644859813084,0.5420560747663551,0.0,0.0,0.0,0.0,0.0,0.0,0.0,0.0,0.5370370370370371,0.49056603773584906,0.0,0.5046728971962616,0.4953271028037383,0.6555320348423658,0
WIPRO,6,0.95,912,101,54,2025-12-11,2026-04-10,0.5740740740740741,0.644718792866941,0.5306122448979592,0.5909090909090909,0.48148148148148145,13,9,18,14,0.5370370370370371,0.5,0.0,0.0,0.0,0.0,0.0,0.0,0.0,0.0,0.5909090909090909,0.5625,0.0,0.4074074074074074,0.5925925925925926,1.0,0
PERSISTENT,1,0.7,741,82,118,2024-05-17,2024-12-30,0.576271186440678,0.5302891933028919,0.6987951807228916,0.6236559139784946,0.7945205479452054,58,35,10,15,0.576271186440678,0.576271186440678,0.0,0.0,0.0,0.0,0.0,0.0,0.0,0.0,0.6236559139784946,0.4,0.0,0.788135593220339,0.211864406779661,0.11339269677941789,0
PERSISTENT,2,0.75,794,88,118,2024-09-06,2025-04-17,0.5084745762711864,0.5231255386383223,0.5857142857142857,0.5061728395061729,0.6949152542372882,41,40,19,18,0.5254237288135594,0.5,0.0,0.0,0.0,0.0,0.0,0.0,0.0,0.0,0.5061728395061729,0.5135135135135135,0.0,0.6864406779661016,0.3135593220338983,0.10000660285425449,0
PERSISTENT,3,0.8,847,94,118,2025-01-01,2025-08-08,0.4576271186440678,0.4515657009072286,0.5362318840579711,0.42528735632183906,0.7254901960784313,37,50,17,14,0.4491525423728814,0.4830508474576271,0.0,0.0,0.0,0.0,0.0,0.0,0.0,0.0,0.42528735632183906,0.5483870967741935,0.0,0.7372881355932204,0.2627118644067797,0.14965919301333847,0
PERSISTENT,4,0.85,900,100,118,2025-04-22,2025-12-08,0.4406779661016949,0.45614035087719296,0.611764705882353,0.46017699115044247,0.9122807017543859,52,61,0,5,0.4491525423728814,0.4830508474576271,0.0,0.0,0.0,0.0,0.0,0.0,0.0,0.0,0.46017699115044247,0.0,0.0,0.9576271186440678,0.0423728813559322,1.0,0
PERSISTENT,5,0.9,954,105,118,2025-08-11,2026-04-10,0.4745762711864407,0.48432556801840665,0.6352941176470588,0.4778761061946903,0.9473684210526315,54,59,2,3,0.5084745762711864,0.4830508474576271,0.0,0.0,0.0,0.0,0.0,0.0,0.0,0.0,0.4778761061946903,0.4,0.0,0.9576271186440678,0.0423728813559322,1.0,0
PERSISTENT,6,0.95,1007,111,59,2025-12-09,2026-04-10,0.5084745762711864,0.5932400932400932,0.5671641791044776,0.4634146341463415,0.7307692307692307,19,22,11,7,0.4915254237288136,0.559322033898305,0.0,0.0,0.0,0.0,0.0,0.0,0.0,0.0,0.4634146341463415,0.6111111111111112,0.0,0.6949152542372882,0.3050847457627119,1.0,0
MPHASIS,1,0.7,737,81,117,2024-04-15,2024-12-04,0.5470085470085471,0.5381656804733729,0.6394557823129252,0.573170731707317,0.7230769230769231,47,35,17,18,0.5384615384615384,0.6239316239316239,0.0,0.0,0.0,0.0,0.0,0.0,0.0,0.0,0.573170731707317,0.48571428571428577,0.0,0.7008547008547008,0.29914529914529914,0.2804396957353861,0
MPHASIS,2,0.75,789,87,117,2024-08-13,2025-03-27,0.48717948717948717,0.4888758782201405,0.5652173913043478,0.5064935064935064,0.639344262295082,39,38,18,22,0.49572649572649574,0.5213675213675214,0.0,0.0,0.0,0.0,0.0,0.0,0.0,0.0,0.5064935064935064,0.44999999999999996,0.0,0.6581196581196581,0.3418803418803419,0.6225408576920262,0
MPHASIS,3,0.8,842,93,117,2024-12-06,2025-08-04,0.5042735042735043,0.5469208211143695,0.5396825396825397,0.4788732394366197,0.6181818181818182,34,37,25,21,0.5726495726495726,0.5982905982905983,0.0,0.0,0.0,0.0,0.0,0.0,0.0,0.0,0.4788732394366197,0.5434782608695652,0.0,0.6068376068376068,0.39316239316239315,1.0,0
MPHASIS,4,0.85,894,99,117,2025-03-28,2025-12-02,0.4700854700854701,0.5108123904149621,0.6172839506172839,0.4854368932038835,0.847457627118644,50,53,5,9,0.46153846153846156,0.5042735042735043,0.0,0.0,0.0,0.0,0.0,0.0,0.0,0.0,0.4854368932038835,0.3571428571428571,0.0,0.8803418803418803,0.11965811965811966,1.0,0
MPHASIS,5,0.9,947,105,117,2025-08-05,2026-04-10,0.47863247863247865,0.5430327868852458,0.5734265734265734,0.47126436781609193,0.7321428571428571,41,46,15,15,0.5384615384615384,0.5213675213675214,0.0,0.0,0.0,0.0,0.0,0.0,0.0,0.0,0.47126436781609193,0.5,0.0,0.7435897435897436,0.2564102564102564,0.5419594027753587,0
MPHASIS,6,0.95,999,111,59,2025-12-03,2026-04-10,0.559322033898305,0.5811764705882353,0.5517241379310345,0.48484848484848486,0.64,16,17,17,9,0.576271186440678,0.4745762711864407,0.0,0.0,0.0,0.0,0.0,0.0,0.0,0.0,0.48484848484848486,0.6538461538461539,0.0,0.559322033898305,0.4406779661016949,0.2455387464423245,0
LTIM,1,0.7,706,78,112,2024-03-05,2024-11-26,0.48214285714285715,0.43201542912246865,0.5857142857142857,0.5189873417721519,0.6721311475409836,41,38,13,20,0.48214285714285715,0.4732142857142857,0.0,0.0,0.0,0.0,0.0,0.0,0.0,0.0,0.5189873417721519,0.3939393939393939,0.0,0.7053571428571429,0.29464285714285715,1.0,0
LTIM,2,0.75,756,84,112,2024-07-25,2025-03-12,0.48214285714285715,0.5547049441786285,0.5671641791044776,0.4935064935064935,0.6666666666666666,38,39,16,19,0.5714285714285714,0.5178571428571429,0.0,0.0,0.0,0.0,0.0,0.0,0.0,0.0,0.4935064935064935,0.4571428571428572,0.0,0.6875,0.3125,1.0,0
LTIM,3,0.8,807,89,112,2024-11-27,2025-07-29,0.5714285714285714,0.6245614035087719,0.5555555555555556,0.5660377358490566,0.5454545454545454,30,23,34,25,0.5982142857142857,0.5089285714285714,0.0,0.0,0.0,0.0,0.0,0.0,0.0,0.0,0.5660377358490566,0.576271186440678,0.0,0.4732142857142857,0.5267857142857143,0.3456076304620733,0
LTIM,4,0.85,857,95,112,2025-03-13,2025-12-03,0.5714285714285714,0.5525704809286899,0.6666666666666666,0.6233766233766234,0.7164179104477612,48,29,16,19,0.5535714285714286,0.6071428571428571,0.0,0.0,0.0,0.0,0.0,0.0,0.0,0.0,0.6233766233766234,0.4571428571428572,0.0,0.6875,0.3125,0.5544828837241026,0
LTIM,5,0.9,908,100,113,2025-07-30,2026-04-10,0.5132743362831859,0.5357366771159875,0.60431654676259,0.5185185185185185,0.7241379310344828,42,39,16,16,0.504424778761062,0.4336283185840708,0.0,0.0,0.0,0.0,0.0,0.0,0.0,0.0,0.5185185185185185,0.5,0.0,0.7168141592920354,0.2831858407079646,1.0,0
LTIM,6,0.95,958,106,57,2025-12-04,2026-04-10,0.47368421052631576,0.5012987012987014,0.4,0.35714285714285715,0.45454545454545453,10,18,17,12,0.45614035087719296,0.47368421052631576,0.0,0.0,0.0,0.0,0.0,0.0,0.0,0.0,0.35714285714285715,0.5862068965517242,0.0,0.49122807017543857,0.5087719298245614,0.5745492533996657,0
TATAELXSI,1,0.7,719,79,114,2024-04-16,2024-12-12,0.543859649122807,0.5627118644067797,0.48,0.5333333333333333,0.43636363636363634,24,21,38,31,0.5,0.5526315789473685,0.0,0.0,0.0,0.0,0.0,0.0,0.0,0.0,0.5333333333333333,0.5507246376811594,0.0,0.39473684210526316,0.6052631578947368,1.0,0
TATAELXSI,2,0.75,770,85,114,2024-08-28,2025-04-07,0.5,0.4658621784693554,0.3448275862068966,0.375,0.3191489361702128,15,25,42,32,0.5175438596491229,0.5877192982456141,0.0,0.0,0.0,0.0,0.0,0.0,0.0,0.0,0.375,0.5675675675675675,0.0,0.3508771929824561,0.6491228070175439,0.24131117377551228,0
TATAELXSI,3,0.8,821,91,114,2024-12-16,2025-08-11,0.5350877192982456,0.48743796526054595,0.0,0.0,0.0,0,1,61,52,0.49122807017543857,0.543859649122807,0.0,0.0,0.0,0.0,0.0,0.0,0.0,0.0,0.0,0.5398230088495575,0.0,0.008771929824561403,0.9912280701754386,1.0,0
TATAELXSI,4,0.85,873,96,114,2025-04-08,2025-12-09,0.5,0.4212805443860192,0.17391304347826086,0.375,0.11320754716981132,6,10,51,47,0.4473684210526316,0.543859649122807,0.0,0.0,0.0,0.0,0.0,0.0,0.0,0.0,0.375,0.5204081632653061,0.0,0.14035087719298245,0.8596491228070176,0.19046414192383004,0
TATAELXSI,5,0.9,924,102,114,2025-08-12,2026-04-10,0.5175438596491229,0.4579231502064147,0.26666666666666666,0.35714285714285715,0.2127659574468085,10,18,49,37,0.42105263157894735,0.5877192982456141,0.0,0.0,0.0,0.0,0.0,0.0,0.0,0.0,0.35714285714285715,0.5697674418604651,0.0,0.24561403508771928,0.7543859649122807,0.4908866402078584,0
TATAELXSI,6,0.95,975,108,57,2025-12-10,2026-04-10,0.42105263157894735,0.44065656565656564,0.37735849056603776,0.3448275862068966,0.4166666666666667,10,19,14,14,0.5087719298245614,0.5789473684210527,0.0,0.0,0.0,0.0,0.0,0.0,0.0,0.0,0.3448275862068966,0.5,0.0,0.5087719298245614,0.49122807017543857,1.0,0
OFSS,1,0.7,687,76,109,2024-06-25,2025-01-28,0.5045871559633027,0.5333333333333333,0.4375,0.5121951219512195,0.38181818181818183,21,20,34,34,0.47706422018348627,0.4954128440366973,0.0,0.0,0.0,0.0,0.0,0.0,0.0,0.0,0.5121951219512195,0.5,0.0,0.3761467889908257,0.6238532110091743,0.3107199003494852,0
OFSS,2,0.75,736,81,109,2024-10-10,2025-05-12,0.4036697247706422,0.494055944055944,0.5578231292517006,0.39805825242718446,0.9318181818181818,41,62,3,3,0.47706422018348627,0.4036697247706422,0.0,0.0,0.0,0.0,0.0,0.0,0.0,0.0,0.39805825242718446,0.5,0.0,0.944954128440367,0.05504587155963303,0.10000660285425449,0
OFSS,3,0.8,785,87,109,2025-01-29,2025-08-25,0.42201834862385323,0.44285714285714284,0.496,0.40789473684210525,0.6326530612244898,31,45,15,18,0.41284403669724773,0.48623853211009177,0.0,0.0,0.0,0.0,0.0,0.0,0.0,0.0,0.40789473684210525,0.4545454545454546,0.0,0.6972477064220184,0.30275229357798167,1.0,0
OFSS,4,0.85,834,92,109,2025-05-14,2025-12-09,0.44036697247706424,0.4574898785425101,0.46956521739130436,0.42857142857142855,0.5192307692307693,27,36,21,25,0.48623853211009177,0.45871559633027525,0.0,0.0,0.0,0.0,0.0,0.0,0.0,0.0,0.42857142857142855,0.4565217391304348,0.0,0.5779816513761468,0.42201834862385323,1.0,0
OFSS,5,0.9,883,98,109,2025-08-26,2026-04-10,0.5229357798165137,0.5363945578231292,0.46938775510204084,0.46938775510204084,0.46938775510204084,23,26,34,26,0.5688073394495413,0.4954128440366973,0.0,0.0,0.0,0.0,0.0,0.0,0.0,0.0,0.46938775510204084,0.5666666666666667,0.0,0.44954128440366975,0.5504587155963303,0.44637022635994195,0
OFSS,6,0.95,932,103,55,2025-12-10,2026-04-10,0.5636363636363636,0.5733333333333333,0.42857142857142855,0.5294117647058824,0.36,9,8,22,16,0.5454545454545454,0.5636363636363636,0.0,0.0,0.0,0.0,0.0,0.0,0.0,0.0,0.5294117647058824,0.5789473684210527,0.0,0.3090909090909091,0.6909090909090909,1.0,0
COFORGE,1,0.7,757,84,120,2024-04-05,2024-12-16,0.525,0.4588719153936545,0.6459627329192547,0.5977011494252874,0.7027027027027027,52,35,11,22,0.5583333333333333,0.38333333333333336,0.0,0.0,0.0,0.0,0.0,0.0,0.0,0.0,0.5977011494252874,0.33333333333333337,0.0,0.725,0.275,1.0,0
COFORGE,2,0.75,811,90,120,2024-08-19,2025-04-30,0.5333333333333333,0.5124421296296297,0.6410256410256411,0.5952380952380952,0.6944444444444444,50,34,14,22,0.49166666666666664,0.49166666666666664,0.0,0.0,0.0,0.0,0.0,0.0,0.0,0.0,0.5952380952380952,0.38888888888888884,0.0,0.7,0.3,1.0,0
COFORGE,3,0.8,865,96,120,2024-12-17,2025-08-14,0.4583333333333333,0.4668531468531468,0.5255474452554745,0.5,0.5538461538461539,36,36,19,29,0.4666666666666667,0.43333333333333335,0.0,0.0,0.0,0.0,0.0,0.0,0.0,0.0,0.5,0.39583333333333337,0.0,0.6,0.4,0.6830114381866197,0
COFORGE,4,0.85,919,102,120,2025-05-05,2025-12-11,0.39166666666666666,0.34981316470250073,0.4748201438848921,0.4852941176470588,0.4647887323943662,33,35,14,38,0.44166666666666665,0.43333333333333335,0.0,0.0,0.0,0.0,0.0,0.0,0.0,0.0,0.4852941176470588,0.2692307692307693,0.0,0.5666666666666667,0.43333333333333335,0.3999012719547354,0
COFORGE,5,0.9,973,108,121,2025-08-19,2026-04-10,0.4793388429752066,0.46830601092896174,0.6227544910179641,0.48598130841121495,0.8666666666666667,52,55,6,8,0.48760330578512395,0.49586776859504134,0.0,0.0,0.0,0.0,0.0,0.0,0.0,0.0,0.48598130841121495,0.4285714285714286,0.0,0.8842975206611571,0.11570247933884298,1.0,0
COFORGE,6,0.95,1027,114,61,2025-12-12,2026-04-10,0.45901639344262296,0.44111111111111106,0.5074626865671642,0.40476190476190477,0.68,17,25,11,8,0.5573770491803278,0.4098360655737705,0.0,0.0,0.0,0.0,0.0,0.0,0.0,0.0,0.40476190476190477,0.5789473684210527,0.0,0.6885245901639344,0.3114754098360656,0.16111697929561147,0
MARUTI,1,0.7,656,72,104,2024-04-29,2024-12-12,0.5288461538461539,0.5486496485386608,0.5882352941176471,0.5147058823529411,0.6862745098039216,35,33,20,16,0.5480769230769231,0.5288461538461539,0.0,0.0,0.0,0.0,0.0,0.0,0.0,0.0,0.5147058823529411,0.5555555555555556,0.0,0.6538461538461539,0.34615384615384615,0.402540823114405,0
MARUTI,2,0.75,702,78,104,2024-08-26,2025-04-24,0.4519230769230769,0.440836132885405,0.5128205128205128,0.42857142857142855,0.6382978723404256,30,40,17,17,0.4230769230769231,0.47115384615384615,0.0,0.0,0.0,0.0,0.0,0.0,0.0,0.0,0.42857142857142855,0.5,0.0,0.6730769230769231,0.3269230769230769,0.4121062094027236,0
MARUTI,3,0.8,749,83,104,2024-12-16,2025-08-11,0.5192307692307693,0.5564187939326674,0.6031746031746031,0.5066666666666667,0.7450980392156863,38,37,16,13,0.5288461538461539,0.49038461538461536,0.0,0.0,0.0,0.0,0.0,0.0,0.0,0.0,0.5066666666666667,0.5517241379310345,0.0,0.7211538461538461,0.27884615384615385,1.0,0
MARUTI,4,0.85,796,88,104,2025-04-25,2025-12-23,0.4519230769230769,0.40945482272207395,0.5581395348837209,0.5294117647058824,0.5901639344262295,36,32,11,25,0.4423076923076923,0.5865384615384616,0.0,0.0,0.0,0.0,0.0,0.0,0.0,0.0,0.5294117647058824,0.3055555555555556,0.0,0.6538461538461539,0.34615384615384615,1.0,0
MARUTI,5,0.9,843,93,104,2025-08-13,2026-04-10,0.4519230769230769,0.4337797619047619,0.5210084033613446,0.49206349206349204,0.5535714285714286,31,32,16,25,0.4326923076923077,0.5096153846153846,0.0,0.0,0.0,0.0,0.0,0.0,0.0,0.0,0.49206349206349204,0.3902439024390244,0.0,0.6057692307692307,0.3942307692307692,1.0,0
MARUTI,6,0.95,890,98,52,2025-12-24,2026-04-10,0.38461538461538464,0.4752623688155922,0.38461538461538464,0.3448275862068966,0.43478260869565216,10,19,10,13,0.46153846153846156,0.46153846153846156,0.0,0.0,0.0,0.0,0.0,0.0,0.0,0.0,0.3448275862068966,0.4347826086956522,0.0,0.5576923076923077,0.4423076923076923,0.1357708832625691,0
BAJAJ-AUTO,1,0.7,662,73,105,2024-05-16,2024-12-19,0.5047619047619047,0.43672727272727274,0.6285714285714286,0.5176470588235295,0.8,44,41,9,11,0.5333333333333333,0.5238095238095238,0.0,0.0,0.0,0.0,0.0,0.0,0.0,0.0,0.5176470588235295,0.44999999999999996,0.0,0.8095238095238095,0.19047619047619047,0.265313971895114,0
BAJAJ-AUTO,2,0.75,709,78,105,2024-09-09,2025-04-25,0.4380952380952381,0.48282163742690054,0.5755395683453237,0.43956043956043955,0.8333333333333334,40,51,6,8,0.5047619047619047,0.45714285714285713,0.0,0.0,0.0,0.0,0.0,0.0,0.0,0.0,0.43956043956043955,0.4285714285714286,0.0,0.8666666666666667,0.13333333333333333,0.24063544275975307,0
BAJAJ-AUTO,3,0.8,756,84,105,2024-12-24,2025-08-25,0.49523809523809526,0.48875181422351244,0.6131386861313869,0.5,0.7924528301886793,42,42,10,11,0.49523809523809526,0.5047619047619047,0.0,0.0,0.0,0.0,0.0,0.0,0.0,0.0,0.5,0.47619047619047616,0.0,0.8,0.2,1.0,0
BAJAJ-AUTO,4,0.85,803,89,105,2025-04-29,2025-12-22,0.45714285714285713,0.498911465892598,0.5899280575539568,0.47126436781609193,0.7884615384615384,41,46,7,11,0.5619047619047619,0.49523809523809526,0.0,0.0,0.0,0.0,0.0,0.0,0.0,0.0,0.47126436781609193,0.38888888888888884,0.0,0.8285714285714286,0.17142857142857143,1.0,0
BAJAJ-AUTO,5,0.9,851,94,105,2025-08-29,2026-04-09,0.5333333333333333,0.4505454545454546,0.5950413223140496,0.5454545454545454,0.6545454545454545,36,30,20,19,0.4857142857142857,0.5142857142857142,0.0,0.0,0.0,0.0,0.0,0.0,0.0,0.0,0.5454545454545454,0.5128205128205128,0.0,0.6285714285714286,0.37142857142857144,1.0,0
BAJAJ-AUTO,6,0.95,898,99,53,2025-12-23,2026-04-09,0.5471698113207547,0.5483870967741935,0.6129032258064516,0.6129032258064516,0.6129032258064516,19,12,10,12,0.5660377358490566,0.4339622641509434,0.0,0.0,0.0,0.0,0.0,0.0,0.0,0.0,0.6129032258064516,0.4545454545454546,0.0,0.5849056603773585,0.41509433962264153,0.42749067722274486,0
HEROMOTOCO,1,0.7,697,77,110,2024-05-16,2024-12-31,0.5727272727272728,0.5709549071618036,0.6178861788617886,0.5352112676056338,0.7307692307692307,38,33,25,14,0.5818181818181818,0.5454545454545454,0.0,0.0,0.0,0.0,0.0,0.0,0.0,0.0,0.5352112676056338,0.641025641025641,0.0,0.6454545454545455,0.35454545454545455,0.33936501710430333,0
HEROMOTOCO,2,0.75,747,82,111,2024-09-11,2025-04-24,0.5045045045045045,0.5255984042553191,0.46601941747572817,0.42857142857142855,0.5106382978723404,24,32,32,23,0.5135135135135135,0.45045045045045046,0.0,0.0,0.0,0.0,0.0,0.0,0.0,0.0,0.42857142857142855,0.5818181818181818,0.0,0.5045045045045045,0.4954954954954955,0.8486401655059644,0
HEROMOTOCO,3,0.8,796,88,111,2025-01-01,2025-08-07,0.5135135135135135,0.48207301173402867,0.6142857142857143,0.5308641975308642,0.7288135593220338,43,38,14,16,0.44144144144144143,0.5315315315315315,0.0,0.0,0.0,0.0,0.0,0.0,0.0,0.0,0.5308641975308642,0.4666666666666667,0.0,0.7297297297297297,0.2702702702702703,1.0,0
HEROMOTOCO,4,0.85,846,94,110,2025-04-25,2025-12-17,0.5181818181818182,0.480510752688172,0.6293706293706294,0.5555555555555556,0.7258064516129032,45,36,12,17,0.5636363636363636,0.5727272727272728,0.0,0.0,0.0,0.0,0.0,0.0,0.0,0.0,0.5555555555555556,0.4137931034482759,0.0,0.7363636363636363,0.2636363636363636,1.0,0
HEROMOTOCO,5,0.9,896,99,111,2025-08-08,2026-04-10,0.5675675675675675,0.5914118412491867,0.5471698113207547,0.6041666666666666,0.5,29,19,34,29,0.4774774774774775,0.5945945945945946,0.0,0.0,0.0,0.0,0.0,0.0,0.0,0.0,0.6041666666666666,0.5396825396825398,0.0,0.43243243243243246,0.5675675675675675,0.45322330350957185,0
HEROMOTOCO,6,0.95,945,105,56,2025-12-18,2026-04-10,0.5535714285714286,0.5994897959183674,0.5098039215686274,0.5652173913043478,0.4642857142857143,13,10,18,15,0.5892857142857143,0.5535714285714286,0.0,0.0,0.0,0.0,0.0,0.0,0.0,0.0,0.5652173913043478,0.5454545454545454,0.0,0.4107142857142857,0.5892857142857143,0.44700171634037306,0
TVSMOTOR,1,0.7,711,79,113,2024-04-19,2024-11-28,0.5663716814159292,0.45390070921985815,0.7134502923976608,0.580952380952381,0.9242424242424242,61,44,3,5,0.4690265486725664,0.5398230088495575,0.0,0.0,0.0,0.0,0.0,0.0,0.0,0.0,0.580952380952381,0.375,0.0,0.9292035398230089,0.07079646017699115,0.2332869209608995,0
TVSMOTOR,2,0.75,762,84,113,2024-08-06,2025-03-21,0.504424778761062,0.5265654648956357,0.6585365853658537,0.5294117647058824,0.8709677419354839,54,48,3,8,0.584070796460177,0.5132743362831859,0.0,0.0,0.0,0.0,0.0,0.0,0.0,0.0,0.5294117647058824,0.2727272727272727,0.0,0.9026548672566371,0.09734513274336283,0.4212250451615039,0
TVSMOTOR,3,0.8,813,90,113,2024-12-02,2025-07-18,0.5486725663716814,0.5323899371069183,0.6982248520710059,0.5412844036697247,0.9833333333333333,59,50,3,1,0.49557522123893805,0.5309734513274337,0.0,0.0,0.0,0.0,0.0,0.0,0.0,0.0,0.5412844036697247,0.75,0.0,0.9646017699115044,0.035398230088495575,0.43783776755393317,0
TVSMOTOR,4,0.85,864,95,113,2025-03-24,2025-12-10,0.5221238938053098,0.47614563716258634,0.686046511627907,0.5221238938053098,1.0,59,54,0,0,0.48672566371681414,0.5221238938053098,0.0,0.0,0.0,0.0,0.0,0.0,0.0,0.0,0.5221238938053098,0.0,0.0,1.0,0.0,0.33952044033842954,0
TVSMOTOR,5,0.9,915,101,113,2025-07-21,2026-04-10,0.5221238938053098,0.5025078369905955,0.625,0.5056179775280899,0.8181818181818182,45,44,14,10,0.5398230088495575,0.48672566371681414,0.0,0.0,0.0,0.0,0.0,0.0,0.0,0.0,0.5056179775280899,0.5833333333333333,0.0,0.7876106194690266,0.21238938053097345,0.46223412563889366,0
TVSMOTOR,6,0.95,965,107,57,2025-12-11,2026-04-10,0.47368421052631576,0.4751861042183623,0.5833333333333334,0.45652173913043476,0.8076923076923077,21,25,6,5,0.42105263157894735,0.43859649122807015,0.0,0.0,0.0,0.0,0.0,0.0,0.0,0.0,0.45652173913043476,0.5454545454545454,0.0,0.8070175438596491,0.19298245614035087,1.0,0
EICHERMOT,1,0.7,716,79,113,2024-03-20,2024-12-02,0.5221238938053098,0.5662272441933459,0.4375,0.5675675675675675,0.3559322033898305,21,16,38,38,0.504424778761062,0.504424778761062,0.0,0.0,0.0,0.0,0.0,0.0,0.0,0.0,0.5675675675675675,0.5,0.0,0.3274336283185841,0.672566371681416,0.19188770594279086,0
EICHERMOT,2,0.75,767,85,113,2024-08-05,2025-03-25,0.5486725663716814,0.5264817150063051,0.4631578947368421,0.5116279069767442,0.4230769230769231,22,21,40,30,0.4690265486725664,0.5398230088495575,0.0,0.0,0.0,0.0,0.0,0.0,0.0,0.0,0.5116279069767442,0.5714285714285714,0.0,0.3805309734513274,0.6194690265486725,1.0,0
EICHERMOT,3,0.8,818,90,114,2024-12-03,2025-07-25,0.49122807017543857,0.4852216748768473,0.5538461538461539,0.4864864864864865,0.6428571428571429,36,38,20,20,0.5175438596491229,0.47368421052631576,0.0,0.0,0.0,0.0,0.0,0.0,0.0,0.0,0.4864864864864865,0.5,0.0,0.6491228070175439,0.3508771929824561,0.16995332494361165,0
EICHERMOT,4,0.85,869,96,114,2025-03-26,2025-12-12,0.5614035087719298,0.531875,0.609375,0.609375,0.609375,39,25,25,25,0.4473684210526316,0.5087719298245614,0.0,0.0,0.0,0.0,0.0,0.0,0.0,0.0,0.609375,0.5,0.0,0.5614035087719298,0.43859649122807015,0.10000660285425449,0
EICHERMOT,5,0.9,920,102,114,2025-07-28,2026-04-10,0.45614035087719296,0.4926859632741985,0.45614035087719296,0.5098039215686274,0.4126984126984127,26,25,26,37,0.5701754385964912,0.45614035087719296,0.0,0.0,0.0,0.0,0.0,0.0,0.0,0.0,0.5098039215686274,0.4126984126984127,0.0,0.4473684210526316,0.5526315789473685,1.0,0
EICHERMOT,6,0.95,972,107,57,2025-12-15,2026-04-10,0.5614035087719298,0.46049382716049386,0.6031746031746031,0.5277777777777778,0.7037037037037037,19,17,13,8,0.5263157894736842,0.5263157894736842,0.0,0.0,0.0,0.0,0.0,0.0,0.0,0.0,0.5277777777777778,0.6190476190476191,0.0,0.631578947368421,0.3684210526315789,1.0,0
M&M,1,0.7,697,77,110,2024-05-10,2024-12-12,0.5181818181818182,0.541371158392435,0.6293706293706294,0.5625,0.7142857142857143,45,35,12,18,0.5545454545454546,0.5909090909090909,0.0,0.0,0.0,0.0,0.0,0.0,0.0,0.0,0.5625,0.4,0.0,0.7272727272727273,0.2727272727272727,0.14760429125432373,0
M&M,2,0.75,747,82,111,2024-08-29,2025-04-03,0.4954954954954955,0.4918778427550357,0.6,0.5060240963855421,0.7368421052631579,42,41,13,15,0.5405405405405406,0.5135135135135135,0.0,0.0,0.0,0.0,0.0,0.0,0.0,0.0,0.5060240963855421,0.4642857142857143,0.0,0.7477477477477478,0.25225225225225223,0.1895918663127467,0
M&M,3,0.8,796,88,111,2024-12-16,2025-08-07,0.5315315315315315,0.4590110605074821,0.6829268292682927,0.5283018867924528,0.9655172413793104,56,50,3,2,0.5135135135135135,0.5225225225225225,0.0,0.0,0.0,0.0,0.0,0.0,0.0,0.0,0.5283018867924528,0.6,0.0,0.954954954954955,0.04504504504504504,0.2096145153985398,0
M&M,4,0.85,846,94,110,2025-04-04,2025-12-03,0.5727272727272728,0.5130023640661938,0.6928104575163399,0.5888888888888889,0.8412698412698413,53,37,10,10,0.5454545454545454,0.5727272727272728,0.0,0.0,0.0,0.0,0.0,0.0,0.0,0.0,0.5888888888888889,0.5,0.0,0.8181818181818182,0.18181818181818182,1.0,0
M&M,5,0.9,896,99,111,2025-08-08,2026-04-10,0.5225225225225225,0.5016233766233766,0.6442953020134228,0.5161290322580645,0.8571428571428571,48,45,10,8,0.5225225225225225,0.5045045045045045,0.0,0.0,0.0,0.0,0.0,0.0,0.0,0.0,0.5161290322580645,0.5555555555555556,0.0,0.8378378378378378,0.16216216216216217,1.0,0
M&M,6,0.95,945,105,56,2025-12-04,2026-04-10,0.48214285714285715,0.5509677419354839,0.5245901639344263,0.4444444444444444,0.64,16,20,11,9,0.5892857142857143,0.5,0.0,0.0,0.0,0.0,0.0,0.0,0.0,0.0,0.4444444444444444,0.55,0.0,0.6428571428571429,0.35714285714285715,0.61823345310317,0
BOSCHLTD,1,0.7,782,86,124,2024-01-05,2024-10-01,0.5483870967741935,0.47032348804500707,0.6410256410256411,0.6493506493506493,0.6329113924050633,50,27,18,29,0.5887096774193549,0.5403225806451613,0.0,0.0,0.0,0.0,0.0,0.0,0.0,0.0,0.6493506493506493,0.3829787234042553,0.0,0.6209677419354839,0.3790322580645161,0.11020586768370288,0
BOSCHLTD,2,0.75,837,93,124,2024-05-31,2025-02-21,0.532258064516129,0.5554106910039114,0.6506024096385542,0.5346534653465347,0.8307692307692308,54,47,12,11,0.47580645161290325,0.5241935483870968,0.0,0.0,0.0,0.0,0.0,0.0,0.0,0.0,0.5346534653465347,0.5217391304347826,0.0,0.8145161290322581,0.18548387096774194,0.13738504699869653,0
BOSCHLTD,3,0.8,893,99,124,2024-10-07,2025-07-22,0.5,0.5140974967061924,0.6593406593406593,0.5309734513274337,0.8695652173913043,60,53,2,9,0.5725806451612904,0.5564516129032258,0.0,0.0,0.0,0.0,0.0,0.0,0.0,0.0,0.5309734513274337,0.18181818181818177,0.0,0.9112903225806451,0.08870967741935484,0.236844528946888,0
BOSCHLTD,4,0.85,949,105,124,2025-02-24,2025-12-01,0.6129032258064516,0.517989417989418,0.7073170731707317,0.6170212765957447,0.8285714285714286,58,36,18,12,0.5806451612903226,0.5564516129032258,0.0,0.0,0.0,0.0,0.0,0.0,0.0,0.0,0.6170212765957447,0.6,0.0,0.7580645161290323,0.24193548387096775,0.7370745636745926,0
BOSCHLTD,5,0.9,1005,111,124,2025-07-25,2026-04-10,0.4838709677419355,0.47006302521008403,0.6049382716049383,0.46226415094339623,0.875,49,57,11,7,0.45161290322580644,0.45161290322580644,0.0,0.0,0.0,0.0,0.0,0.0,0.0,0.0,0.46226415094339623,0.6111111111111112,0.0,0.8548387096774194,0.14516129032258066,0.8368647968101112,0
BOSCHLTD,6,0.95,1061,117,62,2025-12-03,2026-04-10,0.4838709677419355,0.4170168067226891,0.5897435897435898,0.46,0.8214285714285714,23,27,7,5,0.5483870967741935,0.5,0.0,0.0,0.0,0.0,0.0,0.0,0.0,0.0,0.46,0.5833333333333333,0.0,0.8064516129032258,0.1935483870967742,0.44526267113965334,0
EXIDEIND,1,0.7,697,77,110,2024-05-08,2024-12-09,0.4909090909090909,0.4996693121693122,0.654320987654321,0.5,0.9464285714285714,53,53,1,3,0.5636363636363636,0.509090909090909,0.0,0.0,0.0,0.0,0.0,0.0,0.0,0.0,0.5,0.25,0.0,0.9636363636363636,0.03636363636363636,0.16968456679610092,0
EXIDEIND,2,0.75,747,82,111,2024-08-30,2025-04-07,0.5225225225225225,0.5209150326797386,0.576,0.4864864864864865,0.7058823529411765,36,38,22,15,0.5315315315315315,0.4594594594594595,0.0,0.0,0.0,0.0,0.0,0.0,0.0,0.0,0.4864864864864865,0.5945945945945945,0.0,0.6666666666666666,0.3333333333333333,0.38084405097129037,0
EXIDEIND,3,0.8,796,88,111,2024-12-10,2025-08-07,0.43243243243243246,0.3743506493506493,0.5401459854014599,0.4567901234567901,0.6607142857142857,37,44,11,19,0.5225225225225225,0.4864864864864865,0.0,0.0,0.0,0.0,0.0,0.0,0.0,0.0,0.4567901234567901,0.3666666666666667,0.0,0.7297297297297297,0.2702702702702703,1.0,0
EXIDEIND,4,0.85,846,94,110,2025-04-08,2025-12-09,0.4909090909090909,0.47883597883597884,0.631578947368421,0.5,0.8571428571428571,48,48,6,8,0.44545454545454544,0.509090909090909,0.0,0.0,0.0,0.0,0.0,0.0,0.0,0.0,0.5,0.4285714285714286,0.0,0.8727272727272727,0.12727272727272726,1.0,0
EXIDEIND,5,0.9,896,99,111,2025-08-08,2026-04-09,0.4864864864864865,0.4868852459016393,0.49557522123893805,0.4444444444444444,0.56,28,35,26,22,0.5135135135135135,0.45045045045045046,0.0,0.0,0.0,0.0,0.0,0.0,0.0,0.0,0.4444444444444444,0.5416666666666667,0.0,0.5675675675675675,0.43243243243243246,1.0,0
EXIDEIND,6,0.95,945,105,56,2025-12-10,2026-04-09,0.4642857142857143,0.5065104166666666,0.4642857142857143,0.40625,0.5416666666666666,13,19,13,11,0.48214285714285715,0.42857142857142855,0.0,0.0,0.0,0.0,0.0,0.0,0.0,0.0,0.40625,0.5416666666666667,0.0,0.5714285714285714,0.42857142857142855,1.0,0
MOTHERSON,1,0.7,750,83,119,2024-05-14,2024-12-24,0.453781512605042,0.41938250428816465,0.48,0.5084745762711864,0.45454545454545453,30,29,24,36,0.5210084033613446,0.40336134453781514,0.0,0.0,0.0,0.0,0.0,0.0,0.0,0.0,0.5084745762711864,0.4,0.0,0.4957983193277311,0.5042016806722689,0.4253080732565129,0
MOTHERSON,2,0.75,804,89,119,2024-09-11,2025-04-22,0.5042016806722689,0.5295454545454547,0.5755395683453237,0.47619047619047616,0.7272727272727273,40,44,20,15,0.5042016806722689,0.47058823529411764,0.0,0.0,0.0,0.0,0.0,0.0,0.0,0.0,0.47619047619047616,0.5714285714285714,0.0,0.7058823529411765,0.29411764705882354,0.34243093238813166,0
MOTHERSON,3,0.8,857,95,119,2024-12-27,2025-08-01,0.5462184873949579,0.5053672316384181,0.6582278481012658,0.5252525252525253,0.8813559322033898,52,47,13,7,0.4369747899159664,0.4957983193277311,0.0,0.0,0.0,0.0,0.0,0.0,0.0,0.0,0.5252525252525253,0.65,0.0,0.8319327731092437,0.16806722689075632,2.777734754699895,0
MOTHERSON,4,0.85,911,101,119,2025-04-24,2025-12-08,0.4789915966386555,0.4649122807017544,0.5866666666666667,0.5,0.7096774193548387,44,44,13,18,0.4957983193277311,0.46218487394957986,0.0,0.0,0.0,0.0,0.0,0.0,0.0,0.0,0.5,0.4193548387096774,0.0,0.7394957983193278,0.2605042016806723,1.0,0
MOTHERSON,5,0.9,964,107,120,2025-08-04,2026-04-10,0.38333333333333336,0.40878754171301446,0.4032258064516129,0.3787878787878788,0.43103448275862066,25,41,21,33,0.4166666666666667,0.4083333333333333,0.0,0.0,0.0,0.0,0.0,0.0,0.0,0.0,0.3787878787878788,0.38888888888888884,0.0,0.55,0.45,1.0,0
MOTHERSON,6,0.95,1018,113,60,2025-12-09,2026-04-10,0.6,0.5937149270482603,0.625,0.5405405405405406,0.7407407407407407,20,17,16,7,0.5166666666666667,0.5333333333333333,0.0,0.0,0.0,0.0,0.0,0.0,0.0,0.0,0.5405405405405406,0.6956521739130435,0.0,0.6166666666666667,0.38333333333333336,1.0,0
SUNPHARMA,1,0.7,662,73,105,2024-03-13,2024-11-05,0.38095238095238093,0.4516250944822373,0.32989690721649484,0.47058823529411764,0.25396825396825395,16,18,24,47,0.4857142857142857,0.3904761904761905,0.0,0.0,0.0,0.0,0.0,0.0,0.0,0.0,0.47058823529411764,0.3380281690140845,0.0,0.3238095238095238,0.6761904761904762,1.0,0
SUNPHARMA,2,0.75,709,78,105,2024-07-12,2025-03-10,0.5619047619047619,0.5947024673439768,0.5818181818181818,0.5614035087719298,0.6037735849056604,32,25,27,21,0.6285714285714286,0.5714285714285714,0.0,0.0,0.0,0.0,0.0,0.0,0.0,0.0,0.5614035087719298,0.5625,0.0,0.5428571428571428,0.45714285714285713,0.18654209694152318,0
SUNPHARMA,3,0.8,756,84,105,2024-11-06,2025-07-15,0.5047619047619047,0.5142543859649124,0.5517241379310345,0.47058823529411764,0.6666666666666666,32,36,21,16,0.5238095238095238,0.45714285714285713,0.0,0.0,0.0,0.0,0.0,0.0,0.0,0.0,0.47058823529411764,0.5675675675675675,0.0,0.6476190476190476,0.3523809523809524,1.0,0
SUNPHARMA,4,0.85,803,89,105,2025-03-11,2025-11-27,0.5238095238095238,0.5118518518518518,0.6031746031746031,0.5757575757575758,0.6333333333333333,38,28,17,22,0.5333333333333333,0.5047619047619047,0.0,0.0,0.0,0.0,0.0,0.0,0.0,0.0,0.5757575757575758,0.4358974358974359,0.0,0.6285714285714286,0.37142857142857144,0.4095738537797912,0
SUNPHARMA,5,0.9,851,94,105,2025-07-17,2026-04-09,0.49523809523809526,0.473396501457726,0.5891472868217055,0.5205479452054794,0.6785714285714286,38,35,14,18,0.5142857142857142,0.47619047619047616,0.0,0.0,0.0,0.0,0.0,0.0,0.0,0.0,0.5205479452054794,0.4375,0.0,0.6952380952380952,0.3047619047619048,0.44397031226871136,0
SUNPHARMA,6,0.95,898,99,53,2025-12-01,2026-04-09,0.4716981132075472,0.53,0.5483870967741935,0.4594594594594595,0.68,17,20,8,8,0.4716981132075472,0.5471698113207547,0.0,0.0,0.0,0.0,0.0,0.0,0.0,0.0,0.4594594594594595,0.5,0.0,0.6981132075471698,0.3018867924528302,0.4660272434537948,0
DRREDDY,1,0.7,651,72,104,2024-04-15,2024-12-09,0.47115384615384615,0.30077691453940064,0.6405228758169934,0.4803921568627451,0.9607843137254902,49,53,0,2,0.41346153846153844,0.49038461538461536,0.0,0.0,0.0,0.0,0.0,0.0,0.0,0.0,0.4803921568627451,0.0,0.0,0.9807692307692307,0.019230769230769232,0.2946852507888362,0
DRREDDY,2,0.75,698,77,103,2024-08-08,2025-04-03,0.46601941747572817,0.41912320483749055,0.6153846153846154,0.46808510638297873,0.8979591836734694,44,50,4,5,0.4368932038834951,0.47572815533980584,0.0,0.0,0.0,0.0,0.0,0.0,0.0,0.0,0.46808510638297873,0.4444444444444444,0.0,0.912621359223301,0.08737864077669903,0.15559680491153052,0
DRREDDY,3,0.8,745,82,103,2024-12-11,2025-07-29,0.5436893203883495,0.4097701149425287,0.6887417218543046,0.5591397849462365,0.896551724137931,52,41,4,6,0.5922330097087378,0.5631067961165048,0.0,0.0,0.0,0.0,0.0,0.0,0.0,0.0,0.5591397849462365,0.4,0.0,0.9029126213592233,0.0970873786407767,1.0,0
DRREDDY,4,0.85,791,87,104,2025-04-04,2025-11-27,0.5673076923076923,0.5356462066336256,0.697986577181208,0.5909090909090909,0.8524590163934426,52,36,7,9,0.5961538461538461,0.5865384615384616,0.0,0.0,0.0,0.0,0.0,0.0,0.0,0.0,0.5909090909090909,0.4375,0.0,0.8461538461538461,0.15384615384615385,1.0,0
DRREDDY,5,0.9,837,93,104,2025-07-30,2026-04-09,0.5096153846153846,0.4910044977511245,0.6046511627906976,0.5492957746478874,0.6724137931034483,39,32,14,19,0.5480769230769231,0.41346153846153844,0.0,0.0,0.0,0.0,0.0,0.0,0.0,0.0,0.5492957746478874,0.4242424242424242,0.0,0.6826923076923077,0.3173076923076923,0.49602232447076344,0
DRREDDY,6,0.95,884,98,52,2025-12-01,2026-04-09,0.5192307692307693,0.45982142857142855,0.647887323943662,0.5348837209302325,0.8214285714285714,23,20,4,5,0.46153846153846156,0.4230769230769231,0.0,0.0,0.0,0.0,0.0,0.0,0.0,0.0,0.5348837209302325,0.4444444444444444,0.0,0.8269230769230769,0.17307692307692307,0.1201580789486545,0
CIPLA,1,0.7,658,73,105,2024-03-21,2024-11-11,0.47619047619047616,0.4713144517066086,0.47619047619047616,0.46296296296296297,0.49019607843137253,25,29,25,26,0.5142857142857142,0.45714285714285713,0.0,0.0,0.0,0.0,0.0,0.0,0.0,0.0,0.46296296296296297,0.4901960784313726,0.0,0.5142857142857142,0.4857142857142857,0.12869161775767013,0
CIPLA,2,0.75,705,78,105,2024-08-02,2025-03-19,0.4857142857142857,0.49564586357039186,0.5423728813559322,0.49230769230769234,0.6037735849056604,32,33,19,21,0.4666666666666667,0.4857142857142857,0.0,0.0,0.0,0.0,0.0,0.0,0.0,0.0,0.49230769230769234,0.475,0.0,0.6190476190476191,0.38095238095238093,0.3580100238145807,0
CIPLA,3,0.8,753,83,104,2024-11-12,2025-07-23,0.5288461538461539,0.5111607142857143,0.6370370370370371,0.5443037974683544,0.7678571428571429,43,36,12,13,0.5192307692307693,0.5192307692307693,0.0,0.0,0.0,0.0,0.0,0.0,0.0,0.0,0.5443037974683544,0.48,0.0,0.7596153846153846,0.2403846153846154,0.40348362382669717,0
CIPLA,4,0.85,800,88,104,2025-03-20,2025-11-21,0.5,0.5357142857142858,0.6176470588235294,0.525,0.75,42,38,10,14,0.5576923076923077,0.5288461538461539,0.0,0.0,0.0,0.0,0.0,0.0,0.0,0.0,0.525,0.41666666666666663,0.0,0.7692307692307693,0.23076923076923078,0.10000660285425449,0
CIPLA,5,0.9,846,94,105,2025-07-24,2026-04-10,0.4666666666666667,0.47490909090909084,0.5333333333333333,0.45714285714285713,0.64,32,38,17,18,0.47619047619047616,0.44761904761904764,0.0,0.0,0.0,0.0,0.0,0.0,0.0,0.0,0.45714285714285713,0.48571428571428577,0.0,0.6666666666666666,0.3333333333333333,0.2936834616067899,0
CIPLA,6,0.95,893,99,53,2025-11-25,2026-04-10,0.39622641509433965,0.467741935483871,0.42857142857142855,0.35294117647058826,0.5454545454545454,12,22,9,10,0.6037735849056604,0.4716981132075472,0.0,0.0,0.0,0.0,0.0,0.0,0.0,0.0,0.35294117647058826,0.4736842105263158,0.0,0.6415094339622641,0.3584905660377358,0.5390090642715148,0
LUPIN,1,0.7,689,76,109,2024-04-03,2024-11-25,0.5045871559633027,0.504394861392833,0.578125,0.5285714285714286,0.6379310344827587,37,33,18,21,0.5321100917431193,0.5045871559633027,0.0,0.0,0.0,0.0,0.0,0.0,0.0,0.0,0.5285714285714286,0.46153846153846156,0.0,0.6422018348623854,0.3577981651376147,0.3565881921520216,0
LUPIN,2,0.75,738,81,110,2024-08-05,2025-03-13,0.5,0.5459656084656085,0.5801526717557252,0.5066666666666667,0.6785714285714286,38,37,17,18,0.5363636363636364,0.44545454545454544,0.0,0.0,0.0,0.0,0.0,0.0,0.0,0.0,0.5066666666666667,0.48571428571428577,0.0,0.6818181818181818,0.3181818181818182,0.3686557470752719,0
LUPIN,3,0.8,787,87,109,2024-11-26,2025-07-16,0.5229357798165137,0.4345762711864407,0.675,0.5346534653465347,0.9152542372881356,54,47,3,5,0.4954128440366973,0.5412844036697247,0.0,0.0,0.0,0.0,0.0,0.0,0.0,0.0,0.5346534653465347,0.375,0.0,0.926605504587156,0.07339449541284404,1.0,0
LUPIN,4,0.85,837,92,109,2025-03-18,2025-11-07,0.5137614678899083,0.4578272604588395,0.6394557823129252,0.5222222222222223,0.8245614035087719,47,43,9,10,0.5229357798165137,0.5412844036697247,0.0,0.0,0.0,0.0,0.0,0.0,0.0,0.0,0.5222222222222223,0.4736842105263158,0.0,0.8256880733944955,0.1743119266055046,1.0,0
LUPIN,5,0.9,885,98,110,2025-07-17,2026-04-10,0.5,0.5802714333002317,0.6258503401360545,0.5111111111111111,0.8070175438596491,46,44,9,11,0.4909090909090909,0.5181818181818182,0.0,0.0,0.0,0.0,0.0,0.0,0.0,0.0,0.5111111111111111,0.44999999999999996,0.0,0.8181818181818182,0.18181818181818182,0.3440327220951302,0
LUPIN,6,0.95,935,103,55,2025-11-10,2026-04-10,0.5636363636363636,0.45733333333333337,0.6571428571428571,0.575,0.7666666666666667,23,17,8,7,0.41818181818181815,0.4727272727272727,0.0,0.0,0.0,0.0,0.0,0.0,0.0,0.0,0.575,0.5333333333333333,0.0,0.7272727272727273,0.2727272727272727,0.4022556886407882,0
TORNTPHARM,1,0.7,671,74,107,2024-04-02,2024-12-11,0.48598130841121495,0.470064148253742,0.5378151260504201,0.5517241379310345,0.5245901639344263,32,26,20,29,0.5046728971962616,0.514018691588785,0.0,0.0,0.0,0.0,0.0,0.0,0.0,0.0,0.5517241379310345,0.40816326530612246,0.0,0.5420560747663551,0.45794392523364486,0.28802903070068,0
TORNTPHARM,2,0.75,719,79,107,2024-08-02,2025-03-28,0.4672897196261682,0.5266666666666666,0.5581395348837209,0.45569620253164556,0.72,36,43,14,14,0.4672897196261682,0.45794392523364486,0.0,0.0,0.0,0.0,0.0,0.0,0.0,0.0,0.45569620253164556,0.5,0.0,0.7383177570093458,0.2616822429906542,0.3543061126997909,0
TORNTPHARM,3,0.8,767,85,106,2024-12-12,2025-07-24,0.5188679245283019,0.4584670231729055,0.6433566433566433,0.5227272727272727,0.8363636363636363,46,42,9,9,0.4716981132075472,0.5,0.0,0.0,0.0,0.0,0.0,0.0,0.0,0.0,0.5227272727272727,0.5,0.0,0.8301886792452831,0.16981132075471697,0.6010969514701541,0
TORNTPHARM,4,0.85,815,90,106,2025-04-02,2025-11-26,0.5471698113207547,0.45678571428571424,0.6923076923076923,0.54,0.9642857142857143,54,46,4,2,0.5,0.5283018867924528,0.0,0.0,0.0,0.0,0.0,0.0,0.0,0.0,0.54,0.6666666666666667,0.0,0.9433962264150944,0.05660377358490566,1.0,0
TORNTPHARM,5,0.9,863,95,107,2025-07-25,2026-04-10,0.4953271028037383,0.4646358543417367,0.5970149253731343,0.5128205128205128,0.7142857142857143,40,38,13,16,0.4766355140186916,0.5233644859813084,0.0,0.0,0.0,0.0,0.0,0.0,0.0,0.0,0.5128205128205128,0.4482758620689655,0.0,0.7289719626168224,0.27102803738317754,1.0,0
TORNTPHARM,6,0.95,910,101,54,2025-12-03,2026-04-10,0.5185185185185185,0.4908835904628331,0.6060606060606061,0.5714285714285714,0.6451612903225806,20,15,8,11,0.5555555555555556,0.5740740740740741,0.0,0.0,0.0,0.0,0.0,0.0,0.0,0.0,0.5714285714285714,0.42105263157894735,0.0,0.6481481481481481,0.35185185185185186,0.47063200231586577,0
DIVISLAB,1,0.7,765,85,122,2023-11-17,2024-09-18,0.45901639344262296,0.4610566448801743,0.4107142857142857,0.5227272727272727,0.3382352941176471,23,21,33,45,0.45901639344262296,0.45081967213114754,0.0,0.0,0.0,0.0,0.0,0.0,0.0,0.0,0.5227272727272727,0.42307692307692313,0.0,0.36065573770491804,0.639344262295082,0.1980542429248633,0
DIVISLAB,2,0.75,820,91,121,2024-04-23,2025-01-31,0.5702479338842975,0.5539135194307607,0.5806451612903226,0.5901639344262295,0.5714285714285714,36,25,33,27,0.5454545454545454,0.4793388429752066,0.0,0.0,0.0,0.0,0.0,0.0,0.0,0.0,0.5901639344262295,0.55,0.0,0.5041322314049587,0.49586776859504134,1.0,0
DIVISLAB,3,0.8,875,97,121,2024-09-20,2025-06-25,0.5206611570247934,0.4527322404371585,0.546875,0.5223880597014925,0.5737704918032787,35,32,28,26,0.5867768595041323,0.49586776859504134,0.0,0.0,0.0,0.0,0.0,0.0,0.0,0.0,0.5223880597014925,0.5185185185185186,0.0,0.5537190082644629,0.4462809917355372,1.0,0
DIVISLAB,4,0.85,929,103,122,2025-02-01,2025-11-04,0.45081967213114754,0.4231601731601732,0.54421768707483,0.49382716049382713,0.6060606060606061,40,41,15,26,0.4918032786885246,0.48360655737704916,0.0,0.0,0.0,0.0,0.0,0.0,0.0,0.0,0.49382716049382713,0.36585365853658536,0.0,0.6639344262295082,0.3360655737704918,0.5295613105384287,0
DIVISLAB,5,0.9,984,109,122,2025-06-26,2026-04-10,0.4344262295081967,0.46120689655172414,0.5174825174825175,0.43529411764705883,0.6379310344827587,37,48,16,21,0.48360655737704916,0.4344262295081967,0.0,0.0,0.0,0.0,0.0,0.0,0.0,0.0,0.43529411764705883,0.43243243243243246,0.0,0.6967213114754098,0.30327868852459017,0.5307651763519555,0
DIVISLAB,6,0.95,1039,115,61,2025-11-07,2026-04-10,0.5573770491803278,0.5318681318681319,0.5573770491803278,0.4857142857142857,0.6538461538461539,17,18,17,9,0.5901639344262295,0.5901639344262295,0.0,0.0,0.0,0.0,0.0,0.0,0.0,0.0,0.4857142857142857,0.6538461538461539,0.0,0.5737704918032787,0.4262295081967213,1.0,0
HINDUNILVR,1,0.7,634,70,101,2024-05-08,2025-01-06,0.5742574257425742,0.6107171000788022,0.5656565656565656,0.5384615384615384,0.5957446808510638,28,24,30,19,0.45544554455445546,0.5445544554455446,0.0,0.0,0.0,0.0,0.0,0.0,0.0,0.0,0.5384615384615384,0.6122448979591837,0.0,0.5148514851485149,0.48514851485148514,0.35991721325637593,0
HINDUNILVR,2,0.75,680,75,100,2024-09-09,2025-05-12,0.58,0.576684580405126,0.5961538461538461,0.49206349206349204,0.7560975609756098,31,32,27,10,0.49,0.57,0.0,0.0,0.0,0.0,0.0,0.0,0.0,0.0,0.49206349206349204,0.7297297297297297,0.0,0.63,0.37,0.3061666770827716,0
HINDUNILVR,3,0.8,725,80,101,2025-01-07,2025-08-21,0.5445544554455446,0.5423529411764706,0.6290322580645161,0.5342465753424658,0.7647058823529411,39,34,16,12,0.5544554455445545,0.504950495049505,0.0,0.0,0.0,0.0,0.0,0.0,0.0,0.0,0.5342465753424658,0.5714285714285714,0.0,0.7227722772277227,0.27722772277227725,1.0,0
HINDUNILVR,4,0.85,770,85,101,2025-05-13,2025-12-19,0.5346534653465347,0.5509803921568627,0.6356589147286822,0.5189873417721519,0.82,41,38,13,9,0.5247524752475248,0.5841584158415841,0.0,0.0,0.0,0.0,0.0,0.0,0.0,0.0,0.5189873417721519,0.5909090909090908,0.0,0.7821782178217822,0.21782178217821782,1.0,0
HINDUNILVR,5,0.9,816,90,101,2025-08-25,2026-04-10,0.5841584158415841,0.546383647798742,0.6181818181818182,0.5483870967741935,0.7083333333333334,34,28,25,14,0.4752475247524752,0.504950495049505,0.0,0.0,0.0,0.0,0.0,0.0,0.0,0.0,0.5483870967741935,0.641025641025641,0.0,0.6138613861386139,0.38613861386138615,0.7148753725782603,0
HINDUNILVR,6,0.95,861,95,51,2025-12-22,2026-04-10,0.5490196078431373,0.5555555555555556,0.4888888888888889,0.5238095238095238,0.4583333333333333,11,10,17,13,0.5490196078431373,0.47058823529411764,0.0,0.0,0.0,0.0,0.0,0.0,0.0,0.0,0.5238095238095238,0.5666666666666667,0.0,0.4117647058823529,0.5882352941176471,0.10000660285425449,0
ALKEM,1,0.7,680,75,108,2024-04-05,2024-11-11,0.5277777777777778,0.5921097770154373,0.49504950495049505,0.5434782608695652,0.45454545454545453,25,21,32,30,0.5092592592592593,0.48148148148148145,0.0,0.0,0.0,0.0,0.0,0.0,0.0,0.0,0.5434782608695652,0.5161290322580645,0.0,0.42592592592592593,0.5740740740740741,0.2964058816421682,0
ALKEM,2,0.75,729,80,108,2024-07-29,2025-03-10,0.5092592592592593,0.5516295025728988,0.5826771653543307,0.5,0.6981132075471698,37,37,18,16,0.5185185185185185,0.5370370370370371,0.0,0.0,0.0,0.0,0.0,0.0,0.0,0.0,0.5,0.5294117647058824,0.0,0.6851851851851852,0.3148148148148148,0.36606122696354026,0
ALKEM,3,0.8,777,86,108,2024-11-12,2025-07-10,0.5,0.5281909373919059,0.5263157894736842,0.46153846153846156,0.6122448979591837,30,35,24,19,0.5,0.5,0.0,0.0,0.0,0.0,0.0,0.0,0.0,0.0,0.46153846153846156,0.5581395348837209,0.0,0.6018518518518519,0.39814814814814814,0.45025669821563347,0
ALKEM,4,0.85,826,91,108,2025-03-11,2025-12-08,0.5462962962962963,0.4852335164835165,0.6524822695035462,0.5411764705882353,0.8214285714285714,46,39,13,10,0.5462962962962963,0.5092592592592593,0.0,0.0,0.0,0.0,0.0,0.0,0.0,0.0,0.5411764705882353,0.5652173913043479,0.0,0.7870370370370371,0.21296296296296297,0.1778699622235787,0
ALKEM,5,0.9,874,97,108,2025-07-11,2026-04-10,0.5462962962962963,0.5408093278463648,0.6016260162601627,0.5362318840579711,0.6851851851851852,37,32,22,17,0.5277777777777778,0.5740740740740741,0.0,0.0,0.0,0.0,0.0,0.0,0.0,0.0,0.5362318840579711,0.5641025641025641,0.0,0.6388888888888888,0.3611111111111111,1.5756591613227673,0
ALKEM,6,0.95,923,102,54,2025-12-09,2026-04-10,0.5370370370370371,0.5083333333333333,0.5098039215686274,0.48148148148148145,0.5416666666666666,13,14,16,11,0.5,0.5555555555555556,0.0,0.0,0.0,0.0,0.0,0.0,0.0,0.0,0.48148148148148145,0.5925925925925926,0.0,0.5,0.5,1.0,0
AUROPHARMA,1,0.7,727,80,115,2024-05-10,2024-12-27,0.5391304347826087,0.6018181818181818,0.5137614678899083,0.5185185185185185,0.509090909090909,28,26,34,27,0.5478260869565217,0.6695652173913044,0.0,0.0,0.0,0.0,0.0,0.0,0.0,0.0,0.5185185185185185,0.5573770491803278,0.0,0.46956521739130436,0.5304347826086957,0.6826184402470233,0
AUROPHARMA,2,0.75,778,86,116,2024-09-06,2025-04-23,0.45689655172413796,0.4635416666666667,0.45217391304347826,0.3880597014925373,0.5416666666666666,26,41,27,22,0.4396551724137931,0.43103448275862066,0.0,0.0,0.0,0.0,0.0,0.0,0.0,0.0,0.3880597014925373,0.5510204081632653,0.0,0.5775862068965517,0.4224137931034483,0.3212172538878823,0
AUROPHARMA,3,0.8,830,92,115,2024-12-30,2025-08-13,0.4956521739130435,0.4603510895883777,0.5606060606060606,0.4868421052631579,0.6607142857142857,37,39,20,19,0.4434782608695652,0.5130434782608696,0.0,0.0,0.0,0.0,0.0,0.0,0.0,0.0,0.4868421052631579,0.5128205128205128,0.0,0.6608695652173913,0.3391304347826087,0.6223963419389694,0
AUROPHARMA,4,0.85,882,98,115,2025-04-24,2025-12-15,0.48695652173913045,0.5278281911675742,0.512396694214876,0.49206349206349204,0.5344827586206896,31,32,25,27,0.41739130434782606,0.5043478260869565,0.0,0.0,0.0,0.0,0.0,0.0,0.0,0.0,0.49206349206349204,0.4807692307692307,0.0,0.5478260869565217,0.45217391304347826,1.0,0
AUROPHARMA,5,0.9,934,103,116,2025-08-14,2026-04-10,0.5172413793103449,0.5053763440860215,0.4166666666666667,0.5882352941176471,0.3225806451612903,20,14,40,42,0.4827586206896552,0.46551724137931033,0.0,0.0,0.0,0.0,0.0,0.0,0.0,0.0,0.5882352941176471,0.4878048780487805,0.0,0.29310344827586204,0.7068965517241379,1.0,0
AUROPHARMA,6,0.95,986,109,58,2025-12-16,2026-04-10,0.46551724137931033,0.5324519230769231,0.39215686274509803,0.5263157894736842,0.3125,10,9,17,22,0.5172413793103449,0.5172413793103449,0.0,0.0,0.0,0.0,0.0,0.0,0.0,0.0,0.5263157894736842,0.4358974358974359,0.0,0.3275862068965517,0.6724137931034483,1.0,0
NESTLEIND,1,0.7,628,69,100,2024-05-07,2024-12-30,0.41,0.354,0.4778761061946903,0.42857142857142855,0.54,27,36,14,23,0.44,0.39,0.0,0.0,0.0,0.0,0.0,0.0,0.0,0.0,0.42857142857142855,0.3783783783783784,0.0,0.63,0.37,0.5637208684221837,0
NESTLEIND,2,0.75,673,74,100,2024-09-04,2025-05-06,0.47,0.45885186672019274,0.576,0.46153846153846156,0.7659574468085106,36,42,11,11,0.55,0.48,0.0,0.0,0.0,0.0,0.0,0.0,0.0,0.0,0.46153846153846156,0.5,0.0,0.78,0.22,0.774789808872019,0
NESTLEIND,3,0.8,718,79,100,2025-01-01,2025-08-13,0.51,0.5166066426570628,0.6423357664233577,0.5116279069767442,0.8627450980392157,44,42,7,7,0.5,0.51,0.0,0.0,0.0,0.0,0.0,0.0,0.0,0.0,0.5116279069767442,0.5,0.0,0.86,0.14,1.0,0
NESTLEIND,4,0.85,763,84,100,2025-05-08,2025-12-16,0.47,0.468349358974359,0.6074074074074074,0.47126436781609193,0.8541666666666666,41,46,6,7,0.44,0.48,0.0,0.0,0.0,0.0,0.0,0.0,0.0,0.0,0.47126436781609193,0.46153846153846156,0.0,0.87,0.13,1.0,0
NESTLEIND,5,0.9,808,89,100,2025-08-14,2026-04-10,0.52,0.5364583333333334,0.6307692307692307,0.5,0.8541666666666666,41,41,11,7,0.53,0.48,0.0,0.0,0.0,0.0,0.0,0.0,0.0,0.0,0.5,0.6111111111111112,0.0,0.82,0.18,0.17579358657032276,0
NESTLEIND,6,0.95,853,94,50,2025-12-18,2026-04-10,0.52,0.5456,0.5384615384615384,0.5185185185185185,0.56,14,13,12,11,0.62,0.46,0.0,0.0,0.0,0.0,0.0,0.0,0.0,0.0,0.5185185185185185,0.5217391304347826,0.0,0.54,0.46,1.0,0
ITC,1,0.7,645,71,103,2024-02-21,2024-10-23,0.5145631067961165,0.5369532428355958,0.5901639344262295,0.5142857142857142,0.6923076923076923,36,34,17,16,0.5339805825242718,0.5533980582524272,0.0,0.0,0.0,0.0,0.0,0.0,0.0,0.0,0.5142857142857142,0.5151515151515151,0.0,0.6796116504854369,0.32038834951456313,0.5628668292473791,0
ITC,2,0.75,692,76,102,2024-07-02,2025-03-04,0.5294117647058824,0.6058479532163743,0.6065573770491803,0.4805194805194805,0.8222222222222222,37,40,17,8,0.5882352941176471,0.4803921568627451,0.0,0.0,0.0,0.0,0.0,0.0,0.0,0.0,0.4805194805194805,0.6799999999999999,0.0,0.7549019607843137,0.24509803921568626,1.0,0
ITC,3,0.8,738,81,102,2024-10-24,2025-07-30,0.5196078431372549,0.5093167701863355,0.5811965811965812,0.4788732394366197,0.7391304347826086,34,37,19,12,0.43137254901960786,0.45098039215686275,0.0,0.0,0.0,0.0,0.0,0.0,0.0,0.0,0.4788732394366197,0.6129032258064516,0.0,0.696078431372549,0.30392156862745096,1.0,0
ITC,4,0.85,783,87,102,2025-03-06,2025-12-09,0.4215686274509804,0.4338461538461539,0.45871559633027525,0.43859649122807015,0.4807692307692308,25,32,18,27,0.49019607843137253,0.4411764705882353,0.0,0.0,0.0,0.0,0.0,0.0,0.0,0.0,0.43859649122807015,0.4,0.0,0.5588235294117647,0.4411764705882353,0.512909804271714,0
ITC,5,0.9,829,92,103,2025-07-31,2026-04-10,0.49514563106796117,0.4661016949152542,0.38095238095238093,0.4,0.36363636363636365,16,24,35,28,0.4563106796116505,0.4563106796116505,0.0,0.0,0.0,0.0,0.0,0.0,0.0,0.0,0.4,0.5555555555555556,0.0,0.3883495145631068,0.6116504854368932,1.0,0
ITC,6,0.95,875,97,52,2025-12-11,2026-04-10,0.5769230769230769,0.5151515151515151,0.21428571428571427,0.3333333333333333,0.15789473684210525,3,6,27,16,0.5192307692307693,0.6346153846153846,0.0,0.0,0.0,0.0,0.0,0.0,0.0,0.0,0.3333333333333333,0.627906976744186,0.0,0.17307692307692307,0.8269230769230769,1.0,0
BRITANNIA,1,0.7,620,68,99,2024-05-23,2025-01-08,0.5656565656565656,0.577112387202625,0.6324786324786325,0.578125,0.6981132075471698,37,27,19,16,0.5656565656565656,0.6060606060606061,0.0,0.0,0.0,0.0,0.0,0.0,0.0,0.0,0.578125,0.5428571428571429,0.0,0.6464646464646465,0.35353535353535354,0.5470145975866039,0
BRITANNIA,2,0.75,665,73,98,2024-09-16,2025-05-06,0.5204081632653061,0.5414410662224073,0.6178861788617886,0.5135135135135135,0.7755102040816326,38,36,13,11,0.45918367346938777,0.5612244897959183,0.0,0.0,0.0,0.0,0.0,0.0,0.0,0.0,0.5135135135135135,0.5416666666666667,0.0,0.7551020408163265,0.24489795918367346,0.7203871197445157,0
BRITANNIA,3,0.8,709,78,98,2025-01-13,2025-08-19,0.5,0.5042283298097252,0.6259541984732825,0.5394736842105263,0.7454545454545455,41,35,8,14,0.5714285714285714,0.5612244897959183,0.0,0.0,0.0,0.0,0.0,0.0,0.0,0.0,0.5394736842105263,0.36363636363636365,0.0,0.7755102040816326,0.22448979591836735,0.11169386240331666,0
BRITANNIA,4,0.85,753,83,98,2025-05-07,2025-12-12,0.5,0.4983164983164983,0.5585585585585585,0.543859649122807,0.5740740740740741,31,26,18,23,0.5306122448979592,0.5306122448979592,0.0,0.0,0.0,0.0,0.0,0.0,0.0,0.0,0.543859649122807,0.4390243902439024,0.0,0.5816326530612245,0.41836734693877553,0.4023080871684985,0
BRITANNIA,5,0.9,797,88,99,2025-08-20,2026-04-10,0.494949494949495,0.4608163265306123,0.5833333333333334,0.5,0.7,35,35,14,15,0.494949494949495,0.494949494949495,0.0,0.0,0.0,0.0,0.0,0.0,0.0,0.0,0.5,0.48275862068965514,0.0,0.7070707070707071,0.29292929292929293,0.3282447637530373,0
BRITANNIA,6,0.95,841,93,50,2025-12-15,2026-04-10,0.5,0.48639999999999994,0.576271186440678,0.5,0.68,17,17,8,8,0.52,0.6,0.0,0.0,0.0,0.0,0.0,0.0,0.0,0.0,0.5,0.5,0.0,0.68,0.32,0.6279735157015411,0
TATACONSUM,1,0.7,695,77,111,2024-03-22,2024-12-06,0.5495495495495496,0.5380116959064327,0.32432432432432434,0.6,0.2222222222222222,12,8,49,42,0.4954954954954955,0.5135135135135135,0.0,0.0,0.0,0.0,0.0,0.0,0.0,0.0,0.6,0.5384615384615384,0.0,0.18018018018018017,0.8198198198198198,1.0,0
TATACONSUM,2,0.75,746,82,110,2024-08-09,2025-04-03,0.4818181818181818,0.5231481481481481,0.5648854961832062,0.49333333333333335,0.6607142857142857,37,38,16,19,0.5,0.44545454545454544,0.0,0.0,0.0,0.0,0.0,0.0,0.0,0.0,0.49333333333333335,0.4571428571428572,0.0,0.6818181818181818,0.3181818181818182,0.6817391318965872,0
TATACONSUM,3,0.8,795,88,110,2024-12-09,2025-07-25,0.4727272727272727,0.46660052910052907,0.5084745762711864,0.4838709677419355,0.5357142857142857,30,32,22,26,0.5454545454545454,0.4909090909090909,0.0,0.0,0.0,0.0,0.0,0.0,0.0,0.0,0.4838709677419355,0.45833333333333337,0.0,0.5636363636363636,0.43636363636363634,0.3805814716315247,0
TATACONSUM,4,0.85,845,93,110,2025-04-04,2025-12-04,0.4818181818181818,0.4952066115702479,0.5648854961832062,0.4868421052631579,0.6727272727272727,37,39,16,18,0.5272727272727272,0.509090909090909,0.0,0.0,0.0,0.0,0.0,0.0,0.0,0.0,0.4868421052631579,0.47058823529411764,0.0,0.6909090909090909,0.3090909090909091,1.0,0
TATACONSUM,5,0.9,894,99,111,2025-07-29,2026-04-09,0.44144144144144143,0.405985686402082,0.5303030303030303,0.47297297297297297,0.603448275862069,35,39,14,23,0.4594594594594595,0.4774774774774775,0.0,0.0,0.0,0.0,0.0,0.0,0.0,0.0,0.47297297297297297,0.3783783783783784,0.0,0.6666666666666666,0.3333333333333333,0.4584778150455941,0
TATACONSUM,6,0.95,944,104,56,2025-12-05,2026-04-09,0.375,0.35459183673469385,0.47761194029850745,0.41025641025641024,0.5714285714285714,16,23,5,12,0.39285714285714285,0.5178571428571429,0.0,0.0,0.0,0.0,0.0,0.0,0.0,0.0,0.41025641025641024,0.2941176470588235,0.0,0.6964285714285714,0.30357142857142855,1.0,0
MARICO,1,0.7,660,73,105,2024-05-03,2024-12-06,0.5428571428571428,0.5132061628760088,0.5714285714285714,0.5925925925925926,0.5517241379310345,32,22,25,26,0.45714285714285713,0.5238095238095238,0.0,0.0,0.0,0.0,0.0,0.0,0.0,0.0,0.5925925925925926,0.4901960784313726,0.0,0.5142857142857142,0.4857142857142857,0.4897636964272568,0
MARICO,2,0.75,708,78,104,2024-08-22,2025-03-27,0.47115384615384615,0.49610389610389616,0.5299145299145299,0.45588235294117646,0.6326530612244898,31,37,18,18,0.4519230769230769,0.4423076923076923,0.0,0.0,0.0,0.0,0.0,0.0,0.0,0.0,0.45588235294117646,0.5,0.0,0.6538461538461539,0.34615384615384615,0.5929293548680209,0
MARICO,3,0.8,755,83,105,2024-12-09,2025-07-31,0.45714285714285713,0.41509433962264153,0.5043478260869565,0.46774193548387094,0.5471698113207547,29,33,19,24,0.4857142857142857,0.4666666666666667,0.0,0.0,0.0,0.0,0.0,0.0,0.0,0.0,0.46774193548387094,0.4418604651162791,0.0,0.5904761904761905,0.4095238095238095,2.6711628372941165,0
MARICO,4,0.85,801,89,105,2025-03-28,2025-12-02,0.5142857142857142,0.533015407190022,0.6046511627906976,0.47560975609756095,0.8297872340425532,39,43,15,8,0.5333333333333333,0.44761904761904764,0.0,0.0,0.0,0.0,0.0,0.0,0.0,0.0,0.47560975609756095,0.6521739130434783,0.0,0.780952380952381,0.21904761904761905,1.0,0
MARICO,5,0.9,849,94,105,2025-08-01,2026-04-10,0.45714285714285713,0.5198092443140132,0.4864864864864865,0.421875,0.574468085106383,27,37,21,20,0.5523809523809524,0.44761904761904764,0.0,0.0,0.0,0.0,0.0,0.0,0.0,0.0,0.421875,0.5121951219512195,0.0,0.6095238095238096,0.3904761904761905,1.0,0
MARICO,6,0.95,896,99,53,2025-12-03,2026-04-10,0.4528301886792453,0.4472934472934472,0.49122807017543857,0.4666666666666667,0.5185185185185185,14,16,10,13,0.49056603773584906,0.5849056603773585,0.0,0.0,0.0,0.0,0.0,0.0,0.0,0.0,0.4666666666666667,0.4347826086956522,0.0,0.5660377358490566,0.4339622641509434,1.0,0
COLPAL,1,0.7,656,72,104,2024-05-23,2025-01-14,0.5961538461538461,0.5432282003710576,0.6956521739130435,0.5783132530120482,0.8727272727272727,48,35,14,7,0.5192307692307693,0.5384615384615384,0.0,0.0,0.0,0.0,0.0,0.0,0.0,0.0,0.5783132530120482,0.6666666666666667,0.0,0.7980769230769231,0.20192307692307693,0.10000660285425449,0
COLPAL,2,0.75,702,78,104,2024-09-27,2025-04-22,0.4423076923076923,0.48977272727272725,0.546875,0.4166666666666667,0.7954545454545454,35,49,11,9,0.49038461538461536,0.40384615384615385,0.0,0.0,0.0,0.0,0.0,0.0,0.0,0.0,0.4166666666666667,0.55,0.0,0.8076923076923077,0.19230769230769232,0.2005904104289165,0
COLPAL,3,0.8,749,83,104,2025-01-15,2025-08-12,0.4519230769230769,0.5167410714285714,0.5714285714285714,0.4470588235294118,0.7916666666666666,38,47,9,10,0.40384615384615385,0.49038461538461536,0.0,0.0,0.0,0.0,0.0,0.0,0.0,0.0,0.4470588235294118,0.4736842105263158,0.0,0.8173076923076923,0.18269230769230768,0.7922229835987697,0
COLPAL,4,0.85,796,88,104,2025-04-23,2025-12-09,0.5384615384615384,0.5281821575214632,0.6190476190476191,0.4936708860759494,0.8297872340425532,39,40,17,8,0.5192307692307693,0.5288461538461539,0.0,0.0,0.0,0.0,0.0,0.0,0.0,0.0,0.4936708860759494,0.6799999999999999,0.0,0.7596153846153846,0.2403846153846154,1.0,0
COLPAL,5,0.9,843,93,104,2025-08-13,2026-04-10,0.5,0.5230654761904762,0.5873015873015873,0.47435897435897434,0.7708333333333334,37,41,15,11,0.4423076923076923,0.5,0.0,0.0,0.0,0.0,0.0,0.0,0.0,0.0,0.47435897435897434,0.5769230769230769,0.0,0.75,0.25,1.0,0
COLPAL,6,0.95,890,98,52,2025-12-10,2026-04-10,0.4230769230769231,0.52,0.4827586206896552,0.42424242424242425,0.56,14,19,8,11,0.4423076923076923,0.5192307692307693,0.0,0.0,0.0,0.0,0.0,0.0,0.0,0.0,0.42424242424242425,0.42105263157894735,0.0,0.6346153846153846,0.36538461538461536,0.4456074480560561,0
RELIANCE,1,0.7,667,74,106,2024-03-22,2024-11-28,0.4811320754716981,0.4841580633677465,0.3373493975903614,0.4666666666666667,0.2641509433962264,14,16,37,39,0.5094339622641509,0.5377358490566038,0.0,0.0,0.0,0.0,0.0,0.0,0.0,0.0,0.4666666666666667,0.48684210526315785,0.0,0.2830188679245283,0.7169811320754716,0.2589608054428049,0
RELIANCE,2,0.75,715,79,106,2024-08-01,2025-03-12,0.4528301886792453,0.42553191489361697,0.5396825396825397,0.43037974683544306,0.723404255319149,34,45,14,13,0.46226415094339623,0.4528301886792453,0.0,0.0,0.0,0.0,0.0,0.0,0.0,0.0,0.43037974683544306,0.5185185185185186,0.0,0.7452830188679245,0.25471698113207547,0.4213257066330246,0
RELIANCE,3,0.8,763,84,106,2024-12-02,2025-07-10,0.49056603773584906,0.5094474153297683,0.6086956521739131,0.4827586206896552,0.8235294117647058,42,45,10,9,0.5377358490566038,0.46226415094339623,0.0,0.0,0.0,0.0,0.0,0.0,0.0,0.0,0.4827586206896552,0.5263157894736843,0.0,0.8207547169811321,0.1792452830188679,0.10000660285425449,0
RELIANCE,4,0.85,810,90,106,2025-03-13,2025-12-01,0.5566037735849056,0.5478818084727661,0.6412213740458015,0.5384615384615384,0.7924528301886793,42,36,17,11,0.5754716981132075,0.49056603773584906,0.0,0.0,0.0,0.0,0.0,0.0,0.0,0.0,0.5384615384615384,0.6071428571428572,0.0,0.7358490566037735,0.2641509433962264,1.0,0
RELIANCE,5,0.9,858,95,106,2025-07-11,2026-04-10,0.4716981132075472,0.47985739750445633,0.40425531914893614,0.4418604651162791,0.37254901960784315,19,24,31,32,0.5188679245283019,0.46226415094339623,0.0,0.0,0.0,0.0,0.0,0.0,0.0,0.0,0.4418604651162791,0.4920634920634921,0.0,0.4056603773584906,0.5943396226415094,1.0,0
RELIANCE,6,0.95,906,100,53,2025-12-02,2026-04-10,0.5094339622641509,0.45299145299145305,0.5517241379310345,0.5,0.6153846153846154,16,16,11,10,0.5094339622641509,0.4339622641509434,0.0,0.0,0.0,0.0,0.0,0.0,0.0,0.0,0.5,0.5238095238095238,0.0,0.6037735849056604,0.39622641509433965,0.10000660285425449,0
GODREJCP,1,0.7,699,77,111,2024-04-26,2024-12-04,0.4774774774774775,0.4143790849673203,0.5,0.4461538461538462,0.5686274509803921,29,36,24,22,0.5045045045045045,0.4594594594594595,0.0,0.0,0.0,0.0,0.0,0.0,0.0,0.0,0.4461538461538462,0.5217391304347826,0.0,0.5855855855855856,0.4144144144144144,0.40475521751546417,0
GODREJCP,2,0.75,748,83,111,2024-08-19,2025-03-28,0.40540540540540543,0.4469904240766074,0.5217391304347826,0.37894736842105264,0.8372093023255814,36,59,9,7,0.43243243243243246,0.38738738738738737,0.0,0.0,0.0,0.0,0.0,0.0,0.0,0.0,0.37894736842105264,0.5625,0.0,0.8558558558558559,0.14414414414414414,0.5643270573095168,0
GODREJCP,3,0.8,799,88,111,2024-12-05,2025-08-07,0.4594594594594595,0.5093645484949834,0.5384615384615384,0.4166666666666667,0.7608695652173914,35,49,16,11,0.36036036036036034,0.4144144144144144,0.0,0.0,0.0,0.0,0.0,0.0,0.0,0.0,0.4166666666666667,0.5925925925925926,0.0,0.7567567567567568,0.24324324324324326,1.0,0
GODREJCP,4,0.85,848,94,111,2025-04-03,2025-12-10,0.4864864864864865,0.5534550195567145,0.6225165562913907,0.47474747474747475,0.9038461538461539,47,52,7,5,0.4864864864864865,0.46846846846846846,0.0,0.0,0.0,0.0,0.0,0.0,0.0,0.0,0.47474747474747475,0.5833333333333333,0.0,0.8918918918918919,0.10810810810810811,1.0,0
GODREJCP,5,0.9,899,99,111,2025-08-08,2026-04-10,0.4864864864864865,0.4927868852459016,0.544,0.53125,0.5573770491803278,34,30,20,27,0.5495495495495496,0.5585585585585585,0.0,0.0,0.0,0.0,0.0,0.0,0.0,0.0,0.53125,0.42553191489361697,0.0,0.5765765765765766,0.42342342342342343,0.36649514552766593,0
GODREJCP,6,0.95,948,105,56,2025-12-11,2026-04-10,0.44642857142857145,0.49407114624505927,0.24390243902439024,0.625,0.15151515151515152,5,3,20,28,0.5535714285714286,0.4107142857142857,0.0,0.0,0.0,0.0,0.0,0.0,0.0,0.0,0.625,0.41666666666666663,0.0,0.14285714285714285,0.8571428571428571,1.0,0
ONGC,1,0.7,722,80,115,2024-03-28,2024-12-02,0.4782608695652174,0.5057575757575757,0.5522388059701493,0.46835443037974683,0.6727272727272727,37,42,18,18,0.4956521739130435,0.5130434782608696,0.0,0.0,0.0,0.0,0.0,0.0,0.0,0.0,0.46835443037974683,0.5,0.0,0.6869565217391305,0.3130434782608696,0.48617791590896337,0
ONGC,2,0.75,774,86,114,2024-08-12,2025-03-12,0.4473684210526316,0.5404520144120537,0.4793388429752066,0.3717948717948718,0.6744186046511628,29,49,22,14,0.5,0.4824561403508772,0.0,0.0,0.0,0.0,0.0,0.0,0.0,0.0,0.3717948717948718,0.6111111111111112,0.0,0.6842105263157895,0.3157894736842105,0.4815298546078719,0
ONGC,3,0.8,826,91,115,2024-12-03,2025-07-04,0.5391304347826087,0.539043583535109,0.6074074074074074,0.5189873417721519,0.7321428571428571,41,38,21,15,0.5565217391304348,0.48695652173913045,0.0,0.0,0.0,0.0,0.0,0.0,0.0,0.0,0.5189873417721519,0.5833333333333333,0.0,0.6869565217391305,0.3130434782608696,1.0,0
ONGC,4,0.85,877,97,115,2025-03-13,2025-12-02,0.5130434782608696,0.4568913175470553,0.5942028985507246,0.5324675324675324,0.6721311475409836,41,36,18,20,0.4782608695652174,0.48695652173913045,0.0,0.0,0.0,0.0,0.0,0.0,0.0,0.0,0.5324675324675324,0.4736842105263158,0.0,0.6695652173913044,0.33043478260869563,1.483828140814127,0
ONGC,5,0.9,929,103,115,2025-07-10,2026-04-09,0.4956521739130435,0.5380401704199634,0.4423076923076923,0.5476190476190477,0.3709677419354839,23,19,34,39,0.4608695652173913,0.48695652173913045,0.0,0.0,0.0,0.0,0.0,0.0,0.0,0.0,0.5476190476190477,0.4657534246575342,0.0,0.3652173913043478,0.6347826086956522,0.3998658751507678,0
ONGC,6,0.95,981,108,58,2025-12-03,2026-04-09,0.5689655172413793,0.5159313725490197,0.5454545454545454,0.7142857142857143,0.4411764705882353,15,6,18,19,0.5172413793103449,0.5172413793103449,0.0,0.0,0.0,0.0,0.0,0.0,0.0,0.0,0.7142857142857143,0.4864864864864865,0.0,0.3620689655172414,0.6379310344827587,0.5830860410683001,0
NTPC,1,0.7,691,76,109,2024-04-19,2024-11-07,0.47706422018348627,0.43102264927934114,0.6122448979591837,0.5294117647058824,0.7258064516129032,45,40,7,17,0.44036697247706424,0.5045871559633027,0.0,0.0,0.0,0.0,0.0,0.0,0.0,0.0,0.5294117647058824,0.29166666666666663,0.0,0.7798165137614679,0.22018348623853212,0.13830121561133843,0
NTPC,2,0.75,740,82,109,2024-08-06,2025-03-05,0.5229357798165137,0.5387989203778677,0.6388888888888888,0.5,0.8846153846153846,46,46,11,6,0.5045871559633027,0.5045871559633027,0.0,0.0,0.0,0.0,0.0,0.0,0.0,0.0,0.5,0.6470588235294117,0.0,0.8440366972477065,0.1559633027522936,0.29437811659524454,0
NTPC,3,0.8,789,87,110,2024-11-08,2025-07-24,0.44545454545454544,0.4212111073937772,0.5850340136054422,0.4387755102040816,0.8775510204081632,43,55,6,6,0.4636363636363636,0.4636363636363636,0.0,0.0,0.0,0.0,0.0,0.0,0.0,0.0,0.4387755102040816,0.5,0.0,0.8909090909090909,0.10909090909090909,0.6535165675240905,0
NTPC,4,0.85,838,93,110,2025-03-06,2025-12-02,0.4727272727272727,0.4794973544973545,0.6081081081081081,0.4787234042553192,0.8333333333333334,45,49,7,9,0.45454545454545453,0.4909090909090909,0.0,0.0,0.0,0.0,0.0,0.0,0.0,0.0,0.4787234042553192,0.4375,0.0,0.8545454545454545,0.14545454545454545,1.0,0
NTPC,5,0.9,888,98,110,2025-07-28,2026-04-10,0.5454545454545454,0.5317381189764042,0.691358024691358,0.5436893203883495,0.9491525423728814,56,47,4,3,0.4909090909090909,0.5363636363636364,0.0,0.0,0.0,0.0,0.0,0.0,0.0,0.0,0.5436893203883495,0.5714285714285714,0.0,0.9363636363636364,0.06363636363636363,1.0,0
NTPC,6,0.95,937,104,55,2025-12-05,2026-04-10,0.5272727272727272,0.56,0.6388888888888888,0.5476190476190477,0.7666666666666667,23,19,6,7,0.509090909090909,0.5454545454545454,0.0,0.0,0.0,0.0,0.0,0.0,0.0,0.0,0.5476190476190477,0.46153846153846156,0.0,0.7636363636363637,0.23636363636363636,1.0,0
POWERGRID,1,0.7,684,75,109,2024-03-21,2024-11-11,0.5229357798165137,0.5474726775956285,0.6438356164383562,0.5529411764705883,0.7704918032786885,47,38,10,14,0.6055045871559633,0.5596330275229358,0.0,0.0,0.0,0.0,0.0,0.0,0.0,0.0,0.5529411764705883,0.41666666666666663,0.0,0.7798165137614679,0.22018348623853212,0.10000660285425449,0
POWERGRID,2,0.75,732,81,109,2024-07-25,2025-03-05,0.48623853211009177,0.5148749154834347,0.6111111111111112,0.4731182795698925,0.8627450980392157,44,49,9,7,0.5321100917431193,0.4954128440366973,0.0,0.0,0.0,0.0,0.0,0.0,0.0,0.0,0.4731182795698925,0.5625,0.0,0.8532110091743119,0.14678899082568808,0.19482479779717377,0
POWERGRID,3,0.8,782,86,108,2024-11-12,2025-07-01,0.5092592592592593,0.4823327615780446,0.6624203821656051,0.5098039215686274,0.9454545454545454,52,50,3,3,0.5,0.5185185185185185,0.0,0.0,0.0,0.0,0.0,0.0,0.0,0.0,0.5098039215686274,0.5,0.0,0.9444444444444444,0.05555555555555555,0.8296185139928787,0
POWERGRID,4,0.85,830,92,108,2025-03-06,2025-11-21,0.5185185185185185,0.4433379120879121,0.6829268292682927,0.5185185185185185,1.0,56,52,0,0,0.4351851851851852,0.5185185185185185,0.0,0.0,0.0,0.0,0.0,0.0,0.0,0.0,0.5185185185185185,0.0,0.0,1.0,0.0,1.0,0
POWERGRID,5,0.9,879,97,109,2025-07-04,2026-04-10,0.45871559633027525,0.39661016949152544,0.6242038216560509,0.45794392523364486,0.98,49,58,1,1,0.42201834862385323,0.45871559633027525,0.0,0.0,0.0,0.0,0.0,0.0,0.0,0.0,0.45794392523364486,0.5,0.0,0.981651376146789,0.01834862385321101,1.9533712858609358,0
POWERGRID,6,0.95,927,103,55,2025-11-24,2026-04-10,0.43636363636363634,0.5258152173913043,0.5373134328358209,0.4090909090909091,0.782608695652174,18,26,6,5,0.41818181818181815,0.41818181818181815,0.0,0.0,0.0,0.0,0.0,0.0,0.0,0.0,0.4090909090909091,0.5454545454545454,0.0,0.8,0.2,0.5870036791479427,0
BPCL,1,0.7,717,79,114,2024-04-22,2024-12-05,0.5087719298245614,0.5321875,0.6,0.5526315789473685,0.65625,42,34,16,22,0.4298245614035088,0.5614035087719298,0.0,0.0,0.0,0.0,0.0,0.0,0.0,0.0,0.5526315789473685,0.42105263157894735,0.0,0.6666666666666666,0.3333333333333333,0.21341172375259168,0
BPCL,2,0.75,768,85,114,2024-08-12,2025-03-26,0.4473684210526316,0.42887931034482757,0.5594405594405595,0.45977011494252873,0.7142857142857143,40,47,11,16,0.4824561403508772,0.5087719298245614,0.0,0.0,0.0,0.0,0.0,0.0,0.0,0.0,0.45977011494252873,0.40740740740740744,0.0,0.7631578947368421,0.23684210526315788,0.24237063810653744,0
BPCL,3,0.8,819,91,114,2024-12-06,2025-07-24,0.5175438596491229,0.5168574079802042,0.6153846153846154,0.5365853658536586,0.7213114754098361,44,38,15,17,0.5263157894736842,0.5087719298245614,0.0,0.0,0.0,0.0,0.0,0.0,0.0,0.0,0.5365853658536586,0.46875,0.0,0.7192982456140351,0.2807017543859649,0.6081972248707243,0
BPCL,4,0.85,871,96,114,2025-03-27,2025-11-27,0.5263157894736842,0.5526477832512315,0.625,0.5232558139534884,0.7758620689655172,45,41,15,13,0.5964912280701754,0.5087719298245614,0.0,0.0,0.0,0.0,0.0,0.0,0.0,0.0,0.5232558139534884,0.5357142857142857,0.0,0.7543859649122807,0.24561403508771928,0.10000660285425449,0
BPCL,5,0.9,922,102,114,2025-07-28,2026-04-10,0.43859649122807015,0.4512836374884009,0.47540983606557374,0.42028985507246375,0.5471698113207547,29,40,21,24,0.5350877192982456,0.45614035087719296,0.0,0.0,0.0,0.0,0.0,0.0,0.0,0.0,0.42028985507246375,0.4666666666666667,0.0,0.6052631578947368,0.39473684210526316,1.0,0
BPCL,6,0.95,973,108,57,2025-12-01,2026-04-10,0.5087719298245614,0.5781637717121588,0.5757575757575758,0.475,0.7307692307692307,19,21,10,7,0.5964912280701754,0.49122807017543857,0.0,0.0,0.0,0.0,0.0,0.0,0.0,0.0,0.475,0.5882352941176471,0.0,0.7017543859649122,0.2982456140350877,0.10000660285425449,0
COALINDIA,1,0.7,702,77,111,2024-03-20,2024-10-31,0.5225225225225225,0.5062830687830688,0.5691056910569106,0.5833333333333334,0.5555555555555556,35,25,23,28,0.4774774774774775,0.5225225225225225,0.0,0.0,0.0,0.0,0.0,0.0,0.0,0.0,0.5833333333333334,0.4509803921568627,0.0,0.5405405405405406,0.4594594594594595,0.34244265600548324,0
COALINDIA,2,0.75,751,83,112,2024-07-26,2025-02-24,0.4642857142857143,0.5378205128205128,0.6341463414634146,0.4642857142857143,1.0,52,60,0,0,0.49107142857142855,0.4642857142857143,0.0,0.0,0.0,0.0,0.0,0.0,0.0,0.0,0.4642857142857143,0.0,0.0,1.0,0.0,0.10000660285425449,0
COALINDIA,3,0.8,801,89,111,2024-11-01,2025-07-09,0.45045045045045046,0.4593363695510735,0.5547445255474452,0.4523809523809524,0.7169811320754716,38,46,12,15,0.46846846846846846,0.4774774774774775,0.0,0.0,0.0,0.0,0.0,0.0,0.0,0.0,0.4523809523809524,0.4444444444444444,0.0,0.7567567567567568,0.24324324324324326,0.45874843309218205,0
COALINDIA,4,0.85,852,94,111,2025-02-28,2025-11-25,0.4594594594594595,0.4110169491525424,0.6153846153846154,0.4948453608247423,0.8135593220338984,48,49,3,11,0.4864864864864865,0.5315315315315315,0.0,0.0,0.0,0.0,0.0,0.0,0.0,0.0,0.4948453608247423,0.2142857142857143,0.0,0.8738738738738738,0.12612612612612611,1.0,0
COALINDIA,5,0.9,901,100,112,2025-07-10,2026-04-09,0.45535714285714285,0.3505747126436781,0.6064516129032258,0.4845360824742268,0.8103448275862069,47,50,4,11,0.4375,0.5,0.0,0.0,0.0,0.0,0.0,0.0,0.0,0.0,0.4845360824742268,0.2666666666666667,0.0,0.8660714285714286,0.13392857142857142,1.0,0
COALINDIA,6,0.95,952,105,56,2025-11-27,2026-04-09,0.42857142857142855,0.3933588761174968,0.5294117647058824,0.43902439024390244,0.6666666666666666,18,23,6,9,0.5357142857142857,0.48214285714285715,0.0,0.0,0.0,0.0,0.0,0.0,0.0,0.0,0.43902439024390244,0.4,0.0,0.7321428571428571,0.26785714285714285,0.16547825146946066,0
GAIL,1,0.7,837,92,133,2024-01-11,2024-09-26,0.5639097744360902,0.4413793103448276,0.7070707070707071,0.5691056910569106,0.9333333333333333,70,53,5,5,0.5112781954887218,0.5639097744360902,0.0,0.0,0.0,0.0,0.0,0.0,0.0,0.0,0.5691056910569106,0.5,0.0,0.924812030075188,0.07518796992481203,0.10000660285425449,0
GAIL,2,0.75,897,99,132,2024-05-31,2025-02-06,0.42424242424242425,0.4633754305396097,0.525,0.4421052631578947,0.6461538461538462,42,53,14,23,0.48484848484848486,0.4772727272727273,0.0,0.0,0.0,0.0,0.0,0.0,0.0,0.0,0.4421052631578947,0.3783783783783784,0.0,0.7196969696969697,0.2803030303030303,0.2462100098717459,0
GAIL,3,0.8,956,106,133,2024-09-27,2025-06-24,0.39097744360902253,0.4188208616780046,0.509090909090909,0.4117647058823529,0.6666666666666666,42,60,10,21,0.45864661654135336,0.46616541353383456,0.0,0.0,0.0,0.0,0.0,0.0,0.0,0.0,0.4117647058823529,0.32258064516129037,0.0,0.7669172932330827,0.23308270676691728,1.0,0
GAIL,4,0.85,1016,112,133,2025-02-07,2025-11-12,0.47368421052631576,0.4471655328798186,0.5625,0.5,0.6428571428571429,45,45,18,25,0.48120300751879697,0.5338345864661654,0.0,0.0,0.0,0.0,0.0,0.0,0.0,0.0,0.5,0.41860465116279066,0.0,0.6766917293233082,0.3233082706766917,1.0,0
GAIL,5,0.9,1076,119,133,2025-06-25,2026-04-09,0.5413533834586466,0.5480551786521937,0.659217877094972,0.5267857142857143,0.8805970149253731,59,53,13,8,0.45112781954887216,0.5037593984962406,0.0,0.0,0.0,0.0,0.0,0.0,0.0,0.0,0.5267857142857143,0.6190476190476191,0.0,0.8421052631578947,0.15789473684210525,1.0,0
GAIL,6,0.95,1135,126,67,2025-11-14,2026-04-09,0.4626865671641791,0.4973118279569892,0.55,0.4489795918367347,0.7096774193548387,22,27,9,9,0.4925373134328358,0.43283582089552236,0.0,0.0,0.0,0.0,0.0,0.0,0.0,0.0,0.4489795918367347,0.5,0.0,0.7313432835820896,0.26865671641791045,0.29405659818523355,0
TATAPOWER,1,0.7,807,89,128,2023-11-13,2024-08-23,0.515625,0.5189712248535778,0.6309523809523809,0.5824175824175825,0.6883116883116883,53,38,13,24,0.609375,0.4296875,0.0,0.0,0.0,0.0,0.0,0.0,0.0,0.0,0.5824175824175825,0.3513513513513513,0.0,0.7109375,0.2890625,0.32865734186192963,0
TATAPOWER,2,0.75,864,96,128,2024-04-02,2025-01-16,0.5,0.4253472222222222,0.6190476190476191,0.5416666666666666,0.7222222222222222,52,44,12,20,0.515625,0.484375,0.0,0.0,0.0,0.0,0.0,0.0,0.0,0.0,0.5416666666666666,0.375,0.0,0.75,0.25,0.7067574393119365,0
TATAPOWER,3,0.8,922,102,128,2024-08-26,2025-06-12,0.5078125,0.5087202161631048,0.6134969325153374,0.5319148936170213,0.7246376811594203,50,44,15,19,0.5234375,0.5234375,0.0,0.0,0.0,0.0,0.0,0.0,0.0,0.0,0.5319148936170213,0.4411764705882353,0.0,0.734375,0.265625,0.3573954327307308,0
TATAPOWER,4,0.85,980,108,128,2025-01-20,2025-11-03,0.546875,0.48308823529411765,0.618421052631579,0.5595238095238095,0.6911764705882353,47,37,23,21,0.515625,0.5390625,0.0,0.0,0.0,0.0,0.0,0.0,0.0,0.0,0.5595238095238095,0.5227272727272727,0.0,0.65625,0.34375,0.4967005095333889,0
TATAPOWER,5,0.9,1037,115,128,2025-06-13,2026-04-10,0.4296875,0.4195992179863148,0.5828571428571429,0.45132743362831856,0.8225806451612904,51,62,4,11,0.4453125,0.484375,0.0,0.0,0.0,0.0,0.0,0.0,0.0,0.0,0.45132743362831856,0.2666666666666667,0.0,0.8828125,0.1171875,1.0,0
TATAPOWER,6,0.95,1095,121,64,2025-11-04,2026-04-10,0.5,0.45098039215686275,0.5897435897435898,0.4791666666666667,0.7666666666666667,23,25,9,7,0.484375,0.5,0.0,0.0,0.0,0.0,0.0,0.0,0.0,0.0,0.4791666666666667,0.5625,0.0,0.75,0.25,1.0,0
HINDALCO,1,0.7,747,83,118,2024-03-28,2024-11-25,0.4661016949152542,0.43663594470046085,0.5467625899280576,0.4935064935064935,0.6129032258064516,38,39,17,24,0.5254237288135594,0.4067796610169492,0.0,0.0,0.0,0.0,0.0,0.0,0.0,0.0,0.4935064935064935,0.41463414634146345,0.0,0.652542372881356,0.3474576271186441,1.0,0
HINDALCO,2,0.75,801,88,119,2024-07-31,2025-03-27,0.4789915966386555,0.44347088750706615,0.5633802816901409,0.49382716049382713,0.6557377049180327,40,41,17,21,0.42857142857142855,0.5042016806722689,0.0,0.0,0.0,0.0,0.0,0.0,0.0,0.0,0.49382716049382713,0.4473684210526315,0.0,0.680672268907563,0.31932773109243695,0.48160965987599075,0
HINDALCO,3,0.8,854,94,119,2024-11-26,2025-07-31,0.4957983193277311,0.4694397283531409,0.6,0.5113636363636364,0.7258064516129032,45,43,14,17,0.4789915966386555,0.5294117647058824,0.0,0.0,0.0,0.0,0.0,0.0,0.0,0.0,0.5113636363636364,0.4516129032258065,0.0,0.7394957983193278,0.2605042016806723,0.2928693848944331,0
HINDALCO,4,0.85,908,100,118,2025-03-28,2025-12-04,0.559322033898305,0.4871572871572872,0.675,0.5567010309278351,0.8571428571428571,54,43,12,9,0.5508474576271186,0.5254237288135594,0.0,0.0,0.0,0.0,0.0,0.0,0.0,0.0,0.5567010309278351,0.5714285714285714,0.0,0.8220338983050848,0.17796610169491525,1.0,0
HINDALCO,5,0.9,961,106,119,2025-08-01,2026-04-10,0.5126050420168067,0.4750724637681159,0.618421052631579,0.5662650602409639,0.6811594202898551,47,36,14,22,0.4789915966386555,0.42857142857142855,0.0,0.0,0.0,0.0,0.0,0.0,0.0,0.0,0.5662650602409639,0.38888888888888884,0.0,0.6974789915966386,0.3025210084033613,1.0,0
HINDALCO,6,0.95,1014,112,60,2025-12-05,2026-04-10,0.5,0.5428907168037602,0.6052631578947368,0.5897435897435898,0.6216216216216216,23,16,7,14,0.48333333333333334,0.4166666666666667,0.0,0.0,0.0,0.0,0.0,0.0,0.0,0.0,0.5897435897435898,0.33333333333333337,0.0,0.65,0.35,0.21268966535286618,0
TATASTEEL,1,0.7,825,91,132,2023-12-08,2024-10-04,0.5606060606060606,0.6036684467146505,0.618421052631579,0.5949367088607594,0.6438356164383562,47,32,27,26,0.5681818181818182,0.5909090909090909,0.0,0.0,0.0,0.0,0.0,0.0,0.0,0.0,0.5949367088607594,0.5094339622641509,0.0,0.5984848484848485,0.4015151515151515,0.44915375129863266,0
TATASTEEL,2,0.75,884,98,131,2024-05-08,2025-02-04,0.48091603053435117,0.47086247086247085,0.5802469135802469,0.4895833333333333,0.7121212121212122,47,49,16,19,0.44274809160305345,0.5114503816793893,0.0,0.0,0.0,0.0,0.0,0.0,0.0,0.0,0.4895833333333333,0.4571428571428572,0.0,0.732824427480916,0.26717557251908397,0.44812190759857723,0
TATASTEEL,3,0.8,944,104,131,2024-10-07,2025-06-26,0.46564885496183206,0.4449626865671642,0.5512820512820513,0.48314606741573035,0.6417910447761194,43,46,18,24,0.42748091603053434,0.4732824427480916,0.0,0.0,0.0,0.0,0.0,0.0,0.0,0.0,0.48314606741573035,0.4285714285714286,0.0,0.6793893129770993,0.32061068702290074,0.6061423633787995,0
TATASTEEL,4,0.85,1002,111,131,2025-02-05,2025-11-20,0.5190839694656488,0.5504201680672269,0.6480446927374302,0.5225225225225225,0.8529411764705882,58,53,10,10,0.4961832061068702,0.5190839694656488,0.0,0.0,0.0,0.0,0.0,0.0,0.0,0.0,0.5225225225225225,0.5,0.0,0.8473282442748091,0.15267175572519084,1.0,0
TATASTEEL,5,0.9,1062,117,131,2025-06-27,2026-04-09,0.5114503816793893,0.49766899766899764,0.6190476190476191,0.5098039215686274,0.7878787878787878,52,50,15,14,0.5038167938931297,0.5038167938931297,0.0,0.0,0.0,0.0,0.0,0.0,0.0,0.0,0.5098039215686274,0.5172413793103448,0.0,0.7786259541984732,0.22137404580152673,1.0,0
TATASTEEL,6,0.95,1120,124,66,2025-11-21,2026-04-09,0.5454545454545454,0.5400921658986175,0.625,0.5555555555555556,0.7142857142857143,25,20,11,10,0.4393939393939394,0.5606060606060606,0.0,0.0,0.0,0.0,0.0,0.0,0.0,0.0,0.5555555555555556,0.5238095238095238,0.0,0.6818181818181818,0.3181818181818182,1.0,0
JSWSTEEL,1,0.7,717,79,114,2024-04-04,2024-11-14,0.5350877192982456,0.5669975186104218,0.6131386861313869,0.56,0.6774193548387096,42,33,19,20,0.5087719298245614,0.5,0.0,0.0,0.0,0.0,0.0,0.0,0.0,0.0,0.56,0.4871794871794872,0.0,0.6578947368421053,0.34210526315789475,0.4781317604120948,0
JSWSTEEL,2,0.75,768,85,114,2024-08-02,2025-03-19,0.45614035087719296,0.4351995051036189,0.4918032786885246,0.4918032786885246,0.4918032786885246,30,31,22,31,0.5789473684210527,0.47368421052631576,0.0,0.0,0.0,0.0,0.0,0.0,0.0,0.0,0.4918032786885246,0.41509433962264153,0.0,0.5350877192982456,0.4649122807017544,0.47903826795575954,0
JSWSTEEL,3,0.8,819,91,114,2024-11-22,2025-07-31,0.5526315789473685,0.5517241379310345,0.5142857142857142,0.5510204081632653,0.48214285714285715,27,22,36,29,0.5175438596491229,0.5263157894736842,0.0,0.0,0.0,0.0,0.0,0.0,0.0,0.0,0.5510204081632653,0.5538461538461539,0.0,0.4298245614035088,0.5701754385964912,0.5401351935515311,0
JSWSTEEL,4,0.85,871,96,114,2025-03-20,2025-12-04,0.5087719298245614,0.5592592592592593,0.4909090909090909,0.48214285714285715,0.5,27,29,31,27,0.543859649122807,0.543859649122807,0.0,0.0,0.0,0.0,0.0,0.0,0.0,0.0,0.48214285714285715,0.5344827586206897,0.0,0.49122807017543857,0.5087719298245614,0.6313156096344812,0
JSWSTEEL,5,0.9,922,102,114,2025-08-01,2026-04-10,0.5087719298245614,0.48252397154345805,0.5172413793103449,0.5454545454545454,0.4918032786885246,30,25,28,31,0.5087719298245614,0.4298245614035088,0.0,0.0,0.0,0.0,0.0,0.0,0.0,0.0,0.5454545454545454,0.47457627118644063,0.0,0.4824561403508772,0.5175438596491229,1.2779870742500663,0
JSWSTEEL,6,0.95,973,108,57,2025-12-05,2026-04-10,0.42105263157894735,0.47518610421836227,0.35294117647058826,0.45,0.2903225806451613,9,11,15,22,0.49122807017543857,0.5087719298245614,0.0,0.0,0.0,0.0,0.0,0.0,0.0,0.0,0.45,0.4054054054054054,0.0,0.3508771929824561,0.6491228070175439,0.7174642257196461,0
NMDC,1,0.7,741,82,117,2024-05-09,2024-12-09,0.5811965811965812,0.6282875511396844,0.6141732283464567,0.5735294117647058,0.6610169491525424,39,29,29,20,0.5726495726495726,0.46153846153846156,0.0,0.0,0.0,0.0,0.0,0.0,0.0,0.0,0.5735294117647058,0.5918367346938775,0.0,0.5811965811965812,0.4188034188034188,1.0,0
NMDC,2,0.75,794,88,117,2024-08-29,2025-03-26,0.49572649572649574,0.5096434833430742,0.5755395683453237,0.49382716049382713,0.6896551724137931,40,41,18,18,0.5128205128205128,0.5213675213675214,0.0,0.0,0.0,0.0,0.0,0.0,0.0,0.0,0.49382716049382713,0.5,0.0,0.6923076923076923,0.3076923076923077,0.10000660285425449,0
NMDC,3,0.8,846,94,118,2024-12-10,2025-07-28,0.5254237288135594,0.539080459770115,0.6,0.525,0.7,42,38,20,18,0.5254237288135594,0.5338983050847458,0.0,0.0,0.0,0.0,0.0,0.0,0.0,0.0,0.525,0.5263157894736843,0.0,0.6779661016949152,0.3220338983050847,0.5452014634926945,0
NMDC,4,0.85,900,99,118,2025-03-27,2025-12-10,0.4661016949152542,0.49224137931034484,0.42201834862385323,0.46938775510204084,0.38333333333333336,23,26,32,37,0.5169491525423728,0.4745762711864407,0.0,0.0,0.0,0.0,0.0,0.0,0.0,0.0,0.46938775510204084,0.46376811594202894,0.0,0.4152542372881356,0.5847457627118644,0.5604842448816473,0
NMDC,5,0.9,953,105,118,2025-07-30,2026-04-10,0.4915254237288136,0.5299539170506913,0.45454545454545453,0.5208333333333334,0.4032258064516129,25,23,33,37,0.5169491525423728,0.4576271186440678,0.0,0.0,0.0,0.0,0.0,0.0,0.0,0.0,0.5208333333333334,0.4714285714285714,0.0,0.4067796610169492,0.5932203389830508,1.7348150819013888,0
NMDC,6,0.95,1006,111,59,2025-12-11,2026-04-10,0.559322033898305,0.5929411764705882,0.6176470588235294,0.6176470588235294,0.6176470588235294,21,13,12,13,0.6101694915254238,0.4745762711864407,0.0,0.0,0.0,0.0,0.0,0.0,0.0,0.0,0.6176470588235294,0.48,0.0,0.576271186440678,0.423728813559322,1.0,0
VEDL,1,0.7,758,84,121,2024-05-03,2024-12-19,0.5454545454545454,0.600328947368421,0.5736434108527132,0.5692307692307692,0.578125,37,28,29,27,0.5702479338842975,0.5537190082644629,0.0,0.0,0.0,0.0,0.0,0.0,0.0,0.0,0.5692307692307692,0.5178571428571428,0.0,0.5371900826446281,0.4628099173553719,0.43510318213086147,0
VEDL,2,0.75,813,90,120,2024-08-23,2025-04-08,0.475,0.5121136173767753,0.4878048780487805,0.5,0.47619047619047616,30,30,27,33,0.5416666666666666,0.5,0.0,0.0,0.0,0.0,0.0,0.0,0.0,0.0,0.5,0.44999999999999996,0.0,0.5,0.5,0.38965180852681286,0
VEDL,3,0.8,867,96,120,2024-12-20,2025-08-01,0.5333333333333333,0.5636363636363636,0.6056338028169014,0.5584415584415584,0.6615384615384615,43,34,21,22,0.5166666666666667,0.5583333333333333,0.0,0.0,0.0,0.0,0.0,0.0,0.0,0.0,0.5584415584415584,0.4883720930232558,0.0,0.6416666666666667,0.35833333333333334,0.487809664455325,0
VEDL,4,0.85,921,102,120,2025-04-09,2025-12-03,0.575,0.5700334821428571,0.6382978723404256,0.5844155844155844,0.703125,45,32,24,19,0.575,0.5583333333333333,0.0,0.0,0.0,0.0,0.0,0.0,0.0,0.0,0.5844155844155844,0.5581395348837209,0.0,0.6416666666666667,0.35833333333333334,1.0,0
VEDL,5,0.9,975,108,121,2025-08-04,2026-04-10,0.5950413223140496,0.5618171362852213,0.6666666666666666,0.6712328767123288,0.6621621621621622,49,24,23,25,0.628099173553719,0.5537190082644629,0.0,0.0,0.0,0.0,0.0,0.0,0.0,0.0,0.6712328767123288,0.47916666666666663,0.0,0.6033057851239669,0.39669421487603307,0.3820902958022759,0
VEDL,6,0.95,1029,114,61,2025-12-04,2026-04-10,0.5409836065573771,0.4625322997416021,0.6744186046511628,0.6744186046511628,0.6744186046511628,29,14,4,14,0.6065573770491803,0.5245901639344263,0.0,0.0,0.0,0.0,0.0,0.0,0.0,0.0,0.6744186046511628,0.2222222222222222,0.0,0.7049180327868853,0.29508196721311475,0.40533398314941915,0
SAIL,1,0.7,761,84,121,2024-04-10,2024-12-05,0.49586776859504134,0.5630482456140351,0.512,0.47058823529411764,0.5614035087719298,32,36,28,25,0.5619834710743802,0.512396694214876,0.0,0.0,0.0,0.0,0.0,0.0,0.0,0.0,0.47058823529411764,0.5283018867924528,0.0,0.5619834710743802,0.4380165289256198,0.4147174254844254,0
SAIL,2,0.75,816,90,120,2024-08-13,2025-03-20,0.49166666666666664,0.5298549107142857,0.5611510791366906,0.46987951807228917,0.6964285714285714,39,44,20,17,0.525,0.48333333333333334,0.0,0.0,0.0,0.0,0.0,0.0,0.0,0.0,0.46987951807228917,0.5405405405405406,0.0,0.6916666666666667,0.30833333333333335,0.5938283206003983,0
SAIL,3,0.8,870,96,121,2024-12-06,2025-07-31,0.5371900826446281,0.5073810825587752,0.631578947368421,0.5161290322580645,0.8135593220338984,48,45,17,11,0.4049586776859504,0.5206611570247934,0.0,0.0,0.0,0.0,0.0,0.0,0.0,0.0,0.5161290322580645,0.6071428571428572,0.0,0.768595041322314,0.23140495867768596,1.0,0
SAIL,4,0.85,924,102,121,2025-03-21,2025-12-09,0.5454545454545454,0.5402298850574713,0.5669291338582677,0.5217391304347826,0.6206896551724138,36,33,30,22,0.5041322314049587,0.512396694214876,0.0,0.0,0.0,0.0,0.0,0.0,0.0,0.0,0.5217391304347826,0.5769230769230769,0.0,0.5702479338842975,0.4297520661157025,0.10000660285425449,0
SAIL,5,0.9,979,108,121,2025-08-01,2026-04-10,0.48760330578512395,0.5147540983606558,0.3673469387755102,0.47368421052631576,0.3,18,20,41,42,0.4793388429752066,0.48760330578512395,0.0,0.0,0.0,0.0,0.0,0.0,0.0,0.0,0.47368421052631576,0.49397590361445787,0.0,0.3140495867768595,0.6859504132231405,0.36805607247541205,0
SAIL,6,0.95,1033,114,61,2025-12-10,2026-04-10,0.5081967213114754,0.5258620689655171,0.4827586206896552,0.5384615384615384,0.4375,14,12,17,18,0.5245901639344263,0.45901639344262296,0.0,0.0,0.0,0.0,0.0,0.0,0.0,0.0,0.5384615384615384,0.48571428571428577,0.0,0.4262295081967213,0.5737704918032787,0.5611293374823169,0
LT,1,0.7,686,76,109,2024-03-20,2024-11-08,0.5688073394495413,0.5462387853692201,0.7080745341614907,0.5816326530612245,0.9047619047619048,57,41,5,6,0.5688073394495413,0.5779816513761468,0.0,0.0,0.0,0.0,0.0,0.0,0.0,0.0,0.5816326530612245,0.4545454545454546,0.0,0.8990825688073395,0.10091743119266056,1.0,0
LT,2,0.75,735,81,109,2024-07-22,2025-03-03,0.5045871559633027,0.5532203389830509,0.5909090909090909,0.47560975609756095,0.78,39,43,16,11,0.5321100917431193,0.45871559633027525,0.0,0.0,0.0,0.0,0.0,0.0,0.0,0.0,0.47560975609756095,0.5925925925925926,0.0,0.7522935779816514,0.24770642201834864,0.264753674614095,0
LT,3,0.8,784,87,109,2024-11-11,2025-07-22,0.5321100917431193,0.4757575757575757,0.6622516556291391,0.5208333333333334,0.9090909090909091,50,46,8,5,0.5229357798165137,0.5045871559633027,0.0,0.0,0.0,0.0,0.0,0.0,0.0,0.0,0.5208333333333334,0.6153846153846154,0.0,0.8807339449541285,0.11926605504587157,0.17798674425276992,0
LT,4,0.85,833,92,109,2025-03-04,2025-11-18,0.5596330275229358,0.4147688060731539,0.7073170731707317,0.5742574257425742,0.9206349206349206,58,43,3,5,0.48623853211009177,0.5779816513761468,0.0,0.0,0.0,0.0,0.0,0.0,0.0,0.0,0.5742574257425742,0.375,0.0,0.926605504587156,0.07339449541284404,1.0,0
LT,5,0.9,882,98,109,2025-07-24,2026-04-09,0.5412844036697247,0.5108843537414967,0.6794871794871795,0.5520833333333334,0.8833333333333333,53,43,6,7,0.5504587155963303,0.5412844036697247,0.0,0.0,0.0,0.0,0.0,0.0,0.0,0.0,0.5520833333333334,0.46153846153846156,0.0,0.8807339449541285,0.11926605504587157,0.6170618982875807,0
LT,6,0.95,931,103,55,2025-11-19,2026-04-09,0.509090909090909,0.544,0.6086956521739131,0.5384615384615384,0.7,21,18,7,9,0.5636363636363636,0.5636363636363636,0.0,0.0,0.0,0.0,0.0,0.0,0.0,0.0,0.5384615384615384,0.4375,0.0,0.7090909090909091,0.2909090909090909,1.9358518205275652,0
SIEMENS,1,0.7,798,88,126,2024-02-15,2024-11-05,0.5793650793650794,0.5513586956521739,0.6490066225165563,0.6901408450704225,0.6125,49,22,24,31,0.6111111111111112,0.5317460317460317,0.0,0.0,0.0,0.0,0.0,0.0,0.0,0.0,0.6901408450704225,0.4363636363636364,0.0,0.5634920634920635,0.4365079365079365,0.4689513277677233,0
SIEMENS,2,0.75,855,94,127,2024-06-26,2025-03-06,0.5511811023622047,0.556547619047619,0.6274509803921569,0.5333333333333333,0.7619047619047619,48,42,22,15,0.4881889763779528,0.49606299212598426,0.0,0.0,0.0,0.0,0.0,0.0,0.0,0.0,0.5333333333333333,0.5945945945945945,0.0,0.7086614173228346,0.29133858267716534,0.10000660285425449,0
SIEMENS,3,0.8,911,101,127,2024-11-07,2025-07-11,0.5039370078740157,0.4761904761904762,0.6134969325153374,0.5,0.7936507936507936,50,50,14,13,0.5039370078740157,0.5039370078740157,0.0,0.0,0.0,0.0,0.0,0.0,0.0,0.0,0.5,0.5185185185185186,0.0,0.7874015748031497,0.2125984251968504,0.33363377060425464,0
SIEMENS,4,0.85,969,107,126,2025-03-07,2025-11-27,0.49206349206349204,0.4217171717171717,0.6144578313253012,0.51,0.7727272727272727,51,49,11,15,0.49206349206349204,0.4603174603174603,0.0,0.0,0.0,0.0,0.0,0.0,0.0,0.0,0.51,0.42307692307692313,0.0,0.7936507936507936,0.20634920634920634,0.525455656774562,0
SIEMENS,5,0.9,1026,113,127,2025-07-15,2026-04-10,0.5118110236220472,0.48955223880597015,0.6477272727272727,0.5229357798165137,0.8507462686567164,57,52,8,10,0.5511811023622047,0.4881889763779528,0.0,0.0,0.0,0.0,0.0,0.0,0.0,0.0,0.5229357798165137,0.4444444444444444,0.0,0.8582677165354331,0.14173228346456693,0.6412252015504084,0
SIEMENS,6,0.95,1082,120,64,2025-12-01,2026-04-10,0.515625,0.5274509803921569,0.6593406593406593,0.5263157894736842,0.8823529411764706,30,27,3,4,0.484375,0.53125,0.0,0.0,0.0,0.0,0.0,0.0,0.0,0.0,0.5263157894736842,0.4285714285714286,0.0,0.890625,0.109375,1.0,0
BHEL,1,0.7,884,98,141,2023-12-27,2024-10-11,0.5106382978723404,0.5148287385129491,0.591715976331361,0.5882352941176471,0.5952380952380952,50,35,22,34,0.49645390070921985,0.574468085106383,0.0,0.0,0.0,0.0,0.0,0.0,0.0,0.0,0.5882352941176471,0.3928571428571429,0.0,0.6028368794326241,0.3971631205673759,0.19608407816325454,0
BHEL,2,0.75,948,105,140,2024-05-29,2025-02-11,0.4785714285714286,0.4876505409267197,0.5966850828729282,0.48214285714285715,0.782608695652174,54,58,13,15,0.5357142857142857,0.4928571428571429,0.0,0.0,0.0,0.0,0.0,0.0,0.0,0.0,0.48214285714285715,0.4642857142857143,0.0,0.8,0.2,0.10110843631684402,0
BHEL,3,0.8,1011,112,140,2024-10-14,2025-07-04,0.5428571428571428,0.5197948717948718,0.6666666666666666,0.5470085470085471,0.8533333333333334,64,53,12,11,0.4857142857142857,0.5428571428571428,0.0,0.0,0.0,0.0,0.0,0.0,0.0,0.0,0.5470085470085471,0.5217391304347826,0.0,0.8357142857142857,0.16428571428571428,0.4678783134014844,0
BHEL,4,0.85,1074,119,140,2025-02-12,2025-11-20,0.5714285714285714,0.566790736145575,0.7087378640776699,0.5703125,0.9358974358974359,73,55,7,5,0.55,0.55,0.0,0.0,0.0,0.0,0.0,0.0,0.0,0.0,0.5703125,0.5833333333333333,0.0,0.9142857142857143,0.08571428571428572,1.0,0
BHEL,5,0.9,1137,126,141,2025-07-08,2026-04-10,0.48936170212765956,0.454417103670835,0.5714285714285714,0.5106382978723404,0.6486486486486487,48,46,21,26,0.48936170212765956,0.5106382978723404,0.0,0.0,0.0,0.0,0.0,0.0,0.0,0.0,0.5106382978723404,0.44680851063829785,0.0,0.6666666666666666,0.3333333333333333,0.4740796615465507,0
BHEL,6,0.95,1200,133,71,2025-11-21,2026-04-10,0.4647887323943662,0.38314785373608906,0.6041666666666666,0.4915254237288136,0.7837837837837838,29,30,4,8,0.4647887323943662,0.5211267605633803,0.0,0.0,0.0,0.0,0.0,0.0,0.0,0.0,0.4915254237288136,0.33333333333333337,0.0,0.8309859154929577,0.16901408450704225,0.17237129505417587,0
POLYCAB,1,0.7,683,75,109,2024-06-19,2025-01-16,0.48623853211009177,0.5212121212121212,0.631578947368421,0.4897959183673469,0.8888888888888888,48,50,5,6,0.5045871559633027,0.4954128440366973,0.0,0.0,0.0,0.0,0.0,0.0,0.0,0.0,0.4897959183673469,0.4545454545454546,0.0,0.8990825688073395,0.10091743119266056,0.22093707561550568,0
POLYCAB,2,0.75,732,81,108,2024-09-27,2025-05-19,0.46296296296296297,0.45166838665290676,0.6081081081081081,0.4945054945054945,0.7894736842105263,45,46,5,12,0.4537037037037037,0.5277777777777778,0.0,0.0,0.0,0.0,0.0,0.0,0.0,0.0,0.4945054945054945,0.2941176470588235,0.0,0.8425925925925926,0.1574074074074074,1.0,0
POLYCAB,3,0.8,781,86,108,2025-01-17,2025-08-26,0.5,0.5458620689655171,0.6493506493506493,0.5208333333333334,0.8620689655172413,50,46,4,8,0.5370370370370371,0.5370370370370371,0.0,0.0,0.0,0.0,0.0,0.0,0.0,0.0,0.5208333333333334,0.33333333333333337,0.0,0.8888888888888888,0.1111111111111111,0.5164297276865345,0
POLYCAB,4,0.85,829,92,108,2025-05-20,2025-12-12,0.49074074074074076,0.5091159270725835,0.6451612903225806,0.5102040816326531,0.8771929824561403,50,48,3,7,0.5277777777777778,0.5277777777777778,0.0,0.0,0.0,0.0,0.0,0.0,0.0,0.0,0.5102040816326531,0.30000000000000004,0.0,0.9074074074074074,0.09259259259259259,2.521904295528083,0
POLYCAB,5,0.9,878,97,109,2025-08-29,2026-04-10,0.5596330275229358,0.5876010781671159,0.6666666666666666,0.5454545454545454,0.8571428571428571,48,40,13,8,0.5229357798165137,0.5688073394495413,0.0,0.0,0.0,0.0,0.0,0.0,0.0,0.0,0.5454545454545454,0.6190476190476191,0.0,0.8073394495412844,0.1926605504587156,0.4892700535407503,0
POLYCAB,6,0.95,927,102,55,2025-12-16,2026-04-10,0.509090909090909,0.460212201591512,0.6086956521739131,0.525,0.7241379310344828,21,19,7,8,0.5818181818181818,0.4727272727272727,0.0,0.0,0.0,0.0,0.0,0.0,0.0,0.0,0.525,0.4666666666666667,0.0,0.7272727272727273,0.2727272727272727,0.6193878091221563,0
ABB,1,0.7,828,92,132,2024-02-07,2024-10-17,0.5606060606060606,0.5326086956521738,0.6419753086419753,0.6842105263157895,0.6046511627906976,52,24,22,34,0.4696969696969697,0.5757575757575758,0.0,0.0,0.0,0.0,0.0,0.0,0.0,0.0,0.6842105263157895,0.3928571428571429,0.0,0.5757575757575758,0.42424242424242425,0.37790718744665436,0
ABB,2,0.75,888,98,131,2024-06-21,2025-02-07,0.5267175572519084,0.5111888111888112,0.6436781609195402,0.5137614678899083,0.8615384615384616,56,53,13,9,0.45038167938931295,0.4961832061068702,0.0,0.0,0.0,0.0,0.0,0.0,0.0,0.0,0.5137614678899083,0.5909090909090908,0.0,0.8320610687022901,0.16793893129770993,0.1646255994875923,0
ABB,3,0.8,947,105,131,2024-10-18,2025-07-10,0.4580152671755725,0.437120149602618,0.5234899328859061,0.4482758620689655,0.6290322580645161,39,48,21,23,0.5419847328244275,0.45038167938931295,0.0,0.0,0.0,0.0,0.0,0.0,0.0,0.0,0.4482758620689655,0.4772727272727273,0.0,0.6641221374045801,0.33587786259541985,0.30869211764934296,0
ABB,4,0.85,1006,111,132,2025-02-10,2025-11-27,0.5,0.44523536165327215,0.6373626373626373,0.49572649572649574,0.8923076923076924,58,59,8,7,0.45454545454545453,0.49242424242424243,0.0,0.0,0.0,0.0,0.0,0.0,0.0,0.0,0.49572649572649574,0.5333333333333333,0.0,0.8863636363636364,0.11363636363636363,1.0,0
ABB,5,0.9,1065,118,132,2025-07-11,2026-04-10,0.4621212121212121,0.434902411021814,0.6203208556149733,0.48333333333333334,0.8656716417910447,58,62,3,9,0.42424242424242425,0.5075757575757576,0.0,0.0,0.0,0.0,0.0,0.0,0.0,0.0,0.48333333333333334,0.25,0.0,0.9090909090909091,0.09090909090909091,1.0,0
ABB,6,0.95,1125,124,66,2025-12-02,2026-04-10,0.5454545454545454,0.5583333333333333,0.6052631578947368,0.575,0.6388888888888888,23,17,13,13,0.5606060606060606,0.5454545454545454,0.0,0.0,0.0,0.0,0.0,0.0,0.0,0.0,0.575,0.5,0.0,0.6060606060606061,0.3939393939393939,1.0,0
HAVELLS,1,0.7,793,88,126,2023-12-12,2024-09-19,0.5238095238095238,0.4724893162393163,0.620253164556962,0.6125,0.6282051282051282,49,31,17,29,0.4603174603174603,0.626984126984127,0.0,0.0,0.0,0.0,0.0,0.0,0.0,0.0,0.6125,0.3695652173913043,0.0,0.6349206349206349,0.36507936507936506,1.0,0
HAVELLS,2,0.75,850,94,126,2024-05-13,2025-02-03,0.46825396825396826,0.46118951612903225,0.5109489051094891,0.4794520547945205,0.546875,35,38,24,29,0.5,0.5317460317460317,0.0,0.0,0.0,0.0,0.0,0.0,0.0,0.0,0.4794520547945205,0.4528301886792453,0.0,0.5793650793650794,0.42063492063492064,1.0,0
HAVELLS,3,0.8,907,100,126,2024-09-20,2025-06-16,0.47619047619047616,0.46754563894523327,0.5074626865671642,0.4473684210526316,0.5862068965517241,34,42,26,24,0.5079365079365079,0.46825396825396826,0.0,0.0,0.0,0.0,0.0,0.0,0.0,0.0,0.4473684210526316,0.52,0.0,0.6031746031746031,0.3968253968253968,0.40850883090001383,0
HAVELLS,4,0.85,963,107,126,2025-02-04,2025-11-17,0.4126984126984127,0.41916771752837323,0.5432098765432098,0.43564356435643564,0.7213114754098361,44,57,8,17,0.4444444444444444,0.47619047619047616,0.0,0.0,0.0,0.0,0.0,0.0,0.0,0.0,0.43564356435643564,0.31999999999999995,0.0,0.8015873015873016,0.1984126984126984,1.0,0
HAVELLS,5,0.9,1020,113,126,2025-06-17,2026-04-10,0.4444444444444444,0.4727272727272727,0.4927536231884058,0.4358974358974359,0.5666666666666667,34,44,22,26,0.49206349206349204,0.47619047619047616,0.0,0.0,0.0,0.0,0.0,0.0,0.0,0.0,0.4358974358974359,0.45833333333333337,0.0,0.6190476190476191,0.38095238095238093,1.0,0
HAVELLS,6,0.95,1077,119,63,2025-11-18,2026-04-10,0.5238095238095238,0.4969758064516129,0.53125,0.5151515151515151,0.5483870967741935,17,16,16,14,0.6666666666666666,0.49206349206349204,0.0,0.0,0.0,0.0,0.0,0.0,0.0,0.0,0.5151515151515151,0.5333333333333333,0.0,0.5238095238095238,0.47619047619047616,0.16530495159538966,0
CUMMINSIND,1,0.7,711,79,113,2024-05-14,2024-12-06,0.5486725663716814,0.5035076530612245,0.6577181208053692,0.5764705882352941,0.765625,49,36,13,15,0.5752212389380531,0.5663716814159292,0.0,0.0,0.0,0.0,0.0,0.0,0.0,0.0,0.5764705882352941,0.4642857142857143,0.0,0.7522123893805309,0.24778761061946902,0.13213908979937994,0
CUMMINSIND,2,0.75,762,84,113,2024-08-26,2025-04-02,0.46017699115044247,0.5256892230576441,0.5611510791366906,0.46987951807228917,0.6964285714285714,39,44,13,17,0.5309734513274337,0.5132743362831859,0.0,0.0,0.0,0.0,0.0,0.0,0.0,0.0,0.46987951807228917,0.43333333333333335,0.0,0.7345132743362832,0.26548672566371684,0.22694322497885436,0
CUMMINSIND,3,0.8,813,90,113,2024-12-09,2025-08-06,0.584070796460177,0.5769230769230769,0.6928104575163399,0.5760869565217391,0.8688524590163934,53,39,13,8,0.5575221238938053,0.5398230088495575,0.0,0.0,0.0,0.0,0.0,0.0,0.0,0.0,0.5760869565217391,0.6190476190476191,0.0,0.8141592920353983,0.18584070796460178,0.8406097099383999,0
CUMMINSIND,4,0.85,864,95,113,2025-04-03,2025-12-11,0.48672566371681414,0.478401031592521,0.6027397260273972,0.55,0.6666666666666666,44,36,11,22,0.5663716814159292,0.5221238938053098,0.0,0.0,0.0,0.0,0.0,0.0,0.0,0.0,0.55,0.33333333333333337,0.0,0.7079646017699115,0.2920353982300885,0.44583654072295686,0
CUMMINSIND,5,0.9,915,101,113,2025-08-07,2026-04-10,0.6017699115044248,0.528525641025641,0.7337278106508875,0.5961538461538461,0.9538461538461539,62,42,6,3,0.49557522123893805,0.5752212389380531,0.0,0.0,0.0,0.0,0.0,0.0,0.0,0.0,0.5961538461538461,0.6666666666666667,0.0,0.9203539823008849,0.07964601769911504,0.3007792196752585,0
CUMMINSIND,6,0.95,965,107,57,2025-12-12,2026-04-10,0.543859649122807,0.6161616161616161,0.6388888888888888,0.5897435897435898,0.696969696969697,23,16,8,10,0.5087719298245614,0.5789473684210527,0.0,0.0,0.0,0.0,0.0,0.0,0.0,0.0,0.5897435897435898,0.4444444444444444,0.0,0.6842105263157895,0.3157894736842105,0.16297330180310818,0
BHARTIARTL,1,0.7,667,74,106,2024-03-14,2024-11-14,0.5471698113207547,0.5747126436781609,0.5471698113207547,0.6041666666666666,0.5,29,19,29,29,0.5094339622641509,0.3584905660377358,0.0,0.0,0.0,0.0,0.0,0.0,0.0,0.0,0.6041666666666666,0.5,0.0,0.4528301886792453,0.5471698113207547,1.0,0
BHARTIARTL,2,0.75,715,79,106,2024-07-31,2025-03-20,0.5849056603773585,0.5931159420289855,0.6,0.66,0.55,33,17,29,27,0.5094339622641509,0.49056603773584906,0.0,0.0,0.0,0.0,0.0,0.0,0.0,0.0,0.66,0.5178571428571428,0.0,0.4716981132075472,0.5283018867924528,0.2682586873143305,0
BHARTIARTL,3,0.8,763,84,106,2024-11-22,2025-07-22,0.5566037735849056,0.5080645161290323,0.7080745341614907,0.5757575757575758,0.9193548387096774,57,42,2,5,0.46226415094339623,0.5754716981132075,0.0,0.0,0.0,0.0,0.0,0.0,0.0,0.0,0.5757575757575758,0.2857142857142857,0.0,0.9339622641509434,0.0660377358490566,0.18082885995352707,0
BHARTIARTL,4,0.85,810,90,106,2025-03-21,2025-11-24,0.5660377358490566,0.533407161314138,0.7012987012987013,0.5934065934065934,0.8571428571428571,54,37,6,9,0.5471698113207547,0.5943396226415094,0.0,0.0,0.0,0.0,0.0,0.0,0.0,0.0,0.5934065934065934,0.4,0.0,0.8584905660377359,0.14150943396226415,1.8106295071117688,0
BHARTIARTL,5,0.9,858,95,106,2025-07-25,2026-04-09,0.5,0.5493761140819964,0.6394557823129252,0.5108695652173914,0.8545454545454545,47,45,6,8,0.5377358490566038,0.5188679245283019,0.0,0.0,0.0,0.0,0.0,0.0,0.0,0.0,0.5108695652173914,0.4285714285714286,0.0,0.8679245283018868,0.1320754716981132,0.2359130585837846,0
BHARTIARTL,6,0.95,906,100,53,2025-11-25,2026-04-09,0.5660377358490566,0.6627565982404692,0.6349206349206349,0.4878048780487805,0.9090909090909091,20,21,10,2,0.5283018867924528,0.5471698113207547,0.0,0.0,0.0,0.0,0.0,0.0,0.0,0.0,0.4878048780487805,0.8333333333333334,0.0,0.7735849056603774,0.22641509433962265,0.37569109881612484,0
INDUSTOWER,1,0.7,725,80,115,2024-04-15,2024-12-02,0.5043478260869565,0.5135384615384615,0.27848101265822783,0.7857142857142857,0.16923076923076924,11,3,47,54,0.5652173913043478,0.4782608695652174,0.0,0.0,0.0,0.0,0.0,0.0,0.0,0.0,0.7857142857142857,0.4653465346534653,0.0,0.12173913043478261,0.8782608695652174,1.0,0
INDUSTOWER,2,0.75,777,86,115,2024-08-08,2025-03-27,0.5304347826086957,0.5221212121212121,0.5,0.5625,0.45,27,21,34,33,0.4782608695652174,0.5043478260869565,0.0,0.0,0.0,0.0,0.0,0.0,0.0,0.0,0.5625,0.5074626865671642,0.0,0.41739130434782606,0.5826086956521739,1.0,0
INDUSTOWER,3,0.8,828,92,115,2024-12-03,2025-07-31,0.46956521739130436,0.4525105868118572,0.46956521739130436,0.47368421052631576,0.46551724137931033,27,30,27,31,0.4608695652173913,0.46956521739130436,0.0,0.0,0.0,0.0,0.0,0.0,0.0,0.0,0.47368421052631576,0.4655172413793104,0.0,0.4956521739130435,0.5043478260869565,0.6215474531272628,0
INDUSTOWER,4,0.85,881,97,115,2025-03-28,2025-12-01,0.46956521739130436,0.499697519661222,0.5413533834586466,0.47368421052631576,0.631578947368421,36,40,18,21,0.4956521739130435,0.4956521739130435,0.0,0.0,0.0,0.0,0.0,0.0,0.0,0.0,0.47368421052631576,0.46153846153846156,0.0,0.6608695652173913,0.3391304347826087,1.0,0
INDUSTOWER,5,0.9,932,103,116,2025-08-04,2026-04-08,0.5431034482758621,0.5242921013412817,0.5391304347826087,0.5740740740740741,0.5081967213114754,31,23,32,30,0.46551724137931033,0.5775862068965517,0.0,0.0,0.0,0.0,0.0,0.0,0.0,0.0,0.5740740740740741,0.5161290322580645,0.0,0.46551724137931033,0.5344827586206896,0.24507766806508993,0
INDUSTOWER,6,0.95,984,109,58,2025-12-02,2026-04-08,0.5,0.5913978494623655,0.49122807017543857,0.5384615384615384,0.45161290322580644,14,12,15,17,0.5172413793103449,0.5689655172413793,0.0,0.0,0.0,0.0,0.0,0.0,0.0,0.0,0.5384615384615384,0.46875,0.0,0.4482758620689655,0.5517241379310345,1.5472154297387422,0
ULTRACEMCO,1,0.7,672,74,107,2024-04-23,2024-12-02,0.5794392523364486,0.5898245614035087,0.6017699115044248,0.6071428571428571,0.5964912280701754,34,22,28,23,0.5514018691588785,0.5514018691588785,0.0,0.0,0.0,0.0,0.0,0.0,0.0,0.0,0.6071428571428571,0.5490196078431373,0.0,0.5233644859813084,0.4766355140186916,1.0,0
ULTRACEMCO,2,0.75,720,80,106,2024-08-13,2025-03-10,0.5377358490566038,0.586566091954023,0.5950413223140496,0.4931506849315068,0.75,36,37,21,12,0.5094339622641509,0.46226415094339623,0.0,0.0,0.0,0.0,0.0,0.0,0.0,0.0,0.4931506849315068,0.6363636363636364,0.0,0.6886792452830188,0.3113207547169811,0.1780239956255908,0
ULTRACEMCO,3,0.8,768,85,107,2024-12-03,2025-08-01,0.514018691588785,0.590146750524109,0.59375,0.5135135135135135,0.7037037037037037,38,36,17,16,0.5420560747663551,0.5046728971962616,0.0,0.0,0.0,0.0,0.0,0.0,0.0,0.0,0.5135135135135135,0.5151515151515151,0.0,0.6915887850467289,0.308411214953271,0.12874225211189597,0
ULTRACEMCO,4,0.85,816,90,107,2025-03-11,2025-12-02,0.5233644859813084,0.5412587412587413,0.6277372262773723,0.5058823529411764,0.8269230769230769,43,42,13,9,0.5514018691588785,0.5233644859813084,0.0,0.0,0.0,0.0,0.0,0.0,0.0,0.0,0.5058823529411764,0.5909090909090908,0.0,0.794392523364486,0.205607476635514,0.4461179568176281,0
ULTRACEMCO,5,0.9,864,96,107,2025-08-05,2026-04-10,0.4766355140186916,0.5404255319148936,0.5555555555555556,0.4430379746835443,0.7446808510638298,35,44,16,12,0.4672897196261682,0.4672897196261682,0.0,0.0,0.0,0.0,0.0,0.0,0.0,0.0,0.4430379746835443,0.5714285714285714,0.0,0.7383177570093458,0.2616822429906542,0.6073475631076647,0
ULTRACEMCO,6,0.95,912,101,54,2025-12-05,2026-04-10,0.5555555555555556,0.5453296703296703,0.6,0.5294117647058824,0.6923076923076923,18,16,12,8,0.6111111111111112,0.5555555555555556,0.0,0.0,0.0,0.0,0.0,0.0,0.0,0.0,0.5294117647058824,0.6,0.0,0.6296296296296297,0.37037037037037035,1.0,0
GRASIM,1,0.7,697,77,111,2024-04-04,2024-11-13,0.6036036036036037,0.5764705882352942,0.65625,0.6176470588235294,0.7,42,26,25,18,0.5045045045045045,0.5765765765765766,0.0,0.0,0.0,0.0,0.0,0.0,0.0,0.0,0.6176470588235294,0.5813953488372092,0.0,0.6126126126126126,0.38738738738738737,0.4190040704218821,0
GRASIM,2,0.75,747,83,110,2024-08-02,2025-03-18,0.45454545454545453,0.4451058201058201,0.5774647887323944,0.4659090909090909,0.7592592592592593,41,47,9,13,0.4909090909090909,0.4818181818181818,0.0,0.0,0.0,0.0,0.0,0.0,0.0,0.0,0.4659090909090909,0.40909090909090906,0.0,0.8,0.2,0.383669124958897,0
GRASIM,3,0.8,797,88,111,2024-11-19,2025-07-17,0.4774774774774775,0.47072218607677296,0.5972222222222222,0.4725274725274725,0.8113207547169812,43,48,10,10,0.4594594594594595,0.46846846846846846,0.0,0.0,0.0,0.0,0.0,0.0,0.0,0.0,0.4725274725274725,0.5,0.0,0.8198198198198198,0.18018018018018017,0.46659726263824236,0
GRASIM,4,0.85,846,94,111,2025-03-19,2025-11-25,0.5405405405405406,0.5627030539311241,0.6482758620689655,0.5164835164835165,0.8703703703703703,47,44,13,7,0.5045045045045045,0.4864864864864865,0.0,0.0,0.0,0.0,0.0,0.0,0.0,0.0,0.5164835164835165,0.65,0.0,0.8198198198198198,0.18018018018018017,1.0,0
GRASIM,5,0.9,897,99,111,2025-07-18,2026-04-10,0.5675675675675675,0.620207927225471,0.5714285714285714,0.5517241379310345,0.5925925925925926,32,26,31,22,0.5585585585585585,0.5585585585585585,0.0,0.0,0.0,0.0,0.0,0.0,0.0,0.0,0.5517241379310345,0.5849056603773585,0.0,0.5225225225225225,0.4774774774774775,0.28335545738730067,0
GRASIM,6,0.95,946,105,56,2025-12-02,2026-04-10,0.5714285714285714,0.6282051282051282,0.6129032258064516,0.5277777777777778,0.7307692307692307,19,17,13,7,0.5357142857142857,0.625,0.0,0.0,0.0,0.0,0.0,0.0,0.0,0.0,0.5277777777777778,0.65,0.0,0.6428571428571429,0.35714285714285715,0.7997140520664716,0
AMBUJACEM,1,0.7,716,79,114,2024-04-30,2024-12-11,0.5350877192982456,0.6296182266009852,0.6580645161290323,0.5257731958762887,0.8793103448275862,51,46,10,7,0.5877192982456141,0.5263157894736842,0.0,0.0,0.0,0.0,0.0,0.0,0.0,0.0,0.5257731958762887,0.5882352941176471,0.0,0.8508771929824561,0.14912280701754385,0.1898537136406769,0
AMBUJACEM,2,0.75,767,85,114,2024-08-19,2025-04-04,0.5087719298245614,0.5134052388289676,0.5692307692307692,0.49333333333333335,0.6727272727272727,37,38,21,18,0.5350877192982456,0.5263157894736842,0.0,0.0,0.0,0.0,0.0,0.0,0.0,0.0,0.49333333333333335,0.5384615384615384,0.0,0.6578947368421053,0.34210526315789475,0.5299605391299483,0
AMBUJACEM,3,0.8,819,90,114,2024-12-13,2025-08-06,0.5,0.5318952234206471,0.6068965517241379,0.5116279069767442,0.7457627118644068,44,42,13,15,0.4298245614035088,0.5350877192982456,0.0,0.0,0.0,0.0,0.0,0.0,0.0,0.0,0.5116279069767442,0.4642857142857143,0.0,0.7543859649122807,0.24561403508771928,1.0,0
AMBUJACEM,4,0.85,870,96,114,2025-04-07,2025-12-09,0.4298245614035088,0.5027915632754343,0.5454545454545454,0.42857142857142855,0.75,39,52,10,13,0.4473684210526316,0.5614035087719298,0.0,0.0,0.0,0.0,0.0,0.0,0.0,0.0,0.42857142857142855,0.4347826086956522,0.0,0.7982456140350878,0.20175438596491227,0.10000660285425449,0
AMBUJACEM,5,0.9,921,102,114,2025-08-07,2026-04-10,0.5,0.4919937205651492,0.544,0.4473684210526316,0.6938775510204082,34,42,23,15,0.42105263157894735,0.5701754385964912,0.0,0.0,0.0,0.0,0.0,0.0,0.0,0.0,0.4473684210526316,0.6052631578947368,0.0,0.6666666666666666,0.3333333333333333,1.0,0
AMBUJACEM,6,0.95,972,108,57,2025-12-10,2026-04-10,0.6491228070175439,0.647783251231527,0.6774193548387096,0.6176470588235294,0.75,21,13,16,7,0.45614035087719296,0.6666666666666666,0.0,0.0,0.0,0.0,0.0,0.0,0.0,0.0,0.6176470588235294,0.6956521739130435,0.0,0.5964912280701754,0.40350877192982454,0.4393197491176136,0
TITAN,1,0.7,770,85,122,2024-01-03,2024-09-24,0.5081967213114754,0.4680735930735931,0.5833333333333334,0.5384615384615384,0.6363636363636364,42,36,20,24,0.5491803278688525,0.45901639344262296,0.0,0.0,0.0,0.0,0.0,0.0,0.0,0.0,0.5384615384615384,0.4545454545454546,0.0,0.639344262295082,0.36065573770491804,1.0,0
TITAN,2,0.75,825,91,122,2024-05-17,2025-02-04,0.4672131147540984,0.4479418886198547,0.453781512605042,0.48214285714285715,0.42857142857142855,27,29,30,36,0.45901639344262296,0.48360655737704916,0.0,0.0,0.0,0.0,0.0,0.0,0.0,0.0,0.48214285714285715,0.4545454545454546,0.0,0.45901639344262296,0.5409836065573771,1.0,0
TITAN,3,0.8,880,97,122,2024-09-25,2025-06-18,0.5327868852459017,0.5369073275862069,0.6225165562913907,0.5053763440860215,0.8103448275862069,47,46,18,11,0.47540983606557374,0.5245901639344263,0.0,0.0,0.0,0.0,0.0,0.0,0.0,0.0,0.5053763440860215,0.6206896551724138,0.0,0.7622950819672131,0.23770491803278687,0.7046478488319048,0
TITAN,4,0.85,935,103,122,2025-02-05,2025-11-14,0.5655737704918032,0.5661290322580644,0.6131386861313869,0.56,0.6774193548387096,42,33,27,20,0.5,0.5245901639344263,0.0,0.0,0.0,0.0,0.0,0.0,0.0,0.0,0.56,0.574468085106383,0.0,0.6147540983606558,0.38524590163934425,0.6723141361386497,0
TITAN,5,0.9,990,109,123,2025-06-23,2026-04-10,0.5528455284552846,0.526218220338983,0.4954128440366973,0.6,0.421875,27,18,41,37,0.4796747967479675,0.4878048780487805,0.0,0.0,0.0,0.0,0.0,0.0,0.0,0.0,0.6,0.5256410256410257,0.0,0.36585365853658536,0.6341463414634146,0.10627724388213233,0
TITAN,6,0.95,1044,116,62,2025-11-18,2026-04-10,0.5,0.5359001040582727,0.39215686274509803,0.5,0.3225806451612903,10,10,21,21,0.46774193548387094,0.5,0.0,0.0,0.0,0.0,0.0,0.0,0.0,0.0,0.5,0.5,0.0,0.3225806451612903,0.6774193548387096,1.0,0
SHREECEM,1,0.7,682,75,108,2024-03-15,2024-11-07,0.5185185185185185,0.5627572016460906,0.6,0.5131578947368421,0.7222222222222222,39,37,17,15,0.5092592592592593,0.5185185185185185,0.0,0.0,0.0,0.0,0.0,0.0,0.0,0.0,0.5131578947368421,0.53125,0.0,0.7037037037037037,0.2962962962962963,0.5043077235015233,0
SHREECEM,2,0.75,730,81,108,2024-07-30,2025-03-03,0.4444444444444444,0.4447873799725652,0.5522388059701493,0.4625,0.6851851851851852,37,43,11,17,0.5925925925925926,0.5,0.0,0.0,0.0,0.0,0.0,0.0,0.0,0.0,0.4625,0.3928571428571429,0.0,0.7407407407407407,0.25925925925925924,0.32682882597360363,0
SHREECEM,3,0.8,779,86,108,2024-11-08,2025-07-24,0.5555555555555556,0.5659340659340659,0.5294117647058824,0.5869565217391305,0.48214285714285715,27,19,33,29,0.4722222222222222,0.5833333333333334,0.0,0.0,0.0,0.0,0.0,0.0,0.0,0.0,0.5869565217391305,0.532258064516129,0.0,0.42592592592592593,0.5740740740740741,0.6518301606382476,0
SHREECEM,4,0.85,828,91,108,2025-03-04,2025-12-09,0.4444444444444444,0.42461430575035064,0.4230769230769231,0.3793103448275862,0.4782608695652174,22,36,26,24,0.4074074074074074,0.42592592592592593,0.0,0.0,0.0,0.0,0.0,0.0,0.0,0.0,0.3793103448275862,0.52,0.0,0.5370370370370371,0.46296296296296297,0.49251369986321863,0
SHREECEM,5,0.9,876,97,109,2025-07-25,2026-04-09,0.3853211009174312,0.44842896174863384,0.464,0.37662337662337664,0.6041666666666666,29,48,13,19,0.45871559633027525,0.46788990825688076,0.0,0.0,0.0,0.0,0.0,0.0,0.0,0.0,0.37662337662337664,0.40625,0.0,0.7064220183486238,0.29357798165137616,1.0,0
SHREECEM,6,0.95,925,102,55,2025-12-10,2026-04-09,0.4727272727272727,0.40848806366047746,0.5915492957746479,0.5,0.7241379310344828,21,21,5,8,0.43636363636363634,0.5272727272727272,0.0,0.0,0.0,0.0,0.0,0.0,0.0,0.0,0.5,0.3846153846153846,0.0,0.7636363636363637,0.23636363636363636,1.0,0
ASIANPAINT,1,0.7,748,83,119,2024-01-08,2024-11-04,0.5630252100840336,0.4824759751271905,0.5873015873015873,0.5692307692307692,0.6065573770491803,37,28,30,24,0.48739495798319327,0.5378151260504201,0.0,0.0,0.0,0.0,0.0,0.0,0.0,0.0,0.5692307692307692,0.5555555555555556,0.0,0.5462184873949579,0.453781512605042,1.0,0
ASIANPAINT,2,0.75,802,89,118,2024-06-26,2025-03-05,0.5338983050847458,0.5834542815674891,0.5736434108527132,0.4868421052631579,0.6981132075471698,37,39,26,16,0.4915254237288136,0.5677966101694916,0.0,0.0,0.0,0.0,0.0,0.0,0.0,0.0,0.4868421052631579,0.6190476190476191,0.0,0.6440677966101694,0.3559322033898305,1.9415503702773027,0
ASIANPAINT,3,0.8,855,95,119,2024-11-06,2025-07-22,0.5462184873949579,0.6203544882790166,0.5714285714285714,0.4931506849315068,0.6792452830188679,36,37,29,17,0.5294117647058824,0.5798319327731093,0.0,0.0,0.0,0.0,0.0,0.0,0.0,0.0,0.4931506849315068,0.6304347826086957,0.0,0.6134453781512605,0.3865546218487395,0.3218612523973191,0
ASIANPAINT,4,0.85,909,100,119,2025-03-11,2025-12-05,0.4789915966386555,0.4663271080928127,0.5079365079365079,0.5,0.5161290322580645,32,32,25,30,0.5378151260504201,0.46218487394957986,0.0,0.0,0.0,0.0,0.0,0.0,0.0,0.0,0.5,0.4545454545454546,0.0,0.5378151260504201,0.46218487394957986,0.6046961966847514,0
ASIANPAINT,5,0.9,963,106,119,2025-07-23,2026-04-09,0.453781512605042,0.455624646693047,0.4144144144144144,0.4339622641509434,0.39655172413793105,23,30,31,35,0.453781512605042,0.5126050420168067,0.0,0.0,0.0,0.0,0.0,0.0,0.0,0.0,0.4339622641509434,0.4696969696969697,0.0,0.44537815126050423,0.5546218487394958,0.264200977508213,0
ASIANPAINT,6,0.95,1016,112,60,2025-12-08,2026-04-09,0.6666666666666666,0.6139169472502806,0.5454545454545454,0.7058823529411765,0.4444444444444444,12,5,28,15,0.6166666666666667,0.55,0.0,0.0,0.0,0.0,0.0,0.0,0.0,0.0,0.7058823529411765,0.6511627906976745,0.0,0.2833333333333333,0.7166666666666667,1.0,0
PIDILITIND,1,0.7,768,85,122,2024-01-10,2024-10-01,0.45901639344262296,0.47561327561327554,0.45901639344262296,0.6222222222222222,0.36363636363636365,28,17,28,49,0.5573770491803278,0.36885245901639346,0.0,0.0,0.0,0.0,0.0,0.0,0.0,0.0,0.6222222222222222,0.36363636363636365,0.0,0.36885245901639346,0.6311475409836066,0.5442211141942626,0
PIDILITIND,2,0.75,823,91,122,2024-05-31,2025-01-30,0.6147540983606558,0.5924426450742242,0.6178861788617886,0.6551724137931034,0.5846153846153846,38,20,37,27,0.5409836065573771,0.4672131147540984,0.0,0.0,0.0,0.0,0.0,0.0,0.0,0.0,0.6551724137931034,0.578125,0.0,0.47540983606557374,0.5245901639344263,1.0,0
PIDILITIND,3,0.8,878,97,122,2024-10-04,2025-06-12,0.45901639344262296,0.47218453188602444,0.5217391304347826,0.43373493975903615,0.6545454545454545,36,47,20,19,0.47540983606557374,0.5081967213114754,0.0,0.0,0.0,0.0,0.0,0.0,0.0,0.0,0.43373493975903615,0.5128205128205128,0.0,0.680327868852459,0.319672131147541,1.0,0
PIDILITIND,4,0.85,933,103,122,2025-01-31,2025-11-20,0.5163934426229508,0.5201612903225807,0.6193548387096774,0.5052631578947369,0.8,48,47,15,12,0.5081967213114754,0.5081967213114754,0.0,0.0,0.0,0.0,0.0,0.0,0.0,0.0,0.5052631578947369,0.5555555555555556,0.0,0.7786885245901639,0.22131147540983606,1.0,0
PIDILITIND,5,0.9,988,109,122,2025-06-13,2026-04-10,0.45901639344262296,0.44847995695453324,0.5714285714285714,0.4835164835164835,0.6984126984126984,44,47,12,19,0.45081967213114754,0.5163934426229508,0.0,0.0,0.0,0.0,0.0,0.0,0.0,0.0,0.4835164835164835,0.3870967741935484,0.0,0.7459016393442623,0.2540983606557377,1.0,0
PIDILITIND,6,0.95,1043,115,61,2025-11-21,2026-04-10,0.5081967213114754,0.521505376344086,0.5161290322580645,0.5161290322580645,0.5161290322580645,16,15,15,15,0.45901639344262296,0.4918032786885246,0.0,0.0,0.0,0.0,0.0,0.0,0.0,0.0,0.5161290322580645,0.5,0.0,0.5081967213114754,0.4918032786885246,0.4833572626366993,0
BERGEPAINT,1,0.7,768,85,122,2023-12-27,2024-10-11,0.5655737704918032,0.5334967320261438,0.6394557823129252,0.5949367088607594,0.6911764705882353,47,32,22,21,0.5819672131147541,0.4426229508196721,0.0,0.0,0.0,0.0,0.0,0.0,0.0,0.0,0.5949367088607594,0.5116279069767442,0.0,0.6475409836065574,0.3524590163934426,0.13891312451058555,0
BERGEPAINT,2,0.75,823,91,122,2024-06-03,2025-02-11,0.5655737704918032,0.508442265795207,0.6535947712418301,0.5882352941176471,0.7352941176470589,50,35,19,18,0.5737704918032787,0.5245901639344263,0.0,0.0,0.0,0.0,0.0,0.0,0.0,0.0,0.5882352941176471,0.5135135135135135,0.0,0.6967213114754098,0.30327868852459017,1.0,0
BERGEPAINT,3,0.8,878,97,122,2024-10-14,2025-07-11,0.45081967213114754,0.44758064516129037,0.5179856115107914,0.45569620253164556,0.6,36,43,19,24,0.5,0.47540983606557374,0.0,0.0,0.0,0.0,0.0,0.0,0.0,0.0,0.45569620253164556,0.4418604651162791,0.0,0.6475409836065574,0.3524590163934426,0.4390316794681145,0
BERGEPAINT,4,0.85,933,103,122,2025-02-13,2025-11-17,0.5,0.5313424804950229,0.6257668711656442,0.51,0.8095238095238095,51,49,10,12,0.5081967213114754,0.4918032786885246,0.0,0.0,0.0,0.0,0.0,0.0,0.0,0.0,0.51,0.4545454545454546,0.0,0.819672131147541,0.18032786885245902,0.47304092987975455,0
BERGEPAINT,5,0.9,988,109,122,2025-07-14,2026-04-10,0.5245901639344263,0.5354925775978407,0.5915492957746479,0.49411764705882355,0.7368421052631579,42,43,22,15,0.5,0.45901639344262296,0.0,0.0,0.0,0.0,0.0,0.0,0.0,0.0,0.49411764705882355,0.5945945945945945,0.0,0.6967213114754098,0.30327868852459017,1.0,0
BERGEPAINT,6,0.95,1043,115,61,2025-11-18,2026-04-10,0.5081967213114754,0.6122222222222222,0.5,0.42857142857142855,0.6,15,20,16,10,0.5245901639344263,0.6229508196721312,0.0,0.0,0.0,0.0,0.0,0.0,0.0,0.0,0.42857142857142855,0.6153846153846154,0.0,0.5737704918032787,0.4262295081967213,1.0,0
VOLTAS,1,0.7,828,91,132,2024-02-09,2024-10-24,0.45454545454545453,0.4578457129209457,0.5443037974683544,0.5443037974683544,0.5443037974683544,43,36,17,36,0.4318181818181818,0.38636363636363635,0.0,0.0,0.0,0.0,0.0,0.0,0.0,0.0,0.5443037974683544,0.3207547169811321,0.0,0.5984848484848485,0.4015151515151515,1.0,0
VOLTAS,2,0.75,887,98,131,2024-06-25,2025-02-13,0.5114503816793893,0.5195804195804196,0.5555555555555556,0.5128205128205128,0.6060606060606061,40,38,27,26,0.5038167938931297,0.5343511450381679,0.0,0.0,0.0,0.0,0.0,0.0,0.0,0.0,0.5128205128205128,0.5094339622641509,0.0,0.5954198473282443,0.40458015267175573,0.41623089236731425,0
VOLTAS,3,0.8,946,105,131,2024-10-25,2025-06-30,0.5267175572519084,0.4369747899159664,0.6025641025641025,0.5053763440860215,0.746031746031746,47,46,22,16,0.48091603053435117,0.48091603053435117,0.0,0.0,0.0,0.0,0.0,0.0,0.0,0.0,0.5053763440860215,0.5789473684210527,0.0,0.7099236641221374,0.2900763358778626,1.0,0
VOLTAS,4,0.85,1005,111,132,2025-02-14,2025-11-21,0.4772727272727273,0.484472049689441,0.6011560693641619,0.5,0.7536231884057971,52,52,11,17,0.48484848484848486,0.49242424242424243,0.0,0.0,0.0,0.0,0.0,0.0,0.0,0.0,0.5,0.3928571428571429,0.0,0.7878787878787878,0.21212121212121213,1.0,0
VOLTAS,5,0.9,1064,118,132,2025-07-01,2026-04-10,0.5909090909090909,0.5573959052219922,0.7096774193548387,0.5641025641025641,0.9565217391304348,66,51,12,3,0.5833333333333334,0.5227272727272727,0.0,0.0,0.0,0.0,0.0,0.0,0.0,0.0,0.5641025641025641,0.8,0.0,0.8863636363636364,0.11363636363636363,1.0,0
VOLTAS,6,0.95,1124,124,66,2025-11-25,2026-04-10,0.5909090909090909,0.6073732718894009,0.6493506493506493,0.5952380952380952,0.7142857142857143,25,17,14,10,0.5303030303030303,0.5909090909090909,0.0,0.0,0.0,0.0,0.0,0.0,0.0,0.0,0.5952380952380952,0.5833333333333333,0.0,0.6363636363636364,0.36363636363636365,0.42826220248610897,0
DMART,1,0.7,796,88,127,2023-12-14,2024-09-23,0.47244094488188976,0.5275252525252526,0.524822695035461,0.5362318840579711,0.5138888888888888,37,32,23,35,0.5196850393700787,0.4566929133858268,0.0,0.0,0.0,0.0,0.0,0.0,0.0,0.0,0.5362318840579711,0.39655172413793105,0.0,0.5433070866141733,0.4566929133858268,1.0,0
DMART,2,0.75,854,94,126,2024-05-24,2025-02-01,0.4523809523809524,0.43579964403763033,0.4732824427480916,0.4189189189189189,0.543859649122807,31,43,26,26,0.48412698412698413,0.4603174603174603,0.0,0.0,0.0,0.0,0.0,0.0,0.0,0.0,0.4189189189189189,0.5,0.0,0.5873015873015873,0.4126984126984127,0.5529460439596406,0
DMART,3,0.8,910,101,126,2024-09-24,2025-06-23,0.4523809523809524,0.4606914212548015,0.42016806722689076,0.390625,0.45454545454545453,25,39,32,30,0.36507936507936506,0.5555555555555556,0.0,0.0,0.0,0.0,0.0,0.0,0.0,0.0,0.390625,0.5161290322580645,0.0,0.5079365079365079,0.49206349206349204,1.0,0
DMART,4,0.85,967,107,126,2025-02-03,2025-11-17,0.4365079365079365,0.4504413619167718,0.4892086330935252,0.4358974358974359,0.5573770491803278,34,44,21,27,0.47619047619047616,0.5238095238095238,0.0,0.0,0.0,0.0,0.0,0.0,0.0,0.0,0.4358974358974359,0.4375,0.0,0.6190476190476191,0.38095238095238093,1.0,0
DMART,5,0.9,1024,113,127,2025-06-24,2026-04-10,0.5118110236220472,0.47585513078470826,0.4918032786885246,0.45454545454545453,0.5357142857142857,30,36,35,26,0.4251968503937008,0.5590551181102362,0.0,0.0,0.0,0.0,0.0,0.0,0.0,0.0,0.45454545454545453,0.5737704918032787,0.0,0.5196850393700787,0.48031496062992124,1.0,0
DMART,6,0.95,1080,120,64,2025-11-18,2026-04-10,0.5625,0.5182266009852217,0.5,0.5185185185185185,0.4827586206896552,14,13,22,15,0.484375,0.546875,0.0,0.0,0.0,0.0,0.0,0.0,0.0,0.0,0.5185185185185185,0.5945945945945945,0.0,0.421875,0.578125,1.0,0
PAGEIND,1,0.7,817,90,130,2023-12-06,2024-09-30,0.5076923076923077,0.4954761904761905,0.5428571428571428,0.5428571428571428,0.5428571428571428,38,32,28,32,0.5153846153846153,0.5230769230769231,0.0,0.0,0.0,0.0,0.0,0.0,0.0,0.0,0.5428571428571428,0.4666666666666667,0.0,0.5384615384615384,0.46153846153846156,1.0,0
PAGEIND,2,0.75,875,97,130,2024-05-15,2025-02-10,0.5230769230769231,0.49679258731290094,0.5507246376811594,0.5507246376811594,0.5507246376811594,38,31,30,31,0.5307692307692308,0.5307692307692308,0.0,0.0,0.0,0.0,0.0,0.0,0.0,0.0,0.5507246376811594,0.4918032786885246,0.0,0.5307692307692308,0.46923076923076923,1.0,0
PAGEIND,3,0.8,934,103,130,2024-10-01,2025-06-25,0.49230769230769234,0.4906153480636731,0.46774193548387094,0.5272727272727272,0.42028985507246375,29,26,35,40,0.46153846153846156,0.47692307692307695,0.0,0.0,0.0,0.0,0.0,0.0,0.0,0.0,0.5272727272727272,0.4666666666666667,0.0,0.4230769230769231,0.5769230769230769,0.2183834964374798,0
PAGEIND,4,0.85,992,110,130,2025-02-11,2025-11-12,0.4846153846153846,0.52333570244018,0.5179856115107914,0.47368421052631576,0.5714285714285714,36,40,27,27,0.43846153846153846,0.5076923076923077,0.0,0.0,0.0,0.0,0.0,0.0,0.0,0.0,0.47368421052631576,0.5,0.0,0.5846153846153846,0.4153846153846154,0.15567198543919214,0
PAGEIND,5,0.9,1051,116,130,2025-06-26,2026-04-10,0.5692307692307692,0.6313352826510722,0.6056338028169014,0.48863636363636365,0.7962962962962963,43,45,31,11,0.47692307692307695,0.4153846153846154,0.0,0.0,0.0,0.0,0.0,0.0,0.0,0.0,0.48863636363636365,0.7380952380952381,0.0,0.676923076923077,0.3230769230769231,0.1846650469710573,0
PAGEIND,6,0.95,1109,123,65,2025-11-13,2026-04-10,0.4307692307692308,0.4418145956607495,0.4307692307692308,0.358974358974359,0.5384615384615384,14,25,14,12,0.46153846153846156,0.4,0.0,0.0,0.0,0.0,0.0,0.0,0.0,0.0,0.358974358974359,0.5384615384615384,0.0,0.6,0.4,1.0,0
DLF,1,0.7,864,96,137,2023-11-29,2024-09-18,0.43795620437956206,0.355570530098832,0.49673202614379086,0.5507246376811594,0.4523809523809524,38,31,22,46,0.49635036496350365,0.45255474452554745,0.0,0.0,0.0,0.0,0.0,0.0,0.0,0.0,0.5507246376811594,0.32352941176470584,0.0,0.5036496350364964,0.49635036496350365,1.0,0
DLF,2,0.75,927,102,137,2024-04-26,2025-01-23,0.5036496350364964,0.46353496353496354,0.6304347826086957,0.5272727272727272,0.7837837837837838,58,52,11,16,0.4744525547445255,0.5401459854014599,0.0,0.0,0.0,0.0,0.0,0.0,0.0,0.0,0.5272727272727272,0.40740740740740744,0.0,0.8029197080291971,0.19708029197080293,0.2024272613484523,0
DLF,3,0.8,988,109,137,2024-09-19,2025-06-16,0.5182481751824818,0.5247545881348699,0.6292134831460674,0.5233644859813084,0.7887323943661971,56,51,15,15,0.48905109489051096,0.5109489051094891,0.0,0.0,0.0,0.0,0.0,0.0,0.0,0.0,0.5233644859813084,0.5,0.0,0.781021897810219,0.21897810218978103,0.31545020728965856,0
DLF,4,0.85,1050,116,137,2025-01-24,2025-11-10,0.49635036496350365,0.5433760683760684,0.649746192893401,0.48484848484848486,0.9846153846153847,64,68,4,1,0.5182481751824818,0.4744525547445255,0.0,0.0,0.0,0.0,0.0,0.0,0.0,0.0,0.48484848484848486,0.8,0.0,0.9635036496350365,0.0364963503649635,0.5336416823726121,0
DLF,5,0.9,1111,123,138,2025-06-17,2026-04-09,0.4492753623188406,0.5648954703832753,0.5681818181818182,0.4166666666666667,0.8928571428571429,50,70,12,6,0.463768115942029,0.4057971014492754,0.0,0.0,0.0,0.0,0.0,0.0,0.0,0.0,0.4166666666666667,0.6666666666666667,0.0,0.8695652173913043,0.13043478260869565,2.827993359095529,0
DLF,6,0.95,1173,130,69,2025-11-11,2026-04-09,0.4782608695652174,0.4937388193202147,0.55,0.4074074074074074,0.8461538461538461,22,32,11,4,0.4782608695652174,0.37681159420289856,0.0,0.0,0.0,0.0,0.0,0.0,0.0,0.0,0.4074074074074074,0.7333333333333334,0.0,0.782608695652174,0.21739130434782608,1.0,0
ADANIPORTS,1,0.7,708,78,112,2024-05-09,2024-12-12,0.5,0.5319284802043422,0.5172413793103449,0.5172413793103449,0.5172413793103449,30,28,26,28,0.5267857142857143,0.5535714285714286,0.0,0.0,0.0,0.0,0.0,0.0,0.0,0.0,0.5172413793103449,0.4814814814814815,0.0,0.5178571428571429,0.48214285714285715,0.42543551349471803,0
ADANIPORTS,2,0.75,758,84,112,2024-09-11,2025-03-27,0.4732142857142857,0.49758919961427195,0.4778761061946903,0.43548387096774194,0.5294117647058824,27,35,26,24,0.5089285714285714,0.5178571428571429,0.0,0.0,0.0,0.0,0.0,0.0,0.0,0.0,0.43548387096774194,0.52,0.0,0.5535714285714286,0.44642857142857145,0.4499698557020027,0
ADANIPORTS,3,0.8,809,89,112,2024-12-13,2025-08-04,0.5714285714285714,0.6162456028141988,0.5862068965517241,0.5396825396825397,0.6415094339622641,34,29,30,19,0.5,0.5982142857142857,0.0,0.0,0.0,0.0,0.0,0.0,0.0,0.0,0.5396825396825397,0.6122448979591837,0.0,0.5625,0.4375,0.568893439873159,0
ADANIPORTS,4,0.85,859,95,112,2025-03-28,2025-12-11,0.5357142857142857,0.539859693877551,0.5517241379310345,0.5333333333333333,0.5714285714285714,32,28,28,24,0.5625,0.5089285714285714,0.0,0.0,0.0,0.0,0.0,0.0,0.0,0.0,0.5333333333333333,0.5384615384615384,0.0,0.5357142857142857,0.4642857142857143,0.2586245814731023,0
ADANIPORTS,5,0.9,909,101,113,2025-08-05,2026-04-10,0.5221238938053098,0.5045511613308222,0.3076923076923077,0.5,0.2222222222222222,12,12,47,42,0.49557522123893805,0.5221238938053098,0.0,0.0,0.0,0.0,0.0,0.0,0.0,0.0,0.5,0.5280898876404494,0.0,0.21238938053097345,0.7876106194690266,0.23350530617338922,0
ADANIPORTS,6,0.95,960,106,57,2025-12-12,2026-04-10,0.6491228070175439,0.6825000000000001,0.5652173913043478,0.6190476190476191,0.52,13,8,24,12,0.5789473684210527,0.6140350877192983,0.0,0.0,0.0,0.0,0.0,0.0,0.0,0.0,0.6190476190476191,0.6666666666666667,0.0,0.3684210526315789,0.631578947368421,0.10000660285425449,0
ADANIENT,1,0.7,818,90,130,2023-12-22,2024-10-15,0.5384615384615384,0.5913187855787476,0.6428571428571429,0.54,0.7941176470588235,54,46,16,14,0.5153846153846153,0.5307692307692308,0.0,0.0,0.0,0.0,0.0,0.0,0.0,0.0,0.54,0.5333333333333333,0.0,0.7692307692307693,0.23076923076923078,0.4815112855481236,0
ADANIENT,2,0.75,876,97,130,2024-05-16,2025-02-10,0.5461538461538461,0.564321250888415,0.6193548387096774,0.5217391304347826,0.7619047619047619,48,44,23,15,0.5384615384615384,0.5307692307692308,0.0,0.0,0.0,0.0,0.0,0.0,0.0,0.0,0.5217391304347826,0.6052631578947368,0.0,0.7076923076923077,0.2923076923076923,0.7223279806617071,0
ADANIENT,3,0.8,935,103,130,2024-10-16,2025-06-27,0.5230769230769231,0.551373106060606,0.6265060240963856,0.52,0.7878787878787878,52,48,16,14,0.5923076923076923,0.5846153846153846,0.0,0.0,0.0,0.0,0.0,0.0,0.0,0.0,0.52,0.5333333333333333,0.0,0.7692307692307693,0.23076923076923078,0.6742167828006126,0
ADANIENT,4,0.85,993,110,130,2025-02-11,2025-11-24,0.47692307692307695,0.463768115942029,0.5,0.4533333333333333,0.5573770491803278,34,41,28,27,0.47692307692307695,0.5384615384615384,0.0,0.0,0.0,0.0,0.0,0.0,0.0,0.0,0.4533333333333333,0.509090909090909,0.0,0.5769230769230769,0.4230769230769231,0.1345691318908446,0
ADANIENT,5,0.9,1052,116,130,2025-07-02,2026-04-10,0.45384615384615384,0.4576969696969697,0.4740740740740741,0.4,0.5818181818181818,32,48,27,23,0.5,0.5,0.0,0.0,0.0,0.0,0.0,0.0,0.0,0.0,0.4,0.54,0.0,0.6153846153846154,0.38461538461538464,0.5741667996277863,0
ADANIENT,6,0.95,1110,123,65,2025-11-25,2026-04-10,0.6307692307692307,0.6295238095238096,0.6,0.6,0.6,18,12,23,12,0.5846153846153846,0.5692307692307692,0.0,0.0,0.0,0.0,0.0,0.0,0.0,0.0,0.6,0.6571428571428571,0.0,0.46153846153846156,0.5384615384615384,1.0,0
GODREJPROP,1,0.7,872,96,139,2024-01-03,2024-10-07,0.5683453237410072,0.5989911727616646,0.6428571428571429,0.6,0.6923076923076923,54,36,25,24,0.5611510791366906,0.5323741007194245,0.0,0.0,0.0,0.0,0.0,0.0,0.0,0.0,0.6,0.5102040816326531,0.0,0.6474820143884892,0.35251798561151076,0.5817238927595404,0
GODREJPROP,2,0.75,935,103,138,2024-06-03,2025-02-07,0.463768115942029,0.4454946439823566,0.463768115942029,0.463768115942029,0.463768115942029,32,37,32,37,0.42028985507246375,0.463768115942029,0.0,0.0,0.0,0.0,0.0,0.0,0.0,0.0,0.463768115942029,0.46376811594202894,0.0,0.5,0.5,0.5871701967895011,0
GODREJPROP,3,0.8,997,110,138,2024-10-08,2025-07-14,0.4855072463768116,0.4954803447550977,0.5895953757225434,0.4811320754716981,0.7611940298507462,51,55,16,16,0.5,0.4855072463768116,0.0,0.0,0.0,0.0,0.0,0.0,0.0,0.0,0.4811320754716981,0.5,0.0,0.7681159420289855,0.2318840579710145,1.0,0
GODREJPROP,4,0.85,1059,117,138,2025-02-10,2025-11-18,0.5,0.5057809543830145,0.649746192893401,0.49230769230769234,0.9552238805970149,64,66,5,3,0.5144927536231884,0.4855072463768116,0.0,0.0,0.0,0.0,0.0,0.0,0.0,0.0,0.49230769230769234,0.625,0.0,0.9420289855072463,0.057971014492753624,1.0,0
GODREJPROP,5,0.9,1121,124,139,2025-07-15,2026-04-10,0.5179856115107914,0.5288981288981289,0.6127167630057804,0.49074074074074076,0.8153846153846154,53,55,19,12,0.4460431654676259,0.5179856115107914,0.0,0.0,0.0,0.0,0.0,0.0,0.0,0.0,0.49074074074074076,0.6129032258064516,0.0,0.7769784172661871,0.22302158273381295,0.7073938379248426,0
GODREJPROP,6,0.95,1183,131,70,2025-11-20,2026-04-10,0.5142857142857142,0.5,0.5952380952380952,0.4807692307692308,0.78125,25,27,11,7,0.44285714285714284,0.45714285714285713,0.0,0.0,0.0,0.0,0.0,0.0,0.0,0.0,0.4807692307692308,0.6111111111111112,0.0,0.7428571428571429,0.2571428571428571,1.0,0
BEL,1,0.7,744,82,118,2024-05-06,2024-12-16,0.559322033898305,0.5498271889400922,0.6976744186046512,0.5454545454545454,0.967741935483871,60,50,6,2,0.5423728813559322,0.5254237288135594,0.0,0.0,0.0,0.0,0.0,0.0,0.0,0.0,0.5454545454545454,0.75,0.0,0.9322033898305084,0.06779661016949153,0.10000660285425449,0
BEL,2,0.75,797,88,118,2024-08-22,2025-04-07,0.5169491525423728,0.5311059907834101,0.6225165562913907,0.49473684210526314,0.8392857142857143,47,48,14,9,0.5,0.4830508474576271,0.0,0.0,0.0,0.0,0.0,0.0,0.0,0.0,0.49473684210526314,0.6086956521739131,0.0,0.8050847457627118,0.19491525423728814,0.2116531624122911,0
BEL,3,0.8,850,94,118,2024-12-17,2025-08-01,0.5,0.47119815668202764,0.6549707602339181,0.48695652173913045,1.0,56,59,3,0,0.4830508474576271,0.4745762711864407,0.0,0.0,0.0,0.0,0.0,0.0,0.0,0.0,0.48695652173913045,1.0,0.0,0.9745762711864406,0.025423728813559324,1.0,0
BEL,4,0.85,903,100,118,2025-04-08,2025-11-24,0.4830508474576271,0.527199074074074,0.5611510791366906,0.4588235294117647,0.7222222222222222,39,46,18,15,0.5084745762711864,0.4406779661016949,0.0,0.0,0.0,0.0,0.0,0.0,0.0,0.0,0.4588235294117647,0.5454545454545454,0.0,0.7203389830508474,0.2796610169491525,1.349708595581254,0
BEL,5,0.9,956,106,119,2025-08-04,2026-04-09,0.48739495798319327,0.4659863945578231,0.5271317829457365,0.4657534246575342,0.6071428571428571,34,39,24,22,0.3949579831932773,0.48739495798319327,0.0,0.0,0.0,0.0,0.0,0.0,0.0,0.0,0.4657534246575342,0.5217391304347826,0.0,0.6134453781512605,0.3865546218487395,0.5657657260971568,0
BEL,6,0.95,1009,112,60,2025-11-25,2026-04-09,0.45,0.42444444444444446,0.4406779661016949,0.4482758620689655,0.43333333333333335,13,16,14,17,0.4666666666666667,0.5,0.0,0.0,0.0,0.0,0.0,0.0,0.0,0.0,0.4482758620689655,0.4516129032258065,0.0,0.48333333333333334,0.5166666666666667,1.0,0
IRFC,1,0.7,462,51,73,2024-12-19,2025-05-20,0.547945205479452,0.5618401206636501,0.5352112676056338,0.5135135135135135,0.5588235294117647,19,18,21,15,0.5616438356164384,0.547945205479452,0.0,0.0,0.0,0.0,0.0,0.0,0.0,0.0,0.5135135135135135,0.5833333333333333,0.0,0.5068493150684932,0.4931506849315068,0.4375336211215817,0
IRFC,2,0.75,495,54,74,2025-02-28,2025-08-04,0.4864864864864865,0.5203252032520325,0.36666666666666664,0.4074074074074074,0.3333333333333333,11,16,25,22,0.5405405405405406,0.4864864864864865,0.0,0.0,0.0,0.0,0.0,0.0,0.0,0.0,0.4074074074074074,0.5319148936170213,0.0,0.36486486486486486,0.6351351351351351,0.593282363101514,0
IRFC,3,0.8,528,58,73,2025-05-21,2025-10-17,0.5753424657534246,0.45813953488372094,0.24390243902439024,0.45454545454545453,0.16666666666666666,5,6,37,25,0.5068493150684932,0.589041095890411,0.0,0.0,0.0,0.0,0.0,0.0,0.0,0.0,0.45454545454545453,0.5967741935483871,0.0,0.1506849315068493,0.8493150684931506,0.3061053964295795,0
IRFC,4,0.85,561,62,73,2025-08-05,2026-01-12,0.5753424657534246,0.576036866359447,0.5079365079365079,0.5,0.5161290322580645,16,16,26,15,0.6027397260273972,0.6027397260273972,0.0,0.0,0.0,0.0,0.0,0.0,0.0,0.0,0.5,0.6341463414634146,0.0,0.4383561643835616,0.5616438356164384,0.5300842357238517,0
IRFC,5,0.9,594,65,74,2025-10-27,2026-04-10,0.5405405405405406,0.5618904726181546,0.05555555555555555,0.2,0.03225806451612903,1,4,39,30,0.5945945945945946,0.5675675675675675,0.0,0.0,0.0,0.0,0.0,0.0,0.0,0.0,0.2,0.5652173913043479,0.0,0.06756756756756757,0.9324324324324325,0.1200309677244705,0
IRFC,6,0.95,627,69,37,2026-01-13,2026-04-10,0.6216216216216216,0.7470238095238095,0.5625,0.5625,0.5625,9,7,14,7,0.7567567567567568,0.6216216216216216,0.0,0.0,0.0,0.0,0.0,0.0,0.0,0.0,0.5625,0.6666666666666667,0.0,0.43243243243243246,0.5675675675675675,0.40403751368206714,0
HAL,1,0.7,733,81,116,2024-05-03,2024-12-06,0.5517241379310345,0.5658638120725543,0.6119402985074627,0.5466666666666666,0.6949152542372882,41,34,23,18,0.5517241379310345,0.5517241379310345,0.0,0.0,0.0,0.0,0.0,0.0,0.0,0.0,0.5466666666666666,0.5609756097560976,0.0,0.646551724137931,0.35344827586206895,0.3612844316631745,0
HAL,2,0.75,785,87,116,2024-08-19,2025-03-26,0.5172413793103449,0.5456437704430568,0.6216216216216216,0.5054945054945055,0.8070175438596491,46,45,14,11,0.5086206896551724,0.4827586206896552,0.0,0.0,0.0,0.0,0.0,0.0,0.0,0.0,0.5054945054945055,0.56,0.0,0.7844827586206896,0.21551724137931033,0.3124290617691487,0
HAL,3,0.8,837,93,116,2024-12-10,2025-07-23,0.5258620689655172,0.5944097531965508,0.6451612903225806,0.5208333333333334,0.847457627118644,50,46,11,9,0.5862068965517241,0.5344827586206896,0.0,0.0,0.0,0.0,0.0,0.0,0.0,0.0,0.5208333333333334,0.55,0.0,0.8275862068965517,0.1724137931034483,1.0,0
HAL,4,0.85,890,98,116,2025-03-28,2025-12-02,0.5603448275862069,0.5517857142857143,0.6482758620689655,0.5280898876404494,0.8392857142857143,47,42,18,9,0.5517241379310345,0.5,0.0,0.0,0.0,0.0,0.0,0.0,0.0,0.0,0.5280898876404494,0.6666666666666667,0.0,0.7672413793103449,0.23275862068965517,1.3371876272498713,0
HAL,5,0.9,942,104,117,2025-07-24,2026-04-09,0.5299145299145299,0.5905902980713034,0.6357615894039735,0.5161290322580645,0.8275862068965517,48,45,14,10,0.5213675213675214,0.4700854700854701,0.0,0.0,0.0,0.0,0.0,0.0,0.0,0.0,0.5161290322580645,0.5833333333333333,0.0,0.7948717948717948,0.20512820512820512,0.34451442524685705,0
HAL,6,0.95,994,110,59,2025-12-03,2026-04-09,0.423728813559322,0.41705069124423955,0.5641025641025641,0.46808510638297873,0.7096774193548387,22,25,3,9,0.4576271186440678,0.423728813559322,0.0,0.0,0.0,0.0,0.0,0.0,0.0,0.0,0.46808510638297873,0.25,0.0,0.7966101694915254,0.2033898305084746,0.6891257665364825,0
ETERNAL,1,0.7,461,51,73,2025-01-31,2025-06-13,0.5616438356164384,0.662406015037594,0.6444444444444445,0.5272727272727272,0.8285714285714286,29,26,12,6,0.6164383561643836,0.5205479452054794,0.0,0.0,0.0,0.0,0.0,0.0,0.0,0.0,0.5272727272727272,0.6666666666666667,0.0,0.7534246575342466,0.2465753424657534,1.0,0
ETERNAL,2,0.75,495,54,73,2025-04-17,2025-08-20,0.5753424657534246,0.5480480480480481,0.6265060240963856,0.5652173913043478,0.7027027027027027,26,20,16,11,0.5753424657534246,0.4520547945205479,0.0,0.0,0.0,0.0,0.0,0.0,0.0,0.0,0.5652173913043478,0.5925925925925926,0.0,0.6301369863013698,0.3698630136986301,1.9161934996428707,0
ETERNAL,3,0.8,527,58,73,2025-06-16,2025-11-10,0.4520547945205479,0.3978978978978978,0.4594594594594595,0.4473684210526316,0.4722222222222222,17,21,16,19,0.4383561643835616,0.4657534246575342,0.0,0.0,0.0,0.0,0.0,0.0,0.0,0.0,0.4473684210526316,0.4571428571428572,0.0,0.5205479452054794,0.4794520547945205,0.38278267808470157,0
ETERNAL,4,0.85,560,62,73,2025-08-21,2026-02-02,0.4383561643835616,0.4193061840120664,0.4810126582278481,0.4222222222222222,0.5588235294117647,19,26,13,15,0.5205479452054794,0.5342465753424658,0.0,0.0,0.0,0.0,0.0,0.0,0.0,0.0,0.4222222222222222,0.4642857142857143,0.0,0.6164383561643836,0.3835616438356164,1.0,0
ETERNAL,5,0.9,593,65,74,2025-11-11,2026-04-10,0.44594594594594594,0.4314176245210728,0.36923076923076925,0.3333333333333333,0.41379310344827586,12,24,21,17,0.5,0.5135135135135135,0.0,0.0,0.0,0.0,0.0,0.0,0.0,0.0,0.3333333333333333,0.5526315789473684,0.0,0.4864864864864865,0.5135135135135135,0.10000660285425449,0
ETERNAL,6,0.95,626,69,37,2026-02-03,2026-04-10,0.32432432432432434,0.2467948717948718,0.24242424242424243,0.2,0.3076923076923077,4,16,8,9,0.32432432432432434,0.6486486486486487,0.0,0.0,0.0,0.0,0.0,0.0,0.0,0.0,0.2,0.47058823529411764,0.0,0.5405405405405406,0.4594594594594595,0.20962966194475324,0
