{
  "window_id": 2,
  "train_ratio": 0.8,
  "acc_all": 0.49491525423728816,
  "acc_conf": 0.4751131221719457,
  "conf_rate": 0.7491525423728813,
  "n_conf": 221,
  "auc": 0.47368663594470045
}