{
  "window_id": 3,
  "train_ratio": 0.9,
  "acc_all": 0.37566137566137564,
  "acc_conf": 0.3657142857142857,
  "conf_rate": 0.9259259259259259,
  "n_conf": 175,
  "auc": 0.49583780880773354
}