{
  "window_id": 2,
  "train_ratio": 0.8,
  "acc_all": 0.5915032679738562,
  "acc_conf": 0.6103896103896104,
  "conf_rate": 0.7549019607843137,
  "n_conf": 231,
  "auc": 0.6169621875667591
}