symbol,window_id,train_ratio,train_size,val_size,test_size,test_start,test_end,oos_accuracy,auc,f1,precision,recall,tp,fp,tn,fn,lgbm_acc,xgb_acc,lstm_acc,bilstm_acc,gru_acc,cnn_lstm_acc,cnn_gru_acc,temperature,dl_models_trained
ABB,1,0.7,872,96,138,2024-01-11,2024-09-17,0.5217391304347826,0.4683189655172414,0.5975609756097562,0.5833333333333334,0.6125,49,35,23,31,0.6159420289855072,0.644927536231884,0.6086956521739131,0.5797101449275363,0.5507246376811594,0.463768115942029,0.4782608695652174,0.8567743054374884,5
ABB,2,0.75,934,103,138,2024-05-10,2025-01-08,0.4927536231884058,0.5308746048472076,0.5569620253164557,0.5176470588235295,0.6027397260273972,44,41,24,29,0.572463768115942,0.5652173913043478,0.5507246376811594,0.4782608695652174,0.5217391304347826,0.5362318840579711,0.4855072463768116,0.4114389541760037,5
ABB,3,0.8,996,110,138,2024-09-18,2025-05-14,0.4855072463768116,0.5025210084033613,0.5798816568047336,0.4851485148514851,0.7205882352941176,49,52,18,19,0.4492753623188406,0.4855072463768116,0.4855072463768116,0.4710144927536231,0.4710144927536231,0.5,0.4710144927536231,0.4755822779589415,5
ABB,4,0.85,1058,117,138,2025-01-09,2025-10-07,0.4782608695652174,0.4235862938826991,0.6399999999999999,0.4812030075187969,0.9552238805970148,64,69,2,3,0.4927536231884058,0.4565217391304347,0.4927536231884058,0.4927536231884058,0.5289855072463768,0.4420289855072464,0.4927536231884058,7.999995296376173,5
ABB,5,0.9,1120,124,139,2025-05-15,2026-02-27,0.5035971223021583,0.458592132505176,0.6567164179104478,0.5,0.9565217391304348,66,66,4,3,0.4172661870503597,0.4964028776978417,0.4964028776978417,0.5035971223021583,0.5035971223021583,0.4964028776978417,0.5107913669064749,7.999996369769943,5
ABB,6,0.95,1182,131,70,2025-10-09,2026-02-27,0.5142857142857142,0.5441176470588236,0.6304347826086957,0.5178571428571429,0.8055555555555556,29,27,7,7,0.5142857142857142,0.5142857142857142,0.5142857142857142,0.5571428571428572,0.5428571428571428,0.5285714285714286,0.4571428571428571,7.999995817904634,5
ADANIENT,1,0.7,881,97,140,2023-11-08,2024-08-27,0.5214285714285715,0.560726678914064,0.6035502958579881,0.5204081632653061,0.7183098591549296,51,47,22,20,0.5285714285714286,0.5,0.5,0.4714285714285714,0.4857142857142857,0.5428571428571428,0.45,0.6022940928978523,5
ADANIENT,2,0.75,944,104,140,2024-04-03,2025-01-09,0.4714285714285714,0.4977384868421053,0.6336633663366337,0.463768115942029,1.0,64,74,2,0,0.4571428571428571,0.4571428571428571,0.3928571428571428,0.6214285714285714,0.4,0.4571428571428571,0.4785714285714286,1.864242677826091,5
ADANIENT,3,0.8,1007,111,140,2024-08-30,2025-05-28,0.5,0.5248979591836734,0.6666666666666666,0.5,1.0,70,70,0,0,0.5285714285714286,0.5214285714285715,0.5,0.5142857142857142,0.45,0.5,0.4928571428571429,0.9493953664795508,5
ADANIENT,4,0.85,1070,118,140,2025-01-10,2025-10-13,0.4571428571428571,0.4644607843137255,0.5957446808510638,0.4666666666666667,0.8235294117647058,56,64,8,12,0.4785714285714286,0.5142857142857142,0.4785714285714286,0.4714285714285714,0.5,0.4428571428571428,0.4714285714285714,0.3153163815352829,5
ADANIENT,5,0.9,1133,125,140,2025-05-29,2026-02-27,0.4642857142857143,0.5099255583126552,0.6231155778894472,0.4525547445255474,1.0,62,75,3,0,0.4357142857142857,0.4357142857142857,0.4928571428571429,0.4571428571428571,0.5142857142857142,0.4785714285714286,0.4785714285714286,0.573750104384533,5
ADANIENT,6,0.95,1196,132,70,2025-10-14,2026-02-27,0.4428571428571428,0.5460526315789473,0.5979381443298969,0.4461538461538462,0.90625,29,36,2,3,0.5714285714285714,0.5571428571428572,0.5142857142857142,0.5,0.5571428571428572,0.4571428571428571,0.4428571428571428,1.1783335206091845,5
ADANIPORTS,1,0.7,805,89,128,2024-02-06,2024-10-18,0.578125,0.4974358974358975,0.5178571428571428,0.6170212765957447,0.4461538461538462,29,18,45,36,0.4921875,0.5078125,0.484375,0.46875,0.5625,0.484375,0.484375,0.2137640574045444,5
ADANIPORTS,2,0.75,863,95,128,2024-06-06,2025-01-28,0.515625,0.4799803488086465,0.5079365079365079,0.4776119402985074,0.5423728813559322,32,35,34,27,0.46875,0.4609375,0.5078125,0.515625,0.4921875,0.4609375,0.4140625,7.999993145639108,5
ADANIPORTS,3,0.8,920,102,128,2024-10-21,2025-06-09,0.515625,0.4735042735042735,0.6666666666666666,0.512396694214876,0.953846153846154,62,59,4,3,0.5078125,0.484375,0.4375,0.4453125,0.5234375,0.5078125,0.5078125,7.999996443629811,5
ADANIPORTS,4,0.85,978,108,128,2025-01-29,2025-10-21,0.5390625,0.5864937607046734,0.6193548387096774,0.5454545454545454,0.7164179104477612,48,40,21,19,0.5234375,0.5234375,0.5234375,0.53125,0.46875,0.5234375,0.5703125,7.999993868589021,5
ADANIPORTS,5,0.9,1035,115,128,2025-06-10,2026-02-27,0.53125,0.4975490196078431,0.2682926829268292,0.5,0.1833333333333333,11,11,57,49,0.46875,0.515625,0.4609375,0.5,0.546875,0.4921875,0.453125,3.782587617243624,5
ADANIPORTS,6,0.95,1093,121,64,2025-10-23,2026-02-27,0.546875,0.4931372549019608,0.4081632653061224,0.5263157894736842,0.3333333333333333,10,9,25,20,0.46875,0.421875,0.5,0.5,0.546875,0.4375,0.453125,0.3507999054242409,5
ALKEM,1,0.7,817,90,129,2023-12-06,2024-08-09,0.5038759689922481,0.5735930735930735,0.6363636363636364,0.495575221238938,0.8888888888888888,56,57,9,7,0.4806201550387597,0.5503875968992248,0.5038759689922481,0.4961240310077519,0.4806201550387597,0.5581395348837209,0.4883720930232558,0.1774973519087157,5
ALKEM,2,0.75,875,97,129,2024-04-16,2024-12-17,0.5736434108527132,0.622596153846154,0.5669291338582677,0.5806451612903226,0.5538461538461539,36,26,38,29,0.5658914728682171,0.5116279069767442,0.5348837209302325,0.5581395348837209,0.4961240310077519,0.4418604651162791,0.5503875968992248,0.5770478904727184,5
ALKEM,3,0.8,933,103,130,2024-08-13,2025-04-29,0.5230769230769231,0.554792899408284,0.6025641025641025,0.5164835164835165,0.7230769230769231,47,44,21,18,0.5769230769230769,0.5,0.5307692307692308,0.5230769230769231,0.5230769230769231,0.5384615384615384,0.5153846153846153,1.333777787047044,5
ALKEM,4,0.85,991,110,130,2024-12-19,2025-09-24,0.4923076923076923,0.4625946969696969,0.6373626373626373,0.5,0.8787878787878788,58,58,6,8,0.5,0.5230769230769231,0.5153846153846153,0.5230769230769231,0.5538461538461539,0.5153846153846153,0.5230769230769231,0.1000035356387145,5
ALKEM,5,0.9,1050,116,130,2025-04-30,2026-02-26,0.4923076923076923,0.4442603550295858,0.6292134831460675,0.495575221238938,0.8615384615384616,56,57,8,9,0.5153846153846153,0.4846153846153846,0.4461538461538462,0.4307692307692308,0.5153846153846153,0.4769230769230769,0.5307692307692308,0.4278806471524916,5
ALKEM,6,0.95,1108,123,65,2025-09-25,2026-02-26,0.4923076923076923,0.5132827324478179,0.6526315789473685,0.484375,1.0,31,33,1,0,0.4769230769230769,0.4615384615384615,0.4923076923076923,0.5538461538461539,0.4,0.4769230769230769,0.4307692307692308,0.4988329224665817,5
AMBUJACEM,1,0.7,872,96,138,2023-12-11,2024-08-19,0.5217391304347826,0.527713382507903,0.6826923076923076,0.5259259259259259,0.9726027397260274,71,64,1,2,0.5289855072463768,0.5289855072463768,0.5362318840579711,0.5289855072463768,0.5434782608695652,0.5289855072463768,0.4927536231884058,0.9943807819792178,5
AMBUJACEM,2,0.75,934,103,138,2024-04-19,2025-01-03,0.4927536231884058,0.6125841750841751,0.6391752577319588,0.484375,0.9393939393939394,62,66,6,4,0.4782608695652174,0.4782608695652174,0.4782608695652174,0.4855072463768116,0.4782608695652174,0.463768115942029,0.5217391304347826,0.5775184216112453,5
AMBUJACEM,3,0.8,996,110,138,2024-08-20,2025-05-13,0.4855072463768116,0.5752100840336134,0.6432160804020101,0.4885496183206106,0.9411764705882352,64,67,3,4,0.4927536231884058,0.4927536231884058,0.4927536231884058,0.5144927536231884,0.5072463768115942,0.4927536231884058,0.5,0.4282296589354948,5
AMBUJACEM,4,0.85,1058,117,138,2025-01-06,2025-10-07,0.5072463768115942,0.5079831932773109,0.6222222222222221,0.509090909090909,0.8,56,54,14,14,0.5217391304347826,0.5434782608695652,0.5072463768115942,0.5072463768115942,0.463768115942029,0.5072463768115942,0.5072463768115942,1.088990071974298,5
AMBUJACEM,5,0.9,1120,124,139,2025-05-14,2026-02-27,0.4748201438848921,0.5464923204649232,0.6439024390243903,0.4748201438848921,1.0,66,73,0,0,0.5251798561151079,0.4892086330935252,0.4748201438848921,0.539568345323741,0.460431654676259,0.4532374100719424,0.5179856115107914,0.1000035356387145,5
AMBUJACEM,6,0.95,1182,131,70,2025-10-09,2026-02-27,0.4571428571428571,0.484375,0.6274509803921569,0.4571428571428571,1.0,32,38,0,0,0.4571428571428571,0.4571428571428571,0.4714285714285714,0.4571428571428571,0.4714285714285714,0.4714285714285714,0.5428571428571428,1.1698970957285832,5
ASIANPAINT,1,0.7,786,87,125,2023-11-29,2024-09-26,0.488,0.4739422084623323,0.5789473684210527,0.5238095238095238,0.6470588235294118,44,40,17,24,0.456,0.48,0.568,0.504,0.512,0.528,0.552,0.1643092501287202,5
ASIANPAINT,2,0.75,843,93,124,2024-05-06,2025-01-27,0.4919354838709677,0.5561665357423409,0.608695652173913,0.4711538461538461,0.8596491228070176,49,55,12,8,0.5806451612903226,0.5080645161290323,0.4193548387096774,0.5161290322580645,0.5161290322580645,0.4435483870967742,0.5241935483870968,0.7587881375808374,5
ASIANPAINT,3,0.8,899,99,125,2024-09-27,2025-06-11,0.416,0.461063372717508,0.5730994152046784,0.4016393442622951,1.0,49,73,3,0,0.392,0.4,0.424,0.416,0.424,0.36,0.376,0.8023140878833916,5
ASIANPAINT,4,0.85,954,106,125,2025-01-28,2025-10-14,0.496,0.3901689708141321,0.6631016042780749,0.496,1.0,62,63,0,0,0.48,0.496,0.48,0.512,0.496,0.48,0.448,0.6500080096558931,5
ASIANPAINT,5,0.9,1011,112,125,2025-06-13,2026-02-27,0.536,0.4291217257318952,0.6914893617021277,0.5327868852459017,0.9848484848484848,65,57,2,1,0.56,0.528,0.48,0.432,0.496,0.52,0.472,7.99999439741824,5
ASIANPAINT,6,0.95,1067,118,63,2025-10-15,2026-02-27,0.4603174603174603,0.435483870967742,0.5526315789473685,0.4772727272727273,0.65625,21,23,8,11,0.5555555555555556,0.5079365079365079,0.5079365079365079,0.4285714285714285,0.4603174603174603,0.4603174603174603,0.5396825396825397,7.999993577493756,5
AUBANK,1,0.7,888,98,141,2023-12-13,2024-09-30,0.4893617021276595,0.503420523138833,0.6504854368932038,0.4962962962962963,0.943661971830986,67,68,2,4,0.5035460992907801,0.5390070921985816,0.5177304964539007,0.4822695035460992,0.5106382978723404,0.4964539007092198,0.4822695035460992,0.3495607956650419,5
AUBANK,2,0.75,951,105,141,2024-05-07,2025-02-03,0.5319148936170213,0.5400563607085346,0.6373626373626373,0.5132743362831859,0.8405797101449275,58,55,17,11,0.5390070921985816,0.5531914893617021,0.5177304964539007,0.4964539007092198,0.475177304964539,0.5035460992907801,0.5106382978723404,0.2972168114993604,5
AUBANK,3,0.8,1015,112,141,2024-10-03,2025-06-13,0.5602836879432624,0.5647438483259379,0.6436781609195402,0.5233644859813084,0.835820895522388,56,51,23,11,0.475177304964539,0.5106382978723404,0.4468085106382978,0.524822695035461,0.4609929078014184,0.5035460992907801,0.5106382978723404,0.589139809063877,5
AUBANK,4,0.85,1078,119,141,2025-02-04,2025-10-16,0.5319148936170213,0.5211267605633803,0.5714285714285715,0.5238095238095238,0.6285714285714286,44,40,31,26,0.5460992907801419,0.4539007092198581,0.5106382978723404,0.425531914893617,0.524822695035461,0.5035460992907801,0.5531914893617021,0.4030715804870482,5
AUBANK,5,0.9,1142,126,141,2025-06-16,2026-02-26,0.5602836879432624,0.548549556809025,0.5507246376811594,0.5846153846153846,0.5205479452054794,38,27,41,35,0.4822695035460992,0.4822695035460992,0.4326241134751773,0.475177304964539,0.5460992907801419,0.5673758865248227,0.5390070921985816,7.999996542276538,5
AUBANK,6,0.95,1205,133,71,2025-10-17,2026-02-26,0.5774647887323944,0.5933014354066986,0.53125,0.6538461538461539,0.4473684210526316,17,9,24,21,0.5633802816901409,0.5211267605633803,0.5352112676056338,0.4788732394366197,0.5492957746478874,0.5211267605633803,0.4788732394366197,1.2860707155706887,5
AUROPHARMA,1,0.7,883,98,140,2023-12-07,2024-09-10,0.4857142857142857,0.5521892508819257,0.2941176470588235,0.6521739130434783,0.189873417721519,15,8,53,64,0.4571428571428571,0.4785714285714286,0.4928571428571429,0.4928571428571429,0.5285714285714286,0.45,0.5642857142857143,0.4859660898258153,5
AUROPHARMA,2,0.75,946,105,140,2024-04-25,2025-01-15,0.5285714285714286,0.4980576569208751,0.4590163934426229,0.509090909090909,0.417910447761194,28,27,46,39,0.4714285714285714,0.4571428571428571,0.4714285714285714,0.5785714285714286,0.5357142857142857,0.5142857142857142,0.5,0.7452032858751532,5
AUROPHARMA,3,0.8,1009,112,140,2024-09-11,2025-05-26,0.5642857142857143,0.5538493463374144,0.5547445255474452,0.5,0.6229508196721312,38,38,41,23,0.5642857142857143,0.5428571428571428,0.4642857142857143,0.4642857142857143,0.4642857142857143,0.4571428571428571,0.5071428571428571,0.1910250848924508,5
AUROPHARMA,4,0.85,1072,119,140,2025-01-16,2025-10-23,0.5214285714285715,0.5473856209150327,0.4806201550387597,0.5081967213114754,0.4558823529411764,31,30,42,37,0.5214285714285715,0.5,0.5142857142857142,0.4857142857142857,0.5357142857142857,0.5357142857142857,0.5357142857142857,0.2700065845093961,5
AUROPHARMA,5,0.9,1135,126,141,2025-05-28,2026-02-26,0.4893617021276595,0.4456083803384367,0.28,0.4375,0.2058823529411764,14,18,55,54,0.4822695035460992,0.4964539007092198,0.5390070921985816,0.4964539007092198,0.4964539007092198,0.475177304964539,0.4609929078014184,0.317082318076904,5
AUROPHARMA,6,0.95,1198,133,71,2025-10-24,2026-02-26,0.5352112676056338,0.4698412698412698,0.2666666666666666,0.6,0.1714285714285714,6,4,32,29,0.4929577464788732,0.4788732394366197,0.4084507042253521,0.4788732394366197,0.4788732394366197,0.4647887323943662,0.5070422535211268,0.626087526801513,5
AXISBANK,1,0.7,856,95,137,2023-10-26,2024-07-18,0.4744525547445255,0.4935897435897436,0.52,0.5,0.5416666666666666,39,39,26,33,0.5766423357664233,0.4963503649635036,0.4817518248175182,0.437956204379562,0.5036496350364964,0.5182481751824818,0.4598540145985401,0.3512649507906465,5
AXISBANK,2,0.75,918,102,136,2024-02-29,2024-12-02,0.5220588235294118,0.5345014060134112,0.6798029556650247,0.5149253731343284,1.0,69,65,2,0,0.5073529411764706,0.5073529411764706,0.5441176470588235,0.4852941176470588,0.5294117647058824,0.5294117647058824,0.5294117647058824,0.9970504273799546,5
AXISBANK,3,0.8,980,108,136,2024-07-19,2025-05-12,0.4632352941176471,0.5170689280278321,0.6331658291457286,0.4632352941176471,1.0,63,73,0,0,0.4632352941176471,0.4632352941176471,0.4779411764705882,0.5367647058823529,0.5073529411764706,0.4632352941176471,0.5147058823529411,2.4462410078185526,5
AXISBANK,4,0.85,1041,115,136,2024-12-04,2025-10-08,0.4264705882352941,0.4309895833333333,0.4935064935064934,0.4222222222222222,0.59375,38,52,20,26,0.4852941176470588,0.4705882352941176,0.5,0.4852941176470588,0.4411764705882353,0.4852941176470588,0.5073529411764706,0.4261669094287219,5
AXISBANK,5,0.9,1102,122,136,2025-05-14,2026-02-26,0.5073529411764706,0.4888600475881461,0.5838509316770186,0.5108695652173914,0.6811594202898551,47,45,22,22,0.5073529411764706,0.5073529411764706,0.4485294117647059,0.5,0.4632352941176471,0.5147058823529411,0.5073529411764706,7.99999345175328,5
AXISBANK,6,0.95,1163,129,68,2025-10-09,2026-02-26,0.5,0.5000000000000001,0.4999999999999999,0.53125,0.4722222222222222,17,15,17,19,0.5441176470588235,0.5294117647058824,0.5,0.4705882352941176,0.4558823529411764,0.5,0.5147058823529411,0.2497281175280767,5
BAJAJ-AUTO,1,0.7,805,89,128,2023-12-19,2024-09-10,0.6015625,0.5258097165991903,0.7411167512690355,0.6033057851239669,0.9605263157894736,73,48,4,3,0.546875,0.6015625,0.546875,0.546875,0.4765625,0.484375,0.609375,0.2168917387345915,5
BAJAJ-AUTO,2,0.75,863,95,128,2024-05-03,2025-01-22,0.4765625,0.4499022482893451,0.6455026455026455,0.4803149606299212,0.9838709677419356,61,66,0,1,0.46875,0.484375,0.484375,0.46875,0.5,0.4453125,0.515625,0.2868615702143988,5
BAJAJ-AUTO,3,0.8,920,102,128,2024-09-11,2025-06-02,0.4765625,0.520935960591133,0.6171428571428571,0.4615384615384615,0.9310344827586208,54,63,7,4,0.453125,0.4375,0.484375,0.484375,0.453125,0.453125,0.53125,0.796567064237751,5
BAJAJ-AUTO,4,0.85,978,108,128,2025-01-28,2025-10-21,0.5390625,0.5004887585532747,0.6740331491712707,0.5304347826086957,0.9242424242424242,61,54,8,5,0.515625,0.515625,0.5390625,0.546875,0.4765625,0.5,0.484375,7.999993487291912,5
BAJAJ-AUTO,5,0.9,1035,115,128,2025-06-05,2026-02-26,0.515625,0.4908245656961095,0.6804123711340206,0.5196850393700787,0.9850746268656716,66,61,0,1,0.5234375,0.5234375,0.5234375,0.5234375,0.4921875,0.53125,0.453125,7.999994339683523,5
BAJAJ-AUTO,6,0.95,1093,121,64,2025-10-27,2026-02-26,0.453125,0.3852216748768473,0.588235294117647,0.5,0.7142857142857143,25,25,4,10,0.484375,0.546875,0.5,0.53125,0.484375,0.421875,0.46875,7.999993892855588,5
BAJAJFINSV,1,0.7,840,93,134,2023-11-08,2024-08-26,0.5149253731343284,0.4511648745519713,0.6285714285714286,0.5339805825242718,0.7638888888888888,55,48,14,17,0.4626865671641791,0.4552238805970149,0.4925373134328358,0.5373134328358209,0.5597014925373134,0.5298507462686567,0.5522388059701493,0.1027168602841871,5
BAJAJFINSV,2,0.75,900,100,133,2024-04-03,2025-01-09,0.4360902255639097,0.4478458049886621,0.4186046511627906,0.4576271186440678,0.3857142857142857,27,32,31,43,0.5338345864661654,0.4962406015037593,0.4736842105263157,0.518796992481203,0.4511278195488721,0.4962406015037593,0.4360902255639097,7.999995476896585,5
BAJAJFINSV,3,0.8,961,106,133,2024-08-28,2025-05-22,0.4661654135338345,0.4226594301221167,0.6077348066298343,0.4824561403508772,0.8208955223880597,55,59,7,12,0.5037593984962406,0.5037593984962406,0.4586466165413533,0.5037593984962406,0.5864661654135338,0.4360902255639097,0.4962406015037593,0.8071174669936422,5
BAJAJFINSV,4,0.85,1020,113,134,2025-01-10,2025-09-29,0.4776119402985074,0.4743761140819963,0.6236559139784946,0.4915254237288136,0.8529411764705882,58,60,6,10,0.4925373134328358,0.5,0.5746268656716418,0.5298507462686567,0.4402985074626865,0.6119402985074627,0.4477611940298507,7.99999644102588,5
BAJAJFINSV,5,0.9,1080,120,134,2025-05-23,2026-02-26,0.4850746268656716,0.5030181086519114,0.6424870466321244,0.4769230769230769,0.984126984126984,62,68,3,1,0.4701492537313433,0.4701492537313433,0.4925373134328358,0.4701492537313433,0.4850746268656716,0.5149253731343284,0.4402985074626865,7.999995411925915,5
BAJAJFINSV,6,0.95,1141,126,67,2025-10-03,2026-02-26,0.5373134328358209,0.4892473118279569,0.5974025974025974,0.5,0.7419354838709677,23,23,13,8,0.4328358208955223,0.4776119402985074,0.5223880597014925,0.4925373134328358,0.4477611940298507,0.417910447761194,0.5074626865671642,0.3356789441843443,5
BAJFINANCE,1,0.7,849,94,135,2023-11-20,2024-09-04,0.4888888888888889,0.4691111111111111,0.6101694915254237,0.5294117647058824,0.72,54,48,12,21,0.4888888888888889,0.5481481481481482,0.5185185185185185,0.5185185185185185,0.4592592592592592,0.562962962962963,0.4074074074074074,0.438088094157503,5
BAJFINANCE,2,0.75,910,101,134,2024-04-22,2025-01-20,0.5223880597014925,0.5199376253063043,0.6,0.5161290322580645,0.7164179104477612,48,45,22,19,0.5223880597014925,0.4776119402985074,0.5895522388059702,0.5,0.4925373134328358,0.4402985074626865,0.4925373134328358,0.456178714079925,5
BAJFINANCE,3,0.8,971,107,135,2024-09-05,2025-06-05,0.5111111111111111,0.5158033362598772,0.65625,0.5080645161290323,0.9264705882352942,63,61,6,5,0.4814814814814814,0.5259259259259259,0.5111111111111111,0.5259259259259259,0.5185185185185185,0.5111111111111111,0.5407407407407407,0.5260346329125163,5
BAJFINANCE,4,0.85,1031,114,135,2025-01-22,2025-10-13,0.5037037037037037,0.4882222222222222,0.6171428571428572,0.54,0.72,54,46,14,21,0.4814814814814814,0.4444444444444444,0.5111111111111111,0.4666666666666667,0.5037037037037037,0.4740740740740741,0.5259259259259259,0.4884415951935013,5
BAJFINANCE,5,0.9,1092,121,135,2025-06-06,2026-02-26,0.5407407407407407,0.5636523266022827,0.6352941176470589,0.5242718446601942,0.8059701492537313,54,49,19,13,0.4962962962962963,0.4962962962962963,0.4592592592592592,0.5185185185185185,0.4814814814814814,0.5037037037037037,0.5333333333333333,0.9497959037958472,5
BAJFINANCE,6,0.95,1152,128,68,2025-10-14,2026-02-26,0.4558823529411764,0.5368421052631579,0.574712643678161,0.4385964912280701,0.8333333333333334,25,32,6,5,0.4411764705882353,0.4411764705882353,0.4411764705882353,0.4264705882352941,0.4852941176470588,0.4264705882352941,0.5147058823529411,0.5966499162228122,5
BANDHANBNK,1,0.7,903,100,143,2024-01-08,2024-09-19,0.4755244755244755,0.4646942800788955,0.4094488188976378,0.4193548387096774,0.4,26,36,42,39,0.4545454545454545,0.4685314685314685,0.5244755244755245,0.4825174825174825,0.5524475524475524,0.4895104895104895,0.5174825174825175,0.4387449758480199,5
BANDHANBNK,2,0.75,967,107,144,2024-05-24,2025-01-17,0.5347222222222222,0.5393391030684501,0.4552845528455284,0.4590163934426229,0.4516129032258064,28,33,49,34,0.5347222222222222,0.5,0.5208333333333334,0.5625,0.5069444444444444,0.4861111111111111,0.5833333333333334,2.73695740914865,5
BANDHANBNK,3,0.8,1032,114,143,2024-09-20,2025-05-30,0.5524475524475524,0.576740506329114,0.5,0.5,0.5,32,32,47,32,0.4895104895104895,0.5104895104895105,0.5874125874125874,0.6013986013986014,0.5314685314685315,0.4825174825174825,0.5594405594405595,0.7600139471351889,5
BANDHANBNK,4,0.85,1097,121,143,2025-01-20,2025-10-08,0.5594405594405595,0.5458823529411765,0.4424778761061947,0.5555555555555556,0.3676470588235294,25,20,55,43,0.5804195804195804,0.5874125874125874,0.5034965034965035,0.5384615384615384,0.5734265734265734,0.5594405594405595,0.4965034965034965,0.5289194984972275,5
BANDHANBNK,5,0.9,1161,128,144,2025-06-02,2026-02-26,0.5416666666666666,0.494949494949495,0.2142857142857142,0.5,0.1363636363636363,9,9,69,57,0.4652777777777778,0.5,0.5555555555555556,0.5555555555555556,0.5833333333333334,0.5138888888888888,0.5416666666666666,0.5210330155041845,5
BANDHANBNK,6,0.95,1225,136,72,2025-10-09,2026-02-26,0.4305555555555556,0.3791505791505791,0.0888888888888888,0.2,0.0571428571428571,2,8,29,33,0.4861111111111111,0.4166666666666667,0.5138888888888888,0.5277777777777778,0.5694444444444444,0.5694444444444444,0.5277777777777778,0.5476413546332908,5
BEL,1,0.7,914,101,145,2023-12-08,2024-08-29,0.6482758620689655,0.5958931419457736,0.751219512195122,0.6581196581196581,0.875,77,40,17,11,0.6068965517241379,0.6068965517241379,0.593103448275862,0.5862068965517241,0.5793103448275863,0.6,0.5310344827586206,0.6220750720499082,5
BEL,2,0.75,980,108,145,2024-04-24,2025-01-13,0.5310344827586206,0.4809741248097413,0.6666666666666666,0.5190839694656488,0.9315068493150684,68,63,9,5,0.503448275862069,0.503448275862069,0.4344827586206896,0.4827586206896552,0.4344827586206896,0.5172413793103449,0.5241379310344828,0.3541470296080643,5
BEL,3,0.8,1044,116,145,2024-08-30,2025-05-30,0.503448275862069,0.5342596117244005,0.6504854368932038,0.4962962962962963,0.943661971830986,67,68,6,4,0.4896551724137931,0.496551724137931,0.4689655172413793,0.4827586206896552,0.4827586206896552,0.4620689655172413,0.4758620689655172,0.3299373982882704,5
BEL,4,0.85,1110,123,145,2025-01-14,2025-10-06,0.4689655172413793,0.4679144385026738,0.631578947368421,0.4680851063829787,0.9705882352941176,66,75,2,2,0.4689655172413793,0.4689655172413793,0.4896551724137931,0.4896551724137931,0.4413793103448276,0.4620689655172413,0.4551724137931034,0.5994821031224107,5
BEL,5,0.9,1175,130,146,2025-06-03,2026-02-27,0.4589041095890411,0.4443604761005101,0.6291079812206573,0.4589041095890411,1.0,67,79,0,0,0.4589041095890411,0.4589041095890411,0.4520547945205479,0.4520547945205479,0.541095890410959,0.4726027397260274,0.3972602739726027,0.1000035356387145,5
BEL,6,0.95,1241,137,73,2025-10-07,2026-02-27,0.5068493150684932,0.4699699699699699,0.6727272727272727,0.5068493150684932,1.0,37,36,0,0,0.4520547945205479,0.5068493150684932,0.4794520547945205,0.5342465753424658,0.4931506849315068,0.547945205479452,0.5753424657534246,1.697939822844657,5
BERGEPAINT,1,0.7,814,90,129,2023-12-04,2024-08-30,0.5736434108527132,0.5450363196125908,0.7089947089947091,0.5630252100840336,0.9571428571428572,67,52,7,3,0.5426356589147286,0.5426356589147286,0.5581395348837209,0.4883720930232558,0.5968992248062015,0.5736434108527132,0.4806201550387597,0.3957026332197867,5
BERGEPAINT,2,0.75,873,96,129,2024-04-16,2025-01-13,0.5116279069767442,0.5144648023143684,0.6557377049180327,0.5217391304347826,0.8823529411764706,60,55,6,8,0.5658914728682171,0.5271317829457365,0.5736434108527132,0.5581395348837209,0.5348837209302325,0.5038759689922481,0.4573643410852713,1.5787681738894528,5
BERGEPAINT,3,0.8,930,103,129,2024-09-06,2025-05-26,0.4961240310077519,0.5129807692307693,0.6368715083798883,0.5,0.8769230769230769,57,57,7,8,0.5038759689922481,0.5038759689922481,0.4728682170542636,0.4728682170542636,0.4728682170542636,0.5581395348837209,0.5116279069767442,0.6312326577666922,5
BERGEPAINT,4,0.85,989,109,129,2025-01-14,2025-09-30,0.5193798449612403,0.5391826923076923,0.6702127659574467,0.5121951219512195,0.9692307692307692,63,60,4,2,0.5038759689922481,0.5116279069767442,0.5348837209302325,0.5193798449612403,0.5116279069767442,0.5193798449612403,0.5658914728682171,0.4045341707795541,5
BERGEPAINT,5,0.9,1046,116,130,2025-05-28,2026-02-27,0.4538461538461538,0.4760085939365004,0.6243386243386244,0.4538461538461538,1.0,59,71,0,0,0.4538461538461538,0.4538461538461538,0.5307692307692308,0.5,0.4307692307692308,0.4538461538461538,0.4692307692307692,0.1000035356387145,5
BERGEPAINT,6,0.95,1105,122,65,2025-10-01,2026-02-27,0.4615384615384615,0.4628571428571429,0.631578947368421,0.4615384615384615,1.0,30,35,0,0,0.4615384615384615,0.4615384615384615,0.6,0.4923076923076923,0.5384615384615384,0.5384615384615384,0.5076923076923077,1.4806063664033586,5
BHARTIARTL,1,0.7,829,92,131,2023-10-10,2024-08-06,0.6106870229007634,0.5982099661344943,0.6982248520710059,0.6483516483516484,0.7564102564102564,59,32,21,19,0.5114503816793893,0.4732824427480916,0.4122137404580153,0.3893129770992366,0.5038167938931297,0.4503816793893129,0.3969465648854962,0.5035453628723204,5
BHARTIARTL,2,0.75,889,98,131,2024-03-12,2024-12-17,0.5801526717557252,0.5973389355742297,0.6308724832214765,0.5802469135802469,0.6911764705882353,47,34,29,21,0.4885496183206106,0.4885496183206106,0.465648854961832,0.5038167938931297,0.5572519083969466,0.5190839694656488,0.5190839694656488,0.179664866559154,5
BHARTIARTL,3,0.8,947,105,132,2024-08-07,2025-05-08,0.5454545454545454,0.5395867192941722,0.5774647887323944,0.5942028985507246,0.5616438356164384,41,28,31,32,0.553030303030303,0.5378787878787878,0.5606060606060606,0.5378787878787878,0.5909090909090909,0.4772727272727273,0.5454545454545454,0.1256754258733383,5
BHARTIARTL,4,0.85,1007,111,132,2024-12-19,2025-10-10,0.5303030303030303,0.5025077621208502,0.6075949367088608,0.6075949367088608,0.6075949367088608,48,31,22,31,0.5909090909090909,0.5606060606060606,0.5984848484848485,0.5681818181818182,0.5757575757575758,0.5378787878787878,0.5,0.4692006950196225,5
BHARTIARTL,5,0.9,1066,118,132,2025-05-09,2026-02-27,0.6287878787878788,0.6058646963749712,0.6878980891719745,0.627906976744186,0.7605633802816901,54,32,29,17,0.5227272727272727,0.5378787878787878,0.5681818181818182,0.5454545454545454,0.5681818181818182,0.5075757575757576,0.4621212121212121,0.6431129134621367,5
BHARTIARTL,6,0.95,1125,125,66,2025-10-13,2026-02-27,0.5909090909090909,0.6158088235294118,0.6399999999999999,0.5581395348837209,0.75,24,19,15,8,0.4696969696969697,0.5,0.5454545454545454,0.5303030303030303,0.5606060606060606,0.4696969696969697,0.5454545454545454,0.5016098329928591,5
BHEL,1,0.7,931,103,148,2023-12-05,2024-09-09,0.527027027027027,0.5095785440613028,0.5731707317073171,0.6351351351351351,0.5222222222222223,47,27,31,43,0.6081081081081081,0.6148648648648649,0.4662162162162162,0.5472972972972973,0.4594594594594595,0.527027027027027,0.4459459459459459,0.3238928182245975,5
BHEL,2,0.75,998,110,148,2024-04-25,2025-01-13,0.5540540540540541,0.5749771689497717,0.6764705882352942,0.5348837209302325,0.92,69,60,13,6,0.5067567567567568,0.5067567567567568,0.5135135135135135,0.4729729729729729,0.4932432432432432,0.5135135135135135,0.5202702702702703,0.1505331752166854,5
BHEL,3,0.8,1064,118,148,2024-09-10,2025-05-22,0.5135135135135135,0.5384333149880755,0.6435643564356436,0.5284552845528455,0.8227848101265823,65,58,11,14,0.5337837837837838,0.5337837837837838,0.5675675675675675,0.527027027027027,0.5540540540540541,0.6013513513513513,0.5135135135135135,0.7938576506384055,5
BHEL,4,0.85,1131,125,148,2025-01-14,2025-10-07,0.5608108108108109,0.5503676470588235,0.6632124352331606,0.5663716814159292,0.8,64,49,19,16,0.5405405405405406,0.5472972972972973,0.5202702702702703,0.527027027027027,0.5405405405405406,0.5202702702702703,0.4594594594594595,0.9890762550167952,5
BHEL,5,0.9,1197,133,148,2025-05-23,2026-02-27,0.4932432432432432,0.4490131578947368,0.6543778801843319,0.5035460992907801,0.9342105263157896,71,70,2,5,0.5067567567567568,0.5135135135135135,0.4527027027027027,0.4459459459459459,0.5202702702702703,0.4797297297297297,0.4189189189189189,0.534504073574822,5
BHEL,6,0.95,1264,140,74,2025-10-10,2026-02-27,0.5405405405405406,0.4705882352941177,0.6530612244897959,0.5517241379310345,0.8,32,26,8,8,0.5,0.4729729729729729,0.5405405405405406,0.4054054054054054,0.4729729729729729,0.5540540540540541,0.5135135135135135,0.5887640747941987,5
BOSCHLTD,1,0.7,825,91,131,2023-12-14,2024-09-10,0.4427480916030534,0.5038948393378773,0.2772277227722772,0.6363636363636364,0.1772151898734177,14,8,44,65,0.4885496183206106,0.4732824427480916,0.4503816793893129,0.4427480916030534,0.4961832061068702,0.4885496183206106,0.5877862595419847,0.2473066811543832,5
BOSCHLTD,2,0.75,883,98,131,2024-04-26,2025-01-20,0.4427480916030534,0.4631185807656396,0.5100671140939597,0.4691358024691358,0.5588235294117647,38,43,20,30,0.5190839694656488,0.5190839694656488,0.4809160305343511,0.4580152671755725,0.5038167938931297,0.4809160305343511,0.465648854961832,7.9999944207961615,5
BOSCHLTD,3,0.8,943,104,131,2024-09-11,2025-06-11,0.5190839694656488,0.4571428571428571,0.5935483870967742,0.5411764705882353,0.6571428571428571,46,39,22,24,0.5343511450381679,0.5343511450381679,0.5038167938931297,0.465648854961832,0.5190839694656488,0.4503816793893129,0.4351145038167939,0.4878402774667645,5
BOSCHLTD,4,0.85,1001,111,131,2025-01-22,2025-10-27,0.549618320610687,0.4911014911014911,0.6974358974358974,0.576271186440678,0.8831168831168831,68,50,4,9,0.5877862595419847,0.5877862595419847,0.5877862595419847,0.549618320610687,0.5114503816793893,0.5648854961832062,0.5801526717557252,1.9902002046200624,5
BOSCHLTD,5,0.9,1061,117,131,2025-06-13,2026-02-27,0.4732824427480916,0.5664645522388059,0.6424870466321244,0.4806201550387597,0.96875,62,67,0,2,0.4885496183206106,0.4885496183206106,0.4885496183206106,0.4122137404580153,0.465648854961832,0.4503816793893129,0.4885496183206106,7.999993652737324,5
BOSCHLTD,6,0.95,1119,124,66,2025-10-28,2026-02-27,0.3636363636363636,0.4107142857142857,0.5116279069767442,0.3548387096774194,0.9166666666666666,22,40,2,2,0.3636363636363636,0.3636363636363636,0.4242424242424242,0.4090909090909091,0.4848484848484848,0.3787878787878788,0.5909090909090909,0.3346322294888281,5
BPCL,1,0.7,886,98,140,2023-11-30,2024-08-20,0.4142857142857143,0.4155569647009089,0.5,0.5061728395061729,0.4939759036144578,41,40,17,42,0.5928571428571429,0.5928571428571429,0.5071428571428571,0.4857142857142857,0.5142857142857142,0.3857142857142857,0.5285714285714286,7.999994736143135,5
BPCL,2,0.75,949,105,141,2024-04-16,2025-01-08,0.5106382978723404,0.501010101010101,0.5714285714285714,0.5348837209302325,0.6133333333333333,46,40,26,29,0.5390070921985816,0.5177304964539007,0.4822695035460992,0.4822695035460992,0.5390070921985816,0.4822695035460992,0.4822695035460992,7.999994393168797,5
BPCL,3,0.8,1012,112,141,2024-08-22,2025-05-14,0.5177304964539007,0.5253521126760563,0.6633663366336633,0.5114503816793893,0.943661971830986,67,64,6,4,0.4964539007092198,0.5106382978723404,0.4964539007092198,0.5035460992907801,0.4609929078014184,0.4822695035460992,0.5390070921985816,0.4729550702774401,5
BPCL,4,0.85,1076,119,140,2025-01-09,2025-10-03,0.5571428571428572,0.5158305921052632,0.6309523809523809,0.5760869565217391,0.6973684210526315,53,39,25,23,0.5357142857142857,0.5142857142857142,0.5142857142857142,0.55,0.5,0.5071428571428571,0.4714285714285714,0.2497815913091919,5
BPCL,5,0.9,1139,126,141,2025-05-15,2026-02-26,0.574468085106383,0.5551529790660226,0.5588235294117646,0.5671641791044776,0.5507246376811594,38,29,43,31,0.4893617021276595,0.4893617021276595,0.5035460992907801,0.4822695035460992,0.574468085106383,0.4964539007092198,0.5460992907801419,1.1910170380633702,5
BPCL,6,0.95,1202,133,71,2025-10-06,2026-02-26,0.4647887323943662,0.4274322169059011,0.3448275862068965,0.4,0.303030303030303,10,15,23,23,0.4647887323943662,0.4084507042253521,0.5774647887323944,0.5070422535211268,0.4788732394366197,0.5774647887323944,0.4788732394366197,0.3714333502515266,5
BRITANNIA,1,0.7,757,84,120,2023-12-21,2024-09-25,0.5416666666666666,0.5440848214285715,0.5801526717557253,0.5671641791044776,0.59375,38,29,27,26,0.5333333333333333,0.5333333333333333,0.5416666666666666,0.5416666666666666,0.5333333333333333,0.475,0.525,0.2804773870703735,5
BRITANNIA,2,0.75,811,90,120,2024-05-10,2025-01-31,0.5083333333333333,0.4750280583613917,0.5755395683453237,0.547945205479452,0.6060606060606061,40,33,21,26,0.5916666666666667,0.5166666666666667,0.5083333333333333,0.4583333333333333,0.5,0.525,0.4833333333333333,0.2262894219114664,5
BRITANNIA,3,0.8,865,96,120,2024-09-27,2025-06-04,0.55,0.4990253411306043,0.6301369863013699,0.5542168674698795,0.7301587301587301,46,37,20,17,0.4916666666666666,0.5333333333333333,0.525,0.5,0.5166666666666667,0.5333333333333333,0.5583333333333333,0.528172793604012,5
BRITANNIA,4,0.85,919,102,120,2025-02-01,2025-10-14,0.5666666666666667,0.486060264714165,0.7011494252873562,0.5700934579439252,0.9104477611940298,61,46,7,6,0.5583333333333333,0.5583333333333333,0.5666666666666667,0.425,0.4416666666666666,0.4833333333333333,0.575,0.341308753155324,5
BRITANNIA,5,0.9,973,108,121,2025-06-06,2026-02-26,0.6033057851239669,0.5980716253443527,0.6470588235294118,0.6285714285714286,0.6666666666666666,44,26,29,22,0.5206611570247934,0.5454545454545454,0.5206611570247934,0.5289256198347108,0.5537190082644629,0.5454545454545454,0.4958677685950413,0.4240913214304692,5
BRITANNIA,6,0.95,1027,114,61,2025-10-15,2026-02-26,0.6229508196721312,0.6158008658008658,0.6849315068493151,0.625,0.7575757575757576,25,15,13,8,0.5409836065573771,0.5409836065573771,0.5081967213114754,0.5245901639344263,0.4590163934426229,0.5245901639344263,0.5081967213114754,0.4346163080534306,5
CHOLAFIN,1,0.7,917,101,146,2023-12-05,2024-08-27,0.547945205479452,0.5515492957746478,0.648936170212766,0.5398230088495575,0.8133333333333334,61,52,19,14,0.5136986301369864,0.5136986301369864,0.5547945205479452,0.5136986301369864,0.4452054794520548,0.547945205479452,0.541095890410959,0.7303668142999683,5
CHOLAFIN,2,0.75,982,109,145,2024-04-23,2025-01-09,0.4758620689655172,0.5601446516939474,0.6448598130841121,0.4825174825174825,0.971830985915493,69,74,0,2,0.4896551724137931,0.4896551724137931,0.503448275862069,0.5241379310344828,0.4827586206896552,0.5241379310344828,0.496551724137931,7.999994988160384,5
CHOLAFIN,3,0.8,1048,116,145,2024-08-30,2025-05-19,0.4068965517241379,0.4203317901234568,0.5376344086021505,0.4098360655737705,0.78125,50,72,9,14,0.496551724137931,0.4896551724137931,0.4620689655172413,0.5103448275862069,0.4413793103448276,0.4413793103448276,0.4344827586206896,0.4611694279827091,5
CHOLAFIN,4,0.85,1113,123,146,2025-01-10,2025-10-07,0.4520547945205479,0.4710351377018044,0.5121951219512195,0.4242424242424242,0.6461538461538462,42,57,24,23,0.4383561643835616,0.4726027397260274,0.5273972602739726,0.5273972602739726,0.3972602739726027,0.4931506849315068,0.4520547945205479,7.99999319639359,5
CHOLAFIN,5,0.9,1179,130,146,2025-05-20,2026-02-26,0.4863013698630137,0.4886877828054299,0.4827586206896551,0.4545454545454545,0.5147058823529411,35,42,36,33,0.4657534246575342,0.4589041095890411,0.4589041095890411,0.4657534246575342,0.5205479452054794,0.4863013698630137,0.5547945205479452,7.999994271516589,5
CHOLAFIN,6,0.95,1244,138,73,2025-10-08,2026-02-26,0.4794520547945205,0.4061561561561561,0.1363636363636363,0.375,0.0833333333333333,3,5,32,33,0.5068493150684932,0.5068493150684932,0.547945205479452,0.4520547945205479,0.4246575342465753,0.5205479452054794,0.5205479452054794,7.999994076669001,5
CIPLA,1,0.7,798,88,126,2023-11-24,2024-08-22,0.4682539682539682,0.5171717171717172,0.0289855072463768,0.3333333333333333,0.0151515151515151,1,2,58,65,0.4761904761904761,0.4761904761904761,0.5396825396825397,0.492063492063492,0.5158730158730159,0.5238095238095238,0.5238095238095238,7.999994170455495,5
CIPLA,2,0.75,855,94,127,2024-04-04,2025-01-01,0.5433070866141733,0.5553899652260308,0.4912280701754386,0.5283018867924528,0.4590163934426229,28,25,41,33,0.4803149606299212,0.4960629921259842,0.5275590551181102,0.5748031496062992,0.4881889763779528,0.4881889763779528,0.5826771653543307,0.18892324165183,5
CIPLA,3,0.8,911,101,127,2024-08-23,2025-05-09,0.4960629921259842,0.4878472222222222,0.5428571428571428,0.4935064935064935,0.6031746031746031,38,39,25,25,0.5433070866141733,0.5433070866141733,0.4803149606299212,0.5039370078740157,0.5275590551181102,0.5196850393700787,0.5039370078740157,0.307147579201614,5
CIPLA,4,0.85,969,107,126,2025-01-02,2025-09-30,0.5634920634920635,0.523580121703854,0.6405228758169935,0.5764705882352941,0.7205882352941176,49,36,22,19,0.5317460317460317,0.5158730158730159,0.5476190476190477,0.6190476190476191,0.4841269841269841,0.5396825396825397,0.5714285714285714,0.2922298264264998,5
CIPLA,5,0.9,1026,113,127,2025-05-12,2026-02-26,0.5118110236220472,0.5320417287630403,0.5753424657534246,0.525,0.6363636363636364,42,38,23,24,0.5118110236220472,0.5590551181102362,0.4881889763779528,0.4645669291338583,0.4960629921259842,0.5275590551181102,0.5196850393700787,0.5040352142643929,5
CIPLA,6,0.95,1082,120,64,2025-10-07,2026-02-26,0.390625,0.3225806451612903,0.4347826086956521,0.3947368421052631,0.4838709677419355,15,23,10,16,0.421875,0.46875,0.46875,0.5,0.578125,0.46875,0.546875,0.4929170908938757,5
COALINDIA,1,0.7,853,94,136,2023-11-17,2024-08-02,0.5,0.5196476964769647,0.5211267605633803,0.6166666666666667,0.4512195121951219,37,23,31,45,0.6029411764705882,0.6029411764705882,0.4411764705882353,0.4779411764705882,0.5294117647058824,0.4852941176470588,0.5367647058823529,0.4973932223441813,5
COALINDIA,2,0.75,914,101,135,2024-03-22,2024-12-03,0.5185185185185185,0.5165052816901409,0.6408839779005525,0.5272727272727272,0.8169014084507042,58,52,12,13,0.5333333333333333,0.5259259259259259,0.5037037037037037,0.4518518518518518,0.562962962962963,0.4888888888888889,0.5259259259259259,0.2556560170551394,5
COALINDIA,3,0.8,975,108,135,2024-08-05,2025-04-17,0.4740740740740741,0.4896794027228809,0.6203208556149732,0.4793388429752066,0.8787878787878788,58,63,6,8,0.4666666666666667,0.4814814814814814,0.437037037037037,0.4814814814814814,0.4962962962962963,0.4740740740740741,0.5185185185185185,0.2508262760528448,5
COALINDIA,4,0.85,1035,115,136,2024-12-04,2025-09-09,0.5441176470588235,0.5321180555555556,0.6352941176470588,0.5510204081632653,0.75,54,44,20,18,0.5073529411764706,0.5294117647058824,0.4632352941176471,0.4779411764705882,0.5367647058823529,0.5294117647058824,0.5588235294117647,0.7768533367946995,5
COALINDIA,5,0.9,1097,121,136,2025-04-24,2026-02-27,0.5147058823529411,0.4871961805555555,0.6526315789473686,0.5254237288135594,0.8611111111111112,62,56,8,10,0.5147058823529411,0.5294117647058824,0.5220588235294118,0.5220588235294118,0.5294117647058824,0.5294117647058824,0.5441176470588235,2.9604059032368397,5
COALINDIA,6,0.95,1158,128,68,2025-09-16,2026-02-27,0.5294117647058824,0.4661458333333333,0.6595744680851064,0.5344827586206896,0.8611111111111112,31,27,5,5,0.5294117647058824,0.5294117647058824,0.5294117647058824,0.4852941176470588,0.4558823529411764,0.5294117647058824,0.5,0.17947480941982,5
COFORGE,1,0.7,904,100,144,2023-11-07,2024-09-05,0.5,0.4825390700366583,0.6399999999999999,0.5039370078740157,0.8767123287671232,64,63,8,9,0.4236111111111111,0.4930555555555556,0.5347222222222222,0.4375,0.4722222222222222,0.5,0.5138888888888888,0.3963195438449823,5
COFORGE,2,0.75,969,107,143,2024-04-15,2025-01-24,0.6083916083916084,0.5303719008264464,0.7383177570093458,0.626984126984127,0.8977272727272727,79,47,8,9,0.5244755244755245,0.6083916083916084,0.5104895104895105,0.4125874125874126,0.4335664335664335,0.4825174825174825,0.5664335664335665,0.8758985151661743,5
COFORGE,3,0.8,1034,114,143,2024-09-06,2025-06-10,0.5874125874125874,0.5617433414043583,0.7377777777777778,0.5886524822695035,0.988095238095238,83,58,1,1,0.5874125874125874,0.5874125874125874,0.4475524475524475,0.5314685314685315,0.4335664335664335,0.5384615384615384,0.5244755244755245,0.1000035356387145,5
COFORGE,4,0.85,1098,121,144,2025-01-27,2025-10-24,0.5138888888888888,0.434375,0.6428571428571428,0.5431034482758621,0.7875,63,53,11,17,0.5486111111111112,0.5,0.5625,0.4930555555555556,0.5277777777777778,0.5416666666666666,0.5486111111111112,0.7267923768615439,5
COFORGE,5,0.9,1162,129,144,2025-06-11,2026-02-26,0.5625,0.5303353363054856,0.6926829268292682,0.5546875,0.922077922077922,71,57,10,6,0.4930555555555556,0.5486111111111112,0.5416666666666666,0.5625,0.5625,0.5138888888888888,0.5347222222222222,0.3067543469982238,5
COFORGE,6,0.95,1227,136,72,2025-10-27,2026-02-26,0.4722222222222222,0.5356037151702786,0.6415094339622641,0.4722222222222222,1.0,34,38,0,0,0.4722222222222222,0.4722222222222222,0.5694444444444444,0.4583333333333333,0.5,0.5138888888888888,0.5,0.7308411600889924,5
COLPAL,1,0.7,805,89,128,2024-01-04,2024-10-03,0.4765625,0.4848876259364506,0.5503355704697986,0.5857142857142857,0.5189873417721519,41,29,20,38,0.515625,0.6171875,0.53125,0.40625,0.4375,0.484375,0.6171875,0.1235767603602443,5
COLPAL,2,0.75,863,95,128,2024-05-10,2025-01-30,0.484375,0.4767870302137067,0.6071428571428571,0.5151515151515151,0.7391304347826086,51,48,11,18,0.5390625,0.484375,0.515625,0.46875,0.4921875,0.5546875,0.4921875,0.3030903851803667,5
COLPAL,3,0.8,920,102,128,2024-10-04,2025-05-23,0.4765625,0.4786706349206349,0.5620915032679739,0.4432989690721649,0.7678571428571429,43,54,18,13,0.4375,0.4375,0.390625,0.484375,0.46875,0.53125,0.5390625,0.2451417319688544,5
COLPAL,4,0.85,978,108,128,2025-01-31,2025-10-09,0.4453125,0.4272300469483568,0.6162162162162163,0.4453125,1.0,57,71,0,0,0.4453125,0.4453125,0.453125,0.4609375,0.484375,0.5078125,0.421875,1.5518348477631576,5
COLPAL,5,0.9,1035,115,128,2025-05-28,2026-02-26,0.4609375,0.4389527770981159,0.627027027027027,0.4677419354838709,0.9508196721311476,58,66,1,3,0.4765625,0.4765625,0.421875,0.4765625,0.4609375,0.4921875,0.4453125,0.4639287813485613,5
COLPAL,6,0.95,1093,121,64,2025-10-13,2026-02-26,0.515625,0.5647058823529412,0.6736842105263159,0.5245901639344263,0.9411764705882352,32,29,1,2,0.515625,0.5,0.515625,0.609375,0.53125,0.484375,0.53125,0.7932565674138986,5
CUMMINSIND,1,0.7,875,97,139,2023-12-12,2024-09-02,0.5323741007194245,0.522378236068451,0.6408839779005525,0.6105263157894737,0.6744186046511628,58,37,16,28,0.5539568345323741,0.5827338129496403,0.4388489208633093,0.4820143884892086,0.5251798561151079,0.4316546762589928,0.4676258992805755,0.5733935736967555,5
CUMMINSIND,2,0.75,937,104,139,2024-04-30,2025-01-01,0.539568345323741,0.4773013871374527,0.6923076923076924,0.5538461538461539,0.9230769230769232,72,58,3,6,0.5827338129496403,0.5611510791366906,0.4460431654676259,0.4676258992805755,0.5179856115107914,0.5467625899280576,0.4244604316546763,0.3800638071565384,5
CUMMINSIND,3,0.8,1000,111,139,2024-09-04,2025-05-15,0.4676258992805755,0.4596273291925465,0.4637681159420289,0.4705882352941176,0.4571428571428571,32,36,33,38,0.5035971223021583,0.5035971223021583,0.4676258992805755,0.4892086330935252,0.5179856115107914,0.4676258992805755,0.4676258992805755,0.4311719500393432,5
CUMMINSIND,4,0.85,1062,118,139,2025-01-02,2025-10-15,0.5035971223021583,0.4640332640332639,0.5714285714285715,0.5287356321839081,0.6216216216216216,46,41,24,28,0.5323741007194245,0.5323741007194245,0.5179856115107914,0.5323741007194245,0.5323741007194245,0.5251798561151079,0.5323741007194245,1.1432900945373918,5
CUMMINSIND,5,0.9,1125,125,139,2025-05-16,2026-02-27,0.5467625899280576,0.5139830508474575,0.6985645933014354,0.5658914728682171,0.9125,73,56,3,7,0.5755395683453237,0.5755395683453237,0.5683453237410072,0.5899280575539568,0.5611510791366906,0.5827338129496403,0.5251798561151079,3.790752995703452,5
CUMMINSIND,6,0.95,1188,131,70,2025-10-16,2026-02-27,0.5857142857142857,0.4835996635828428,0.7387387387387387,0.5857142857142857,1.0,41,29,0,0,0.5857142857142857,0.5857142857142857,0.5428571428571428,0.5142857142857142,0.5,0.5,0.5857142857142857,0.5561651915784882,5
DIVISLAB,1,0.7,838,93,133,2023-09-27,2024-08-06,0.4661654135338345,0.4925373134328358,0.6203208556149732,0.4793388429752066,0.8787878787878788,58,63,4,8,0.4812030075187969,0.4962406015037593,0.4812030075187969,0.5112781954887218,0.5112781954887218,0.5263157894736842,0.518796992481203,0.6870024461039949,5
DIVISLAB,2,0.75,899,99,133,2024-03-13,2025-01-03,0.5338345864661654,0.5272603362108133,0.693069306930693,0.5343511450381679,0.9859154929577464,70,61,1,1,0.518796992481203,0.5413533834586466,0.5263157894736842,0.5112781954887218,0.5338345864661654,0.5338345864661654,0.5037593984962406,2.245457659958923,5
DIVISLAB,3,0.8,958,106,133,2024-08-07,2025-05-15,0.518796992481203,0.5677083333333333,0.6831683168316832,0.518796992481203,1.0,69,64,0,0,0.518796992481203,0.518796992481203,0.4962406015037593,0.5864661654135338,0.5488721804511278,0.5112781954887218,0.518796992481203,0.4106414458460483,5
DIVISLAB,4,0.85,1018,113,133,2025-01-07,2025-09-24,0.5037593984962406,0.5291723202170964,0.663265306122449,0.5038759689922481,0.9701492537313432,65,64,2,2,0.4887218045112781,0.5263157894736842,0.4812030075187969,0.5413533834586466,0.4812030075187969,0.4736842105263157,0.5112781954887218,0.240155740394926,5
DIVISLAB,5,0.9,1078,119,134,2025-05-16,2026-02-26,0.4925373134328358,0.5267379679144386,0.653061224489796,0.4923076923076923,0.9696969696969696,64,66,2,2,0.4925373134328358,0.4552238805970149,0.5373134328358209,0.5298507462686567,0.4850746268656716,0.4776119402985074,0.5,0.2737022133073082,5
DIVISLAB,6,0.95,1138,126,67,2025-09-25,2026-02-26,0.5970149253731343,0.5901785714285714,0.7216494845360826,0.5645161290322581,1.0,35,27,5,0,0.4328358208955223,0.5373134328358209,0.5373134328358209,0.5373134328358209,0.4477611940298507,0.5223880597014925,0.5970149253731343,0.172458665980036,5
DLF,1,0.7,915,101,145,2023-11-02,2024-08-12,0.6068965517241379,0.5301010101010102,0.7272727272727272,0.6386554621848739,0.8444444444444444,76,43,12,14,0.6206896551724138,0.6206896551724138,0.5241379310344828,0.6,0.5724137931034483,0.4413793103448276,0.5586206896551724,0.1610696202578173,5
DLF,2,0.75,981,108,145,2024-03-26,2024-12-20,0.5448275862068965,0.6010313216195569,0.6857142857142857,0.5413533834586466,0.935064935064935,72,61,7,5,0.5310344827586206,0.5310344827586206,0.5172413793103449,0.5448275862068965,0.5586206896551724,0.5517241379310345,0.5655172413793104,0.3410781703446594,5
DLF,3,0.8,1045,116,145,2024-08-13,2025-05-07,0.4827586206896552,0.5068649885583525,0.6445497630331753,0.4788732394366197,0.9855072463768116,68,74,2,1,0.4620689655172413,0.4758620689655172,0.4827586206896552,0.4758620689655172,0.496551724137931,0.4896551724137931,0.4758620689655172,0.579569210084971,5
DLF,4,0.85,1111,123,145,2024-12-27,2025-09-24,0.4413793103448276,0.4732692307692308,0.6124401913875598,0.4444444444444444,0.9846153846153848,64,80,0,1,0.4482758620689655,0.4482758620689655,0.4482758620689655,0.4413793103448276,0.4482758620689655,0.4482758620689655,0.4275862068965517,1.0137750130552985,5
DLF,5,0.9,1176,130,146,2025-05-08,2026-02-27,0.4589041095890411,0.5004723219346308,0.6291079812206573,0.4589041095890411,1.0,67,79,0,0,0.4589041095890411,0.4589041095890411,0.4589041095890411,0.541095890410959,0.4931506849315068,0.4589041095890411,0.547945205479452,7.999993836432969,5
DLF,6,0.95,1242,137,73,2025-09-25,2026-02-27,0.5068493150684932,0.5829562594268476,0.6538461538461539,0.4857142857142857,1.0,34,36,3,0,0.4657534246575342,0.4657534246575342,0.4657534246575342,0.4657534246575342,0.589041095890411,0.4657534246575342,0.4657534246575342,7.999993797250326,5
DMART,1,0.7,840,93,133,2023-11-29,2024-08-22,0.5639097744360902,0.478469995419148,0.712871287128713,0.5625,0.972972972972973,72,56,3,2,0.5413533834586466,0.556390977443609,0.5263157894736842,0.556390977443609,0.5338345864661654,0.4812030075187969,0.5037593984962406,7.999994334912832,5
DMART,2,0.75,900,99,134,2024-04-18,2025-01-08,0.4552238805970149,0.4534022007635302,0.5921787709497207,0.4491525423728814,0.8688524590163934,53,65,8,8,0.4552238805970149,0.4402985074626865,0.5149253731343284,0.5373134328358209,0.4253731343283582,0.4477611940298507,0.5223880597014925,1.7867710424799514,5
DMART,3,0.8,960,106,133,2024-08-23,2025-05-21,0.3984962406015037,0.4007386888273315,0.5555555555555556,0.4065040650406504,0.8771929824561403,50,73,3,7,0.4285714285714285,0.4360902255639097,0.4436090225563909,0.518796992481203,0.4511278195488721,0.4511278195488721,0.5037593984962406,0.2385714817519833,5
DMART,4,0.85,1020,113,133,2025-01-09,2025-09-25,0.4812030075187969,0.391677973767526,0.634920634920635,0.4918032786885246,0.8955223880597015,60,62,4,7,0.5037593984962406,0.5037593984962406,0.4060150375939849,0.4962406015037593,0.5263157894736842,0.5037593984962406,0.5864661654135338,7.999994215287481,5
DMART,5,0.9,1080,119,134,2025-05-22,2026-02-27,0.4328358208955223,0.4598870056497175,0.5957446808510639,0.4341085271317829,0.9491525423728814,56,73,2,3,0.4402985074626865,0.4402985074626865,0.5,0.4477611940298507,0.4477611940298507,0.4626865671641791,0.4850746268656716,7.999994366455569,5
DMART,6,0.95,1140,126,67,2025-09-29,2026-02-27,0.4029850746268656,0.4652908067542214,0.4871794871794871,0.3653846153846153,0.7307692307692307,19,33,8,7,0.5223880597014925,0.5074626865671642,0.4029850746268656,0.417910447761194,0.5223880597014925,0.5970149253731343,0.4029850746268656,0.4055328030878812,5
DRREDDY,1,0.7,801,88,127,2023-10-18,2024-08-08,0.5118110236220472,0.5047476261869066,0.6593406593406593,0.5309734513274337,0.8695652173913043,60,53,5,9,0.5433070866141733,0.5433070866141733,0.5039370078740157,0.4724409448818897,0.5196850393700787,0.4803149606299212,0.5196850393700787,0.5236046074674345,5
DRREDDY,2,0.75,857,95,127,2024-03-26,2024-12-27,0.5039370078740157,0.4640198511166253,0.6519337016574585,0.5086206896551724,0.9076923076923076,59,57,5,6,0.5118110236220472,0.5118110236220472,0.5118110236220472,0.4881889763779528,0.4488188976377952,0.5039370078740157,0.5433070866141733,1.6015217565422504,5
DRREDDY,3,0.8,915,101,127,2024-08-09,2025-05-08,0.4645669291338583,0.4813710879284649,0.6263736263736264,0.4710743801652892,0.9344262295081968,57,64,2,4,0.4803149606299212,0.5118110236220472,0.4881889763779528,0.5275590551181102,0.5354330708661418,0.5433070866141733,0.5118110236220472,1.050476024271274,5
DRREDDY,4,0.85,972,107,127,2024-12-30,2025-09-23,0.5590551181102362,0.554228855721393,0.6888888888888888,0.5486725663716814,0.9253731343283582,62,51,9,5,0.5748031496062992,0.5748031496062992,0.5511811023622047,0.5354330708661418,0.4881889763779528,0.5118110236220472,0.4724409448818897,1.5283715053627538,5
DRREDDY,5,0.9,1029,114,127,2025-05-09,2026-02-26,0.5511811023622047,0.5527777777777778,0.6815642458100558,0.5700934579439252,0.8472222222222222,61,46,9,11,0.5275590551181102,0.5590551181102362,0.4566929133858268,0.5669291338582677,0.5039370078740157,0.5669291338582677,0.5511811023622047,1.4029020388795297,5
DRREDDY,6,0.95,1086,120,64,2025-09-24,2026-02-26,0.53125,0.4890873015873015,0.6938775510204082,0.5483870967741935,0.9444444444444444,34,28,0,2,0.515625,0.5625,0.5625,0.625,0.546875,0.53125,0.5,0.6185778265764641,5
EICHERMOT,1,0.7,866,96,138,2023-11-10,2024-08-14,0.5144927536231884,0.4814189189189189,0.567741935483871,0.5432098765432098,0.5945945945945946,44,37,27,30,0.5362318840579711,0.5362318840579711,0.4927536231884058,0.4782608695652174,0.5289855072463768,0.4782608695652174,0.5434782608695652,0.8366370589991405,5
EICHERMOT,2,0.75,928,103,137,2024-03-19,2025-01-06,0.5182481751824818,0.5100213219616205,0.5416666666666666,0.527027027027027,0.5571428571428572,39,35,32,31,0.5109489051094891,0.4817518248175182,0.5401459854014599,0.5255474452554745,0.5255474452554745,0.5693430656934306,0.4890510948905109,0.4307164593782063,5
EICHERMOT,3,0.8,990,110,137,2024-08-19,2025-05-09,0.5255474452554745,0.5143407534246576,0.5517241379310345,0.4938271604938271,0.625,40,41,32,24,0.4671532846715328,0.4817518248175182,0.5182481751824818,0.4963503649635036,0.5766423357664233,0.5036496350364964,0.5401459854014599,0.2929325474830643,5
EICHERMOT,4,0.85,1052,116,138,2025-01-08,2025-10-03,0.5507246376811594,0.4499151103565365,0.7075471698113208,0.5514705882352942,0.986842105263158,75,61,1,1,0.5362318840579711,0.4855072463768116,0.5797101449275363,0.5507246376811594,0.463768115942029,0.5434782608695652,0.5289855072463768,2.924289225568418,5
EICHERMOT,5,0.9,1114,123,138,2025-05-12,2026-02-26,0.5797101449275363,0.5633383010432191,0.707070707070707,0.5785123966942148,0.9090909090909092,70,51,10,7,0.5579710144927537,0.5579710144927537,0.5217391304347826,0.5797101449275363,0.5652173913043478,0.5434782608695652,0.5507246376811594,7.999995468808007,5
EICHERMOT,6,0.95,1176,130,69,2025-10-06,2026-02-26,0.6086956521739131,0.6747899159663865,0.5573770491803278,0.6538461538461539,0.4857142857142857,17,9,25,18,0.5362318840579711,0.5217391304347826,0.5942028985507246,0.6231884057971014,0.5652173913043478,0.4927536231884058,0.5652173913043478,0.5403825560520127,5
ETERNAL,1,0.7,486,53,77,2025-01-06,2025-05-14,0.4675324675324675,0.3952702702702703,0.594059405940594,0.46875,0.8108108108108109,30,34,6,7,0.4935064935064935,0.4415584415584415,0.5064935064935064,0.5974025974025974,0.5064935064935064,0.5194805194805194,0.4545454545454545,7.999993163536177,5
ETERNAL,2,0.75,521,57,77,2025-03-10,2025-07-17,0.5194805194805194,0.4587837837837837,0.6725663716814159,0.5205479452054794,0.95,38,35,2,2,0.5194805194805194,0.5194805194805194,0.4285714285714285,0.5844155844155844,0.4805194805194805,0.4545454545454545,0.4415584415584415,7.999994662304189,5
ETERNAL,3,0.8,555,61,77,2025-05-15,2025-09-25,0.4545454545454545,0.4095816464237517,0.5714285714285714,0.4666666666666667,0.7368421052631579,28,32,7,10,0.4935064935064935,0.4935064935064935,0.4545454545454545,0.5324675324675324,0.4545454545454545,0.5324675324675324,0.4935064935064935,7.999993987438924,5
ETERNAL,4,0.85,590,65,77,2025-07-18,2025-12-11,0.4675324675324675,0.4257759784075574,0.6238532110091743,0.4788732394366197,0.8947368421052632,34,37,2,4,0.4935064935064935,0.4935064935064935,0.5064935064935064,0.4935064935064935,0.4545454545454545,0.5064935064935064,0.4935064935064935,7.999993472578899,5
ETERNAL,5,0.9,624,69,78,2025-09-26,2026-02-27,0.4102564102564102,0.4612771739130434,0.54,0.3970588235294117,0.84375,27,41,5,5,0.4230769230769231,0.4102564102564102,0.4230769230769231,0.4487179487179487,0.5384615384615384,0.3974358974358974,0.5,0.7331516555910181,5
ETERNAL,6,0.95,659,73,39,2025-12-15,2026-02-27,0.3076923076923077,0.4704142011834319,0.4255319148936171,0.2941176470588235,0.7692307692307693,10,24,2,3,0.3333333333333333,0.3333333333333333,0.5128205128205128,0.4871794871794871,0.4102564102564102,0.6666666666666666,0.6923076923076923,0.1004745694926149,5
EXIDEIND,1,0.7,855,94,136,2023-12-22,2024-09-11,0.4264705882352941,0.4668859649122807,0.417910447761194,0.4827586206896552,0.3684210526315789,28,30,30,48,0.5220588235294118,0.5588235294117647,0.5955882352941176,0.5661764705882353,0.5441176470588235,0.5588235294117647,0.4558823529411764,0.11026890411948,5
EXIDEIND,2,0.75,916,101,136,2024-05-03,2025-01-08,0.5220588235294118,0.6112676056338029,0.6242774566473988,0.5,0.8307692307692308,54,54,17,11,0.4852941176470588,0.4705882352941176,0.5367647058823529,0.5294117647058824,0.4632352941176471,0.5073529411764706,0.4632352941176471,0.4104715603452349,5
EXIDEIND,3,0.8,977,108,136,2024-09-12,2025-05-26,0.4338235294117647,0.4510822510822511,0.503225806451613,0.4382022471910112,0.5909090909090909,39,50,20,27,0.5,0.4926470588235294,0.5808823529411765,0.5,0.5294117647058824,0.4926470588235294,0.5073529411764706,0.5244222178726111,5
EXIDEIND,4,0.85,1038,115,136,2025-01-09,2025-10-10,0.4779411764705882,0.4816264405305501,0.474074074074074,0.5161290322580645,0.4383561643835616,32,30,33,41,0.5661764705882353,0.5294117647058824,0.5294117647058824,0.4705882352941176,0.4926470588235294,0.5147058823529411,0.6029411764705882,7.999993754571943,5
EXIDEIND,5,0.9,1099,122,136,2025-05-28,2026-02-27,0.4852941176470588,0.4950086805555556,0.5569620253164557,0.4680851063829787,0.6875,44,50,22,20,0.4705882352941176,0.4705882352941176,0.5,0.5808823529411765,0.4926470588235294,0.4338235294117647,0.5147058823529411,7.999993107919534,5
EXIDEIND,6,0.95,1161,128,68,2025-10-13,2026-02-27,0.5735294117647058,0.4896115627822945,0.5084745762711864,0.46875,0.5555555555555556,15,17,24,12,0.4117647058823529,0.4705882352941176,0.5735294117647058,0.4558823529411764,0.5147058823529411,0.5441176470588235,0.3823529411764705,0.4073123591699711,5
FEDERALBNK,1,0.7,862,95,137,2023-09-01,2024-07-02,0.5182481751824818,0.5844609340899172,0.4761904761904762,0.6382978723404256,0.379746835443038,30,17,41,49,0.6131386861313869,0.5693430656934306,0.4817518248175182,0.4744525547445255,0.4963503649635036,0.5620437956204379,0.4744525547445255,0.2941862571567563,5
FEDERALBNK,2,0.75,924,102,136,2024-01-30,2024-11-27,0.4852941176470588,0.4910059960026649,0.4354838709677419,0.6,0.3417721518987341,27,18,39,52,0.4558823529411764,0.4852941176470588,0.4705882352941176,0.4779411764705882,0.5294117647058824,0.5147058823529411,0.4411764705882353,7.999993720846384,5
FEDERALBNK,3,0.8,985,109,137,2024-07-04,2025-04-24,0.4817518248175182,0.5136577037985488,0.5298013245033112,0.5,0.5633802816901409,40,40,26,31,0.5328467153284672,0.5401459854014599,0.5474452554744526,0.4890510948905109,0.4963503649635036,0.5182481751824818,0.4160583941605839,0.2266344338344997,5
FEDERALBNK,4,0.85,1046,116,137,2024-12-02,2025-10-06,0.4890510948905109,0.5997863247863248,0.6354166666666666,0.4803149606299212,0.9384615384615383,61,66,6,4,0.4671532846715328,0.4744525547445255,0.4452554744525547,0.4817518248175182,0.4671532846715328,0.4963503649635036,0.4598540145985401,0.3290830716105319,5
FEDERALBNK,5,0.9,1108,123,137,2025-04-25,2026-02-26,0.5401459854014599,0.4984900776531492,0.6926829268292682,0.5503875968992248,0.9342105263157896,71,58,3,5,0.5547445255474452,0.5547445255474452,0.5547445255474452,0.5547445255474452,0.5109489051094891,0.5182481751824818,0.4671532846715328,1.8506289312132689,5
FEDERALBNK,6,0.95,1170,129,69,2025-10-07,2026-02-26,0.5942028985507246,0.4885361552028219,0.7407407407407407,0.6060606060606061,0.9523809523809524,40,26,1,2,0.6086956521739131,0.6086956521739131,0.5362318840579711,0.6086956521739131,0.463768115942029,0.4927536231884058,0.5652173913043478,3.057654929741743,5
GAIL,1,0.7,886,98,140,2023-12-20,2024-09-04,0.4785714285714286,0.5279156327543424,0.4748201438848921,0.5409836065573771,0.4230769230769231,33,28,34,45,0.5142857142857142,0.5714285714285714,0.5785714285714286,0.5785714285714286,0.4642857142857143,0.5571428571428572,0.5142857142857142,0.2103124122270756,5
GAIL,2,0.75,949,105,141,2024-04-23,2025-01-15,0.5531914893617021,0.55414653784219,0.6519337016574587,0.5267857142857143,0.855072463768116,59,53,19,10,0.5177304964539007,0.4893617021276595,0.5460992907801419,0.4964539007092198,0.5390070921985816,0.524822695035461,0.4822695035460992,0.3755760114721149,5
GAIL,3,0.8,1012,112,141,2024-09-05,2025-05-21,0.5390070921985816,0.4909420289855072,0.6666666666666666,0.5158730158730159,0.9420289855072465,65,61,11,4,0.4893617021276595,0.4893617021276595,0.5177304964539007,0.4964539007092198,0.5177304964539007,0.4964539007092198,0.5035460992907801,1.043128399144694,5
GAIL,4,0.85,1076,119,140,2025-01-17,2025-10-09,0.5214285714285715,0.443968156766687,0.6699507389162561,0.5151515151515151,0.9577464788732394,68,64,5,3,0.5071428571428571,0.5071428571428571,0.4714285714285714,0.4928571428571429,0.4928571428571429,0.5,0.4928571428571429,2.6485348242918016,5
GAIL,5,0.9,1139,126,141,2025-05-22,2026-02-27,0.5177304964539007,0.5332393231265109,0.6822429906542056,0.5177304964539007,1.0,73,68,0,0,0.5177304964539007,0.5177304964539007,0.5177304964539007,0.5177304964539007,0.524822695035461,0.5106382978723404,0.5035460992907801,7.999994393952101,5
GAIL,6,0.95,1202,133,71,2025-10-10,2026-02-27,0.5211267605633803,0.5286168521462639,0.6304347826086956,0.5272727272727272,0.7837837837837838,29,26,8,8,0.4929577464788732,0.5070422535211268,0.5211267605633803,0.5352112676056338,0.4225352112676056,0.5211267605633803,0.5211267605633803,0.92964199332398,5
GODREJCP,1,0.7,846,93,134,2023-12-05,2024-08-21,0.5447761194029851,0.5512477718360071,0.2988505747126436,0.6842105263157895,0.1911764705882352,13,6,60,55,0.4850746268656716,0.5,0.4925373134328358,0.5149253731343284,0.5298507462686567,0.5074626865671642,0.5746268656716418,0.8959271893155979,5
GODREJCP,2,0.75,906,100,134,2024-04-16,2025-01-02,0.4626865671641791,0.4592409611497866,0.3333333333333333,0.3829787234042553,0.2950819672131147,18,29,44,43,0.5746268656716418,0.582089552238806,0.4701492537313433,0.5,0.4701492537313433,0.4850746268656716,0.5149253731343284,0.1000035356387145,5
GODREJCP,3,0.8,966,107,134,2024-08-22,2025-05-20,0.4477611940298507,0.4856481481481481,0.4477611940298507,0.375,0.5555555555555556,30,50,30,24,0.5,0.4402985074626865,0.4776119402985074,0.5597014925373134,0.4552238805970149,0.4328358208955223,0.5223880597014925,0.3736922713362415,5
GODREJCP,4,0.85,1026,114,134,2025-01-03,2025-10-06,0.4925373134328358,0.5251977401129944,0.5584415584415585,0.4526315789473684,0.7288135593220338,43,52,23,16,0.417910447761194,0.4402985074626865,0.4850746268656716,0.5223880597014925,0.4402985074626865,0.5223880597014925,0.4776119402985074,7.999995755939779,5
GODREJCP,5,0.9,1087,120,135,2025-05-21,2026-02-26,0.4962962962962963,0.4817019400352734,0.6263736263736264,0.5181818181818182,0.7916666666666666,57,53,10,15,0.5851851851851851,0.5407407407407407,0.4888888888888889,0.4814814814814814,0.5185185185185185,0.5037037037037037,0.5111111111111111,0.921116009793598,5
GODREJCP,6,0.95,1147,127,68,2025-10-07,2026-02-26,0.4558823529411764,0.5412087912087913,0.3934426229508196,0.631578947368421,0.2857142857142857,12,7,19,30,0.4411764705882353,0.4705882352941176,0.3823529411764705,0.4705882352941176,0.4852941176470588,0.3529411764705882,0.5147058823529411,0.3386638285629649,5
GODREJPROP,1,0.7,921,102,146,2023-12-13,2024-09-09,0.4794520547945205,0.4776119402985075,0.5,0.5205479452054794,0.4810126582278481,38,35,32,41,0.541095890410959,0.541095890410959,0.5821917808219178,0.5068493150684932,0.4726027397260274,0.4794520547945205,0.5068493150684932,0.1546484123263425,5
GODREJPROP,2,0.75,987,109,146,2024-04-30,2025-01-13,0.541095890410959,0.539602102102102,0.637837837837838,0.5221238938053098,0.8194444444444444,59,54,20,13,0.5136986301369864,0.4931506849315068,0.5616438356164384,0.5136986301369864,0.5068493150684932,0.5136986301369864,0.541095890410959,0.2202449101061961,5
GODREJPROP,3,0.8,1053,116,146,2024-09-10,2025-06-04,0.5547945205479452,0.5417526740476637,0.656084656084656,0.5344827586206896,0.8493150684931506,62,54,19,11,0.541095890410959,0.541095890410959,0.5205479452054794,0.5,0.4863013698630137,0.5273972602739726,0.5068493150684932,0.7068373409000337,5
GODREJPROP,4,0.85,1118,124,146,2025-01-15,2025-10-17,0.5205479452054794,0.5237380371551885,0.6666666666666667,0.5109489051094891,0.958904109589041,70,67,6,3,0.5,0.5068493150684932,0.5,0.4794520547945205,0.5136986301369864,0.5,0.5342465753424658,7.999994139351388,5
GODREJPROP,5,0.9,1184,131,147,2025-06-05,2026-02-27,0.4761904761904761,0.5725986597170513,0.631578947368421,0.4680851063829787,0.9705882352941176,66,75,4,2,0.4625850340136054,0.4625850340136054,0.5034013605442177,0.4965986394557823,0.5306122448979592,0.4829931972789115,0.4625850340136054,7.999995800964249,5
GODREJPROP,6,0.95,1250,138,74,2025-10-21,2026-02-27,0.4729729729729729,0.5238095238095238,0.6213592233009708,0.4507042253521127,1.0,32,39,3,0,0.4324324324324324,0.4324324324324324,0.5135135135135135,0.527027027027027,0.5405405405405406,0.4324324324324324,0.4324324324324324,0.1000035356387145,5
GRASIM,1,0.7,853,94,136,2023-11-01,2024-08-07,0.5367647058823529,0.5191919191919192,0.6735751295336788,0.5803571428571429,0.8024691358024691,65,47,8,16,0.5882352941176471,0.5955882352941176,0.5588235294117647,0.5441176470588235,0.5147058823529411,0.5514705882352942,0.5661764705882353,0.8364186676311723,5
GRASIM,2,0.75,914,101,135,2024-04-03,2024-12-19,0.5185185185185185,0.5202197802197802,0.6829268292682926,0.5185185185185185,1.0,70,65,0,0,0.5185185185185185,0.5185185185185185,0.5555555555555556,0.5407407407407407,0.5185185185185185,0.5259259259259259,0.5111111111111111,0.5805787054457836,5
GRASIM,3,0.8,975,108,135,2024-08-08,2025-05-09,0.5259259259259259,0.4578577699736611,0.673469387755102,0.5116279069767442,0.9850746268656716,66,63,5,1,0.4666666666666667,0.4962962962962963,0.4814814814814814,0.5111111111111111,0.5037037037037037,0.4888888888888889,0.4148148148148148,0.4491409967467753,5
GRASIM,4,0.85,1035,115,136,2024-12-20,2025-09-22,0.4926470588235294,0.4705627705627705,0.627027027027027,0.4873949579831932,0.8787878787878788,58,61,9,8,0.4852941176470588,0.4852941176470588,0.4852941176470588,0.4852941176470588,0.5147058823529411,0.5,0.4852941176470588,0.7641033128811208,5
GRASIM,5,0.9,1097,121,136,2025-05-12,2026-02-27,0.4779411764705882,0.4809027777777778,0.6395939086294417,0.4736842105263157,0.984375,63,70,2,1,0.4852941176470588,0.4705882352941176,0.4705882352941176,0.4705882352941176,0.4852941176470588,0.5,0.4485294117647059,7.999994028089029,5
GRASIM,6,0.95,1158,128,68,2025-09-24,2026-02-27,0.4558823529411764,0.4822510822510822,0.6262626262626263,0.4696969696969697,0.9393939393939394,31,35,0,2,0.4852941176470588,0.4852941176470588,0.5,0.4558823529411764,0.5882352941176471,0.5147058823529411,0.5294117647058824,0.1000035356387145,5
HAL,1,0.7,851,94,135,2024-01-18,2024-09-16,0.5481481481481482,0.5095555555555557,0.5734265734265734,0.6029411764705882,0.5466666666666666,41,27,33,34,0.4888888888888889,0.5555555555555556,0.5481481481481482,0.4888888888888889,0.5703703703703704,0.5555555555555556,0.5333333333333333,0.3864923028694707,5
HAL,2,0.75,912,101,135,2024-05-23,2025-01-28,0.4444444444444444,0.4650088028169014,0.5341614906832298,0.4432989690721649,0.671875,43,54,17,21,0.4962962962962963,0.4814814814814814,0.4296296296296296,0.4518518518518518,0.4592592592592592,0.5259259259259259,0.4074074074074074,0.1578453448078695,5
HAL,3,0.8,972,108,135,2024-09-17,2025-05-26,0.5185185185185185,0.4841549295774647,0.6285714285714286,0.5288461538461539,0.7746478873239436,55,49,15,16,0.5481481481481482,0.5259259259259259,0.5333333333333333,0.4518518518518518,0.4814814814814814,0.4962962962962963,0.4592592592592592,0.6906223754254713,5
HAL,4,0.85,1034,114,135,2025-01-29,2025-10-08,0.5185185185185185,0.5022007042253521,0.6798029556650247,0.5227272727272727,0.971830985915493,69,63,1,2,0.5259259259259259,0.5259259259259259,0.5333333333333333,0.4518518518518518,0.5555555555555556,0.3925925925925926,0.5185185185185185,7.999993651683876,5
HAL,5,0.9,1094,121,136,2025-05-29,2026-02-27,0.5073529411764706,0.5844184027777778,0.6171428571428572,0.4864864864864865,0.84375,54,57,15,10,0.4705882352941176,0.4705882352941176,0.4705882352941176,0.4632352941176471,0.5,0.4705882352941176,0.5220588235294118,0.9049843239142864,5
HAL,6,0.95,1155,128,68,2025-10-10,2026-02-27,0.4705882352941176,0.5588491717523976,0.5499999999999999,0.4489795918367347,0.7096774193548387,22,27,10,9,0.5588235294117647,0.5147058823529411,0.3823529411764705,0.5294117647058824,0.4705882352941176,0.5441176470588235,0.5,0.7228906048256539,5
HAVELLS,1,0.7,837,93,133,2023-11-13,2024-08-20,0.4887218045112781,0.3865566037735849,0.6421052631578948,0.5545454545454546,0.7625,61,49,4,19,0.4887218045112781,0.5413533834586466,0.5037593984962406,0.518796992481203,0.5112781954887218,0.5789473684210527,0.4962406015037593,0.7925268760304541,5
HAVELLS,2,0.75,897,99,133,2024-04-08,2025-01-07,0.5037593984962406,0.4506340579710145,0.6333333333333333,0.5135135135135135,0.8260869565217391,57,54,10,12,0.5037593984962406,0.518796992481203,0.4436090225563909,0.556390977443609,0.556390977443609,0.4360902255639097,0.5112781954887218,0.5538343118780247,5
HAVELLS,3,0.8,957,106,133,2024-08-21,2025-05-08,0.4812030075187969,0.4406702898550724,0.6461538461538462,0.4809160305343511,0.984375,63,68,1,1,0.4812030075187969,0.4812030075187969,0.4511278195488721,0.4511278195488721,0.4736842105263157,0.4812030075187969,0.4887218045112781,2.3227118051501456,5
HAVELLS,4,0.85,1017,112,133,2025-01-08,2025-10-03,0.4511278195488721,0.4174581637268204,0.562874251497006,0.47,0.7014925373134329,47,53,13,20,0.5037593984962406,0.5037593984962406,0.4586466165413533,0.4887218045112781,0.4736842105263157,0.4661654135338345,0.4887218045112781,1.9112581789928125,5
HAVELLS,5,0.9,1077,119,133,2025-05-09,2026-02-27,0.4812030075187969,0.4239819004524887,0.6349206349206349,0.4958677685950413,0.8823529411764706,60,61,4,8,0.4812030075187969,0.5338345864661654,0.5037593984962406,0.556390977443609,0.5263157894736842,0.4586466165413533,0.4736842105263157,5.215158126849727,5
HAVELLS,6,0.95,1136,126,67,2025-10-08,2026-02-27,0.4925373134328358,0.4883512544802867,0.6530612244897959,0.5161290322580645,0.8888888888888888,32,30,1,4,0.5373134328358209,0.5373134328358209,0.5373134328358209,0.4925373134328358,0.5970149253731343,0.4626865671641791,0.4925373134328358,7.999995504706629,5
HCLTECH,1,0.7,817,90,129,2023-12-04,2024-08-26,0.5271317829457365,0.3852657004830918,0.6903553299492386,0.53125,0.9855072463768116,68,60,0,1,0.5503875968992248,0.4651162790697674,0.4263565891472868,0.4961240310077519,0.4961240310077519,0.5348837209302325,0.5193798449612403,0.4288366966364028,5
HCLTECH,2,0.75,875,97,129,2024-04-19,2025-01-22,0.5658914728682171,0.4863013698630137,0.7227722772277227,0.5658914728682171,1.0,73,56,0,0,0.5658914728682171,0.5658914728682171,0.4883720930232558,0.5503875968992248,0.5193798449612403,0.5271317829457365,0.5116279069767442,7.999993642740886,5
HCLTECH,3,0.8,933,103,130,2024-08-27,2025-05-28,0.5153846153846153,0.5612414119876806,0.6802030456852791,0.5153846153846153,1.0,67,63,0,0,0.5153846153846153,0.5153846153846153,0.5230769230769231,0.5230769230769231,0.5461538461538461,0.5153846153846153,0.5538461538461539,4.412101412858379,5
HCLTECH,4,0.85,991,110,130,2025-01-23,2025-10-16,0.4923076923076923,0.4535104364326375,0.6373626373626374,0.4833333333333333,0.935483870967742,58,62,6,4,0.4692307692307692,0.4230769230769231,0.4769230769230769,0.4461538461538462,0.4461538461538462,0.4846153846153846,0.4615384615384615,0.324625621343612,5
HCLTECH,5,0.9,1050,116,130,2025-05-29,2026-02-26,0.4846153846153846,0.4849561715233357,0.6528497409326425,0.4846153846153846,1.0,63,67,0,0,0.5230769230769231,0.4846153846153846,0.4923076923076923,0.4923076923076923,0.5,0.4692307692307692,0.4846153846153846,0.7528057703601574,5
HCLTECH,6,0.95,1108,123,65,2025-10-17,2026-02-26,0.5076923076923077,0.4839015151515151,0.6595744680851064,0.5081967213114754,0.9393939393939394,31,30,2,2,0.5076923076923077,0.5076923076923077,0.4923076923076923,0.5384615384615384,0.5538461538461539,0.5076923076923077,0.4615384615384615,1.8023951642101368,5
HDFCBANK,1,0.7,775,86,123,2023-09-26,2024-07-23,0.5284552845528455,0.4572944297082228,0.6506024096385542,0.5346534653465347,0.8307692307692308,54,47,11,11,0.5040650406504065,0.5284552845528455,0.5040650406504065,0.4878048780487805,0.4390243902439024,0.5772357723577236,0.5203252032520326,0.5279547997424707,5
HDFCBANK,2,0.75,830,92,123,2024-02-28,2024-12-03,0.5691056910569106,0.5774958632101489,0.5954198473282442,0.6842105263157895,0.527027027027027,39,18,31,35,0.6016260162601627,0.5772357723577236,0.5121951219512195,0.4959349593495935,0.5447154471544715,0.5284552845528455,0.5447154471544715,0.4940842042363297,5
HDFCBANK,3,0.8,886,98,123,2024-07-24,2025-04-17,0.5691056910569106,0.5067385444743935,0.6748466257668712,0.5913978494623656,0.7857142857142857,55,38,15,15,0.5691056910569106,0.4715447154471545,0.5203252032520326,0.5203252032520326,0.5772357723577236,0.5203252032520326,0.5284552845528455,0.3706709044859423,5
HDFCBANK,4,0.85,941,104,123,2024-12-05,2025-09-22,0.4959349593495935,0.4518518518518518,0.557142857142857,0.5064935064935064,0.6190476190476191,39,38,22,24,0.5040650406504065,0.4959349593495935,0.4634146341463415,0.4715447154471545,0.5203252032520326,0.5203252032520326,0.5040650406504065,0.2664525546101972,5
HDFCBANK,5,0.9,997,110,123,2025-04-22,2026-02-26,0.4715447154471545,0.4767318878900053,0.6242774566473989,0.4821428571428571,0.8852459016393442,54,58,4,7,0.4959349593495935,0.4959349593495935,0.4959349593495935,0.4959349593495935,0.5121951219512195,0.5121951219512195,0.4959349593495935,0.324404946792139,5
HDFCBANK,6,0.95,1052,116,62,2025-09-23,2026-02-26,0.4677419354838709,0.55625,0.6292134831460674,0.4745762711864407,0.9333333333333332,28,31,1,2,0.5806451612903226,0.4838709677419355,0.5483870967741935,0.4838709677419355,0.532258064516129,0.5161290322580645,0.532258064516129,7.999994019107065,5
HDFCLIFE,1,0.7,842,93,134,2023-11-16,2024-09-02,0.6194029850746269,0.6387959866220736,0.5920000000000001,0.6607142857142857,0.5362318840579711,37,19,46,32,0.5373134328358209,0.4850746268656716,0.5223880597014925,0.5149253731343284,0.5149253731343284,0.5223880597014925,0.5522388059701493,7.999994046519679,5
HDFCLIFE,2,0.75,902,100,134,2024-04-18,2025-01-14,0.5373134328358209,0.5367647058823529,0.4363636363636363,0.5454545454545454,0.3636363636363636,24,20,48,42,0.5298507462686567,0.5671641791044776,0.4925373134328358,0.5597014925373134,0.5597014925373134,0.5746268656716418,0.5074626865671642,0.2308836550494841,5
HDFCLIFE,3,0.8,963,106,134,2024-09-04,2025-05-28,0.5746268656716418,0.5952060931899642,0.4123711340206185,0.5714285714285714,0.3225806451612903,20,15,57,42,0.4626865671641791,0.4701492537313433,0.4701492537313433,0.5373134328358209,0.4776119402985074,0.4776119402985074,0.5149253731343284,0.5848476721066177,5
HDFCLIFE,4,0.85,1023,113,134,2025-01-15,2025-10-15,0.4626865671641791,0.4992203163288037,0.3333333333333333,0.4390243902439024,0.2686567164179104,18,23,44,49,0.5074626865671642,0.5,0.4925373134328358,0.4925373134328358,0.4552238805970149,0.4925373134328358,0.4402985074626865,0.2973611341966822,5
HDFCLIFE,5,0.9,1083,120,134,2025-05-29,2026-02-26,0.5223880597014925,0.4850662474736133,0.1351351351351351,0.3846153846153846,0.081967213114754,5,8,65,56,0.4776119402985074,0.5671641791044776,0.5074626865671642,0.5447761194029851,0.4626865671641791,0.5223880597014925,0.5074626865671642,1.3056407988365375,5
HDFCLIFE,6,0.95,1143,127,67,2025-10-16,2026-02-26,0.5522388059701493,0.4738738738738738,0.25,0.5,0.1666666666666666,5,5,32,25,0.5522388059701493,0.5522388059701493,0.5223880597014925,0.5373134328358209,0.4925373134328358,0.4626865671641791,0.4328358208955223,4.347263590147179,5
HEROMOTOCO,1,0.7,857,95,136,2023-12-13,2024-09-16,0.5735294117647058,0.5059681697612732,0.715686274509804,0.5793650793650794,0.935897435897436,73,53,5,5,0.5735294117647058,0.5735294117647058,0.5220588235294118,0.5735294117647058,0.4485294117647059,0.5514705882352942,0.5588235294117647,0.5065025803008429,5
HEROMOTOCO,2,0.75,918,102,136,2024-05-03,2025-01-22,0.4705882352941176,0.5221354166666667,0.5955056179775281,0.4649122807017544,0.828125,53,61,11,11,0.4705882352941176,0.4852941176470588,0.4558823529411764,0.5073529411764706,0.4852941176470588,0.4558823529411764,0.5147058823529411,0.5227928171788819,5
HEROMOTOCO,3,0.8,980,108,136,2024-09-18,2025-05-23,0.4632352941176471,0.6714754098360656,0.6256410256410255,0.4552238805970149,1.0,61,73,2,0,0.4485294117647059,0.4485294117647059,0.4558823529411764,0.4779411764705882,0.6397058823529411,0.5955882352941176,0.4779411764705882,0.7446211712093593,5
HEROMOTOCO,4,0.85,1041,115,136,2025-01-23,2025-10-07,0.5367647058823529,0.5265911072362686,0.6480446927374302,0.5523809523809524,0.7837837837837838,58,47,15,16,0.5441176470588235,0.5441176470588235,0.5147058823529411,0.5367647058823529,0.5661764705882353,0.5367647058823529,0.5367647058823529,7.999993525534238,5
HEROMOTOCO,5,0.9,1102,122,137,2025-05-26,2026-02-26,0.5109489051094891,0.4475599315068493,0.6492146596858639,0.5254237288135594,0.8493150684931506,62,56,8,11,0.5109489051094891,0.5182481751824818,0.5182481751824818,0.5328467153284672,0.4452554744525547,0.4963503649635036,0.5474452554744526,0.7980666668590644,5
HEROMOTOCO,6,0.95,1163,129,69,2025-10-10,2026-02-26,0.4347826086956521,0.3888888888888889,0.3999999999999999,0.4482758620689655,0.3611111111111111,13,16,17,23,0.5652173913043478,0.5072463768115942,0.4347826086956521,0.5652173913043478,0.4492753623188406,0.4782608695652174,0.4057971014492754,0.5229036034903256,5
HINDALCO,1,0.7,904,100,144,2023-11-10,2024-08-14,0.5069444444444444,0.5620223398001176,0.4661654135338345,0.5961538461538461,0.382716049382716,31,21,42,50,0.5347222222222222,0.5416666666666666,0.5138888888888888,0.5,0.5347222222222222,0.5416666666666666,0.5416666666666666,0.2615592484296164,5
HINDALCO,2,0.75,969,107,143,2024-04-05,2025-01-03,0.4755244755244755,0.4753424657534247,0.6231155778894473,0.4806201550387597,0.8857142857142857,62,67,6,8,0.4895104895104895,0.4895104895104895,0.4895104895104895,0.5104895104895105,0.4965034965034965,0.4265734265734265,0.4825174825174825,0.4936084319978466,5
HINDALCO,3,0.8,1034,114,143,2024-08-16,2025-05-23,0.5664335664335665,0.5795142969056013,0.6990291262135921,0.5454545454545454,0.972972972972973,72,60,9,2,0.5174825174825175,0.5174825174825175,0.4965034965034965,0.5034965034965035,0.4475524475524475,0.5104895104895105,0.5034965034965035,0.6561061249682094,5
HINDALCO,4,0.85,1098,121,144,2025-01-06,2025-10-17,0.5555555555555556,0.5038850038850038,0.7037037037037037,0.5507246376811594,0.9743589743589745,76,62,4,2,0.5416666666666666,0.5208333333333334,0.5416666666666666,0.5416666666666666,0.5555555555555556,0.5208333333333334,0.5277777777777778,7.999993955714656,5
HINDALCO,5,0.9,1162,129,144,2025-05-29,2026-02-27,0.4861111111111111,0.4975504605134235,0.6185567010309277,0.5309734513274337,0.7407407407407407,60,53,10,21,0.5625,0.5625,0.5208333333333334,0.5416666666666666,0.5138888888888888,0.6111111111111112,0.5972222222222222,1.2927171058555236,5
HINDALCO,6,0.95,1227,136,72,2025-10-21,2026-02-27,0.5555555555555556,0.4938271604938272,0.6799999999999999,0.6181818181818182,0.7555555555555555,34,21,6,11,0.5972222222222222,0.625,0.5138888888888888,0.5277777777777778,0.5277777777777778,0.6388888888888888,0.5555555555555556,0.5329536052278484,5
HINDUNILVR,1,0.7,769,85,122,2023-11-07,2024-09-09,0.4754098360655737,0.5220588235294118,0.4074074074074075,0.55,0.3235294117647059,22,18,36,46,0.4754098360655737,0.5163934426229508,0.5081967213114754,0.4098360655737705,0.5163934426229508,0.5409836065573771,0.4836065573770491,0.2896067449369404,5
HINDUNILVR,2,0.75,824,91,122,2024-04-22,2025-01-29,0.5,0.5053879310344828,0.4958677685950413,0.4761904761904761,0.5172413793103449,30,33,31,28,0.5245901639344263,0.5163934426229508,0.4754098360655737,0.4344262295081967,0.4508196721311475,0.5409836065573771,0.4344262295081967,0.7495004064115391,5
HINDUNILVR,3,0.8,879,97,122,2024-09-11,2025-06-11,0.5,0.5368131868131868,0.5196850393700788,0.44,0.6346153846153846,33,42,28,19,0.5573770491803278,0.5327868852459017,0.5573770491803278,0.5327868852459017,0.5,0.4672131147540984,0.4098360655737705,1.5001355754557486,5
HINDUNILVR,4,0.85,934,103,122,2025-01-30,2025-10-15,0.5327868852459017,0.4946236559139785,0.5365853658536585,0.5238095238095238,0.55,33,30,32,27,0.5491803278688525,0.5491803278688525,0.5163934426229508,0.5163934426229508,0.5245901639344263,0.4836065573770491,0.5245901639344263,0.4483407188532993,5
HINDUNILVR,5,0.9,989,109,122,2025-06-12,2026-02-26,0.5081967213114754,0.4989247311827957,0.5833333333333334,0.5121951219512195,0.6774193548387096,42,40,20,20,0.5573770491803278,0.5081967213114754,0.4836065573770491,0.5737704918032787,0.5081967213114754,0.5409836065573771,0.5327868852459017,0.3040656553114972,5
HINDUNILVR,6,0.95,1044,115,61,2025-10-16,2026-02-26,0.5901639344262295,0.5967741935483871,0.6478873239436619,0.575,0.7419354838709677,23,17,13,8,0.4918032786885246,0.5901639344262295,0.4754098360655737,0.5573770491803278,0.5409836065573771,0.4918032786885246,0.4262295081967213,0.2105655422791434,5
ICICIBANK,1,0.7,797,88,127,2023-08-31,2024-06-28,0.5826771653543307,0.5646879756468798,0.7165775401069518,0.5877192982456141,0.9178082191780822,67,47,7,6,0.5748031496062992,0.5748031496062992,0.4960629921259842,0.5196850393700787,0.5984251968503937,0.5433070866141733,0.5826771653543307,0.4347759434255533,5
ICICIBANK,2,0.75,854,94,127,2024-01-30,2024-11-08,0.5196850393700787,0.4941919191919192,0.6666666666666666,0.5495495495495496,0.8472222222222222,61,50,5,11,0.4803149606299212,0.4645669291338583,0.4724409448818897,0.5748031496062992,0.5354330708661418,0.5590551181102362,0.5354330708661418,0.6202675202625776,5
ICICIBANK,3,0.8,911,101,126,2024-07-01,2025-04-16,0.5873015873015873,0.5191326530612245,0.7078651685393258,0.5833333333333334,0.9,63,45,11,7,0.5238095238095238,0.5396825396825397,0.5555555555555556,0.5476190476190477,0.5158730158730159,0.4682539682539682,0.4761904761904761,0.6095049536933602,5
ICICIBANK,4,0.85,968,107,126,2024-11-12,2025-10-07,0.5079365079365079,0.4611895161290322,0.6736842105263158,0.5079365079365079,1.0,64,62,0,0,0.5079365079365079,0.5079365079365079,0.5079365079365079,0.5079365079365079,0.5476190476190477,0.4603174603174603,0.5079365079365079,0.623892040172836,5
ICICIBANK,5,0.9,1025,113,127,2025-04-22,2026-02-26,0.4960629921259842,0.4595734126984127,0.6631578947368421,0.4960629921259842,1.0,63,64,0,0,0.4960629921259842,0.4960629921259842,0.5118110236220472,0.4960629921259842,0.5039370078740157,0.4960629921259842,0.4881889763779528,1.010797189026553,5
ICICIBANK,6,0.95,1081,120,64,2025-10-08,2026-02-26,0.546875,0.4660098522167487,0.7070707070707071,0.546875,1.0,35,29,0,0,0.546875,0.546875,0.546875,0.546875,0.46875,0.5625,0.5625,0.1000035356387145,5
ICICIGI,1,0.7,834,92,133,2023-11-30,2024-09-13,0.5714285714285714,0.554512139257902,0.6369426751592356,0.6024096385542169,0.6756756756756757,50,33,26,24,0.5488721804511278,0.5263157894736842,0.518796992481203,0.4962406015037593,0.5413533834586466,0.556390977443609,0.5112781954887218,0.4819960459546267,5
ICICIGI,2,0.75,894,99,132,2024-05-02,2025-01-15,0.4848484848484848,0.5205889118932597,0.442622950819672,0.5094339622641509,0.391304347826087,27,26,37,42,0.4696969696969697,0.4696969696969697,0.5606060606060606,0.5454545454545454,0.4621212121212121,0.6060606060606061,0.4772727272727273,1.194625025046958,5
ICICIGI,3,0.8,954,105,132,2024-09-17,2025-06-05,0.4621212121212121,0.4274436963083353,0.432,0.4090909090909091,0.4576271186440678,27,39,34,32,0.4318181818181818,0.4242424242424242,0.5303030303030303,0.4772727272727273,0.4393939393939394,0.5,0.4696969696969697,0.4038139306337571,5
ICICIGI,4,0.85,1013,112,132,2025-01-16,2025-10-09,0.4393939393939394,0.4605475040257649,0.5194805194805194,0.4395604395604395,0.6349206349206349,40,51,18,23,0.4772727272727273,0.4772727272727273,0.5227272727272727,0.5606060606060606,0.4621212121212121,0.5075757575757576,0.4924242424242424,0.3578066369487812,5
ICICIGI,5,0.9,1072,119,133,2025-06-06,2026-02-26,0.4887218045112781,0.5503401360544218,0.6136363636363636,0.4778761061946903,0.8571428571428571,54,59,11,9,0.4736842105263157,0.4736842105263157,0.4962406015037593,0.4812030075187969,0.4736842105263157,0.5112781954887218,0.4661654135338345,0.7098167926782316,5
ICICIGI,6,0.95,1132,125,67,2025-10-10,2026-02-26,0.4776119402985074,0.5636200716845878,0.5679012345679013,0.46,0.7419354838709677,23,27,9,8,0.582089552238806,0.5223880597014925,0.4626865671641791,0.4925373134328358,0.582089552238806,0.4925373134328358,0.5074626865671642,2.181288755194839,5
IDFCFIRSTB,1,0.7,900,100,144,2023-11-02,2024-08-29,0.4722222222222222,0.4606177606177606,0.3666666666666667,0.44,0.3142857142857143,22,28,46,48,0.5,0.5277777777777778,0.5486111111111112,0.5069444444444444,0.4444444444444444,0.5416666666666666,0.5277777777777778,0.2163214234851143,5
IDFCFIRSTB,2,0.75,965,107,143,2024-03-27,2025-01-08,0.4895104895104895,0.4854673998428908,0.4671532846715328,0.4571428571428571,0.4776119402985074,32,38,38,35,0.5384615384615384,0.4685314685314685,0.4685314685314685,0.4475524475524475,0.4755244755244755,0.4825174825174825,0.4685314685314685,1.3603674916629036,5
IDFCFIRSTB,3,0.8,1030,114,143,2024-08-30,2025-05-16,0.5174825174825175,0.5287558685446009,0.4297520661157025,0.5306122448979592,0.3611111111111111,26,23,48,46,0.5804195804195804,0.6013986013986014,0.4965034965034965,0.5244755244755245,0.5244755244755245,0.5384615384615384,0.4895104895104895,0.9008588239609924,5
IDFCFIRSTB,4,0.85,1094,121,143,2025-01-09,2025-10-08,0.4475524475524475,0.4381120250685468,0.4148148148148148,0.4242424242424242,0.4057971014492754,28,38,36,41,0.5664335664335665,0.5034965034965035,0.4265734265734265,0.4545454545454545,0.4895104895104895,0.4545454545454545,0.4825174825174825,0.3181256113028352,5
IDFCFIRSTB,5,0.9,1159,128,143,2025-05-19,2026-02-26,0.5524475524475524,0.5591715976331361,0.5733333333333334,0.5058823529411764,0.6615384615384615,43,42,36,22,0.4755244755244755,0.5454545454545454,0.5104895104895105,0.4965034965034965,0.5034965034965035,0.4685314685314685,0.4755244755244755,0.5265074726995481,5
IDFCFIRSTB,6,0.95,1223,135,72,2025-10-09,2026-02-26,0.5416666666666666,0.5773115773115772,0.5714285714285715,0.5,0.6666666666666666,22,22,17,11,0.5416666666666666,0.5,0.5416666666666666,0.5138888888888888,0.4861111111111111,0.5277777777777778,0.4444444444444444,1.1116209990685424,5
INDUSINDBK,1,0.7,901,100,143,2023-10-23,2024-08-13,0.5104895104895105,0.5238654147104851,0.6153846153846152,0.5045045045045045,0.7887323943661971,56,55,17,15,0.4965034965034965,0.4965034965034965,0.4965034965034965,0.5244755244755245,0.4825174825174825,0.4895104895104895,0.5174825174825175,0.2784252162236268,5
INDUSINDBK,2,0.75,966,107,143,2024-03-07,2025-01-06,0.4685314685314685,0.4708086785009862,0.6161616161616161,0.4586466165413533,0.9384615384615383,61,72,6,4,0.4685314685314685,0.4545454545454545,0.4545454545454545,0.4755244755244755,0.4965034965034965,0.4895104895104895,0.5384615384615384,0.5597727847553676,5
INDUSINDBK,3,0.8,1030,114,143,2024-08-14,2025-05-21,0.4475524475524475,0.4213725490196078,0.5586592178770949,0.4807692307692308,0.6666666666666666,50,54,14,25,0.5244755244755245,0.5244755244755245,0.5174825174825175,0.4685314685314685,0.4545454545454545,0.4895104895104895,0.4965034965034965,2.189128100561863,5
INDUSINDBK,4,0.85,1095,121,143,2025-01-09,2025-09-29,0.5104895104895105,0.5183953033268102,0.6728971962616823,0.5106382978723404,0.9863013698630136,72,69,1,1,0.5104895104895105,0.5104895104895105,0.4895104895104895,0.5524475524475524,0.4475524475524475,0.5944055944055944,0.5244755244755245,7.999993373731435,5
INDUSINDBK,5,0.9,1159,128,144,2025-05-22,2026-02-26,0.5416666666666666,0.570711942890218,0.616279069767442,0.5353535353535354,0.726027397260274,53,46,25,20,0.4791666666666667,0.5069444444444444,0.4583333333333333,0.4791666666666667,0.5833333333333334,0.5069444444444444,0.4583333333333333,1.018101286450599,5
INDUSINDBK,6,0.95,1224,135,72,2025-09-30,2026-02-26,0.5138888888888888,0.46875,0.3137254901960785,0.7272727272727273,0.2,8,3,29,32,0.4861111111111111,0.4861111111111111,0.4583333333333333,0.4861111111111111,0.5277777777777778,0.4444444444444444,0.4722222222222222,7.99999404940133,5
INDUSTOWER,1,0.7,881,97,140,2023-12-08,2024-08-28,0.5357142857142857,0.560077519379845,0.48,0.7692307692307693,0.3488372093023256,30,9,45,56,0.4714285714285714,0.4928571428571429,0.4428571428571428,0.4642857142857143,0.5285714285714286,0.5428571428571428,0.5357142857142857,0.3824306132540516,5
INDUSTOWER,2,0.75,944,104,140,2024-04-19,2025-01-07,0.5642857142857143,0.5481085526315789,0.5793103448275861,0.6086956521739131,0.5526315789473685,42,27,37,34,0.5428571428571428,0.5571428571428572,0.5357142857142857,0.5357142857142857,0.55,0.4642857142857143,0.5071428571428571,0.3211266828760627,5
INDUSTOWER,3,0.8,1007,111,140,2024-08-29,2025-05-29,0.6,0.591932841932842,0.6853932584269664,0.5865384615384616,0.8243243243243243,61,43,23,13,0.5285714285714286,0.4857142857142857,0.5,0.5428571428571428,0.4785714285714286,0.5285714285714286,0.5357142857142857,0.2589086213698187,5
INDUSTOWER,4,0.85,1070,118,140,2025-01-09,2025-10-20,0.4928571428571429,0.5287262318544265,0.6033519553072625,0.5094339622641509,0.7397260273972602,54,52,15,19,0.5071428571428571,0.4571428571428571,0.5071428571428571,0.45,0.5071428571428571,0.4285714285714285,0.5428571428571428,0.7775621613348345,5
INDUSTOWER,5,0.9,1133,125,140,2025-05-30,2026-02-27,0.4928571428571429,0.4975490196078431,0.523489932885906,0.5064935064935064,0.5416666666666666,39,38,30,33,0.5142857142857142,0.5142857142857142,0.4857142857142857,0.4928571428571429,0.5428571428571428,0.4785714285714286,0.4785714285714286,1.5154430290825285,5
INDUSTOWER,6,0.95,1196,132,70,2025-10-21,2026-02-27,0.6142857142857143,0.5889164598842018,0.6493506493506495,0.6578947368421053,0.6410256410256411,25,13,18,14,0.5571428571428572,0.5571428571428572,0.4142857142857143,0.5571428571428572,0.5571428571428572,0.5571428571428572,0.5571428571428572,2.284460360860141,5
INFY,1,0.7,820,91,130,2023-11-03,2024-08-08,0.4615384615384615,0.4435502958579881,0.5454545454545455,0.4719101123595505,0.6461538461538462,42,47,18,23,0.5,0.5,0.4615384615384615,0.4538461538461538,0.4769230769230769,0.4615384615384615,0.5230769230769231,0.5500618740834436,5
INFY,2,0.75,879,97,130,2024-03-21,2025-01-09,0.4923076923076923,0.4451628352490421,0.6562500000000001,0.525,0.875,63,57,1,9,0.5615384615384615,0.5384615384615384,0.5076923076923077,0.5923076923076923,0.5153846153846153,0.5307692307692308,0.4923076923076923,1.2402706007879172,5
INFY,3,0.8,937,104,130,2024-08-09,2025-05-21,0.5076923076923077,0.529104300308862,0.6363636363636362,0.5233644859813084,0.8115942028985508,56,51,10,13,0.5384615384615384,0.5307692307692308,0.5230769230769231,0.4769230769230769,0.4615384615384615,0.4923076923076923,0.5538461538461539,7.999996392377562,5
INFY,4,0.85,996,110,130,2025-01-13,2025-10-14,0.4769230769230769,0.4564285714285714,0.6263736263736264,0.4672131147540984,0.95,57,65,5,3,0.4692307692307692,0.4615384615384615,0.4461538461538462,0.4846153846153846,0.4461538461538462,0.4230769230769231,0.5076923076923077,0.2478181628254905,5
INFY,5,0.9,1054,117,131,2025-05-22,2026-02-26,0.4427480916030534,0.5004694835680751,0.6054054054054054,0.448,0.9333333333333332,56,69,2,4,0.4580152671755725,0.4580152671755725,0.4732824427480916,0.4427480916030534,0.4198473282442748,0.5038167938931297,0.4885496183206106,0.7341436469322333,5
INFY,6,0.95,1113,123,66,2025-10-16,2026-02-26,0.4848484848484848,0.5680147058823528,0.653061224489796,0.4848484848484848,1.0,32,34,0,0,0.4848484848484848,0.4848484848484848,0.5454545454545454,0.5151515151515151,0.6060606060606061,0.5606060606060606,0.5,1.8991153512852457,5
IRFC,1,0.7,479,53,76,2024-11-26,2025-04-15,0.5394736842105263,0.5280665280665281,0.3137254901960784,0.5714285714285714,0.2162162162162162,8,6,33,29,0.5657894736842105,0.4868421052631579,0.4473684210526316,0.4868421052631579,0.5526315789473685,0.5394736842105263,0.5526315789473685,0.3243048055172384,5
IRFC,2,0.75,513,57,76,2025-01-31,2025-07-02,0.5526315789473685,0.4689895470383275,0.0555555555555555,1.0,0.0285714285714285,1,0,41,34,0.5394736842105263,0.5394736842105263,0.5394736842105263,0.5263157894736842,0.5131578947368421,0.5526315789473685,0.5394736842105263,7.999996063474058,5
IRFC,3,0.8,548,60,76,2025-04-17,2025-09-15,0.5394736842105263,0.5434173669467788,0.2222222222222222,0.4545454545454545,0.1470588235294117,5,6,36,29,0.5526315789473685,0.6052631578947368,0.5789473684210527,0.5263157894736842,0.5131578947368421,0.4473684210526316,0.5657894736842105,0.1000035356387145,5
IRFC,4,0.85,582,64,76,2025-07-04,2025-12-09,0.5921052631578947,0.5982142857142857,0.3404255319148936,0.4210526315789473,0.2857142857142857,8,11,37,20,0.631578947368421,0.6052631578947368,0.3289473684210526,0.5526315789473685,0.5263157894736842,0.5526315789473685,0.5526315789473685,0.1000035356387145,5
IRFC,5,0.9,616,68,77,2025-09-19,2026-02-27,0.4935064935064935,0.4298611111111111,0.1702127659574468,0.2666666666666666,0.125,4,11,34,28,0.5454545454545454,0.5324675324675324,0.5844155844155844,0.4935064935064935,0.5324675324675324,0.5324675324675324,0.5844155844155844,0.5462249460302137,5
IRFC,6,0.95,650,72,39,2025-12-10,2026-02-27,0.5128205128205128,0.4631578947368421,0.0952380952380952,1.0,0.05,1,0,19,19,0.5128205128205128,0.4615384615384615,0.4871794871794871,0.4871794871794871,0.4871794871794871,0.4358974358974359,0.5384615384615384,0.4129890977291963,5
ITC,1,0.7,793,88,126,2023-10-10,2024-07-12,0.5238095238095238,0.5001259763164524,0.589041095890411,0.5180722891566265,0.6825396825396826,43,40,23,20,0.5555555555555556,0.4523809523809524,0.5,0.5555555555555556,0.5,0.4841269841269841,0.5079365079365079,0.395843749692538,5
ITC,2,0.75,850,94,126,2024-02-22,2024-12-03,0.5238095238095238,0.4533265874019732,0.5652173913043479,0.4936708860759494,0.6610169491525424,39,40,27,20,0.4761904761904761,0.4682539682539682,0.5238095238095238,0.4285714285714285,0.5396825396825397,0.4841269841269841,0.5,1.187285547513686,5
ITC,3,0.8,907,100,126,2024-07-15,2025-05-06,0.4761904761904761,0.5068493150684932,0.5599999999999999,0.4329896907216495,0.7924528301886793,42,55,18,11,0.4761904761904761,0.4206349206349206,0.5,0.5,0.4206349206349206,0.4206349206349206,0.4444444444444444,0.1000035356387145,5
ITC,4,0.85,963,107,126,2024-12-05,2025-10-09,0.5396825396825397,0.5775360485707058,0.5735294117647058,0.5064935064935064,0.6610169491525424,39,38,29,20,0.4682539682539682,0.4682539682539682,0.5714285714285714,0.5317460317460317,0.5158730158730159,0.492063492063492,0.5,7.99999331705511,5
ITC,5,0.9,1020,113,126,2025-05-08,2026-02-26,0.5396825396825397,0.5452020202020202,0.5,0.5178571428571429,0.4833333333333333,29,27,39,31,0.4603174603174603,0.4603174603174603,0.5317460317460317,0.5476190476190477,0.5238095238095238,0.5634920634920635,0.4761904761904761,0.2570870919788194,5
ITC,6,0.95,1077,119,63,2025-10-10,2026-02-26,0.5396825396825397,0.5257201646090535,0.1714285714285714,0.375,0.1111111111111111,3,5,31,24,0.4603174603174603,0.5238095238095238,0.5079365079365079,0.4761904761904761,0.5079365079365079,0.5555555555555556,0.5714285714285714,0.5144576661582575,5
JSWSTEEL,1,0.7,876,97,139,2023-10-31,2024-07-31,0.4964028776978417,0.5602910602910602,0.6022727272727274,0.5196078431372549,0.7162162162162162,53,49,16,21,0.5539568345323741,0.5251798561151079,0.5755395683453237,0.4820143884892086,0.5323741007194245,0.460431654676259,0.5323741007194245,0.3068290896306421,5
JSWSTEEL,2,0.75,939,104,139,2024-03-20,2024-12-06,0.5107913669064749,0.5597326649958229,0.6344086021505375,0.5363636363636364,0.7763157894736842,59,51,12,17,0.5611510791366906,0.5251798561151079,0.5971223021582733,0.5683453237410072,0.5683453237410072,0.5323741007194245,0.4748201438848921,0.2611554897276924,5
JSWSTEEL,3,0.8,1001,111,139,2024-08-01,2025-04-30,0.5251798561151079,0.5391466445733222,0.6071428571428571,0.5257731958762887,0.7183098591549296,51,46,22,20,0.5179856115107914,0.5107913669064749,0.5179856115107914,0.5179856115107914,0.5107913669064749,0.5539568345323741,0.539568345323741,0.3872781937585116,5
JSWSTEEL,4,0.85,1064,118,139,2024-12-10,2025-10-08,0.5323741007194245,0.5078870900788708,0.5962732919254659,0.5052631578947369,0.7272727272727273,48,47,26,18,0.4748201438848921,0.4820143884892086,0.460431654676259,0.4244604316546763,0.4748201438848921,0.5323741007194245,0.4676258992805755,0.5668997994750434,5
JSWSTEEL,5,0.9,1126,125,140,2025-05-02,2026-02-27,0.5285714285714286,0.5096958562972035,0.641304347826087,0.5221238938053098,0.8309859154929577,59,54,15,12,0.5071428571428571,0.5071428571428571,0.4785714285714286,0.45,0.5,0.4571428571428571,0.5142857142857142,7.999993449419192,5
JSWSTEEL,6,0.95,1189,132,70,2025-10-09,2026-02-27,0.5285714285714286,0.537828947368421,0.6292134831460675,0.5490196078431373,0.7368421052631579,28,23,9,10,0.5428571428571428,0.5,0.5,0.5142857142857142,0.4571428571428571,0.5857142857142857,0.4714285714285714,5.649637699636567,5
KOTAKBANK,1,0.7,819,90,130,2023-09-12,2024-07-19,0.5307692307692308,0.5523877405559516,0.6592178770949721,0.5363636363636364,0.855072463768116,59,51,10,10,0.4846153846153846,0.5384615384615384,0.5615384615384615,0.5461538461538461,0.5307692307692308,0.5307692307692308,0.5307692307692308,0.298903839799343,5
KOTAKBANK,2,0.75,877,97,130,2024-02-27,2024-12-18,0.5384615384615384,0.5557142857142857,0.605263157894737,0.5609756097560976,0.6571428571428571,46,36,24,24,0.5153846153846153,0.4692307692307692,0.5,0.5230769230769231,0.5615384615384615,0.5846153846153846,0.5538461538461539,0.5511587588177184,5
KOTAKBANK,3,0.8,936,103,130,2024-07-22,2025-05-05,0.5230769230769231,0.5722064393939394,0.4918032786885246,0.5357142857142857,0.4545454545454545,30,26,38,36,0.5230769230769231,0.4923076923076923,0.5615384615384615,0.5153846153846153,0.5692307692307692,0.5153846153846153,0.4923076923076923,0.4005140334754118,5
KOTAKBANK,4,0.85,994,110,130,2024-12-19,2025-09-22,0.5692307692307692,0.5870646766169154,0.5882352941176471,0.547945205479452,0.6349206349206349,40,33,34,23,0.5692307692307692,0.5230769230769231,0.5923076923076923,0.5153846153846153,0.5538461538461539,0.5,0.4538461538461538,0.3565695724018456,5
KOTAKBANK,5,0.9,1053,116,130,2025-05-06,2026-02-26,0.5384615384615384,0.5921934865900383,0.5774647887323943,0.4880952380952381,0.7068965517241379,41,43,29,17,0.5615384615384615,0.5615384615384615,0.5461538461538461,0.5,0.4846153846153846,0.5230769230769231,0.5230769230769231,0.1000035356387145,5
KOTAKBANK,6,0.95,1111,123,65,2025-09-23,2026-02-26,0.5846153846153846,0.6013513513513513,0.5714285714285714,0.5142857142857142,0.6428571428571429,18,17,20,10,0.5230769230769231,0.4923076923076923,0.4923076923076923,0.4615384615384615,0.5230769230769231,0.5076923076923077,0.5230769230769231,0.5419641241146947,5
LT,1,0.7,831,92,132,2023-11-03,2024-07-23,0.5757575757575758,0.5295906432748538,0.6923076923076923,0.5887850467289719,0.84,63,44,13,12,0.5303030303030303,0.5454545454545454,0.5606060606060606,0.4772727272727273,0.4696969696969697,0.5151515151515151,0.5378787878787878,0.2207188066402624,5
LT,2,0.75,891,98,132,2024-03-15,2024-12-04,0.553030303030303,0.5291666666666667,0.6974358974358974,0.5528455284552846,0.9444444444444444,68,55,5,4,0.5454545454545454,0.5378787878787878,0.5909090909090909,0.5606060606060606,0.5454545454545454,0.5075757575757576,0.4924242424242424,0.4011691058828291,5
LT,3,0.8,950,105,132,2024-07-24,2025-04-09,0.5227272727272727,0.5661510043869776,0.6519337016574585,0.4916666666666666,0.9672131147540984,59,61,10,2,0.4621212121212121,0.4621212121212121,0.4848484848484848,0.5151515151515151,0.5151515151515151,0.4696969696969697,0.553030303030303,0.2219148987637944,5
LT,4,0.85,1009,112,132,2024-12-05,2025-09-15,0.4924242424242424,0.5270301357257878,0.6492146596858638,0.484375,0.984126984126984,62,66,3,1,0.4772727272727273,0.4772727272727273,0.4924242424242424,0.4621212121212121,0.5151515151515151,0.4772727272727273,0.4848484848484848,0.8298222806233846,5
LT,5,0.9,1069,118,132,2025-04-11,2026-02-27,0.5454545454545454,0.5123966942148761,0.702970297029703,0.568,0.922077922077922,71,54,1,6,0.5833333333333334,0.5909090909090909,0.5833333333333334,0.5833333333333334,0.5833333333333334,0.5,0.5606060606060606,7.999993544047198,5
LT,6,0.95,1128,125,66,2025-09-16,2026-02-27,0.6212121212121212,0.591219512195122,0.7474747474747474,0.6379310344827587,0.902439024390244,37,21,4,4,0.6212121212121212,0.6666666666666666,0.4696969696969697,0.5454545454545454,0.6060606060606061,0.6060606060606061,0.5909090909090909,7.999994784076659,5
LTIM,1,0.7,865,96,137,2023-10-27,2024-08-06,0.4598540145985401,0.5147121535181236,0.5697674418604651,0.4666666666666667,0.7313432835820896,49,56,14,18,0.5109489051094891,0.5109489051094891,0.4598540145985401,0.5182481751824818,0.4598540145985401,0.437956204379562,0.583941605839416,7.9999939852837745,5
LTIM,2,0.75,927,102,138,2024-03-05,2024-12-27,0.4927536231884058,0.4817702845100105,0.6195652173913043,0.5135135135135135,0.7808219178082192,57,54,11,16,0.5289855072463768,0.463768115942029,0.5,0.5072463768115942,0.5217391304347826,0.5289855072463768,0.4710144927536231,0.1000035356387145,5
LTIM,3,0.8,989,109,137,2024-08-07,2025-05-06,0.5985401459854015,0.597867803837953,0.6625766871165644,0.5806451612903226,0.7714285714285715,54,39,28,16,0.5109489051094891,0.5328467153284672,0.5547445255474452,0.5620437956204379,0.5693430656934306,0.5109489051094891,0.5547445255474452,7.999993873420989,5
LTIM,4,0.85,1051,116,137,2024-12-30,2025-10-09,0.6131386861313869,0.6008133561643835,0.6900584795321637,0.6020408163265306,0.8082191780821918,59,39,25,14,0.4744525547445255,0.5036496350364964,0.4598540145985401,0.5766423357664233,0.5693430656934306,0.5401459854014599,0.4890510948905109,0.4914641098978865,5
LTIM,5,0.9,1112,123,138,2025-05-07,2026-02-26,0.572463768115942,0.5297008547008547,0.6703910614525139,0.594059405940594,0.7692307692307693,60,41,19,18,0.5942028985507246,0.5289855072463768,0.5217391304347826,0.4710144927536231,0.5507246376811594,0.4782608695652174,0.5362318840579711,0.409085441452636,5
LTIM,6,0.95,1174,130,69,2025-10-10,2026-02-26,0.5362318840579711,0.5596638655462185,0.6521739130434783,0.5263157894736842,0.8571428571428571,30,27,7,5,0.5507246376811594,0.5362318840579711,0.4927536231884058,0.463768115942029,0.4492753623188406,0.4927536231884058,0.463768115942029,0.58548312027362,5
LUPIN,1,0.7,844,93,134,2023-12-01,2024-08-22,0.4477611940298507,0.4539473684210526,0.4307692307692308,0.5185185185185185,0.3684210526315789,28,26,32,48,0.5671641791044776,0.582089552238806,0.5373134328358209,0.5298507462686567,0.4850746268656716,0.5298507462686567,0.4925373134328358,0.4299686727325107,5
LUPIN,2,0.75,904,100,134,2024-04-12,2024-12-30,0.4925373134328358,0.4556451612903226,0.46875,0.5357142857142857,0.4166666666666667,30,26,36,42,0.5447761194029851,0.5373134328358209,0.5298507462686567,0.5223880597014925,0.5373134328358209,0.5373134328358209,0.4701492537313433,0.4205427048480716,5
LUPIN,3,0.8,964,107,134,2024-08-23,2025-05-06,0.5074626865671642,0.4798216276477146,0.5657894736842106,0.5180722891566265,0.6231884057971014,43,40,25,26,0.5149253731343284,0.5149253731343284,0.5149253731343284,0.5447761194029851,0.5149253731343284,0.5074626865671642,0.5746268656716418,0.6897779887642713,5
LUPIN,4,0.85,1025,113,134,2025-01-01,2025-09-24,0.5298507462686567,0.4860770773000669,0.663101604278075,0.5166666666666667,0.9253731343283582,62,58,9,5,0.5,0.5,0.5149253731343284,0.4626865671641791,0.4925373134328358,0.5223880597014925,0.5373134328358209,0.8448567814855777,5
LUPIN,5,0.9,1085,120,134,2025-05-07,2026-02-26,0.5298507462686567,0.5021238542365303,0.6926829268292682,0.5298507462686567,1.0,71,63,0,0,0.5298507462686567,0.5298507462686567,0.5223880597014925,0.5298507462686567,0.5298507462686567,0.5298507462686567,0.5223880597014925,1.4215403917370262,5
LUPIN,6,0.95,1145,127,67,2025-09-25,2026-02-26,0.5522388059701493,0.5144144144144145,0.6938775510204082,0.5573770491803278,0.918918918918919,34,27,3,3,0.5522388059701493,0.5522388059701493,0.582089552238806,0.4328358208955223,0.5671641791044776,0.5522388059701493,0.5373134328358209,1.5992421414965894,5
M&M,1,0.7,855,94,136,2023-12-07,2024-08-29,0.5367647058823529,0.5137046861184792,0.676923076923077,0.5641025641025641,0.8461538461538461,66,51,7,12,0.5735294117647058,0.5735294117647058,0.5441176470588235,0.5220588235294118,0.4779411764705882,0.4852941176470588,0.4411764705882353,0.1694529372103951,5
M&M,2,0.75,916,101,136,2024-04-25,2025-01-07,0.6102941176470589,0.5324760244115083,0.7225130890052356,0.5897435897435898,0.9324324324324323,69,48,14,5,0.5441176470588235,0.5441176470588235,0.5147058823529411,0.5735294117647058,0.5147058823529411,0.5220588235294118,0.5735294117647058,0.2811097290167069,5
M&M,3,0.8,977,108,136,2024-08-30,2025-05-09,0.5294117647058824,0.5722943722943723,0.6483516483516484,0.5267857142857143,0.8428571428571429,59,53,13,11,0.5147058823529411,0.5147058823529411,0.5147058823529411,0.5808823529411765,0.5661764705882353,0.5220588235294118,0.5,0.4212519123672084,5
M&M,4,0.85,1038,115,136,2025-01-08,2025-09-30,0.5441176470588235,0.5540628385698808,0.6593406593406594,0.5405405405405406,0.8450704225352113,60,51,14,11,0.5220588235294118,0.5220588235294118,0.4926470588235294,0.5220588235294118,0.5661764705882353,0.5514705882352942,0.5441176470588235,0.7627707216789934,5
M&M,5,0.9,1099,122,136,2025-05-12,2026-02-26,0.5367647058823529,0.6366601435094587,0.6926829268292681,0.5378787878787878,0.9726027397260274,71,61,2,2,0.5367647058823529,0.5367647058823529,0.5367647058823529,0.5514705882352942,0.5808823529411765,0.5588235294117647,0.6176470588235294,0.1000035356387145,5
M&M,6,0.95,1161,128,68,2025-10-06,2026-02-26,0.6029411764705882,0.5989583333333333,0.7032967032967034,0.5818181818181818,0.8888888888888888,32,23,9,4,0.5294117647058824,0.5294117647058824,0.5441176470588235,0.5294117647058824,0.6470588235294118,0.5441176470588235,0.5882352941176471,0.5607543133330147,5
MANAPPURAM,1,0.7,912,101,145,2023-11-21,2024-08-20,0.5448275862068965,0.5563271604938271,0.484375,0.6595744680851063,0.382716049382716,31,16,48,50,0.5241379310344828,0.5379310344827586,0.4689655172413793,0.4689655172413793,0.4551724137931034,0.4482758620689655,0.5103448275862069,0.231686322007252,5
MANAPPURAM,2,0.75,978,108,144,2024-04-04,2024-12-19,0.4444444444444444,0.4483024691358025,0.4520547945205479,0.4459459459459459,0.4583333333333333,33,41,31,39,0.4930555555555556,0.4930555555555556,0.4722222222222222,0.4444444444444444,0.4861111111111111,0.5069444444444444,0.5,0.2577040886839866,5
MANAPPURAM,3,0.8,1043,115,145,2024-08-21,2025-05-21,0.5655172413793104,0.5683288922725542,0.5882352941176471,0.569620253164557,0.6081081081081081,45,34,37,29,0.4758620689655172,0.5103448275862069,0.5793103448275863,0.4827586206896552,0.496551724137931,0.5448275862068965,0.5448275862068965,0.5127522970459752,5
MANAPPURAM,4,0.85,1107,123,145,2024-12-20,2025-10-10,0.5724137931034483,0.5573076923076923,0.6516853932584269,0.5918367346938775,0.725,58,40,25,22,0.5517241379310345,0.5517241379310345,0.5172413793103449,0.5724137931034483,0.5517241379310345,0.496551724137931,0.5241379310344828,7.99999382005393,5
MANAPPURAM,5,0.9,1173,130,145,2025-05-22,2026-02-27,0.4827586206896552,0.5194137799771603,0.6411483253588517,0.4962962962962963,0.9054054054054054,67,68,3,7,0.5103448275862069,0.5103448275862069,0.4827586206896552,0.4551724137931034,0.4482758620689655,0.5448275862068965,0.4896551724137931,1.7840229177487097,5
MANAPPURAM,6,0.95,1238,137,73,2025-10-13,2026-02-27,0.5205479452054794,0.512781954887218,0.3636363636363636,0.5,0.2857142857142857,10,10,28,25,0.4794520547945205,0.4794520547945205,0.5342465753424658,0.4794520547945205,0.5342465753424658,0.547945205479452,0.5068493150684932,0.3508365069825453,5
MARICO,1,0.7,792,87,126,2023-12-18,2024-09-05,0.5396825396825397,0.5408215010141988,0.5606060606060606,0.578125,0.5441176470588235,37,27,31,31,0.5634920634920635,0.5714285714285714,0.5,0.5238095238095238,0.5396825396825397,0.492063492063492,0.4841269841269841,0.3326735633961543,5
MARICO,2,0.75,848,94,126,2024-05-06,2025-01-03,0.5,0.5495518565941101,0.3999999999999999,0.6176470588235294,0.2957746478873239,21,13,42,50,0.5714285714285714,0.5079365079365079,0.5317460317460317,0.5793650793650794,0.4761904761904761,0.4126984126984127,0.5238095238095238,0.3539321782616314,5
MARICO,3,0.8,905,100,126,2024-09-06,2025-05-15,0.4285714285714285,0.4140625,0.3898305084745763,0.4107142857142857,0.3709677419354839,23,33,31,39,0.492063492063492,0.3809523809523809,0.4682539682539682,0.5555555555555556,0.3968253968253968,0.5079365079365079,0.5079365079365079,0.2766815722377667,5
MARICO,4,0.85,962,106,126,2025-01-06,2025-10-01,0.4126984126984127,0.4058080808080808,0.5066666666666666,0.4222222222222222,0.6333333333333333,38,52,14,22,0.4365079365079365,0.5238095238095238,0.4761904761904761,0.4444444444444444,0.4047619047619047,0.5634920634920635,0.492063492063492,0.4104293711617177,5
MARICO,5,0.9,1018,113,126,2025-05-16,2026-02-26,0.4841269841269841,0.4599294354838709,0.6153846153846154,0.4859813084112149,0.8387096774193549,52,55,9,10,0.4841269841269841,0.492063492063492,0.4365079365079365,0.5,0.4761904761904761,0.5158730158730159,0.5317460317460317,1.6510199905523155,5
MARICO,6,0.95,1075,119,63,2025-10-03,2026-02-26,0.5079365079365079,0.4758064516129032,0.3111111111111111,0.5384615384615384,0.21875,7,6,25,25,0.5079365079365079,0.4603174603174603,0.492063492063492,0.5714285714285714,0.4761904761904761,0.492063492063492,0.4761904761904761,0.4385246693269417,5
MARUTI,1,0.7,807,89,128,2023-12-04,2024-08-23,0.5390625,0.5413000977517106,0.4158415841584157,0.6,0.3181818181818182,21,14,48,45,0.515625,0.4921875,0.515625,0.4921875,0.4921875,0.453125,0.4921875,0.1579377171527138,5
MARUTI,2,0.75,864,96,128,2024-04-15,2024-12-31,0.4921875,0.4678921568627451,0.48,0.4615384615384615,0.5,30,35,33,30,0.4609375,0.46875,0.4609375,0.46875,0.53125,0.5,0.4453125,3.8890250525284578,5
MARUTI,3,0.8,922,102,128,2024-08-26,2025-05-28,0.4921875,0.5407389283092733,0.5454545454545455,0.4756097560975609,0.639344262295082,39,43,24,22,0.5,0.5859375,0.5,0.5078125,0.4921875,0.546875,0.5078125,0.3615787787515813,5
MARUTI,4,0.85,980,108,128,2025-01-01,2025-10-16,0.5625,0.5317559153175592,0.6585365853658537,0.5934065934065934,0.7397260273972602,54,37,18,19,0.578125,0.5703125,0.5703125,0.53125,0.5,0.5546875,0.5625,7.999993718472347,5
MARUTI,5,0.9,1037,115,129,2025-05-29,2026-02-26,0.5426356589147286,0.5041162227602906,0.6193548387096774,0.5647058823529412,0.6857142857142857,48,37,22,22,0.5426356589147286,0.5426356589147286,0.4728682170542636,0.5348837209302325,0.4573643410852713,0.4728682170542636,0.4883720930232558,7.999993287920901,5
MARUTI,6,0.95,1095,121,65,2025-10-23,2026-02-26,0.5230769230769231,0.4599999999999999,0.4363636363636364,0.48,0.4,12,13,22,18,0.5076923076923077,0.5230769230769231,0.4769230769230769,0.5384615384615384,0.4153846153846154,0.4923076923076923,0.5230769230769231,0.5826318381703444,5
MOTHERSON,1,0.7,921,102,146,2023-12-07,2024-09-11,0.4246575342465753,0.4526315789473684,0.3225806451612903,0.6896551724137931,0.2105263157894736,20,9,42,75,0.6506849315068494,0.547945205479452,0.3972602739726027,0.5068493150684932,0.5136986301369864,0.3904109589041096,0.4931506849315068,7.999994150713047,5
MOTHERSON,2,0.75,987,109,146,2024-04-30,2025-01-16,0.547945205479452,0.5407239819004525,0.6562500000000001,0.5526315789473685,0.8076923076923077,63,51,17,15,0.5205479452054794,0.5273972602739726,0.5,0.4931506849315068,0.4041095890410959,0.5136986301369864,0.5616438356164384,0.4923145678499832,5
MOTHERSON,3,0.8,1053,116,146,2024-09-12,2025-05-26,0.5136986301369864,0.5209276018099548,0.6395939086294417,0.4883720930232558,0.9264705882352942,63,66,12,5,0.4657534246575342,0.4657534246575342,0.4041095890410959,0.5342465753424658,0.5342465753424658,0.5068493150684932,0.5616438356164384,0.5149259569569008,5
MOTHERSON,4,0.85,1118,124,146,2025-01-17,2025-10-07,0.5,0.4588102833552261,0.6294416243654822,0.5,0.8493150684931506,62,62,11,11,0.5,0.5,0.5616438356164384,0.5,0.5205479452054794,0.5136986301369864,0.5205479452054794,0.787625015105529,5
MOTHERSON,5,0.9,1184,131,147,2025-05-28,2026-02-26,0.5102040816326531,0.5248608534322821,0.6400000000000001,0.5203252032520326,0.8311688311688312,64,59,11,13,0.5034013605442177,0.5238095238095238,0.5238095238095238,0.5170068027210885,0.54421768707483,0.5034013605442177,0.5034013605442177,7.999994833489058,5
MOTHERSON,6,0.95,1250,138,74,2025-10-08,2026-02-26,0.4864864864864865,0.5257352941176471,0.5777777777777778,0.52,0.65,26,24,10,14,0.5405405405405406,0.5,0.4324324324324324,0.4324324324324324,0.527027027027027,0.5,0.581081081081081,0.901057939097864,5
MPHASIS,1,0.7,889,98,141,2023-11-24,2024-08-23,0.475177304964539,0.4253731343283582,0.6145833333333333,0.5,0.7972972972972973,59,59,8,15,0.4539007092198581,0.475177304964539,0.5177304964539007,0.4184397163120567,0.4539007092198581,0.475177304964539,0.475177304964539,0.1672428104705078,5
MPHASIS,2,0.75,953,105,141,2024-04-12,2025-01-09,0.4822695035460992,0.4519074675324675,0.5966850828729283,0.5192307692307693,0.7012987012987013,54,50,14,23,0.524822695035461,0.5177304964539007,0.5602836879432624,0.4964539007092198,0.4468085106382978,0.4609929078014184,0.4680851063829787,0.5680487291597531,5
MPHASIS,3,0.8,1016,112,141,2024-08-26,2025-05-14,0.4326241134751773,0.4212962962962963,0.5652173913043478,0.4521739130434782,0.7536231884057971,52,63,9,17,0.4893617021276595,0.4893617021276595,0.4893617021276595,0.4468085106382978,0.4609929078014184,0.4893617021276595,0.4822695035460992,1.7583069846569783,5
MPHASIS,4,0.85,1080,119,141,2025-01-10,2025-10-01,0.4680851063829787,0.4700404858299595,0.576271186440678,0.4553571428571428,0.7846153846153846,51,61,15,14,0.4539007092198581,0.4609929078014184,0.4539007092198581,0.5177304964539007,0.4468085106382978,0.5035460992907801,0.4397163120567376,1.0537345425262428,5
MPHASIS,5,0.9,1143,126,142,2025-05-15,2026-02-26,0.4507042253521127,0.4449513985320373,0.5617977528089887,0.4672897196261682,0.704225352112676,50,57,14,21,0.5,0.5,0.4225352112676056,0.4647887323943662,0.4436619718309859,0.4788732394366197,0.4647887323943662,0.6308152935269292,5
MPHASIS,6,0.95,1206,134,71,2025-10-03,2026-02-26,0.4507042253521127,0.4435612082670906,0.4935064935064935,0.475,0.5135135135135135,19,21,13,18,0.4929577464788732,0.5211267605633803,0.4788732394366197,0.4225352112676056,0.5492957746478874,0.4507042253521127,0.4929577464788732,4.876215873504667,5
MUTHOOTFIN,1,0.7,867,96,138,2023-12-11,2024-08-22,0.5144927536231884,0.4958163484230851,0.3495145631067961,0.75,0.2278481012658227,18,6,53,61,0.427536231884058,0.427536231884058,0.4782608695652174,0.463768115942029,0.5072463768115942,0.4420289855072464,0.5652173913043478,7.999993502651122,5
MUTHOOTFIN,2,0.75,929,103,138,2024-04-12,2025-01-03,0.6159420289855072,0.5300522648083623,0.7389162561576355,0.6198347107438017,0.9146341463414634,75,46,10,7,0.4057971014492754,0.5217391304347826,0.5,0.5942028985507246,0.4927536231884058,0.5289855072463768,0.572463768115942,0.1587360030872102,5
MUTHOOTFIN,3,0.8,991,110,138,2024-08-23,2025-05-26,0.5,0.5361064189189189,0.6101694915254238,0.5242718446601942,0.7297297297297297,54,49,15,20,0.5072463768115942,0.4782608695652174,0.4855072463768116,0.5362318840579711,0.463768115942029,0.5362318840579711,0.5362318840579711,0.1401902743955405,5
MUTHOOTFIN,4,0.85,1053,117,138,2025-01-06,2025-10-08,0.5,0.4735511064278187,0.6270270270270271,0.5178571428571429,0.7945205479452054,58,54,11,15,0.4927536231884058,0.4855072463768116,0.4855072463768116,0.4492753623188406,0.5072463768115942,0.5289855072463768,0.4927536231884058,0.3389780446007243,5
MUTHOOTFIN,5,0.9,1116,123,138,2025-05-28,2026-02-26,0.5652173913043478,0.4757671957671958,0.6875,0.5641025641025641,0.88,66,51,12,9,0.5434782608695652,0.5362318840579711,0.5579710144927537,0.5289855072463768,0.5289855072463768,0.5434782608695652,0.4855072463768116,0.95879882111973,5
MUTHOOTFIN,6,0.95,1178,130,69,2025-10-09,2026-02-26,0.4927536231884058,0.4772727272727273,0.6601941747572816,0.5074626865671642,0.9444444444444444,34,33,0,2,0.5217391304347826,0.5217391304347826,0.4927536231884058,0.5217391304347826,0.5362318840579711,0.4782608695652174,0.5072463768115942,1.729050490068125,5
NAUKRI,1,0.7,918,102,146,2023-12-14,2024-09-27,0.5342465753424658,0.556184012066365,0.6263736263736265,0.5480769230769231,0.7307692307692307,57,47,21,21,0.4931506849315068,0.5136986301369864,0.547945205479452,0.5821917808219178,0.5547945205479452,0.5753424657534246,0.589041095890411,0.1000035356387145,5
NAUKRI,2,0.75,984,109,146,2024-05-15,2025-01-31,0.4931506849315068,0.505982905982906,0.4307692307692308,0.5714285714285714,0.345679012345679,28,21,44,53,0.4452054794520548,0.4589041095890411,0.4246575342465753,0.5,0.5136986301369864,0.4520547945205479,0.547945205479452,0.4108806945813774,5
NAUKRI,3,0.8,1050,116,146,2024-09-30,2025-06-05,0.5,0.4754376058723885,0.5966850828729283,0.5192307692307693,0.7012987012987013,54,50,19,23,0.4726027397260274,0.4794520547945205,0.5136986301369864,0.5136986301369864,0.5616438356164384,0.5136986301369864,0.4589041095890411,0.3000028993710935,5
NAUKRI,4,0.85,1116,123,146,2025-02-01,2025-10-14,0.4520547945205479,0.4525533536585366,0.5698924731182796,0.4344262295081967,0.828125,53,69,13,11,0.4383561643835616,0.4383561643835616,0.4589041095890411,0.4315068493150685,0.4794520547945205,0.4383561643835616,0.4383561643835616,0.1744499856959926,5
NAUKRI,5,0.9,1181,131,146,2025-06-06,2026-02-27,0.363013698630137,0.5567052140393589,0.5326633165829147,0.363013698630137,1.0,53,93,0,0,0.363013698630137,0.3561643835616438,0.363013698630137,0.3835616438356164,0.3767123287671233,0.363013698630137,0.410958904109589,0.4100915331109955,5
NAUKRI,6,0.95,1247,138,73,2025-10-15,2026-02-27,0.3835616438356164,0.632569558101473,0.5360824742268041,0.3661971830985915,1.0,26,45,2,0,0.3561643835616438,0.3561643835616438,0.410958904109589,0.6301369863013698,0.410958904109589,0.6438356164383562,0.410958904109589,7.9999945547009395,5
NESTLEIND,1,0.7,783,87,124,2023-11-30,2024-08-27,0.5080645161290323,0.5192458758837392,0.5673758865248227,0.5405405405405406,0.5970149253731343,40,34,23,27,0.5241935483870968,0.4758064516129032,0.4354838709677419,0.5,0.4838709677419355,0.5483870967741935,0.5,0.4880356742342216,5
NESTLEIND,2,0.75,839,93,124,2024-04-09,2025-01-14,0.4758064516129032,0.4542143600416233,0.5695364238410596,0.4831460674157303,0.6935483870967742,43,46,16,19,0.4919354838709677,0.5080645161290323,0.4677419354838709,0.4758064516129032,0.5080645161290323,0.5483870967741935,0.5241935483870968,0.2033995946057964,5
NESTLEIND,3,0.8,895,99,124,2024-08-28,2025-05-30,0.4758064516129032,0.5415040333073119,0.6368715083798883,0.4830508474576271,0.9344262295081968,57,61,2,4,0.4919354838709677,0.4919354838709677,0.5,0.5,0.5,0.5080645161290323,0.5,0.5212483214803981,5
NESTLEIND,4,0.85,951,105,124,2025-01-15,2025-10-03,0.5403225806451613,0.59105098855359,0.6779661016949152,0.5217391304347826,0.967741935483871,60,55,7,2,0.5,0.4919354838709677,0.4919354838709677,0.5161290322580645,0.4919354838709677,0.532258064516129,0.5080645161290323,3.3247250592890154,5
NESTLEIND,5,0.9,1007,111,125,2025-06-02,2026-02-26,0.504,0.5747567844342037,0.6702127659574468,0.504,1.0,63,62,0,0,0.504,0.504,0.488,0.48,0.52,0.576,0.52,7.999994571652763,5
NESTLEIND,6,0.95,1062,118,63,2025-10-06,2026-02-26,0.5238095238095238,0.554766734279919,0.6153846153846153,0.5454545454545454,0.7058823529411765,24,20,9,10,0.5555555555555556,0.5079365079365079,0.5396825396825397,0.4761904761904761,0.4761904761904761,0.5238095238095238,0.5238095238095238,0.4859674591409604,5
NMDC,1,0.7,900,100,143,2023-12-22,2024-09-05,0.5174825174825175,0.564042303172738,0.6461538461538462,0.5206611570247934,0.8513513513513513,63,58,11,11,0.5804195804195804,0.6153846153846154,0.4685314685314685,0.4965034965034965,0.4965034965034965,0.4825174825174825,0.6013986013986014,7.999994221306626,5
NMDC,2,0.75,964,107,143,2024-05-02,2025-01-08,0.5034965034965035,0.572663000785546,0.5988700564971751,0.4818181818181818,0.7910447761194029,53,57,19,14,0.5034965034965035,0.5874125874125874,0.5034965034965035,0.4825174825174825,0.4895104895104895,0.4685314685314685,0.4335664335664335,0.4202439432467432,5
NMDC,3,0.8,1029,114,143,2024-09-06,2025-05-20,0.5384615384615384,0.4941176470588236,0.6886792452830188,0.5328467153284672,0.9733333333333334,73,64,4,2,0.4895104895104895,0.5524475524475524,0.5244755244755245,0.4755244755244755,0.4405594405594406,0.5174825174825175,0.5384615384615384,0.407546704081256,5
NMDC,4,0.85,1093,121,143,2025-01-09,2025-10-03,0.5524475524475524,0.5343195266272189,0.7009345794392524,0.5514705882352942,0.9615384615384616,75,61,4,3,0.5524475524475524,0.5454545454545454,0.4545454545454545,0.5524475524475524,0.5244755244755245,0.5314685314685315,0.5454545454545454,7.999993737296538,5
NMDC,5,0.9,1158,128,143,2025-05-21,2026-02-27,0.4615384615384615,0.4471624266144814,0.503225806451613,0.4756097560975609,0.5342465753424658,39,43,27,34,0.5174825174825175,0.5594405594405595,0.4965034965034965,0.5104895104895105,0.4825174825174825,0.4895104895104895,0.5174825174825175,0.5312776740679273,5
NMDC,6,0.95,1222,135,72,2025-10-08,2026-02-27,0.4166666666666667,0.4243827160493827,0.4615384615384615,0.4285714285714285,0.5,18,24,12,18,0.5,0.5138888888888888,0.4583333333333333,0.4861111111111111,0.4444444444444444,0.4583333333333333,0.5277777777777778,0.2982721575450441,5
NTPC,1,0.7,837,93,134,2023-12-05,2024-08-16,0.5447761194029851,0.5558112773302647,0.5481481481481482,0.6607142857142857,0.4683544303797468,37,19,36,42,0.6119402985074627,0.582089552238806,0.5074626865671642,0.582089552238806,0.5447761194029851,0.4626865671641791,0.5298507462686567,0.1751046244517386,5
NTPC,2,0.75,898,99,133,2024-04-16,2024-12-12,0.5488721804511278,0.5111313039527488,0.625,0.5617977528089888,0.704225352112676,50,39,23,21,0.5338345864661654,0.4812030075187969,0.518796992481203,0.5338345864661654,0.5338345864661654,0.518796992481203,0.4661654135338345,0.1957128114426391,5
NTPC,3,0.8,958,106,133,2024-08-19,2025-05-05,0.5037593984962406,0.4972789115646258,0.6206896551724138,0.4864864864864865,0.8571428571428571,54,57,13,9,0.4736842105263157,0.4736842105263157,0.4887218045112781,0.4812030075187969,0.4210526315789473,0.4887218045112781,0.4661654135338345,0.8716300648707599,5
NTPC,4,0.85,1017,113,133,2024-12-13,2025-09-26,0.4661654135338345,0.4929577464788732,0.5590062111801242,0.4545454545454545,0.7258064516129032,45,54,17,17,0.4586466165413533,0.4736842105263157,0.4661654135338345,0.4511278195488721,0.4360902255639097,0.4812030075187969,0.4360902255639097,2.249662037563853,5
NTPC,5,0.9,1078,119,133,2025-05-07,2026-02-26,0.5037593984962406,0.566711895070104,0.6373626373626373,0.5,0.8787878787878788,58,58,9,8,0.5112781954887218,0.4962406015037593,0.4962406015037593,0.4962406015037593,0.518796992481203,0.5037593984962406,0.4812030075187969,7.999994845972179,5
NTPC,6,0.95,1137,126,67,2025-10-01,2026-02-26,0.5373134328358209,0.5446428571428572,0.6265060240963857,0.5416666666666666,0.7428571428571429,26,22,10,9,0.4776119402985074,0.4477611940298507,0.4925373134328358,0.5373134328358209,0.582089552238806,0.5671641791044776,0.4776119402985074,0.693662870625413,5
OFSS,1,0.7,829,92,132,2024-02-12,2024-10-22,0.5303030303030303,0.4822382168562805,0.6125,0.5632183908045977,0.6712328767123288,49,38,21,24,0.553030303030303,0.5378787878787878,0.4469696969696969,0.4393939393939394,0.5075757575757576,0.5075757575757576,0.5606060606060606,0.3059929281260521,5
OFSS,2,0.75,889,98,132,2024-06-25,2025-02-20,0.4469696969696969,0.47864234587855,0.546583850931677,0.44,0.7213114754098361,44,56,15,17,0.5227272727272727,0.5,0.553030303030303,0.4621212121212121,0.4848484848484848,0.4696969696969697,0.5757575757575758,0.7472334116128301,5
OFSS,3,0.8,948,105,132,2024-10-23,2025-06-17,0.4166666666666667,0.4765037593984962,0.5157232704402516,0.3980582524271844,0.7321428571428571,41,62,14,15,0.4242424242424242,0.4242424242424242,0.4242424242424242,0.4848484848484848,0.4393939393939394,0.5303030303030303,0.4848484848484848,0.3418472411899214,5
OFSS,4,0.85,1008,111,132,2025-02-21,2025-10-21,0.4621212121212121,0.478170955882353,0.474074074074074,0.4507042253521127,0.5,32,39,29,32,0.4621212121212121,0.4772727272727273,0.4696969696969697,0.4848484848484848,0.5378787878787878,0.4848484848484848,0.5151515151515151,0.2714945322364838,5
OFSS,5,0.9,1067,118,132,2025-06-18,2026-02-27,0.4848484848484848,0.4766658927327606,0.6179775280898877,0.4621848739495798,0.9322033898305084,55,64,9,4,0.4469696969696969,0.4469696969696969,0.4393939393939394,0.4924242424242424,0.4545454545454545,0.4545454545454545,0.5,0.3417602460669334,5
OFSS,6,0.95,1126,125,66,2025-10-24,2026-02-27,0.5454545454545454,0.5103383458646615,0.5,0.46875,0.5357142857142857,15,17,21,13,0.4393939393939394,0.5757575757575758,0.5303030303030303,0.5303030303030303,0.5151515151515151,0.4696969696969697,0.4242424242424242,7.999993860388001,5
ONGC,1,0.7,884,98,141,2023-11-24,2024-08-22,0.5319148936170213,0.5181893344357172,0.5,0.66,0.4024390243902439,33,17,42,49,0.5390070921985816,0.574468085106383,0.5035460992907801,0.475177304964539,0.4680851063829787,0.5460992907801419,0.4397163120567376,0.3687818639882202,5
ONGC,2,0.75,948,105,140,2024-04-05,2025-01-01,0.4857142857142857,0.5164473684210527,0.5263157894736842,0.4545454545454545,0.625,40,48,28,24,0.4785714285714286,0.4857142857142857,0.5142857142857142,0.4857142857142857,0.5142857142857142,0.5214285714285715,0.5142857142857142,0.3198988189957891,5
ONGC,3,0.8,1011,112,140,2024-08-23,2025-04-28,0.4785714285714286,0.4737167594310451,0.5465838509316769,0.4489795918367347,0.6984126984126984,44,54,23,19,0.4785714285714286,0.4714285714285714,0.4214285714285714,0.4785714285714286,0.4642857142857143,0.5142857142857142,0.4785714285714286,0.6799260298922388,5
ONGC,4,0.85,1074,119,140,2025-01-02,2025-10-03,0.5357142857142857,0.5229320229320229,0.6153846153846154,0.5473684210526316,0.7027027027027027,52,43,23,22,0.4714285714285714,0.4857142857142857,0.55,0.5357142857142857,0.4928571428571429,0.55,0.4857142857142857,3.5606597335106778,5
ONGC,5,0.9,1137,126,141,2025-04-29,2026-02-26,0.5319148936170213,0.5096969696969698,0.6796116504854369,0.5343511450381679,0.9333333333333332,70,61,5,5,0.5319148936170213,0.5319148936170213,0.5531914893617021,0.5319148936170213,0.5460992907801419,0.5319148936170213,0.5106382978723404,0.8368727058885463,5
ONGC,6,0.95,1200,133,71,2025-10-07,2026-02-26,0.5633802816901409,0.4401913875598086,0.7102803738317757,0.5507246376811594,1.0,38,31,2,0,0.5352112676056338,0.5492957746478874,0.5070422535211268,0.5070422535211268,0.5211267605633803,0.5352112676056338,0.4929577464788732,0.387998883278748,5
PAGEIND,1,0.7,864,95,137,2023-11-06,2024-08-22,0.4963503649635036,0.513056506849315,0.4732824427480915,0.5344827586206896,0.4246575342465753,31,27,37,42,0.4598540145985401,0.4525547445255474,0.4817518248175182,0.5109489051094891,0.4963503649635036,0.437956204379562,0.4525547445255474,0.2465841313450619,5
PAGEIND,2,0.75,926,102,137,2024-04-09,2025-01-13,0.5255474452554745,0.5454740454740455,0.5255474452554744,0.5714285714285714,0.4864864864864865,36,27,36,38,0.5474452554744526,0.5182481751824818,0.5328467153284672,0.5255474452554745,0.5109489051094891,0.5109489051094891,0.4817518248175182,7.999994193131791,5
PAGEIND,3,0.8,987,109,137,2024-08-23,2025-05-19,0.5255474452554745,0.55863539445629,0.4715447154471545,0.5471698113207547,0.4142857142857143,29,24,43,41,0.4890510948905109,0.5328467153284672,0.5109489051094891,0.4306569343065693,0.5328467153284672,0.5693430656934306,0.4963503649635036,0.2672443359251868,5
PAGEIND,4,0.85,1049,116,137,2025-01-14,2025-09-24,0.5036496350364964,0.5398720682302772,0.4603174603174603,0.4915254237288136,0.4328358208955223,29,30,40,38,0.4963503649635036,0.5109489051094891,0.5036496350364964,0.583941605839416,0.4890510948905109,0.4890510948905109,0.4817518248175182,7.999996455545633,5
PAGEIND,5,0.9,1110,123,138,2025-05-20,2026-02-27,0.572463768115942,0.5778644141217241,0.3370786516853932,0.46875,0.2631578947368421,15,17,64,42,0.4130434782608695,0.4130434782608695,0.5652173913043478,0.5869565217391305,0.5144927536231884,0.572463768115942,0.5507246376811594,0.4368165127504614,5
PAGEIND,6,0.95,1172,130,69,2025-09-25,2026-02-27,0.6521739130434783,0.6148148148148148,0.1428571428571428,0.5,0.0833333333333333,2,2,43,22,0.3188405797101449,0.5797101449275363,0.6231884057971014,0.6376811594202898,0.5652173913043478,0.6231884057971014,0.6376811594202898,0.4546015749743272,5
PERSISTENT,1,0.7,898,99,143,2023-12-19,2024-09-20,0.6013986013986014,0.5397840863654538,0.7298578199052131,0.5968992248062015,0.9390243902439024,77,52,9,5,0.5874125874125874,0.5734265734265734,0.5384615384615384,0.5454545454545454,0.5384615384615384,0.5034965034965035,0.5104895104895105,0.4278800903495192,5
PERSISTENT,2,0.75,962,106,143,2024-05-14,2025-01-28,0.5734265734265734,0.5510492332526231,0.708133971291866,0.592,0.8809523809523809,74,51,8,10,0.5944055944055944,0.5804195804195804,0.5874125874125874,0.5174825174825175,0.5734265734265734,0.5874125874125874,0.5174825174825175,0.6663705065897602,5
PERSISTENT,3,0.8,1026,114,142,2024-09-23,2025-06-02,0.5,0.5511904761904762,0.6635071090047393,0.4964539007092198,1.0,70,71,1,0,0.5070422535211268,0.4929577464788732,0.4859154929577465,0.5211267605633803,0.528169014084507,0.5633802816901409,0.4859154929577465,0.3859188274585928,5
PERSISTENT,4,0.85,1090,121,142,2025-01-29,2025-10-15,0.4577464788732394,0.4756778309409888,0.6280193236714975,0.4609929078014184,0.9848484848484848,65,76,0,1,0.4647887323943662,0.4647887323943662,0.4647887323943662,0.4647887323943662,0.4154929577464789,0.4788732394366197,0.4577464788732394,0.4173537938060065,5
PERSISTENT,5,0.9,1154,128,143,2025-06-04,2026-02-26,0.4615384615384615,0.4996078431372549,0.631578947368421,0.4680851063829787,0.9705882352941176,66,75,0,2,0.4755244755244755,0.4685314685314685,0.4545454545454545,0.4685314685314685,0.5034965034965035,0.4825174825174825,0.4615384615384615,1.230527214198414,5
PERSISTENT,6,0.95,1218,135,72,2025-10-16,2026-02-26,0.4583333333333333,0.4883900928792569,0.6285714285714286,0.4647887323943662,0.9705882352941176,33,38,0,1,0.4722222222222222,0.4722222222222222,0.5,0.4722222222222222,0.4722222222222222,0.5,0.5694444444444444,7.99999434973314,5
PIDILITIND,1,0.7,807,89,128,2023-12-07,2024-08-29,0.6015625,0.5011459129106188,0.7213114754098361,0.6226415094339622,0.8571428571428571,66,40,11,11,0.6015625,0.6015625,0.5234375,0.453125,0.4453125,0.5078125,0.4453125,0.5901686115680078,5
PIDILITIND,2,0.75,864,96,128,2024-04-26,2024-12-31,0.4765625,0.4813725490196078,0.5442176870748299,0.5063291139240507,0.5882352941176471,40,39,21,28,0.484375,0.5859375,0.4375,0.4609375,0.4921875,0.46875,0.515625,0.2715266754084738,5
PIDILITIND,3,0.8,922,102,128,2024-08-30,2025-05-05,0.53125,0.4839735747492047,0.6296296296296297,0.504950495049505,0.8360655737704918,51,50,17,10,0.4609375,0.4609375,0.4609375,0.4296875,0.5,0.4375,0.4453125,0.6480416118129202,5
PIDILITIND,4,0.85,980,108,128,2025-01-01,2025-10-08,0.5078125,0.4551892551892551,0.6666666666666666,0.5,1.0,63,63,2,0,0.4921875,0.46875,0.4453125,0.4609375,0.5078125,0.4921875,0.4921875,0.5516661474764473,5
PIDILITIND,5,0.9,1037,115,128,2025-05-06,2026-02-27,0.5078125,0.4262295081967213,0.6735751295336788,0.5158730158730159,0.9701492537313432,65,61,0,2,0.5234375,0.5234375,0.515625,0.5234375,0.390625,0.4765625,0.4375,7.9999962908505236,5
PIDILITIND,6,0.95,1095,121,64,2025-10-13,2026-02-27,0.53125,0.4906403940886699,0.6938775510204082,0.5396825396825397,0.9714285714285714,34,29,0,1,0.484375,0.46875,0.453125,0.578125,0.5625,0.546875,0.453125,0.5068178904071918,5
POLYCAB,1,0.7,720,80,115,2024-05-22,2024-12-17,0.5217391304347826,0.589231699939504,0.6625766871165644,0.5142857142857142,0.9310344827586208,54,51,6,4,0.5043478260869565,0.5043478260869565,0.5391304347826087,0.5043478260869565,0.4608695652173913,0.5739130434782609,0.5043478260869565,0.5336439409837546,5
POLYCAB,2,0.75,773,85,114,2024-09-04,2025-04-02,0.5350877192982456,0.551809464893288,0.6971428571428571,0.5350877192982456,1.0,61,53,0,0,0.5350877192982456,0.5350877192982456,0.543859649122807,0.5789473684210527,0.5350877192982456,0.5350877192982456,0.5350877192982456,1.861735787320384,5
POLYCAB,3,0.8,824,91,114,2024-12-18,2025-07-22,0.5526315789473685,0.4799253034547152,0.711864406779661,0.5526315789473685,1.0,63,51,0,0,0.5526315789473685,0.5526315789473685,0.5614035087719298,0.5701754385964912,0.543859649122807,0.5877192982456141,0.4385964912280701,1.2534012394020333,5
POLYCAB,4,0.85,875,97,114,2025-04-03,2025-11-10,0.5263157894736842,0.458761282290694,0.686046511627907,0.5412844036697247,0.9365079365079364,59,50,1,4,0.5350877192982456,0.5526315789473685,0.5526315789473685,0.4824561403508772,0.5614035087719298,0.5350877192982456,0.5175438596491229,1.0943382264718478,5
POLYCAB,5,0.9,927,102,115,2025-07-23,2026-02-27,0.5130434782608696,0.603939393939394,0.6626506024096385,0.5188679245283019,0.9166666666666666,55,51,4,5,0.5217391304347826,0.5217391304347826,0.5565217391304348,0.5217391304347826,0.5652173913043478,0.591304347826087,0.5478260869565217,0.8007261997799069,5
POLYCAB,6,0.95,978,108,58,2025-11-12,2026-02-27,0.5,0.5404761904761906,0.6666666666666667,0.5087719298245614,0.9666666666666668,29,28,0,1,0.5172413793103449,0.5172413793103449,0.5689655172413793,0.5344827586206896,0.5517241379310345,0.5689655172413793,0.5517241379310345,0.479203602657249,5
POWERGRID,1,0.7,830,92,132,2023-11-03,2024-07-30,0.5454545454545454,0.62891809908999,0.5588235294117647,0.76,0.4418604651162791,38,12,34,48,0.5984848484848485,0.5227272727272727,0.4318181818181818,0.4924242424242424,0.4318181818181818,0.5227272727272727,0.4848484848484848,0.6225454146537623,5
POWERGRID,2,0.75,890,98,132,2024-03-18,2024-12-11,0.5227272727272727,0.5277777777777778,0.6134969325153374,0.5494505494505495,0.6944444444444444,50,41,19,22,0.5378787878787878,0.5454545454545454,0.5,0.5,0.553030303030303,0.4696969696969697,0.5075757575757576,7.99999426947526,5
POWERGRID,3,0.8,949,105,132,2024-07-31,2025-04-28,0.4848484848484848,0.5448909299655569,0.6421052631578947,0.488,0.9384615384615383,61,64,3,4,0.4924242424242424,0.4924242424242424,0.4848484848484848,0.5151515151515151,0.5075757575757576,0.5151515151515151,0.5227272727272727,0.3965876862956458,5
POWERGRID,4,0.85,1008,112,132,2024-12-12,2025-09-23,0.4772727272727273,0.5706084959816303,0.634920634920635,0.4918032786885246,0.8955223880597015,60,62,3,7,0.5075757575757576,0.5075757575757576,0.4924242424242424,0.5,0.4772727272727273,0.5075757575757576,0.5151515151515151,1.455754303011616,5
POWERGRID,5,0.9,1068,118,132,2025-04-29,2026-02-26,0.4772727272727273,0.4720496894409937,0.6461538461538462,0.4772727272727273,1.0,63,69,0,0,0.4772727272727273,0.4772727272727273,0.4924242424242424,0.4772727272727273,0.4848484848484848,0.4545454545454545,0.4848484848484848,7.999995165564639,5
POWERGRID,6,0.95,1127,125,66,2025-09-24,2026-02-26,0.4545454545454545,0.374074074074074,0.625,0.4545454545454545,1.0,30,36,0,0,0.4393939393939394,0.4545454545454545,0.4393939393939394,0.6212121212121212,0.4696969696969697,0.5606060606060606,0.5,1.9263903398137776,5
RBLBANK,1,0.7,935,103,148,2023-12-11,2024-09-16,0.5067567567567568,0.5476059438635112,0.6572769953051644,0.5223880597014925,0.8860759493670886,70,64,5,9,0.4256756756756756,0.4864864864864865,0.5067567567567568,0.527027027027027,0.4864864864864865,0.6081081081081081,0.5202702702702703,0.3378666571003413,5
RBLBANK,2,0.75,1001,111,148,2024-04-29,2025-01-24,0.4932432432432432,0.5675873422352296,0.6031746031746031,0.4830508474576271,0.8028169014084507,57,61,16,14,0.4797297297297297,0.4797297297297297,0.5405405405405406,0.4932432432432432,0.5,0.5608108108108109,0.4797297297297297,0.2510049583518767,5
RBLBANK,3,0.8,1068,118,148,2024-09-17,2025-06-06,0.5067567567567568,0.5080350620891162,0.5100671140939598,0.5066666666666667,0.5135135135135135,38,37,37,36,0.5540540540540541,0.5,0.4864864864864865,0.527027027027027,0.5202702702702703,0.4932432432432432,0.4391891891891892,0.397522119739924,5
RBLBANK,4,0.85,1134,126,148,2025-01-27,2025-10-17,0.5608108108108109,0.5296703296703297,0.6486486486486486,0.5607476635514018,0.7692307692307693,60,47,23,18,0.5337837837837838,0.527027027027027,0.4864864864864865,0.5337837837837838,0.5067567567567568,0.5202702702702703,0.5135135135135135,1.0624898660968285,5
RBLBANK,5,0.9,1201,133,149,2025-06-09,2026-02-27,0.4966442953020134,0.4828828828828829,0.6073298429319371,0.5,0.7733333333333333,58,58,16,17,0.4697986577181208,0.4697986577181208,0.5033557046979866,0.4563758389261745,0.5033557046979866,0.4765100671140939,0.4630872483221476,0.4403003572709193,5
RBLBANK,6,0.95,1268,140,75,2025-10-20,2026-02-27,0.52,0.4864864864864864,0.5609756097560976,0.5111111111111111,0.6216216216216216,23,22,16,14,0.4933333333333333,0.48,0.4533333333333333,0.5066666666666667,0.5466666666666666,0.4533333333333333,0.4533333333333333,1.0551624365882195,5
RELIANCE,1,0.7,818,90,130,2023-11-03,2024-08-06,0.4923076923076923,0.5416666666666666,0.5,0.5892857142857143,0.4342105263157895,33,23,31,43,0.4153846153846154,0.4538461538461538,0.4769230769230769,0.4846153846153846,0.5076923076923077,0.5307692307692308,0.4461538461538462,0.3861839754063556,5
RELIANCE,2,0.75,876,97,130,2024-03-19,2024-12-18,0.5076923076923077,0.4375740345889599,0.6097560975609756,0.495049504950495,0.7936507936507936,50,51,16,13,0.4846153846153846,0.5307692307692308,0.4692307692307692,0.4307692307692308,0.4692307692307692,0.4769230769230769,0.4846153846153846,0.3020860264454275,5
RELIANCE,3,0.8,935,103,130,2024-08-07,2025-05-05,0.4923076923076923,0.4444444444444445,0.6249999999999999,0.4867256637168141,0.873015873015873,55,58,9,8,0.4692307692307692,0.4846153846153846,0.5153846153846153,0.4538461538461538,0.4846153846153846,0.4538461538461538,0.5,0.2230338212872843,5
RELIANCE,4,0.85,993,110,130,2024-12-19,2025-09-19,0.4692307692307692,0.4879261363636363,0.5660377358490566,0.4736842105263157,0.703125,45,50,16,19,0.4846153846153846,0.4923076923076923,0.4692307692307692,0.4615384615384615,0.4384615384615384,0.5384615384615384,0.5153846153846153,0.1000035356387145,5
RELIANCE,5,0.9,1052,116,130,2025-05-06,2026-02-26,0.4846153846153846,0.4991684485626039,0.6214689265536724,0.4741379310344827,0.9016393442622952,55,61,8,6,0.4615384615384615,0.4692307692307692,0.4769230769230769,0.5,0.4307692307692308,0.4692307692307692,0.5,7.9999935120818675,5
RELIANCE,6,0.95,1110,123,65,2025-09-23,2026-02-26,0.4769230769230769,0.4327651515151515,0.6046511627906976,0.4814814814814814,0.8125,26,28,5,6,0.4923076923076923,0.4923076923076923,0.4923076923076923,0.4307692307692308,0.4307692307692308,0.5384615384615384,0.5230769230769231,7.999994078699656,5
SAIL,1,0.7,935,103,149,2023-11-29,2024-08-21,0.4496644295302013,0.4401241328952172,0.4142857142857143,0.5087719298245614,0.3493975903614458,29,28,38,54,0.5033557046979866,0.5570469798657718,0.5302013422818792,0.436241610738255,0.4899328859060403,0.4563758389261745,0.4295302013422818,0.6113739154266732,5
SAIL,2,0.75,1002,111,148,2024-04-09,2025-01-03,0.4662162162162162,0.4525775087139975,0.5212121212121212,0.4479166666666667,0.6231884057971014,43,53,26,26,0.4459459459459459,0.4459459459459459,0.4459459459459459,0.4662162162162162,0.5472972972972973,0.4662162162162162,0.4662162162162162,0.3688554828547724,5
SAIL,3,0.8,1069,118,148,2024-08-22,2025-05-13,0.4256756756756756,0.4527162977867203,0.5197740112994349,0.4339622641509434,0.647887323943662,46,60,17,25,0.4121621621621621,0.4256756756756756,0.4797297297297297,0.4459459459459459,0.5135135135135135,0.5,0.4797297297297297,0.2864445423615551,5
SAIL,4,0.85,1135,126,148,2025-01-06,2025-10-13,0.5135135135135135,0.4945175438596491,0.6435643564356437,0.5158730158730159,0.8552631578947368,65,61,11,11,0.527027027027027,0.5608108108108109,0.5067567567567568,0.5202702702702703,0.527027027027027,0.5067567567567568,0.5202702702702703,2.1614664275991595,5
SAIL,5,0.9,1202,133,149,2025-05-20,2026-02-27,0.4765100671140939,0.4736842105263158,0.5411764705882353,0.4742268041237113,0.6301369863013698,46,51,25,27,0.5100671140939598,0.4832214765100671,0.5436241610738255,0.4697986577181208,0.5033557046979866,0.4630872483221476,0.4496644295302013,0.4902377891757795,5
SAIL,6,0.95,1269,140,75,2025-10-14,2026-02-27,0.5066666666666667,0.4907407407407408,0.3934426229508196,0.48,0.3333333333333333,12,13,26,24,0.56,0.4533333333333333,0.5466666666666666,0.5066666666666667,0.52,0.5866666666666667,0.48,0.4285921776250215,5
SBILIFE,1,0.7,803,89,128,2023-12-05,2024-08-19,0.5390625,0.5230769230769231,0.624203821656051,0.532608695652174,0.7538461538461538,49,43,20,16,0.578125,0.5390625,0.53125,0.515625,0.515625,0.5,0.4765625,0.2876414194790724,5
SBILIFE,2,0.75,861,95,127,2024-04-19,2025-01-01,0.5433070866141733,0.5471932439145554,0.6081081081081081,0.5487804878048781,0.6818181818181818,45,37,24,21,0.5354330708661418,0.5433070866141733,0.5511811023622047,0.5039370078740157,0.4724409448818897,0.4330708661417323,0.5590551181102362,0.327398418842032,5
SBILIFE,3,0.8,918,102,127,2024-08-20,2025-05-12,0.4881889763779528,0.5062096373571783,0.6153846153846153,0.4814814814814814,0.8524590163934426,52,56,10,9,0.4881889763779528,0.4803149606299212,0.4488188976377952,0.5118110236220472,0.5196850393700787,0.5039370078740157,0.4566929133858268,0.4804060879515612,5
SBILIFE,4,0.85,975,108,128,2025-01-02,2025-09-30,0.53125,0.5409035409035409,0.5454545454545454,0.5217391304347826,0.5714285714285714,36,33,32,27,0.4765625,0.5,0.5,0.5546875,0.5625,0.5234375,0.53125,1.807049348282274,5
SBILIFE,5,0.9,1033,114,128,2025-05-13,2026-02-26,0.4765625,0.4894916911045943,0.3963963963963964,0.4888888888888889,0.3333333333333333,22,23,39,44,0.515625,0.515625,0.5234375,0.53125,0.484375,0.453125,0.484375,0.5346469384981142,5
SBILIFE,6,0.95,1090,121,64,2025-10-01,2026-02-26,0.5,0.5714285714285714,0.4482758620689656,0.5909090909090909,0.3611111111111111,13,9,19,23,0.609375,0.53125,0.453125,0.4375,0.453125,0.40625,0.5,0.4086999876920265,5
SBIN,1,0.7,837,93,134,2023-10-09,2024-07-19,0.6119402985074627,0.5932870370370371,0.7045454545454546,0.6458333333333334,0.775,62,34,20,18,0.5970149253731343,0.6194029850746269,0.5223880597014925,0.5671641791044776,0.5895522388059702,0.4925373134328358,0.5223880597014925,0.3434554928631531,5
SBIN,2,0.75,898,99,133,2024-03-11,2024-12-02,0.5263157894736842,0.5207194899817851,0.64804469273743,0.5420560747663551,0.8055555555555556,58,49,12,14,0.4511278195488721,0.5037593984962406,0.518796992481203,0.5413533834586466,0.518796992481203,0.556390977443609,0.4962406015037593,0.5599658788696205,5
SBIN,3,0.8,958,106,133,2024-07-22,2025-04-07,0.4812030075187969,0.557142857142857,0.6310160427807486,0.4758064516129032,0.9365079365079364,59,65,5,4,0.5112781954887218,0.4736842105263157,0.4887218045112781,0.5338345864661654,0.4661654135338345,0.5112781954887218,0.4812030075187969,0.4526358105772131,5
SBIN,4,0.85,1017,113,133,2024-12-03,2025-09-26,0.4887218045112781,0.4669832654907281,0.653061224489796,0.4923076923076923,0.9696969696969696,64,66,1,2,0.4812030075187969,0.5112781954887218,0.5338345864661654,0.4812030075187969,0.5037593984962406,0.4962406015037593,0.518796992481203,0.7866996859356009,5
SBIN,5,0.9,1078,119,133,2025-04-08,2026-02-26,0.6090225563909775,0.5330188679245282,0.7547169811320755,0.6060606060606061,1.0,80,52,1,0,0.6015037593984962,0.6015037593984962,0.6015037593984962,0.5864661654135338,0.5714285714285714,0.5639097744360902,0.5413533834586466,7.999995078372187,5
SBIN,6,0.95,1137,126,67,2025-09-30,2026-02-26,0.6567164179104478,0.5533596837944664,0.7927927927927928,0.6567164179104478,1.0,44,23,0,0,0.6567164179104478,0.6567164179104478,0.6567164179104478,0.6567164179104478,0.6268656716417911,0.4626865671641791,0.6268656716417911,7.999995355077105,5
SHREECEM,1,0.7,831,92,132,2023-10-20,2024-08-06,0.5,0.5399816176470588,0.6373626373626374,0.5087719298245614,0.8529411764705882,58,56,8,10,0.5151515151515151,0.5151515151515151,0.5757575757575758,0.5303030303030303,0.553030303030303,0.5378787878787878,0.5227272727272727,0.7940980888650697,5
SHREECEM,2,0.75,891,98,132,2024-03-13,2024-12-06,0.5151515151515151,0.53125,0.6631578947368422,0.5163934426229508,0.9264705882352942,63,59,5,5,0.5151515151515151,0.5151515151515151,0.5454545454545454,0.6136363636363636,0.4848484848484848,0.5,0.5151515151515151,0.3275712723556201,5
SHREECEM,3,0.8,950,105,132,2024-08-07,2025-04-24,0.5303030303030303,0.4419354838709677,0.6666666666666667,0.5344827586206896,0.8857142857142857,62,54,8,8,0.5303030303030303,0.5303030303030303,0.4772727272727273,0.4545454545454545,0.5303030303030303,0.4848484848484848,0.5151515151515151,0.9600562133286952,5
SHREECEM,4,0.85,1009,112,132,2024-12-09,2025-09-26,0.4621212121212121,0.487557603686636,0.5534591194968553,0.4536082474226804,0.7096774193548387,44,53,17,18,0.4696969696969697,0.4696969696969697,0.4848484848484848,0.5075757575757576,0.553030303030303,0.4696969696969697,0.5303030303030303,1.4686955524001462,5
SHREECEM,5,0.9,1069,118,132,2025-04-25,2026-02-27,0.5151515151515151,0.583157894736842,0.5616438356164384,0.4606741573033708,0.7192982456140351,41,48,27,16,0.4318181818181818,0.4318181818181818,0.4696969696969697,0.3939393939393939,0.5227272727272727,0.4318181818181818,0.4621212121212121,0.5277313708230369,5
SHREECEM,6,0.95,1128,125,66,2025-09-29,2026-02-27,0.5151515151515151,0.5456221198156682,0.6190476190476191,0.490566037735849,0.8387096774193549,26,27,8,5,0.4696969696969697,0.4696969696969697,0.5,0.4393939393939394,0.5454545454545454,0.3939393939393939,0.6515151515151515,0.370256344974342,5
SHRIRAMFIN,1,0.7,907,100,144,2023-12-20,2024-09-09,0.5833333333333334,0.6040519276160503,0.625,0.6410256410256411,0.6097560975609756,50,28,34,32,0.5694444444444444,0.5416666666666666,0.4513888888888889,0.5,0.5416666666666666,0.4305555555555556,0.4861111111111111,0.6117848604921278,5
SHRIRAMFIN,2,0.75,972,107,144,2024-05-07,2025-01-23,0.5347222222222222,0.4820601851851852,0.6256983240223464,0.5233644859813084,0.7777777777777778,56,51,21,16,0.4791666666666667,0.5,0.5902777777777778,0.4722222222222222,0.4652777777777778,0.5277777777777778,0.4513888888888889,0.1826716096273146,5
SHRIRAMFIN,3,0.8,1036,115,144,2024-09-10,2025-06-02,0.4583333333333333,0.4473429951690821,0.5806451612903226,0.4615384615384615,0.782608695652174,54,63,12,15,0.4861111111111111,0.5069444444444444,0.5,0.5,0.5069444444444444,0.4375,0.4652777777777778,0.4199835257822235,5
SHRIRAMFIN,4,0.85,1101,122,144,2025-01-24,2025-10-09,0.5416666666666666,0.5354042060582674,0.6292134831460674,0.5333333333333333,0.7671232876712328,56,49,22,17,0.5069444444444444,0.5069444444444444,0.5416666666666666,0.4791666666666667,0.5069444444444444,0.4930555555555556,0.5486111111111112,7.999993966923679,5
SHRIRAMFIN,5,0.9,1166,129,144,2025-06-03,2026-02-26,0.5,0.5107142857142857,0.5263157894736842,0.5882352941176471,0.4761904761904761,40,28,32,44,0.5763888888888888,0.5833333333333334,0.4791666666666667,0.5833333333333334,0.4652777777777778,0.4444444444444444,0.4930555555555556,7.999993583360206,5
SHRIRAMFIN,6,0.95,1231,136,72,2025-10-10,2026-02-26,0.5416666666666666,0.5687666370896185,0.5925925925925924,0.75,0.4897959183673469,24,8,15,25,0.4444444444444444,0.4722222222222222,0.3888888888888889,0.3333333333333333,0.3333333333333333,0.3472222222222222,0.6111111111111112,0.1000035356387145,5
SIEMENS,1,0.7,842,93,133,2024-01-17,2024-09-26,0.6165413533834586,0.5224772835963654,0.7627906976744185,0.6165413533834586,1.0,82,51,0,0,0.6165413533834586,0.6165413533834586,0.5263157894736842,0.6090225563909775,0.4962406015037593,0.5864661654135338,0.4812030075187969,7.999994972458087,5
SIEMENS,2,0.75,902,100,133,2024-05-22,2025-01-31,0.4586466165413533,0.5920398009950248,0.6086956521739131,0.4786324786324786,0.835820895522388,56,61,5,11,0.4962406015037593,0.5037593984962406,0.556390977443609,0.556390977443609,0.556390977443609,0.5263157894736842,0.5037593984962406,0.2181903673333027,5
SIEMENS,3,0.8,962,106,134,2024-09-27,2025-06-02,0.5149253731343284,0.5214969926486968,0.6408839779005525,0.5087719298245614,0.8656716417910447,58,56,11,9,0.4776119402985074,0.4776119402985074,0.5522388059701493,0.5074626865671642,0.4850746268656716,0.4776119402985074,0.5,0.2754656375111528,5
SIEMENS,4,0.85,1022,113,134,2025-02-01,2025-10-09,0.5149253731343284,0.5352678571428571,0.6798029556650247,0.518796992481203,0.9857142857142858,69,64,0,1,0.5373134328358209,0.5298507462686567,0.5149253731343284,0.5223880597014925,0.4701492537313433,0.5074626865671642,0.5223880597014925,2.1571601379984244,5
SIEMENS,5,0.9,1082,120,134,2025-06-04,2026-02-27,0.5298507462686567,0.5227678571428571,0.676923076923077,0.528,0.9428571428571428,66,59,5,4,0.5223880597014925,0.5223880597014925,0.5223880597014925,0.5298507462686567,0.4850746268656716,0.4925373134328358,0.5373134328358209,0.1000035356387145,5
SIEMENS,6,0.95,1143,126,67,2025-10-10,2026-02-27,0.5074626865671642,0.5766488413547236,0.6732673267326732,0.5074626865671642,1.0,34,33,0,0,0.5074626865671642,0.5074626865671642,0.5074626865671642,0.4925373134328358,0.5074626865671642,0.5223880597014925,0.5223880597014925,0.7732539880861206,5
SUNPHARMA,1,0.7,822,91,131,2023-09-29,2024-07-23,0.4274809160305343,0.487974987974988,0.358974358974359,0.525,0.2727272727272727,21,19,35,56,0.4274809160305343,0.3740458015267175,0.4274809160305343,0.5190839694656488,0.4427480916030534,0.4732824427480916,0.5190839694656488,7.999996354504213,5
SUNPHARMA,2,0.75,881,97,131,2024-03-05,2024-12-16,0.5419847328244275,0.5295774647887325,0.6000000000000001,0.569620253164557,0.6338028169014085,45,34,26,26,0.4732824427480916,0.4274809160305343,0.5267175572519084,0.4961832061068702,0.4198473282442748,0.549618320610687,0.5877862595419847,7.999994477812653,5
SUNPHARMA,3,0.8,940,104,130,2024-07-24,2025-04-30,0.5384615384615384,0.5835700757575758,0.6703296703296703,0.5258620689655172,0.9242424242424242,61,55,9,5,0.5076923076923077,0.4307692307692308,0.5153846153846153,0.5307692307692308,0.5615384615384615,0.6230769230769231,0.5230769230769231,0.4343394546416463,5
SUNPHARMA,4,0.85,999,110,130,2024-12-17,2025-09-18,0.4692307692307692,0.4854299928926794,0.5306122448979592,0.4875,0.582089552238806,39,41,22,28,0.5153846153846153,0.5153846153846153,0.5615384615384615,0.4923076923076923,0.4923076923076923,0.5692307692307692,0.5153846153846153,0.5107021008701258,5
SUNPHARMA,5,0.9,1057,117,131,2025-05-02,2026-02-26,0.4885496183206106,0.4861111111111111,0.5838509316770185,0.5280898876404494,0.6527777777777778,47,42,17,25,0.5343511450381679,0.549618320610687,0.5572519083969466,0.4961832061068702,0.4961832061068702,0.5725190839694656,0.5038167938931297,0.4801491074301652,5
SUNPHARMA,6,0.95,1116,123,66,2025-09-19,2026-02-26,0.6060606060606061,0.5935185185185186,0.6976744186046512,0.6,0.8333333333333334,30,20,10,6,0.5454545454545454,0.5454545454545454,0.6212121212121212,0.6212121212121212,0.6363636363636364,0.5909090909090909,0.5454545454545454,0.414589714824646,5
TATACONSUM,1,0.7,853,94,136,2023-11-09,2024-08-20,0.5441176470588235,0.4847428073234525,0.6770833333333334,0.5508474576271186,0.8783783783783784,65,53,9,9,0.5367647058823529,0.5441176470588235,0.5147058823529411,0.5514705882352942,0.5588235294117647,0.5441176470588235,0.5441176470588235,0.1000035356387145,5
TATACONSUM,2,0.75,914,101,135,2024-03-26,2025-01-01,0.4888888888888889,0.5625,0.649746192893401,0.4812030075187969,1.0,64,69,2,0,0.4888888888888889,0.4592592592592592,0.5185185185185185,0.4740740740740741,0.4814814814814814,0.4666666666666667,0.5259259259259259,0.4406385338160901,5
TATACONSUM,3,0.8,975,108,135,2024-08-21,2025-05-22,0.4962962962962963,0.4692307692307692,0.6565656565656566,0.5078125,0.9285714285714286,65,63,2,5,0.5185185185185185,0.4518518518518518,0.5185185185185185,0.437037037037037,0.4518518518518518,0.4962962962962963,0.4962962962962963,5.738785976406622,5
TATACONSUM,4,0.85,1035,115,136,2025-01-02,2025-10-17,0.5,0.5056423611111112,0.6263736263736264,0.5181818181818182,0.7916666666666666,57,53,11,15,0.5294117647058824,0.5073529411764706,0.5220588235294118,0.4411764705882353,0.4558823529411764,0.4852941176470588,0.4779411764705882,0.8417693875188905,5
TATACONSUM,5,0.9,1097,121,136,2025-05-23,2026-02-26,0.5,0.4848615916955017,0.6458333333333334,0.5,0.9117647058823528,62,62,6,6,0.5,0.5,0.4632352941176471,0.4926470588235294,0.5147058823529411,0.4411764705882353,0.4705882352941176,7.9999934951596865,5
TATACONSUM,6,0.95,1158,128,68,2025-10-21,2026-02-26,0.5147058823529411,0.5333333333333333,0.6526315789473685,0.5166666666666667,0.8857142857142857,31,29,4,4,0.5147058823529411,0.5441176470588235,0.4705882352941176,0.4705882352941176,0.5735294117647058,0.5147058823529411,0.5,7.999994296709821,5
TATAELXSI,1,0.7,873,96,139,2023-11-03,2024-09-11,0.4820143884892086,0.5078870900788709,0.5263157894736842,0.4651162790697674,0.6060606060606061,40,46,27,26,0.5467625899280576,0.5755395683453237,0.5179856115107914,0.4892086330935252,0.4820143884892086,0.4820143884892086,0.4820143884892086,0.2302822633419087,5
TATAELXSI,2,0.75,935,103,139,2024-04-16,2025-01-14,0.5251798561151079,0.5152464494569757,0.5874999999999999,0.4845360824742268,0.746031746031746,47,50,26,16,0.5107913669064749,0.5035971223021583,0.4172661870503597,0.4388489208633093,0.4748201438848921,0.460431654676259,0.5107913669064749,0.3460226866392289,5
TATAELXSI,3,0.8,998,110,138,2024-09-12,2025-05-29,0.4855072463768116,0.5252910052910053,0.6162162162162163,0.4672131147540984,0.9047619047619048,57,65,10,6,0.4782608695652174,0.572463768115942,0.5144927536231884,0.427536231884058,0.4927536231884058,0.4782608695652174,0.4927536231884058,2.179679405757722,5
TATAELXSI,4,0.85,1060,117,138,2025-01-15,2025-10-20,0.4710144927536231,0.4889357218124341,0.5165562913907285,0.4534883720930232,0.6,39,47,26,26,0.5144927536231884,0.5289855072463768,0.4855072463768116,0.5144927536231884,0.5579710144927537,0.5869565217391305,0.5797101449275363,0.4270366220914716,5
TATAELXSI,5,0.9,1122,124,139,2025-06-03,2026-02-26,0.4532374100719424,0.4565400843881856,0.5529411764705883,0.4272727272727272,0.7833333333333333,47,63,16,13,0.5035971223021583,0.5251798561151079,0.5899280575539568,0.4532374100719424,0.4892086330935252,0.4964028776978417,0.5251798561151079,0.1971096506236234,5
TATAELXSI,6,0.95,1184,131,70,2025-10-21,2026-02-26,0.5,0.4916666666666667,0.4262295081967213,0.4193548387096774,0.4333333333333333,13,18,22,17,0.4142857142857143,0.5285714285714286,0.5571428571428572,0.5142857142857142,0.5285714285714286,0.5714285714285714,0.4714285714285714,0.3063614463855749,5
TATAPOWER,1,0.7,859,95,136,2023-10-26,2024-07-30,0.6102941176470589,0.4680609229370311,0.7511737089201879,0.6153846153846154,0.963855421686747,80,50,3,3,0.5294117647058824,0.6102941176470589,0.4632352941176471,0.5808823529411765,0.5294117647058824,0.5514705882352942,0.5367647058823529,0.1824323492586101,5
TATAPOWER,2,0.75,920,102,136,2024-03-11,2024-12-18,0.5514705882352942,0.5886338797814208,0.7109004739336493,0.5514705882352942,1.0,75,61,0,0,0.5514705882352942,0.5514705882352942,0.5735294117647058,0.5661764705882353,0.5808823529411765,0.4558823529411764,0.5441176470588235,0.3590815065465129,5
TATAPOWER,3,0.8,981,109,136,2024-07-31,2025-05-09,0.5514705882352942,0.5284288194444445,0.6390532544378699,0.5567010309278351,0.75,54,43,21,18,0.5588235294117647,0.4705882352941176,0.5588235294117647,0.5367647058823529,0.4779411764705882,0.5441176470588235,0.4779411764705882,0.3628301481287604,5
TATAPOWER,4,0.85,1043,115,136,2024-12-19,2025-09-25,0.5147058823529411,0.5614718614718613,0.6526315789473685,0.5166666666666667,0.8857142857142857,62,58,8,8,0.5147058823529411,0.5147058823529411,0.5147058823529411,0.5220588235294118,0.5147058823529411,0.5147058823529411,0.5808823529411765,1.6562101975965549,5
TATAPOWER,5,0.9,1104,122,137,2025-05-12,2026-02-27,0.5401459854014599,0.4682031583440034,0.6735751295336787,0.5327868852459017,0.9154929577464788,65,57,9,6,0.5182481751824818,0.5182481751824818,0.4817518248175182,0.5182481751824818,0.5401459854014599,0.5255474452554745,0.5109489051094891,1.022407403272868,5
TATAPOWER,6,0.95,1165,129,69,2025-09-26,2026-02-27,0.5362318840579711,0.5611205432937181,0.6444444444444444,0.5576923076923077,0.7631578947368421,29,23,8,9,0.5217391304347826,0.5507246376811594,0.5072463768115942,0.5362318840579711,0.463768115942029,0.4057971014492754,0.4347826086956521,0.368559862139458,5
TATASTEEL,1,0.7,898,99,143,2023-10-25,2024-08-16,0.4965034965034965,0.4596518987341772,0.6210526315789474,0.5315315315315315,0.7468354430379747,59,52,12,20,0.5524475524475524,0.5734265734265734,0.5384615384615384,0.5174825174825175,0.5244755244755245,0.5104895104895105,0.4755244755244755,0.4455540262481598,5
TATASTEEL,2,0.75,962,106,143,2024-03-15,2025-01-01,0.4895104895104895,0.4837636932707355,0.6403940886699508,0.4924242424242424,0.9154929577464788,65,67,5,6,0.4965034965034965,0.4965034965034965,0.4685314685314685,0.5454545454545454,0.4825174825174825,0.5244755244755245,0.5034965034965035,0.5866022582256806,5
TATASTEEL,3,0.8,1026,114,142,2024-08-20,2025-05-13,0.4788732394366197,0.5237056139654831,0.63,0.4883720930232558,0.8873239436619719,63,66,5,8,0.5,0.5,0.5070422535211268,0.4859154929577465,0.4647887323943662,0.4718309859154929,0.4718309859154929,0.6659432216444238,5
TATASTEEL,4,0.85,1090,121,142,2025-01-03,2025-10-13,0.5563380281690141,0.5048076923076923,0.7123287671232876,0.5531914893617021,1.0,78,63,1,0,0.5492957746478874,0.5492957746478874,0.5352112676056338,0.528169014084507,0.5774647887323944,0.4859154929577465,0.528169014084507,7.999994734095124,5
TATASTEEL,5,0.9,1154,128,143,2025-05-14,2026-02-27,0.5104895104895105,0.4770227808326787,0.6728971962616822,0.5217391304347826,0.9473684210526316,72,66,1,4,0.5594405594405595,0.5314685314685315,0.5244755244755245,0.5174825174825175,0.4895104895104895,0.5314685314685315,0.4615384615384615,0.7694555026030775,5
TATASTEEL,6,0.95,1218,135,72,2025-10-14,2026-02-27,0.5138888888888888,0.5297297297297298,0.6464646464646465,0.5161290322580645,0.8648648648648649,32,30,5,5,0.5,0.5277777777777778,0.4722222222222222,0.5138888888888888,0.4722222222222222,0.5138888888888888,0.4305555555555556,0.3766514316688274,5
TCS,1,0.7,779,86,123,2023-11-13,2024-08-09,0.5121951219512195,0.47953216374269,0.6629213483146067,0.5267857142857143,0.8939393939393939,59,53,4,7,0.5365853658536586,0.5365853658536586,0.5284552845528455,0.5447154471544715,0.5447154471544715,0.5447154471544715,0.5447154471544715,0.5322079270986133,5
TCS,2,0.75,835,92,123,2024-03-26,2024-12-31,0.5528455284552846,0.4999999999999999,0.6892655367231638,0.5398230088495575,0.953125,61,52,7,3,0.5365853658536586,0.5203252032520326,0.5365853658536586,0.4390243902439024,0.5447154471544715,0.5203252032520326,0.5528455284552846,0.4709463817558413,5
TCS,3,0.8,890,98,124,2024-08-13,2025-05-16,0.4919354838709677,0.5327249022164275,0.6181818181818182,0.4811320754716981,0.864406779661017,51,55,10,8,0.5403225806451613,0.5483870967741935,0.4435483870967742,0.4435483870967742,0.4838709677419355,0.4677419354838709,0.4838709677419355,0.4814688157717353,5
TCS,4,0.85,945,105,124,2025-01-01,2025-10-09,0.4354838709677419,0.5582010582010583,0.5833333333333334,0.4298245614035088,0.9074074074074074,49,65,5,5,0.4354838709677419,0.4758064516129032,0.4354838709677419,0.4354838709677419,0.4838709677419355,0.4516129032258064,0.4274193548387097,0.4252715400777291,5
TCS,5,0.9,1001,111,124,2025-05-19,2026-02-26,0.4596774193548387,0.4878240377062058,0.6298342541436464,0.4596774193548387,1.0,57,67,0,0,0.4596774193548387,0.4596774193548387,0.4596774193548387,0.532258064516129,0.4435483870967742,0.4596774193548387,0.4596774193548387,7.999993612146693,5
TCS,6,0.95,1057,117,62,2025-10-10,2026-02-26,0.4838709677419355,0.4520833333333333,0.6521739130434783,0.4838709677419355,1.0,30,32,0,0,0.4838709677419355,0.4838709677419355,0.5,0.4838709677419355,0.4838709677419355,0.4516129032258064,0.4516129032258064,7.999993661318039,5
TECHM,1,0.7,856,95,136,2023-11-13,2024-08-20,0.5514705882352942,0.5304918032786885,0.5850340136054423,0.5972222222222222,0.5733333333333334,43,29,32,32,0.5514705882352942,0.5147058823529411,0.4852941176470588,0.5514705882352942,0.4338235294117647,0.4558823529411764,0.4338235294117647,0.1372579804225187,5
TECHM,2,0.75,918,101,136,2024-04-08,2025-01-06,0.4926470588235294,0.4953250706675364,0.6270270270270271,0.5178571428571429,0.7945205479452054,58,54,9,15,0.5367647058823529,0.5367647058823529,0.5588235294117647,0.5147058823529411,0.4485294117647059,0.5073529411764706,0.4558823529411764,7.999993593567088,5
TECHM,3,0.8,979,108,136,2024-08-21,2025-05-26,0.5147058823529411,0.5497404844290658,0.6632653061224489,0.5078125,0.9558823529411764,65,63,5,3,0.4926470588235294,0.5,0.4926470588235294,0.4779411764705882,0.4926470588235294,0.4779411764705882,0.4779411764705882,1.5983996627081027,5
TECHM,4,0.85,1040,115,136,2025-01-07,2025-10-09,0.5147058823529411,0.4992429158555051,0.65625,0.504,0.9402985074626866,63,62,7,4,0.4926470588235294,0.5220588235294118,0.5367647058823529,0.5220588235294118,0.4852941176470588,0.4705882352941176,0.4705882352941176,0.558288932285804,5
TECHM,5,0.9,1101,122,136,2025-05-28,2026-02-26,0.5294117647058824,0.4970798182998053,0.6521739130434783,0.5128205128205128,0.8955223880597015,60,57,12,7,0.4926470588235294,0.4926470588235294,0.4779411764705882,0.4485294117647059,0.4411764705882353,0.4485294117647059,0.4779411764705882,0.1000035356387145,5
TECHM,6,0.95,1162,129,68,2025-10-10,2026-02-26,0.5294117647058824,0.4792387543252595,0.6190476190476191,0.52,0.7647058823529411,26,24,10,8,0.4705882352941176,0.3970588235294117,0.4264705882352941,0.4411764705882353,0.4411764705882353,0.5,0.5,0.3754470885155395,5
TITAN,1,0.7,810,89,129,2023-11-24,2024-08-26,0.4961240310077519,0.3832846003898635,0.6486486486486487,0.5309734513274337,0.8333333333333334,60,53,4,12,0.5426356589147286,0.5038759689922481,0.4883720930232558,0.4496124031007752,0.5193798449612403,0.4496124031007752,0.5193798449612403,7.999994499571652,5
TITAN,2,0.75,867,96,129,2024-04-15,2025-01-01,0.5193798449612403,0.4752403846153846,0.6736842105263159,0.512,0.9846153846153848,64,61,3,1,0.5193798449612403,0.5038759689922481,0.5348837209302325,0.4651162790697674,0.4728682170542636,0.5193798449612403,0.5193798449612403,0.7963852807438283,5
TITAN,3,0.8,926,102,128,2024-08-27,2025-05-09,0.5078125,0.4967032967032967,0.6037735849056604,0.5106382978723404,0.7384615384615385,48,46,17,17,0.4921875,0.4453125,0.4765625,0.53125,0.5390625,0.5078125,0.5078125,0.325257616754582,5
TITAN,4,0.85,983,109,128,2025-01-02,2025-09-30,0.5,0.507568359375,0.6666666666666666,0.5,1.0,64,64,0,0,0.5,0.5,0.5,0.546875,0.453125,0.53125,0.515625,7.999993976616509,5
TITAN,5,0.9,1041,115,129,2025-05-13,2026-02-27,0.4961240310077519,0.4745192307692308,0.6632124352331606,0.4961240310077519,1.0,64,65,0,0,0.4961240310077519,0.4961240310077519,0.4496124031007752,0.5348837209302325,0.4728682170542636,0.4263565891472868,0.5503875968992248,1.4264499203665597,5
TITAN,6,0.95,1098,122,65,2025-10-01,2026-02-27,0.5230769230769231,0.603415559772296,0.686868686868687,0.5230769230769231,1.0,34,31,0,0,0.5230769230769231,0.5230769230769231,0.4769230769230769,0.4769230769230769,0.4461538461538462,0.5230769230769231,0.5846153846153846,0.1000035356387145,5
TORNTPHARM,1,0.7,814,90,129,2023-11-23,2024-08-06,0.5271317829457365,0.5364504776269482,0.6303030303030304,0.5977011494252874,0.6666666666666666,52,35,16,26,0.6046511627906976,0.5813953488372093,0.5271317829457365,0.5736434108527132,0.4883720930232558,0.6046511627906976,0.5503875968992248,0.195740035752902,5
TORNTPHARM,2,0.75,873,96,129,2024-03-22,2025-01-02,0.5426356589147286,0.4889434889434889,0.6628571428571428,0.5742574257425742,0.7837837837837838,58,43,12,16,0.5116279069767442,0.4651162790697674,0.5038759689922481,0.5038759689922481,0.5503875968992248,0.5736434108527132,0.5503875968992248,0.5861306996951207,5
TORNTPHARM,3,0.8,930,103,129,2024-08-12,2025-05-14,0.4883720930232558,0.5137217140105922,0.6024096385542168,0.4807692307692308,0.8064516129032258,50,54,13,12,0.4806201550387597,0.4806201550387597,0.4728682170542636,0.5116279069767442,0.5271317829457365,0.4573643410852713,0.4573643410852713,0.5181418458163305,5
TORNTPHARM,4,0.85,989,109,129,2025-01-03,2025-09-24,0.4961240310077519,0.5396825396825397,0.656084656084656,0.492063492063492,0.984126984126984,62,64,2,1,0.5038759689922481,0.4883720930232558,0.5271317829457365,0.5271317829457365,0.5503875968992248,0.4651162790697674,0.4883720930232558,0.4755592460318738,5
TORNTPHARM,5,0.9,1046,116,130,2025-05-16,2026-02-26,0.5461538461538461,0.5198384414350203,0.6910994764397905,0.5409836065573771,0.9565217391304348,66,56,5,3,0.5307692307692308,0.5307692307692308,0.5307692307692308,0.5461538461538461,0.5538461538461539,0.5230769230769231,0.5384615384615384,7.999993278933991,5
TORNTPHARM,6,0.95,1105,122,65,2025-09-25,2026-02-26,0.4923076923076923,0.4914285714285714,0.6292134831460674,0.5185185185185185,0.8,28,26,4,7,0.5846153846153846,0.6153846153846154,0.5230769230769231,0.4923076923076923,0.5846153846153846,0.4923076923076923,0.4923076923076923,0.5123558445373285,5
TVSMOTOR,1,0.7,878,97,139,2023-11-13,2024-08-08,0.4892086330935252,0.4895266024298282,0.5895953757225433,0.53125,0.6623376623376623,51,45,17,26,0.4820143884892086,0.4748201438848921,0.5107913669064749,0.5179856115107914,0.4100719424460431,0.5539568345323741,0.5467625899280576,0.3599668283159951,5
TVSMOTOR,2,0.75,940,104,140,2024-04-04,2024-12-30,0.5285714285714286,0.4989720394736842,0.6732673267326732,0.5396825396825397,0.8947368421052632,68,58,6,8,0.5428571428571428,0.5857142857142857,0.5142857142857142,0.5428571428571428,0.4714285714285714,0.5357142857142857,0.55,0.4102722397620201,5
TVSMOTOR,3,0.8,1003,111,139,2024-08-12,2025-04-29,0.539568345323741,0.4806249999999999,0.6734693877551021,0.5454545454545454,0.88,66,55,9,9,0.539568345323741,0.539568345323741,0.5179856115107914,0.5251798561151079,0.5539568345323741,0.539568345323741,0.5467625899280576,0.7652096108672827,5
TVSMOTOR,4,0.85,1066,118,139,2024-12-31,2025-09-17,0.5971223021582733,0.5265246449456976,0.7307692307692308,0.5757575757575758,1.0,76,56,7,0,0.5539568345323741,0.5467625899280576,0.5467625899280576,0.5827338129496403,0.5179856115107914,0.5755395683453237,0.5179856115107914,1.140532810976854,5
TVSMOTOR,5,0.9,1128,125,140,2025-04-30,2026-02-27,0.5285714285714286,0.4420363933755878,0.6666666666666666,0.528,0.9041095890410958,66,59,8,7,0.5214285714285715,0.5142857142857142,0.5214285714285715,0.5571428571428572,0.5357142857142857,0.4928571428571429,0.5214285714285715,1.1172642500876608,5
TVSMOTOR,6,0.95,1191,132,70,2025-09-18,2026-02-27,0.4714285714285714,0.4987714987714988,0.6407766990291262,0.4714285714285714,1.0,33,37,0,0,0.4714285714285714,0.4714285714285714,0.4714285714285714,0.4714285714285714,0.4571428571428571,0.4857142857142857,0.4714285714285714,0.4925473064005911,5
ULTRACEMCO,1,0.7,823,91,131,2023-11-21,2024-08-20,0.4809160305343511,0.4787283777466105,0.46875,0.5084745762711864,0.4347826086956521,30,29,33,39,0.465648854961832,0.5038167938931297,0.5114503816793893,0.5267175572519084,0.5038167938931297,0.4351145038167939,0.5038167938931297,0.3967505871894163,5
ULTRACEMCO,2,0.75,882,98,130,2024-04-12,2024-12-23,0.4923076923076923,0.510059171597633,0.5147058823529411,0.4929577464788732,0.5384615384615384,35,36,29,30,0.5,0.5,0.4538461538461538,0.4923076923076923,0.4615384615384615,0.5153846153846153,0.5153846153846153,0.457898513799081,5
ULTRACEMCO,3,0.8,941,104,131,2024-08-21,2025-04-28,0.5267175572519084,0.592203548085901,0.6219512195121951,0.504950495049505,0.8095238095238095,51,50,18,12,0.4809160305343511,0.4809160305343511,0.5038167938931297,0.4885496183206106,0.5343511450381679,0.4503816793893129,0.4885496183206106,0.9693478444484313,5
ULTRACEMCO,4,0.85,999,111,131,2024-12-24,2025-10-01,0.549618320610687,0.5527544351073763,0.6143790849673203,0.5222222222222223,0.746031746031746,47,43,25,16,0.4809160305343511,0.4885496183206106,0.5343511450381679,0.465648854961832,0.5190839694656488,0.4732824427480916,0.5648854961832062,1.1528467832648772,5
ULTRACEMCO,5,0.9,1059,117,131,2025-04-29,2026-02-27,0.549618320610687,0.5205223880597015,0.6508875739644971,0.5238095238095238,0.859375,55,50,17,9,0.4885496183206106,0.4885496183206106,0.5114503816793893,0.4885496183206106,0.5267175572519084,0.4961832061068702,0.5114503816793893,3.958066141073112,5
ULTRACEMCO,6,0.95,1117,124,66,2025-10-06,2026-02-27,0.4848484848484848,0.5303308823529411,0.5277777777777778,0.5,0.5588235294117647,19,19,13,15,0.5151515151515151,0.5454545454545454,0.4848484848484848,0.5303030303030303,0.5151515151515151,0.4696969696969697,0.4242424242424242,0.3368492085035798,5
VEDL,1,0.7,931,103,148,2023-12-08,2024-08-29,0.5878378378378378,0.5632119514472456,0.6666666666666667,0.6224489795918368,0.7176470588235294,61,37,26,24,0.5675675675675675,0.5540540540540541,0.5675675675675675,0.5,0.5135135135135135,0.5743243243243243,0.4729729729729729,0.4562396249749874,5
VEDL,2,0.75,998,110,148,2024-04-25,2025-01-15,0.527027027027027,0.5260654838119627,0.573170731707317,0.5402298850574713,0.6103896103896104,47,40,31,30,0.581081081081081,0.5743243243243243,0.5675675675675675,0.5337837837837838,0.527027027027027,0.5067567567567568,0.5405405405405406,0.2704120927630534,5
VEDL,3,0.8,1064,118,148,2024-08-30,2025-05-29,0.5337837837837838,0.4542285819115758,0.6960352422907489,0.5337837837837838,1.0,79,69,0,0,0.527027027027027,0.5337837837837838,0.4864864864864865,0.4662162162162162,0.5067567567567568,0.5135135135135135,0.4797297297297297,0.746374525684405,5
VEDL,4,0.85,1131,125,148,2025-01-16,2025-10-15,0.5743243243243243,0.5412047302291204,0.7149321266968326,0.5683453237410072,0.9634146341463414,79,60,6,3,0.581081081081081,0.5878378378378378,0.5405405405405406,0.5405405405405406,0.5472972972972973,0.5,0.5202702702702703,0.8028960188125822,5
VEDL,5,0.9,1197,133,148,2025-05-30,2026-02-27,0.5743243243243243,0.4965140380629358,0.7224669603524229,0.5857142857142857,0.942528735632184,82,58,3,5,0.5878378378378378,0.5675675675675675,0.5878378378378378,0.5202702702702703,0.5878378378378378,0.5067567567567568,0.5675675675675675,1.0565139725488668,5
VEDL,6,0.95,1264,140,74,2025-10-16,2026-02-27,0.6351351351351351,0.5801282051282052,0.737864077669903,0.6909090909090909,0.7916666666666666,38,17,9,10,0.6486486486486487,0.6351351351351351,0.527027027027027,0.4189189189189189,0.5540540540540541,0.5540540540540541,0.4459459459459459,0.6666259184273983,5
VOLTAS,1,0.7,875,97,139,2024-01-19,2024-09-26,0.5467625899280576,0.504978354978355,0.6631016042780749,0.6019417475728155,0.7380952380952381,62,41,14,22,0.5179856115107914,0.5323741007194245,0.5323741007194245,0.5467625899280576,0.4748201438848921,0.6258992805755396,0.5827338129496403,0.3824317296542759,5
VOLTAS,2,0.75,937,104,139,2024-05-23,2025-01-22,0.4964028776978417,0.5313018242122719,0.6534653465346535,0.5076923076923077,0.9166666666666666,66,64,3,6,0.4892086330935252,0.5611510791366906,0.5539568345323741,0.5251798561151079,0.539568345323741,0.4892086330935252,0.4028776978417266,0.2888147353272701,5
VOLTAS,3,0.8,1000,111,139,2024-09-27,2025-05-26,0.4316546762589928,0.464703425229741,0.4551724137931034,0.4024390243902439,0.5238095238095238,33,49,27,30,0.4748201438848921,0.4532374100719424,0.5323741007194245,0.4892086330935252,0.4748201438848921,0.460431654676259,0.4532374100719424,0.1730140443730083,5
VOLTAS,4,0.85,1062,118,139,2025-01-23,2025-10-17,0.5611510791366906,0.5311850311850312,0.6473988439306358,0.5656565656565656,0.7567567567567568,56,43,22,18,0.5323741007194245,0.5323741007194245,0.539568345323741,0.5323741007194245,0.5467625899280576,0.4820143884892086,0.5251798561151079,3.1117202769809587,5
VOLTAS,5,0.9,1125,125,139,2025-05-30,2026-02-27,0.5683453237410072,0.4820384294068505,0.7058823529411765,0.5625,0.9473684210526316,72,56,7,4,0.5467625899280576,0.5827338129496403,0.5755395683453237,0.5755395683453237,0.4244604316546763,0.4532374100719424,0.539568345323741,7.999993963725827,5
VOLTAS,6,0.95,1188,131,70,2025-10-20,2026-02-27,0.5714285714285714,0.5749385749385749,0.6808510638297872,0.5614035087719298,0.8648648648648649,32,25,8,5,0.5285714285714286,0.5285714285714286,0.5428571428571428,0.5142857142857142,0.5142857142857142,0.4571428571428571,0.4857142857142857,0.6083472499197884,5
WIPRO,1,0.7,817,90,130,2023-12-18,2024-09-12,0.4923076923076923,0.4958422428130197,0.5479452054794519,0.5194805194805194,0.5797101449275363,40,37,24,29,0.5615384615384615,0.5384615384615384,0.5230769230769231,0.5461538461538461,0.5769230769230769,0.5153846153846153,0.5461538461538461,0.1000035356387145,5
WIPRO,2,0.75,875,97,130,2024-05-06,2025-01-24,0.5307692307692308,0.519216996896634,0.6839378238341969,0.5409836065573771,0.9295774647887324,66,56,3,5,0.5461538461538461,0.5153846153846153,0.4923076923076923,0.5153846153846153,0.5307692307692308,0.5615384615384615,0.5,0.9284481053422544,5
WIPRO,3,0.8,934,103,130,2024-09-17,2025-06-04,0.4769230769230769,0.4541577825159914,0.6136363636363636,0.4778761061946903,0.8571428571428571,54,59,8,9,0.4846153846153846,0.4538461538461538,0.4615384615384615,0.5153846153846153,0.5076923076923077,0.4538461538461538,0.5461538461538461,0.2000850922060086,5
WIPRO,4,0.85,992,110,130,2025-01-27,2025-10-13,0.4923076923076923,0.4843453510436433,0.5657894736842105,0.4777777777777778,0.6935483870967742,43,47,21,19,0.5230769230769231,0.4769230769230769,0.4923076923076923,0.4769230769230769,0.5230769230769231,0.4769230769230769,0.5076923076923077,0.3911329865633843,5
WIPRO,5,0.9,1051,116,130,2025-06-06,2026-02-26,0.4923076923076923,0.5301233396584439,0.5,0.515625,0.4852941176470588,33,31,31,35,0.5307692307692308,0.5461538461538461,0.5,0.4384615384615384,0.5461538461538461,0.5307692307692308,0.4538461538461538,1.959212409863956,5
WIPRO,6,0.95,1109,123,65,2025-10-14,2026-02-26,0.5384615384615384,0.53544061302682,0.6666666666666667,0.5555555555555556,0.8333333333333334,30,24,5,6,0.5692307692307692,0.5692307692307692,0.5384615384615384,0.4769230769230769,0.4923076923076923,0.5230769230769231,0.4153846153846154,7.999993606397751,5
