{
  "window_id": 2,
  "train_ratio": 0.8,
  "acc_all": 0.5065359477124183,
  "acc_conf": 0.4681818181818182,
  "conf_rate": 0.7189542483660131,
  "n_conf": 220,
  "auc": 0.48175213675213674
}