{
  "window_id": 3,
  "train_ratio": 0.9,
  "acc_all": 0.4429530201342282,
  "acc_conf": 0.43859649122807015,
  "conf_rate": 0.7651006711409396,
  "n_conf": 114,
  "auc": 0.46793478260869564
}