{
  "window_id": 1,
  "train_ratio": 0.7,
  "acc_all": 0.5102040816326531,
  "acc_conf": 0.5126050420168067,
  "conf_rate": 0.8095238095238095,
  "n_conf": 238,
  "auc": 0.49277052238805963
}