{
  "window_id": 2,
  "train_ratio": 0.8,
  "acc_all": 0.5,
  "acc_conf": 0.5047169811320755,
  "conf_rate": 0.6883116883116883,
  "n_conf": 212,
  "auc": 0.5114578048368003
}