symbol,window_id,train_ratio,train_size,val_size,test_size,test_start,test_end,oos_accuracy,auc,f1,precision,recall,tp,fp,tn,fn,lgbm_acc,xgb_acc,lstm_acc,bilstm_acc,gru_acc,cnn_lstm_acc,cnn_gru_acc,tcn_gru_acc,tcn_transformer_acc,nbeats_acc,dir_acc_up,dir_acc_down,pct_neutral,pct_up,pct_down,temperature,dl_models_trained
SBIN,1,0.7,702,77,111,2024-03-19,2024-11-28,0.6396396396396397,0.5715850986121257,0.7560975609756098,0.6888888888888889,0.8378378378378378,62,28,9,12,0.46846846846846846,0.4594594594594595,0.0,0.0,0.0,0.0,0.0,0.0,0.0,0.0,0.6888888888888889,0.4285714285714286,0.0,0.8108108108108109,0.1891891891891892,0.234130439412667,0
SBIN,2,0.75,751,83,112,2024-07-26,2025-03-26,0.5982142857142857,0.6946319511411122,0.6762589928057554,0.5340909090909091,0.9215686274509803,47,41,20,4,0.5089285714285714,0.5982142857142857,0.0,0.0,0.0,0.0,0.0,0.0,0.0,0.0,0.5340909090909091,0.8333333333333334,0.0,0.7857142857142857,0.21428571428571427,0.1462793380865584,0
SBIN,3,0.8,801,89,111,2024-12-02,2025-08-05,0.5405405405405406,0.559973924380704,0.592,0.5068493150684932,0.7115384615384616,37,36,23,15,0.4774774774774775,0.5405405405405406,0.0,0.0,0.0,0.0,0.0,0.0,0.0,0.0,0.5068493150684932,0.6052631578947368,0.0,0.6576576576576577,0.34234234234234234,0.3892935768663199,0
SBIN,4,0.85,852,94,111,2025-03-28,2025-12-16,0.44144144144144143,0.31283422459893057,0.5694444444444444,0.6119402985074627,0.5324675324675324,41,26,8,36,0.44144144144144143,0.3783783783783784,0.0,0.0,0.0,0.0,0.0,0.0,0.0,0.0,0.6119402985074627,0.18181818181818177,0.0,0.6036036036036037,0.3963963963963964,0.5331918492716443,0
SBIN,5,0.9,901,100,112,2025-08-06,2026-04-22,0.4107142857142857,0.2586270871985158,0.5352112676056338,0.5846153846153846,0.4935064935064935,38,27,8,39,0.5357142857142857,0.6785714285714286,0.0,0.0,0.0,0.0,0.0,0.0,0.0,0.0,0.5846153846153846,0.17021276595744683,0.0,0.5803571428571429,0.41964285714285715,0.39260537350119484,0
SBIN,6,0.95,952,105,56,2025-12-18,2026-04-22,0.4107142857142857,0.26822916666666663,0.5352112676056338,0.48717948717948717,0.59375,19,20,4,13,0.35714285714285715,0.3392857142857143,0.0,0.0,0.0,0.0,0.0,0.0,0.0,0.0,0.48717948717948717,0.23529411764705888,0.0,0.6964285714285714,0.30357142857142855,0.29500460170714565,0
ICICIBANK,1,0.7,645,71,103,2024-02-05,2024-10-21,0.6213592233009708,0.43939393939393934,0.7450980392156863,0.6867469879518072,0.8142857142857143,57,26,7,13,0.5145631067961165,0.6796116504854369,0.0,0.0,0.0,0.0,0.0,0.0,0.0,0.0,0.6867469879518072,0.35,0.0,0.8058252427184466,0.1941747572815534,1.0,0
ICICIBANK,2,0.75,692,76,102,2024-07-01,2025-02-04,0.4803921568627451,0.5075086638428956,0.5309734513274337,0.5,0.5660377358490566,30,30,19,23,0.4803921568627451,0.5588235294117647,0.0,0.0,0.0,0.0,0.0,0.0,0.0,0.0,0.5,0.45238095238095233,0.0,0.5882352941176471,0.4117647058823529,0.27628405514166626,0
ICICIBANK,3,0.8,738,81,102,2024-10-22,2025-07-29,0.5196078431372549,0.6220684352172241,0.6474820143884892,0.5113636363636364,0.8823529411764706,45,43,8,6,0.5784313725490197,0.5588235294117647,0.0,0.0,0.0,0.0,0.0,0.0,0.0,0.0,0.5113636363636364,0.5714285714285714,0.0,0.8627450980392157,0.13725490196078433,0.1785939636867648,0
ICICIBANK,4,0.85,783,87,102,2025-02-05,2025-12-04,0.5882352941176471,0.6585928489042676,0.6379310344827587,0.5692307692307692,0.7254901960784313,37,28,23,14,0.6470588235294118,0.5784313725490197,0.0,0.0,0.0,0.0,0.0,0.0,0.0,0.0,0.5692307692307692,0.6216216216216216,0.0,0.6372549019607843,0.3627450980392157,0.45038520059717424,0
ICICIBANK,5,0.9,829,92,103,2025-07-30,2026-04-22,0.5728155339805825,0.5924468922108576,0.6140350877192983,0.4794520547945205,0.8536585365853658,35,38,24,6,0.5339805825242718,0.5533980582524272,0.0,0.0,0.0,0.0,0.0,0.0,0.0,0.0,0.4794520547945205,0.8,0.0,0.7087378640776699,0.2912621359223301,0.5318096713128131,0
ICICIBANK,6,0.95,875,97,52,2025-12-05,2026-04-22,0.4807692307692308,0.58125,0.509090909090909,0.4,0.7,14,21,11,6,0.5769230769230769,0.6346153846153846,0.0,0.0,0.0,0.0,0.0,0.0,0.0,0.0,0.4,0.6470588235294117,0.0,0.6730769230769231,0.3269230769230769,0.4910067134589815,0
HDFCBANK,1,0.7,613,68,98,2024-02-07,2024-10-15,0.5,0.6093137254901961,0.5420560747663551,0.7435897435897436,0.4264705882352941,29,10,20,39,0.4897959183673469,0.5510204081632653,0.0,0.0,0.0,0.0,0.0,0.0,0.0,0.0,0.7435897435897436,0.3389830508474576,0.0,0.3979591836734694,0.6020408163265306,0.5086625802893943,0
HDFCBANK,2,0.75,657,73,97,2024-06-12,2025-01-31,0.5360824742268041,0.6087533156498675,0.5054945054945055,0.696969696969697,0.39655172413793105,23,10,29,35,0.44329896907216493,0.5876288659793815,0.0,0.0,0.0,0.0,0.0,0.0,0.0,0.0,0.696969696969697,0.453125,0.0,0.3402061855670103,0.6597938144329897,0.493188900988842,0
HDFCBANK,3,0.8,702,77,97,2024-10-16,2025-06-18,0.5979381443298969,0.6131578947368421,0.6213592233009708,0.6956521739130435,0.5614035087719298,32,14,26,25,0.422680412371134,0.44329896907216493,0.0,0.0,0.0,0.0,0.0,0.0,0.0,0.0,0.6956521739130435,0.5098039215686274,0.0,0.4742268041237113,0.5257731958762887,0.10000660285425449,0
HDFCBANK,4,0.85,745,82,98,2025-02-01,2025-12-11,0.5510204081632653,0.568249893025246,0.5925925925925926,0.6274509803921569,0.5614035087719298,32,19,22,25,0.5510204081632653,0.5816326530612245,0.0,0.0,0.0,0.0,0.0,0.0,0.0,0.0,0.6274509803921569,0.46808510638297873,0.0,0.5204081632653061,0.47959183673469385,0.1831661435469236,0
HDFCBANK,5,0.9,789,87,98,2025-06-19,2026-04-22,0.46938775510204084,0.5479390681003584,0.4583333333333333,0.36666666666666664,0.6111111111111112,22,38,24,14,0.45918367346938777,0.5510204081632653,0.0,0.0,0.0,0.0,0.0,0.0,0.0,0.0,0.36666666666666664,0.631578947368421,0.0,0.6122448979591837,0.3877551020408163,0.6494106478180004,0
HDFCBANK,6,0.95,833,92,49,2025-12-12,2026-04-22,0.4897959183673469,0.6363636363636364,0.4444444444444444,0.29411764705882354,0.9090909090909091,10,24,14,1,0.46938775510204084,0.4897959183673469,0.0,0.0,0.0,0.0,0.0,0.0,0.0,0.0,0.29411764705882354,0.9333333333333333,0.0,0.6938775510204082,0.30612244897959184,0.6474812234681961,0
AXISBANK,1,0.7,673,74,107,2024-03-14,2024-11-08,0.5794392523364486,0.4873737373737374,0.7337278106508875,0.5849056603773585,0.9841269841269841,62,44,0,1,0.5327102803738317,0.5887850467289719,0.0,0.0,0.0,0.0,0.0,0.0,0.0,0.0,0.5849056603773585,0.0,0.0,0.9906542056074766,0.009345794392523364,0.15049538837867166,0
AXISBANK,2,0.75,721,80,106,2024-07-23,2025-03-12,0.5471698113207547,0.5456184637576632,0.625,0.49382716049382713,0.851063829787234,40,41,18,7,0.5566037735849056,0.4528301886792453,0.0,0.0,0.0,0.0,0.0,0.0,0.0,0.0,0.49382716049382713,0.72,0.0,0.7641509433962265,0.2358490566037736,0.4133264311489432,0
AXISBANK,3,0.8,769,85,107,2024-11-11,2025-07-22,0.4485981308411215,0.7471139971139972,0.5986394557823129,0.42718446601941745,1.0,44,59,4,0,0.45794392523364486,0.4672897196261682,0.0,0.0,0.0,0.0,0.0,0.0,0.0,0.0,0.42718446601941745,1.0,0.0,0.9626168224299065,0.037383177570093455,0.6825726878859932,0
AXISBANK,4,0.85,817,90,107,2025-03-13,2025-12-02,0.5887850467289719,0.5925531914893617,0.6944444444444444,0.5952380952380952,0.8333333333333334,50,34,13,10,0.5981308411214953,0.5607476635514018,0.0,0.0,0.0,0.0,0.0,0.0,0.0,0.0,0.5952380952380952,0.5652173913043479,0.0,0.7850467289719626,0.21495327102803738,1.0,0
AXISBANK,5,0.9,865,96,107,2025-07-23,2026-04-22,0.5887850467289719,0.6419068736141907,0.6615384615384615,0.671875,0.6515151515151515,43,21,20,23,0.6448598130841121,0.5794392523364486,0.0,0.0,0.0,0.0,0.0,0.0,0.0,0.0,0.671875,0.4651162790697675,0.0,0.5981308411214953,0.40186915887850466,0.601765814289608,0
AXISBANK,6,0.95,913,101,54,2025-12-09,2026-04-22,0.5740740740740741,0.6510344827586206,0.5490196078431373,0.6363636363636364,0.4827586206896552,14,8,17,15,0.5185185185185185,0.6111111111111112,0.0,0.0,0.0,0.0,0.0,0.0,0.0,0.0,0.6363636363636364,0.53125,0.0,0.4074074074074074,0.5925925925925926,0.5411884896557745,0
INDUSINDBK,1,0.7,703,78,112,2024-04-15,2024-12-11,0.45535714285714285,0.5081260364842455,0.5611510791366906,0.4148936170212766,0.8666666666666667,39,55,12,6,0.5,0.44642857142857145,0.0,0.0,0.0,0.0,0.0,0.0,0.0,0.0,0.4148936170212766,0.6666666666666667,0.0,0.8392857142857143,0.16071428571428573,0.3269366793839021,0
INDUSINDBK,2,0.75,754,83,112,2024-08-14,2025-03-26,0.36607142857142855,0.5210884353741496,0.5170068027210885,0.3619047619047619,0.9047619047619048,38,67,3,4,0.39285714285714285,0.375,0.0,0.0,0.0,0.0,0.0,0.0,0.0,0.0,0.3619047619047619,0.4285714285714286,0.0,0.9375,0.0625,1.0,0
INDUSINDBK,3,0.8,804,89,112,2024-12-12,2025-07-15,0.5178571428571429,0.482890949792133,0.6625,0.5247524752475248,0.8983050847457628,53,48,5,6,0.5178571428571429,0.5089285714285714,0.0,0.0,0.0,0.0,0.0,0.0,0.0,0.0,0.5247524752475248,0.4545454545454546,0.0,0.9017857142857143,0.09821428571428571,1.0,0
INDUSINDBK,4,0.85,855,94,112,2025-03-27,2025-11-21,0.4732142857142857,0.4226936676309868,0.6424242424242425,0.5096153846153846,0.8688524590163934,53,51,0,8,0.5,0.5446428571428571,0.0,0.0,0.0,0.0,0.0,0.0,0.0,0.0,0.5096153846153846,0.0,0.0,0.9285714285714286,0.07142857142857142,1.0,0
INDUSINDBK,5,0.9,905,100,112,2025-07-16,2026-04-22,0.4642857142857143,0.42378826530612246,0.5161290322580645,0.47058823529411764,0.5714285714285714,32,36,20,24,0.41964285714285715,0.5,0.0,0.0,0.0,0.0,0.0,0.0,0.0,0.0,0.47058823529411764,0.4545454545454546,0.0,0.6071428571428571,0.39285714285714285,1.0,0
INDUSINDBK,6,0.95,955,106,56,2025-11-24,2026-04-22,0.4642857142857143,0.4856770833333333,0.4827586206896552,0.5384615384615384,0.4375,14,12,12,18,0.5892857142857143,0.42857142857142855,0.0,0.0,0.0,0.0,0.0,0.0,0.0,0.0,0.5384615384615384,0.4,0.0,0.4642857142857143,0.5357142857142857,1.0,0
KOTAKBANK,1,0.7,666,73,105,2024-04-10,2024-12-04,0.5238095238095238,0.5816993464052289,0.358974358974359,0.5833333333333334,0.25925925925925924,14,10,41,40,0.4857142857142857,0.5619047619047619,0.0,0.0,0.0,0.0,0.0,0.0,0.0,0.0,0.5833333333333334,0.5061728395061729,0.0,0.22857142857142856,0.7714285714285715,0.7723235284287494,0
KOTAKBANK,2,0.75,713,79,105,2024-08-21,2025-04-08,0.4666666666666667,0.5799706529713866,0.3,0.5454545454545454,0.20689655172413793,12,10,37,46,0.49523809523809526,0.5047619047619047,0.0,0.0,0.0,0.0,0.0,0.0,0.0,0.0,0.5454545454545454,0.4457831325301205,0.0,0.20952380952380953,0.7904761904761904,0.7537921178729955,0
KOTAKBANK,3,0.8,760,84,106,2024-12-06,2025-08-04,0.5094339622641509,0.6330110991765128,0.35,0.6086956521739131,0.24561403508771928,14,9,40,43,0.5660377358490566,0.5283018867924528,0.0,0.0,0.0,0.0,0.0,0.0,0.0,0.0,0.6086956521739131,0.4819277108433735,0.0,0.2169811320754717,0.7830188679245284,0.6908440495394598,0
KOTAKBANK,4,0.85,808,89,106,2025-04-09,2025-12-04,0.5754716981132075,0.64349376114082,0.5714285714285714,0.6,0.5454545454545454,30,20,31,25,0.5754716981132075,0.6037735849056604,0.0,0.0,0.0,0.0,0.0,0.0,0.0,0.0,0.6,0.5535714285714286,0.0,0.4716981132075472,0.5283018867924528,0.30006829107646615,0
KOTAKBANK,5,0.9,855,95,106,2025-08-05,2026-04-22,0.5283018867924528,0.5732620320855615,0.5283018867924528,0.5490196078431373,0.509090909090909,28,23,28,27,0.5754716981132075,0.5188679245283019,0.0,0.0,0.0,0.0,0.0,0.0,0.0,0.0,0.5490196078431373,0.509090909090909,0.0,0.4811320754716981,0.5188679245283019,0.5315980723256787,0
KOTAKBANK,6,0.95,903,100,53,2025-12-05,2026-04-22,0.49056603773584906,0.46874999999999994,0.4489795918367347,0.39285714285714285,0.5238095238095238,11,17,15,10,0.4716981132075472,0.49056603773584906,0.0,0.0,0.0,0.0,0.0,0.0,0.0,0.0,0.39285714285714285,0.6,0.0,0.5283018867924528,0.4716981132075472,0.8237184569460821,0
IDFCFIRSTB,1,0.7,738,81,117,2024-02-26,2024-12-13,0.36752136752136755,0.514935064935065,0.5,0.3425925925925926,0.925,37,71,6,3,0.6153846153846154,0.3418803418803419,0.0,0.0,0.0,0.0,0.0,0.0,0.0,0.0,0.3425925925925926,0.6666666666666667,0.0,0.9230769230769231,0.07692307692307693,1.0,0
IDFCFIRSTB,2,0.75,790,87,117,2024-07-30,2025-04-07,0.6410256410256411,0.6780864197530864,0.5531914893617021,0.5306122448979592,0.5777777777777777,26,23,49,19,0.5555555555555556,0.6239316239316239,0.0,0.0,0.0,0.0,0.0,0.0,0.0,0.0,0.5306122448979592,0.7205882352941176,0.0,0.4188034188034188,0.5811965811965812,1.0,0
IDFCFIRSTB,3,0.8,843,93,117,2024-12-16,2025-08-06,0.5213675213675214,0.5497076023391813,0.44,0.5116279069767442,0.38596491228070173,22,21,39,35,0.5384615384615384,0.5299145299145299,0.0,0.0,0.0,0.0,0.0,0.0,0.0,0.0,0.5116279069767442,0.527027027027027,0.0,0.36752136752136755,0.6324786324786325,0.46330277340930265,0
IDFCFIRSTB,4,0.85,895,99,117,2025-04-08,2025-12-08,0.46153846153846156,0.4724852071005917,0.42201834862385323,0.5227272727272727,0.35384615384615387,23,21,31,42,0.4444444444444444,0.452991452991453,0.0,0.0,0.0,0.0,0.0,0.0,0.0,0.0,0.5227272727272727,0.4246575342465754,0.0,0.37606837606837606,0.6239316239316239,0.4464749228780417,0
IDFCFIRSTB,5,0.9,948,105,117,2025-08-08,2026-04-22,0.47863247863247865,0.5178258328462886,0.3838383838383838,0.475,0.3220338983050847,19,21,37,40,0.5811965811965812,0.49572649572649574,0.0,0.0,0.0,0.0,0.0,0.0,0.0,0.0,0.475,0.48051948051948057,0.0,0.3418803418803419,0.6581196581196581,0.5072771247003769,0
IDFCFIRSTB,6,0.95,1000,111,59,2025-12-09,2026-04-22,0.6101694915254238,0.5174825174825175,0.25806451612903225,0.8,0.15384615384615385,4,1,32,22,0.5084745762711864,0.559322033898305,0.0,0.0,0.0,0.0,0.0,0.0,0.0,0.0,0.8,0.5925925925925926,0.0,0.0847457627118644,0.9152542372881356,1.0,0
BANDHANBNK,1,0.7,761,84,121,2024-04-15,2024-12-02,0.6611570247933884,0.6652983032293376,0.6495726495726496,0.7037037037037037,0.6031746031746031,38,16,42,25,0.5867768595041323,0.5950413223140496,0.0,0.0,0.0,0.0,0.0,0.0,0.0,0.0,0.7037037037037037,0.6268656716417911,0.0,0.4462809917355372,0.5537190082644629,0.5805102602022479,0
BANDHANBNK,2,0.75,816,90,120,2024-08-14,2025-03-26,0.525,0.578,0.5777777777777777,0.4588235294117647,0.78,39,46,24,11,0.5583333333333333,0.43333333333333335,0.0,0.0,0.0,0.0,0.0,0.0,0.0,0.0,0.4588235294117647,0.6857142857142857,0.0,0.7083333333333334,0.2916666666666667,0.8946961087306099,0
BANDHANBNK,3,0.8,870,96,121,2024-12-04,2025-07-31,0.5371900826446281,0.5693753454947486,0.5172413793103449,0.4838709677419355,0.5555555555555556,30,32,35,24,0.5289256198347108,0.5206611570247934,0.0,0.0,0.0,0.0,0.0,0.0,0.0,0.0,0.4838709677419355,0.5932203389830508,0.0,0.512396694214876,0.48760330578512395,0.6099897881322572,0
BANDHANBNK,4,0.85,924,102,121,2025-03-27,2025-12-09,0.5950413223140496,0.5809185347184255,0.5050505050505051,0.625,0.423728813559322,25,15,47,34,0.5041322314049587,0.5289256198347108,0.0,0.0,0.0,0.0,0.0,0.0,0.0,0.0,0.625,0.5802469135802469,0.0,0.3305785123966942,0.6694214876033058,0.6149476808194694,0
BANDHANBNK,5,0.9,979,108,121,2025-08-01,2026-04-22,0.512396694214876,0.4398907103825137,0.3218390804597701,0.5185185185185185,0.23333333333333334,14,13,48,46,0.49586776859504134,0.5206611570247934,0.0,0.0,0.0,0.0,0.0,0.0,0.0,0.0,0.5185185185185185,0.5106382978723405,0.0,0.2231404958677686,0.7768595041322314,0.6305407741758916,0
BANDHANBNK,6,0.95,1033,114,61,2025-12-10,2026-04-22,0.4426229508196721,0.4783549783549784,0.15,0.42857142857142855,0.09090909090909091,3,4,24,30,0.45901639344262296,0.4262295081967213,0.0,0.0,0.0,0.0,0.0,0.0,0.0,0.0,0.42857142857142855,0.4444444444444444,0.0,0.11475409836065574,0.8852459016393442,0.5722906997912697,0
FEDERALBNK,1,0.7,722,80,115,2024-03-22,2024-11-08,0.5652173913043478,0.5307017543859649,0.6710526315789473,0.6710526315789473,0.6710526315789473,51,25,14,25,0.5652173913043478,0.6347826086956522,0.0,0.0,0.0,0.0,0.0,0.0,0.0,0.0,0.6710526315789473,0.3589743589743589,0.0,0.6608695652173913,0.3391304347826087,0.435185005269263,0
FEDERALBNK,2,0.75,774,86,114,2024-08-05,2025-03-07,0.5263157894736842,0.7133520074696544,0.6351351351351351,0.4845360824742268,0.9215686274509803,47,50,13,4,0.5350877192982456,0.49122807017543857,0.0,0.0,0.0,0.0,0.0,0.0,0.0,0.0,0.4845360824742268,0.7647058823529411,0.0,0.8508771929824561,0.14912280701754385,0.4365262703836203,0
FEDERALBNK,3,0.8,826,91,115,2024-11-12,2025-07-18,0.4608695652173913,0.46370235934664245,0.5633802816901409,0.47058823529411764,0.7017543859649122,40,45,13,17,0.48695652173913045,0.5043478260869565,0.0,0.0,0.0,0.0,0.0,0.0,0.0,0.0,0.47058823529411764,0.43333333333333335,0.0,0.7391304347826086,0.2608695652173913,0.2742726520128994,0
FEDERALBNK,4,0.85,877,97,115,2025-03-11,2025-11-21,0.46956521739130436,0.47528015820698744,0.5960264900662252,0.5844155844155844,0.6081081081081081,45,32,9,29,0.4608695652173913,0.5304347826086957,0.0,0.0,0.0,0.0,0.0,0.0,0.0,0.0,0.5844155844155844,0.23684210526315785,0.0,0.6695652173913044,0.33043478260869563,1.0,0
FEDERALBNK,5,0.9,929,103,115,2025-07-21,2026-04-22,0.43478260869565216,0.3746770025839794,0.5578231292517006,0.5466666666666666,0.5694444444444444,41,34,9,31,0.45217391304347826,0.4608695652173913,0.0,0.0,0.0,0.0,0.0,0.0,0.0,0.0,0.5466666666666666,0.22499999999999998,0.0,0.6521739130434783,0.34782608695652173,1.0,0
FEDERALBNK,6,0.95,981,108,58,2025-11-24,2026-04-22,0.46551724137931033,0.5366459627329193,0.39215686274509803,0.625,0.2857142857142857,10,6,17,25,0.4482758620689655,0.39655172413793105,0.0,0.0,0.0,0.0,0.0,0.0,0.0,0.0,0.625,0.40476190476190477,0.0,0.27586206896551724,0.7241379310344828,1.0,0
BAJAJFINSV,1,0.7,677,75,108,2024-03-18,2024-11-22,0.5925925925925926,0.6013071895424836,0.6333333333333333,0.6031746031746031,0.6666666666666666,38,25,26,19,0.5555555555555556,0.6018518518518519,0.0,0.0,0.0,0.0,0.0,0.0,0.0,0.0,0.6031746031746031,0.5777777777777777,0.0,0.5833333333333334,0.4166666666666667,0.1441248068697267,0
BAJAJFINSV,2,0.75,726,80,107,2024-08-07,2025-03-18,0.514018691588785,0.524390243902439,0.6388888888888888,0.5897435897435898,0.696969696969697,46,32,9,20,0.4766355140186916,0.616822429906542,0.0,0.0,0.0,0.0,0.0,0.0,0.0,0.0,0.5897435897435898,0.31034482758620685,0.0,0.7289719626168224,0.27102803738317754,0.44229062503759425,0
BAJAJFINSV,3,0.8,774,86,107,2024-11-27,2025-07-29,0.5607476635514018,0.5763081395348837,0.6356589147286822,0.6307692307692307,0.640625,41,24,19,23,0.5233644859813084,0.42990654205607476,0.0,0.0,0.0,0.0,0.0,0.0,0.0,0.0,0.6307692307692307,0.45238095238095233,0.0,0.6074766355140186,0.3925233644859813,0.21466209307202042,0
BAJAJFINSV,4,0.85,822,91,108,2025-03-19,2025-11-26,0.48148148148148145,0.4443681318681319,0.582089552238806,0.5,0.6964285714285714,39,39,13,17,0.4166666666666667,0.49074074074074076,0.0,0.0,0.0,0.0,0.0,0.0,0.0,0.0,0.5,0.43333333333333335,0.0,0.7222222222222222,0.2777777777777778,0.7269355468904538,0
BAJAJFINSV,5,0.9,871,96,108,2025-07-30,2026-04-22,0.49074074074074076,0.46031746031746035,0.40860215053763443,0.3958333333333333,0.4222222222222222,19,29,34,26,0.4722222222222222,0.49074074074074076,0.0,0.0,0.0,0.0,0.0,0.0,0.0,0.0,0.3958333333333333,0.5666666666666667,0.0,0.4444444444444444,0.5555555555555556,0.5939155034681741,0
BAJAJFINSV,6,0.95,919,102,54,2025-11-27,2026-04-22,0.2777777777777778,0.41538461538461535,0.4,0.26,0.8666666666666667,13,37,2,2,0.3888888888888889,0.2777777777777778,0.0,0.0,0.0,0.0,0.0,0.0,0.0,0.0,0.26,0.5,0.0,0.9259259259259259,0.07407407407407407,1.0,0
AUBANK,1,0.7,740,82,118,2024-04-02,2024-12-13,0.4576271186440678,0.44877344877344877,0.5616438356164384,0.45054945054945056,0.7454545454545455,41,50,13,14,0.423728813559322,0.5,0.0,0.0,0.0,0.0,0.0,0.0,0.0,0.0,0.45054945054945056,0.4814814814814815,0.0,0.7711864406779662,0.2288135593220339,0.5026852815575804,0
AUBANK,2,0.75,793,88,117,2024-08-12,2025-04-04,0.42735042735042733,0.4428152492668621,0.5379310344827586,0.43333333333333335,0.7090909090909091,39,51,11,16,0.3504273504273504,0.47863247863247865,0.0,0.0,0.0,0.0,0.0,0.0,0.0,0.0,0.43333333333333335,0.40740740740740744,0.0,0.7692307692307693,0.23076923076923078,0.571105702694976,0
AUBANK,3,0.8,846,94,117,2024-12-16,2025-08-04,0.3162393162393162,0.271586037966932,0.38461538461538464,0.423728813559322,0.352112676056338,25,34,12,46,0.46153846153846156,0.39316239316239315,0.0,0.0,0.0,0.0,0.0,0.0,0.0,0.0,0.423728813559322,0.2068965517241379,0.0,0.5042735042735043,0.49572649572649574,1.0,0
AUBANK,4,0.85,899,99,118,2025-04-07,2025-12-03,0.4830508474576271,0.40875629600929875,0.5906040268456376,0.7333333333333333,0.4943820224719101,44,16,13,45,0.559322033898305,0.2457627118644068,0.0,0.0,0.0,0.0,0.0,0.0,0.0,0.0,0.7333333333333333,0.22413793103448276,0.0,0.5084745762711864,0.4915254237288136,0.10000660285425449,0
AUBANK,5,0.9,952,105,118,2025-08-05,2026-04-22,0.4830508474576271,0.5362179487179487,0.41904761904761906,0.8148148148148148,0.28205128205128205,22,5,35,56,0.5169491525423728,0.4152542372881356,0.0,0.0,0.0,0.0,0.0,0.0,0.0,0.0,0.8148148148148148,0.3846153846153846,0.0,0.2288135593220339,0.7711864406779662,0.7579695971082194,0
AUBANK,6,0.95,1005,111,59,2025-12-04,2026-04-22,0.4576271186440678,0.42708333333333337,0.2727272727272727,0.5,0.1875,6,6,21,26,0.559322033898305,0.4576271186440678,0.0,0.0,0.0,0.0,0.0,0.0,0.0,0.0,0.5,0.44680851063829785,0.0,0.2033898305084746,0.7966101694915254,0.5367749425746007,0
BAJFINANCE,1,0.7,710,78,112,2024-04-25,2024-12-18,0.5892857142857143,0.6432692307692308,0.603448275862069,0.625,0.5833333333333334,35,21,31,25,0.5089285714285714,0.4375,0.0,0.0,0.0,0.0,0.0,0.0,0.0,0.0,0.625,0.5535714285714286,0.0,0.5,0.5,0.15653903774318412,0
BAJFINANCE,2,0.75,760,84,113,2024-08-27,2025-04-22,0.49557522123893805,0.44451827242524916,0.49557522123893805,0.6511627906976745,0.4,28,15,28,42,0.49557522123893805,0.3805309734513274,0.0,0.0,0.0,0.0,0.0,0.0,0.0,0.0,0.6511627906976745,0.4,0.0,0.3805309734513274,0.6194690265486725,1.0,0
BAJFINANCE,3,0.8,810,90,113,2024-12-24,2025-08-19,0.46017699115044247,0.5094771241830065,0.45045045045045046,0.5813953488372093,0.36764705882352944,25,18,27,43,0.5132743362831859,0.4336283185840708,0.0,0.0,0.0,0.0,0.0,0.0,0.0,0.0,0.5813953488372093,0.3857142857142857,0.0,0.3805309734513274,0.6194690265486725,0.5350153763211172,0
BAJFINANCE,4,0.85,862,95,112,2025-04-23,2025-12-05,0.5267857142857143,0.5474124075859852,0.5225225225225225,0.58,0.47540983606557374,29,21,30,32,0.5,0.5892857142857143,0.0,0.0,0.0,0.0,0.0,0.0,0.0,0.0,0.58,0.4838709677419355,0.0,0.44642857142857145,0.5535714285714286,0.3485318761321854,0
BAJFINANCE,5,0.9,912,101,113,2025-08-20,2026-04-21,0.5309734513274337,0.5558007566204287,0.4044943820224719,0.4864864864864865,0.34615384615384615,18,19,42,34,0.5752212389380531,0.5398230088495575,0.0,0.0,0.0,0.0,0.0,0.0,0.0,0.0,0.4864864864864865,0.5526315789473684,0.0,0.3274336283185841,0.672566371681416,0.48157900373794144,0
BAJFINANCE,6,0.95,963,106,57,2025-12-08,2026-04-21,0.6666666666666666,0.706371191135734,0.5777777777777777,0.5,0.6842105263157895,13,13,25,6,0.6842105263157895,0.5964912280701754,0.0,0.0,0.0,0.0,0.0,0.0,0.0,0.0,0.5,0.8064516129032258,0.0,0.45614035087719296,0.543859649122807,0.5685585943659655,0
ICICIGI,1,0.7,657,72,104,2024-06-07,2024-12-19,0.5192307692307693,0.4875,0.5614035087719298,0.5925925925925926,0.5333333333333333,32,22,22,28,0.5384615384615384,0.5769230769230769,0.0,0.0,0.0,0.0,0.0,0.0,0.0,0.0,0.5925925925925926,0.43999999999999995,0.0,0.5192307692307693,0.4807692307692308,0.4441734256027904,0
ICICIGI,2,0.75,703,78,104,2024-09-10,2025-04-03,0.6057692307692307,0.6720867208672087,0.5591397849462365,0.5,0.6341463414634146,26,26,37,15,0.6442307692307693,0.3942307692307692,0.0,0.0,0.0,0.0,0.0,0.0,0.0,0.0,0.5,0.7115384615384616,0.0,0.5,0.5,0.29210106418969173,0
ICICIGI,3,0.8,750,83,104,2024-12-20,2025-07-22,0.5384615384615384,0.51165371809101,0.625,0.5333333333333333,0.7547169811320755,40,35,16,13,0.5769230769230769,0.5769230769230769,0.0,0.0,0.0,0.0,0.0,0.0,0.0,0.0,0.5333333333333333,0.5517241379310345,0.0,0.7211538461538461,0.27884615384615385,1.0,0
ICICIGI,4,0.85,797,88,104,2025-04-07,2025-12-29,0.5096153846153846,0.4888888888888888,0.6709677419354839,0.5148514851485149,0.9629629629629629,52,49,1,2,0.49038461538461536,0.5192307692307693,0.0,0.0,0.0,0.0,0.0,0.0,0.0,0.0,0.5148514851485149,0.33333333333333337,0.0,0.9711538461538461,0.028846153846153848,1.0,0
ICICIGI,5,0.9,844,93,105,2025-07-24,2026-04-22,0.5047619047619047,0.5448148148148148,0.5357142857142857,0.44776119402985076,0.6666666666666666,30,37,23,15,0.5333333333333333,0.42857142857142855,0.0,0.0,0.0,0.0,0.0,0.0,0.0,0.0,0.44776119402985076,0.6052631578947368,0.0,0.638095238095238,0.3619047619047619,1.0,0
ICICIGI,6,0.95,891,98,53,2025-12-30,2026-04-22,0.660377358490566,0.6749226006191951,0.5909090909090909,0.52,0.6842105263157895,13,12,22,6,0.7169811320754716,0.3584905660377358,0.0,0.0,0.0,0.0,0.0,0.0,0.0,0.0,0.52,0.7857142857142857,0.0,0.4716981132075472,0.5283018867924528,0.2743059353896149,0
SBILIFE,1,0.7,675,74,107,2024-04-10,2024-11-13,0.4953271028037383,0.5277973258268824,0.5423728813559322,0.463768115942029,0.6530612244897959,32,37,21,17,0.45794392523364486,0.4766355140186916,0.0,0.0,0.0,0.0,0.0,0.0,0.0,0.0,0.463768115942029,0.5526315789473684,0.0,0.6448598130841121,0.35514018691588783,0.47636991239918836,0
SBILIFE,2,0.75,723,80,107,2024-08-13,2025-03-18,0.4672897196261682,0.5566378066378067,0.544,0.41975308641975306,0.7727272727272727,34,47,16,10,0.4205607476635514,0.40186915887850466,0.0,0.0,0.0,0.0,0.0,0.0,0.0,0.0,0.41975308641975306,0.6153846153846154,0.0,0.7570093457943925,0.24299065420560748,0.25112081560410665,0
SBILIFE,3,0.8,771,85,107,2024-11-14,2025-07-21,0.5794392523364486,0.5989361702127659,0.6938775510204082,0.5862068965517241,0.85,51,36,11,9,0.6261682242990654,0.4485981308411215,0.0,0.0,0.0,0.0,0.0,0.0,0.0,0.0,0.5862068965517241,0.55,0.0,0.8130841121495327,0.18691588785046728,1.0,0
SBILIFE,4,0.85,819,91,107,2025-03-19,2025-11-21,0.5233644859813084,0.3676582761250954,0.6709677419354839,0.6046511627906976,0.7536231884057971,52,34,4,17,0.5046728971962616,0.6448598130841121,0.0,0.0,0.0,0.0,0.0,0.0,0.0,0.0,0.6046511627906976,0.19047619047619047,0.0,0.8037383177570093,0.19626168224299065,1.0,0
SBILIFE,5,0.9,867,96,108,2025-07-22,2026-04-22,0.5277777777777778,0.5183118242064877,0.5853658536585366,0.5806451612903226,0.5901639344262295,36,26,21,25,0.4166666666666667,0.48148148148148145,0.0,0.0,0.0,0.0,0.0,0.0,0.0,0.0,0.5806451612903226,0.4565217391304348,0.0,0.5740740740740741,0.42592592592592593,1.0,0
SBILIFE,6,0.95,916,101,54,2025-11-24,2026-04-22,0.6111111111111112,0.6096551724137931,0.6037735849056604,0.5714285714285714,0.64,16,12,17,9,0.42592592592592593,0.5740740740740741,0.0,0.0,0.0,0.0,0.0,0.0,0.0,0.0,0.5714285714285714,0.6538461538461539,0.0,0.5185185185185185,0.48148148148148145,1.7275868105749588,0
HDFCLIFE,1,0.7,665,73,106,2024-04-26,2024-11-28,0.39622641509433965,0.3941997851772288,0.37254901960784315,0.4222222222222222,0.3333333333333333,19,26,23,38,0.39622641509433965,0.37735849056603776,0.0,0.0,0.0,0.0,0.0,0.0,0.0,0.0,0.4222222222222222,0.3770491803278688,0.0,0.42452830188679247,0.5754716981132075,0.32257715128299913,0
HDFCLIFE,2,0.75,712,79,105,2024-08-19,2025-04-07,0.44761904761904764,0.41929567131327955,0.23684210526315788,0.3103448275862069,0.19148936170212766,9,20,38,38,0.47619047619047616,0.4666666666666667,0.0,0.0,0.0,0.0,0.0,0.0,0.0,0.0,0.3103448275862069,0.5,0.0,0.2761904761904762,0.7238095238095238,0.575571206341005,0
HDFCLIFE,3,0.8,760,84,105,2024-12-04,2025-08-06,0.5619047619047619,0.6012472487160675,0.6101694915254238,0.6,0.6206896551724138,36,24,23,22,0.5523809523809524,0.6190476190476191,0.0,0.0,0.0,0.0,0.0,0.0,0.0,0.0,0.6,0.5111111111111111,0.0,0.5714285714285714,0.42857142857142855,0.2309891989236148,0
HDFCLIFE,4,0.85,807,89,106,2025-04-08,2025-12-15,0.5,0.5167857142857143,0.5891472868217055,0.5205479452054794,0.6785714285714286,38,35,15,18,0.4811320754716981,0.5283018867924528,0.0,0.0,0.0,0.0,0.0,0.0,0.0,0.0,0.5205479452054794,0.4545454545454546,0.0,0.6886792452830188,0.3113207547169811,1.0,0
HDFCLIFE,5,0.9,855,94,106,2025-08-07,2026-04-22,0.5283018867924528,0.4422248335291814,0.3055555555555556,0.3142857142857143,0.2972972972972973,11,24,45,26,0.6037735849056604,0.6509433962264151,0.0,0.0,0.0,0.0,0.0,0.0,0.0,0.0,0.3142857142857143,0.6338028169014085,0.0,0.330188679245283,0.6698113207547169,1.0,0
HDFCLIFE,6,0.95,902,100,53,2025-12-18,2026-04-22,0.37735849056603776,0.3846153846153846,0.37735849056603776,0.25,0.7692307692307693,10,30,10,3,0.6037735849056604,0.24528301886792453,0.0,0.0,0.0,0.0,0.0,0.0,0.0,0.0,0.25,0.7692307692307692,0.0,0.7547169811320755,0.24528301886792453,0.5301256084397827,0
MUTHOOTFIN,1,0.7,714,79,113,2024-03-18,2024-12-03,0.504424778761062,0.5256410256410257,0.5483870967741935,0.68,0.4594594594594595,34,16,23,40,0.49557522123893805,0.49557522123893805,0.0,0.0,0.0,0.0,0.0,0.0,0.0,0.0,0.68,0.3650793650793651,0.0,0.4424778761061947,0.5575221238938053,0.43716530282650706,0
MUTHOOTFIN,2,0.75,765,84,114,2024-07-30,2025-03-20,0.5526315789473685,0.5240259740259741,0.6165413533834586,0.6507936507936508,0.5857142857142857,41,22,22,29,0.49122807017543857,0.5789473684210527,0.0,0.0,0.0,0.0,0.0,0.0,0.0,0.0,0.6507936507936508,0.43137254901960786,0.0,0.5526315789473685,0.4473684210526316,0.43539697604364347,0
MUTHOOTFIN,3,0.8,816,90,113,2024-12-04,2025-08-05,0.5663716814159292,0.5522388059701493,0.6711409395973155,0.6097560975609756,0.746268656716418,50,32,14,17,0.5398230088495575,0.5929203539823009,0.0,0.0,0.0,0.0,0.0,0.0,0.0,0.0,0.6097560975609756,0.4516129032258065,0.0,0.7256637168141593,0.2743362831858407,0.10000660285425449,0
MUTHOOTFIN,4,0.85,867,96,113,2025-03-21,2025-11-26,0.6106194690265486,0.488421052631579,0.7555555555555555,0.6476190476190476,0.9066666666666666,68,37,1,7,0.6194690265486725,0.6637168141592921,0.0,0.0,0.0,0.0,0.0,0.0,0.0,0.0,0.6476190476190476,0.125,0.0,0.9292035398230089,0.07079646017699115,0.33967543987419035,0
MUTHOOTFIN,5,0.9,918,101,114,2025-08-06,2026-04-22,0.6228070175438597,0.6488699639698657,0.7425149700598802,0.6458333333333334,0.8732394366197183,62,34,9,9,0.6403508771929824,0.6228070175438597,0.0,0.0,0.0,0.0,0.0,0.0,0.0,0.0,0.6458333333333334,0.5,0.0,0.8421052631578947,0.15789473684210525,0.393407067736997,0
MUTHOOTFIN,6,0.95,969,107,57,2025-11-27,2026-04-22,0.5789473684210527,0.6464019851116626,0.6842105263157895,0.52,1.0,26,24,7,0,0.543859649122807,0.543859649122807,0.0,0.0,0.0,0.0,0.0,0.0,0.0,0.0,0.52,1.0,0.0,0.8771929824561403,0.12280701754385964,0.7084389466546808,0
CHOLAFIN,1,0.7,747,83,119,2024-05-03,2024-12-12,0.46218487394957986,0.4985851726089417,0.5616438356164384,0.4880952380952381,0.6612903225806451,41,43,14,21,0.46218487394957986,0.4369747899159664,0.0,0.0,0.0,0.0,0.0,0.0,0.0,0.0,0.4880952380952381,0.4,0.0,0.7058823529411765,0.29411764705882354,0.6796089280016117,0
CHOLAFIN,2,0.75,801,89,118,2024-08-29,2025-04-23,0.4915254237288136,0.48432556801840665,0.5161290322580645,0.5079365079365079,0.5245901639344263,32,31,26,29,0.423728813559322,0.4830508474576271,0.0,0.0,0.0,0.0,0.0,0.0,0.0,0.0,0.5079365079365079,0.4727272727272728,0.0,0.5338983050847458,0.4661016949152542,1.0,0
CHOLAFIN,3,0.8,855,94,119,2024-12-13,2025-08-19,0.5714285714285714,0.6237083811710677,0.7017543859649122,0.5769230769230769,0.8955223880597015,60,44,8,7,0.5126050420168067,0.5126050420168067,0.0,0.0,0.0,0.0,0.0,0.0,0.0,0.0,0.5769230769230769,0.5333333333333333,0.0,0.8739495798319328,0.12605042016806722,1.0,0
CHOLAFIN,4,0.85,908,100,119,2025-04-24,2025-12-15,0.5882352941176471,0.5368115942028986,0.6918238993710691,0.6111111111111112,0.7971014492753623,55,35,15,14,0.5714285714285714,0.5546218487394958,0.0,0.0,0.0,0.0,0.0,0.0,0.0,0.0,0.6111111111111112,0.5172413793103448,0.0,0.7563025210084033,0.24369747899159663,0.49096244706955267,0
CHOLAFIN,5,0.9,962,106,119,2025-08-20,2026-04-21,0.42857142857142855,0.42711864406779665,0.41379310344827586,0.42857142857142855,0.4,24,32,27,36,0.44537815126050423,0.5378151260504201,0.0,0.0,0.0,0.0,0.0,0.0,0.0,0.0,0.42857142857142855,0.4285714285714286,0.0,0.47058823529411764,0.5294117647058824,0.7145266960675685,0
CHOLAFIN,6,0.95,1015,112,60,2025-12-16,2026-04-21,0.43333333333333335,0.4409722222222222,0.46875,0.375,0.625,15,25,11,9,0.38333333333333336,0.6166666666666667,0.0,0.0,0.0,0.0,0.0,0.0,0.0,0.0,0.375,0.55,0.0,0.6666666666666666,0.3333333333333333,0.48160318284655723,0
MANAPPURAM,1,0.7,751,83,119,2024-04-23,2024-11-25,0.4789915966386555,0.55461233729485,0.5373134328358209,0.4675324675324675,0.631578947368421,36,41,21,21,0.5126050420168067,0.4369747899159664,0.0,0.0,0.0,0.0,0.0,0.0,0.0,0.0,0.4675324675324675,0.5,0.0,0.6470588235294118,0.35294117647058826,0.10000660285425449,0
MANAPPURAM,2,0.75,805,89,119,2024-08-08,2025-03-11,0.5966386554621849,0.5777587192681533,0.6923076923076923,0.6,0.8181818181818182,54,36,17,12,0.5966386554621849,0.5126050420168067,0.0,0.0,0.0,0.0,0.0,0.0,0.0,0.0,0.6,0.5862068965517242,0.0,0.7563025210084033,0.24369747899159663,0.22260811060526517,0
MANAPPURAM,3,0.8,858,95,119,2024-11-26,2025-08-04,0.7058823529411765,0.632895559724828,0.8044692737430168,0.7128712871287128,0.9230769230769231,72,29,12,6,0.5966386554621849,0.6134453781512605,0.0,0.0,0.0,0.0,0.0,0.0,0.0,0.0,0.7128712871287128,0.6666666666666667,0.0,0.8487394957983193,0.15126050420168066,2.0812646911817017,0
MANAPPURAM,4,0.85,912,101,119,2025-03-12,2025-12-02,0.5546218487394958,0.5683247570040023,0.6787878787878788,0.5656565656565656,0.8484848484848485,56,43,10,10,0.5966386554621849,0.5462184873949579,0.0,0.0,0.0,0.0,0.0,0.0,0.0,0.0,0.5656565656565656,0.5,0.0,0.8319327731092437,0.16806722689075632,0.7539912696607689,0
MANAPPURAM,5,0.9,965,107,120,2025-08-05,2026-04-21,0.5166666666666667,0.5874401577020558,0.532258064516129,0.5789473684210527,0.4925373134328358,33,24,29,34,0.55,0.5,0.0,0.0,0.0,0.0,0.0,0.0,0.0,0.0,0.5789473684210527,0.46031746031746035,0.0,0.475,0.525,0.8010792299489152,0
MANAPPURAM,6,0.95,1019,113,60,2025-12-04,2026-04-21,0.55,0.44457142857142856,0.6582278481012658,0.5909090909090909,0.7428571428571429,26,18,7,9,0.55,0.43333333333333335,0.0,0.0,0.0,0.0,0.0,0.0,0.0,0.0,0.5909090909090909,0.4375,0.0,0.7333333333333333,0.26666666666666666,0.4234242978214692,0
INFY,1,0.7,689,76,109,2024-06-04,2024-12-27,0.44036697247706424,0.3985347985347985,0.5343511450381679,0.5737704918032787,0.5,35,26,13,35,0.6146788990825688,0.42201834862385323,0.0,0.0,0.0,0.0,0.0,0.0,0.0,0.0,0.5737704918032787,0.27083333333333337,0.0,0.5596330275229358,0.44036697247706424,0.7807547460329424,0
INFY,2,0.75,738,81,110,2024-09-10,2025-05-05,0.5,0.5601478494623656,0.56,0.45454545454545453,0.7291666666666666,35,42,20,13,0.39090909090909093,0.5636363636363636,0.0,0.0,0.0,0.0,0.0,0.0,0.0,0.0,0.45454545454545453,0.6060606060606061,0.0,0.7,0.3,1.0,0
INFY,3,0.8,787,87,109,2024-12-30,2025-08-26,0.5504587155963303,0.4938524590163934,0.5950413223140496,0.4931506849315068,0.75,36,37,24,12,0.5045871559633027,0.5596330275229358,0.0,0.0,0.0,0.0,0.0,0.0,0.0,0.0,0.4931506849315068,0.6666666666666667,0.0,0.6697247706422018,0.3302752293577982,1.0,0
INFY,4,0.85,837,92,109,2025-05-06,2025-12-12,0.5504587155963303,0.52,0.6573426573426573,0.5595238095238095,0.7966101694915254,47,37,13,12,0.5229357798165137,0.45871559633027525,0.0,0.0,0.0,0.0,0.0,0.0,0.0,0.0,0.5595238095238095,0.52,0.0,0.7706422018348624,0.22935779816513763,0.1430176698167336,0
INFY,5,0.9,885,98,110,2025-08-29,2026-04-22,0.5,0.5856481481481481,0.6206896551724138,0.4945054945054945,0.8333333333333334,45,46,10,9,0.4909090909090909,0.41818181818181815,0.0,0.0,0.0,0.0,0.0,0.0,0.0,0.0,0.4945054945054945,0.5263157894736843,0.0,0.8272727272727273,0.17272727272727273,0.25765003562762495,0
INFY,6,0.95,935,103,55,2025-12-15,2026-04-22,0.509090909090909,0.6971428571428571,0.5423728813559322,0.41025641025641024,0.8,16,23,12,4,0.4727272727272727,0.509090909090909,0.0,0.0,0.0,0.0,0.0,0.0,0.0,0.0,0.41025641025641024,0.75,0.0,0.7090909090909091,0.2909090909090909,1.0,0
HCLTECH,1,0.7,672,74,107,2024-05-08,2024-12-11,0.7289719626168224,0.6609756097560976,0.8323699421965318,0.7912087912087912,0.8780487804878049,72,19,6,10,0.7570093457943925,0.6542056074766355,0.0,0.0,0.0,0.0,0.0,0.0,0.0,0.0,0.7912087912087912,0.375,0.0,0.8504672897196262,0.14953271028037382,1.0,0
HCLTECH,2,0.75,720,80,106,2024-08-22,2025-04-16,0.5094339622641509,0.45936269244539923,0.6533333333333333,0.5268817204301075,0.8596491228070176,49,44,5,8,0.49056603773584906,0.5377358490566038,0.0,0.0,0.0,0.0,0.0,0.0,0.0,0.0,0.5268817204301075,0.3846153846153846,0.0,0.8773584905660378,0.12264150943396226,0.1749692623071112,0
HCLTECH,3,0.8,768,85,107,2024-12-13,2025-08-26,0.40186915887850466,0.48665223665223667,0.5616438356164384,0.4019607843137255,0.9318181818181818,41,61,2,3,0.411214953271028,0.411214953271028,0.0,0.0,0.0,0.0,0.0,0.0,0.0,0.0,0.4019607843137255,0.4,0.0,0.9532710280373832,0.04672897196261682,0.3378730776043614,0
HCLTECH,4,0.85,816,90,107,2025-04-17,2025-12-17,0.5700934579439252,0.3025089605734767,0.7228915662650602,0.5769230769230769,0.967741935483871,60,44,1,2,0.5327102803738317,0.5794392523364486,0.0,0.0,0.0,0.0,0.0,0.0,0.0,0.0,0.5769230769230769,0.33333333333333337,0.0,0.9719626168224299,0.028037383177570093,1.0,0
HCLTECH,5,0.9,864,96,107,2025-08-29,2026-04-22,0.5700934579439252,0.5852631578947368,0.7125,0.5533980582524272,1.0,57,46,4,0,0.5514018691588785,0.5327102803738317,0.0,0.0,0.0,0.0,0.0,0.0,0.0,0.0,0.5533980582524272,1.0,0.0,0.9626168224299065,0.037383177570093455,1.0,0
HCLTECH,6,0.95,912,101,54,2025-12-22,2026-04-22,0.4444444444444444,0.4766917293233082,0.5454545454545454,0.3829787234042553,0.9473684210526315,18,29,6,1,0.3888888888888889,0.5185185185185185,0.0,0.0,0.0,0.0,0.0,0.0,0.0,0.0,0.3829787234042553,0.8571428571428572,0.0,0.8703703703703703,0.12962962962962962,0.7135132534085649,0
TCS,1,0.7,659,73,104,2024-04-16,2024-12-12,0.49038461538461536,0.5051775147928994,0.5137614678899083,0.49122807017543857,0.5384615384615384,28,29,23,24,0.625,0.5480769230769231,0.0,0.0,0.0,0.0,0.0,0.0,0.0,0.0,0.49122807017543857,0.4893617021276596,0.0,0.5480769230769231,0.4519230769230769,0.6253733585220003,0
TCS,2,0.75,706,78,105,2024-08-01,2025-04-02,0.580952380952381,0.5840816326530612,0.45,0.4,0.5142857142857142,18,27,43,17,0.5333333333333333,0.6571428571428571,0.0,0.0,0.0,0.0,0.0,0.0,0.0,0.0,0.4,0.7166666666666667,0.0,0.42857142857142855,0.5714285714285714,0.28412922785686084,0
TCS,3,0.8,753,83,105,2024-12-13,2025-08-13,0.5523809523809524,0.624275062137531,0.4835164835164835,0.38596491228070173,0.6470588235294118,22,35,36,12,0.5142857142857142,0.5619047619047619,0.0,0.0,0.0,0.0,0.0,0.0,0.0,0.0,0.38596491228070173,0.75,0.0,0.5428571428571428,0.45714285714285713,0.23988925799121297,0
TCS,4,0.85,801,88,104,2025-04-03,2025-12-04,0.49038461538461536,0.5303254437869822,0.5546218487394958,0.4925373134328358,0.6346153846153846,33,34,18,19,0.5192307692307693,0.4807692307692308,0.0,0.0,0.0,0.0,0.0,0.0,0.0,0.0,0.4925373134328358,0.4864864864864865,0.0,0.6442307692307693,0.3557692307692308,0.34632495259284257,0
TCS,5,0.9,847,94,105,2025-08-14,2026-04-22,0.37142857142857144,0.3684598378776713,0.25,0.2619047619047619,0.2391304347826087,11,31,28,35,0.4666666666666667,0.4,0.0,0.0,0.0,0.0,0.0,0.0,0.0,0.0,0.2619047619047619,0.4444444444444444,0.0,0.4,0.6,0.16921528022679386,0
TCS,6,0.95,894,99,53,2025-12-11,2026-04-22,0.32075471698113206,0.2947368421052632,0.1,0.08,0.13333333333333333,2,23,15,13,0.2830188679245283,0.7169811320754716,0.0,0.0,0.0,0.0,0.0,0.0,0.0,0.0,0.08,0.5357142857142857,0.0,0.4716981132075472,0.5283018867924528,1.0,0
WIPRO,1,0.7,692,76,110,2024-05-09,2024-12-17,0.5454545454545454,0.46321321321321324,0.6835443037974683,0.6428571428571429,0.7297297297297297,54,30,6,20,0.5,0.39090909090909093,0.0,0.0,0.0,0.0,0.0,0.0,0.0,0.0,0.6428571428571429,0.23076923076923073,0.0,0.7636363636363637,0.23636363636363636,0.33456039126717485,0
WIPRO,2,0.75,741,82,110,2024-08-23,2025-04-22,0.5272727272727272,0.47811671087533153,0.6176470588235294,0.5384615384615384,0.7241379310344828,42,36,16,16,0.4727272727272727,0.5,0.0,0.0,0.0,0.0,0.0,0.0,0.0,0.0,0.5384615384615384,0.5,0.0,0.7090909090909091,0.2909090909090909,1.0,0
WIPRO,3,0.8,791,87,110,2024-12-18,2025-08-29,0.5363636363636364,0.55379013571665,0.6277372262773723,0.5119047619047619,0.8113207547169812,43,41,16,10,0.5272727272727272,0.4636363636363636,0.0,0.0,0.0,0.0,0.0,0.0,0.0,0.0,0.5119047619047619,0.6153846153846154,0.0,0.7636363636363637,0.23636363636363636,0.6929734948008497,0
WIPRO,4,0.85,840,93,110,2025-04-25,2025-12-23,0.5363636363636364,0.509453781512605,0.6165413533834586,0.6307692307692307,0.6029411764705882,41,24,18,27,0.5454545454545454,0.5454545454545454,0.0,0.0,0.0,0.0,0.0,0.0,0.0,0.0,0.6307692307692307,0.4,0.0,0.5909090909090909,0.4090909090909091,0.21150806556231527,0
WIPRO,5,0.9,890,98,110,2025-09-01,2026-04-22,0.5545454545454546,0.5390495181123297,0.5050505050505051,0.5208333333333334,0.49019607843137253,25,23,36,26,0.5727272727272728,0.5272727272727272,0.0,0.0,0.0,0.0,0.0,0.0,0.0,0.0,0.5208333333333334,0.5806451612903225,0.0,0.43636363636363634,0.5636363636363636,1.0,0
WIPRO,6,0.95,939,104,55,2025-12-31,2026-04-22,0.4727272727272727,0.627177700348432,0.4727272727272727,0.3170731707317073,0.9285714285714286,13,28,13,1,0.45454545454545453,0.509090909090909,0.0,0.0,0.0,0.0,0.0,0.0,0.0,0.0,0.3170731707317073,0.9285714285714286,0.0,0.7454545454545455,0.2545454545454545,0.40296087531275593,0
TECHM,1,0.7,689,76,109,2024-04-02,2024-11-13,0.6146788990825688,0.4991728701406121,0.7558139534883721,0.6914893617021277,0.8333333333333334,65,29,2,13,0.6513761467889908,0.43119266055045874,0.0,0.0,0.0,0.0,0.0,0.0,0.0,0.0,0.6914893617021277,0.1333333333333333,0.0,0.8623853211009175,0.13761467889908258,0.37444941746830457,0
TECHM,2,0.75,738,81,110,2024-07-23,2025-04-07,0.5181818181818182,0.47546419098143233,0.6394557823129252,0.49473684210526314,0.9038461538461539,47,48,10,5,0.4909090909090909,0.5272727272727272,0.0,0.0,0.0,0.0,0.0,0.0,0.0,0.0,0.49473684210526314,0.6666666666666667,0.0,0.8636363636363636,0.13636363636363635,1.0,0
TECHM,3,0.8,787,87,109,2024-11-14,2025-07-31,0.5045871559633027,0.572938689217759,0.5573770491803278,0.43037974683544306,0.7906976744186046,34,45,21,9,0.3853211009174312,0.6055045871559633,0.0,0.0,0.0,0.0,0.0,0.0,0.0,0.0,0.43037974683544306,0.7,0.0,0.7247706422018348,0.27522935779816515,1.0,0
TECHM,4,0.85,837,92,109,2025-04-09,2025-12-09,0.5688073394495413,0.571875,0.7080745341614907,0.5876288659793815,0.890625,57,40,5,7,0.5779816513761468,0.5596330275229358,0.0,0.0,0.0,0.0,0.0,0.0,0.0,0.0,0.5876288659793815,0.41666666666666663,0.0,0.8899082568807339,0.11009174311926606,0.5750842547567769,0
TECHM,5,0.9,885,98,110,2025-08-01,2026-04-21,0.509090909090909,0.5264945652173914,0.6029411764705882,0.5694444444444444,0.640625,41,31,15,23,0.5636363636363636,0.5818181818181818,0.0,0.0,0.0,0.0,0.0,0.0,0.0,0.0,0.5694444444444444,0.39473684210526316,0.0,0.6545454545454545,0.34545454545454546,1.0,0
TECHM,6,0.95,935,103,55,2025-12-10,2026-04-21,0.4,0.37566137566137564,0.42105263157894735,0.41379310344827586,0.42857142857142855,12,17,10,16,0.5636363636363636,0.5272727272727272,0.0,0.0,0.0,0.0,0.0,0.0,0.0,0.0,0.41379310344827586,0.3846153846153846,0.0,0.5272727272727272,0.4727272727272727,0.8976455431155218,0
LTIM,1,0.7,715,79,114,2024-04-09,2024-11-19,0.5701754385964912,0.5217532467532469,0.7100591715976331,0.6060606060606061,0.8571428571428571,60,39,5,10,0.5614035087719298,0.543859649122807,0.0,0.0,0.0,0.0,0.0,0.0,0.0,0.0,0.6060606060606061,0.33333333333333337,0.0,0.868421052631579,0.13157894736842105,0.6525219386821798,0
LTIM,2,0.75,766,85,113,2024-08-06,2025-03-20,0.5309734513274337,0.5667293233082706,0.6826347305389222,0.5181818181818182,1.0,57,53,3,0,0.504424778761062,0.5132743362831859,0.0,0.0,0.0,0.0,0.0,0.0,0.0,0.0,0.5181818181818182,1.0,0.0,0.9734513274336283,0.02654867256637168,1.0,0
LTIM,3,0.8,818,90,113,2024-11-25,2025-08-08,0.504424778761062,0.4843063402385436,0.631578947368421,0.5161290322580645,0.8135593220338984,48,45,9,11,0.5132743362831859,0.4424778761061947,0.0,0.0,0.0,0.0,0.0,0.0,0.0,0.0,0.5161290322580645,0.44999999999999996,0.0,0.8230088495575221,0.17699115044247787,0.5146347945570187,0
LTIM,4,0.85,868,96,114,2025-03-24,2025-12-02,0.6403508771929824,0.5284900284900286,0.7807486631016043,0.6697247706422018,0.9358974358974359,73,36,0,5,0.6578947368421053,0.6842105263157895,0.0,0.0,0.0,0.0,0.0,0.0,0.0,0.0,0.6697247706422018,0.0,0.0,0.956140350877193,0.043859649122807015,1.0,0
LTIM,5,0.9,919,102,114,2025-08-12,2026-04-22,0.4824561403508772,0.6345146379044684,0.6242038216560509,0.4803921568627451,0.8909090909090909,49,53,6,6,0.4649122807017544,0.49122807017543857,0.0,0.0,0.0,0.0,0.0,0.0,0.0,0.0,0.4803921568627451,0.5,0.0,0.8947368421052632,0.10526315789473684,1.0,0
LTIM,6,0.95,971,107,57,2025-12-12,2026-04-22,0.38596491228070173,0.34074074074074073,0.18604651162790697,0.12903225806451613,0.3333333333333333,4,27,18,8,0.3684210526315789,0.6140350877192983,0.0,0.0,0.0,0.0,0.0,0.0,0.0,0.0,0.12903225806451613,0.6923076923076923,0.0,0.543859649122807,0.45614035087719296,0.6193651494248616,0
MPHASIS,1,0.7,729,80,116,2024-04-16,2024-12-16,0.5948275862068966,0.5838509316770186,0.6845637583892618,0.6455696202531646,0.7285714285714285,51,28,18,19,0.5689655172413793,0.5862068965517241,0.0,0.0,0.0,0.0,0.0,0.0,0.0,0.0,0.6455696202531646,0.4864864864864865,0.0,0.6810344827586207,0.31896551724137934,0.5433750003256235,0
MPHASIS,2,0.75,781,86,116,2024-08-22,2025-04-03,0.45689655172413796,0.5580745341614908,0.5190839694656488,0.4,0.7391304347826086,34,51,19,12,0.5,0.5344827586206896,0.0,0.0,0.0,0.0,0.0,0.0,0.0,0.0,0.4,0.6129032258064516,0.0,0.7327586206896551,0.2672413793103448,0.6976118280401944,0
MPHASIS,3,0.8,833,92,116,2024-12-17,2025-08-11,0.4482758620689655,0.40476900149031303,0.4838709677419355,0.43478260869565216,0.5454545454545454,30,39,22,25,0.49137931034482757,0.4482758620689655,0.0,0.0,0.0,0.0,0.0,0.0,0.0,0.0,0.43478260869565216,0.46808510638297873,0.0,0.5948275862068966,0.4051724137931034,0.39318793603901475,0
MPHASIS,4,0.85,885,98,116,2025-04-04,2025-12-18,0.49137931034482757,0.4669796557120501,0.556390977443609,0.5967741935483871,0.5211267605633803,37,25,20,34,0.5431034482758621,0.46551724137931033,0.0,0.0,0.0,0.0,0.0,0.0,0.0,0.0,0.5967741935483871,0.37037037037037035,0.0,0.5344827586206896,0.46551724137931033,0.38050285836907916,0
MPHASIS,5,0.9,937,104,116,2025-08-12,2026-04-22,0.41379310344827586,0.4354545454545454,0.4603174603174603,0.3815789473684211,0.58,29,47,19,21,0.41379310344827586,0.5689655172413793,0.0,0.0,0.0,0.0,0.0,0.0,0.0,0.0,0.3815789473684211,0.475,0.0,0.6551724137931034,0.3448275862068966,0.10000660285425449,0
MPHASIS,6,0.95,990,109,58,2025-12-19,2026-04-22,0.7068965517241379,0.5758928571428572,0.2608695652173913,0.42857142857142855,0.1875,3,4,38,13,0.3448275862068966,0.7241379310344828,0.0,0.0,0.0,0.0,0.0,0.0,0.0,0.0,0.42857142857142855,0.7450980392156863,0.0,0.1206896551724138,0.8793103448275862,1.0,0
PERSISTENT,1,0.7,731,81,116,2024-05-13,2024-12-18,0.6810344827586207,0.4988372093023256,0.806282722513089,0.7333333333333333,0.8953488372093024,77,28,2,9,0.6982758620689655,0.5603448275862069,0.0,0.0,0.0,0.0,0.0,0.0,0.0,0.0,0.7333333333333333,0.18181818181818177,0.0,0.9051724137931034,0.09482758620689655,0.6161457795487517,0
PERSISTENT,2,0.75,783,87,116,2024-08-29,2025-04-08,0.5431034482758621,0.5034441449535788,0.6787878787878788,0.5490196078431373,0.8888888888888888,56,46,7,7,0.49137931034482757,0.5,0.0,0.0,0.0,0.0,0.0,0.0,0.0,0.0,0.5490196078431373,0.5,0.0,0.8793103448275862,0.1206896551724138,0.6290578235641815,0
PERSISTENT,3,0.8,836,92,116,2024-12-19,2025-08-11,0.49137931034482757,0.4336309523809524,0.6242038216560509,0.48514851485148514,0.875,49,52,8,7,0.4482758620689655,0.45689655172413796,0.0,0.0,0.0,0.0,0.0,0.0,0.0,0.0,0.48514851485148514,0.5333333333333333,0.0,0.8706896551724138,0.12931034482758622,0.5813233113487893,0
PERSISTENT,4,0.85,888,98,116,2025-04-09,2025-12-17,0.5948275862068966,0.4666666666666667,0.7344632768361582,0.6372549019607843,0.8666666666666667,65,37,4,10,0.5775862068965517,0.5862068965517241,0.0,0.0,0.0,0.0,0.0,0.0,0.0,0.0,0.6372549019607843,0.2857142857142857,0.0,0.8793103448275862,0.1206896551724138,0.37091645319554883,0
PERSISTENT,5,0.9,940,104,117,2025-08-12,2026-04-22,0.5811965811965812,0.5849056603773585,0.6620689655172414,0.5925925925925926,0.75,48,33,20,16,0.5897435897435898,0.5555555555555556,0.0,0.0,0.0,0.0,0.0,0.0,0.0,0.0,0.5925925925925926,0.5555555555555556,0.0,0.6923076923076923,0.3076923076923077,0.3697671948168521,0
PERSISTENT,6,0.95,992,110,59,2025-12-19,2026-04-22,0.423728813559322,0.4545454545454546,0.45161290322580644,0.35,0.6363636363636364,14,26,11,8,0.423728813559322,0.576271186440678,0.0,0.0,0.0,0.0,0.0,0.0,0.0,0.0,0.35,0.5789473684210527,0.0,0.6779661016949152,0.3220338983050847,0.8538550763071533,0
COFORGE,1,0.7,758,84,121,2024-05-15,2025-01-03,0.5867768595041323,0.6039518900343642,0.7126436781609196,0.8051948051948052,0.6391752577319587,62,15,9,35,0.7933884297520661,0.48760330578512395,0.0,0.0,0.0,0.0,0.0,0.0,0.0,0.0,0.8051948051948052,0.20454545454545459,0.0,0.6363636363636364,0.36363636363636365,0.41367324840072534,0
COFORGE,2,0.75,813,90,120,2024-09-06,2025-04-24,0.5666666666666667,0.6438078703703703,0.675,0.6136363636363636,0.75,54,34,14,18,0.625,0.5583333333333333,0.0,0.0,0.0,0.0,0.0,0.0,0.0,0.0,0.6136363636363636,0.4375,0.0,0.7333333333333333,0.26666666666666666,0.8186972884866108,0
COFORGE,3,0.8,867,96,120,2025-01-06,2025-08-12,0.525,0.5643234231731036,0.6415094339622641,0.5204081632653061,0.8360655737704918,51,47,12,10,0.49166666666666664,0.5333333333333333,0.0,0.0,0.0,0.0,0.0,0.0,0.0,0.0,0.5204081632653061,0.5454545454545454,0.0,0.8166666666666667,0.18333333333333332,0.7119077423363193,0
COFORGE,4,0.85,921,102,120,2025-04-25,2025-12-10,0.6333333333333333,0.48748473748473753,0.7708333333333334,0.6491228070175439,0.9487179487179487,74,40,2,4,0.6333333333333333,0.6166666666666667,0.0,0.0,0.0,0.0,0.0,0.0,0.0,0.0,0.6491228070175439,0.33333333333333337,0.0,0.95,0.05,0.7345789253983066,0
COFORGE,5,0.9,975,108,121,2025-08-13,2026-04-22,0.5289256198347108,0.5631147540983606,0.6627218934911243,0.5137614678899083,0.9333333333333333,56,53,8,4,0.48760330578512395,0.49586776859504134,0.0,0.0,0.0,0.0,0.0,0.0,0.0,0.0,0.5137614678899083,0.6666666666666667,0.0,0.9008264462809917,0.09917355371900827,1.0,0
COFORGE,6,0.95,1029,114,61,2025-12-16,2026-04-22,0.32786885245901637,0.35853658536585364,0.4057971014492754,0.2857142857142857,0.7,14,35,6,6,0.39344262295081966,0.47540983606557374,0.0,0.0,0.0,0.0,0.0,0.0,0.0,0.0,0.2857142857142857,0.5,0.0,0.8032786885245902,0.19672131147540983,0.5327012999155625,0
TATAELXSI,1,0.7,714,79,113,2024-05-09,2025-01-01,0.5752212389380531,0.6010841836734694,0.1724137931034483,0.5555555555555556,0.10204081632653061,5,4,60,44,0.5663716814159292,0.5663716814159292,0.0,0.0,0.0,0.0,0.0,0.0,0.0,0.0,0.5555555555555556,0.5769230769230769,0.0,0.07964601769911504,0.9203539823008849,1.0,0
TATAELXSI,2,0.75,765,84,114,2024-09-19,2025-05-07,0.631578947368421,0.5341216216216216,0.2222222222222222,0.42857142857142855,0.15,6,8,66,34,0.5350877192982456,0.6491228070175439,0.0,0.0,0.0,0.0,0.0,0.0,0.0,0.0,0.42857142857142855,0.6599999999999999,0.0,0.12280701754385964,0.8771929824561403,1.0,0
TATAELXSI,3,0.8,816,90,113,2025-01-03,2025-09-03,0.4424778761061947,0.5173202614379084,0.4793388429752066,0.3815789473684211,0.6444444444444445,29,47,21,16,0.4424778761061947,0.504424778761062,0.0,0.0,0.0,0.0,0.0,0.0,0.0,0.0,0.3815789473684211,0.5675675675675675,0.0,0.672566371681416,0.3274336283185841,0.444504744860554,0
TATAELXSI,4,0.85,867,96,113,2025-05-08,2025-12-22,0.3893805309734513,0.37187088274044794,0.4,0.323943661971831,0.5227272727272727,23,48,21,21,0.3805309734513274,0.504424778761062,0.0,0.0,0.0,0.0,0.0,0.0,0.0,0.0,0.323943661971831,0.5,0.0,0.6283185840707964,0.37168141592920356,0.16000570574672768,0
TATAELXSI,5,0.9,918,101,114,2025-09-04,2026-04-22,0.5175438596491229,0.5175675675675675,0.4329896907216495,0.3684210526315789,0.525,21,36,38,19,0.38596491228070173,0.6491228070175439,0.0,0.0,0.0,0.0,0.0,0.0,0.0,0.0,0.3684210526315789,0.6666666666666667,0.0,0.5,0.5,0.16356382731244773,0
TATAELXSI,6,0.95,969,107,57,2025-12-23,2026-04-22,0.6491228070175439,0.6397058823529411,0.16666666666666666,0.2857142857142857,0.11764705882352941,2,5,35,15,0.2631578947368421,0.7017543859649122,0.0,0.0,0.0,0.0,0.0,0.0,0.0,0.0,0.2857142857142857,0.7,0.0,0.12280701754385964,0.8771929824561403,0.14660165969544858,0
OFSS,1,0.7,696,77,111,2024-06-06,2025-01-06,0.6126126126126126,0.6323232323232324,0.6260869565217392,0.7346938775510204,0.5454545454545454,36,13,32,30,0.45045045045045046,0.5135135135135135,0.0,0.0,0.0,0.0,0.0,0.0,0.0,0.0,0.7346938775510204,0.5161290322580645,0.0,0.44144144144144143,0.5585585585585585,0.506329126134479,0
OFSS,2,0.75,746,82,111,2024-09-19,2025-04-17,0.4954954954954955,0.5135685210312075,0.4909090909090909,0.4090909090909091,0.6136363636363636,27,39,28,17,0.4774774774774775,0.44144144144144143,0.0,0.0,0.0,0.0,0.0,0.0,0.0,0.0,0.4090909090909091,0.6222222222222222,0.0,0.5945945945945946,0.40540540540540543,0.29104968300416034,0
OFSS,3,0.8,796,88,110,2025-01-07,2025-08-11,0.42727272727272725,0.45641025641025634,0.5467625899280576,0.40425531914893614,0.8444444444444444,38,56,9,7,0.43636363636363634,0.39090909090909093,0.0,0.0,0.0,0.0,0.0,0.0,0.0,0.0,0.40425531914893614,0.5625,0.0,0.8545454545454545,0.14545454545454545,0.7666006499934057,0
OFSS,4,0.85,846,93,110,2025-04-22,2025-12-18,0.36363636363636365,0.40090246442207567,0.4166666666666667,0.3246753246753247,0.5813953488372093,25,52,15,18,0.4909090909090909,0.39090909090909093,0.0,0.0,0.0,0.0,0.0,0.0,0.0,0.0,0.3246753246753247,0.4545454545454546,0.0,0.7,0.3,1.0,0
OFSS,5,0.9,895,99,111,2025-08-12,2026-04-22,0.3783783783783784,0.3968253968253968,0.4,0.3150684931506849,0.5476190476190477,23,50,19,19,0.42342342342342343,0.34234234234234234,0.0,0.0,0.0,0.0,0.0,0.0,0.0,0.0,0.3150684931506849,0.5,0.0,0.6576576576576577,0.34234234234234234,0.51004020119404,0
OFSS,6,0.95,945,104,56,2025-12-19,2026-04-22,0.5178571428571429,0.5031928480204342,0.425531914893617,0.5,0.37037037037037035,10,10,19,17,0.5357142857142857,0.32142857142857145,0.0,0.0,0.0,0.0,0.0,0.0,0.0,0.0,0.5,0.5277777777777778,0.0,0.35714285714285715,0.6428571428571429,1.0,0
NAUKRI,1,0.7,842,93,134,2023-12-22,2024-10-07,0.6567164179104478,0.4572199730094467,0.7745098039215687,0.7247706422018348,0.8315789473684211,79,30,9,16,0.6791044776119403,0.5447761194029851,0.0,0.0,0.0,0.0,0.0,0.0,0.0,0.0,0.7247706422018348,0.36,0.0,0.8134328358208955,0.1865671641791045,1.1274991896995283,0
NAUKRI,2,0.75,902,100,134,2024-05-16,2025-02-10,0.5970149253731343,0.6097330498464446,0.6746987951807228,0.6746987951807228,0.6746987951807228,56,27,24,27,0.5447761194029851,0.5,0.0,0.0,0.0,0.0,0.0,0.0,0.0,0.0,0.6746987951807228,0.47058823529411764,0.0,0.6194029850746269,0.3805970149253731,0.7994716827603889,0
NAUKRI,3,0.8,963,106,134,2024-10-09,2025-07-04,0.5522388059701493,0.5612612612612613,0.5454545454545454,0.5,0.6,36,36,38,24,0.5597014925373134,0.5671641791044776,0.0,0.0,0.0,0.0,0.0,0.0,0.0,0.0,0.5,0.6129032258064516,0.0,0.5373134328358209,0.4626865671641791,0.5215273931261944,0
NAUKRI,4,0.85,1023,113,134,2025-02-17,2025-11-20,0.4552238805970149,0.5095281306715064,0.5828571428571429,0.4358974358974359,0.8793103448275862,51,66,10,7,0.4925373134328358,0.4626865671641791,0.0,0.0,0.0,0.0,0.0,0.0,0.0,0.0,0.4358974358974359,0.5882352941176471,0.0,0.8731343283582089,0.12686567164179105,0.6172564799502136,0
NAUKRI,5,0.9,1083,120,134,2025-07-08,2026-04-22,0.4552238805970149,0.6132739212007504,0.5730994152046783,0.4117647058823529,0.9423076923076923,49,70,12,3,0.4552238805970149,0.3208955223880597,0.0,0.0,0.0,0.0,0.0,0.0,0.0,0.0,0.4117647058823529,0.8,0.0,0.8880597014925373,0.11194029850746269,1.0,0
NAUKRI,6,0.95,1143,127,67,2025-11-24,2026-04-22,0.5074626865671642,0.6195652173913043,0.49230769230769234,0.38095238095238093,0.6956521739130435,16,26,18,7,0.34328358208955223,0.40298507462686567,0.0,0.0,0.0,0.0,0.0,0.0,0.0,0.0,0.38095238095238093,0.72,0.0,0.6268656716417911,0.373134328358209,1.0,0
MARUTI,1,0.7,659,73,104,2024-03-19,2024-11-07,0.6057692307692307,0.6500927643784786,0.6019417475728155,0.5740740740740741,0.6326530612244898,31,23,32,18,0.6153846153846154,0.5096153846153846,0.0,0.0,0.0,0.0,0.0,0.0,0.0,0.0,0.5740740740740741,0.64,0.0,0.5192307692307693,0.4807692307692308,0.3908219569462519,0
MARUTI,2,0.75,706,78,105,2024-07-24,2025-03-25,0.5619047619047619,0.6192592592592593,0.5576923076923077,0.4915254237288136,0.6444444444444445,29,30,30,16,0.6,0.5904761904761905,0.0,0.0,0.0,0.0,0.0,0.0,0.0,0.0,0.4915254237288136,0.6521739130434783,0.0,0.5619047619047619,0.4380952380952381,0.5278718741684577,0
MARUTI,3,0.8,753,83,105,2024-11-08,2025-08-11,0.6476190476190476,0.6187865497076023,0.7375886524822695,0.6190476190476191,0.9122807017543859,52,32,16,5,0.6095238095238096,0.5523809523809524,0.0,0.0,0.0,0.0,0.0,0.0,0.0,0.0,0.6190476190476191,0.7619047619047619,0.0,0.8,0.2,0.4942542683008441,0
MARUTI,4,0.85,801,88,104,2025-03-27,2025-12-17,0.5576923076923077,0.39332706766917297,0.6714285714285714,0.734375,0.618421052631579,47,17,11,29,0.5096153846153846,0.7307692307692307,0.0,0.0,0.0,0.0,0.0,0.0,0.0,0.0,0.734375,0.275,0.0,0.6153846153846154,0.38461538461538464,1.0,0
MARUTI,5,0.9,847,94,105,2025-08-12,2026-04-21,0.4095238095238095,0.37361827560795874,0.3541666666666667,0.4594594594594595,0.288135593220339,17,20,26,42,0.45714285714285713,0.34285714285714286,0.0,0.0,0.0,0.0,0.0,0.0,0.0,0.0,0.4594594594594595,0.38235294117647056,0.0,0.3523809523809524,0.6476190476190476,0.7443748630985922,0
MARUTI,6,0.95,894,99,53,2025-12-18,2026-04-21,0.5471698113207547,0.6029411764705883,0.4782608695652174,0.3793103448275862,0.6470588235294118,11,18,18,6,0.37735849056603776,0.6792452830188679,0.0,0.0,0.0,0.0,0.0,0.0,0.0,0.0,0.3793103448275862,0.75,0.0,0.5471698113207547,0.4528301886792453,1.0,0
BAJAJ-AUTO,1,0.7,659,73,104,2024-05-13,2024-12-17,0.5384615384615384,0.3992578849721707,0.6883116883116883,0.5353535353535354,0.9636363636363636,53,46,3,2,0.46153846153846156,0.5288461538461539,0.0,0.0,0.0,0.0,0.0,0.0,0.0,0.0,0.5353535353535354,0.6,0.0,0.9519230769230769,0.04807692307692308,0.17439341348604756,0
BAJAJ-AUTO,2,0.75,706,78,105,2024-09-05,2025-04-23,0.34285714285714286,0.5619967793880837,0.5035971223021583,0.33980582524271846,0.9722222222222222,35,68,1,1,0.4095238095238095,0.34285714285714286,0.0,0.0,0.0,0.0,0.0,0.0,0.0,0.0,0.33980582524271846,0.5,0.0,0.9809523809523809,0.01904761904761905,0.35657044135984883,0
BAJAJ-AUTO,3,0.8,753,83,105,2025-01-01,2025-08-11,0.5142857142857142,0.4949201741654572,0.6577181208053692,0.5104166666666666,0.9245283018867925,49,47,5,4,0.47619047619047616,0.5047619047619047,0.0,0.0,0.0,0.0,0.0,0.0,0.0,0.0,0.5104166666666666,0.5555555555555556,0.0,0.9142857142857143,0.08571428571428572,1.0,0
BAJAJ-AUTO,4,0.85,801,88,104,2025-04-24,2025-12-18,0.5673076923076923,0.4059139784946237,0.6938775510204082,0.6,0.8225806451612904,51,34,8,11,0.5384615384615384,0.5961538461538461,0.0,0.0,0.0,0.0,0.0,0.0,0.0,0.0,0.6,0.42105263157894735,0.0,0.8173076923076923,0.18269230769230768,1.0,0
BAJAJ-AUTO,5,0.9,847,94,105,2025-08-12,2026-04-21,0.4857142857142857,0.476608187134503,0.625,0.5172413793103449,0.7894736842105263,45,42,6,12,0.49523809523809526,0.4857142857142857,0.0,0.0,0.0,0.0,0.0,0.0,0.0,0.0,0.5172413793103449,0.33333333333333337,0.0,0.8285714285714286,0.17142857142857143,1.0,0
BAJAJ-AUTO,6,0.95,894,99,53,2025-12-22,2026-04-21,0.5283018867924528,0.5485714285714285,0.6835443037974683,0.5294117647058824,0.9642857142857143,27,24,1,1,0.5283018867924528,0.4716981132075472,0.0,0.0,0.0,0.0,0.0,0.0,0.0,0.0,0.5294117647058824,0.5,0.0,0.9622641509433962,0.03773584905660377,1.0,0
HEROMOTOCO,1,0.7,702,78,112,2024-05-30,2025-01-17,0.375,0.4046941678520626,0.4444444444444444,0.3181818181818182,0.7368421052631579,28,60,14,10,0.5803571428571429,0.3392857142857143,0.0,0.0,0.0,0.0,0.0,0.0,0.0,0.0,0.3181818181818182,0.5833333333333333,0.0,0.7857142857142857,0.21428571428571427,0.13473422918203334,0
HEROMOTOCO,2,0.75,753,83,111,2024-09-25,2025-05-12,0.3333333333333333,0.5286290322580646,0.4393939393939394,0.2871287128712871,0.9354838709677419,29,72,8,2,0.5045045045045045,0.27927927927927926,0.0,0.0,0.0,0.0,0.0,0.0,0.0,0.0,0.2871287128712871,0.8,0.0,0.9099099099099099,0.09009009009009009,0.4406825787657226,0
HEROMOTOCO,3,0.8,803,89,111,2025-01-20,2025-09-01,0.6396396396396397,0.7050167224080268,0.7468354430379747,0.6344086021505376,0.9076923076923077,59,34,12,6,0.4594594594594595,0.5855855855855856,0.0,0.0,0.0,0.0,0.0,0.0,0.0,0.0,0.6344086021505376,0.6666666666666667,0.0,0.8378378378378378,0.16216216216216217,1.0,0
HEROMOTOCO,4,0.85,853,94,112,2025-05-13,2025-12-18,0.6160714285714286,0.6524064171122995,0.6717557251908397,0.6984126984126984,0.6470588235294118,44,19,25,24,0.5089285714285714,0.6071428571428571,0.0,0.0,0.0,0.0,0.0,0.0,0.0,0.0,0.6984126984126984,0.5102040816326531,0.0,0.5625,0.4375,1.0,0
HEROMOTOCO,5,0.9,903,100,112,2025-09-05,2026-04-22,0.4642857142857143,0.42436022027858766,0.4339622641509434,0.40350877192982454,0.46938775510204084,23,34,29,26,0.4375,0.4642857142857143,0.0,0.0,0.0,0.0,0.0,0.0,0.0,0.0,0.40350877192982454,0.5272727272727273,0.0,0.5089285714285714,0.49107142857142855,0.5300023850550826,0
HEROMOTOCO,6,0.95,954,105,56,2025-12-19,2026-04-22,0.4642857142857143,0.43954480796586054,0.2857142857142857,0.2608695652173913,0.3157894736842105,6,17,20,13,0.3392857142857143,0.32142857142857145,0.0,0.0,0.0,0.0,0.0,0.0,0.0,0.0,0.2608695652173913,0.6060606060606061,0.0,0.4107142857142857,0.5892857142857143,0.3436823987989895,0
EICHERMOT,1,0.7,700,77,111,2024-03-07,2024-11-14,0.5315315315315315,0.5958747135217722,0.5873015873015873,0.7551020408163265,0.4805194805194805,37,12,22,40,0.5045045045045045,0.6126126126126126,0.0,0.0,0.0,0.0,0.0,0.0,0.0,0.0,0.7551020408163265,0.3548387096774194,0.0,0.44144144144144143,0.5585585585585585,0.1291573360229464,0
EICHERMOT,2,0.75,749,83,111,2024-07-10,2025-03-10,0.5315315315315315,0.5572089947089947,0.5272727272727272,0.6170212765957447,0.4603174603174603,29,18,30,34,0.5495495495495496,0.5855855855855856,0.0,0.0,0.0,0.0,0.0,0.0,0.0,0.0,0.6170212765957447,0.46875,0.0,0.42342342342342343,0.5765765765765766,0.3612940919093823,0
EICHERMOT,3,0.8,800,88,111,2024-11-22,2025-07-29,0.5585585585585585,0.560064935064935,0.5663716814159292,0.5517241379310345,0.5818181818181818,32,26,30,23,0.4144144144144144,0.5405405405405406,0.0,0.0,0.0,0.0,0.0,0.0,0.0,0.0,0.5517241379310345,0.5660377358490566,0.0,0.5225225225225225,0.4774774774774775,0.4270207777732375,0
EICHERMOT,4,0.85,849,94,111,2025-03-11,2025-12-04,0.6126126126126126,0.5737373737373737,0.7114093959731543,0.6385542168674698,0.803030303030303,53,30,15,13,0.5855855855855856,0.5675675675675675,0.0,0.0,0.0,0.0,0.0,0.0,0.0,0.0,0.6385542168674698,0.5357142857142857,0.0,0.7477477477477478,0.25225225225225223,0.5272089762177214,0
EICHERMOT,5,0.9,900,99,111,2025-07-30,2026-04-21,0.5135135135135135,0.5698138297872342,0.6029411764705882,0.5694444444444444,0.640625,41,31,16,23,0.6036036036036037,0.5765765765765766,0.0,0.0,0.0,0.0,0.0,0.0,0.0,0.0,0.5694444444444444,0.41025641025641024,0.0,0.6486486486486487,0.35135135135135137,1.0,0
EICHERMOT,6,0.95,949,105,56,2025-12-10,2026-04-21,0.4107142857142857,0.3406451612903226,0.5352112676056338,0.41304347826086957,0.76,19,27,4,6,0.39285714285714285,0.375,0.0,0.0,0.0,0.0,0.0,0.0,0.0,0.0,0.41304347826086957,0.4,0.0,0.8214285714285714,0.17857142857142858,0.7165195949867037,0
M&M,1,0.7,721,80,115,2024-04-29,2024-12-09,0.6173913043478261,0.5697197539302803,0.7349397590361446,0.6853932584269663,0.7922077922077922,61,28,10,16,0.5304347826086957,0.6695652173913044,0.0,0.0,0.0,0.0,0.0,0.0,0.0,0.0,0.6853932584269663,0.3846153846153846,0.0,0.7739130434782608,0.22608695652173913,0.20278454066930163,0
M&M,2,0.75,773,85,115,2024-08-23,2025-03-19,0.5043478260869565,0.5396249243799153,0.6174496644295302,0.5054945054945055,0.7931034482758621,46,45,12,12,0.5217391304347826,0.48695652173913045,0.0,0.0,0.0,0.0,0.0,0.0,0.0,0.0,0.5054945054945055,0.5,0.0,0.7913043478260869,0.20869565217391303,0.3105686725877144,0
M&M,3,0.8,825,91,114,2024-12-12,2025-07-23,0.4649122807017544,0.5448382126348228,0.6163522012578616,0.47115384615384615,0.8909090909090909,49,55,4,6,0.5,0.47368421052631576,0.0,0.0,0.0,0.0,0.0,0.0,0.0,0.0,0.47115384615384615,0.4,0.0,0.9122807017543859,0.08771929824561403,0.40753912925850333,0
M&M,4,0.85,876,97,114,2025-03-20,2025-12-11,0.6228070175438597,0.5714285714285714,0.7261146496815286,0.6063829787234043,0.9047619047619048,57,37,14,6,0.6052631578947368,0.6228070175438597,0.0,0.0,0.0,0.0,0.0,0.0,0.0,0.0,0.6063829787234043,0.7,0.0,0.8245614035087719,0.17543859649122806,2.1957452160795383,0
M&M,5,0.9,927,103,115,2025-07-24,2026-04-21,0.4434782608695652,0.47108947048082783,0.5949367088607594,0.44761904761904764,0.8867924528301887,47,58,4,6,0.5043478260869565,0.4608695652173913,0.0,0.0,0.0,0.0,0.0,0.0,0.0,0.0,0.44761904761904764,0.4,0.0,0.9130434782608695,0.08695652173913043,1.0,0
M&M,6,0.95,979,108,58,2025-12-12,2026-04-21,0.4482758620689655,0.5252525252525253,0.4838709677419355,0.375,0.6818181818181818,15,25,11,7,0.39655172413793105,0.41379310344827586,0.0,0.0,0.0,0.0,0.0,0.0,0.0,0.0,0.375,0.6111111111111112,0.0,0.6896551724137931,0.3103448275862069,0.7548026942384923,0
TVSMOTOR,1,0.7,710,78,112,2024-03-28,2024-11-25,0.5357142857142857,0.32018716577540113,0.6941176470588235,0.5784313725490197,0.8676470588235294,59,43,1,9,0.4732142857142857,0.5535714285714286,0.0,0.0,0.0,0.0,0.0,0.0,0.0,0.0,0.5784313725490197,0.09999999999999998,0.0,0.9107142857142857,0.08928571428571429,0.3768415211948313,0
TVSMOTOR,2,0.75,760,84,113,2024-08-05,2025-03-13,0.46017699115044247,0.4345911949685534,0.6303030303030303,0.4642857142857143,0.9811320754716981,52,60,0,1,0.4247787610619469,0.4690265486725664,0.0,0.0,0.0,0.0,0.0,0.0,0.0,0.0,0.4642857142857143,0.0,0.0,0.9911504424778761,0.008849557522123894,0.3724156769747249,0
TVSMOTOR,3,0.8,810,90,113,2024-11-26,2025-07-17,0.5132743362831859,0.6704260651629073,0.6745562130177515,0.5089285714285714,1.0,57,55,1,0,0.5663716814159292,0.504424778761062,0.0,0.0,0.0,0.0,0.0,0.0,0.0,0.0,0.5089285714285714,1.0,0.0,0.9911504424778761,0.008849557522123894,0.6656735185906968,0
TVSMOTOR,4,0.85,862,95,112,2025-03-18,2025-11-27,0.6607142857142857,0.6269559032716928,0.7956989247311828,0.6607142857142857,1.0,74,38,0,0,0.6696428571428571,0.6607142857142857,0.0,0.0,0.0,0.0,0.0,0.0,0.0,0.0,0.6607142857142857,0.0,0.0,1.0,0.0,1.0,0
TVSMOTOR,5,0.9,912,101,113,2025-07-18,2026-04-22,0.5752212389380531,0.48237179487179493,0.7241379310344828,0.5779816513761468,0.9692307692307692,63,46,2,2,0.5663716814159292,0.5929203539823009,0.0,0.0,0.0,0.0,0.0,0.0,0.0,0.0,0.5779816513761468,0.5,0.0,0.9646017699115044,0.035398230088495575,0.32693966037231986,0
TVSMOTOR,6,0.95,963,106,57,2025-12-01,2026-04-22,0.38596491228070173,0.39826302729528534,0.5454545454545454,0.4117647058823529,0.8076923076923077,21,30,1,5,0.42105263157894735,0.42105263157894735,0.0,0.0,0.0,0.0,0.0,0.0,0.0,0.0,0.4117647058823529,0.16666666666666663,0.0,0.8947368421052632,0.10526315789473684,0.8508758455400625,0
BOSCHLTD,1,0.7,796,88,126,2024-01-15,2024-10-10,0.5793650793650794,0.48945012787723785,0.7005649717514124,0.7294117647058823,0.6739130434782609,62,23,11,30,0.40476190476190477,0.6428571428571429,0.0,0.0,0.0,0.0,0.0,0.0,0.0,0.0,0.7294117647058823,0.2682926829268293,0.0,0.6746031746031746,0.3253968253968254,0.3908842011224517,0
BOSCHLTD,2,0.75,853,94,126,2024-06-11,2025-02-14,0.46825396825396826,0.45087448559670784,0.5314685314685315,0.42696629213483145,0.7037037037037037,38,51,21,16,0.4126984126984127,0.38095238095238093,0.0,0.0,0.0,0.0,0.0,0.0,0.0,0.0,0.42696629213483145,0.5675675675675675,0.0,0.7063492063492064,0.29365079365079366,0.12014163652301177,0
BOSCHLTD,3,0.8,909,101,126,2024-10-11,2025-07-01,0.4523809523809524,0.4421561149249937,0.6187845303867403,0.45161290322580644,0.9824561403508771,56,68,1,1,0.4444444444444444,0.4523809523809524,0.0,0.0,0.0,0.0,0.0,0.0,0.0,0.0,0.45161290322580644,0.5,0.0,0.9841269841269841,0.015873015873015872,0.32189555868455905,0
BOSCHLTD,4,0.85,966,107,126,2025-02-19,2025-11-14,0.5714285714285714,0.45842105263157895,0.7127659574468085,0.5982142857142857,0.881578947368421,67,45,5,9,0.49206349206349204,0.5793650793650794,0.0,0.0,0.0,0.0,0.0,0.0,0.0,0.0,0.5982142857142857,0.3571428571428571,0.0,0.8888888888888888,0.1111111111111111,1.0,0
BOSCHLTD,5,0.9,1023,113,127,2025-07-02,2026-04-22,0.4881889763779528,0.5823076923076923,0.5695364238410596,0.43434343434343436,0.8269230769230769,43,56,19,9,0.4645669291338583,0.4094488188976378,0.0,0.0,0.0,0.0,0.0,0.0,0.0,0.0,0.43434343434343436,0.6785714285714286,0.0,0.7795275590551181,0.2204724409448819,2.619179542810985,0
BOSCHLTD,6,0.95,1080,119,64,2025-11-17,2026-04-22,0.359375,0.4839424141749723,0.3880597014925373,0.2826086956521739,0.6190476190476191,13,33,10,8,0.40625,0.390625,0.0,0.0,0.0,0.0,0.0,0.0,0.0,0.0,0.2826086956521739,0.5555555555555556,0.0,0.71875,0.28125,0.7505698356203929,0
MOTHERSON,1,0.7,779,86,124,2024-04-24,2024-12-06,0.43548387096774194,0.4009978991596639,0.5,0.4861111111111111,0.5147058823529411,35,37,19,33,0.4596774193548387,0.45161290322580644,0.0,0.0,0.0,0.0,0.0,0.0,0.0,0.0,0.4861111111111111,0.3653846153846154,0.0,0.5806451612903226,0.41935483870967744,0.4123833452746991,0
MOTHERSON,2,0.75,835,92,124,2024-08-13,2025-04-03,0.3548387096774194,0.4439605110336817,0.4594594594594595,0.32075471698113206,0.8095238095238095,34,72,10,8,0.4274193548387097,0.3387096774193548,0.0,0.0,0.0,0.0,0.0,0.0,0.0,0.0,0.32075471698113206,0.5555555555555556,0.0,0.8548387096774194,0.14516129032258066,0.2538026347015956,0
MOTHERSON,3,0.8,891,98,124,2024-12-09,2025-08-12,0.3548387096774194,0.3540193768002095,0.4666666666666667,0.3763440860215054,0.6140350877192983,35,58,9,22,0.3709677419354839,0.4032258064516129,0.0,0.0,0.0,0.0,0.0,0.0,0.0,0.0,0.3763440860215054,0.29032258064516125,0.0,0.75,0.25,0.45886461163136033,0
MOTHERSON,4,0.85,946,105,124,2025-04-04,2025-12-09,0.5483870967741935,0.3037611254665519,0.7021276595744681,0.616822429906542,0.8148148148148148,66,41,2,15,0.6693548387096774,0.6532258064516129,0.0,0.0,0.0,0.0,0.0,0.0,0.0,0.0,0.616822429906542,0.11764705882352944,0.0,0.8629032258064516,0.13709677419354838,1.0,0
MOTHERSON,5,0.9,1002,111,124,2025-08-13,2026-04-22,0.5161290322580645,0.47767857142857145,0.6103896103896104,0.5465116279069767,0.6911764705882353,47,39,17,21,0.46774193548387094,0.5403225806451613,0.0,0.0,0.0,0.0,0.0,0.0,0.0,0.0,0.5465116279069767,0.4473684210526315,0.0,0.6935483870967742,0.3064516129032258,1.0,0
MOTHERSON,6,0.95,1058,117,62,2025-12-10,2026-04-22,0.41935483870967744,0.4006410256410256,0.4,0.35294117647058826,0.46153846153846156,12,22,14,14,0.43548387096774194,0.5806451612903226,0.0,0.0,0.0,0.0,0.0,0.0,0.0,0.0,0.35294117647058826,0.5,0.0,0.5483870967741935,0.45161290322580644,1.0,0
EXIDEIND,1,0.7,718,79,114,2024-04-30,2024-12-04,0.5,0.6151234567901235,0.6274509803921569,0.48484848484848486,0.8888888888888888,48,51,9,6,0.543859649122807,0.4649122807017544,0.0,0.0,0.0,0.0,0.0,0.0,0.0,0.0,0.48484848484848486,0.6,0.0,0.868421052631579,0.13157894736842105,0.4517841446596291,0
EXIDEIND,2,0.75,769,85,114,2024-08-28,2025-03-25,0.4473684210526316,0.548941798941799,0.5655172413793104,0.39805825242718446,0.9761904761904762,41,62,10,1,0.5789473684210527,0.47368421052631576,0.0,0.0,0.0,0.0,0.0,0.0,0.0,0.0,0.39805825242718446,0.9090909090909091,0.0,0.9035087719298246,0.09649122807017543,0.617134389644375,0
EXIDEIND,3,0.8,820,91,114,2024-12-05,2025-07-31,0.543859649122807,0.6274509803921569,0.6388888888888888,0.4946236559139785,0.9019607843137255,46,47,16,5,0.5877192982456141,0.4473684210526316,0.0,0.0,0.0,0.0,0.0,0.0,0.0,0.0,0.4946236559139785,0.7619047619047619,0.0,0.8157894736842105,0.18421052631578946,1.0,0
EXIDEIND,4,0.85,872,96,114,2025-03-26,2025-12-09,0.5701754385964912,0.513713405238829,0.6711409395973155,0.5319148936170213,0.9090909090909091,50,44,15,5,0.5701754385964912,0.4824561403508772,0.0,0.0,0.0,0.0,0.0,0.0,0.0,0.0,0.5319148936170213,0.75,0.0,0.8245614035087719,0.17543859649122806,1.0,0
EXIDEIND,5,0.9,923,102,114,2025-08-04,2026-04-22,0.5526315789473685,0.5373376623376623,0.49504950495049505,0.43859649122807015,0.5681818181818182,25,32,38,19,0.5614035087719298,0.543859649122807,0.0,0.0,0.0,0.0,0.0,0.0,0.0,0.0,0.43859649122807015,0.6666666666666667,0.0,0.5,0.5,0.43621411285379896,0
EXIDEIND,6,0.95,974,108,57,2025-12-10,2026-04-22,0.631578947368421,0.7012987012987013,0.5333333333333333,0.5217391304347826,0.5454545454545454,12,11,24,10,0.49122807017543857,0.45614035087719296,0.0,0.0,0.0,0.0,0.0,0.0,0.0,0.0,0.5217391304347826,0.7058823529411764,0.0,0.40350877192982454,0.5964912280701754,0.3765959844347358,0
SUNPHARMA,1,0.7,639,70,101,2024-04-04,2025-01-01,0.6138613861386139,0.5147804054054053,0.7515923566878981,0.6344086021505376,0.921875,59,34,3,5,0.45544554455445546,0.6336633663366337,0.0,0.0,0.0,0.0,0.0,0.0,0.0,0.0,0.6344086021505376,0.375,0.0,0.9207920792079208,0.07920792079207921,0.10000660285425449,0
SUNPHARMA,2,0.75,684,75,102,2024-08-12,2025-04-09,0.5294117647058824,0.48402002310358105,0.6883116883116883,0.5247524752475248,1.0,53,48,1,0,0.5392156862745098,0.5196078431372549,0.0,0.0,0.0,0.0,0.0,0.0,0.0,0.0,0.5247524752475248,1.0,0.0,0.9901960784313726,0.00980392156862745,0.295910027024434,0
SUNPHARMA,3,0.8,729,81,101,2025-01-03,2025-08-19,0.44554455445544555,0.4757936507936509,0.6164383561643836,0.44554455445544555,1.0,45,56,0,0,0.49504950495049505,0.44554455445544555,0.0,0.0,0.0,0.0,0.0,0.0,0.0,0.0,0.44554455445544555,0.0,0.0,1.0,0.0,0.2857897273345586,0
SUNPHARMA,4,0.85,775,86,101,2025-04-16,2025-12-18,0.5544554455445545,0.4119047619047619,0.7133757961783439,0.5544554455445545,1.0,56,45,0,0,0.5544554455445545,0.5544554455445545,0.0,0.0,0.0,0.0,0.0,0.0,0.0,0.0,0.5544554455445545,0.0,0.0,1.0,0.0,1.0,0
SUNPHARMA,5,0.9,820,91,102,2025-08-20,2026-04-22,0.5196078431372549,0.33449074074074076,0.6838709677419355,0.5247524752475248,0.9814814814814815,53,48,0,1,0.5098039215686274,0.5294117647058824,0.0,0.0,0.0,0.0,0.0,0.0,0.0,0.0,0.5247524752475248,0.0,0.0,0.9901960784313726,0.00980392156862745,1.0,0
SUNPHARMA,6,0.95,866,96,51,2025-12-19,2026-04-22,0.4117647058823529,0.4761904761904762,0.5454545454545454,0.4,0.8571428571428571,18,27,3,3,0.3333333333333333,0.45098039215686275,0.0,0.0,0.0,0.0,0.0,0.0,0.0,0.0,0.4,0.5,0.0,0.8823529411764706,0.11764705882352941,0.748252766453692,0
DRREDDY,1,0.7,664,73,106,2024-05-06,2024-12-17,0.4811320754716981,0.49621348719798053,0.6496815286624203,0.5204081632653061,0.864406779661017,51,47,0,8,0.44339622641509435,0.5566037735849056,0.0,0.0,0.0,0.0,0.0,0.0,0.0,0.0,0.5204081632653061,0.0,0.0,0.9245283018867925,0.07547169811320754,0.12170706034759009,0
DRREDDY,2,0.75,711,79,105,2024-08-28,2025-03-26,0.38095238095238093,0.49962207105064255,0.5390070921985816,0.3838383838383838,0.9047619047619048,38,61,2,4,0.5714285714285714,0.4,0.0,0.0,0.0,0.0,0.0,0.0,0.0,0.0,0.3838383838383838,0.33333333333333337,0.0,0.9428571428571428,0.05714285714285714,0.4804771021641716,0
DRREDDY,3,0.8,759,84,105,2024-12-18,2025-07-23,0.42857142857142855,0.42327272727272724,0.5522388059701493,0.44047619047619047,0.74,37,47,8,13,0.3904761904761905,0.47619047619047616,0.0,0.0,0.0,0.0,0.0,0.0,0.0,0.0,0.44047619047619047,0.38095238095238093,0.0,0.8,0.2,0.29472360568144557,0
DRREDDY,4,0.85,806,89,106,2025-03-27,2025-11-25,0.5094339622641509,0.38430059523809523,0.6119402985074627,0.5857142857142857,0.640625,41,29,13,23,0.5377358490566038,0.6037735849056604,0.0,0.0,0.0,0.0,0.0,0.0,0.0,0.0,0.5857142857142857,0.36111111111111116,0.0,0.660377358490566,0.33962264150943394,1.0,0
DRREDDY,5,0.9,854,94,106,2025-07-25,2026-04-22,0.5,0.4561594202898551,0.6074074074074074,0.5466666666666666,0.6833333333333333,41,34,12,19,0.5283018867924528,0.5094339622641509,0.0,0.0,0.0,0.0,0.0,0.0,0.0,0.0,0.5466666666666666,0.3870967741935484,0.0,0.7075471698113207,0.29245283018867924,1.0,0
DRREDDY,6,0.95,901,100,53,2025-11-26,2026-04-22,0.2641509433962264,0.2514285714285714,0.36065573770491804,0.3333333333333333,0.39285714285714285,11,22,3,17,0.32075471698113206,0.49056603773584906,0.0,0.0,0.0,0.0,0.0,0.0,0.0,0.0,0.3333333333333333,0.15000000000000002,0.0,0.6226415094339622,0.37735849056603776,0.6024892371922398,0
CIPLA,1,0.7,659,73,104,2024-04-22,2024-11-11,0.6153846153846154,0.5700757575757576,0.7183098591549296,0.6219512195121951,0.85,51,31,13,9,0.5384615384615384,0.5769230769230769,0.0,0.0,0.0,0.0,0.0,0.0,0.0,0.0,0.6219512195121951,0.5909090909090908,0.0,0.7884615384615384,0.21153846153846154,0.10895942096335276,0
CIPLA,2,0.75,706,78,105,2024-08-06,2025-03-11,0.5047619047619047,0.6484034833091437,0.6578947368421053,0.5,0.9615384615384616,50,50,3,2,0.5904761904761905,0.49523809523809526,0.0,0.0,0.0,0.0,0.0,0.0,0.0,0.0,0.5,0.6,0.0,0.9523809523809523,0.047619047619047616,0.4262319949340913,0
CIPLA,3,0.8,753,83,105,2024-11-12,2025-07-23,0.5333333333333333,0.5319535221496007,0.6754966887417219,0.5257731958762887,0.9444444444444444,51,46,5,3,0.6,0.5142857142857142,0.0,0.0,0.0,0.0,0.0,0.0,0.0,0.0,0.5257731958762887,0.625,0.0,0.9238095238095239,0.0761904761904762,0.4952711150486817,0
CIPLA,4,0.85,801,88,104,2025-03-12,2025-11-21,0.5192307692307693,0.5673076923076923,0.6268656716417911,0.5121951219512195,0.8076923076923077,42,40,12,10,0.49038461538461536,0.4807692307692308,0.0,0.0,0.0,0.0,0.0,0.0,0.0,0.0,0.5121951219512195,0.5454545454545454,0.0,0.7884615384615384,0.21153846153846154,0.6399195919544667,0
CIPLA,5,0.9,847,94,105,2025-07-24,2026-04-22,0.580952380952381,0.6496598639455783,0.5769230769230769,0.4838709677419355,0.7142857142857143,30,32,31,12,0.580952380952381,0.580952380952381,0.0,0.0,0.0,0.0,0.0,0.0,0.0,0.0,0.4838709677419355,0.7209302325581395,0.0,0.5904761904761905,0.4095238095238095,0.5852856399441103,0
CIPLA,6,0.95,894,99,53,2025-11-24,2026-04-22,0.5283018867924528,0.6908783783783783,0.4897959183673469,0.36363636363636365,0.75,12,21,16,4,0.49056603773584906,0.660377358490566,0.0,0.0,0.0,0.0,0.0,0.0,0.0,0.0,0.36363636363636365,0.8,0.0,0.6226415094339622,0.37735849056603776,0.5599833939641735,0
DIVISLAB,1,0.7,781,86,124,2024-01-31,2024-10-23,0.5,0.3692517006802721,0.651685393258427,0.5631067961165048,0.7733333333333333,58,45,4,17,0.5403225806451613,0.46774193548387094,0.0,0.0,0.0,0.0,0.0,0.0,0.0,0.0,0.5631067961165048,0.19047619047619047,0.0,0.8306451612903226,0.1693548387096774,1.0,0
DIVISLAB,2,0.75,837,92,124,2024-06-12,2025-02-20,0.5161290322580645,0.5335071707953064,0.5652173913043478,0.5342465753424658,0.6,39,34,25,26,0.532258064516129,0.47580645161290325,0.0,0.0,0.0,0.0,0.0,0.0,0.0,0.0,0.5342465753424658,0.4901960784313726,0.0,0.5887096774193549,0.4112903225806452,1.0,0
DIVISLAB,3,0.8,892,99,124,2024-10-24,2025-07-01,0.5,0.6158730158730159,0.44642857142857145,0.5952380952380952,0.35714285714285715,25,17,37,45,0.6451612903225806,0.43548387096774194,0.0,0.0,0.0,0.0,0.0,0.0,0.0,0.0,0.5952380952380952,0.4512195121951219,0.0,0.3387096774193548,0.6612903225806451,1.0,0
DIVISLAB,4,0.85,948,105,124,2025-02-21,2025-11-12,0.47580645161290325,0.4399164054336468,0.5911949685534591,0.5053763440860215,0.7121212121212122,47,46,12,19,0.4596774193548387,0.4274193548387097,0.0,0.0,0.0,0.0,0.0,0.0,0.0,0.0,0.5053763440860215,0.3870967741935484,0.0,0.75,0.25,0.4533499764376075,0
DIVISLAB,5,0.9,1004,111,124,2025-07-02,2026-04-22,0.3870967741935484,0.3994594594594595,0.5128205128205128,0.37735849056603776,0.8,40,66,8,10,0.41935483870967744,0.5161290322580645,0.0,0.0,0.0,0.0,0.0,0.0,0.0,0.0,0.37735849056603776,0.4444444444444444,0.0,0.8548387096774194,0.14516129032258066,0.4289453705122175,0
DIVISLAB,6,0.95,1060,117,62,2025-11-13,2026-04-22,0.5,0.4857142857142857,0.5507246376811594,0.4523809523809524,0.7037037037037037,19,23,12,8,0.4838709677419355,0.45161290322580644,0.0,0.0,0.0,0.0,0.0,0.0,0.0,0.0,0.4523809523809524,0.6,0.0,0.6774193548387096,0.3225806451612903,0.4603939835734787,0
LUPIN,1,0.7,692,76,110,2024-04-29,2024-11-25,0.4818181818181818,0.4623438027693346,0.6274509803921569,0.5333333333333333,0.7619047619047619,48,42,5,15,0.4636363636363636,0.5727272727272728,0.0,0.0,0.0,0.0,0.0,0.0,0.0,0.0,0.5333333333333333,0.25,0.0,0.8181818181818182,0.18181818181818182,0.38890963699121023,0
LUPIN,2,0.75,741,82,110,2024-08-08,2025-02-28,0.5818181818181818,0.5872227739159218,0.6714285714285714,0.5402298850574713,0.8867924528301887,47,40,17,6,0.5909090909090909,0.5454545454545454,0.0,0.0,0.0,0.0,0.0,0.0,0.0,0.0,0.5402298850574713,0.7391304347826086,0.0,0.7909090909090909,0.20909090909090908,0.7198299421024946,0
LUPIN,3,0.8,791,87,110,2024-11-26,2025-07-02,0.5818181818181818,0.6261216350947159,0.6290322580645161,0.5342465753424658,0.7647058823529411,39,34,25,12,0.5454545454545454,0.5818181818181818,0.0,0.0,0.0,0.0,0.0,0.0,0.0,0.0,0.5342465753424658,0.6756756756756757,0.0,0.6636363636363637,0.33636363636363636,0.6680343966905462,0
LUPIN,4,0.85,840,93,110,2025-03-03,2025-11-04,0.7090909090909091,0.7767857142857143,0.75,0.6666666666666666,0.8571428571428571,48,24,30,8,0.5454545454545454,0.7,0.0,0.0,0.0,0.0,0.0,0.0,0.0,0.0,0.6666666666666666,0.7894736842105263,0.0,0.6545454545454545,0.34545454545454546,0.7823601030976586,0
LUPIN,5,0.9,890,98,110,2025-07-03,2026-04-09,0.5636363636363636,0.6214285714285714,0.625,0.6896551724137931,0.5714285714285714,40,18,22,30,0.43636363636363634,0.6,0.0,0.0,0.0,0.0,0.0,0.0,0.0,0.0,0.6896551724137931,0.42307692307692313,0.0,0.5272727272727272,0.4727272727272727,0.6373406121361896,0
LUPIN,6,0.95,939,104,55,2025-11-07,2026-04-09,0.6363636363636364,0.6009615384615385,0.7368421052631579,0.7567567567567568,0.717948717948718,28,9,7,11,0.5272727272727272,0.6545454545454545,0.0,0.0,0.0,0.0,0.0,0.0,0.0,0.0,0.7567567567567568,0.38888888888888884,0.0,0.6727272727272727,0.32727272727272727,0.7093739810482885,0
TORNTPHARM,1,0.7,649,72,103,2024-04-29,2024-11-28,0.5242718446601942,0.38945712037765534,0.6620689655172414,0.5783132530120482,0.7741935483870968,48,35,6,14,0.5048543689320388,0.6019417475728155,0.0,0.0,0.0,0.0,0.0,0.0,0.0,0.0,0.5783132530120482,0.30000000000000004,0.0,0.8058252427184466,0.1941747572815534,0.10000660285425449,0
TORNTPHARM,2,0.75,696,77,103,2024-08-06,2025-03-27,0.44660194174757284,0.6812260536398467,0.6122448979591837,0.4411764705882353,1.0,45,57,1,0,0.5339805825242718,0.4368932038834951,0.0,0.0,0.0,0.0,0.0,0.0,0.0,0.0,0.4411764705882353,1.0,0.0,0.9902912621359223,0.009708737864077669,0.30505451732855565,0
TORNTPHARM,3,0.8,742,82,103,2024-12-05,2025-07-21,0.5533980582524272,0.6632730015082957,0.6714285714285714,0.5280898876404494,0.9215686274509803,47,42,10,4,0.5145631067961165,0.6310679611650486,0.0,0.0,0.0,0.0,0.0,0.0,0.0,0.0,0.5280898876404494,0.7142857142857143,0.0,0.8640776699029126,0.13592233009708737,0.4646275269624166,0
TORNTPHARM,4,0.85,789,87,103,2025-04-02,2025-12-16,0.6407766990291263,0.6598484848484849,0.7131782945736435,0.6216216216216216,0.8363636363636363,46,28,20,9,0.6213592233009708,0.6116504854368932,0.0,0.0,0.0,0.0,0.0,0.0,0.0,0.0,0.6216216216216216,0.6896551724137931,0.0,0.7184466019417476,0.2815533980582524,0.6386345730883527,0
TORNTPHARM,5,0.9,835,92,104,2025-07-22,2026-04-22,0.5288461538461539,0.5796610169491525,0.6370370370370371,0.5657894736842105,0.7288135593220338,43,33,12,16,0.5480769230769231,0.49038461538461536,0.0,0.0,0.0,0.0,0.0,0.0,0.0,0.0,0.5657894736842105,0.4285714285714286,0.0,0.7307692307692307,0.2692307692307692,0.41276814998577144,0
TORNTPHARM,6,0.95,882,97,52,2025-12-17,2026-04-22,0.5192307692307693,0.569377990430622,0.5901639344262295,0.6428571428571429,0.5454545454545454,18,10,9,15,0.5769230769230769,0.5192307692307693,0.0,0.0,0.0,0.0,0.0,0.0,0.0,0.0,0.6428571428571429,0.375,0.0,0.5384615384615384,0.46153846153846156,0.6379806315390196,0
ALKEM,1,0.7,687,76,109,2024-04-02,2024-11-01,0.3853211009174312,0.38988522238163553,0.4462809917355372,0.5094339622641509,0.39705882352941174,27,26,15,41,0.45871559633027525,0.5229357798165137,0.0,0.0,0.0,0.0,0.0,0.0,0.0,0.0,0.5094339622641509,0.2678571428571429,0.0,0.48623853211009177,0.5137614678899083,0.5439979350110352,0
ALKEM,2,0.75,737,81,109,2024-07-29,2025-03-04,0.4954128440366973,0.5960242587601078,0.6583850931677019,0.49074074074074076,1.0,53,55,1,0,0.47706422018348627,0.48623853211009177,0.0,0.0,0.0,0.0,0.0,0.0,0.0,0.0,0.49074074074074076,1.0,0.0,0.9908256880733946,0.009174311926605505,0.21564793549173777,0
ALKEM,3,0.8,785,87,109,2024-11-04,2025-07-04,0.42201834862385323,0.4074453551912568,0.5882352941176471,0.42857142857142855,0.9375,45,60,1,3,0.46788990825688076,0.44036697247706424,0.0,0.0,0.0,0.0,0.0,0.0,0.0,0.0,0.42857142857142855,0.25,0.0,0.963302752293578,0.03669724770642202,0.39467784826899166,0
ALKEM,4,0.85,835,92,109,2025-03-05,2025-11-25,0.5596330275229358,0.4118050789293068,0.7176470588235294,0.5648148148148148,0.9838709677419355,61,47,0,1,0.5321100917431193,0.5688073394495413,0.0,0.0,0.0,0.0,0.0,0.0,0.0,0.0,0.5648148148148148,0.0,0.0,0.9908256880733946,0.009174311926605505,1.0,0
ALKEM,5,0.9,883,98,110,2025-07-08,2026-04-22,0.5272727272727272,0.587962962962963,0.6533333333333333,0.5212765957446809,0.875,49,45,9,7,0.5454545454545454,0.509090909090909,0.0,0.0,0.0,0.0,0.0,0.0,0.0,0.0,0.5212765957446809,0.5625,0.0,0.8545454545454545,0.14545454545454545,1.0,0
ALKEM,6,0.95,933,103,55,2025-11-26,2026-04-22,0.34545454545454546,0.542016806722689,0.4857142857142857,0.3469387755102041,0.8095238095238095,17,32,2,4,0.3090909090909091,0.4,0.0,0.0,0.0,0.0,0.0,0.0,0.0,0.0,0.3469387755102041,0.33333333333333337,0.0,0.8909090909090909,0.10909090909090909,0.3962310609375364,0
AUROPHARMA,1,0.7,750,83,119,2024-05-30,2025-01-15,0.5042016806722689,0.505367231638418,0.6242038216560509,0.5051546391752577,0.8166666666666667,49,48,11,11,0.5210084033613446,0.4957983193277311,0.0,0.0,0.0,0.0,0.0,0.0,0.0,0.0,0.5051546391752577,0.5,0.0,0.8151260504201681,0.18487394957983194,0.6306618477800772,0
AUROPHARMA,2,0.75,803,89,119,2024-09-27,2025-05-09,0.5042016806722689,0.4901960784313726,0.5815602836879432,0.45555555555555555,0.803921568627451,41,49,19,10,0.453781512605042,0.4789915966386555,0.0,0.0,0.0,0.0,0.0,0.0,0.0,0.0,0.45555555555555555,0.6551724137931034,0.0,0.7563025210084033,0.24369747899159663,0.5799867201323342,0
AUROPHARMA,3,0.8,857,95,119,2025-01-16,2025-08-25,0.5714285714285714,0.5795847750865052,0.6106870229007634,0.5,0.7843137254901961,40,40,28,11,0.5378151260504201,0.5294117647058824,0.0,0.0,0.0,0.0,0.0,0.0,0.0,0.0,0.5,0.717948717948718,0.0,0.6722689075630253,0.3277310924369748,2.0509561032663695,0
AUROPHARMA,4,0.85,910,101,119,2025-05-13,2025-12-17,0.46218487394957986,0.519774011299435,0.6097560975609756,0.47619047619047616,0.847457627118644,50,55,5,9,0.5714285714285714,0.4957983193277311,0.0,0.0,0.0,0.0,0.0,0.0,0.0,0.0,0.47619047619047616,0.3571428571428571,0.0,0.8823529411764706,0.11764705882352941,1.0,0
AUROPHARMA,5,0.9,964,107,119,2025-08-26,2026-04-22,0.48739495798319327,0.47424242424242424,0.5611510791366906,0.609375,0.52,39,25,19,36,0.3865546218487395,0.4789915966386555,0.0,0.0,0.0,0.0,0.0,0.0,0.0,0.0,0.609375,0.34545454545454546,0.0,0.5378151260504201,0.46218487394957986,0.7958796419653256,0
AUROPHARMA,6,0.95,1017,113,60,2025-12-19,2026-04-22,0.55,0.526439482961222,0.5970149253731343,0.6666666666666666,0.5405405405405406,20,10,13,17,0.43333333333333335,0.4166666666666667,0.0,0.0,0.0,0.0,0.0,0.0,0.0,0.0,0.6666666666666666,0.43333333333333335,0.0,0.5,0.5,0.41851650804520873,0
HINDUNILVR,1,0.7,609,67,96,2024-05-13,2024-12-10,0.5208333333333334,0.5577256944444444,0.5208333333333334,0.5208333333333334,0.5208333333333334,25,23,25,23,0.46875,0.5104166666666666,0.0,0.0,0.0,0.0,0.0,0.0,0.0,0.0,0.5208333333333334,0.5208333333333333,0.0,0.5,0.5,2.12826135256092,0
HINDUNILVR,2,0.75,652,72,97,2024-09-02,2025-03-25,0.4742268041237113,0.46448863636363635,0.35443037974683544,0.30434782608695654,0.42424242424242425,14,32,32,19,0.5051546391752577,0.6494845360824743,0.0,0.0,0.0,0.0,0.0,0.0,0.0,0.0,0.30434782608695654,0.6274509803921569,0.0,0.4742268041237113,0.5257731958762887,1.0,0
HINDUNILVR,3,0.8,695,77,97,2024-12-11,2025-07-29,0.5257731958762887,0.5327380952380952,0.5208333333333334,0.5208333333333334,0.5208333333333334,25,23,26,23,0.6082474226804123,0.5051546391752577,0.0,0.0,0.0,0.0,0.0,0.0,0.0,0.0,0.5208333333333334,0.5306122448979591,0.0,0.4948453608247423,0.5051546391752577,1.0,0
HINDUNILVR,4,0.85,739,82,96,2025-04-02,2025-12-05,0.6041666666666666,0.5986928104575163,0.6415094339622641,0.5573770491803278,0.7555555555555555,34,27,24,11,0.5729166666666666,0.6041666666666666,0.0,0.0,0.0,0.0,0.0,0.0,0.0,0.0,0.5573770491803278,0.6857142857142857,0.0,0.6354166666666666,0.3645833333333333,1.0,0
HINDUNILVR,5,0.9,783,86,97,2025-07-30,2026-04-22,0.4329896907216495,0.4130240856378234,0.367816091954023,0.32653061224489793,0.42105263157894735,16,33,26,22,0.4639175257731959,0.41237113402061853,0.0,0.0,0.0,0.0,0.0,0.0,0.0,0.0,0.32653061224489793,0.5416666666666667,0.0,0.5051546391752577,0.4948453608247423,0.48612769877317474,0
HINDUNILVR,6,0.95,826,91,49,2025-12-09,2026-04-22,0.3877551020408163,0.3469387755102041,0.375,0.3333333333333333,0.42857142857142855,9,18,10,12,0.3673469387755102,0.5306122448979592,0.0,0.0,0.0,0.0,0.0,0.0,0.0,0.0,0.3333333333333333,0.4545454545454546,0.0,0.5510204081632653,0.4489795918367347,0.4004942727576139,0
ITC,1,0.7,643,71,102,2024-03-15,2024-11-08,0.5784313725490197,0.5583366180528183,0.7261146496815286,0.5816326530612245,0.9661016949152542,57,41,2,2,0.6372549019607843,0.5784313725490197,0.0,0.0,0.0,0.0,0.0,0.0,0.0,0.0,0.5816326530612245,0.5,0.0,0.9607843137254902,0.0392156862745098,1.0,0
ITC,2,0.75,689,76,102,2024-07-15,2025-03-05,0.46078431372549017,0.6731366459627329,0.6258503401360545,0.45544554455445546,1.0,46,55,1,0,0.5686274509803921,0.45098039215686275,0.0,0.0,0.0,0.0,0.0,0.0,0.0,0.0,0.45544554455445546,1.0,0.0,0.9901960784313726,0.00980392156862745,0.5146184747577712,0
ITC,3,0.8,735,81,102,2024-11-11,2025-07-18,0.5392156862745098,0.6103846153846154,0.6412213740458015,0.5185185185185185,0.84,42,39,13,8,0.49019607843137253,0.5686274509803921,0.0,0.0,0.0,0.0,0.0,0.0,0.0,0.0,0.5185185185185185,0.6190476190476191,0.0,0.7941176470588235,0.20588235294117646,0.49829055591017635,0
ITC,4,0.85,781,86,102,2025-03-06,2025-12-23,0.5392156862745098,0.5721986907970735,0.6802721088435374,0.5319148936170213,0.9433962264150944,50,44,5,3,0.5294117647058824,0.5098039215686274,0.0,0.0,0.0,0.0,0.0,0.0,0.0,0.0,0.5319148936170213,0.625,0.0,0.9215686274509803,0.0784313725490196,0.6398035845985123,0
ITC,5,0.9,827,91,103,2025-07-21,2026-04-22,0.5728155339805825,0.5861378205128205,0.5217391304347826,0.4528301886792453,0.6153846153846154,24,29,35,15,0.5436893203883495,0.5048543689320388,0.0,0.0,0.0,0.0,0.0,0.0,0.0,0.0,0.4528301886792453,0.7,0.0,0.5145631067961165,0.4854368932038835,0.6406757145308538,0
ITC,6,0.95,873,96,52,2025-12-24,2026-04-22,0.6153846153846154,0.5837837837837838,0.3333333333333333,0.3333333333333333,0.3333333333333333,5,10,27,10,0.6346153846153846,0.4807692307692308,0.0,0.0,0.0,0.0,0.0,0.0,0.0,0.0,0.3333333333333333,0.7297297297297297,0.0,0.28846153846153844,0.7115384615384616,1.0,0
NESTLEIND,1,0.7,606,67,96,2024-04-22,2024-12-27,0.4166666666666667,0.5202821869488536,0.5692307692307692,0.42045454545454547,0.8809523809523809,37,51,3,5,0.4166666666666667,0.4375,0.0,0.0,0.0,0.0,0.0,0.0,0.0,0.0,0.42045454545454547,0.375,0.0,0.9166666666666666,0.08333333333333333,2.749428176596062,0
NESTLEIND,2,0.75,649,72,96,2024-09-09,2025-04-24,0.4270833333333333,0.5219512195121951,0.5985401459854015,0.4270833333333333,1.0,41,55,0,0,0.4270833333333333,0.4166666666666667,0.0,0.0,0.0,0.0,0.0,0.0,0.0,0.0,0.4270833333333333,0.0,0.0,1.0,0.0,0.7473175028066557,0
NESTLEIND,3,0.8,693,76,96,2024-12-30,2025-08-07,0.5208333333333334,0.435084672166739,0.6805555555555556,0.5157894736842106,1.0,49,46,1,0,0.4895833333333333,0.5,0.0,0.0,0.0,0.0,0.0,0.0,0.0,0.0,0.5157894736842106,1.0,0.0,0.9895833333333334,0.010416666666666666,1.0,0
NESTLEIND,4,0.85,736,81,96,2025-04-25,2025-12-09,0.5,0.4860869565217391,0.6521739130434783,0.4891304347826087,0.9782608695652174,45,47,3,1,0.5,0.4791666666666667,0.0,0.0,0.0,0.0,0.0,0.0,0.0,0.0,0.4891304347826087,0.75,0.0,0.9583333333333334,0.041666666666666664,1.0,0
NESTLEIND,5,0.9,779,86,97,2025-08-08,2026-04-22,0.5051546391752577,0.5076923076923078,0.6065573770491803,0.5285714285714286,0.7115384615384616,37,33,12,15,0.5257731958762887,0.4742268041237113,0.0,0.0,0.0,0.0,0.0,0.0,0.0,0.0,0.5285714285714286,0.4444444444444444,0.0,0.7216494845360825,0.27835051546391754,0.2544767717701959,0
NESTLEIND,6,0.95,822,91,49,2025-12-10,2026-04-22,0.5306122448979592,0.5799319727891157,0.46511627906976744,0.6666666666666666,0.35714285714285715,10,5,16,18,0.5918367346938775,0.42857142857142855,0.0,0.0,0.0,0.0,0.0,0.0,0.0,0.0,0.6666666666666666,0.47058823529411764,0.0,0.30612244897959184,0.6938775510204082,0.43509462658765913,0
BRITANNIA,1,0.7,630,69,100,2024-05-09,2024-12-16,0.61,0.6122039341629868,0.6776859504132231,0.6029411764705882,0.7735849056603774,41,27,20,12,0.58,0.47,0.0,0.0,0.0,0.0,0.0,0.0,0.0,0.0,0.6029411764705882,0.625,0.0,0.68,0.32,0.38176335569225717,0
BRITANNIA,2,0.75,675,74,100,2024-08-28,2025-04-04,0.62,0.6624,0.6415094339622641,0.6071428571428571,0.68,34,22,28,16,0.55,0.63,0.0,0.0,0.0,0.0,0.0,0.0,0.0,0.0,0.6071428571428571,0.6363636363636364,0.0,0.56,0.44,0.4735479720559495,0
BRITANNIA,3,0.8,720,79,100,2024-12-20,2025-08-01,0.55,0.5771332492643968,0.6218487394957983,0.6379310344827587,0.6065573770491803,37,21,18,24,0.63,0.55,0.0,0.0,0.0,0.0,0.0,0.0,0.0,0.0,0.6379310344827587,0.4285714285714286,0.0,0.58,0.42,0.49690745872045017,0
BRITANNIA,4,0.85,765,84,100,2025-04-07,2025-12-08,0.51,0.5042424242424243,0.631578947368421,0.5384615384615384,0.7636363636363637,42,36,9,13,0.53,0.53,0.0,0.0,0.0,0.0,0.0,0.0,0.0,0.0,0.5384615384615384,0.40909090909090906,0.0,0.78,0.22,0.3747903665593207,0
BRITANNIA,5,0.9,810,89,100,2025-08-04,2026-04-21,0.52,0.4885588117221999,0.5,0.4897959183673469,0.5106382978723404,24,25,28,23,0.53,0.52,0.0,0.0,0.0,0.0,0.0,0.0,0.0,0.0,0.4897959183673469,0.5490196078431373,0.0,0.49,0.51,0.70234646141109,0
BRITANNIA,6,0.95,855,94,50,2025-12-09,2026-04-21,0.48,0.44991789819376027,0.4090909090909091,0.391304347826087,0.42857142857142855,9,14,15,12,0.48,0.52,0.0,0.0,0.0,0.0,0.0,0.0,0.0,0.0,0.391304347826087,0.5555555555555556,0.0,0.46,0.54,0.6555826054918248,0
TATACONSUM,1,0.7,646,71,103,2024-03-12,2024-11-28,0.5145631067961165,0.6030684500393391,0.5535714285714286,0.43661971830985913,0.7560975609756098,31,40,22,10,0.49514563106796117,0.6213592233009708,0.0,0.0,0.0,0.0,0.0,0.0,0.0,0.0,0.43661971830985913,0.6875,0.0,0.6893203883495146,0.3106796116504854,0.354278685365584,0
TATACONSUM,2,0.75,692,76,103,2024-07-15,2025-03-21,0.4854368932038835,0.47718332022029897,0.4752475247524752,0.4,0.5853658536585366,24,36,26,17,0.44660194174757284,0.5048543689320388,0.0,0.0,0.0,0.0,0.0,0.0,0.0,0.0,0.4,0.6046511627906976,0.0,0.5825242718446602,0.4174757281553398,0.38118494612685827,0
TATACONSUM,3,0.8,738,82,102,2024-12-02,2025-07-16,0.38235294117647056,0.31257208765859285,0.3883495145631068,0.38461538461538464,0.39215686274509803,20,32,19,31,0.46078431372549017,0.4019607843137255,0.0,0.0,0.0,0.0,0.0,0.0,0.0,0.0,0.38461538461538464,0.38,0.0,0.5098039215686274,0.49019607843137253,0.4382253914218263,0
TATACONSUM,4,0.85,784,87,102,2025-03-24,2025-12-01,0.5392156862745098,0.4795321637426901,0.6299212598425197,0.5714285714285714,0.7017543859649122,40,30,15,17,0.5392156862745098,0.5294117647058824,0.0,0.0,0.0,0.0,0.0,0.0,0.0,0.0,0.5714285714285714,0.46875,0.0,0.6862745098039216,0.3137254901960784,0.4524223066967062,0
TATACONSUM,5,0.9,830,92,103,2025-07-17,2026-04-16,0.46601941747572817,0.5060606060606061,0.5132743362831859,0.5,0.5272727272727272,29,29,19,26,0.4854368932038835,0.46601941747572817,0.0,0.0,0.0,0.0,0.0,0.0,0.0,0.0,0.5,0.4222222222222223,0.0,0.5631067961165048,0.4368932038834951,1.0,0
TATACONSUM,6,0.95,876,97,52,2025-12-02,2026-04-16,0.4230769230769231,0.5066666666666667,0.5161290322580645,0.43243243243243246,0.64,16,21,6,9,0.46153846153846156,0.5192307692307693,0.0,0.0,0.0,0.0,0.0,0.0,0.0,0.0,0.43243243243243246,0.4,0.0,0.7115384615384616,0.28846153846153844,1.0,0
MARICO,1,0.7,643,71,102,2024-06-03,2024-12-27,0.5686274509803921,0.60723912206392,0.5416666666666666,0.5531914893617021,0.5306122448979592,26,21,32,23,0.6078431372549019,0.5392156862745098,0.0,0.0,0.0,0.0,0.0,0.0,0.0,0.0,0.5531914893617021,0.5818181818181818,0.0,0.46078431372549017,0.5392156862745098,0.5688931261543624,0
MARICO,2,0.75,689,76,102,2024-09-09,2025-05-05,0.4411764705882353,0.490566037735849,0.42424242424242425,0.45652173913043476,0.39622641509433965,21,25,24,32,0.6274509803921569,0.38235294117647056,0.0,0.0,0.0,0.0,0.0,0.0,0.0,0.0,0.45652173913043476,0.4285714285714286,0.0,0.45098039215686275,0.5490196078431373,1.0,0
MARICO,3,0.8,735,81,102,2025-01-03,2025-08-13,0.49019607843137253,0.4428849902534113,0.6060606060606061,0.5333333333333333,0.7017543859649122,40,35,10,17,0.49019607843137253,0.47058823529411764,0.0,0.0,0.0,0.0,0.0,0.0,0.0,0.0,0.5333333333333333,0.37037037037037035,0.0,0.7352941176470589,0.2647058823529412,0.33416041182139966,0
MARICO,4,0.85,781,86,102,2025-05-06,2025-12-08,0.5392156862745098,0.5558994197292071,0.5982905982905983,0.5,0.7446808510638298,35,35,20,12,0.5,0.5,0.0,0.0,0.0,0.0,0.0,0.0,0.0,0.0,0.5,0.625,0.0,0.6862745098039216,0.3137254901960784,0.10000660285425449,0
MARICO,5,0.9,827,91,103,2025-08-14,2026-04-21,0.6407766990291263,0.673469387755102,0.6837606837606838,0.6349206349206349,0.7407407407407407,40,23,26,14,0.5922330097087378,0.5922330097087378,0.0,0.0,0.0,0.0,0.0,0.0,0.0,0.0,0.6349206349206349,0.65,0.0,0.6116504854368932,0.3883495145631068,1.0,0
MARICO,6,0.95,873,96,52,2025-12-09,2026-04-21,0.6153846153846154,0.6129032258064515,0.6428571428571429,0.72,0.5806451612903226,18,7,14,13,0.6346153846153846,0.5384615384615384,0.0,0.0,0.0,0.0,0.0,0.0,0.0,0.0,0.72,0.5185185185185186,0.0,0.4807692307692308,0.5192307692307693,0.3922982934370818,0
COLPAL,1,0.7,621,69,99,2024-05-15,2024-12-03,0.3838383838383838,0.3762458471760798,0.5040650406504065,0.4626865671641791,0.5535714285714286,31,36,7,25,0.3838383838383838,0.5555555555555556,0.0,0.0,0.0,0.0,0.0,0.0,0.0,0.0,0.4626865671641791,0.21875,0.0,0.6767676767676768,0.32323232323232326,0.2751715820324756,0
COLPAL,2,0.75,666,74,98,2024-09-02,2025-04-03,0.4387755102040816,0.7261345852895149,0.47619047619047616,0.32051282051282054,0.9259259259259259,25,53,18,2,0.4387755102040816,0.2755102040816326,0.0,0.0,0.0,0.0,0.0,0.0,0.0,0.0,0.32051282051282054,0.9,0.0,0.7959183673469388,0.20408163265306123,0.39350085271260904,0
COLPAL,3,0.8,711,78,99,2024-12-05,2025-07-28,0.37373737373737376,0.5992063492063492,0.5373134328358209,0.3673469387755102,1.0,36,62,1,0,0.5656565656565656,0.36363636363636365,0.0,0.0,0.0,0.0,0.0,0.0,0.0,0.0,0.3673469387755102,1.0,0.0,0.98989898989899,0.010101010101010102,1.0,0
COLPAL,4,0.85,755,83,99,2025-04-04,2025-12-19,0.45454545454545453,0.4638186573670444,0.46,0.36507936507936506,0.6216216216216216,23,40,22,14,0.494949494949495,0.4444444444444444,0.0,0.0,0.0,0.0,0.0,0.0,0.0,0.0,0.36507936507936506,0.6111111111111112,0.0,0.6363636363636364,0.36363636363636365,1.0,0
COLPAL,5,0.9,800,88,99,2025-08-01,2026-04-16,0.45454545454545453,0.3877118644067797,0.20588235294117646,0.25,0.175,7,21,38,33,0.42424242424242425,0.43434343434343436,0.0,0.0,0.0,0.0,0.0,0.0,0.0,0.0,0.25,0.5352112676056338,0.0,0.2828282828282828,0.7171717171717171,0.7660694343258808,0
COLPAL,6,0.95,844,93,50,2025-12-22,2026-04-16,0.44,0.37740384615384615,0.5882352941176471,0.45454545454545453,0.8333333333333334,20,24,2,4,0.56,0.48,0.0,0.0,0.0,0.0,0.0,0.0,0.0,0.0,0.45454545454545453,0.33333333333333337,0.0,0.88,0.12,1.0,0
RELIANCE,1,0.7,675,74,107,2024-03-05,2024-11-07,0.5046728971962616,0.5159574468085106,0.5309734513274337,0.45454545454545453,0.6382978723404256,30,36,24,17,0.40186915887850466,0.5607476635514018,0.0,0.0,0.0,0.0,0.0,0.0,0.0,0.0,0.45454545454545453,0.5853658536585367,0.0,0.616822429906542,0.38317757009345793,1.0,0
RELIANCE,2,0.75,722,80,107,2024-07-11,2025-03-04,0.4672897196261682,0.5223880597014925,0.5289256198347108,0.3950617283950617,0.8,32,49,18,8,0.3925233644859813,0.514018691588785,0.0,0.0,0.0,0.0,0.0,0.0,0.0,0.0,0.3950617283950617,0.6923076923076923,0.0,0.7570093457943925,0.24299065420560748,0.21262172721822975,0
RELIANCE,3,0.8,771,85,107,2024-11-08,2025-07-16,0.5233644859813084,0.39543859649122803,0.6832298136645962,0.5288461538461539,0.9649122807017544,55,49,1,2,0.42990654205607476,0.5327102803738317,0.0,0.0,0.0,0.0,0.0,0.0,0.0,0.0,0.5288461538461539,0.33333333333333337,0.0,0.9719626168224299,0.028037383177570093,0.431943460799581,0
RELIANCE,4,0.85,819,90,107,2025-03-05,2025-11-19,0.5887850467289719,0.4793052475979306,0.6944444444444444,0.6410256410256411,0.7575757575757576,50,28,13,16,0.5420560747663551,0.48598130841121495,0.0,0.0,0.0,0.0,0.0,0.0,0.0,0.0,0.6410256410256411,0.4482758620689655,0.0,0.7289719626168224,0.27102803738317754,1.0,0
RELIANCE,5,0.9,867,96,107,2025-07-17,2026-04-22,0.5233644859813084,0.47309573724668064,0.5233644859813084,0.5283018867924528,0.5185185185185185,28,25,28,26,0.5420560747663551,0.4953271028037383,0.0,0.0,0.0,0.0,0.0,0.0,0.0,0.0,0.5283018867924528,0.5185185185185186,0.0,0.4953271028037383,0.5046728971962616,1.0,0
RELIANCE,6,0.95,915,101,54,2025-11-21,2026-04-22,0.5740740740740741,0.5064935064935066,0.3783783783783784,0.4375,0.3333333333333333,7,9,24,14,0.3888888888888889,0.5925925925925926,0.0,0.0,0.0,0.0,0.0,0.0,0.0,0.0,0.4375,0.631578947368421,0.0,0.2962962962962963,0.7037037037037037,1.0,0
GODREJCP,1,0.7,693,76,110,2024-05-17,2025-01-06,0.44545454545454544,0.41264957264957264,0.46956521739130436,0.38571428571428573,0.6,27,43,22,18,0.4090909090909091,0.36363636363636365,0.0,0.0,0.0,0.0,0.0,0.0,0.0,0.0,0.38571428571428573,0.55,0.0,0.6363636363636364,0.36363636363636365,0.265136692793995,0
GODREJCP,2,0.75,742,82,110,2024-09-19,2025-05-07,0.45454545454545453,0.3836541708882134,0.5714285714285714,0.43010752688172044,0.851063829787234,40,53,10,7,0.4090909090909091,0.4090909090909091,0.0,0.0,0.0,0.0,0.0,0.0,0.0,0.0,0.43010752688172044,0.5882352941176471,0.0,0.8454545454545455,0.15454545454545454,0.24228965553056278,0
GODREJCP,3,0.8,792,87,110,2025-01-07,2025-09-03,0.509090909090909,0.6269893899204244,0.625,0.4891304347826087,0.8653846153846154,45,47,11,7,0.509090909090909,0.4727272727272727,0.0,0.0,0.0,0.0,0.0,0.0,0.0,0.0,0.4891304347826087,0.6111111111111112,0.0,0.8363636363636363,0.16363636363636364,1.0,0
GODREJCP,4,0.85,841,93,110,2025-05-08,2025-12-16,0.4818181818181818,0.6027350427350427,0.5899280575539568,0.43617021276595747,0.9111111111111111,41,53,12,4,0.44545454545454544,0.39090909090909093,0.0,0.0,0.0,0.0,0.0,0.0,0.0,0.0,0.43617021276595747,0.75,0.0,0.8545454545454545,0.14545454545454545,1.0,0
GODREJCP,5,0.9,891,98,110,2025-09-04,2026-04-22,0.4090909090909091,0.34515915119363394,0.3564356435643564,0.3673469387755102,0.34615384615384615,18,31,27,34,0.4818181818181818,0.5272727272727272,0.0,0.0,0.0,0.0,0.0,0.0,0.0,0.0,0.3673469387755102,0.4426229508196722,0.0,0.44545454545454544,0.5545454545454546,1.0,0
GODREJCP,6,0.95,940,104,55,2025-12-17,2026-04-22,0.32727272727272727,0.32493368700265257,0.24489795918367346,0.2608695652173913,0.23076923076923078,6,17,12,20,0.43636363636363634,0.5272727272727272,0.0,0.0,0.0,0.0,0.0,0.0,0.0,0.0,0.2608695652173913,0.375,0.0,0.41818181818181815,0.5818181818181818,0.16857337755925253,0
ONGC,1,0.7,717,79,114,2024-04-19,2024-11-14,0.5,0.5250544662309369,0.5957446808510638,0.4666666666666667,0.8235294117647058,42,48,15,9,0.4824561403508772,0.5087719298245614,0.0,0.0,0.0,0.0,0.0,0.0,0.0,0.0,0.4666666666666667,0.625,0.0,0.7894736842105263,0.21052631578947367,0.3894951895676542,0
ONGC,2,0.75,768,85,114,2024-08-01,2025-03-12,0.39473684210526316,0.5286065286065287,0.49635036496350365,0.34,0.918918918918919,34,66,11,3,0.49122807017543857,0.32456140350877194,0.0,0.0,0.0,0.0,0.0,0.0,0.0,0.0,0.34,0.7857142857142857,0.0,0.8771929824561403,0.12280701754385964,0.5753063696875429,0
ONGC,3,0.8,819,91,114,2024-11-19,2025-07-15,0.543859649122807,0.5818965517241379,0.6578947368421053,0.5208333333333334,0.8928571428571429,50,46,12,6,0.5350877192982456,0.49122807017543857,0.0,0.0,0.0,0.0,0.0,0.0,0.0,0.0,0.5208333333333334,0.6666666666666667,0.0,0.8421052631578947,0.15789473684210525,1.0,0
ONGC,4,0.85,871,96,114,2025-03-13,2025-12-04,0.5175438596491229,0.39827315541601255,0.6783625730994152,0.5471698113207547,0.8923076923076924,58,48,1,7,0.5350877192982456,0.5701754385964912,0.0,0.0,0.0,0.0,0.0,0.0,0.0,0.0,0.5471698113207547,0.125,0.0,0.9298245614035088,0.07017543859649122,1.0,0
ONGC,5,0.9,922,102,114,2025-07-16,2026-04-22,0.45614035087719296,0.33407430930454113,0.5571428571428572,0.5342465753424658,0.582089552238806,39,34,13,28,0.5087719298245614,0.49122807017543857,0.0,0.0,0.0,0.0,0.0,0.0,0.0,0.0,0.5342465753424658,0.31707317073170727,0.0,0.6403508771929824,0.35964912280701755,1.0,0
ONGC,6,0.95,973,108,57,2025-12-05,2026-04-22,0.5263157894736842,0.5337662337662337,0.6197183098591549,0.6111111111111112,0.6285714285714286,22,14,8,13,0.47368421052631576,0.5087719298245614,0.0,0.0,0.0,0.0,0.0,0.0,0.0,0.0,0.6111111111111112,0.38095238095238093,0.0,0.631578947368421,0.3684210526315789,1.0,0
NTPC,1,0.7,678,75,107,2024-03-20,2024-10-15,0.6261682242990654,0.5999237223493517,0.7674418604651163,0.6407766990291263,0.9565217391304348,66,37,1,3,0.6074766355140186,0.6448598130841121,0.0,0.0,0.0,0.0,0.0,0.0,0.0,0.0,0.6407766990291263,0.25,0.0,0.9626168224299065,0.037383177570093455,0.1794775238834732,0
NTPC,2,0.75,727,80,107,2024-07-03,2025-02-13,0.4205607476635514,0.396415770609319,0.5694444444444444,0.41414141414141414,0.9111111111111111,41,58,4,4,0.411214953271028,0.3925233644859813,0.0,0.0,0.0,0.0,0.0,0.0,0.0,0.0,0.41414141414141414,0.5,0.0,0.9252336448598131,0.07476635514018691,0.5920242637245272,0
NTPC,3,0.8,774,86,108,2024-10-16,2025-07-02,0.3611111111111111,0.3756967670011148,0.5306122448979592,0.3611111111111111,1.0,39,69,0,0,0.3148148148148148,0.3611111111111111,0.0,0.0,0.0,0.0,0.0,0.0,0.0,0.0,0.3611111111111111,0.0,0.0,1.0,0.0,0.4233885273224557,0
NTPC,4,0.85,823,91,108,2025-02-14,2025-12-12,0.5,0.42592592592592593,0.6666666666666666,0.5,1.0,54,54,0,0,0.46296296296296297,0.5,0.0,0.0,0.0,0.0,0.0,0.0,0.0,0.0,0.5,0.0,0.0,1.0,0.0,1.0,0
NTPC,5,0.9,872,96,108,2025-07-03,2026-04-22,0.5833333333333334,0.5379971590909091,0.7305389221556886,0.5922330097087378,0.953125,61,42,2,3,0.5277777777777778,0.5925925925925926,0.0,0.0,0.0,0.0,0.0,0.0,0.0,0.0,0.5922330097087378,0.4,0.0,0.9537037037037037,0.046296296296296294,1.0,0
NTPC,6,0.95,920,102,54,2025-12-15,2026-04-22,0.6481481481481481,0.4440789473684211,0.7816091954022989,0.6938775510204082,0.8947368421052632,34,15,1,4,0.7037037037037037,0.3333333333333333,0.0,0.0,0.0,0.0,0.0,0.0,0.0,0.0,0.6938775510204082,0.19999999999999996,0.0,0.9074074074074074,0.09259259259259259,1.0,0
POWERGRID,1,0.7,663,73,105,2024-04-23,2024-12-18,0.638095238095238,0.6632428466617755,0.7246376811594203,0.625,0.8620689655172413,50,30,17,8,0.5142857142857142,0.6476190476190476,0.0,0.0,0.0,0.0,0.0,0.0,0.0,0.0,0.625,0.6799999999999999,0.0,0.7619047619047619,0.23809523809523808,0.23119113786856255,0
POWERGRID,2,0.75,711,78,105,2024-08-01,2025-04-03,0.3523809523809524,0.4085411942554799,0.46875,0.3488372093023256,0.7142857142857143,30,56,7,12,0.4095238095238095,0.34285714285714286,0.0,0.0,0.0,0.0,0.0,0.0,0.0,0.0,0.3488372093023256,0.368421052631579,0.0,0.819047619047619,0.18095238095238095,0.8391204342805215,0
POWERGRID,3,0.8,757,84,105,2024-12-19,2025-08-07,0.3904761904761905,0.4828614008941878,0.5151515151515151,0.38636363636363635,0.7727272727272727,34,54,7,10,0.41904761904761906,0.38095238095238093,0.0,0.0,0.0,0.0,0.0,0.0,0.0,0.0,0.38636363636363635,0.4117647058823529,0.0,0.8380952380952381,0.1619047619047619,0.7845847428460845,0
POWERGRID,4,0.85,805,89,105,2025-04-04,2025-12-02,0.42857142857142855,0.4992630803242447,0.6,0.4326923076923077,0.9782608695652174,45,59,0,1,0.41904761904761906,0.4380952380952381,0.0,0.0,0.0,0.0,0.0,0.0,0.0,0.0,0.4326923076923077,0.0,0.0,0.9904761904761905,0.009523809523809525,1.0,0
POWERGRID,5,0.9,852,94,106,2025-08-08,2026-04-16,0.5188679245283019,0.41631054131054135,0.6666666666666666,0.504950495049505,0.9807692307692307,51,50,4,1,0.5660377358490566,0.49056603773584906,0.0,0.0,0.0,0.0,0.0,0.0,0.0,0.0,0.504950495049505,0.8,0.0,0.9528301886792453,0.04716981132075472,1.0,0
POWERGRID,6,0.95,900,99,53,2025-12-03,2026-04-16,0.4716981132075472,0.32478632478632474,0.6111111111111112,0.4888888888888889,0.8148148148148148,22,23,3,5,0.5283018867924528,0.5094339622641509,0.0,0.0,0.0,0.0,0.0,0.0,0.0,0.0,0.4888888888888889,0.375,0.0,0.8490566037735849,0.1509433962264151,1.0,0
BPCL,1,0.7,717,79,114,2024-05-15,2024-12-18,0.5789473684210527,0.6370370370370371,0.5714285714285714,0.6153846153846154,0.5333333333333333,32,20,34,28,0.5614035087719298,0.5263157894736842,0.0,0.0,0.0,0.0,0.0,0.0,0.0,0.0,0.6153846153846154,0.5483870967741935,0.0,0.45614035087719296,0.543859649122807,1.0,0
BPCL,2,0.75,768,85,114,2024-09-05,2025-04-29,0.5175438596491229,0.5057010785824345,0.6099290780141844,0.524390243902439,0.7288135593220338,43,39,16,16,0.5350877192982456,0.5526315789473685,0.0,0.0,0.0,0.0,0.0,0.0,0.0,0.0,0.524390243902439,0.5,0.0,0.7192982456140351,0.2807017543859649,0.3749286381793612,0
BPCL,3,0.8,819,91,114,2024-12-20,2025-08-20,0.4824561403508772,0.48926237161531283,0.609271523178808,0.5227272727272727,0.7301587301587301,46,42,9,17,0.543859649122807,0.5614035087719298,0.0,0.0,0.0,0.0,0.0,0.0,0.0,0.0,0.5227272727272727,0.34615384615384615,0.0,0.7719298245614035,0.22807017543859648,0.4826407521589239,0
BPCL,4,0.85,871,96,114,2025-05-05,2025-12-11,0.5087719298245614,0.4992150706436421,0.5625,0.5714285714285714,0.5538461538461539,36,27,22,29,0.49122807017543857,0.5701754385964912,0.0,0.0,0.0,0.0,0.0,0.0,0.0,0.0,0.5714285714285714,0.43137254901960786,0.0,0.5526315789473685,0.4473684210526316,1.0,0
BPCL,5,0.9,922,102,114,2025-08-21,2026-04-22,0.4824561403508772,0.4074074074074074,0.549618320610687,0.5070422535211268,0.6,36,35,19,24,0.5087719298245614,0.4473684210526316,0.0,0.0,0.0,0.0,0.0,0.0,0.0,0.0,0.5070422535211268,0.4418604651162791,0.0,0.6228070175438597,0.37719298245614036,0.3986812787263766,0
BPCL,6,0.95,973,108,57,2025-12-19,2026-04-22,0.5614035087719298,0.4844155844155844,0.5901639344262295,0.46153846153846156,0.8181818181818182,18,21,14,4,0.38596491228070173,0.38596491228070173,0.0,0.0,0.0,0.0,0.0,0.0,0.0,0.0,0.46153846153846156,0.7777777777777778,0.0,0.6842105263157895,0.3157894736842105,0.3413051136141848,0
COALINDIA,1,0.7,691,76,110,2024-03-28,2024-11-01,0.5,0.4370026525198939,0.6583850931677019,0.5145631067961165,0.9137931034482759,53,50,2,5,0.4818181818181818,0.5272727272727272,0.0,0.0,0.0,0.0,0.0,0.0,0.0,0.0,0.5145631067961165,0.2857142857142857,0.0,0.9363636363636364,0.06363636363636363,0.22621365340813748,0
COALINDIA,2,0.75,740,82,110,2024-07-19,2025-03-03,0.42727272727272725,0.42837465564738286,0.5714285714285714,0.4077669902912621,0.9545454545454546,42,61,5,2,0.41818181818181815,0.4,0.0,0.0,0.0,0.0,0.0,0.0,0.0,0.0,0.4077669902912621,0.7142857142857143,0.0,0.9363636363636364,0.06363636363636363,0.6575334977482272,0
COALINDIA,3,0.8,790,87,110,2024-11-04,2025-07-22,0.39090909090909093,0.4994793474488025,0.5620915032679739,0.39090909090909093,1.0,43,67,0,0,0.4,0.39090909090909093,0.0,0.0,0.0,0.0,0.0,0.0,0.0,0.0,0.39090909090909093,0.0,0.0,1.0,0.0,1.0,0
COALINDIA,4,0.85,839,93,110,2025-03-04,2025-12-18,0.4818181818181818,0.34358465608465605,0.6503067484662577,0.4953271028037383,0.9464285714285714,53,54,0,3,0.5,0.509090909090909,0.0,0.0,0.0,0.0,0.0,0.0,0.0,0.0,0.4953271028037383,0.0,0.0,0.9727272727272728,0.02727272727272727,1.0,0
COALINDIA,5,0.9,889,98,110,2025-07-23,2026-04-22,0.509090909090909,0.44565217391304346,0.6493506493506493,0.5555555555555556,0.78125,50,40,6,14,0.4909090909090909,0.509090909090909,0.0,0.0,0.0,0.0,0.0,0.0,0.0,0.0,0.5555555555555556,0.30000000000000004,0.0,0.8181818181818182,0.18181818181818182,1.0,0
COALINDIA,6,0.95,938,104,55,2025-12-19,2026-04-22,0.5818181818181818,0.5733695652173912,0.676056338028169,0.6153846153846154,0.75,24,15,8,8,0.6363636363636364,0.5818181818181818,0.0,0.0,0.0,0.0,0.0,0.0,0.0,0.0,0.6153846153846154,0.5,0.0,0.7090909090909091,0.2909090909090909,1.0,0
GAIL,1,0.7,853,94,135,2023-12-21,2024-09-25,0.6888888888888889,0.632183908045977,0.7789473684210526,0.7184466019417476,0.8505747126436781,74,29,19,13,0.4888888888888889,0.6444444444444445,0.0,0.0,0.0,0.0,0.0,0.0,0.0,0.0,0.7184466019417476,0.59375,0.0,0.762962962962963,0.23703703703703705,0.14148221306397218,0
GAIL,2,0.75,913,101,136,2024-05-27,2025-01-30,0.49264705882352944,0.5440953412784398,0.6145251396648045,0.4824561403508772,0.8461538461538461,55,59,12,10,0.45588235294117646,0.47794117647058826,0.0,0.0,0.0,0.0,0.0,0.0,0.0,0.0,0.4824561403508772,0.5454545454545454,0.0,0.8382352941176471,0.16176470588235295,0.22317447617805333,0
GAIL,3,0.8,974,108,135,2024-09-27,2025-06-24,0.4740740740740741,0.6369073992024812,0.5988700564971752,0.45689655172413796,0.8688524590163934,53,63,11,8,0.45925925925925926,0.45185185185185184,0.0,0.0,0.0,0.0,0.0,0.0,0.0,0.0,0.45689655172413796,0.5789473684210527,0.0,0.8592592592592593,0.14074074074074075,0.4072732698641128,0
GAIL,4,0.85,1035,115,135,2025-02-01,2025-11-11,0.5481481481481482,0.5080971659919028,0.6702702702702703,0.5794392523364486,0.7948717948717948,62,45,12,16,0.5555555555555556,0.6370370370370371,0.0,0.0,0.0,0.0,0.0,0.0,0.0,0.0,0.5794392523364486,0.4285714285714286,0.0,0.7925925925925926,0.2074074074074074,2.563234351706468,0
GAIL,5,0.9,1096,121,136,2025-06-25,2026-04-21,0.4632352941176471,0.42943722943722945,0.6256410256410256,0.488,0.8714285714285714,61,64,2,9,0.47058823529411764,0.5147058823529411,0.0,0.0,0.0,0.0,0.0,0.0,0.0,0.0,0.488,0.18181818181818177,0.0,0.9191176470588235,0.08088235294117647,0.2903223176073925,0
GAIL,6,0.95,1157,128,68,2025-11-17,2026-04-21,0.5147058823529411,0.5508771929824562,0.6373626373626373,0.47540983606557374,0.9666666666666667,29,32,6,1,0.45588235294117646,0.4411764705882353,0.0,0.0,0.0,0.0,0.0,0.0,0.0,0.0,0.47540983606557374,0.8571428571428572,0.0,0.8970588235294118,0.10294117647058823,0.19306760609080129,0
TATAPOWER,1,0.7,846,94,135,2023-12-12,2024-09-16,0.562962962962963,0.5829471733086191,0.6242038216560509,0.6621621621621622,0.5903614457831325,49,25,27,34,0.5703703703703704,0.5407407407407407,0.0,0.0,0.0,0.0,0.0,0.0,0.0,0.0,0.6621621621621622,0.4426229508196722,0.0,0.5481481481481482,0.45185185185185184,0.8152052809632833,0
TATAPOWER,2,0.75,908,100,134,2024-05-06,2025-01-15,0.5223880597014925,0.5611947002021109,0.5492957746478874,0.48148148148148145,0.639344262295082,39,42,31,22,0.48507462686567165,0.5149253731343284,0.0,0.0,0.0,0.0,0.0,0.0,0.0,0.0,0.48148148148148145,0.5849056603773585,0.0,0.6044776119402985,0.39552238805970147,0.681862130736092,0
TATAPOWER,3,0.8,968,107,134,2024-09-17,2025-06-09,0.3880597014925373,0.5088704244329665,0.5340909090909091,0.40869565217391307,0.7704918032786885,47,68,5,14,0.4552238805970149,0.43283582089552236,0.0,0.0,0.0,0.0,0.0,0.0,0.0,0.0,0.40869565217391307,0.26315789473684215,0.0,0.8582089552238806,0.1417910447761194,0.4992590453669229,0
TATAPOWER,4,0.85,1028,114,134,2025-01-16,2025-11-04,0.47761194029850745,0.5077985739750446,0.5333333333333333,0.4878048780487805,0.5882352941176471,40,42,24,28,0.5298507462686567,0.5149253731343284,0.0,0.0,0.0,0.0,0.0,0.0,0.0,0.0,0.4878048780487805,0.46153846153846156,0.0,0.6119402985074627,0.3880597014925373,1.0,0
TATAPOWER,5,0.9,1089,120,135,2025-06-10,2026-04-22,0.4740740740740741,0.4328063241106719,0.6033519553072626,0.4778761061946903,0.8181818181818182,54,59,10,12,0.5407407407407407,0.4740740740740741,0.0,0.0,0.0,0.0,0.0,0.0,0.0,0.0,0.4778761061946903,0.4545454545454546,0.0,0.837037037037037,0.16296296296296298,1.0,0
TATAPOWER,6,0.95,1149,127,68,2025-11-07,2026-04-22,0.47058823529411764,0.4961038961038961,0.5384615384615384,0.4883720930232558,0.6,21,22,11,14,0.45588235294117646,0.4852941176470588,0.0,0.0,0.0,0.0,0.0,0.0,0.0,0.0,0.4883720930232558,0.43999999999999995,0.0,0.6323529411764706,0.36764705882352944,1.0,0
HINDALCO,1,0.7,736,81,117,2024-03-20,2024-12-04,0.6410256410256411,0.671604938271605,0.72,0.6923076923076923,0.75,54,24,21,18,0.5897435897435898,0.6153846153846154,0.0,0.0,0.0,0.0,0.0,0.0,0.0,0.0,0.6923076923076923,0.5384615384615384,0.0,0.6666666666666666,0.3333333333333333,0.5073225562622766,0
HINDALCO,2,0.75,789,87,116,2024-08-05,2025-04-02,0.4051724137931034,0.4023193577163247,0.5306122448979592,0.43333333333333335,0.6842105263157895,39,51,8,18,0.33620689655172414,0.4224137931034483,0.0,0.0,0.0,0.0,0.0,0.0,0.0,0.0,0.43333333333333335,0.3076923076923077,0.0,0.7758620689655172,0.22413793103448276,0.3852612774297615,0
HINDALCO,3,0.8,841,93,117,2024-12-06,2025-08-12,0.46153846153846156,0.382748538011696,0.6134969325153374,0.4854368932038835,0.8333333333333334,50,53,4,10,0.39316239316239315,0.36752136752136755,0.0,0.0,0.0,0.0,0.0,0.0,0.0,0.0,0.4854368932038835,0.2857142857142857,0.0,0.8803418803418803,0.11965811965811966,0.6066771201351737,0
HINDALCO,4,0.85,893,99,117,2025-04-03,2025-12-22,0.5982905982905983,0.3820301783264746,0.7486631016042781,0.660377358490566,0.8641975308641975,70,36,0,11,0.6581196581196581,0.6923076923076923,0.0,0.0,0.0,0.0,0.0,0.0,0.0,0.0,0.660377358490566,0.0,0.0,0.905982905982906,0.09401709401709402,1.0,0
HINDALCO,5,0.9,946,105,117,2025-08-14,2026-04-22,0.5726495726495726,0.5013717421124829,0.6875,0.6962025316455697,0.6790123456790124,55,24,12,26,0.5555555555555556,0.6923076923076923,0.0,0.0,0.0,0.0,0.0,0.0,0.0,0.0,0.6962025316455697,0.3157894736842105,0.0,0.6752136752136753,0.3247863247863248,1.0,0
HINDALCO,6,0.95,999,110,59,2025-12-23,2026-04-22,0.576271186440678,0.6068796068796068,0.6835443037974683,0.6428571428571429,0.7297297297297297,27,15,7,10,0.576271186440678,0.576271186440678,0.0,0.0,0.0,0.0,0.0,0.0,0.0,0.0,0.6428571428571429,0.4117647058823529,0.0,0.711864406779661,0.288135593220339,0.4403317456586411,0
TATASTEEL,1,0.7,830,92,132,2024-01-25,2024-10-21,0.5,0.5132763795890094,0.6162790697674418,0.5247524752475248,0.7464788732394366,53,48,13,18,0.48484848484848486,0.5454545454545454,0.0,0.0,0.0,0.0,0.0,0.0,0.0,0.0,0.5247524752475248,0.4193548387096774,0.0,0.7651515151515151,0.23484848484848486,0.3630169708018418,0
TATASTEEL,2,0.75,890,98,132,2024-06-21,2025-02-14,0.5757575757575758,0.6266666666666667,0.6,0.5060240963855421,0.7368421052631579,42,41,34,15,0.5303030303030303,0.5984848484848485,0.0,0.0,0.0,0.0,0.0,0.0,0.0,0.0,0.5060240963855421,0.6938775510204082,0.0,0.6287878787878788,0.3712121212121212,0.2187100709067827,0
TATASTEEL,3,0.8,949,105,132,2024-10-25,2025-06-30,0.5075757575757576,0.543468045112782,0.5454545454545454,0.582089552238806,0.5131578947368421,39,28,28,37,0.5303030303030303,0.4772727272727273,0.0,0.0,0.0,0.0,0.0,0.0,0.0,0.0,0.582089552238806,0.4307692307692308,0.0,0.5075757575757576,0.49242424242424243,0.4467897773002879,0
TATASTEEL,4,0.85,1008,112,132,2025-02-17,2025-11-26,0.49242424242424243,0.46546052631578944,0.5503355704697986,0.5616438356164384,0.5394736842105263,41,32,24,35,0.5151515151515151,0.5303030303030303,0.0,0.0,0.0,0.0,0.0,0.0,0.0,0.0,0.5616438356164384,0.4067796610169492,0.0,0.553030303030303,0.44696969696969696,0.6367293983424102,0
TATASTEEL,5,0.9,1068,118,132,2025-07-01,2026-04-22,0.5606060606060606,0.5169172932330827,0.6547619047619048,0.5978260869565217,0.7236842105263158,55,37,19,21,0.4621212121212121,0.4696969696969697,0.0,0.0,0.0,0.0,0.0,0.0,0.0,0.0,0.5978260869565217,0.475,0.0,0.696969696969697,0.30303030303030304,1.0,0
TATASTEEL,6,0.95,1127,125,66,2025-12-01,2026-04-22,0.5303030303030303,0.5883264462809917,0.6075949367088608,0.6857142857142857,0.5454545454545454,24,11,11,20,0.6212121212121212,0.3333333333333333,0.0,0.0,0.0,0.0,0.0,0.0,0.0,0.0,0.6857142857142857,0.3548387096774194,0.0,0.5303030303030303,0.4696969696969697,1.0,0
JSWSTEEL,1,0.7,708,78,113,2024-02-21,2024-10-30,0.6283185840707964,0.630718954248366,0.7123287671232876,0.6666666666666666,0.7647058823529411,52,26,19,16,0.6194690265486725,0.5486725663716814,0.0,0.0,0.0,0.0,0.0,0.0,0.0,0.0,0.6666666666666666,0.5428571428571429,0.0,0.6902654867256637,0.30973451327433627,0.6628638049570078,0
JSWSTEEL,2,0.75,759,84,112,2024-07-12,2025-02-20,0.41964285714285715,0.3626841243862521,0.4036697247706422,0.5,0.3384615384615385,22,22,25,43,0.38392857142857145,0.45535714285714285,0.0,0.0,0.0,0.0,0.0,0.0,0.0,0.0,0.5,0.36764705882352944,0.0,0.39285714285714285,0.6071428571428571,0.6202152951756792,0
JSWSTEEL,3,0.8,810,89,112,2024-10-31,2025-07-09,0.6339285714285714,0.5438775510204082,0.7284768211920529,0.6790123456790124,0.7857142857142857,55,26,16,15,0.5535714285714286,0.49107142857142855,0.0,0.0,0.0,0.0,0.0,0.0,0.0,0.0,0.6790123456790124,0.5161290322580645,0.0,0.7232142857142857,0.2767857142857143,0.8398551850558956,0
JSWSTEEL,4,0.85,860,95,112,2025-02-28,2025-12-03,0.6160714285714286,0.5791824115424253,0.6950354609929078,0.7,0.6901408450704225,49,21,20,22,0.6071428571428571,0.6428571428571429,0.0,0.0,0.0,0.0,0.0,0.0,0.0,0.0,0.7,0.47619047619047616,0.0,0.625,0.375,0.5426042881381801,0
JSWSTEEL,5,0.9,910,101,113,2025-07-24,2026-04-22,0.48672566371681414,0.5298507462686567,0.5606060606060606,0.5692307692307692,0.5522388059701493,37,28,18,30,0.584070796460177,0.48672566371681414,0.0,0.0,0.0,0.0,0.0,0.0,0.0,0.0,0.5692307692307692,0.375,0.0,0.5752212389380531,0.4247787610619469,0.4907717195892892,0
JSWSTEEL,6,0.95,961,106,57,2025-12-04,2026-04-22,0.45614035087719296,0.5050505050505052,0.5079365079365079,0.5333333333333333,0.48484848484848486,16,14,10,17,0.45614035087719296,0.45614035087719296,0.0,0.0,0.0,0.0,0.0,0.0,0.0,0.0,0.5333333333333333,0.37037037037037035,0.0,0.5263157894736842,0.47368421052631576,0.2761275384730736,0
VEDL,1,0.7,756,84,120,2024-05-08,2024-12-16,0.5666666666666667,0.5126262626262627,0.6176470588235294,0.6,0.6363636363636364,42,28,26,24,0.5666666666666667,0.4583333333333333,0.0,0.0,0.0,0.0,0.0,0.0,0.0,0.0,0.6,0.52,0.0,0.5833333333333334,0.4166666666666667,0.6888586170344129,0
VEDL,2,0.75,810,90,120,2024-08-30,2025-04-30,0.4583333333333333,0.5151430953042513,0.5578231292517006,0.4659090909090909,0.6949152542372882,41,47,14,18,0.5083333333333333,0.5166666666666667,0.0,0.0,0.0,0.0,0.0,0.0,0.0,0.0,0.4659090909090909,0.4375,0.0,0.7333333333333333,0.26666666666666666,0.33546503713227854,0
VEDL,3,0.8,864,96,120,2024-12-17,2025-08-14,0.45,0.523478744095582,0.6024096385542169,0.47619047619047616,0.819672131147541,50,55,4,11,0.5083333333333333,0.5083333333333333,0.0,0.0,0.0,0.0,0.0,0.0,0.0,0.0,0.47619047619047616,0.2666666666666667,0.0,0.875,0.125,0.38809865042930275,0
VEDL,4,0.85,918,102,120,2025-05-05,2025-12-10,0.5416666666666666,0.5849606528708832,0.6099290780141844,0.6323529411764706,0.589041095890411,43,25,22,30,0.5666666666666667,0.5916666666666667,0.0,0.0,0.0,0.0,0.0,0.0,0.0,0.0,0.6323529411764706,0.42307692307692313,0.0,0.5666666666666667,0.43333333333333335,1.3684331937211645,0
VEDL,5,0.9,972,108,121,2025-08-19,2026-04-22,0.512396694214876,0.46851851851851845,0.5815602836879432,0.6833333333333333,0.5061728395061729,41,19,21,40,0.5289256198347108,0.4628099173553719,0.0,0.0,0.0,0.0,0.0,0.0,0.0,0.0,0.6833333333333333,0.34426229508196726,0.0,0.49586776859504134,0.5041322314049587,0.8374604361731491,0
VEDL,6,0.95,1026,114,61,2025-12-11,2026-04-22,0.3442622950819672,0.32926829268292684,0.47368421052631576,0.5142857142857142,0.43902439024390244,18,17,3,23,0.47540983606557374,0.4098360655737705,0.0,0.0,0.0,0.0,0.0,0.0,0.0,0.0,0.5142857142857142,0.11538461538461542,0.0,0.5737704918032787,0.4262295081967213,0.5622100019640082,0
SAIL,1,0.7,766,85,121,2024-04-25,2024-12-03,0.6363636363636364,0.6809732094040459,0.6857142857142857,0.5925925925925926,0.8135593220338984,48,33,29,11,0.5371900826446281,0.6859504132231405,0.0,0.0,0.0,0.0,0.0,0.0,0.0,0.0,0.5925925925925926,0.725,0.0,0.6694214876033058,0.3305785123966942,0.47492902223898537,0
SAIL,2,0.75,821,91,121,2024-08-20,2025-04-09,0.5206611570247934,0.6224433388612493,0.6133333333333333,0.4791666666666667,0.8518518518518519,46,50,17,8,0.5206611570247934,0.5454545454545454,0.0,0.0,0.0,0.0,0.0,0.0,0.0,0.0,0.4791666666666667,0.6799999999999999,0.0,0.7933884297520661,0.2066115702479339,0.6425663560396299,0
SAIL,3,0.8,875,97,122,2024-12-04,2025-08-12,0.5,0.5590529997309659,0.6473988439306358,0.509090909090909,0.8888888888888888,56,54,5,7,0.47540983606557374,0.4344262295081967,0.0,0.0,0.0,0.0,0.0,0.0,0.0,0.0,0.509090909090909,0.41666666666666663,0.0,0.9016393442622951,0.09836065573770492,0.4481398169203457,0
SAIL,4,0.85,930,103,122,2025-04-16,2025-12-10,0.5163934426229508,0.39814814814814814,0.6242038216560509,0.550561797752809,0.7205882352941176,49,40,14,19,0.5737704918032787,0.4672131147540984,0.0,0.0,0.0,0.0,0.0,0.0,0.0,0.0,0.550561797752809,0.4242424242424242,0.0,0.7295081967213115,0.27049180327868855,0.7468412731193325,0
SAIL,5,0.9,985,109,122,2025-08-14,2026-04-22,0.4098360655737705,0.4257801899592944,0.4,0.4528301886792453,0.3582089552238806,24,29,26,43,0.4016393442622951,0.4672131147540984,0.0,0.0,0.0,0.0,0.0,0.0,0.0,0.0,0.4528301886792453,0.37681159420289856,0.0,0.4344262295081967,0.5655737704918032,1.0,0
SAIL,6,0.95,1040,115,61,2025-12-11,2026-04-22,0.3770491803278688,0.4988738738738739,0.32142857142857145,0.47368421052631576,0.24324324324324326,9,10,14,28,0.4918032786885246,0.39344262295081966,0.0,0.0,0.0,0.0,0.0,0.0,0.0,0.0,0.47368421052631576,0.33333333333333337,0.0,0.3114754098360656,0.6885245901639344,1.0,0
NMDC,1,0.7,768,85,122,2024-05-03,2024-12-04,0.6065573770491803,0.6643318965517242,0.7,0.5833333333333334,0.875,56,40,18,8,0.5081967213114754,0.5655737704918032,0.0,0.0,0.0,0.0,0.0,0.0,0.0,0.0,0.5833333333333334,0.6923076923076923,0.0,0.7868852459016393,0.21311475409836064,0.18826443348172212,0
NMDC,2,0.75,823,91,122,2024-08-26,2025-03-27,0.5737704918032787,0.646505376344086,0.6829268292682927,0.5384615384615384,0.9333333333333333,56,48,14,4,0.5409836065573771,0.6065573770491803,0.0,0.0,0.0,0.0,0.0,0.0,0.0,0.0,0.5384615384615384,0.7777777777777778,0.0,0.8524590163934426,0.14754098360655737,0.4930064567717411,0
NMDC,3,0.8,878,97,122,2024-12-05,2025-07-28,0.5655737704918032,0.645682001614205,0.6624203821656051,0.5306122448979592,0.8813559322033898,52,46,17,7,0.4918032786885246,0.5819672131147541,0.0,0.0,0.0,0.0,0.0,0.0,0.0,0.0,0.5306122448979592,0.7083333333333333,0.0,0.8032786885245902,0.19672131147540983,0.5494897338647272,0
NMDC,4,0.85,933,103,122,2025-03-28,2025-12-10,0.5081967213114754,0.5019230769230769,0.6153846153846154,0.5581395348837209,0.6857142857142857,48,38,14,22,0.5163934426229508,0.5491803278688525,0.0,0.0,0.0,0.0,0.0,0.0,0.0,0.0,0.5581395348837209,0.38888888888888884,0.0,0.7049180327868853,0.29508196721311475,0.5066401887512414,0
NMDC,5,0.9,988,109,122,2025-07-31,2026-04-22,0.5737704918032787,0.56006628003314,0.6119402985074627,0.6507936507936508,0.5774647887323944,41,22,29,30,0.5655737704918032,0.5573770491803278,0.0,0.0,0.0,0.0,0.0,0.0,0.0,0.0,0.6507936507936508,0.4915254237288136,0.0,0.5163934426229508,0.48360655737704916,0.8442365344264096,0
NMDC,6,0.95,1043,115,61,2025-12-11,2026-04-22,0.5573770491803278,0.5791208791208792,0.5573770491803278,0.6538461538461539,0.4857142857142857,17,9,17,18,0.5245901639344263,0.5409836065573771,0.0,0.0,0.0,0.0,0.0,0.0,0.0,0.0,0.6538461538461539,0.48571428571428577,0.0,0.4262295081967213,0.5737704918032787,0.4067020789931877,0
LT,1,0.7,695,77,111,2024-04-16,2024-11-25,0.5765765765765766,0.5131665569453587,0.7116564417177914,0.5742574257425742,0.9354838709677419,58,43,6,4,0.4954954954954955,0.5585585585585585,0.0,0.0,0.0,0.0,0.0,0.0,0.0,0.0,0.5742574257425742,0.6,0.0,0.9099099099099099,0.09009009009009009,0.5280264827070794,0
LT,2,0.75,746,82,110,2024-08-20,2025-03-20,0.4909090909090909,0.6159250585480094,0.6266666666666667,0.46534653465346537,0.9591836734693877,47,54,7,2,0.4909090909090909,0.44545454545454544,0.0,0.0,0.0,0.0,0.0,0.0,0.0,0.0,0.46534653465346537,0.7777777777777778,0.0,0.9181818181818182,0.08181818181818182,0.41202421196409017,0
LT,3,0.8,795,88,110,2024-11-26,2025-08-06,0.4909090909090909,0.4679295446992356,0.5757575757575758,0.4691358024691358,0.7450980392156863,38,43,16,13,0.45454545454545453,0.4727272727272727,0.0,0.0,0.0,0.0,0.0,0.0,0.0,0.0,0.4691358024691358,0.5517241379310345,0.0,0.7363636363636363,0.2636363636363636,0.6155948689587509,0
LT,4,0.85,845,93,110,2025-03-21,2025-12-29,0.6272727272727273,0.5107811947684694,0.770949720670391,0.6272727272727273,1.0,69,41,0,0,0.6090909090909091,0.6272727272727273,0.0,0.0,0.0,0.0,0.0,0.0,0.0,0.0,0.6272727272727273,0.0,0.0,1.0,0.0,1.0,0
LT,5,0.9,894,99,111,2025-08-11,2026-04-22,0.5585585585585585,0.45445134575569357,0.703030303030303,0.6041666666666666,0.8405797101449275,58,38,4,11,0.5495495495495496,0.6216216216216216,0.0,0.0,0.0,0.0,0.0,0.0,0.0,0.0,0.6041666666666666,0.2666666666666667,0.0,0.8648648648648649,0.13513513513513514,1.0,0
LT,6,0.95,944,104,56,2025-12-30,2026-04-22,0.42857142857142855,0.3741935483870968,0.5294117647058824,0.4864864864864865,0.5806451612903226,18,19,6,13,0.375,0.44642857142857145,0.0,0.0,0.0,0.0,0.0,0.0,0.0,0.0,0.4864864864864865,0.3157894736842105,0.0,0.6607142857142857,0.3392857142857143,0.7875359407625482,0
SIEMENS,1,0.7,842,93,133,2024-02-12,2024-10-25,0.5714285714285714,0.5280898876404494,0.6545454545454545,0.7105263157894737,0.6067415730337079,54,22,22,35,0.518796992481203,0.46616541353383456,0.0,0.0,0.0,0.0,0.0,0.0,0.0,0.0,0.7105263157894737,0.38596491228070173,0.0,0.5714285714285714,0.42857142857142855,0.6346839605110934,0
SIEMENS,2,0.75,902,100,133,2024-07-01,2025-02-28,0.45864661654135336,0.4651855245075584,0.5909090909090909,0.4444444444444444,0.8813559322033898,52,65,9,7,0.5413533834586466,0.45112781954887216,0.0,0.0,0.0,0.0,0.0,0.0,0.0,0.0,0.4444444444444444,0.5625,0.0,0.8796992481203008,0.12030075187969924,0.2037390601395339,0
SIEMENS,3,0.8,962,106,134,2024-10-28,2025-07-22,0.48507462686567165,0.5788061703554661,0.6424870466321243,0.47692307692307695,0.9841269841269841,62,68,3,1,0.5298507462686567,0.4701492537313433,0.0,0.0,0.0,0.0,0.0,0.0,0.0,0.0,0.47692307692307695,0.75,0.0,0.9701492537313433,0.029850746268656716,0.2401774583265417,0
SIEMENS,4,0.85,1022,113,134,2025-03-03,2025-12-04,0.5447761194029851,0.5170250896057348,0.7024390243902439,0.5413533834586466,1.0,72,61,1,0,0.5447761194029851,0.5373134328358209,0.0,0.0,0.0,0.0,0.0,0.0,0.0,0.0,0.5413533834586466,1.0,0.0,0.9925373134328358,0.007462686567164179,1.0,0
SIEMENS,5,0.9,1082,120,134,2025-07-23,2026-04-22,0.4253731343283582,0.37031214911295757,0.5698324022346368,0.4322033898305085,0.8360655737704918,51,67,6,10,0.44776119402985076,0.4552238805970149,0.0,0.0,0.0,0.0,0.0,0.0,0.0,0.0,0.4322033898305085,0.375,0.0,0.8805970149253731,0.11940298507462686,1.0,0
SIEMENS,6,0.95,1143,126,67,2025-12-05,2026-04-22,0.3582089552238806,0.29074074074074074,0.5274725274725275,0.375,0.8888888888888888,24,40,0,3,0.373134328358209,0.3582089552238806,0.0,0.0,0.0,0.0,0.0,0.0,0.0,0.0,0.375,0.0,0.0,0.9552238805970149,0.04477611940298507,1.0,0
BHEL,1,0.7,896,99,142,2023-12-18,2024-09-20,0.528169014084507,0.5332608695652175,0.5732484076433121,0.6923076923076923,0.4891304347826087,45,20,30,47,0.5140845070422535,0.49295774647887325,0.0,0.0,0.0,0.0,0.0,0.0,0.0,0.0,0.6923076923076923,0.38961038961038963,0.0,0.45774647887323944,0.5422535211267606,0.48156017681529806,0
BHEL,2,0.75,960,106,142,2024-05-08,2025-01-30,0.49295774647887325,0.5697115384615385,0.64,0.47058823529411764,1.0,64,72,6,0,0.5070422535211268,0.4507042253521127,0.0,0.0,0.0,0.0,0.0,0.0,0.0,0.0,0.47058823529411764,1.0,0.0,0.9577464788732394,0.04225352112676056,0.10000660285425449,0
BHEL,3,0.8,1024,113,142,2024-09-23,2025-06-19,0.4084507042253521,0.3925438596491228,0.5333333333333333,0.42105263157894735,0.7272727272727273,48,66,10,18,0.5211267605633803,0.4647887323943662,0.0,0.0,0.0,0.0,0.0,0.0,0.0,0.0,0.42105263157894735,0.3571428571428571,0.0,0.8028169014084507,0.19718309859154928,0.3450622596299874,0
BHEL,4,0.85,1088,120,142,2025-01-31,2025-11-10,0.4647887323943662,0.397456279809221,0.5957446808510638,0.49122807017543857,0.7567567567567568,56,58,10,18,0.44366197183098594,0.528169014084507,0.0,0.0,0.0,0.0,0.0,0.0,0.0,0.0,0.49122807017543857,0.3571428571428571,0.0,0.8028169014084507,0.19718309859154928,1.0,0
BHEL,5,0.9,1152,127,143,2025-06-23,2026-04-22,0.5314685314685315,0.5669014084507042,0.6455026455026455,0.5213675213675214,0.8472222222222222,61,56,15,11,0.5384615384615384,0.5524475524475524,0.0,0.0,0.0,0.0,0.0,0.0,0.0,0.0,0.5213675213675214,0.5769230769230769,0.0,0.8181818181818182,0.18181818181818182,0.6523149104897005,0
BHEL,6,0.95,1215,135,72,2025-11-11,2026-04-22,0.5694444444444444,0.6021671826625387,0.6265060240963856,0.5777777777777777,0.6842105263157895,26,19,15,12,0.5277777777777778,0.5138888888888888,0.0,0.0,0.0,0.0,0.0,0.0,0.0,0.0,0.5777777777777777,0.5555555555555556,0.0,0.625,0.375,0.565726898593212,0
ABB,1,0.7,836,92,132,2024-01-19,2024-10-01,0.5378787878787878,0.4762386248736097,0.6629834254143646,0.631578947368421,0.6976744186046512,60,35,11,26,0.5,0.6515151515151515,0.0,0.0,0.0,0.0,0.0,0.0,0.0,0.0,0.631578947368421,0.29729729729729726,0.0,0.7196969696969697,0.2803030303030303,1.9812663360367218,0
ABB,2,0.75,895,99,133,2024-05-30,2025-01-29,0.48120300751879697,0.4570649704679692,0.6229508196721312,0.47107438016528924,0.9193548387096774,57,64,7,5,0.5112781954887218,0.46616541353383456,0.0,0.0,0.0,0.0,0.0,0.0,0.0,0.0,0.47107438016528924,0.5833333333333333,0.0,0.9097744360902256,0.09022556390977443,0.18703221085006383,0
ABB,3,0.8,954,106,133,2024-10-04,2025-06-16,0.49624060150375937,0.40839517625231914,0.6127167630057804,0.452991452991453,0.9464285714285714,53,64,13,3,0.5639097744360902,0.45864661654135336,0.0,0.0,0.0,0.0,0.0,0.0,0.0,0.0,0.452991452991453,0.8125,0.0,0.8796992481203008,0.12030075187969924,0.1732695685997314,0
ABB,4,0.85,1015,112,132,2025-01-31,2025-11-19,0.45454545454545453,0.46389598328302767,0.6170212765957447,0.4496124031007752,0.9830508474576272,58,71,2,1,0.4166666666666667,0.44696969696969696,0.0,0.0,0.0,0.0,0.0,0.0,0.0,0.0,0.4496124031007752,0.6666666666666667,0.0,0.9772727272727273,0.022727272727272728,1.0,0
ABB,5,0.9,1074,119,133,2025-06-18,2026-04-22,0.556390977443609,0.5024943310657597,0.6740331491712708,0.5169491525423728,0.9682539682539683,61,57,13,2,0.46616541353383456,0.47368421052631576,0.0,0.0,0.0,0.0,0.0,0.0,0.0,0.0,0.5169491525423728,0.8666666666666667,0.0,0.8872180451127819,0.11278195488721804,1.0,0
ABB,6,0.95,1134,125,67,2025-11-20,2026-04-22,0.582089552238806,0.5486486486486487,0.6818181818181818,0.5882352941176471,0.8108108108108109,30,21,9,7,0.47761194029850745,0.5373134328358209,0.0,0.0,0.0,0.0,0.0,0.0,0.0,0.0,0.5882352941176471,0.5625,0.0,0.7611940298507462,0.23880597014925373,0.13076903096897516,0
HAVELLS,1,0.7,797,88,127,2024-01-18,2024-10-07,0.6377952755905512,0.5387596899224806,0.7444444444444445,0.6979166666666666,0.7976190476190477,67,29,14,17,0.4881889763779528,0.6614173228346457,0.0,0.0,0.0,0.0,0.0,0.0,0.0,0.0,0.6979166666666666,0.4516129032258065,0.0,0.7559055118110236,0.2440944881889764,0.10016396529990278,0
HAVELLS,2,0.75,854,94,127,2024-06-03,2025-02-01,0.5118110236220472,0.5064676616915422,0.515625,0.4852941176470588,0.55,33,35,32,27,0.5118110236220472,0.5039370078740157,0.0,0.0,0.0,0.0,0.0,0.0,0.0,0.0,0.4852941176470588,0.5423728813559322,0.0,0.5354330708661418,0.4645669291338583,0.34679329652789853,0
HAVELLS,3,0.8,911,101,126,2024-10-10,2025-06-25,0.4603174603174603,0.47324890152494176,0.4925373134328358,0.4074074074074074,0.6226415094339622,33,48,25,20,0.47619047619047616,0.42063492063492064,0.0,0.0,0.0,0.0,0.0,0.0,0.0,0.0,0.4074074074074074,0.5555555555555556,0.0,0.6428571428571429,0.35714285714285715,0.2758226916349701,0
HAVELLS,4,0.85,968,107,126,2025-02-03,2025-11-26,0.42063492063492064,0.43602998190746967,0.5921787709497207,0.42063492063492064,1.0,53,73,0,0,0.49206349206349204,0.42063492063492064,0.0,0.0,0.0,0.0,0.0,0.0,0.0,0.0,0.42063492063492064,0.0,0.0,1.0,0.0,1.0,0
HAVELLS,5,0.9,1025,113,127,2025-07-01,2026-04-22,0.41732283464566927,0.4883116883116883,0.5647058823529412,0.4,0.96,48,72,5,2,0.5039370078740157,0.3858267716535433,0.0,0.0,0.0,0.0,0.0,0.0,0.0,0.0,0.4,0.7142857142857143,0.0,0.9448818897637795,0.05511811023622047,1.5449674706660974,0
HAVELLS,6,0.95,1081,120,64,2025-12-01,2026-04-22,0.484375,0.4493927125506073,0.2978723404255319,0.3333333333333333,0.2692307692307692,7,14,24,19,0.53125,0.53125,0.0,0.0,0.0,0.0,0.0,0.0,0.0,0.0,0.3333333333333333,0.5581395348837209,0.0,0.328125,0.671875,0.2754392238831414,0
POLYCAB,1,0.7,676,75,107,2024-06-06,2025-01-03,0.5046728971962616,0.5667365478686234,0.6624203821656051,0.5048543689320388,0.9629629629629629,52,51,2,2,0.48598130841121495,0.48598130841121495,0.0,0.0,0.0,0.0,0.0,0.0,0.0,0.0,0.5048543689320388,0.5,0.0,0.9626168224299065,0.037383177570093455,0.23157733298804578,0
POLYCAB,2,0.75,724,80,108,2024-09-25,2025-04-09,0.4537037037037037,0.544082332761578,0.609271523178808,0.46938775510204084,0.8679245283018868,46,52,3,7,0.4351851851851852,0.49074074074074076,0.0,0.0,0.0,0.0,0.0,0.0,0.0,0.0,0.46938775510204084,0.30000000000000004,0.0,0.9074074074074074,0.09259259259259259,0.4439350750562715,0
POLYCAB,3,0.8,773,85,107,2025-01-06,2025-08-08,0.5981308411214953,0.49491279069767447,0.7393939393939394,0.6039603960396039,0.953125,61,40,3,3,0.5887850467289719,0.5981308411214953,0.0,0.0,0.0,0.0,0.0,0.0,0.0,0.0,0.6039603960396039,0.5,0.0,0.9439252336448598,0.056074766355140186,0.7348226134083774,0
POLYCAB,4,0.85,821,91,107,2025-04-16,2025-12-17,0.6355140186915887,0.6102212051868803,0.7771428571428571,0.6415094339622641,0.9855072463768116,68,38,0,1,0.6448598130841121,0.6355140186915887,0.0,0.0,0.0,0.0,0.0,0.0,0.0,0.0,0.6415094339622641,0.0,0.0,0.9906542056074766,0.009345794392523364,1.295115270148267,0
POLYCAB,5,0.9,869,96,108,2025-08-11,2026-04-22,0.5370370370370371,0.5393103448275862,0.6376811594202898,0.55,0.7586206896551724,44,36,14,14,0.4444444444444444,0.5185185185185185,0.0,0.0,0.0,0.0,0.0,0.0,0.0,0.0,0.55,0.5,0.0,0.7407407407407407,0.25925925925925924,0.6603519186086861,0
POLYCAB,6,0.95,918,101,54,2025-12-18,2026-04-22,0.35185185185185186,0.37087912087912084,0.4067796610169492,0.3870967741935484,0.42857142857142855,12,19,7,16,0.4074074074074074,0.3888888888888889,0.0,0.0,0.0,0.0,0.0,0.0,0.0,0.0,0.3870967741935484,0.30434782608695654,0.0,0.5740740740740741,0.42592592592592593,0.667561031884202,0
BHARTIARTL,1,0.7,668,74,106,2024-04-26,2024-11-12,0.5283018867924528,0.6274792643346556,0.6666666666666666,0.5494505494505495,0.847457627118644,50,41,6,9,0.5283018867924528,0.5566037735849056,0.0,0.0,0.0,0.0,0.0,0.0,0.0,0.0,0.5494505494505495,0.4,0.0,0.8584905660377359,0.14150943396226415,0.39946999143320644,0
BHARTIARTL,2,0.75,716,79,106,2024-08-23,2025-03-19,0.37735849056603776,0.3587540279269603,0.5147058823529411,0.4430379746835443,0.6140350877192983,35,44,5,22,0.5,0.36792452830188677,0.0,0.0,0.0,0.0,0.0,0.0,0.0,0.0,0.4430379746835443,0.18518518518518523,0.0,0.7452830188679245,0.25471698113207547,0.41153798886221343,0
BHARTIARTL,3,0.8,764,84,106,2024-11-13,2025-08-07,0.5471698113207547,0.42889305816135087,0.6962025316455697,0.5913978494623656,0.8461538461538461,55,38,3,10,0.5188679245283019,0.5094339622641509,0.0,0.0,0.0,0.0,0.0,0.0,0.0,0.0,0.5913978494623656,0.23076923076923073,0.0,0.8773584905660378,0.12264150943396226,1.17165186222637,0
BHARTIARTL,4,0.85,811,90,106,2025-03-20,2025-11-25,0.5660377358490566,0.44233630952380953,0.7195121951219512,0.59,0.921875,59,41,1,5,0.5849056603773585,0.6037735849056604,0.0,0.0,0.0,0.0,0.0,0.0,0.0,0.0,0.59,0.16666666666666663,0.0,0.9433962264150944,0.05660377358490566,1.0,0
BHARTIARTL,5,0.9,859,95,106,2025-08-08,2026-04-22,0.4528301886792453,0.4935714285714286,0.6081081081081081,0.45918367346938777,0.9,45,53,3,5,0.4811320754716981,0.4716981132075472,0.0,0.0,0.0,0.0,0.0,0.0,0.0,0.0,0.45918367346938777,0.375,0.0,0.9245283018867925,0.07547169811320754,0.6601645804371808,0
BHARTIARTL,6,0.95,907,100,53,2025-11-26,2026-04-22,0.2830188679245283,0.4695945945945945,0.4411764705882353,0.28846153846153844,0.9375,15,37,0,1,0.32075471698113206,0.3018867924528302,0.0,0.0,0.0,0.0,0.0,0.0,0.0,0.0,0.28846153846153844,0.0,0.0,0.9811320754716981,0.018867924528301886,0.6279912113844397,0
INDUSTOWER,1,0.7,736,81,117,2024-04-15,2024-12-02,0.49572649572649574,0.531140350877193,0.3655913978494624,0.5151515151515151,0.2833333333333333,17,16,41,43,0.5555555555555556,0.4700854700854701,0.0,0.0,0.0,0.0,0.0,0.0,0.0,0.0,0.5151515151515151,0.48809523809523814,0.0,0.28205128205128205,0.717948717948718,1.0,0
INDUSTOWER,2,0.75,789,87,116,2024-08-22,2025-03-26,0.4396551724137931,0.49030303030303024,0.5038167938931297,0.4074074074074074,0.66,33,48,18,17,0.5344827586206896,0.4051724137931034,0.0,0.0,0.0,0.0,0.0,0.0,0.0,0.0,0.4074074074074074,0.5142857142857142,0.0,0.6982758620689655,0.3017241379310345,0.1835362512634156,0
INDUSTOWER,3,0.8,841,93,117,2024-12-03,2025-07-24,0.48717948717948717,0.4447691408533022,0.5,0.4838709677419355,0.5172413793103449,30,32,27,28,0.5299145299145299,0.4700854700854701,0.0,0.0,0.0,0.0,0.0,0.0,0.0,0.0,0.4838709677419355,0.49090909090909096,0.0,0.5299145299145299,0.4700854700854701,0.43428847437283946,0
INDUSTOWER,4,0.85,893,99,117,2025-03-27,2025-11-21,0.4358974358974359,0.39289940828402364,0.47619047619047616,0.4918032786885246,0.46153846153846156,30,31,21,35,0.4700854700854701,0.4358974358974359,0.0,0.0,0.0,0.0,0.0,0.0,0.0,0.0,0.4918032786885246,0.375,0.0,0.5213675213675214,0.47863247863247865,0.6844719699491775,0
INDUSTOWER,5,0.9,946,105,117,2025-07-25,2026-04-16,0.4700854700854701,0.4266191325014855,0.5507246376811594,0.5277777777777778,0.5757575757575758,38,34,17,28,0.49572649572649574,0.48717948717948717,0.0,0.0,0.0,0.0,0.0,0.0,0.0,0.0,0.5277777777777778,0.37777777777777777,0.0,0.6153846153846154,0.38461538461538464,0.13187900028647603,0
INDUSTOWER,6,0.95,999,110,59,2025-12-01,2026-04-16,0.4067796610169492,0.46352941176470586,0.36363636363636365,0.47619047619047616,0.29411764705882354,10,11,14,24,0.3728813559322034,0.576271186440678,0.0,0.0,0.0,0.0,0.0,0.0,0.0,0.0,0.47619047619047616,0.368421052631579,0.0,0.3559322033898305,0.6440677966101694,1.0,0
CUMMINSIND,1,0.7,729,81,116,2024-05-10,2024-12-16,0.47413793103448276,0.515946348733234,0.6303030303030303,0.5,0.8524590163934426,52,52,3,9,0.5,0.5258620689655172,0.0,0.0,0.0,0.0,0.0,0.0,0.0,0.0,0.5,0.25,0.0,0.896551724137931,0.10344827586206896,0.11490598117286419,0
CUMMINSIND,2,0.75,782,86,116,2024-08-23,2025-04-07,0.43103448275862066,0.6101127017971368,0.5975609756097561,0.4260869565217391,1.0,49,66,1,0,0.43103448275862066,0.4224137931034483,0.0,0.0,0.0,0.0,0.0,0.0,0.0,0.0,0.4260869565217391,1.0,0.0,0.9913793103448276,0.008620689655172414,0.20150864251603517,0
CUMMINSIND,3,0.8,834,92,116,2024-12-17,2025-08-05,0.5344827586206896,0.5770609318996416,0.6966292134831461,0.5344827586206896,1.0,62,54,0,0,0.5,0.5344827586206896,0.0,0.0,0.0,0.0,0.0,0.0,0.0,0.0,0.5344827586206896,0.0,0.0,1.0,0.0,1.0,0
CUMMINSIND,4,0.85,886,98,116,2025-04-08,2025-12-12,0.6810344827586207,0.5294532627865961,0.7955801104972375,0.72,0.8888888888888888,72,28,7,9,0.6896551724137931,0.6982758620689655,0.0,0.0,0.0,0.0,0.0,0.0,0.0,0.0,0.72,0.4375,0.0,0.8620689655172413,0.13793103448275862,1.0,0
CUMMINSIND,5,0.9,938,104,116,2025-08-06,2026-04-22,0.5517241379310345,0.45270270270270274,0.7045454545454546,0.6078431372549019,0.8378378378378378,62,40,2,12,0.5689655172413793,0.5603448275862069,0.0,0.0,0.0,0.0,0.0,0.0,0.0,0.0,0.6078431372549019,0.1428571428571429,0.0,0.8793103448275862,0.1206896551724138,0.7831502018662204,0
CUMMINSIND,6,0.95,990,110,58,2025-12-17,2026-04-22,0.5,0.5477941176470589,0.6329113924050633,0.5555555555555556,0.7352941176470589,25,20,4,9,0.5344827586206896,0.5,0.0,0.0,0.0,0.0,0.0,0.0,0.0,0.0,0.5555555555555556,0.3076923076923077,0.0,0.7758620689655172,0.22413793103448276,0.4908010427226423,0
GRASIM,1,0.7,689,76,110,2024-03-06,2024-10-28,0.5727272727272728,0.5159646739130435,0.6845637583892618,0.6,0.796875,51,34,12,13,0.5636363636363636,0.5181818181818182,0.0,0.0,0.0,0.0,0.0,0.0,0.0,0.0,0.6,0.48,0.0,0.7727272727272727,0.22727272727272727,0.3042683067196908,0
GRASIM,2,0.75,738,82,109,2024-07-11,2025-02-21,0.42201834862385323,0.5884615384615384,0.5594405594405595,0.40404040404040403,0.9090909090909091,40,59,6,4,0.3944954128440367,0.48623853211009177,0.0,0.0,0.0,0.0,0.0,0.0,0.0,0.0,0.40404040404040403,0.6,0.0,0.908256880733945,0.09174311926605505,0.3901814269812213,0
GRASIM,3,0.8,788,87,109,2024-10-29,2025-07-08,0.46788990825688076,0.41160593792172745,0.5857142857142857,0.4659090909090909,0.7884615384615384,41,47,10,11,0.45871559633027525,0.47706422018348627,0.0,0.0,0.0,0.0,0.0,0.0,0.0,0.0,0.4659090909090909,0.47619047619047616,0.0,0.8073394495412844,0.1926605504587156,0.5870928043818257,0
GRASIM,4,0.85,837,92,110,2025-02-28,2025-11-14,0.5909090909090909,0.4951811232967763,0.6808510638297872,0.5853658536585366,0.8135593220338984,48,34,17,11,0.4818181818181818,0.5727272727272728,0.0,0.0,0.0,0.0,0.0,0.0,0.0,0.0,0.5853658536585366,0.6071428571428572,0.0,0.7454545454545455,0.2545454545454545,1.0,0
GRASIM,5,0.9,886,98,110,2025-07-09,2026-04-16,0.5363636363636364,0.4932141674942072,0.6622516556291391,0.5102040816326531,0.9433962264150944,50,48,9,3,0.5363636363636364,0.5636363636363636,0.0,0.0,0.0,0.0,0.0,0.0,0.0,0.0,0.5102040816326531,0.75,0.0,0.8909090909090909,0.10909090909090909,0.10000660285425449,0
GRASIM,6,0.95,936,103,55,2025-11-17,2026-04-16,0.6181818181818182,0.6379310344827587,0.704225352112676,0.5555555555555556,0.9615384615384616,25,20,9,1,0.4727272727272727,0.5818181818181818,0.0,0.0,0.0,0.0,0.0,0.0,0.0,0.0,0.5555555555555556,0.9,0.0,0.8181818181818182,0.18181818181818182,0.5625339963223864,0
AMBUJACEM,1,0.7,714,79,114,2024-04-22,2024-12-06,0.4824561403508772,0.4522253345782758,0.5203252032520326,0.4444444444444444,0.6274509803921569,32,40,23,19,0.4649122807017544,0.5175438596491229,0.0,0.0,0.0,0.0,0.0,0.0,0.0,0.0,0.4444444444444444,0.5476190476190477,0.0,0.631578947368421,0.3684210526315789,0.3426776065122649,0
AMBUJACEM,2,0.75,765,85,113,2024-08-12,2025-03-26,0.40707964601769914,0.4395424836601307,0.4462809917355372,0.35526315789473684,0.6,27,49,19,18,0.4336283185840708,0.4336283185840708,0.0,0.0,0.0,0.0,0.0,0.0,0.0,0.0,0.35526315789473684,0.5135135135135135,0.0,0.672566371681416,0.3274336283185841,0.2973614192995705,0
AMBUJACEM,3,0.8,817,90,113,2024-12-11,2025-07-24,0.6283185840707964,0.6727272727272727,0.676923076923077,0.5866666666666667,0.8,44,31,27,11,0.6194690265486725,0.5132743362831859,0.0,0.0,0.0,0.0,0.0,0.0,0.0,0.0,0.5866666666666667,0.7105263157894737,0.0,0.6637168141592921,0.336283185840708,1.0,0
AMBUJACEM,4,0.85,867,96,114,2025-03-27,2025-12-17,0.5263157894736842,0.5446623093681917,0.5263157894736842,0.47619047619047616,0.5882352941176471,30,33,30,21,0.5964912280701754,0.5526315789473685,0.0,0.0,0.0,0.0,0.0,0.0,0.0,0.0,0.47619047619047616,0.5882352941176471,0.0,0.5526315789473685,0.4473684210526316,1.0,0
AMBUJACEM,5,0.9,918,102,114,2025-07-29,2026-04-22,0.5789473684210527,0.5074324324324324,0.29411764705882354,0.35714285714285715,0.25,10,18,56,30,0.5526315789473685,0.6491228070175439,0.0,0.0,0.0,0.0,0.0,0.0,0.0,0.0,0.35714285714285715,0.6511627906976745,0.0,0.24561403508771928,0.7543859649122807,1.0,0
AMBUJACEM,6,0.95,970,107,57,2025-12-18,2026-04-22,0.5263157894736842,0.5857142857142857,0.4,0.391304347826087,0.4090909090909091,9,14,21,13,0.5614035087719298,0.5789473684210527,0.0,0.0,0.0,0.0,0.0,0.0,0.0,0.0,0.391304347826087,0.6176470588235294,0.0,0.40350877192982454,0.5964912280701754,0.4808483897404856,0
ULTRACEMCO,1,0.7,657,72,104,2024-03-27,2024-11-27,0.5961538461538461,0.5661016949152543,0.72,0.5934065934065934,0.9152542372881356,54,37,8,5,0.5384615384615384,0.5576923076923077,0.0,0.0,0.0,0.0,0.0,0.0,0.0,0.0,0.5934065934065934,0.6153846153846154,0.0,0.875,0.125,0.39820674340661133,0
ULTRACEMCO,2,0.75,703,78,104,2024-07-19,2025-03-26,0.5865384615384616,0.4912280701754386,0.7074829931972789,0.5777777777777777,0.9122807017543859,52,38,9,5,0.5769230769230769,0.5480769230769231,0.0,0.0,0.0,0.0,0.0,0.0,0.0,0.0,0.5777777777777777,0.6428571428571428,0.0,0.8653846153846154,0.1346153846153846,1.0,0
ULTRACEMCO,3,0.8,750,83,104,2024-11-28,2025-08-13,0.5673076923076923,0.546702249332825,0.6808510638297872,0.6,0.7868852459016393,48,32,11,13,0.5480769230769231,0.5384615384615384,0.0,0.0,0.0,0.0,0.0,0.0,0.0,0.0,0.6,0.45833333333333337,0.0,0.7692307692307693,0.23076923076923078,0.5744485445811593,0
ULTRACEMCO,4,0.85,797,88,104,2025-03-28,2025-12-15,0.3942307692307692,0.33855916386711465,0.5531914893617021,0.4148936170212766,0.8297872340425532,39,55,2,8,0.4230769230769231,0.375,0.0,0.0,0.0,0.0,0.0,0.0,0.0,0.0,0.4148936170212766,0.19999999999999996,0.0,0.9038461538461539,0.09615384615384616,0.7160428581679132,0
ULTRACEMCO,5,0.9,844,93,105,2025-08-14,2026-04-22,0.4095238095238095,0.40567428150331614,0.5373134328358209,0.4090909090909091,0.782608695652174,36,52,7,10,0.44761904761904764,0.41904761904761906,0.0,0.0,0.0,0.0,0.0,0.0,0.0,0.0,0.4090909090909091,0.4117647058823529,0.0,0.8380952380952381,0.1619047619047619,0.40822969326619196,0
ULTRACEMCO,6,0.95,891,98,53,2025-12-16,2026-04-22,0.5660377358490566,0.6026785714285715,0.676056338028169,0.6153846153846154,0.75,24,15,6,8,0.4716981132075472,0.6792452830188679,0.0,0.0,0.0,0.0,0.0,0.0,0.0,0.0,0.6153846153846154,0.4285714285714286,0.0,0.7358490566037735,0.2641509433962264,1.0,0
TITAN,1,0.7,815,90,130,2023-11-29,2024-10-04,0.5846153846153846,0.5341827983337417,0.6896551724137931,0.6185567010309279,0.7792207792207793,60,37,16,17,0.5769230769230769,0.5461538461538461,0.0,0.0,0.0,0.0,0.0,0.0,0.0,0.0,0.6185567010309279,0.48484848484848486,0.0,0.7461538461538462,0.25384615384615383,0.47023906275162336,0
TITAN,2,0.75,873,97,129,2024-05-17,2025-02-12,0.4806201550387597,0.5033898305084745,0.567741935483871,0.4583333333333333,0.7457627118644068,44,52,18,15,0.4573643410852713,0.4728682170542636,0.0,0.0,0.0,0.0,0.0,0.0,0.0,0.0,0.4583333333333333,0.5454545454545454,0.0,0.7441860465116279,0.2558139534883721,0.7845971347493901,0
TITAN,3,0.8,932,103,129,2024-10-07,2025-07-16,0.3953488372093023,0.4447174447174447,0.5465116279069767,0.4017094017094017,0.8545454545454545,47,70,4,8,0.4418604651162791,0.4263565891472868,0.0,0.0,0.0,0.0,0.0,0.0,0.0,0.0,0.4017094017094017,0.33333333333333337,0.0,0.9069767441860465,0.09302325581395349,0.326818634894464,0
TITAN,4,0.85,990,109,130,2025-02-13,2025-12-01,0.5384615384615384,0.40727272727272723,0.6907216494845361,0.5630252100840336,0.8933333333333333,67,52,3,8,0.5307692307692308,0.43846153846153846,0.0,0.0,0.0,0.0,0.0,0.0,0.0,0.0,0.5630252100840336,0.2727272727272727,0.0,0.9153846153846154,0.08461538461538462,1.0,0
TITAN,5,0.9,1048,116,130,2025-07-17,2026-04-21,0.5538461538461539,0.52025,0.6741573033707865,0.6122448979591837,0.75,60,38,12,20,0.5384615384615384,0.38461538461538464,0.0,0.0,0.0,0.0,0.0,0.0,0.0,0.0,0.6122448979591837,0.375,0.0,0.7538461538461538,0.24615384615384617,1.0,0
TITAN,6,0.95,1107,122,65,2025-12-04,2026-04-21,0.6307692307692307,0.539447731755424,0.7333333333333333,0.6470588235294118,0.8461538461538461,33,18,8,6,0.6461538461538462,0.47692307692307695,0.0,0.0,0.0,0.0,0.0,0.0,0.0,0.0,0.6470588235294118,0.5714285714285714,0.0,0.7846153846153846,0.2153846153846154,1.0,0
SHREECEM,1,0.7,675,75,107,2024-04-15,2024-11-26,0.5700934579439252,0.5512005649717514,0.6714285714285714,0.5802469135802469,0.7966101694915254,47,34,14,12,0.5607476635514018,0.5607476635514018,0.0,0.0,0.0,0.0,0.0,0.0,0.0,0.0,0.5802469135802469,0.5384615384615384,0.0,0.7570093457943925,0.24299065420560748,0.5116390889574124,0
SHREECEM,2,0.75,724,80,107,2024-08-26,2025-03-21,0.5887850467289719,0.5670995670995671,0.6666666666666666,0.6376811594202898,0.6984126984126984,44,25,19,19,0.5607476635514018,0.5607476635514018,0.0,0.0,0.0,0.0,0.0,0.0,0.0,0.0,0.6376811594202898,0.5,0.0,0.6448598130841121,0.35514018691588783,0.4359856136283141,0
SHREECEM,3,0.8,772,85,107,2024-11-27,2025-07-17,0.5420560747663551,0.547979797979798,0.5585585585585585,0.6458333333333334,0.49206349206349204,31,17,27,32,0.5046728971962616,0.6074766355140186,0.0,0.0,0.0,0.0,0.0,0.0,0.0,0.0,0.6458333333333334,0.4576271186440678,0.0,0.4485981308411215,0.5514018691588785,0.24882495879842223,0
SHREECEM,4,0.85,820,91,107,2025-03-24,2025-12-11,0.3925233644859813,0.4514925373134328,0.4881889763779528,0.3563218390804598,0.775,31,56,11,9,0.4392523364485981,0.38317757009345793,0.0,0.0,0.0,0.0,0.0,0.0,0.0,0.0,0.3563218390804598,0.55,0.0,0.8130841121495327,0.18691588785046728,0.10000660285425449,0
SHREECEM,5,0.9,868,96,108,2025-07-21,2026-04-22,0.4444444444444444,0.45300751879699247,0.47368421052631576,0.35526315789473684,0.7105263157894737,27,49,21,11,0.5370370370370371,0.4166666666666667,0.0,0.0,0.0,0.0,0.0,0.0,0.0,0.0,0.35526315789473684,0.65625,0.0,0.7037037037037037,0.2962962962962963,0.6666083940519058,0
SHREECEM,6,0.95,917,101,54,2025-12-12,2026-04-22,0.5185185185185185,0.6785714285714286,0.6578947368421053,0.5,0.9615384615384616,25,25,3,1,0.5555555555555556,0.48148148148148145,0.0,0.0,0.0,0.0,0.0,0.0,0.0,0.0,0.5,0.75,0.0,0.9259259259259259,0.07407407407407407,1.0,0
ASIANPAINT,1,0.7,769,85,122,2023-12-01,2024-09-17,0.5983606557377049,0.5329391891891891,0.7167630057803468,0.6262626262626263,0.8378378378378378,62,37,11,12,0.6147540983606558,0.6065573770491803,0.0,0.0,0.0,0.0,0.0,0.0,0.0,0.0,0.6262626262626263,0.4782608695652174,0.0,0.8114754098360656,0.1885245901639344,0.6256836089983436,0
ASIANPAINT,2,0.75,824,91,122,2024-04-30,2025-02-07,0.4426229508196721,0.4944444444444444,0.47692307692307695,0.3875,0.62,31,49,23,19,0.4180327868852459,0.4672131147540984,0.0,0.0,0.0,0.0,0.0,0.0,0.0,0.0,0.3875,0.5476190476190477,0.0,0.6557377049180327,0.3442622950819672,0.5560690948597483,0
ASIANPAINT,3,0.8,879,97,122,2024-09-23,2025-07-10,0.4262295081967213,0.46810966810966814,0.47761194029850745,0.3595505617977528,0.7111111111111111,32,57,20,13,0.36065573770491804,0.45081967213114754,0.0,0.0,0.0,0.0,0.0,0.0,0.0,0.0,0.3595505617977528,0.6060606060606061,0.0,0.7295081967213115,0.27049180327868855,0.7161923560740573,0
ASIANPAINT,4,0.85,934,103,122,2025-02-14,2025-11-12,0.45081967213114754,0.43736263736263736,0.5179856115107914,0.5217391304347826,0.5142857142857142,36,33,19,34,0.5081967213114754,0.4262295081967213,0.0,0.0,0.0,0.0,0.0,0.0,0.0,0.0,0.5217391304347826,0.3584905660377359,0.0,0.5655737704918032,0.4344262295081967,1.0,0
ASIANPAINT,5,0.9,989,109,123,2025-07-11,2026-04-22,0.5528455284552846,0.5386652542372882,0.47619047619047616,0.5434782608695652,0.423728813559322,25,21,43,34,0.5447154471544715,0.5203252032520326,0.0,0.0,0.0,0.0,0.0,0.0,0.0,0.0,0.5434782608695652,0.5584415584415585,0.0,0.37398373983739835,0.6260162601626016,1.0,0
ASIANPAINT,6,0.95,1044,115,62,2025-11-18,2026-04-22,0.5967741935483871,0.5039018952062431,0.2857142857142857,0.4166666666666667,0.21739130434782608,5,7,32,18,0.4838709677419355,0.5967741935483871,0.0,0.0,0.0,0.0,0.0,0.0,0.0,0.0,0.4166666666666667,0.64,0.0,0.1935483870967742,0.8064516129032258,1.0,0
BERGEPAINT,1,0.7,782,86,124,2024-01-15,2024-10-14,0.45161290322580644,0.5041797283176593,0.5342465753424658,0.4875,0.5909090909090909,39,41,17,27,0.532258064516129,0.46774193548387094,0.0,0.0,0.0,0.0,0.0,0.0,0.0,0.0,0.4875,0.38636363636363635,0.0,0.6451612903225806,0.3548387096774194,1.0,0
BERGEPAINT,2,0.75,837,93,124,2024-06-05,2025-02-24,0.45161290322580644,0.5045823514008902,0.5641025641025641,0.4943820224719101,0.6567164179104478,44,45,12,23,0.5564516129032258,0.46774193548387094,0.0,0.0,0.0,0.0,0.0,0.0,0.0,0.0,0.4943820224719101,0.34285714285714286,0.0,0.717741935483871,0.28225806451612906,1.0,0
BERGEPAINT,3,0.8,893,99,124,2024-10-15,2025-07-08,0.49193548387096775,0.5205729166666667,0.6227544910179641,0.48598130841121495,0.8666666666666667,52,55,9,8,0.532258064516129,0.5161290322580645,0.0,0.0,0.0,0.0,0.0,0.0,0.0,0.0,0.48598130841121495,0.5294117647058824,0.0,0.8629032258064516,0.13709677419354838,1.0,0
BERGEPAINT,4,0.85,949,105,124,2025-02-28,2025-11-26,0.49193548387096775,0.45433255269320844,0.6272189349112426,0.5,0.8412698412698413,53,53,8,10,0.5161290322580645,0.46774193548387094,0.0,0.0,0.0,0.0,0.0,0.0,0.0,0.0,0.5,0.4444444444444444,0.0,0.8548387096774194,0.14516129032258066,1.0,0
BERGEPAINT,5,0.9,1005,111,124,2025-07-09,2026-04-22,0.3790322580645161,0.43510204081632653,0.45390070921985815,0.34782608695652173,0.6530612244897959,32,60,15,17,0.3709677419354839,0.4274193548387097,0.0,0.0,0.0,0.0,0.0,0.0,0.0,0.0,0.34782608695652173,0.46875,0.0,0.7419354838709677,0.25806451612903225,0.6025452164000137,0
BERGEPAINT,6,0.95,1061,117,62,2025-11-27,2026-04-22,0.3225806451612903,0.2764227642276422,0.19230769230769232,0.16129032258064516,0.23809523809523808,5,26,15,16,0.24193548387096775,0.5645161290322581,0.0,0.0,0.0,0.0,0.0,0.0,0.0,0.0,0.16129032258064516,0.4838709677419355,0.0,0.5,0.5,0.7349877127073935,0
VOLTAS,1,0.7,819,91,130,2024-02-27,2024-11-06,0.5076923076923077,0.5482750062050136,0.5789473684210527,0.6027397260273972,0.5569620253164557,44,29,22,35,0.5461538461538461,0.5153846153846153,0.0,0.0,0.0,0.0,0.0,0.0,0.0,0.0,0.6027397260273972,0.38596491228070173,0.0,0.5615384615384615,0.43846153846153846,0.7271894913728533,0
VOLTAS,2,0.75,878,97,130,2024-07-22,2025-03-05,0.4307692307692308,0.3913352272727273,0.4788732394366197,0.4358974358974359,0.53125,34,44,22,30,0.4461538461538462,0.36923076923076925,0.0,0.0,0.0,0.0,0.0,0.0,0.0,0.0,0.4358974358974359,0.42307692307692313,0.0,0.6,0.4,0.34023771092268296,0
VOLTAS,3,0.8,936,104,130,2024-11-07,2025-07-23,0.49230769230769234,0.4394843638099786,0.5540540540540541,0.4606741573033708,0.6949152542372882,41,48,23,18,0.46923076923076923,0.4153846153846154,0.0,0.0,0.0,0.0,0.0,0.0,0.0,0.0,0.4606741573033708,0.5609756097560976,0.0,0.6846153846153846,0.3153846153846154,0.4079026605766503,0
VOLTAS,4,0.85,995,110,130,2025-03-07,2025-12-02,0.5,0.49786527514231504,0.5454545454545454,0.48148148148148145,0.6290322580645161,39,42,26,23,0.5461538461538461,0.47692307692307695,0.0,0.0,0.0,0.0,0.0,0.0,0.0,0.0,0.48148148148148145,0.5306122448979591,0.0,0.6230769230769231,0.3769230769230769,1.0,0
VOLTAS,5,0.9,1053,117,131,2025-07-24,2026-04-21,0.6030534351145038,0.6524076671341749,0.6829268292682927,0.5490196078431373,0.9032258064516129,56,46,23,6,0.5419847328244275,0.4732824427480916,0.0,0.0,0.0,0.0,0.0,0.0,0.0,0.0,0.5490196078431373,0.7931034482758621,0.0,0.7786259541984732,0.22137404580152673,1.0,0
VOLTAS,6,0.95,1112,123,66,2025-12-04,2026-04-21,0.5151515151515151,0.581267217630854,0.5555555555555556,0.5128205128205128,0.6060606060606061,20,19,14,13,0.3787878787878788,0.5454545454545454,0.0,0.0,0.0,0.0,0.0,0.0,0.0,0.0,0.5128205128205128,0.5185185185185186,0.0,0.5909090909090909,0.4090909090909091,0.649756177391466,0
PIDILITIND,1,0.7,740,82,118,2023-11-24,2024-08-28,0.5847457627118644,0.5745745745745745,0.6797385620915033,0.7222222222222222,0.6419753086419753,52,20,17,29,0.5423728813559322,0.576271186440678,0.0,0.0,0.0,0.0,0.0,0.0,0.0,0.0,0.7222222222222222,0.3695652173913043,0.0,0.6101694915254238,0.3898305084745763,0.6960115504827245,0
PIDILITIND,2,0.75,793,88,117,2024-04-05,2025-01-08,0.5128205128205128,0.4959088252483928,0.5128205128205128,0.5172413793103449,0.5084745762711864,30,28,30,29,0.5213675213675214,0.48717948717948717,0.0,0.0,0.0,0.0,0.0,0.0,0.0,0.0,0.5172413793103449,0.5084745762711864,0.0,0.49572649572649574,0.5042735042735043,0.2860537932228918,0
PIDILITIND,3,0.8,846,94,117,2024-08-29,2025-06-11,0.48717948717948717,0.47677836566725457,0.589041095890411,0.4673913043478261,0.7962962962962963,43,49,14,11,0.4188034188034188,0.5897435897435898,0.0,0.0,0.0,0.0,0.0,0.0,0.0,0.0,0.4673913043478261,0.56,0.0,0.7863247863247863,0.21367521367521367,0.784467479860811,0
PIDILITIND,4,0.85,899,99,118,2025-01-09,2025-11-04,0.423728813559322,0.49334490740740744,0.5802469135802469,0.4351851851851852,0.8703703703703703,47,61,3,7,0.3983050847457627,0.4491525423728814,0.0,0.0,0.0,0.0,0.0,0.0,0.0,0.0,0.4351851851851852,0.30000000000000004,0.0,0.9152542372881356,0.0847457627118644,0.6234261027477072,0
PIDILITIND,5,0.9,952,105,118,2025-06-12,2026-04-22,0.423728813559322,0.5160714285714286,0.569620253164557,0.4090909090909091,0.9375,45,65,5,3,0.3898305084745763,0.4067796610169492,0.0,0.0,0.0,0.0,0.0,0.0,0.0,0.0,0.4090909090909091,0.625,0.0,0.9322033898305084,0.06779661016949153,1.0,0
PIDILITIND,6,0.95,1005,111,59,2025-11-10,2026-04-22,0.6271186440677966,0.6190476190476191,0.6071428571428571,0.53125,0.7083333333333334,17,15,20,7,0.3898305084745763,0.5932203389830508,0.0,0.0,0.0,0.0,0.0,0.0,0.0,0.0,0.53125,0.7407407407407407,0.0,0.5423728813559322,0.4576271186440678,0.3727816631254295,0
PAGEIND,1,0.7,810,90,129,2023-12-22,2024-10-14,0.5891472868217055,0.5516983016983017,0.6580645161290323,0.6538461538461539,0.6623376623376623,51,27,25,26,0.5736434108527132,0.40310077519379844,0.0,0.0,0.0,0.0,0.0,0.0,0.0,0.0,0.6538461538461539,0.4901960784313726,0.0,0.6046511627906976,0.3953488372093023,0.12817748760292624,0
PAGEIND,2,0.75,869,96,128,2024-06-03,2025-02-20,0.6484375,0.7022844509948416,0.6341463414634146,0.7222222222222222,0.5652173913043478,39,15,44,30,0.5859375,0.484375,0.0,0.0,0.0,0.0,0.0,0.0,0.0,0.0,0.7222222222222222,0.5945945945945945,0.0,0.421875,0.578125,0.1065929860027403,0
PAGEIND,3,0.8,927,102,129,2024-10-15,2025-07-23,0.46511627906976744,0.5347826086956522,0.43902439024390244,0.42857142857142855,0.45,27,36,33,33,0.5426356589147286,0.46511627906976744,0.0,0.0,0.0,0.0,0.0,0.0,0.0,0.0,0.42857142857142855,0.5,0.0,0.4883720930232558,0.5116279069767442,0.86245008217443,0
PAGEIND,4,0.85,984,109,129,2025-02-21,2025-12-05,0.37209302325581395,0.4503600823045268,0.4413793103448276,0.32989690721649484,0.6666666666666666,32,65,16,16,0.4186046511627907,0.3798449612403101,0.0,0.0,0.0,0.0,0.0,0.0,0.0,0.0,0.32989690721649484,0.5,0.0,0.751937984496124,0.24806201550387597,0.5330903406789189,0
PAGEIND,5,0.9,1043,115,129,2025-07-24,2026-04-22,0.4806201550387597,0.6165730337078652,0.49624060150375937,0.3548387096774194,0.825,33,60,29,7,0.5038759689922481,0.4186046511627907,0.0,0.0,0.0,0.0,0.0,0.0,0.0,0.0,0.3548387096774194,0.8055555555555556,0.0,0.7209302325581395,0.27906976744186046,1.0,0
PAGEIND,6,0.95,1100,122,65,2025-12-08,2026-04-22,0.6923076923076923,0.626,0.6,0.6,0.6,15,10,30,10,0.6923076923076923,0.6153846153846154,0.0,0.0,0.0,0.0,0.0,0.0,0.0,0.0,0.6,0.75,0.0,0.38461538461538464,0.6153846153846154,1.0,0
DMART,1,0.7,824,91,131,2023-12-20,2024-09-25,0.5648854961832062,0.5650701499758103,0.6459627329192547,0.6265060240963856,0.6666666666666666,52,31,22,26,0.46564885496183206,0.4961832061068702,0.0,0.0,0.0,0.0,0.0,0.0,0.0,0.0,0.6265060240963856,0.45833333333333337,0.0,0.6335877862595419,0.366412213740458,0.8004207189094539,0
DMART,2,0.75,883,98,130,2024-05-15,2025-01-28,0.4076923076923077,0.4444444444444445,0.3937007874015748,0.36231884057971014,0.43103448275862066,25,44,28,33,0.5,0.45384615384615384,0.0,0.0,0.0,0.0,0.0,0.0,0.0,0.0,0.36231884057971014,0.4590163934426229,0.0,0.5307692307692308,0.46923076923076923,0.6654857866693221,0
DMART,3,0.8,942,104,131,2024-09-26,2025-06-13,0.40458015267175573,0.3658131816026553,0.38095238095238093,0.34782608695652173,0.42105263157894735,24,45,29,33,0.48091603053435117,0.5648854961832062,0.0,0.0,0.0,0.0,0.0,0.0,0.0,0.0,0.34782608695652173,0.467741935483871,0.0,0.5267175572519084,0.4732824427480916,1.0,0
DMART,4,0.85,1000,111,131,2025-01-29,2025-10-31,0.42748091603053434,0.45652173913043476,0.5033112582781457,0.42696629213483145,0.6129032258064516,38,51,18,24,0.4961832061068702,0.48854961832061067,0.0,0.0,0.0,0.0,0.0,0.0,0.0,0.0,0.42696629213483145,0.4285714285714286,0.0,0.6793893129770993,0.32061068702290074,1.0,0
DMART,5,0.9,1060,117,131,2025-06-16,2026-04-16,0.3511450381679389,0.3560493827160494,0.4370860927152318,0.32673267326732675,0.66,33,68,13,17,0.3816793893129771,0.6183206106870229,0.0,0.0,0.0,0.0,0.0,0.0,0.0,0.0,0.32673267326732675,0.43333333333333335,0.0,0.7709923664122137,0.22900763358778625,1.0,0
DMART,6,0.95,1118,124,66,2025-11-03,2026-04-16,0.3787878787878788,0.39707317073170734,0.3880597014925373,0.30952380952380953,0.52,13,29,12,12,0.3333333333333333,0.6060606060606061,0.0,0.0,0.0,0.0,0.0,0.0,0.0,0.0,0.30952380952380953,0.5,0.0,0.6363636363636364,0.36363636363636365,1.0,0
DLF,1,0.7,886,98,141,2023-12-15,2024-09-30,0.6312056737588653,0.6404373927958833,0.75,0.65,0.8863636363636364,78,42,11,10,0.574468085106383,0.624113475177305,0.0,0.0,0.0,0.0,0.0,0.0,0.0,0.0,0.65,0.5238095238095238,0.0,0.851063829787234,0.14893617021276595,0.3125049918546146,0
DLF,2,0.75,950,105,140,2024-05-13,2025-02-03,0.5571428571428572,0.5647106931097935,0.69,0.5433070866141733,0.9452054794520548,69,58,9,4,0.5714285714285714,0.55,0.0,0.0,0.0,0.0,0.0,0.0,0.0,0.0,0.5433070866141733,0.6923076923076923,0.0,0.9071428571428571,0.09285714285714286,0.21818937967147728,0
DLF,3,0.8,1013,112,141,2024-10-01,2025-06-26,0.45390070921985815,0.43438003220611915,0.6130653266331658,0.48031496062992124,0.8472222222222222,61,66,3,11,0.45390070921985815,0.45390070921985815,0.0,0.0,0.0,0.0,0.0,0.0,0.0,0.0,0.48031496062992124,0.2142857142857143,0.0,0.900709219858156,0.09929078014184398,0.4778155722089539,0
DLF,4,0.85,1076,119,141,2025-02-04,2025-11-17,0.46808510638297873,0.5193236714975845,0.6113989637305699,0.47580645161290325,0.855072463768116,59,65,7,10,0.5106382978723404,0.48936170212765956,0.0,0.0,0.0,0.0,0.0,0.0,0.0,0.0,0.47580645161290325,0.4117647058823529,0.0,0.8794326241134752,0.12056737588652482,1.0,0
DLF,5,0.9,1140,126,141,2025-06-27,2026-04-22,0.3546099290780142,0.5837362637362636,0.5027322404371585,0.3458646616541353,0.92,46,87,4,4,0.3475177304964539,0.3546099290780142,0.0,0.0,0.0,0.0,0.0,0.0,0.0,0.0,0.3458646616541353,0.5,0.0,0.9432624113475178,0.05673758865248227,1.0,0
DLF,6,0.95,1203,133,71,2025-11-18,2026-04-22,0.3380281690140845,0.5215686274509804,0.4470588235294118,0.2923076923076923,0.95,19,46,5,1,0.22535211267605634,0.7183098591549296,0.0,0.0,0.0,0.0,0.0,0.0,0.0,0.0,0.2923076923076923,0.8333333333333334,0.0,0.9154929577464789,0.08450704225352113,1.0,0
ADANIENT,1,0.7,840,93,133,2023-11-29,2024-10-01,0.5789473684210527,0.574284416174466,0.654320987654321,0.5824175824175825,0.7464788732394366,53,38,24,18,0.48872180451127817,0.556390977443609,0.0,0.0,0.0,0.0,0.0,0.0,0.0,0.0,0.5824175824175825,0.5714285714285714,0.0,0.6842105263157895,0.3157894736842105,0.25956879668522853,0
ADANIENT,2,0.75,900,99,134,2024-05-07,2025-02-11,0.4701492537313433,0.5153793574846206,0.5103448275862069,0.42045454545454547,0.6491228070175439,37,51,26,20,0.47761194029850745,0.5746268656716418,0.0,0.0,0.0,0.0,0.0,0.0,0.0,0.0,0.42045454545454547,0.5652173913043479,0.0,0.6567164179104478,0.34328358208955223,1.0,0
ADANIENT,3,0.8,960,106,133,2024-10-07,2025-07-01,0.47368421052631576,0.5453504351809437,0.5977011494252874,0.45217391304347826,0.8813559322033898,52,63,11,7,0.46616541353383456,0.556390977443609,0.0,0.0,0.0,0.0,0.0,0.0,0.0,0.0,0.45217391304347826,0.6111111111111112,0.0,0.8646616541353384,0.13533834586466165,1.0,0
ADANIENT,4,0.85,1020,113,133,2025-02-12,2025-11-18,0.6240601503759399,0.6812528267752148,0.5833333333333334,0.6481481481481481,0.5303030303030303,35,19,48,31,0.5037593984962406,0.5037593984962406,0.0,0.0,0.0,0.0,0.0,0.0,0.0,0.0,0.6481481481481481,0.6075949367088608,0.0,0.40601503759398494,0.5939849624060151,0.10000660285425449,0
ADANIENT,5,0.9,1080,119,134,2025-07-02,2026-04-22,0.5373134328358209,0.5954502814258912,0.5079365079365079,0.43243243243243246,0.6153846153846154,32,42,40,20,0.48507462686567165,0.5373134328358209,0.0,0.0,0.0,0.0,0.0,0.0,0.0,0.0,0.43243243243243246,0.6666666666666667,0.0,0.5522388059701493,0.44776119402985076,0.3769759079119954,0
ADANIENT,6,0.95,1140,126,67,2025-11-19,2026-04-22,0.5522388059701493,0.4939393939393939,0.21052631578947367,0.25,0.18181818181818182,4,12,33,18,0.4626865671641791,0.5522388059701493,0.0,0.0,0.0,0.0,0.0,0.0,0.0,0.0,0.25,0.6470588235294117,0.0,0.23880597014925373,0.7611940298507462,0.6782260043929776,0
GODREJPROP,1,0.7,873,97,138,2023-12-21,2024-10-09,0.5434782608695652,0.48333333333333334,0.64,0.6588235294117647,0.6222222222222222,56,29,19,34,0.572463768115942,0.4927536231884058,0.0,0.0,0.0,0.0,0.0,0.0,0.0,0.0,0.6588235294117647,0.3584905660377359,0.0,0.6159420289855072,0.38405797101449274,0.5513490907236785,0
GODREJPROP,2,0.75,936,103,139,2024-05-23,2025-02-05,0.4460431654676259,0.4319131161236424,0.6010362694300518,0.4461538461538462,0.9206349206349206,58,72,4,5,0.49640287769784175,0.45323741007194246,0.0,0.0,0.0,0.0,0.0,0.0,0.0,0.0,0.4461538461538462,0.4444444444444444,0.0,0.935251798561151,0.06474820143884892,0.13807185946156814,0
GODREJPROP,3,0.8,998,110,139,2024-10-10,2025-07-08,0.43884892086330934,0.4672200936568753,0.5894736842105263,0.42424242424242425,0.9655172413793104,56,76,5,2,0.460431654676259,0.4316546762589928,0.0,0.0,0.0,0.0,0.0,0.0,0.0,0.0,0.42424242424242425,0.7142857142857143,0.0,0.9496402877697842,0.050359712230215826,0.450048512112534,0
GODREJPROP,4,0.85,1061,117,138,2025-02-06,2025-11-21,0.5362318840579711,0.5337114051669818,0.6404494382022472,0.5229357798165137,0.8260869565217391,57,52,17,12,0.5217391304347826,0.5507246376811594,0.0,0.0,0.0,0.0,0.0,0.0,0.0,0.0,0.5229357798165137,0.5862068965517242,0.0,0.7898550724637681,0.21014492753623187,1.0,0
GODREJPROP,5,0.9,1123,124,139,2025-07-09,2026-04-22,0.4244604316546763,0.3989451476793249,0.5555555555555556,0.4166666666666667,0.8333333333333334,50,70,9,10,0.4460431654676259,0.4316546762589928,0.0,0.0,0.0,0.0,0.0,0.0,0.0,0.0,0.4166666666666667,0.4736842105263158,0.0,0.8633093525179856,0.1366906474820144,1.0,0
GODREJPROP,6,0.95,1185,131,70,2025-11-24,2026-04-22,0.2714285714285714,0.2868217054263566,0.23880597014925373,0.2,0.2962962962962963,8,32,11,19,0.38571428571428573,0.6142857142857143,0.0,0.0,0.0,0.0,0.0,0.0,0.0,0.0,0.2,0.3666666666666667,0.0,0.5714285714285714,0.42857142857142855,1.0,0
ADANIPORTS,1,0.7,723,80,115,2024-04-03,2024-12-09,0.4608695652173913,0.4342424242424242,0.46551724137931033,0.4426229508196721,0.4909090909090909,27,34,26,28,0.5826086956521739,0.48695652173913045,0.0,0.0,0.0,0.0,0.0,0.0,0.0,0.0,0.4426229508196721,0.4814814814814815,0.0,0.5304347826086957,0.46956521739130436,0.3175419824951474,0
ADANIPORTS,2,0.75,775,86,114,2024-08-01,2025-03-27,0.4473684210526316,0.4689153439153439,0.4793388429752066,0.3670886075949367,0.6904761904761905,29,50,22,13,0.5,0.5526315789473685,0.0,0.0,0.0,0.0,0.0,0.0,0.0,0.0,0.3670886075949367,0.6285714285714286,0.0,0.6929824561403509,0.30701754385964913,1.0,0
ADANIPORTS,3,0.8,827,91,115,2024-12-10,2025-07-30,0.5565217391304348,0.6707021791767555,0.6165413533834586,0.5324675324675324,0.7321428571428571,41,36,23,15,0.5130434782608696,0.591304347826087,0.0,0.0,0.0,0.0,0.0,0.0,0.0,0.0,0.5324675324675324,0.6052631578947368,0.0,0.6695652173913044,0.33043478260869563,0.5669027265271809,0
ADANIPORTS,4,0.85,878,97,115,2025-03-28,2025-11-24,0.5826086956521739,0.5481965174129353,0.6307692307692307,0.6507936507936508,0.6119402985074627,41,22,26,26,0.5826086956521739,0.5391304347826087,0.0,0.0,0.0,0.0,0.0,0.0,0.0,0.0,0.6507936507936508,0.5,0.0,0.5478260869565217,0.45217391304347826,0.33192219514120325,0
ADANIPORTS,5,0.9,930,103,115,2025-07-31,2026-04-22,0.4260869565217391,0.4128856624319419,0.26666666666666666,0.375,0.20689655172413793,12,20,37,46,0.43478260869565216,0.4608695652173913,0.0,0.0,0.0,0.0,0.0,0.0,0.0,0.0,0.375,0.4457831325301205,0.0,0.2782608695652174,0.7217391304347827,0.44375295833730694,0
ADANIPORTS,6,0.95,981,109,58,2025-11-25,2026-04-22,0.4482758620689655,0.3573232323232323,0.23809523809523808,0.25,0.22727272727272727,5,15,21,17,0.3275862068965517,0.6206896551724138,0.0,0.0,0.0,0.0,0.0,0.0,0.0,0.0,0.25,0.5526315789473684,0.0,0.3448275862068966,0.6551724137931034,1.0,0
BEL,1,0.7,731,81,116,2024-04-25,2024-12-10,0.5862068965517241,0.6622596153846153,0.7108433734939759,0.5784313725490197,0.921875,59,43,9,5,0.5431034482758621,0.5431034482758621,0.0,0.0,0.0,0.0,0.0,0.0,0.0,0.0,0.5784313725490197,0.6428571428571428,0.0,0.8793103448275862,0.1206896551724138,0.26521540581643144,0
BEL,2,0.75,783,87,116,2024-08-21,2025-03-28,0.45689655172413796,0.5804132973944295,0.6037735849056604,0.4528301886792453,0.9056603773584906,48,58,5,5,0.5517241379310345,0.45689655172413796,0.0,0.0,0.0,0.0,0.0,0.0,0.0,0.0,0.4528301886792453,0.5,0.0,0.9137931034482759,0.08620689655172414,0.4432332958304334,0
BEL,3,0.8,836,92,116,2024-12-11,2025-07-23,0.5517241379310345,0.5324519230769231,0.7011494252873564,0.5545454545454546,0.953125,61,49,3,3,0.5258620689655172,0.5431034482758621,0.0,0.0,0.0,0.0,0.0,0.0,0.0,0.0,0.5545454545454546,0.5,0.0,0.9482758620689655,0.05172413793103448,0.42216509126129664,0
BEL,4,0.85,888,98,116,2025-04-04,2025-12-03,0.49137931034482757,0.484375,0.6143790849673203,0.5529411764705883,0.6911764705882353,47,38,10,21,0.5086206896551724,0.4827586206896552,0.0,0.0,0.0,0.0,0.0,0.0,0.0,0.0,0.5529411764705883,0.32258064516129037,0.0,0.7327586206896551,0.2672413793103448,0.1909719598479053,0
BEL,5,0.9,940,104,116,2025-07-24,2026-04-22,0.4827586206896552,0.455952380952381,0.5238095238095238,0.5,0.55,33,33,23,27,0.4396551724137931,0.5172413793103449,0.0,0.0,0.0,0.0,0.0,0.0,0.0,0.0,0.5,0.45999999999999996,0.0,0.5689655172413793,0.43103448275862066,0.25480860109977965,0
BEL,6,0.95,992,110,58,2025-12-04,2026-04-22,0.46551724137931033,0.4480286738351255,0.5633802816901409,0.5,0.6451612903225806,20,20,7,11,0.5344827586206896,0.6206896551724138,0.0,0.0,0.0,0.0,0.0,0.0,0.0,0.0,0.5,0.38888888888888884,0.0,0.6896551724137931,0.3103448275862069,0.33031411621140433,0
IRFC,1,0.7,480,53,76,2024-12-27,2025-05-21,0.631578947368421,0.5973389355742297,0.46153846153846156,0.6666666666666666,0.35294117647058826,12,6,36,22,0.5131578947368421,0.5526315789473685,0.0,0.0,0.0,0.0,0.0,0.0,0.0,0.0,0.6666666666666666,0.6206896551724138,0.0,0.23684210526315788,0.7631578947368421,0.18366972038165655,0
IRFC,2,0.75,514,57,76,2025-03-03,2025-07-30,0.40789473684210525,0.2905923344947735,0.11764705882352941,0.1875,0.08571428571428572,3,13,28,32,0.42105263157894735,0.4342105263157895,0.0,0.0,0.0,0.0,0.0,0.0,0.0,0.0,0.1875,0.4666666666666667,0.0,0.21052631578947367,0.7894736842105263,0.6366493261794303,0
IRFC,3,0.8,549,60,76,2025-05-22,2025-11-03,0.5394736842105263,0.46726190476190477,0.18604651162790697,0.26666666666666666,0.14285714285714285,4,11,37,24,0.5657894736842105,0.5526315789473685,0.0,0.0,0.0,0.0,0.0,0.0,0.0,0.0,0.26666666666666666,0.6065573770491803,0.0,0.19736842105263158,0.8026315789473685,0.727644373933728,0
IRFC,4,0.85,583,64,76,2025-08-01,2026-01-22,0.5921052631578947,0.6228906823184153,0.45614035087719296,0.4642857142857143,0.4482758620689655,13,15,32,16,0.5131578947368421,0.618421052631579,0.0,0.0,0.0,0.0,0.0,0.0,0.0,0.0,0.4642857142857143,0.6666666666666667,0.0,0.3684210526315789,0.631578947368421,0.251212809099046,0
IRFC,5,0.9,617,68,77,2025-11-10,2026-04-21,0.5194805194805194,0.41846153846153844,0.2127659574468085,0.22727272727272727,0.2,5,17,35,20,0.45454545454545453,0.6753246753246753,0.0,0.0,0.0,0.0,0.0,0.0,0.0,0.0,0.22727272727272727,0.6363636363636364,0.0,0.2857142857142857,0.7142857142857143,0.10000660285425449,0
IRFC,6,0.95,651,72,39,2026-01-28,2026-04-21,0.717948717948718,0.45779220779220775,0.42105263157894735,0.5,0.36363636363636365,4,4,24,7,0.46153846153846156,0.717948717948718,0.0,0.0,0.0,0.0,0.0,0.0,0.0,0.0,0.5,0.7741935483870968,0.0,0.20512820512820512,0.7948717948717948,0.33058831760180896,0
HAL,1,0.7,744,82,118,2024-04-19,2024-12-04,0.4322033898305085,0.43722563652326607,0.524822695035461,0.5,0.5522388059701493,37,37,14,30,0.4067796610169492,0.423728813559322,0.0,0.0,0.0,0.0,0.0,0.0,0.0,0.0,0.5,0.31818181818181823,0.0,0.6271186440677966,0.3728813559322034,0.2990538881470264,0
HAL,2,0.75,797,88,118,2024-08-08,2025-03-25,0.4745762711864407,0.6640625,0.6219512195121951,0.4636363636363636,0.9444444444444444,51,59,5,3,0.5169491525423728,0.4576271186440678,0.0,0.0,0.0,0.0,0.0,0.0,0.0,0.0,0.4636363636363636,0.625,0.0,0.9322033898305084,0.06779661016949153,0.4155637037986223,0
HAL,3,0.8,850,94,118,2024-12-05,2025-07-24,0.5169491525423728,0.5340909090909092,0.6459627329192547,0.47706422018348627,1.0,52,57,9,0,0.4915254237288136,0.4406779661016949,0.0,0.0,0.0,0.0,0.0,0.0,0.0,0.0,0.47706422018348627,1.0,0.0,0.923728813559322,0.07627118644067797,1.0,0
HAL,4,0.85,903,100,118,2025-03-26,2025-12-05,0.5169491525423728,0.5261183261183261,0.6274509803921569,0.4897959183673469,0.8727272727272727,48,50,13,7,0.5,0.4661016949152542,0.0,0.0,0.0,0.0,0.0,0.0,0.0,0.0,0.4897959183673469,0.65,0.0,0.8305084745762712,0.1694915254237288,0.48391352942514976,0
HAL,5,0.9,956,106,118,2025-07-25,2026-04-22,0.4830508474576271,0.5617715617715617,0.5196850393700787,0.44,0.6346153846153846,33,42,24,19,0.4745762711864407,0.4915254237288136,0.0,0.0,0.0,0.0,0.0,0.0,0.0,0.0,0.44,0.5581395348837209,0.0,0.635593220338983,0.3644067796610169,0.5448575944275514,0
HAL,6,0.95,1009,112,59,2025-12-10,2026-04-22,0.4745762711864407,0.46503496503496505,0.45614035087719296,0.41935483870967744,0.5,13,18,15,13,0.4067796610169492,0.4576271186440678,0.0,0.0,0.0,0.0,0.0,0.0,0.0,0.0,0.41935483870967744,0.5357142857142857,0.0,0.5254237288135594,0.4745762711864407,0.5445099171950435,0
ETERNAL,1,0.7,454,50,72,2025-02-04,2025-06-24,0.5972222222222222,0.8015444015444017,0.7184466019417476,0.5606060606060606,1.0,37,29,6,0,0.6527777777777778,0.5138888888888888,0.0,0.0,0.0,0.0,0.0,0.0,0.0,0.0,0.5606060606060606,1.0,0.0,0.9166666666666666,0.08333333333333333,1.524503141518981,0
ETERNAL,2,0.75,486,54,72,2025-04-08,2025-09-11,0.5833333333333334,0.6915814319433516,0.7321428571428571,0.5774647887323944,1.0,41,30,1,0,0.6388888888888888,0.5694444444444444,0.0,0.0,0.0,0.0,0.0,0.0,0.0,0.0,0.5774647887323944,1.0,0.0,0.9861111111111112,0.013888888888888888,1.0,0
ETERNAL,3,0.8,519,57,72,2025-06-26,2025-11-17,0.5833333333333334,0.6424148606811146,0.6666666666666666,0.5357142857142857,0.8823529411764706,30,26,12,4,0.5277777777777778,0.5694444444444444,0.0,0.0,0.0,0.0,0.0,0.0,0.0,0.0,0.5357142857142857,0.75,0.0,0.7777777777777778,0.2222222222222222,0.3937287911002634,0
ETERNAL,4,0.85,551,61,72,2025-09-12,2026-02-04,0.4027777777777778,0.44197530864197526,0.5057471264367817,0.36666666666666664,0.8148148148148148,22,38,7,5,0.3055555555555556,0.375,0.0,0.0,0.0,0.0,0.0,0.0,0.0,0.0,0.36666666666666664,0.5833333333333333,0.0,0.8333333333333334,0.16666666666666666,0.3566373569923508,0
ETERNAL,5,0.9,584,64,73,2025-11-18,2026-04-22,0.5068493150684932,0.5248062015503876,0.6170212765957447,0.453125,0.9666666666666667,29,35,8,1,0.4520547945205479,0.5068493150684932,0.0,0.0,0.0,0.0,0.0,0.0,0.0,0.0,0.453125,0.8888888888888888,0.0,0.8767123287671232,0.1232876712328767,0.3212534497178018,0
ETERNAL,6,0.95,616,68,37,2026-02-05,2026-04-22,0.4594594594594595,0.5625,0.5652173913043478,0.43333333333333335,0.8125,13,17,4,3,0.4594594594594595,0.6216216216216216,0.0,0.0,0.0,0.0,0.0,0.0,0.0,0.0,0.43333333333333335,0.5714285714285714,0.0,0.8108108108108109,0.1891891891891892,1.0,0
