symbol,window_id,train_ratio,train_size,val_size,test_size,test_start,test_end,oos_accuracy,auc,f1,precision,recall,tp,fp,tn,fn,lgbm_acc,xgb_acc,lstm_acc,bilstm_acc,gru_acc,cnn_lstm_acc,cnn_gru_acc,tcn_gru_acc,tcn_transformer_acc,nbeats_acc,dir_acc_up,dir_acc_down,pct_neutral,pct_up,pct_down,temperature,dl_models_trained
SBIN,1,0.7,700,77,111,2024-03-15,2024-11-26,0.5585585585585585,0.5226442658875091,0.6573426573426573,0.6811594202898551,0.6351351351351351,47,22,15,27,0.4774774774774775,0.6666666666666666,0.0,0.0,0.0,0.0,0.0,0.0,0.0,0.0,0.6811594202898551,0.3571428571428571,0.0,0.6216216216216216,0.3783783783783784,1.0,0
SBIN,2,0.75,750,83,111,2024-07-25,2025-03-21,0.5495495495495496,0.7071895424836602,0.6153846153846154,0.5063291139240507,0.7843137254901961,40,39,21,11,0.6216216216216216,0.6036036036036037,0.0,0.0,0.0,0.0,0.0,0.0,0.0,0.0,0.5063291139240507,0.65625,0.0,0.7117117117117117,0.2882882882882883,0.20849782415278514,0
SBIN,3,0.8,800,88,111,2024-11-27,2025-08-01,0.5315315315315315,0.5811603650586702,0.5666666666666667,0.5,0.6538461538461539,34,34,25,18,0.5405405405405406,0.5315315315315315,0.0,0.0,0.0,0.0,0.0,0.0,0.0,0.0,0.5,0.5813953488372092,0.0,0.6126126126126126,0.38738738738738737,0.39331258533799857,0
SBIN,4,0.85,850,94,111,2025-03-24,2025-12-11,0.6396396396396397,0.4090225563909775,0.7777777777777778,0.6730769230769231,0.9210526315789473,70,34,1,6,0.4864864864864865,0.6666666666666666,0.0,0.0,0.0,0.0,0.0,0.0,0.0,0.0,0.6730769230769231,0.1428571428571429,0.0,0.9369369369369369,0.06306306306306306,0.657966550412324,0
SBIN,5,0.9,900,99,112,2025-08-04,2026-04-16,0.4732142857142857,0.36478711162255467,0.6040268456375839,0.6428571428571429,0.569620253164557,45,25,8,34,0.4017857142857143,0.7053571428571429,0.0,0.0,0.0,0.0,0.0,0.0,0.0,0.0,0.6428571428571429,0.19047619047619047,0.0,0.625,0.375,0.3095778020442922,0
SBIN,6,0.95,950,105,56,2025-12-12,2026-04-16,0.30357142857142855,0.29411764705882354,0.3389830508474576,0.4,0.29411764705882354,10,15,7,24,0.32142857142857145,0.39285714285714285,0.0,0.0,0.0,0.0,0.0,0.0,0.0,0.0,0.4,0.22580645161290325,0.0,0.44642857142857145,0.5535714285714286,1.0,0
ICICIBANK,1,0.7,644,71,102,2024-02-02,2024-10-14,0.6666666666666666,0.41435986159169547,0.8,0.6666666666666666,1.0,68,34,0,0,0.49019607843137253,0.6666666666666666,0.0,0.0,0.0,0.0,0.0,0.0,0.0,0.0,0.6666666666666666,0.0,0.0,1.0,0.0,1.0,0
ICICIBANK,2,0.75,690,76,102,2024-06-27,2025-01-29,0.5098039215686274,0.5551697530864198,0.5192307692307693,0.54,0.5,27,23,25,27,0.46078431372549017,0.5098039215686274,0.0,0.0,0.0,0.0,0.0,0.0,0.0,0.0,0.54,0.4807692307692307,0.0,0.49019607843137253,0.5098039215686274,1.0,0
ICICIBANK,3,0.8,736,81,102,2024-10-17,2025-07-21,0.5882352941176471,0.628032345013477,0.7162162162162162,0.5578947368421052,1.0,53,42,7,0,0.5784313725490197,0.5196078431372549,0.0,0.0,0.0,0.0,0.0,0.0,0.0,0.0,0.5578947368421052,1.0,0.0,0.9313725490196079,0.06862745098039216,0.20820925320976352,0
ICICIBANK,4,0.85,782,86,102,2025-01-31,2025-11-26,0.5980392156862745,0.6123076923076923,0.6611570247933884,0.5797101449275363,0.7692307692307693,40,29,21,12,0.5686274509803921,0.5882352941176471,0.0,0.0,0.0,0.0,0.0,0.0,0.0,0.0,0.5797101449275363,0.6363636363636364,0.0,0.6764705882352942,0.3235294117647059,0.3553178851443066,0
ICICIBANK,5,0.9,828,91,103,2025-07-28,2026-04-10,0.5533980582524272,0.5924468922108576,0.5892857142857143,0.4647887323943662,0.8048780487804879,33,38,24,8,0.5339805825242718,0.5533980582524272,0.0,0.0,0.0,0.0,0.0,0.0,0.0,0.0,0.4647887323943662,0.75,0.0,0.6893203883495146,0.3106796116504854,0.5623367786243211,0
ICICIBANK,6,0.95,873,97,52,2025-12-03,2026-04-10,0.5576923076923077,0.628125,0.5964912280701754,0.4594594594594595,0.85,17,20,12,3,0.4807692307692308,0.6346153846153846,0.0,0.0,0.0,0.0,0.0,0.0,0.0,0.0,0.4594594594594595,0.8,0.0,0.7115384615384616,0.28846153846153844,0.4546256285336996,0
HDFCBANK,1,0.7,612,68,97,2024-02-06,2024-10-11,0.4845360824742268,0.49902248289345064,0.576271186440678,0.6538461538461539,0.5151515151515151,34,18,13,32,0.5257731958762887,0.5051546391752577,0.0,0.0,0.0,0.0,0.0,0.0,0.0,0.0,0.6538461538461539,0.28888888888888886,0.0,0.5360824742268041,0.4639175257731959,0.6007359233125076,0
HDFCBANK,2,0.75,657,72,97,2024-06-11,2025-01-30,0.6494845360824743,0.6525198938992043,0.6792452830188679,0.75,0.6206896551724138,36,12,27,22,0.5257731958762887,0.6288659793814433,0.0,0.0,0.0,0.0,0.0,0.0,0.0,0.0,0.75,0.5510204081632653,0.0,0.4948453608247423,0.5051546391752577,0.5596819184513685,0
HDFCBANK,3,0.8,700,77,97,2024-10-14,2025-06-13,0.5670103092783505,0.5399122807017543,0.631578947368421,0.631578947368421,0.631578947368421,36,21,19,21,0.5360824742268041,0.5154639175257731,0.0,0.0,0.0,0.0,0.0,0.0,0.0,0.0,0.631578947368421,0.475,0.0,0.5876288659793815,0.41237113402061853,0.4364168328876484,0
HDFCBANK,4,0.85,744,82,97,2025-01-31,2025-11-27,0.5051546391752577,0.6096374889478339,0.5102040816326531,0.625,0.43103448275862066,25,15,24,33,0.6288659793814433,0.5979381443298969,0.0,0.0,0.0,0.0,0.0,0.0,0.0,0.0,0.625,0.42105263157894735,0.0,0.41237113402061853,0.5876288659793815,0.10000660285425449,0
HDFCBANK,5,0.9,787,87,98,2025-06-17,2026-04-16,0.5204081632653061,0.5320175438596491,0.5252525252525253,0.4262295081967213,0.6842105263157895,26,35,25,12,0.5306122448979592,0.5102040816326531,0.0,0.0,0.0,0.0,0.0,0.0,0.0,0.0,0.4262295081967213,0.6756756756756757,0.0,0.6224489795918368,0.37755102040816324,0.36011210130182425,0
HDFCBANK,6,0.95,831,92,49,2025-12-03,2026-04-16,0.4489795918367347,0.5909090909090909,0.425531914893617,0.2777777777777778,0.9090909090909091,10,26,12,1,0.42857142857142855,0.42857142857142855,0.0,0.0,0.0,0.0,0.0,0.0,0.0,0.0,0.2777777777777778,0.9230769230769231,0.0,0.7346938775510204,0.2653061224489796,0.6161636012502837,0
INDUSINDBK,1,0.7,702,78,112,2024-04-10,2024-12-09,0.45535714285714285,0.5907131011608624,0.5960264900662252,0.42452830188679247,1.0,45,61,6,0,0.5,0.4017857142857143,0.0,0.0,0.0,0.0,0.0,0.0,0.0,0.0,0.42452830188679247,1.0,0.0,0.9464285714285714,0.05357142857142857,0.304909522817724,0
INDUSINDBK,2,0.75,753,83,111,2024-08-13,2025-03-24,0.36936936936936937,0.5937282229965156,0.5394736842105263,0.36936936936936937,1.0,41,70,0,0,0.4594594594594595,0.36936936936936937,0.0,0.0,0.0,0.0,0.0,0.0,0.0,0.0,0.36936936936936937,0.0,0.0,1.0,0.0,1.0,0
INDUSINDBK,3,0.8,803,89,111,2024-12-11,2025-07-11,0.5045045045045045,0.4732724902216427,0.6706586826347305,0.5185185185185185,0.9491525423728814,56,52,0,3,0.45045045045045046,0.5315315315315315,0.0,0.0,0.0,0.0,0.0,0.0,0.0,0.0,0.5185185185185185,0.0,0.0,0.972972972972973,0.02702702702702703,1.0,0
INDUSINDBK,4,0.85,853,94,112,2025-03-25,2025-11-19,0.5267857142857143,0.41369334619093534,0.6900584795321637,0.5363636363636364,0.9672131147540983,59,51,0,2,0.5357142857142857,0.5446428571428571,0.0,0.0,0.0,0.0,0.0,0.0,0.0,0.0,0.5363636363636364,0.0,0.0,0.9821428571428571,0.017857142857142856,1.0,0
INDUSINDBK,5,0.9,903,100,112,2025-07-14,2026-04-16,0.49107142857142855,0.4658365261813538,0.5128205128205128,0.47619047619047616,0.5555555555555556,30,33,25,24,0.5089285714285714,0.5178571428571429,0.0,0.0,0.0,0.0,0.0,0.0,0.0,0.0,0.47619047619047616,0.5102040816326531,0.0,0.5625,0.4375,1.0,0
INDUSINDBK,6,0.95,954,105,56,2025-11-20,2026-04-16,0.5714285714285714,0.6067708333333334,0.5555555555555556,0.6818181818181818,0.46875,15,7,17,17,0.375,0.42857142857142855,0.0,0.0,0.0,0.0,0.0,0.0,0.0,0.0,0.6818181818181818,0.5,0.0,0.39285714285714285,0.6071428571428571,1.0,0
AXISBANK,1,0.7,672,74,106,2024-03-13,2024-11-06,0.5754716981132075,0.536360280546327,0.7019867549668874,0.6022727272727273,0.8412698412698413,53,35,8,10,0.5660377358490566,0.5943396226415094,0.0,0.0,0.0,0.0,0.0,0.0,0.0,0.0,0.6022727272727273,0.4444444444444444,0.0,0.8301886792452831,0.16981132075471697,0.4374953532389847,0
AXISBANK,2,0.75,720,79,107,2024-07-19,2025-03-11,0.40186915887850466,0.5224518888096935,0.5555555555555556,0.40816326530612246,0.8695652173913043,40,58,3,6,0.4392523364485981,0.38317757009345793,0.0,0.0,0.0,0.0,0.0,0.0,0.0,0.0,0.40816326530612246,0.33333333333333337,0.0,0.9158878504672897,0.08411214953271028,0.2904243573628924,0
AXISBANK,3,0.8,767,85,107,2024-11-07,2025-07-18,0.4485981308411215,0.5966810966810967,0.593103448275862,0.42574257425742573,0.9772727272727273,43,58,5,1,0.4766355140186916,0.411214953271028,0.0,0.0,0.0,0.0,0.0,0.0,0.0,0.0,0.42574257425742573,0.8333333333333334,0.0,0.9439252336448598,0.056074766355140186,0.448741145753186,0
AXISBANK,4,0.85,816,90,106,2025-03-12,2025-11-19,0.5660377358490566,0.6195652173913044,0.6714285714285714,0.5875,0.7833333333333333,47,33,13,13,0.5094339622641509,0.5660377358490566,0.0,0.0,0.0,0.0,0.0,0.0,0.0,0.0,0.5875,0.5,0.0,0.7547169811320755,0.24528301886792453,1.0,0
AXISBANK,5,0.9,864,95,107,2025-07-21,2026-04-16,0.5514018691588785,0.5225424981522542,0.6129032258064516,0.6551724137931034,0.5757575757575758,38,20,21,28,0.6261682242990654,0.514018691588785,0.0,0.0,0.0,0.0,0.0,0.0,0.0,0.0,0.6551724137931034,0.4285714285714286,0.0,0.5420560747663551,0.45794392523364486,0.4125087629920424,0
AXISBANK,6,0.95,911,101,54,2025-11-26,2026-04-16,0.5555555555555556,0.5847222222222223,0.6,0.6,0.6,18,12,12,12,0.5185185185185185,0.5370370370370371,0.0,0.0,0.0,0.0,0.0,0.0,0.0,0.0,0.6,0.5,0.0,0.5555555555555556,0.4444444444444444,0.37323044383089243,0
KOTAKBANK,1,0.7,664,73,106,2024-04-03,2024-12-03,0.5094339622641509,0.5408199643493761,0.3157894736842105,0.5714285714285714,0.21818181818181817,12,9,42,43,0.5188679245283019,0.5283018867924528,0.0,0.0,0.0,0.0,0.0,0.0,0.0,0.0,0.5714285714285714,0.49411764705882355,0.0,0.19811320754716982,0.8018867924528302,0.6845603910216829,0
KOTAKBANK,2,0.75,711,79,105,2024-08-14,2025-04-03,0.4857142857142857,0.5810711665443874,0.3076923076923077,0.6,0.20689655172413793,12,8,39,46,0.5714285714285714,0.4380952380952381,0.0,0.0,0.0,0.0,0.0,0.0,0.0,0.0,0.6,0.45882352941176474,0.0,0.19047619047619047,0.8095238095238095,0.5708733446139792,0
KOTAKBANK,3,0.8,759,84,105,2024-12-04,2025-07-30,0.4666666666666667,0.6742479823917829,0.2,0.5833333333333334,0.1206896551724138,7,5,42,51,0.5047619047619047,0.45714285714285713,0.0,0.0,0.0,0.0,0.0,0.0,0.0,0.0,0.5833333333333334,0.4516129032258065,0.0,0.11428571428571428,0.8857142857142857,0.6232063875223648,0
KOTAKBANK,4,0.85,806,89,106,2025-04-07,2025-11-26,0.6698113207547169,0.6901960784313724,0.6601941747572816,0.7083333333333334,0.6181818181818182,34,14,37,21,0.7169811320754716,0.6415094339622641,0.0,0.0,0.0,0.0,0.0,0.0,0.0,0.0,0.7083333333333334,0.6379310344827587,0.0,0.4528301886792453,0.5471698113207547,0.3217782855988651,0
KOTAKBANK,5,0.9,854,94,106,2025-08-01,2026-04-16,0.5471698113207547,0.5747863247863249,0.5555555555555556,0.5555555555555556,0.5555555555555556,30,24,28,24,0.5566037735849056,0.5660377358490566,0.0,0.0,0.0,0.0,0.0,0.0,0.0,0.0,0.5555555555555556,0.5384615384615384,0.0,0.5094339622641509,0.49056603773584906,0.4548066062261596,0
KOTAKBANK,6,0.95,901,100,53,2025-11-27,2026-04-16,0.4528301886792453,0.5263929618768328,0.32558139534883723,0.3333333333333333,0.3181818181818182,7,14,17,15,0.5094339622641509,0.4339622641509434,0.0,0.0,0.0,0.0,0.0,0.0,0.0,0.0,0.3333333333333333,0.53125,0.0,0.39622641509433965,0.6037735849056604,0.7096832332444923,0
BANDHANBNK,1,0.7,760,84,120,2024-04-10,2024-11-27,0.5916666666666667,0.6246179494303973,0.5504587155963303,0.625,0.4918032786885246,30,18,41,31,0.6166666666666667,0.6,0.0,0.0,0.0,0.0,0.0,0.0,0.0,0.0,0.625,0.5694444444444444,0.0,0.4,0.6,0.572395003366564,0
BANDHANBNK,2,0.75,814,90,121,2024-08-09,2025-03-25,0.4462809917355372,0.5732394366197183,0.464,0.38666666666666666,0.58,29,46,25,21,0.49586776859504134,0.4132231404958678,0.0,0.0,0.0,0.0,0.0,0.0,0.0,0.0,0.38666666666666666,0.5434782608695652,0.0,0.6198347107438017,0.38016528925619836,0.6366313507601126,0
BANDHANBNK,3,0.8,868,96,121,2024-11-28,2025-07-29,0.5454545454545454,0.5923076923076923,0.5454545454545454,0.5076923076923077,0.5892857142857143,33,32,33,23,0.5454545454545454,0.5619834710743802,0.0,0.0,0.0,0.0,0.0,0.0,0.0,0.0,0.5076923076923077,0.5892857142857143,0.0,0.5371900826446281,0.4628099173553719,0.5282756076780326,0
BANDHANBNK,4,0.85,923,102,120,2025-03-26,2025-12-05,0.5666666666666667,0.5814794215795329,0.5737704918032787,0.546875,0.603448275862069,35,29,33,23,0.5333333333333333,0.5416666666666666,0.0,0.0,0.0,0.0,0.0,0.0,0.0,0.0,0.546875,0.5892857142857143,0.0,0.5333333333333333,0.4666666666666667,0.7632608012687571,0
BANDHANBNK,5,0.9,977,108,121,2025-07-30,2026-04-16,0.512396694214876,0.48412698412698413,0.3917525773195876,0.48717948717948717,0.3275862068965517,19,20,43,39,0.4628099173553719,0.5206611570247934,0.0,0.0,0.0,0.0,0.0,0.0,0.0,0.0,0.48717948717948717,0.524390243902439,0.0,0.32231404958677684,0.6776859504132231,0.5708743839000338,0
BANDHANBNK,6,0.95,1031,114,61,2025-12-08,2026-04-16,0.47540983606557374,0.37229437229437223,0.3333333333333333,0.5333333333333333,0.24242424242424243,8,7,21,25,0.4426229508196721,0.45901639344262296,0.0,0.0,0.0,0.0,0.0,0.0,0.0,0.0,0.5333333333333333,0.4565217391304348,0.0,0.2459016393442623,0.7540983606557377,0.6221045478008,0
IDFCFIRSTB,1,0.7,736,81,117,2024-02-13,2024-12-10,0.42735042735042733,0.47721437740693207,0.49624060150375937,0.358695652173913,0.8048780487804879,33,59,17,8,0.4017094017094017,0.358974358974359,0.0,0.0,0.0,0.0,0.0,0.0,0.0,0.0,0.358695652173913,0.6799999999999999,0.0,0.7863247863247863,0.21367521367521367,1.0,0
IDFCFIRSTB,2,0.75,789,87,116,2024-07-29,2025-04-02,0.5,0.5807582032494425,0.532258064516129,0.4074074074074074,0.7674418604651163,33,48,25,10,0.6206896551724138,0.3706896551724138,0.0,0.0,0.0,0.0,0.0,0.0,0.0,0.0,0.4074074074074074,0.7142857142857143,0.0,0.6982758620689655,0.3017241379310345,1.0,0
IDFCFIRSTB,3,0.8,841,93,117,2024-12-12,2025-07-29,0.5128205128205128,0.5263466042154566,0.5581395348837209,0.4931506849315068,0.6428571428571429,36,37,24,20,0.5042735042735043,0.5555555555555556,0.0,0.0,0.0,0.0,0.0,0.0,0.0,0.0,0.4931506849315068,0.5454545454545454,0.0,0.6239316239316239,0.37606837606837606,1.0,0
IDFCFIRSTB,4,0.85,893,99,117,2025-04-04,2025-12-02,0.48717948717948717,0.5082840236686391,0.4827586206896552,0.5490196078431373,0.4307692307692308,28,23,29,37,0.4188034188034188,0.48717948717948717,0.0,0.0,0.0,0.0,0.0,0.0,0.0,0.0,0.5490196078431373,0.43939393939393945,0.0,0.4358974358974359,0.5641025641025641,0.7503540939925469,0
IDFCFIRSTB,5,0.9,946,105,117,2025-08-01,2026-04-10,0.5384615384615384,0.5376972530683811,0.37209302325581395,0.5925925925925926,0.2711864406779661,16,11,47,43,0.48717948717948717,0.5384615384615384,0.0,0.0,0.0,0.0,0.0,0.0,0.0,0.0,0.5925925925925926,0.5222222222222221,0.0,0.23076923076923078,0.7692307692307693,0.4962625172994374,0
IDFCFIRSTB,6,0.95,999,110,59,2025-12-05,2026-04-10,0.6271186440677966,0.5944055944055944,0.47619047619047616,0.625,0.38461538461538464,10,6,27,16,0.5254237288135594,0.559322033898305,0.0,0.0,0.0,0.0,0.0,0.0,0.0,0.0,0.625,0.627906976744186,0.0,0.2711864406779661,0.7288135593220338,1.0,0
FEDERALBNK,1,0.7,721,80,115,2024-03-21,2024-11-07,0.6086956521739131,0.6138072453861928,0.697986577181208,0.7222222222222222,0.6753246753246753,52,20,18,25,0.6521739130434783,0.6173913043478261,0.0,0.0,0.0,0.0,0.0,0.0,0.0,0.0,0.7222222222222222,0.41860465116279066,0.0,0.6260869565217392,0.3739130434782609,0.2730140876847347,0
FEDERALBNK,2,0.75,773,85,115,2024-07-31,2025-03-06,0.6521739130434783,0.7533700980392157,0.6774193548387096,0.5753424657534246,0.8235294117647058,42,31,33,9,0.5739130434782609,0.6086956521739131,0.0,0.0,0.0,0.0,0.0,0.0,0.0,0.0,0.5753424657534246,0.7857142857142857,0.0,0.6347826086956522,0.3652173913043478,0.37755231708133985,0
FEDERALBNK,3,0.8,825,91,114,2024-11-08,2025-07-11,0.5350877192982456,0.46336206896551724,0.6394557823129252,0.5164835164835165,0.8392857142857143,47,44,14,9,0.45614035087719296,0.5087719298245614,0.0,0.0,0.0,0.0,0.0,0.0,0.0,0.0,0.5164835164835165,0.6086956521739131,0.0,0.7982456140350878,0.20175438596491227,0.29596751822639933,0
FEDERALBNK,4,0.85,876,97,114,2025-03-07,2025-11-19,0.6403508771929824,0.5667989417989417,0.757396449704142,0.6597938144329897,0.8888888888888888,64,33,9,8,0.5350877192982456,0.6403508771929824,0.0,0.0,0.0,0.0,0.0,0.0,0.0,0.0,0.6597938144329897,0.5294117647058824,0.0,0.8508771929824561,0.14912280701754385,1.0,0
FEDERALBNK,5,0.9,927,103,115,2025-07-14,2026-04-16,0.6695652173913044,0.45564253098499674,0.7790697674418605,0.6767676767676768,0.9178082191780822,67,32,10,6,0.4956521739130435,0.6347826086956522,0.0,0.0,0.0,0.0,0.0,0.0,0.0,0.0,0.6767676767676768,0.625,0.0,0.8608695652173913,0.1391304347826087,1.0,0
FEDERALBNK,6,0.95,979,108,58,2025-11-20,2026-04-16,0.41379310344827586,0.5032175032175032,0.39285714285714285,0.5789473684210527,0.2972972972972973,11,8,13,26,0.41379310344827586,0.46551724137931033,0.0,0.0,0.0,0.0,0.0,0.0,0.0,0.0,0.5789473684210527,0.33333333333333337,0.0,0.3275862068965517,0.6724137931034483,0.8381322366870405,0
BAJAJFINSV,1,0.7,676,75,107,2024-03-15,2024-11-13,0.6261682242990654,0.6206896551724139,0.6153846153846154,0.6956521739130435,0.5517241379310345,32,14,35,26,0.6448598130841121,0.45794392523364486,0.0,0.0,0.0,0.0,0.0,0.0,0.0,0.0,0.6956521739130435,0.5737704918032787,0.0,0.42990654205607476,0.5700934579439252,0.6081691442898229,0
BAJAJFINSV,2,0.75,724,80,108,2024-08-02,2025-03-13,0.6111111111111112,0.5631484794275491,0.6911764705882353,0.6619718309859155,0.7230769230769231,47,24,19,18,0.49074074074074076,0.6018518518518519,0.0,0.0,0.0,0.0,0.0,0.0,0.0,0.0,0.6619718309859155,0.5135135135135135,0.0,0.6574074074074074,0.3425925925925926,1.0,0
BAJAJFINSV,3,0.8,773,85,107,2024-11-14,2025-07-25,0.514018691588785,0.4295058139534884,0.6060606060606061,0.5882352941176471,0.625,40,28,15,24,0.4766355140186916,0.411214953271028,0.0,0.0,0.0,0.0,0.0,0.0,0.0,0.0,0.5882352941176471,0.3846153846153846,0.0,0.6355140186915887,0.3644859813084112,0.3538769532110013,0
BAJAJFINSV,4,0.85,821,91,107,2025-03-18,2025-11-24,0.42990654205607476,0.4149159663865546,0.5196850393700787,0.4647887323943662,0.5892857142857143,33,38,13,23,0.37383177570093457,0.5233644859813084,0.0,0.0,0.0,0.0,0.0,0.0,0.0,0.0,0.4647887323943662,0.36111111111111116,0.0,0.6635514018691588,0.3364485981308411,0.4274150049046786,0
BAJAJFINSV,5,0.9,869,96,108,2025-07-28,2026-04-16,0.4166666666666667,0.4299823633156966,0.4424778761061947,0.36764705882352944,0.5555555555555556,25,43,20,20,0.4444444444444444,0.48148148148148145,0.0,0.0,0.0,0.0,0.0,0.0,0.0,0.0,0.36764705882352944,0.5,0.0,0.6296296296296297,0.37037037037037035,1.0,0
BAJAJFINSV,6,0.95,918,101,54,2025-11-25,2026-04-16,0.35185185185185186,0.4835526315789474,0.4444444444444444,0.2978723404255319,0.875,14,33,5,2,0.3333333333333333,0.2962962962962963,0.0,0.0,0.0,0.0,0.0,0.0,0.0,0.0,0.2978723404255319,0.7142857142857143,0.0,0.8703703703703703,0.12962962962962962,1.0,0
BAJFINANCE,1,0.7,709,78,113,2024-04-24,2024-12-18,0.5398230088495575,0.5477987421383648,0.6119402985074627,0.5540540540540541,0.6833333333333333,41,33,20,19,0.5132743362831859,0.4247787610619469,0.0,0.0,0.0,0.0,0.0,0.0,0.0,0.0,0.5540540540540541,0.5128205128205128,0.0,0.6548672566371682,0.34513274336283184,1.0,0
BAJFINANCE,2,0.75,759,84,113,2024-08-26,2025-04-16,0.5132743362831859,0.5409121395036888,0.56,0.6481481481481481,0.49295774647887325,35,19,23,36,0.5486725663716814,0.37168141592920356,0.0,0.0,0.0,0.0,0.0,0.0,0.0,0.0,0.6481481481481481,0.38983050847457623,0.0,0.4778761061946903,0.5221238938053098,1.0,0
BAJFINANCE,3,0.8,810,90,112,2024-12-24,2025-08-14,0.5535714285714286,0.5882352941176471,0.5454545454545454,0.7142857142857143,0.4411764705882353,30,12,32,38,0.5357142857142857,0.4017857142857143,0.0,0.0,0.0,0.0,0.0,0.0,0.0,0.0,0.7142857142857143,0.4571428571428572,0.0,0.375,0.625,0.24129221401560483,0
BAJFINANCE,4,0.85,861,95,112,2025-04-22,2025-12-04,0.49107142857142855,0.5705560912889746,0.49557522123893805,0.5384615384615384,0.45901639344262296,28,24,27,33,0.625,0.5178571428571429,0.0,0.0,0.0,0.0,0.0,0.0,0.0,0.0,0.5384615384615384,0.44999999999999996,0.0,0.4642857142857143,0.5357142857142857,0.5074090435471051,0
BAJFINANCE,5,0.9,911,101,113,2025-08-19,2026-04-16,0.5752212389380531,0.5665195460277428,0.5294117647058824,0.54,0.5192307692307693,27,23,38,25,0.48672566371681414,0.5663716814159292,0.0,0.0,0.0,0.0,0.0,0.0,0.0,0.0,0.54,0.6031746031746033,0.0,0.4424778761061947,0.5575221238938053,0.491388707535769,0
BAJFINANCE,6,0.95,962,106,57,2025-12-05,2026-04-16,0.43859649122807015,0.5734072022160664,0.4838709677419355,0.3488372093023256,0.7894736842105263,15,28,10,4,0.49122807017543857,0.5614035087719298,0.0,0.0,0.0,0.0,0.0,0.0,0.0,0.0,0.3488372093023256,0.7142857142857143,0.0,0.7543859649122807,0.24561403508771928,0.425952572155995,0
AUBANK,1,0.7,739,82,117,2024-03-28,2024-12-11,0.4444444444444444,0.5292740046838407,0.5637583892617449,0.45161290322580644,0.75,42,51,10,14,0.4444444444444444,0.5128205128205128,0.0,0.0,0.0,0.0,0.0,0.0,0.0,0.0,0.45161290322580644,0.41666666666666663,0.0,0.7948717948717948,0.20512820512820512,0.5671349004646411,0
AUBANK,2,0.75,792,87,118,2024-08-08,2025-04-03,0.4661016949152542,0.48206018518518523,0.2222222222222222,0.3333333333333333,0.16666666666666666,9,18,46,45,0.4745762711864407,0.5423728813559322,0.0,0.0,0.0,0.0,0.0,0.0,0.0,0.0,0.3333333333333333,0.5054945054945055,0.0,0.2288135593220339,0.7711864406779662,0.10000660285425449,0
AUBANK,3,0.8,845,93,117,2024-12-12,2025-07-28,0.4358974358974359,0.40263319044703,0.4406779661016949,0.5531914893617021,0.36619718309859156,26,21,25,45,0.41025641025641024,0.42735042735042733,0.0,0.0,0.0,0.0,0.0,0.0,0.0,0.0,0.5531914893617021,0.3571428571428571,0.0,0.4017094017094017,0.5982905982905983,0.7177490400489652,0
AUBANK,4,0.85,898,99,117,2025-04-04,2025-11-24,0.49572649572649574,0.5117554858934169,0.549618320610687,0.8372093023255814,0.4090909090909091,36,7,22,52,0.5811965811965812,0.24786324786324787,0.0,0.0,0.0,0.0,0.0,0.0,0.0,0.0,0.8372093023255814,0.29729729729729726,0.0,0.36752136752136755,0.6324786324786325,0.21833831200059728,0
AUBANK,5,0.9,950,105,118,2025-07-30,2026-04-16,0.5169491525423728,0.5826923076923076,0.49557522123893805,0.8,0.358974358974359,28,7,33,50,0.4915254237288136,0.4830508474576271,0.0,0.0,0.0,0.0,0.0,0.0,0.0,0.0,0.8,0.3975903614457831,0.0,0.2966101694915254,0.7033898305084746,1.0,0
AUBANK,6,0.95,1003,111,59,2025-12-02,2026-04-16,0.5254237288135594,0.56,0.44,0.6875,0.3235294117647059,11,5,20,23,0.5084745762711864,0.4406779661016949,0.0,0.0,0.0,0.0,0.0,0.0,0.0,0.0,0.6875,0.4651162790697675,0.0,0.2711864406779661,0.7288135593220338,1.0,0
SBILIFE,1,0.7,674,74,107,2024-04-09,2024-11-12,0.4953271028037383,0.48874032371569315,0.5970149253731343,0.47058823529411764,0.8163265306122449,40,45,13,9,0.4953271028037383,0.4672897196261682,0.0,0.0,0.0,0.0,0.0,0.0,0.0,0.0,0.47058823529411764,0.5909090909090908,0.0,0.794392523364486,0.205607476635514,0.4226642196704175,0
SBILIFE,2,0.75,721,80,107,2024-08-09,2025-03-12,0.4672897196261682,0.4534883720930233,0.5777777777777777,0.42391304347826086,0.9069767441860465,39,53,11,4,0.40186915887850466,0.40186915887850466,0.0,0.0,0.0,0.0,0.0,0.0,0.0,0.0,0.42391304347826086,0.7333333333333334,0.0,0.8598130841121495,0.14018691588785046,0.39273808845908537,0
SBILIFE,3,0.8,770,85,107,2024-11-13,2025-07-18,0.5887850467289719,0.6137005649717514,0.6857142857142857,0.5925925925925926,0.8135593220338984,48,33,15,11,0.5794392523364486,0.5887850467289719,0.0,0.0,0.0,0.0,0.0,0.0,0.0,0.0,0.5925925925925926,0.5769230769230769,0.0,0.7570093457943925,0.24299065420560748,1.0,0
SBILIFE,4,0.85,818,90,107,2025-03-13,2025-11-19,0.5046728971962616,0.3849765258215963,0.6580645161290323,0.6071428571428571,0.7183098591549296,51,33,3,20,0.45794392523364486,0.6635514018691588,0.0,0.0,0.0,0.0,0.0,0.0,0.0,0.0,0.6071428571428571,0.13043478260869568,0.0,0.7850467289719626,0.21495327102803738,1.0,0
SBILIFE,5,0.9,866,96,107,2025-07-21,2026-04-16,0.4672897196261682,0.5161290322580645,0.44660194174757284,0.5609756097560976,0.3709677419354839,23,18,27,39,0.514018691588785,0.42990654205607476,0.0,0.0,0.0,0.0,0.0,0.0,0.0,0.0,0.5609756097560976,0.40909090909090906,0.0,0.38317757009345793,0.616822429906542,1.0,0
SBILIFE,6,0.95,914,101,54,2025-11-20,2026-04-16,0.6111111111111112,0.6124137931034482,0.5333333333333333,0.6,0.48,12,8,21,13,0.7037037037037037,0.5370370370370371,0.0,0.0,0.0,0.0,0.0,0.0,0.0,0.0,0.6,0.6176470588235294,0.0,0.37037037037037035,0.6296296296296297,1.0,0
ICICIGI,1,0.7,656,72,104,2024-06-06,2024-12-17,0.36538461538461536,0.34921845215402214,0.37735849056603776,0.4444444444444444,0.32786885245901637,20,25,18,41,0.33653846153846156,0.3557692307692308,0.0,0.0,0.0,0.0,0.0,0.0,0.0,0.0,0.4444444444444444,0.30508474576271183,0.0,0.4326923076923077,0.5673076923076923,0.27406765029253866,0
ICICIGI,2,0.75,702,78,104,2024-09-09,2025-04-02,0.3942307692307692,0.3898567557104143,0.42201834862385323,0.3382352941176471,0.5609756097560976,23,45,18,18,0.5673076923076923,0.3942307692307692,0.0,0.0,0.0,0.0,0.0,0.0,0.0,0.0,0.3382352941176471,0.5,0.0,0.6538461538461539,0.34615384615384615,0.10000660285425449,0
ICICIGI,3,0.8,749,83,104,2024-12-19,2025-07-21,0.5769230769230769,0.53496115427303,0.6333333333333333,0.5671641791044776,0.7169811320754716,38,29,22,15,0.5192307692307693,0.5576923076923077,0.0,0.0,0.0,0.0,0.0,0.0,0.0,0.0,0.5671641791044776,0.5945945945945945,0.0,0.6442307692307693,0.3557692307692308,0.37916691331935354,0
ICICIGI,4,0.85,796,88,104,2025-04-03,2025-12-05,0.47115384615384615,0.3621901590825009,0.6153846153846154,0.4888888888888889,0.8301886792452831,44,46,5,9,0.5,0.4519230769230769,0.0,0.0,0.0,0.0,0.0,0.0,0.0,0.0,0.4888888888888889,0.3571428571428571,0.0,0.8653846153846154,0.1346153846153846,1.0,0
ICICIGI,5,0.9,843,93,104,2025-07-22,2026-04-16,0.49038461538461536,0.6067796610169491,0.5546218487394958,0.44594594594594594,0.7333333333333333,33,41,18,12,0.5769230769230769,0.4326923076923077,0.0,0.0,0.0,0.0,0.0,0.0,0.0,0.0,0.44594594594594594,0.6,0.0,0.7115384615384616,0.28846153846153844,0.18442999426589773,0
ICICIGI,6,0.95,890,98,52,2025-12-29,2026-04-16,0.6153846153846154,0.675,0.5833333333333334,0.5,0.7,14,14,18,6,0.6346153846153846,0.38461538461538464,0.0,0.0,0.0,0.0,0.0,0.0,0.0,0.0,0.5,0.75,0.0,0.5384615384615384,0.46153846153846156,1.0,0
HDFCLIFE,1,0.7,664,73,105,2024-04-25,2024-11-26,0.3904761904761905,0.3607456140350877,0.3191489361702128,0.40540540540540543,0.2631578947368421,15,22,26,42,0.45714285714285713,0.41904761904761906,0.0,0.0,0.0,0.0,0.0,0.0,0.0,0.0,0.40540540540540543,0.38235294117647056,0.0,0.3523809523809524,0.6476190476190476,0.5401930213761872,0
HDFCLIFE,2,0.75,711,78,106,2024-08-13,2025-04-04,0.4716981132075472,0.45438218390804597,0.2222222222222222,0.3333333333333333,0.16666666666666666,8,16,42,40,0.46226415094339623,0.4811320754716981,0.0,0.0,0.0,0.0,0.0,0.0,0.0,0.0,0.3333333333333333,0.5121951219512195,0.0,0.22641509433962265,0.7735849056603774,0.5231713146120404,0
HDFCLIFE,3,0.8,758,84,105,2024-11-27,2025-08-04,0.6285714285714286,0.6045918367346939,0.6355140186915887,0.6666666666666666,0.6071428571428571,34,17,32,22,0.6857142857142857,0.5333333333333333,0.0,0.0,0.0,0.0,0.0,0.0,0.0,0.0,0.6666666666666666,0.5925925925925926,0.0,0.4857142857142857,0.5142857142857142,1.3659934267298772,0
HDFCLIFE,4,0.85,806,89,105,2025-04-07,2025-12-11,0.5428571428571428,0.537280701754386,0.6190476190476191,0.5652173913043478,0.6842105263157895,39,30,18,18,0.4,0.5047619047619047,0.0,0.0,0.0,0.0,0.0,0.0,0.0,0.0,0.5652173913043478,0.5,0.0,0.6571428571428571,0.34285714285714286,1.0,0
HDFCLIFE,5,0.9,853,94,106,2025-08-05,2026-04-16,0.46226415094339623,0.454267125908917,0.3595505617977528,0.32,0.41025641025641024,16,34,33,23,0.5283018867924528,0.5471698113207547,0.0,0.0,0.0,0.0,0.0,0.0,0.0,0.0,0.32,0.5892857142857143,0.0,0.4716981132075472,0.5283018867924528,0.35611367191911986,0
HDFCLIFE,6,0.95,900,100,53,2025-12-12,2026-04-16,0.6415094339622641,0.6884615384615385,0.5128205128205128,0.38461538461538464,0.7692307692307693,10,16,24,3,0.7169811320754716,0.33962264150943394,0.0,0.0,0.0,0.0,0.0,0.0,0.0,0.0,0.38461538461538464,0.8888888888888888,0.0,0.49056603773584906,0.5094339622641509,1.0,0
MANAPPURAM,1,0.7,750,83,119,2024-04-22,2024-11-22,0.5378151260504201,0.567062818336163,0.5217391304347826,0.5172413793103449,0.5263157894736842,30,28,34,27,0.3949579831932773,0.4957983193277311,0.0,0.0,0.0,0.0,0.0,0.0,0.0,0.0,0.5172413793103449,0.5573770491803278,0.0,0.48739495798319327,0.5126050420168067,0.47305667342911983,0
MANAPPURAM,2,0.75,804,89,119,2024-08-06,2025-03-10,0.48739495798319327,0.5308747855917667,0.6013071895424836,0.5287356321839081,0.696969696969697,46,41,12,20,0.46218487394957986,0.46218487394957986,0.0,0.0,0.0,0.0,0.0,0.0,0.0,0.0,0.5287356321839081,0.375,0.0,0.7310924369747899,0.2689075630252101,0.42227478661644846,0
MANAPPURAM,3,0.8,857,95,119,2024-11-25,2025-08-01,0.6050420168067226,0.5664556962025317,0.7116564417177914,0.6904761904761905,0.7341772151898734,58,26,14,21,0.5630252100840336,0.5378151260504201,0.0,0.0,0.0,0.0,0.0,0.0,0.0,0.0,0.6904761904761905,0.4,0.0,0.7058823529411765,0.29411764705882354,0.3375669089665252,0
MANAPPURAM,4,0.85,911,101,119,2025-03-11,2025-12-01,0.4789915966386555,0.4971297359357061,0.5974025974025974,0.5287356321839081,0.6865671641791045,46,41,11,21,0.453781512605042,0.4957983193277311,0.0,0.0,0.0,0.0,0.0,0.0,0.0,0.0,0.5287356321839081,0.34375,0.0,0.7310924369747899,0.2689075630252101,0.58368877122036,0
MANAPPURAM,5,0.9,964,107,120,2025-08-04,2026-04-16,0.5333333333333333,0.5900673400673401,0.5087719298245614,0.6041666666666666,0.4393939393939394,29,19,35,37,0.5166666666666667,0.575,0.0,0.0,0.0,0.0,0.0,0.0,0.0,0.0,0.6041666666666666,0.48611111111111116,0.0,0.4,0.6,0.4045520784137022,0
MANAPPURAM,6,0.95,1018,113,60,2025-12-02,2026-04-16,0.5833333333333334,0.579185520361991,0.7058823529411765,0.5882352941176471,0.8823529411764706,30,21,5,4,0.5833333333333334,0.55,0.0,0.0,0.0,0.0,0.0,0.0,0.0,0.0,0.5882352941176471,0.5555555555555556,0.0,0.85,0.15,1.0,0
CHOLAFIN,1,0.7,747,83,118,2024-05-03,2024-12-11,0.6101694915254238,0.6082949308755761,0.6617647058823529,0.6081081081081081,0.7258064516129032,45,29,27,17,0.635593220338983,0.6101694915254238,0.0,0.0,0.0,0.0,0.0,0.0,0.0,0.0,0.6081081081081081,0.6136363636363636,0.0,0.6271186440677966,0.3728813559322034,0.7163070016183092,0
CHOLAFIN,2,0.75,801,88,119,2024-08-28,2025-04-23,0.5630252100840336,0.6256366723259763,0.59375,0.5757575757575758,0.6129032258064516,38,28,29,24,0.6302521008403361,0.5462184873949579,0.0,0.0,0.0,0.0,0.0,0.0,0.0,0.0,0.5757575757575758,0.5471698113207547,0.0,0.5546218487394958,0.44537815126050423,0.5913320055652093,0
CHOLAFIN,3,0.8,854,94,119,2024-12-12,2025-08-14,0.5714285714285714,0.5993111366245695,0.6909090909090909,0.5816326530612245,0.8507462686567164,57,41,11,10,0.5462184873949579,0.5714285714285714,0.0,0.0,0.0,0.0,0.0,0.0,0.0,0.0,0.5816326530612245,0.5238095238095238,0.0,0.8235294117647058,0.17647058823529413,0.21579374565759815,0
CHOLAFIN,4,0.85,908,100,118,2025-04-24,2025-12-12,0.576271186440678,0.6359065365276545,0.6666666666666666,0.6172839506172839,0.7246376811594203,50,31,18,19,0.5423728813559322,0.576271186440678,0.0,0.0,0.0,0.0,0.0,0.0,0.0,0.0,0.6172839506172839,0.4864864864864865,0.0,0.6864406779661016,0.3135593220338983,0.4756184188416759,0
CHOLAFIN,5,0.9,961,106,119,2025-08-19,2026-04-16,0.5462184873949579,0.5932203389830508,0.5714285714285714,0.5454545454545454,0.6,36,30,29,24,0.5714285714285714,0.5294117647058824,0.0,0.0,0.0,0.0,0.0,0.0,0.0,0.0,0.5454545454545454,0.5471698113207547,0.0,0.5546218487394958,0.44537815126050423,0.795496282341289,0
CHOLAFIN,6,0.95,1014,112,60,2025-12-15,2026-04-16,0.45,0.5231481481481481,0.45901639344262296,0.3783783783783784,0.5833333333333334,14,23,13,10,0.4666666666666667,0.4666666666666667,0.0,0.0,0.0,0.0,0.0,0.0,0.0,0.0,0.3783783783783784,0.5652173913043479,0.0,0.6166666666666667,0.38333333333333336,0.6965318989391017,0
MUTHOOTFIN,1,0.7,712,79,113,2024-03-14,2024-11-28,0.5132743362831859,0.5318780318780318,0.5528455284552846,0.6938775510204082,0.4594594594594595,34,15,24,40,0.6017699115044248,0.504424778761062,0.0,0.0,0.0,0.0,0.0,0.0,0.0,0.0,0.6938775510204082,0.375,0.0,0.4336283185840708,0.5663716814159292,0.5564877263798739,0
MUTHOOTFIN,2,0.75,764,84,113,2024-07-29,2025-03-18,0.5752212389380531,0.5593561368209256,0.6363636363636364,0.6885245901639344,0.5915492957746479,42,19,23,29,0.504424778761062,0.5575221238938053,0.0,0.0,0.0,0.0,0.0,0.0,0.0,0.0,0.6885245901639344,0.4423076923076923,0.0,0.5398230088495575,0.46017699115044247,0.6282895597186418,0
MUTHOOTFIN,3,0.8,814,90,113,2024-12-02,2025-07-25,0.6194690265486725,0.5774044795783927,0.7189542483660131,0.6547619047619048,0.7971014492753623,55,29,15,14,0.6017699115044248,0.6106194690265486,0.0,0.0,0.0,0.0,0.0,0.0,0.0,0.0,0.6547619047619048,0.5172413793103448,0.0,0.7433628318584071,0.25663716814159293,0.346992854264839,0
MUTHOOTFIN,4,0.85,865,96,113,2025-03-19,2025-11-24,0.6283185840707964,0.4972602739726027,0.7558139534883721,0.6565656565656566,0.8904109589041096,65,34,6,8,0.6106194690265486,0.6460176991150443,0.0,0.0,0.0,0.0,0.0,0.0,0.0,0.0,0.6565656565656566,0.4285714285714286,0.0,0.8761061946902655,0.12389380530973451,0.6554321916496306,0
MUTHOOTFIN,5,0.9,916,101,114,2025-08-04,2026-04-10,0.6140350877192983,0.552898788077301,0.7441860465116279,0.6336633663366337,0.9014084507042254,64,37,6,7,0.6403508771929824,0.6140350877192983,0.0,0.0,0.0,0.0,0.0,0.0,0.0,0.0,0.6336633663366337,0.46153846153846156,0.0,0.8859649122807017,0.11403508771929824,0.5794868608666848,0
MUTHOOTFIN,6,0.95,967,107,57,2025-11-25,2026-04-10,0.543859649122807,0.6477832512315271,0.675,0.5192307692307693,0.9642857142857143,27,25,4,1,0.5263157894736842,0.5263157894736842,0.0,0.0,0.0,0.0,0.0,0.0,0.0,0.0,0.5192307692307693,0.8,0.0,0.9122807017543859,0.08771929824561403,0.7461011458074446,0
HCLTECH,1,0.7,671,74,107,2024-05-06,2024-12-09,0.7009345794392523,0.5740740740740741,0.8117647058823529,0.7752808988764045,0.8518518518518519,69,20,6,12,0.6915887850467289,0.7570093457943925,0.0,0.0,0.0,0.0,0.0,0.0,0.0,0.0,0.7752808988764045,0.33333333333333337,0.0,0.8317757009345794,0.16822429906542055,0.45724686009349136,0
HCLTECH,2,0.75,719,79,107,2024-08-20,2025-04-09,0.5233644859813084,0.516185784658691,0.6709677419354839,0.5360824742268041,0.896551724137931,52,45,4,6,0.5233644859813084,0.5420560747663551,0.0,0.0,0.0,0.0,0.0,0.0,0.0,0.0,0.5360824742268041,0.4,0.0,0.9065420560747663,0.09345794392523364,0.37119214494026864,0
HCLTECH,3,0.8,767,85,106,2024-12-11,2025-08-21,0.46226415094339623,0.4007285974499089,0.5899280575539568,0.43617021276595747,0.9111111111111111,41,53,8,4,0.39622641509433965,0.46226415094339623,0.0,0.0,0.0,0.0,0.0,0.0,0.0,0.0,0.43617021276595747,0.6666666666666667,0.0,0.8867924528301887,0.11320754716981132,0.34123259783572896,0
HCLTECH,4,0.85,815,90,106,2025-04-16,2025-12-12,0.5660377358490566,0.48633879781420764,0.7228915662650602,0.5714285714285714,0.9836065573770492,60,45,0,1,0.5377358490566038,0.5566037735849056,0.0,0.0,0.0,0.0,0.0,0.0,0.0,0.0,0.5714285714285714,0.0,0.0,0.9905660377358491,0.009433962264150943,1.0,0
HCLTECH,5,0.9,863,95,107,2025-08-25,2026-04-16,0.5233644859813084,0.5428070175438596,0.6871165644171779,0.5283018867924528,0.9824561403508771,56,50,0,1,0.5327102803738317,0.5327102803738317,0.0,0.0,0.0,0.0,0.0,0.0,0.0,0.0,0.5283018867924528,0.0,0.0,0.9906542056074766,0.009345794392523364,1.0,0
HCLTECH,6,0.95,910,101,54,2025-12-16,2026-04-16,0.46296296296296297,0.5901875901875901,0.5915492957746479,0.42,1.0,21,29,4,0,0.42592592592592593,0.5,0.0,0.0,0.0,0.0,0.0,0.0,0.0,0.0,0.42,1.0,0.0,0.9259259259259259,0.07407407407407407,0.7351174402681753,0
INFY,1,0.7,687,76,109,2024-05-31,2024-12-23,0.44954128440366975,0.3406226834692365,0.5652173913043478,0.582089552238806,0.5492957746478874,39,28,10,32,0.48623853211009177,0.3486238532110092,0.0,0.0,0.0,0.0,0.0,0.0,0.0,0.0,0.582089552238806,0.23809523809523814,0.0,0.6146788990825688,0.3853211009174312,0.25953225693426163,0
INFY,2,0.75,737,81,109,2024-09-09,2025-04-24,0.46788990825688076,0.5274536719286205,0.546875,0.43209876543209874,0.7446808510638298,35,46,16,12,0.47706422018348627,0.5688073394495413,0.0,0.0,0.0,0.0,0.0,0.0,0.0,0.0,0.43209876543209874,0.5714285714285714,0.0,0.7431192660550459,0.25688073394495414,1.0,0
INFY,3,0.8,785,87,109,2024-12-24,2025-08-21,0.48623853211009177,0.4857142857142857,0.5254237288135594,0.4492753623188406,0.6326530612244898,31,38,22,18,0.42201834862385323,0.5504587155963303,0.0,0.0,0.0,0.0,0.0,0.0,0.0,0.0,0.4492753623188406,0.55,0.0,0.6330275229357798,0.3669724770642202,1.0,0
INFY,4,0.85,835,92,109,2025-04-25,2025-12-10,0.44036697247706424,0.48067796610169494,0.5413533834586466,0.4864864864864865,0.6101694915254238,36,38,12,23,0.5596330275229358,0.3944954128440367,0.0,0.0,0.0,0.0,0.0,0.0,0.0,0.0,0.4864864864864865,0.34285714285714286,0.0,0.6788990825688074,0.3211009174311927,0.6411316829588526,0
INFY,5,0.9,883,98,110,2025-08-25,2026-04-16,0.45454545454545453,0.49107142857142855,0.5774647887323944,0.4659090909090909,0.7592592592592593,41,47,9,13,0.43636363636363634,0.4727272727272727,0.0,0.0,0.0,0.0,0.0,0.0,0.0,0.0,0.4659090909090909,0.40909090909090906,0.0,0.8,0.2,0.3807210137876172,0
INFY,6,0.95,933,103,55,2025-12-11,2026-04-16,0.4727272727272727,0.4889807162534435,0.5245901639344263,0.41025641025641024,0.7272727272727273,16,23,10,6,0.38181818181818183,0.45454545454545453,0.0,0.0,0.0,0.0,0.0,0.0,0.0,0.0,0.41025641025641024,0.625,0.0,0.7090909090909091,0.2909090909090909,1.0,0
TCS,1,0.7,657,73,105,2024-04-10,2024-12-11,0.5523809523809524,0.5740203193033382,0.5982905982905983,0.5384615384615384,0.6730769230769231,35,30,23,17,0.580952380952381,0.580952380952381,0.0,0.0,0.0,0.0,0.0,0.0,0.0,0.0,0.5384615384615384,0.575,0.0,0.6190476190476191,0.38095238095238093,0.6151271929837548,0
TCS,2,0.75,705,78,104,2024-07-31,2025-03-27,0.5961538461538461,0.620703933747412,0.5,0.42857142857142855,0.6,21,28,41,14,0.5769230769230769,0.6442307692307693,0.0,0.0,0.0,0.0,0.0,0.0,0.0,0.0,0.42857142857142855,0.7454545454545455,0.0,0.47115384615384615,0.5288461538461539,0.3001664555208637,0
TCS,3,0.8,752,83,104,2024-12-12,2025-08-04,0.5192307692307693,0.615451388888889,0.4897959183673469,0.36363636363636365,0.75,24,42,30,8,0.4519230769230769,0.5288461538461539,0.0,0.0,0.0,0.0,0.0,0.0,0.0,0.0,0.36363636363636365,0.7894736842105263,0.0,0.6346153846153846,0.36538461538461536,0.38061239367323807,0
TCS,4,0.85,799,88,104,2025-03-28,2025-12-01,0.5096153846153846,0.5527192008879024,0.5714285714285714,0.5,0.6666666666666666,34,34,19,17,0.5,0.5,0.0,0.0,0.0,0.0,0.0,0.0,0.0,0.0,0.5,0.5277777777777778,0.0,0.6538461538461539,0.34615384615384615,0.3795528090687063,0
TCS,5,0.9,846,93,105,2025-08-12,2026-04-16,0.41904761904761906,0.4067982456140351,0.3146067415730337,0.34146341463414637,0.2916666666666667,14,27,30,34,0.42857142857142855,0.5428571428571428,0.0,0.0,0.0,0.0,0.0,0.0,0.0,0.0,0.34146341463414637,0.46875,0.0,0.3904761904761905,0.6095238095238096,0.21499003418657586,0
TCS,6,0.95,892,99,53,2025-12-02,2026-04-16,0.2641509433962264,0.22297297297297297,0.13333333333333333,0.10344827586206896,0.1875,3,26,11,13,0.2641509433962264,0.39622641509433965,0.0,0.0,0.0,0.0,0.0,0.0,0.0,0.0,0.10344827586206896,0.45833333333333337,0.0,0.5471698113207547,0.4528301886792453,1.0,0
TECHM,1,0.7,688,76,109,2024-03-28,2024-11-08,0.6605504587155964,0.5922249793217534,0.783625730994152,0.7204301075268817,0.8589743589743589,67,26,5,11,0.6238532110091743,0.41284403669724773,0.0,0.0,0.0,0.0,0.0,0.0,0.0,0.0,0.7204301075268817,0.3125,0.0,0.8532110091743119,0.14678899082568808,0.3017450194539369,0
TECHM,2,0.75,738,81,109,2024-07-23,2025-04-04,0.4954128440366973,0.570655848546315,0.5925925925925926,0.47619047619047616,0.7843137254901961,40,44,14,11,0.5412844036697247,0.5321100917431193,0.0,0.0,0.0,0.0,0.0,0.0,0.0,0.0,0.47619047619047616,0.56,0.0,0.7706422018348624,0.22935779816513763,1.0,0
TECHM,3,0.8,786,87,109,2024-11-13,2025-07-29,0.48623853211009177,0.5415785764622975,0.5483870967741935,0.41975308641975306,0.7906976744186046,34,47,19,9,0.48623853211009177,0.6055045871559633,0.0,0.0,0.0,0.0,0.0,0.0,0.0,0.0,0.41975308641975306,0.6785714285714286,0.0,0.7431192660550459,0.25688073394495414,1.0,0
TECHM,4,0.85,836,92,109,2025-04-07,2025-12-08,0.5229357798165137,0.4604166666666667,0.6666666666666666,0.5652173913043478,0.8125,52,40,5,12,0.5229357798165137,0.5871559633027523,0.0,0.0,0.0,0.0,0.0,0.0,0.0,0.0,0.5652173913043478,0.2941176470588235,0.0,0.8440366972477065,0.1559633027522936,1.0,0
TECHM,5,0.9,884,98,110,2025-07-31,2026-04-16,0.5454545454545454,0.45880341880341885,0.6835443037974683,0.5806451612903226,0.8307692307692308,54,39,6,11,0.5,0.5909090909090909,0.0,0.0,0.0,0.0,0.0,0.0,0.0,0.0,0.5806451612903226,0.3529411764705882,0.0,0.8454545454545455,0.15454545454545454,1.0,0
TECHM,6,0.95,934,103,55,2025-12-09,2026-04-16,0.41818181818181815,0.4827586206896552,0.5151515151515151,0.4594594594594595,0.5862068965517241,17,20,6,12,0.5272727272727272,0.5272727272727272,0.0,0.0,0.0,0.0,0.0,0.0,0.0,0.0,0.4594594594594595,0.33333333333333337,0.0,0.6727272727272727,0.32727272727272727,0.7921311162269923,0
WIPRO,1,0.7,691,76,109,2024-05-08,2024-12-12,0.5412844036697247,0.5324324324324324,0.5901639344262295,0.75,0.4864864864864865,36,12,23,38,0.6238532110091743,0.44954128440366975,0.0,0.0,0.0,0.0,0.0,0.0,0.0,0.0,0.75,0.3770491803278688,0.0,0.44036697247706424,0.5596330275229358,0.669194145142784,0
WIPRO,2,0.75,740,82,109,2024-08-22,2025-04-16,0.5963302752293578,0.6133603238866396,0.6944444444444444,0.5747126436781609,0.8771929824561403,50,37,15,7,0.5045871559633027,0.5321100917431193,0.0,0.0,0.0,0.0,0.0,0.0,0.0,0.0,0.5747126436781609,0.6818181818181819,0.0,0.7981651376146789,0.2018348623853211,0.15375197392711276,0
WIPRO,3,0.8,789,87,110,2024-12-13,2025-08-19,0.5181818181818182,0.48328368090036417,0.5619834710743802,0.5,0.6415094339622641,34,34,23,19,0.5272727272727272,0.5181818181818182,0.0,0.0,0.0,0.0,0.0,0.0,0.0,0.0,0.5,0.5476190476190477,0.0,0.6181818181818182,0.38181818181818183,1.0,0
WIPRO,4,0.85,838,93,110,2025-04-17,2025-12-17,0.4636363636363636,0.42642857142857143,0.528,0.6,0.4714285714285714,33,22,18,37,0.4818181818181818,0.41818181818181815,0.0,0.0,0.0,0.0,0.0,0.0,0.0,0.0,0.6,0.32727272727272727,0.0,0.5,0.5,0.42780862209655524,0
WIPRO,5,0.9,888,98,110,2025-08-25,2026-04-16,0.5363636363636364,0.4995014955134597,0.4631578947368421,0.5,0.43137254901960786,22,22,37,29,0.44545454545454544,0.5272727272727272,0.0,0.0,0.0,0.0,0.0,0.0,0.0,0.0,0.5,0.5606060606060606,0.0,0.4,0.6,1.0,0
WIPRO,6,0.95,937,104,55,2025-12-22,2026-04-16,0.5636363636363636,0.6114982578397212,0.45454545454545453,0.3333333333333333,0.7142857142857143,10,20,21,4,0.45454545454545453,0.7454545454545455,0.0,0.0,0.0,0.0,0.0,0.0,0.0,0.0,0.3333333333333333,0.84,0.0,0.5454545454545454,0.45454545454545453,1.0,0
LTIM,1,0.7,714,79,113,2024-04-05,2024-11-13,0.5132743362831859,0.46666666666666673,0.6666666666666666,0.5670103092783505,0.8088235294117647,55,42,3,13,0.5398230088495575,0.5221238938053098,0.0,0.0,0.0,0.0,0.0,0.0,0.0,0.0,0.5670103092783505,0.1875,0.0,0.8584070796460177,0.1415929203539823,0.7546226094190038,0
LTIM,2,0.75,765,84,114,2024-08-01,2025-03-19,0.5526315789473685,0.6634852216748769,0.6871165644171779,0.5233644859813084,1.0,56,51,7,0,0.5526315789473685,0.5789473684210527,0.0,0.0,0.0,0.0,0.0,0.0,0.0,0.0,0.5233644859813084,1.0,0.0,0.9385964912280702,0.06140350877192982,1.0,0
LTIM,3,0.8,816,90,113,2024-11-14,2025-08-06,0.6106194690265486,0.6688637790332705,0.6901408450704225,0.5903614457831325,0.8305084745762712,49,34,20,10,0.6460176991150443,0.6017699115044248,0.0,0.0,0.0,0.0,0.0,0.0,0.0,0.0,0.5903614457831325,0.6666666666666667,0.0,0.7345132743362832,0.26548672566371684,0.5722546327042424,0
LTIM,4,0.85,867,96,113,2025-03-20,2025-11-27,0.6548672566371682,0.5667388167388168,0.7868852459016393,0.6792452830188679,0.935064935064935,72,34,2,5,0.7079646017699115,0.6814159292035398,0.0,0.0,0.0,0.0,0.0,0.0,0.0,0.0,0.6792452830188679,0.2857142857142857,0.0,0.9380530973451328,0.061946902654867256,1.0,0
LTIM,5,0.9,918,101,114,2025-08-07,2026-04-16,0.5263157894736842,0.5143120960295475,0.6625,0.5145631067961165,0.9298245614035088,53,50,7,4,0.5263157894736842,0.5350877192982456,0.0,0.0,0.0,0.0,0.0,0.0,0.0,0.0,0.5145631067961165,0.6363636363636364,0.0,0.9035087719298246,0.09649122807017543,1.0,0
LTIM,6,0.95,969,107,57,2025-12-01,2026-04-16,0.45614035087719296,0.5730897009966777,0.39215686274509803,0.2702702702702703,0.7142857142857143,10,27,16,4,0.5263157894736842,0.6140350877192983,0.0,0.0,0.0,0.0,0.0,0.0,0.0,0.0,0.2702702702702703,0.8,0.0,0.6491228070175439,0.3508771929824561,0.5869836946644109,0
MPHASIS,1,0.7,728,80,116,2024-04-15,2024-12-13,0.5603448275862069,0.6065217391304348,0.6433566433566433,0.6301369863013698,0.6571428571428571,46,27,19,24,0.6120689655172413,0.5775862068965517,0.0,0.0,0.0,0.0,0.0,0.0,0.0,0.0,0.6301369863013698,0.4418604651162791,0.0,0.6293103448275862,0.3706896551724138,0.540678670022444,0
MPHASIS,2,0.75,780,86,115,2024-08-21,2025-03-28,0.43478260869565216,0.4690237797246559,0.5454545454545454,0.40625,0.8297872340425532,39,57,11,8,0.46956521739130436,0.41739130434782606,0.0,0.0,0.0,0.0,0.0,0.0,0.0,0.0,0.40625,0.5789473684210527,0.0,0.8347826086956521,0.16521739130434782,0.44920012868322207,0
MPHASIS,3,0.8,832,92,115,2024-12-16,2025-08-04,0.3652173913043478,0.32897139379184415,0.48226950354609927,0.38636363636363635,0.6415094339622641,34,54,8,19,0.48695652173913045,0.5391304347826087,0.0,0.0,0.0,0.0,0.0,0.0,0.0,0.0,0.38636363636363635,0.2962962962962963,0.0,0.7652173913043478,0.23478260869565218,1.0,0
MPHASIS,4,0.85,883,98,116,2025-04-02,2025-12-05,0.5086206896551724,0.4338509316770186,0.6503067484662577,0.5698924731182796,0.7571428571428571,53,40,6,17,0.5517241379310345,0.49137931034482757,0.0,0.0,0.0,0.0,0.0,0.0,0.0,0.0,0.5698924731182796,0.26086956521739135,0.0,0.8017241379310345,0.19827586206896552,1.0,0
MPHASIS,5,0.9,936,103,116,2025-08-06,2026-04-16,0.5517241379310345,0.5552884615384616,0.5517241379310345,0.5,0.6153846153846154,32,32,32,20,0.4827586206896552,0.5517241379310345,0.0,0.0,0.0,0.0,0.0,0.0,0.0,0.0,0.5,0.6153846153846154,0.0,0.5517241379310345,0.4482758620689655,1.0,0
MPHASIS,6,0.95,988,109,58,2025-12-16,2026-04-16,0.3793103448275862,0.48923959827833574,0.35714285714285715,0.2564102564102564,0.5882352941176471,10,29,12,7,0.3793103448275862,0.6206896551724138,0.0,0.0,0.0,0.0,0.0,0.0,0.0,0.0,0.2564102564102564,0.631578947368421,0.0,0.6724137931034483,0.3275862068965517,1.0,0
PERSISTENT,1,0.7,730,81,116,2024-05-10,2024-12-17,0.6982758620689655,0.5053507728894173,0.8167539267015707,0.75,0.896551724137931,78,26,3,9,0.7327586206896551,0.5689655172413793,0.0,0.0,0.0,0.0,0.0,0.0,0.0,0.0,0.75,0.25,0.0,0.896551724137931,0.10344827586206896,0.599159239925204,0
PERSISTENT,2,0.75,783,86,116,2024-08-28,2025-04-07,0.5431034482758621,0.5765199161425576,0.6580645161290323,0.5543478260869565,0.8095238095238095,51,41,12,12,0.49137931034482757,0.5431034482758621,0.0,0.0,0.0,0.0,0.0,0.0,0.0,0.0,0.5543478260869565,0.5,0.0,0.7931034482758621,0.20689655172413793,0.7705539116134311,0
PERSISTENT,3,0.8,835,92,116,2024-12-18,2025-08-08,0.4482758620689655,0.4941877794336811,0.5733333333333334,0.45263157894736844,0.7818181818181819,43,52,9,12,0.43103448275862066,0.4827586206896552,0.0,0.0,0.0,0.0,0.0,0.0,0.0,0.0,0.45263157894736844,0.4285714285714286,0.0,0.8189655172413793,0.1810344827586207,0.5002234153208224,0
PERSISTENT,4,0.85,887,98,116,2025-04-08,2025-12-16,0.5344827586206896,0.3990243902439024,0.6896551724137931,0.6060606060606061,0.8,60,39,2,15,0.5775862068965517,0.4827586206896552,0.0,0.0,0.0,0.0,0.0,0.0,0.0,0.0,0.6060606060606061,0.11764705882352944,0.0,0.853448275862069,0.14655172413793102,0.3749456564215627,0
PERSISTENT,5,0.9,939,104,116,2025-08-11,2026-04-16,0.5862068965517241,0.5375565610859728,0.7108433734939759,0.5841584158415841,0.9076923076923077,59,42,9,6,0.5775862068965517,0.4396551724137931,0.0,0.0,0.0,0.0,0.0,0.0,0.0,0.0,0.5841584158415841,0.6,0.0,0.8706896551724138,0.12931034482758622,1.0,0
PERSISTENT,6,0.95,991,110,58,2025-12-17,2026-04-16,0.5517241379310345,0.546583850931677,0.6285714285714286,0.46808510638297873,0.9565217391304348,22,25,10,1,0.5689655172413793,0.5517241379310345,0.0,0.0,0.0,0.0,0.0,0.0,0.0,0.0,0.46808510638297873,0.9090909090909091,0.0,0.8103448275862069,0.1896551724137931,0.8483476524767373,0
COFORGE,1,0.7,757,84,120,2024-05-14,2024-12-27,0.6333333333333333,0.5217996289424861,0.7582417582417582,0.8214285714285714,0.7040816326530612,69,15,7,29,0.7416666666666667,0.5416666666666666,0.0,0.0,0.0,0.0,0.0,0.0,0.0,0.0,0.8214285714285714,0.19444444444444442,0.0,0.7,0.3,0.46470039921575806,0
COFORGE,2,0.75,811,90,120,2024-09-04,2025-04-22,0.5833333333333334,0.6307199067327309,0.6753246753246753,0.6419753086419753,0.7123287671232876,52,29,18,21,0.6166666666666667,0.6416666666666667,0.0,0.0,0.0,0.0,0.0,0.0,0.0,0.0,0.6419753086419753,0.46153846153846156,0.0,0.675,0.325,0.43748111383713073,0
COFORGE,3,0.8,865,96,120,2024-12-30,2025-08-08,0.5,0.5415393164767991,0.6,0.4945054945054945,0.7627118644067796,45,46,15,14,0.475,0.525,0.0,0.0,0.0,0.0,0.0,0.0,0.0,0.0,0.4945054945054945,0.5172413793103448,0.0,0.7583333333333333,0.24166666666666667,0.6470522887075101,0
COFORGE,4,0.85,919,102,120,2025-04-23,2025-12-05,0.6416666666666667,0.49572649572649574,0.7772020725388601,0.6521739130434783,0.9615384615384616,75,40,2,3,0.625,0.6333333333333333,0.0,0.0,0.0,0.0,0.0,0.0,0.0,0.0,0.6521739130434783,0.4,0.0,0.9583333333333334,0.041666666666666664,0.6879174080115176,0
COFORGE,5,0.9,973,108,121,2025-08-11,2026-04-16,0.4793388429752066,0.5043739748496445,0.6440677966101694,0.4956521739130435,0.9193548387096774,57,58,1,5,0.5619834710743802,0.512396694214876,0.0,0.0,0.0,0.0,0.0,0.0,0.0,0.0,0.4956521739130435,0.16666666666666663,0.0,0.9504132231404959,0.049586776859504134,1.0,0
COFORGE,6,0.95,1027,114,61,2025-12-08,2026-04-16,0.36065573770491804,0.4107142857142857,0.43478260869565216,0.3125,0.7142857142857143,15,33,7,6,0.4098360655737705,0.5081967213114754,0.0,0.0,0.0,0.0,0.0,0.0,0.0,0.0,0.3125,0.5384615384615384,0.0,0.7868852459016393,0.21311475409836064,0.43556782158010765,0
OFSS,1,0.7,695,77,110,2024-06-05,2025-01-01,0.5545454545454546,0.5866018743491843,0.5882352941176471,0.6730769230769231,0.5223880597014925,35,17,26,32,0.5363636363636364,0.5636363636363636,0.0,0.0,0.0,0.0,0.0,0.0,0.0,0.0,0.6730769230769231,0.4482758620689655,0.0,0.4727272727272727,0.5272727272727272,0.675407573674156,0
OFSS,2,0.75,745,82,110,2024-09-17,2025-04-09,0.38181818181818183,0.43452380952380953,0.5526315789473685,0.38181818181818183,1.0,42,68,0,0,0.39090909090909093,0.38181818181818183,0.0,0.0,0.0,0.0,0.0,0.0,0.0,0.0,0.38181818181818183,0.0,0.0,1.0,0.0,0.10000660285425449,0
OFSS,3,0.8,794,88,110,2025-01-03,2025-08-04,0.36363636363636365,0.3672335994446373,0.5,0.36082474226804123,0.813953488372093,35,62,5,8,0.44545454545454544,0.39090909090909093,0.0,0.0,0.0,0.0,0.0,0.0,0.0,0.0,0.36082474226804123,0.3846153846153846,0.0,0.8818181818181818,0.11818181818181818,0.6611024738719954,0
OFSS,4,0.85,844,93,110,2025-04-16,2025-12-12,0.41818181818181815,0.3760330578512397,0.5492957746478874,0.3979591836734694,0.8863636363636364,39,59,7,5,0.42727272727272725,0.4,0.0,0.0,0.0,0.0,0.0,0.0,0.0,0.0,0.3979591836734694,0.5833333333333333,0.0,0.8909090909090909,0.10909090909090909,1.0,0
OFSS,5,0.9,893,99,111,2025-08-08,2026-04-16,0.40540540540540543,0.47584541062801927,0.42105263157894735,0.3333333333333333,0.5714285714285714,24,48,21,18,0.5045045045045045,0.3783783783783784,0.0,0.0,0.0,0.0,0.0,0.0,0.0,0.0,0.3333333333333333,0.5384615384615384,0.0,0.6486486486486487,0.35135135135135137,1.0,0
OFSS,6,0.95,943,104,56,2025-12-15,2026-04-16,0.5357142857142857,0.5423076923076924,0.4583333333333333,0.5,0.4230769230769231,11,11,19,15,0.5,0.5,0.0,0.0,0.0,0.0,0.0,0.0,0.0,0.0,0.5,0.5588235294117647,0.0,0.39285714285714285,0.6071428571428571,0.18034796018775281,0
TATAELXSI,1,0.7,712,79,113,2024-04-24,2024-12-30,0.5486725663716814,0.6283997469955724,0.5785123966942148,0.5,0.6862745098039216,35,35,27,16,0.5132743362831859,0.5752212389380531,0.0,0.0,0.0,0.0,0.0,0.0,0.0,0.0,0.5,0.627906976744186,0.0,0.6194690265486725,0.3805309734513274,0.5414390191730015,0
TATAELXSI,2,0.75,764,84,113,2024-09-18,2025-05-05,0.6548672566371682,0.5852390852390852,0.4,0.5,0.3333333333333333,13,13,61,26,0.5309734513274337,0.6460176991150443,0.0,0.0,0.0,0.0,0.0,0.0,0.0,0.0,0.5,0.7011494252873562,0.0,0.23008849557522124,0.7699115044247787,1.0,0
TATAELXSI,3,0.8,814,90,113,2024-12-31,2025-08-29,0.4247787610619469,0.4867109634551496,0.4881889763779528,0.36904761904761907,0.7209302325581395,31,53,17,12,0.48672566371681414,0.45132743362831856,0.0,0.0,0.0,0.0,0.0,0.0,0.0,0.0,0.36904761904761907,0.5862068965517242,0.0,0.7433628318584071,0.25663716814159293,0.7406110523568314,0
TATAELXSI,4,0.85,865,96,113,2025-05-06,2025-12-18,0.4336283185840708,0.4935107073329007,0.5076923076923077,0.39285714285714285,0.717391304347826,33,51,16,13,0.4336283185840708,0.5221238938053098,0.0,0.0,0.0,0.0,0.0,0.0,0.0,0.0,0.39285714285714285,0.5517241379310345,0.0,0.7433628318584071,0.25663716814159293,0.1538524514678922,0
TATAELXSI,5,0.9,916,101,114,2025-09-01,2026-04-16,0.5350877192982456,0.5710978835978836,0.5225225225225225,0.42028985507246375,0.6904761904761905,29,40,32,13,0.38596491228070173,0.631578947368421,0.0,0.0,0.0,0.0,0.0,0.0,0.0,0.0,0.42028985507246375,0.7111111111111111,0.0,0.6052631578947368,0.39473684210526316,0.14635819731577424,0
TATAELXSI,6,0.95,967,107,57,2025-12-19,2026-04-16,0.5964912280701754,0.4529411764705882,0.3783783783783784,0.35,0.4117647058823529,7,13,27,10,0.22807017543859648,0.7017543859649122,0.0,0.0,0.0,0.0,0.0,0.0,0.0,0.0,0.35,0.7297297297297297,0.0,0.3508771929824561,0.6491228070175439,1.0,0
NAUKRI,1,0.7,841,93,134,2023-12-21,2024-10-04,0.6791044776119403,0.3956815114709852,0.8,0.7166666666666667,0.9052631578947369,86,34,5,9,0.664179104477612,0.6492537313432836,0.0,0.0,0.0,0.0,0.0,0.0,0.0,0.0,0.7166666666666667,0.3571428571428571,0.0,0.8955223880597015,0.1044776119402985,0.5642248695161537,0
NAUKRI,2,0.75,901,100,133,2024-05-15,2025-02-06,0.556390977443609,0.5034013605442177,0.650887573964497,0.6470588235294118,0.6547619047619048,55,30,19,29,0.6390977443609023,0.3684210526315789,0.0,0.0,0.0,0.0,0.0,0.0,0.0,0.0,0.6470588235294118,0.39583333333333337,0.0,0.6390977443609023,0.3609022556390977,1.0,0
NAUKRI,3,0.8,962,106,133,2024-10-07,2025-06-30,0.5413533834586466,0.5346083788706739,0.5960264900662252,0.5,0.7377049180327869,45,45,27,16,0.5037593984962406,0.5413533834586466,0.0,0.0,0.0,0.0,0.0,0.0,0.0,0.0,0.5,0.627906976744186,0.0,0.6766917293233082,0.3233082706766917,0.31646168503201905,0
NAUKRI,4,0.85,1021,113,134,2025-02-07,2025-11-17,0.4925373134328358,0.617059891107078,0.6263736263736264,0.4596774193548387,0.9827586206896551,57,67,9,1,0.5074626865671642,0.5298507462686567,0.0,0.0,0.0,0.0,0.0,0.0,0.0,0.0,0.4596774193548387,0.9,0.0,0.9253731343283582,0.07462686567164178,0.42130886911843674,0
NAUKRI,5,0.9,1081,120,134,2025-07-03,2026-04-16,0.4253731343283582,0.5335365853658536,0.5549132947976878,0.39669421487603307,0.9230769230769231,48,73,9,4,0.4626865671641791,0.373134328358209,0.0,0.0,0.0,0.0,0.0,0.0,0.0,0.0,0.39669421487603307,0.6923076923076923,0.0,0.9029850746268657,0.09701492537313433,0.24162688017367323,0
NAUKRI,6,0.95,1142,126,67,2025-11-19,2026-04-16,0.44776119402985076,0.5355731225296443,0.5066666666666667,0.36538461538461536,0.8260869565217391,19,33,11,4,0.3283582089552239,0.34328358208955223,0.0,0.0,0.0,0.0,0.0,0.0,0.0,0.0,0.36538461538461536,0.7333333333333334,0.0,0.7761194029850746,0.22388059701492538,1.0,0
MARUTI,1,0.7,658,73,105,2024-03-18,2024-11-07,0.5619047619047619,0.5876363636363636,0.4523809523809524,0.5588235294117647,0.38,19,15,40,31,0.5714285714285714,0.5904761904761905,0.0,0.0,0.0,0.0,0.0,0.0,0.0,0.0,0.5588235294117647,0.5633802816901409,0.0,0.3238095238095238,0.6761904761904762,0.541820359467556,0
MARUTI,2,0.75,705,78,105,2024-07-23,2025-03-24,0.5142857142857142,0.5946941783345615,0.48484848484848486,0.4528301886792453,0.5217391304347826,24,29,30,22,0.6,0.5714285714285714,0.0,0.0,0.0,0.0,0.0,0.0,0.0,0.0,0.4528301886792453,0.5769230769230769,0.0,0.5047619047619047,0.49523809523809526,0.5283641517418575,0
MARUTI,3,0.8,753,83,104,2024-11-08,2025-08-08,0.625,0.6101190476190477,0.7153284671532847,0.6049382716049383,0.875,49,32,16,7,0.5673076923076923,0.6057692307692307,0.0,0.0,0.0,0.0,0.0,0.0,0.0,0.0,0.6049382716049383,0.6956521739130435,0.0,0.7788461538461539,0.22115384615384615,0.4983585586864215,0
MARUTI,4,0.85,800,88,104,2025-03-25,2025-12-16,0.4519230769230769,0.415632183908046,0.544,0.68,0.4533333333333333,34,16,13,41,0.4326923076923077,0.49038461538461536,0.0,0.0,0.0,0.0,0.0,0.0,0.0,0.0,0.68,0.2407407407407407,0.0,0.4807692307692308,0.5192307692307693,1.1884390473903157,0
MARUTI,5,0.9,846,94,105,2025-08-11,2026-04-16,0.44761904761904764,0.5051851851851852,0.40816326530612246,0.5263157894736842,0.3333333333333333,20,18,27,40,0.44761904761904764,0.42857142857142855,0.0,0.0,0.0,0.0,0.0,0.0,0.0,0.0,0.5263157894736842,0.4029850746268657,0.0,0.3619047619047619,0.638095238095238,0.28124519596508857,0
MARUTI,6,0.95,893,99,53,2025-12-17,2026-04-16,0.5283018867924528,0.5825396825396826,0.5098039215686274,0.3939393939393939,0.7222222222222222,13,20,15,5,0.5283018867924528,0.660377358490566,0.0,0.0,0.0,0.0,0.0,0.0,0.0,0.0,0.3939393939393939,0.75,0.0,0.6226415094339622,0.37735849056603776,1.0,0
HEROMOTOCO,1,0.7,702,77,111,2024-05-29,2025-01-14,0.4774774774774775,0.59508547008547,0.5166666666666667,0.38271604938271603,0.7948717948717948,31,50,22,8,0.6306306306306306,0.35135135135135137,0.0,0.0,0.0,0.0,0.0,0.0,0.0,0.0,0.38271604938271603,0.7333333333333334,0.0,0.7297297297297297,0.2702702702702703,0.19502077637482637,0
HEROMOTOCO,2,0.75,751,83,112,2024-09-23,2025-05-09,0.3392857142857143,0.5252032520325203,0.4126984126984127,0.2708333333333333,0.8666666666666667,26,70,12,4,0.39285714285714285,0.39285714285714285,0.0,0.0,0.0,0.0,0.0,0.0,0.0,0.0,0.2708333333333333,0.75,0.0,0.8571428571428571,0.14285714285714285,0.37057728413745794,0
HEROMOTOCO,3,0.8,801,89,111,2025-01-15,2025-08-26,0.5675675675675675,0.566468253968254,0.7142857142857143,0.5714285714285714,0.9523809523809523,60,45,3,3,0.5495495495495496,0.5675675675675675,0.0,0.0,0.0,0.0,0.0,0.0,0.0,0.0,0.5714285714285714,0.5,0.0,0.9459459459459459,0.05405405405405406,1.0,0
HEROMOTOCO,4,0.85,852,94,111,2025-05-12,2025-12-16,0.5855855855855856,0.6176673567977915,0.6290322580645161,0.7090909090909091,0.5652173913043478,39,16,26,30,0.5585585585585585,0.6216216216216216,0.0,0.0,0.0,0.0,0.0,0.0,0.0,0.0,0.7090909090909091,0.4642857142857143,0.0,0.4954954954954955,0.5045045045045045,1.0,0
HEROMOTOCO,5,0.9,901,100,112,2025-08-29,2026-04-16,0.4732142857142857,0.45419479267116686,0.42718446601941745,0.4230769230769231,0.43137254901960786,22,30,31,29,0.44642857142857145,0.45535714285714285,0.0,0.0,0.0,0.0,0.0,0.0,0.0,0.0,0.4230769230769231,0.5166666666666666,0.0,0.4642857142857143,0.5357142857142857,0.5966428444587016,0
HEROMOTOCO,6,0.95,952,105,56,2025-12-17,2026-04-16,0.6785714285714286,0.5647226173541963,0.47058823529411764,0.5333333333333333,0.42105263157894735,8,7,30,11,0.4107142857142857,0.6607142857142857,0.0,0.0,0.0,0.0,0.0,0.0,0.0,0.0,0.5333333333333333,0.7317073170731707,0.0,0.26785714285714285,0.7321428571428571,1.0,0
BAJAJ-AUTO,1,0.7,658,73,105,2024-05-10,2024-12-17,0.41904761904761906,0.2985454545454545,0.5611510791366906,0.4642857142857143,0.7090909090909091,39,45,5,16,0.3333333333333333,0.5142857142857142,0.0,0.0,0.0,0.0,0.0,0.0,0.0,0.0,0.4642857142857143,0.23809523809523814,0.0,0.8,0.2,0.31443335360606794,0
BAJAJ-AUTO,2,0.75,705,78,105,2024-09-04,2025-04-16,0.3333333333333333,0.42488076311605727,0.4927536231884058,0.33663366336633666,0.918918918918919,34,67,1,3,0.3523809523809524,0.3238095238095238,0.0,0.0,0.0,0.0,0.0,0.0,0.0,0.0,0.33663366336633666,0.25,0.0,0.9619047619047619,0.0380952380952381,0.2997721030193718,0
BAJAJ-AUTO,3,0.8,753,83,104,2025-01-01,2025-08-08,0.5,0.39349112426035504,0.6666666666666666,0.5,1.0,52,52,0,0,0.47115384615384615,0.5,0.0,0.0,0.0,0.0,0.0,0.0,0.0,0.0,0.5,0.0,0.0,1.0,0.0,1.0,0
BAJAJ-AUTO,4,0.85,800,88,104,2025-04-23,2025-12-17,0.6057692307692307,0.41822340831109417,0.7484662576687117,0.5980392156862745,1.0,61,41,2,0,0.5192307692307693,0.5865384615384616,0.0,0.0,0.0,0.0,0.0,0.0,0.0,0.0,0.5980392156862745,1.0,0.0,0.9807692307692307,0.019230769230769232,1.0,0
BAJAJ-AUTO,5,0.9,846,94,105,2025-08-11,2026-04-16,0.5333333333333333,0.5029347028613353,0.6711409395973155,0.5494505494505495,0.8620689655172413,50,41,6,8,0.47619047619047616,0.5523809523809524,0.0,0.0,0.0,0.0,0.0,0.0,0.0,0.0,0.5494505494505495,0.4285714285714286,0.0,0.8666666666666667,0.13333333333333333,0.5708953198999146,0
BAJAJ-AUTO,6,0.95,893,99,53,2025-12-18,2026-04-16,0.6037735849056604,0.6537356321839081,0.6956521739130435,0.6,0.8275862068965517,24,16,8,5,0.6037735849056604,0.4528301886792453,0.0,0.0,0.0,0.0,0.0,0.0,0.0,0.0,0.6,0.6153846153846154,0.0,0.7547169811320755,0.24528301886792453,1.0,0
EICHERMOT,1,0.7,699,77,111,2024-03-05,2024-11-13,0.5315315315315315,0.6225563909774436,0.5666666666666667,0.7727272727272727,0.4473684210526316,34,10,25,42,0.5225225225225225,0.5045045045045045,0.0,0.0,0.0,0.0,0.0,0.0,0.0,0.0,0.7727272727272727,0.3731343283582089,0.0,0.3963963963963964,0.6036036036036037,0.25471816351176735,0
EICHERMOT,2,0.75,748,83,111,2024-07-09,2025-03-06,0.4774774774774775,0.47156084656084657,0.5606060606060606,0.5362318840579711,0.5873015873015873,37,32,16,26,0.5405405405405406,0.5045045045045045,0.0,0.0,0.0,0.0,0.0,0.0,0.0,0.0,0.5362318840579711,0.38095238095238093,0.0,0.6216216216216216,0.3783783783783784,0.37550882667584246,0
EICHERMOT,3,0.8,799,88,111,2024-11-14,2025-07-28,0.5225225225225225,0.6,0.6442953020134228,0.5106382978723404,0.8727272727272727,48,46,10,7,0.5585585585585585,0.4954954954954955,0.0,0.0,0.0,0.0,0.0,0.0,0.0,0.0,0.5106382978723404,0.5882352941176471,0.0,0.8468468468468469,0.15315315315315314,0.10000660285425449,0
EICHERMOT,4,0.85,848,94,111,2025-03-10,2025-12-03,0.5855855855855856,0.5952861952861953,0.7228915662650602,0.6,0.9090909090909091,60,40,5,6,0.6126126126126126,0.6126126126126126,0.0,0.0,0.0,0.0,0.0,0.0,0.0,0.0,0.6,0.4545454545454546,0.0,0.9009009009009009,0.0990990990990991,0.757035152132613,0
EICHERMOT,5,0.9,899,99,111,2025-07-29,2026-04-10,0.5405405405405406,0.5076923076923077,0.6751592356687898,0.5760869565217391,0.8153846153846154,53,39,7,12,0.5225225225225225,0.5855855855855856,0.0,0.0,0.0,0.0,0.0,0.0,0.0,0.0,0.5760869565217391,0.368421052631579,0.0,0.8288288288288288,0.17117117117117117,0.7084589655492712,0
EICHERMOT,6,0.95,948,105,56,2025-12-04,2026-04-10,0.4642857142857143,0.4935897435897436,0.5454545454545454,0.45,0.6923076923076923,18,22,8,8,0.375,0.4642857142857143,0.0,0.0,0.0,0.0,0.0,0.0,0.0,0.0,0.45,0.5,0.0,0.7142857142857143,0.2857142857142857,0.6703515626362152,0
TVSMOTOR,1,0.7,708,78,113,2024-03-22,2024-11-14,0.5752212389380531,0.446078431372549,0.7241379310344828,0.5943396226415094,0.9264705882352942,63,43,2,5,0.5929203539823009,0.6017699115044248,0.0,0.0,0.0,0.0,0.0,0.0,0.0,0.0,0.5943396226415094,0.2857142857142857,0.0,0.9380530973451328,0.061946902654867256,0.4678396702293935,0
TVSMOTOR,2,0.75,759,84,112,2024-08-01,2025-03-11,0.44642857142857145,0.45901639344262296,0.6172839506172839,0.45045045045045046,0.9803921568627451,50,61,0,1,0.4375,0.45535714285714285,0.0,0.0,0.0,0.0,0.0,0.0,0.0,0.0,0.45045045045045046,0.0,0.0,0.9910714285714286,0.008928571428571428,0.22944558632921908,0
TVSMOTOR,3,0.8,810,89,112,2024-11-25,2025-07-15,0.5178571428571429,0.6123882503192849,0.6823529411764706,0.5178571428571429,1.0,58,54,0,0,0.48214285714285715,0.5178571428571429,0.0,0.0,0.0,0.0,0.0,0.0,0.0,0.0,0.5178571428571429,0.0,0.0,1.0,0.0,0.3437316361920728,0
TVSMOTOR,4,0.85,860,95,112,2025-03-12,2025-11-25,0.6339285714285714,0.6031294452347085,0.7759562841530054,0.6513761467889908,0.9594594594594594,71,38,0,3,0.6607142857142857,0.6607142857142857,0.0,0.0,0.0,0.0,0.0,0.0,0.0,0.0,0.6513761467889908,0.0,0.0,0.9732142857142857,0.026785714285714284,1.0,0
TVSMOTOR,5,0.9,910,101,113,2025-07-16,2026-04-16,0.5575221238938053,0.5038461538461538,0.7023809523809523,0.5728155339805825,0.9076923076923077,59,44,4,6,0.584070796460177,0.5309734513274337,0.0,0.0,0.0,0.0,0.0,0.0,0.0,0.0,0.5728155339805825,0.4,0.0,0.911504424778761,0.08849557522123894,0.3090988172895994,0
TVSMOTOR,6,0.95,961,106,57,2025-11-26,2026-04-16,0.5087719298245614,0.47783251231527096,0.631578947368421,0.5,0.8571428571428571,24,24,5,4,0.5263157894736842,0.49122807017543857,0.0,0.0,0.0,0.0,0.0,0.0,0.0,0.0,0.5,0.5555555555555556,0.0,0.8421052631578947,0.15789473684210525,0.57834757594516,0
M&M,1,0.7,720,80,115,2024-04-26,2024-12-04,0.6086956521739131,0.5574162679425838,0.7398843930635838,0.6666666666666666,0.8311688311688312,64,32,6,13,0.6173913043478261,0.6695652173913044,0.0,0.0,0.0,0.0,0.0,0.0,0.0,0.0,0.6666666666666666,0.3157894736842105,0.0,0.8347826086956521,0.16521739130434782,0.29402449067432146,0
M&M,2,0.75,773,85,114,2024-08-23,2025-03-18,0.5263157894736842,0.5526477832512314,0.6447368421052632,0.5212765957446809,0.8448275862068966,49,45,11,9,0.5087719298245614,0.47368421052631576,0.0,0.0,0.0,0.0,0.0,0.0,0.0,0.0,0.5212765957446809,0.55,0.0,0.8245614035087719,0.17543859649122806,0.261129726130039,0
M&M,3,0.8,824,91,114,2024-12-09,2025-07-22,0.47368421052631576,0.5015394088669951,0.6296296296296297,0.4811320754716981,0.9107142857142857,51,55,3,5,0.4824561403508772,0.49122807017543857,0.0,0.0,0.0,0.0,0.0,0.0,0.0,0.0,0.4811320754716981,0.375,0.0,0.9298245614035088,0.07017543859649122,0.32716642409432045,0
M&M,4,0.85,875,97,114,2025-03-19,2025-12-08,0.5964912280701754,0.558667911609088,0.6891891891891891,0.6,0.8095238095238095,51,34,17,12,0.6403508771929824,0.631578947368421,0.0,0.0,0.0,0.0,0.0,0.0,0.0,0.0,0.6,0.5862068965517242,0.0,0.7456140350877193,0.2543859649122807,2.500305413137958,0
M&M,5,0.9,927,102,115,2025-07-23,2026-04-16,0.4434782608695652,0.47656725502130254,0.5897435897435898,0.44660194174757284,0.8679245283018868,46,57,5,7,0.5043478260869565,0.4608695652173913,0.0,0.0,0.0,0.0,0.0,0.0,0.0,0.0,0.44660194174757284,0.41666666666666663,0.0,0.8956521739130435,0.10434782608695652,1.0,0
M&M,6,0.95,978,108,58,2025-12-11,2026-04-16,0.43103448275862066,0.5606060606060606,0.47619047619047616,0.36585365853658536,0.6818181818181818,15,26,10,7,0.4482758620689655,0.3793103448275862,0.0,0.0,0.0,0.0,0.0,0.0,0.0,0.0,0.36585365853658536,0.5882352941176471,0.0,0.7068965517241379,0.29310344827586204,0.7181804483177517,0
BOSCHLTD,1,0.7,794,88,126,2024-01-10,2024-10-07,0.6825396825396826,0.6150895140664961,0.801980198019802,0.7363636363636363,0.8804347826086957,81,29,5,11,0.49206349206349204,0.7301587301587301,0.0,0.0,0.0,0.0,0.0,0.0,0.0,0.0,0.7363636363636363,0.3125,0.0,0.873015873015873,0.12698412698412698,0.15573098779673158,0
BOSCHLTD,2,0.75,851,94,126,2024-06-07,2025-02-07,0.4365079365079365,0.49295774647887314,0.5895953757225434,0.4322033898305085,0.9272727272727272,51,67,4,4,0.3968253968253968,0.4365079365079365,0.0,0.0,0.0,0.0,0.0,0.0,0.0,0.0,0.4322033898305085,0.5,0.0,0.9365079365079365,0.06349206349206349,0.10000660285425449,0
BOSCHLTD,3,0.8,908,100,126,2024-10-08,2025-06-27,0.4444444444444444,0.4938775510204081,0.6022727272727273,0.44166666666666665,0.9464285714285714,53,67,3,3,0.48412698412698413,0.4444444444444444,0.0,0.0,0.0,0.0,0.0,0.0,0.0,0.0,0.44166666666666665,0.5,0.0,0.9523809523809523,0.047619047619047616,0.4244679562018586,0
BOSCHLTD,4,0.85,964,107,126,2025-02-10,2025-11-04,0.5952380952380952,0.5547309833024119,0.7357512953367875,0.6120689655172413,0.922077922077922,71,45,4,6,0.4603174603174603,0.6111111111111112,0.0,0.0,0.0,0.0,0.0,0.0,0.0,0.0,0.6120689655172413,0.4,0.0,0.9206349206349206,0.07936507936507936,1.0,0
BOSCHLTD,5,0.9,1021,113,127,2025-06-30,2026-04-10,0.4566929133858268,0.47843734145104017,0.5306122448979592,0.41935483870967744,0.7222222222222222,39,54,19,15,0.49606299212598426,0.47244094488188976,0.0,0.0,0.0,0.0,0.0,0.0,0.0,0.0,0.41935483870967744,0.5588235294117647,0.0,0.7322834645669292,0.2677165354330709,0.4458689359856073,0
BOSCHLTD,6,0.95,1078,119,64,2025-11-12,2026-04-10,0.421875,0.46843853820598,0.44776119402985076,0.32608695652173914,0.7142857142857143,15,31,12,6,0.5,0.34375,0.0,0.0,0.0,0.0,0.0,0.0,0.0,0.0,0.32608695652173914,0.6666666666666667,0.0,0.71875,0.28125,0.45017694755861126,0
MOTHERSON,1,0.7,779,86,123,2024-04-24,2024-12-05,0.4959349593495935,0.44946524064171123,0.5230769230769231,0.5483870967741935,0.5,34,28,27,34,0.4959349593495935,0.4715447154471545,0.0,0.0,0.0,0.0,0.0,0.0,0.0,0.0,0.5483870967741935,0.4426229508196722,0.0,0.5040650406504065,0.4959349593495935,0.26312546920125,0
MOTHERSON,2,0.75,835,92,123,2024-08-13,2025-04-02,0.36585365853658536,0.4126984126984128,0.44285714285714284,0.3163265306122449,0.7380952380952381,31,67,14,11,0.43902439024390244,0.34146341463414637,0.0,0.0,0.0,0.0,0.0,0.0,0.0,0.0,0.3163265306122449,0.56,0.0,0.7967479674796748,0.2032520325203252,0.13226204328848276,0
MOTHERSON,3,0.8,890,98,124,2024-12-06,2025-08-11,0.4032258064516129,0.30567226890756305,0.5432098765432098,0.41509433962264153,0.7857142857142857,44,62,6,12,0.4112903225806452,0.4596774193548387,0.0,0.0,0.0,0.0,0.0,0.0,0.0,0.0,0.41509433962264153,0.33333333333333337,0.0,0.8548387096774194,0.14516129032258066,0.10000660285425449,0
MOTHERSON,4,0.85,945,105,124,2025-04-03,2025-12-08,0.5161290322580645,0.35369318181818177,0.6774193548387096,0.5943396226415094,0.7875,63,43,1,17,0.5080645161290323,0.6370967741935484,0.0,0.0,0.0,0.0,0.0,0.0,0.0,0.0,0.5943396226415094,0.05555555555555558,0.0,0.8548387096774194,0.14516129032258066,1.0,0
MOTHERSON,5,0.9,1001,111,124,2025-08-12,2026-04-16,0.3951612903225806,0.40079051383399206,0.45255474452554745,0.45588235294117646,0.4492753623188406,31,37,18,38,0.532258064516129,0.5,0.0,0.0,0.0,0.0,0.0,0.0,0.0,0.0,0.45588235294117646,0.3214285714285714,0.0,0.5483870967741935,0.45161290322580644,0.5708960906857975,0
MOTHERSON,6,0.95,1057,117,62,2025-12-09,2026-04-16,0.45161290322580644,0.3513227513227513,0.45161290322580644,0.4,0.5185185185185185,14,21,14,13,0.3870967741935484,0.5,0.0,0.0,0.0,0.0,0.0,0.0,0.0,0.0,0.4,0.5185185185185186,0.0,0.5645161290322581,0.43548387096774194,1.0,0
EXIDEIND,1,0.7,716,79,114,2024-04-25,2024-12-02,0.40350877192982454,0.5239715434580885,0.5342465753424658,0.41935483870967744,0.7358490566037735,39,54,7,14,0.5,0.41228070175438597,0.0,0.0,0.0,0.0,0.0,0.0,0.0,0.0,0.41935483870967744,0.33333333333333337,0.0,0.8157894736842105,0.18421052631578946,0.705698250270984,0
EXIDEIND,2,0.75,767,85,114,2024-08-26,2025-03-19,0.3684210526315789,0.5952702702702704,0.5,0.34615384615384615,0.9,36,68,6,4,0.5701754385964912,0.3508771929824561,0.0,0.0,0.0,0.0,0.0,0.0,0.0,0.0,0.34615384615384615,0.6,0.0,0.9122807017543859,0.08771929824561403,0.4870930330249213,0
EXIDEIND,3,0.8,819,90,114,2024-12-03,2025-07-29,0.6140350877192983,0.6384163315805753,0.65625,0.56,0.7924528301886793,42,33,28,11,0.5263157894736842,0.4649122807017544,0.0,0.0,0.0,0.0,0.0,0.0,0.0,0.0,0.56,0.717948717948718,0.0,0.6578947368421053,0.34210526315789475,1.0,0
EXIDEIND,4,0.85,870,96,114,2025-03-20,2025-12-04,0.5614035087719298,0.5244690674053555,0.691358024691358,0.5333333333333333,0.9824561403508771,56,49,8,1,0.5,0.5,0.0,0.0,0.0,0.0,0.0,0.0,0.0,0.0,0.5333333333333333,0.8888888888888888,0.0,0.9210526315789473,0.07894736842105263,1.0,0
EXIDEIND,5,0.9,921,102,114,2025-07-30,2026-04-16,0.5263157894736842,0.564484126984127,0.46,0.39655172413793105,0.5476190476190477,23,35,37,19,0.5701754385964912,0.6228070175438597,0.0,0.0,0.0,0.0,0.0,0.0,0.0,0.0,0.39655172413793105,0.6607142857142857,0.0,0.5087719298245614,0.49122807017543857,0.40582988859585123,0
EXIDEIND,6,0.95,972,108,57,2025-12-05,2026-04-16,0.7192982456140351,0.7216216216216217,0.5294117647058824,0.6428571428571429,0.45,9,5,32,11,0.6842105263157895,0.6491228070175439,0.0,0.0,0.0,0.0,0.0,0.0,0.0,0.0,0.6428571428571429,0.7441860465116279,0.0,0.24561403508771928,0.7543859649122807,0.11174460396801669,0
SUNPHARMA,1,0.7,637,70,101,2024-03-21,2024-12-30,0.6138613861386139,0.576923076923077,0.7547169811320755,0.6382978723404256,0.9230769230769231,60,34,2,5,0.6237623762376238,0.6435643564356436,0.0,0.0,0.0,0.0,0.0,0.0,0.0,0.0,0.6382978723404256,0.2857142857142857,0.0,0.9306930693069307,0.06930693069306931,0.10000660285425449,0
SUNPHARMA,2,0.75,683,75,101,2024-08-06,2025-04-07,0.5148514851485149,0.5310047095761381,0.6797385620915033,0.5148514851485149,1.0,52,49,0,0,0.49504950495049505,0.5148514851485149,0.0,0.0,0.0,0.0,0.0,0.0,0.0,0.0,0.5148514851485149,0.0,0.0,1.0,0.0,0.2932713511212903,0
SUNPHARMA,3,0.8,728,80,101,2024-12-31,2025-08-08,0.46534653465346537,0.5063795853269537,0.6142857142857143,0.4479166666666667,0.9772727272727273,43,53,4,1,0.42574257425742573,0.43564356435643564,0.0,0.0,0.0,0.0,0.0,0.0,0.0,0.0,0.4479166666666667,0.8,0.0,0.9504950495049505,0.04950495049504951,0.26678774796649646,0
SUNPHARMA,4,0.85,774,85,101,2025-04-08,2025-12-16,0.5742574257425742,0.5689655172413793,0.7295597484276729,0.5742574257425742,1.0,58,43,0,0,0.594059405940594,0.5742574257425742,0.0,0.0,0.0,0.0,0.0,0.0,0.0,0.0,0.5742574257425742,0.0,0.0,1.0,0.0,1.0,0
SUNPHARMA,5,0.9,819,90,102,2025-08-11,2026-04-16,0.5392156862745098,0.42510589141316907,0.6713286713286714,0.5333333333333333,0.9056603773584906,48,42,7,5,0.5490196078431373,0.5196078431372549,0.0,0.0,0.0,0.0,0.0,0.0,0.0,0.0,0.5333333333333333,0.5833333333333333,0.0,0.8823529411764706,0.11764705882352941,1.0,0
SUNPHARMA,6,0.95,864,96,51,2025-12-17,2026-04-16,0.47058823529411764,0.4901315789473684,0.5714285714285714,0.4090909090909091,0.9473684210526315,18,26,6,1,0.49019607843137253,0.5294117647058824,0.0,0.0,0.0,0.0,0.0,0.0,0.0,0.0,0.4090909090909091,0.8571428571428572,0.0,0.8627450980392157,0.13725490196078433,0.43373714840234495,0
CIPLA,1,0.7,657,73,105,2024-04-16,2024-11-08,0.580952380952381,0.5206301575393848,0.7142857142857143,0.5978260869565217,0.8870967741935484,55,37,6,7,0.47619047619047616,0.5904761904761905,0.0,0.0,0.0,0.0,0.0,0.0,0.0,0.0,0.5978260869565217,0.46153846153846156,0.0,0.8761904761904762,0.12380952380952381,0.10000660285425449,0
CIPLA,2,0.75,705,78,104,2024-08-05,2025-03-07,0.5192307692307693,0.5360710321864595,0.647887323943662,0.5054945054945055,0.9019607843137255,46,45,8,5,0.6057692307692307,0.49038461538461536,0.0,0.0,0.0,0.0,0.0,0.0,0.0,0.0,0.5054945054945055,0.6153846153846154,0.0,0.875,0.125,0.41066769408895604,0
CIPLA,3,0.8,752,83,104,2024-11-11,2025-07-21,0.5192307692307693,0.5595414201183433,0.6753246753246753,0.5098039215686274,1.0,52,50,2,0,0.5865384615384616,0.5,0.0,0.0,0.0,0.0,0.0,0.0,0.0,0.0,0.5098039215686274,1.0,0.0,0.9807692307692307,0.019230769230769232,0.48567623397993603,0
CIPLA,4,0.85,799,88,104,2025-03-10,2025-11-14,0.5673076923076923,0.6052534221235664,0.7019867549668874,0.5408163265306123,1.0,53,45,6,0,0.5480769230769231,0.5576923076923077,0.0,0.0,0.0,0.0,0.0,0.0,0.0,0.0,0.5408163265306123,1.0,0.0,0.9423076923076923,0.057692307692307696,1.6742530062320875,0
CIPLA,5,0.9,846,93,105,2025-07-22,2026-04-16,0.44761904761904764,0.5479969765684052,0.5084745762711864,0.39473684210526316,0.7142857142857143,30,46,17,12,0.49523809523809526,0.4,0.0,0.0,0.0,0.0,0.0,0.0,0.0,0.0,0.39473684210526316,0.5862068965517242,0.0,0.7238095238095238,0.2761904761904762,0.38112653231219595,0
CIPLA,6,0.95,892,99,53,2025-11-17,2026-04-16,0.49056603773584906,0.6175438596491227,0.4489795918367347,0.3235294117647059,0.7333333333333333,11,23,15,4,0.49056603773584906,0.5849056603773585,0.0,0.0,0.0,0.0,0.0,0.0,0.0,0.0,0.3235294117647059,0.7894736842105263,0.0,0.6415094339622641,0.3584905660377358,0.4782732156857135,0
DRREDDY,1,0.7,663,73,105,2024-05-03,2024-12-13,0.49523809523809526,0.5434941520467836,0.6131386861313869,0.525,0.7368421052631579,42,38,10,15,0.5047619047619047,0.5333333333333333,0.0,0.0,0.0,0.0,0.0,0.0,0.0,0.0,0.525,0.4,0.0,0.7619047619047619,0.23809523809523808,0.7496889385093168,0
DRREDDY,2,0.75,711,78,105,2024-08-27,2025-03-25,0.37142857142857144,0.5117157974300831,0.5217391304347826,0.375,0.8571428571428571,36,60,3,6,0.45714285714285713,0.37142857142857144,0.0,0.0,0.0,0.0,0.0,0.0,0.0,0.0,0.375,0.33333333333333337,0.0,0.9142857142857143,0.08571428571428572,0.5232383825410122,0
DRREDDY,3,0.8,757,84,105,2024-12-16,2025-07-21,0.3523809523809524,0.312,0.39285714285714285,0.3548387096774194,0.44,22,40,15,28,0.29523809523809524,0.3904761904761905,0.0,0.0,0.0,0.0,0.0,0.0,0.0,0.0,0.3548387096774194,0.34883720930232553,0.0,0.5904761904761905,0.4095238095238095,0.425402753800974,0
DRREDDY,4,0.85,805,89,105,2025-03-26,2025-11-21,0.49523809523809526,0.37546886721680417,0.6131386861313869,0.56,0.6774193548387096,42,33,10,20,0.45714285714285713,0.5904761904761905,0.0,0.0,0.0,0.0,0.0,0.0,0.0,0.0,0.56,0.33333333333333337,0.0,0.7142857142857143,0.2857142857142857,1.0,0
DRREDDY,5,0.9,852,94,106,2025-07-22,2026-04-16,0.5188679245283019,0.5119565217391304,0.5984251968503937,0.5671641791044776,0.6333333333333333,38,29,17,22,0.5,0.5660377358490566,0.0,0.0,0.0,0.0,0.0,0.0,0.0,0.0,0.5671641791044776,0.4358974358974359,0.0,0.6320754716981132,0.36792452830188677,1.0,0
DRREDDY,6,0.95,900,99,53,2025-11-24,2026-04-16,0.5283018867924528,0.5457142857142857,0.4897959183673469,0.5714285714285714,0.42857142857142855,12,9,16,16,0.5471698113207547,0.5849056603773585,0.0,0.0,0.0,0.0,0.0,0.0,0.0,0.0,0.5714285714285714,0.5,0.0,0.39622641509433965,0.6037735849056604,1.0,0
DIVISLAB,1,0.7,779,86,124,2024-01-25,2024-10-18,0.6129032258064516,0.5570175438596491,0.7362637362637363,0.6320754716981132,0.881578947368421,67,39,9,9,0.5645161290322581,0.5403225806451613,0.0,0.0,0.0,0.0,0.0,0.0,0.0,0.0,0.6320754716981132,0.5,0.0,0.8548387096774194,0.14516129032258066,1.0,0
DIVISLAB,2,0.75,835,92,124,2024-06-06,2025-02-17,0.5483870967741935,0.5805184603299294,0.5555555555555556,0.5932203389830508,0.5223880597014925,35,24,33,32,0.5241935483870968,0.5564516129032258,0.0,0.0,0.0,0.0,0.0,0.0,0.0,0.0,0.5932203389830508,0.5076923076923077,0.0,0.47580645161290325,0.5241935483870968,0.5363251200416691,0
DIVISLAB,3,0.8,891,98,124,2024-10-21,2025-06-27,0.5806451612903226,0.5926218708827404,0.6176470588235294,0.6268656716417911,0.6086956521739131,42,25,30,27,0.5403225806451613,0.46774193548387094,0.0,0.0,0.0,0.0,0.0,0.0,0.0,0.0,0.6268656716417911,0.5263157894736843,0.0,0.5403225806451613,0.4596774193548387,1.0,0
DIVISLAB,4,0.85,946,105,124,2025-02-19,2025-11-10,0.5161290322580645,0.5454545454545454,0.6470588235294118,0.5288461538461539,0.8333333333333334,55,49,9,11,0.5403225806451613,0.5080645161290323,0.0,0.0,0.0,0.0,0.0,0.0,0.0,0.0,0.5288461538461539,0.44999999999999996,0.0,0.8387096774193549,0.16129032258064516,0.215984166901534,0
DIVISLAB,5,0.9,1002,111,124,2025-06-30,2026-04-16,0.4838709677419355,0.5527027027027027,0.5428571428571428,0.4222222222222222,0.76,38,52,22,12,0.46774193548387094,0.46774193548387094,0.0,0.0,0.0,0.0,0.0,0.0,0.0,0.0,0.4222222222222222,0.6470588235294117,0.0,0.7258064516129032,0.27419354838709675,0.6150170409140241,0
DIVISLAB,6,0.95,1058,117,62,2025-11-11,2026-04-16,0.46774193548387094,0.494054054054054,0.45901639344262296,0.3888888888888889,0.56,14,22,15,11,0.45161290322580644,0.4838709677419355,0.0,0.0,0.0,0.0,0.0,0.0,0.0,0.0,0.3888888888888889,0.5769230769230769,0.0,0.5806451612903226,0.41935483870967744,0.7464289708205855,0
TORNTPHARM,1,0.7,648,72,103,2024-04-25,2024-11-27,0.5145631067961165,0.5802517702596381,0.5535714285714286,0.62,0.5,31,19,22,31,0.5533980582524272,0.6019417475728155,0.0,0.0,0.0,0.0,0.0,0.0,0.0,0.0,0.62,0.41509433962264153,0.0,0.4854368932038835,0.5145631067961165,0.10000660285425449,0
TORNTPHARM,2,0.75,694,77,103,2024-08-02,2025-03-24,0.5145631067961165,0.763157894736842,0.6323529411764706,0.4777777777777778,0.9347826086956522,43,47,10,3,0.5533980582524272,0.46601941747572817,0.0,0.0,0.0,0.0,0.0,0.0,0.0,0.0,0.4777777777777778,0.7692307692307692,0.0,0.8737864077669902,0.1262135922330097,0.30601395465505243,0
TORNTPHARM,3,0.8,741,82,103,2024-11-28,2025-07-18,0.5533980582524272,0.6361236802413273,0.6617647058823529,0.5294117647058824,0.8823529411764706,45,40,12,6,0.4563106796116505,0.5728155339805825,0.0,0.0,0.0,0.0,0.0,0.0,0.0,0.0,0.5294117647058824,0.6666666666666667,0.0,0.8252427184466019,0.17475728155339806,0.522210541123857,0
TORNTPHARM,4,0.85,787,87,103,2025-03-25,2025-12-03,0.5728155339805825,0.6401515151515151,0.7105263157894737,0.5567010309278351,0.9818181818181818,54,43,5,1,0.5728155339805825,0.6213592233009708,0.0,0.0,0.0,0.0,0.0,0.0,0.0,0.0,0.5567010309278351,0.8333333333333334,0.0,0.941747572815534,0.05825242718446602,1.0,0
TORNTPHARM,5,0.9,834,92,103,2025-07-21,2026-04-16,0.6019417475728155,0.6168582375478927,0.7007299270072993,0.6075949367088608,0.8275862068965517,48,31,14,10,0.5436893203883495,0.5242718446601942,0.0,0.0,0.0,0.0,0.0,0.0,0.0,0.0,0.6075949367088608,0.5833333333333333,0.0,0.7669902912621359,0.23300970873786409,0.1788068538469442,0
TORNTPHARM,6,0.95,880,97,52,2025-12-11,2026-04-16,0.5576923076923077,0.49531249999999993,0.6567164179104478,0.6285714285714286,0.6875,22,13,7,10,0.5576923076923077,0.5384615384615384,0.0,0.0,0.0,0.0,0.0,0.0,0.0,0.0,0.6285714285714286,0.4117647058823529,0.0,0.6730769230769231,0.3269230769230769,0.5047714287932921,0
LUPIN,1,0.7,692,76,110,2024-04-29,2024-11-25,0.4818181818181818,0.4623438027693346,0.6274509803921569,0.5333333333333333,0.7619047619047619,48,42,5,15,0.4636363636363636,0.5727272727272728,0.0,0.0,0.0,0.0,0.0,0.0,0.0,0.0,0.5333333333333333,0.25,0.0,0.8181818181818182,0.18181818181818182,0.38890963699121023,0
LUPIN,2,0.75,741,82,110,2024-08-08,2025-02-28,0.5818181818181818,0.5872227739159218,0.6714285714285714,0.5402298850574713,0.8867924528301887,47,40,17,6,0.5909090909090909,0.5454545454545454,0.0,0.0,0.0,0.0,0.0,0.0,0.0,0.0,0.5402298850574713,0.7391304347826086,0.0,0.7909090909090909,0.20909090909090908,0.7198299421024946,0
LUPIN,3,0.8,791,87,110,2024-11-26,2025-07-02,0.5818181818181818,0.6261216350947159,0.6290322580645161,0.5342465753424658,0.7647058823529411,39,34,25,12,0.5454545454545454,0.5818181818181818,0.0,0.0,0.0,0.0,0.0,0.0,0.0,0.0,0.5342465753424658,0.6756756756756757,0.0,0.6636363636363637,0.33636363636363636,0.6680343966905462,0
LUPIN,4,0.85,840,93,110,2025-03-03,2025-11-04,0.7090909090909091,0.7767857142857143,0.75,0.6666666666666666,0.8571428571428571,48,24,30,8,0.5454545454545454,0.7,0.0,0.0,0.0,0.0,0.0,0.0,0.0,0.0,0.6666666666666666,0.7894736842105263,0.0,0.6545454545454545,0.34545454545454546,0.7823601030976586,0
LUPIN,5,0.9,890,98,110,2025-07-03,2026-04-09,0.5636363636363636,0.6214285714285714,0.625,0.6896551724137931,0.5714285714285714,40,18,22,30,0.43636363636363634,0.6,0.0,0.0,0.0,0.0,0.0,0.0,0.0,0.0,0.6896551724137931,0.42307692307692313,0.0,0.5272727272727272,0.4727272727272727,0.6373406121361896,0
LUPIN,6,0.95,939,104,55,2025-11-07,2026-04-09,0.6363636363636364,0.6009615384615385,0.7368421052631579,0.7567567567567568,0.717948717948718,28,9,7,11,0.5272727272727272,0.6545454545454545,0.0,0.0,0.0,0.0,0.0,0.0,0.0,0.0,0.7567567567567568,0.38888888888888884,0.0,0.6727272727272727,0.32727272727272727,0.7093739810482885,0
ALKEM,1,0.7,686,76,109,2024-03-27,2024-10-30,0.43119266055045874,0.35401721664275465,0.5230769230769231,0.5483870967741935,0.5,34,28,13,34,0.45871559633027525,0.6055045871559633,0.0,0.0,0.0,0.0,0.0,0.0,0.0,0.0,0.5483870967741935,0.276595744680851,0.0,0.5688073394495413,0.43119266055045874,0.1905714896943195,0
ALKEM,2,0.75,735,81,109,2024-07-24,2025-02-20,0.44954128440366975,0.39319407008086255,0.620253164556962,0.4666666666666667,0.9245283018867925,49,56,0,4,0.5045871559633027,0.48623853211009177,0.0,0.0,0.0,0.0,0.0,0.0,0.0,0.0,0.4666666666666667,0.0,0.0,0.963302752293578,0.03669724770642202,0.17828261062682638,0
ALKEM,3,0.8,784,87,109,2024-11-01,2025-07-03,0.4036697247706422,0.4368169398907104,0.5578231292517006,0.41414141414141414,0.8541666666666666,41,58,3,7,0.43119266055045874,0.44036697247706424,0.0,0.0,0.0,0.0,0.0,0.0,0.0,0.0,0.41414141414141414,0.30000000000000004,0.0,0.908256880733945,0.09174311926605505,0.3949988880087018,0
ALKEM,4,0.85,833,92,109,2025-02-28,2025-11-04,0.5596330275229358,0.4319444444444444,0.7176470588235294,0.5754716981132075,0.953125,61,45,0,3,0.5779816513761468,0.5871559633027523,0.0,0.0,0.0,0.0,0.0,0.0,0.0,0.0,0.5754716981132075,0.0,0.0,0.9724770642201835,0.027522935779816515,1.0,0
ALKEM,5,0.9,882,98,109,2025-07-04,2026-04-10,0.5321100917431193,0.4568733153638814,0.6832298136645962,0.5238095238095238,0.9821428571428571,55,50,3,1,0.5045871559633027,0.5137614678899083,0.0,0.0,0.0,0.0,0.0,0.0,0.0,0.0,0.5238095238095238,0.75,0.0,0.963302752293578,0.03669724770642202,1.0,0
ALKEM,6,0.95,931,103,55,2025-11-17,2026-04-10,0.3090909090909091,0.3851540616246498,0.3448275862068966,0.2702702702702703,0.47619047619047616,10,27,7,11,0.4,0.38181818181818183,0.0,0.0,0.0,0.0,0.0,0.0,0.0,0.0,0.2702702702702703,0.38888888888888884,0.0,0.6727272727272727,0.32727272727272727,0.2067395619000058,0
HINDUNILVR,1,0.7,608,67,97,2024-05-10,2024-12-10,0.4742268041237113,0.5157312925170068,0.4631578947368421,0.46808510638297873,0.4583333333333333,22,25,24,26,0.4845360824742268,0.4948453608247423,0.0,0.0,0.0,0.0,0.0,0.0,0.0,0.0,0.46808510638297873,0.48,0.0,0.4845360824742268,0.5154639175257731,1.3563451640269124,0
HINDUNILVR,2,0.75,651,72,97,2024-08-30,2025-03-19,0.5567010309278351,0.5378151260504203,0.4691358024691358,0.40425531914893614,0.5588235294117647,19,28,35,15,0.5257731958762887,0.5876288659793815,0.0,0.0,0.0,0.0,0.0,0.0,0.0,0.0,0.40425531914893614,0.7,0.0,0.4845360824742268,0.5154639175257731,1.0,0
HINDUNILVR,3,0.8,695,77,96,2024-12-11,2025-07-28,0.5,0.48588797221016067,0.52,0.49056603773584906,0.5531914893617021,26,27,22,21,0.5729166666666666,0.5104166666666666,0.0,0.0,0.0,0.0,0.0,0.0,0.0,0.0,0.49056603773584906,0.5116279069767442,0.0,0.5520833333333334,0.4479166666666667,0.38821752745645605,0
HINDUNILVR,4,0.85,738,82,96,2025-03-25,2025-12-04,0.5520833333333334,0.6623093681917211,0.6260869565217392,0.5142857142857142,0.8,36,34,17,9,0.6041666666666666,0.46875,0.0,0.0,0.0,0.0,0.0,0.0,0.0,0.0,0.5142857142857142,0.6538461538461539,0.0,0.7291666666666666,0.2708333333333333,1.0,0
HINDUNILVR,5,0.9,782,86,97,2025-07-29,2026-04-16,0.4742268041237113,0.47568523430592397,0.43956043956043955,0.38461538461538464,0.5128205128205128,20,32,26,19,0.5051546391752577,0.4536082474226804,0.0,0.0,0.0,0.0,0.0,0.0,0.0,0.0,0.38461538461538464,0.5777777777777777,0.0,0.5360824742268041,0.4639175257731959,0.7085150830251395,0
HINDUNILVR,6,0.95,825,91,49,2025-12-05,2026-04-16,0.40816326530612246,0.4166666666666667,0.40816326530612246,0.35714285714285715,0.47619047619047616,10,18,10,11,0.4897959183673469,0.46938775510204084,0.0,0.0,0.0,0.0,0.0,0.0,0.0,0.0,0.35714285714285715,0.47619047619047616,0.0,0.5714285714285714,0.42857142857142855,0.5187216871692873,0
AUROPHARMA,1,0.7,748,83,119,2024-05-27,2025-01-13,0.48739495798319327,0.4915254237288136,0.6013071895424836,0.4946236559139785,0.7666666666666667,46,47,12,14,0.47058823529411764,0.453781512605042,0.0,0.0,0.0,0.0,0.0,0.0,0.0,0.0,0.4946236559139785,0.46153846153846156,0.0,0.7815126050420168,0.2184873949579832,0.6880563496290178,0
AUROPHARMA,2,0.75,802,89,118,2024-09-26,2025-05-07,0.4576271186440678,0.5190771960958296,0.5428571428571428,0.4175824175824176,0.7755102040816326,38,53,16,11,0.4661016949152542,0.4406779661016949,0.0,0.0,0.0,0.0,0.0,0.0,0.0,0.0,0.4175824175824176,0.5925925925925926,0.0,0.7711864406779662,0.2288135593220339,0.562223777535935,0
AUROPHARMA,3,0.8,855,95,119,2025-01-14,2025-08-21,0.5378151260504201,0.5986277873070326,0.6357615894039735,0.4897959183673469,0.9056603773584906,48,50,16,5,0.5546218487394958,0.44537815126050423,0.0,0.0,0.0,0.0,0.0,0.0,0.0,0.0,0.4897959183673469,0.7619047619047619,0.0,0.8235294117647058,0.17647058823529413,1.0,0
AUROPHARMA,4,0.85,909,100,119,2025-05-08,2025-12-15,0.5630252100840336,0.5601694915254237,0.6438356164383562,0.5402298850574713,0.7966101694915254,47,40,20,12,0.5630252100840336,0.5126050420168067,0.0,0.0,0.0,0.0,0.0,0.0,0.0,0.0,0.5402298850574713,0.625,0.0,0.7310924369747899,0.2689075630252101,1.0,0
AUROPHARMA,5,0.9,963,106,119,2025-08-22,2026-04-16,0.5042016806722689,0.49729729729729727,0.5426356589147286,0.6363636363636364,0.47297297297297297,35,20,25,39,0.4957983193277311,0.48739495798319327,0.0,0.0,0.0,0.0,0.0,0.0,0.0,0.0,0.6363636363636364,0.390625,0.0,0.46218487394957986,0.5378151260504201,0.5779342545404247,0
AUROPHARMA,6,0.95,1016,112,60,2025-12-16,2026-04-16,0.6333333333333333,0.6710526315789473,0.6666666666666666,0.7857142857142857,0.5789473684210527,22,6,16,16,0.5666666666666667,0.5833333333333334,0.0,0.0,0.0,0.0,0.0,0.0,0.0,0.0,0.7857142857142857,0.5,0.0,0.4666666666666667,0.5333333333333333,0.1815547944104043,0
NESTLEIND,1,0.7,605,67,96,2024-04-19,2024-12-18,0.3541666666666667,0.40784832451499115,0.48333333333333334,0.3717948717948718,0.6904761904761905,29,49,5,13,0.4583333333333333,0.4375,0.0,0.0,0.0,0.0,0.0,0.0,0.0,0.0,0.3717948717948718,0.2777777777777778,0.0,0.8125,0.1875,1.0,0
NESTLEIND,2,0.75,648,72,96,2024-09-06,2025-04-23,0.4479166666666667,0.4704585537918871,0.6015037593984962,0.43956043956043955,0.9523809523809523,40,51,3,2,0.4583333333333333,0.4375,0.0,0.0,0.0,0.0,0.0,0.0,0.0,0.0,0.43956043956043955,0.6,0.0,0.9479166666666666,0.052083333333333336,0.538567517116903,0
NESTLEIND,3,0.8,692,76,96,2024-12-27,2025-08-06,0.5416666666666666,0.44326086956521743,0.6901408450704225,0.532608695652174,0.98,49,43,3,1,0.5520833333333334,0.5208333333333334,0.0,0.0,0.0,0.0,0.0,0.0,0.0,0.0,0.532608695652174,0.75,0.0,0.9583333333333334,0.041666666666666664,1.0,0
NESTLEIND,4,0.85,735,81,96,2025-04-24,2025-12-08,0.4791666666666667,0.5516339869281046,0.6323529411764706,0.4725274725274725,0.9555555555555556,43,48,3,2,0.5625,0.46875,0.0,0.0,0.0,0.0,0.0,0.0,0.0,0.0,0.4725274725274725,0.6,0.0,0.9479166666666666,0.052083333333333336,1.0,0
NESTLEIND,5,0.9,778,86,96,2025-08-07,2026-04-16,0.5833333333333334,0.5608695652173913,0.6774193548387096,0.5675675675675675,0.84,42,32,14,8,0.53125,0.5729166666666666,0.0,0.0,0.0,0.0,0.0,0.0,0.0,0.0,0.5675675675675675,0.6363636363636364,0.0,0.7708333333333334,0.22916666666666666,1.0,0
NESTLEIND,6,0.95,821,91,48,2025-12-09,2026-04-16,0.6041666666666666,0.6825396825396826,0.6122448979591837,0.6818181818181818,0.5555555555555556,15,7,14,12,0.5208333333333334,0.4375,0.0,0.0,0.0,0.0,0.0,0.0,0.0,0.0,0.6818181818181818,0.5384615384615384,0.0,0.4583333333333333,0.5416666666666666,1.0,0
ITC,1,0.7,642,71,102,2024-03-13,2024-11-07,0.5490196078431373,0.5494678754434371,0.6567164179104478,0.5866666666666667,0.7457627118644068,44,31,12,15,0.5882352941176471,0.5784313725490197,0.0,0.0,0.0,0.0,0.0,0.0,0.0,0.0,0.5866666666666667,0.4444444444444444,0.0,0.7352941176470589,0.2647058823529412,1.0,0
ITC,2,0.75,688,76,102,2024-07-12,2025-03-04,0.5392156862745098,0.6525621118012422,0.6050420168067226,0.4931506849315068,0.782608695652174,36,37,19,10,0.5686274509803921,0.5686274509803921,0.0,0.0,0.0,0.0,0.0,0.0,0.0,0.0,0.4931506849315068,0.6551724137931034,0.0,0.7156862745098039,0.28431372549019607,0.6233307925872227,0
ITC,3,0.8,734,81,102,2024-11-08,2025-07-17,0.5490196078431373,0.6507692307692308,0.6515151515151515,0.524390243902439,0.86,43,39,13,7,0.5784313725490197,0.5588235294117647,0.0,0.0,0.0,0.0,0.0,0.0,0.0,0.0,0.524390243902439,0.65,0.0,0.803921568627451,0.19607843137254902,0.7222710547608977,0
ITC,4,0.85,780,86,102,2025-03-05,2025-12-17,0.5392156862745098,0.5493827160493828,0.6887417218543046,0.5360824742268041,0.9629629629629629,52,45,3,2,0.5,0.5294117647058824,0.0,0.0,0.0,0.0,0.0,0.0,0.0,0.0,0.5360824742268041,0.6,0.0,0.9509803921568627,0.049019607843137254,0.6098602642347849,0
ITC,5,0.9,826,91,102,2025-07-18,2026-04-09,0.5784313725490197,0.6426809210526315,0.5057471264367817,0.4489795918367347,0.5789473684210527,22,27,37,16,0.5980392156862745,0.49019607843137253,0.0,0.0,0.0,0.0,0.0,0.0,0.0,0.0,0.4489795918367347,0.6981132075471699,0.0,0.4803921568627451,0.5196078431372549,0.6233098639034915,0
ITC,6,0.95,872,96,51,2025-12-23,2026-04-09,0.5882352941176471,0.3513513513513513,0.27586206896551724,0.26666666666666666,0.2857142857142857,4,11,26,10,0.5882352941176471,0.2549019607843137,0.0,0.0,0.0,0.0,0.0,0.0,0.0,0.0,0.26666666666666666,0.7222222222222222,0.0,0.29411764705882354,0.7058823529411765,0.5044314945825492,0
BRITANNIA,1,0.7,629,69,100,2024-05-08,2024-12-13,0.46,0.543958249698916,0.37209302325581395,0.48484848484848486,0.3018867924528302,16,17,30,37,0.53,0.44,0.0,0.0,0.0,0.0,0.0,0.0,0.0,0.0,0.48484848484848486,0.4477611940298507,0.0,0.33,0.67,0.6486240114387749,0
BRITANNIA,2,0.75,674,74,100,2024-08-27,2025-04-03,0.52,0.6232,0.42857142857142855,0.5294117647058824,0.36,18,16,34,32,0.58,0.53,0.0,0.0,0.0,0.0,0.0,0.0,0.0,0.0,0.5294117647058824,0.5151515151515151,0.0,0.34,0.66,1.0,0
BRITANNIA,3,0.8,719,79,100,2024-12-16,2025-07-31,0.62,0.7385456073980665,0.6041666666666666,0.8285714285714286,0.47540983606557374,29,6,33,32,0.53,0.48,0.0,0.0,0.0,0.0,0.0,0.0,0.0,0.0,0.8285714285714286,0.5076923076923077,0.0,0.35,0.65,0.38493326133462274,0
BRITANNIA,4,0.85,764,84,100,2025-04-04,2025-11-11,0.58,0.5878787878787879,0.6557377049180327,0.5970149253731343,0.7272727272727273,40,27,18,15,0.62,0.65,0.0,0.0,0.0,0.0,0.0,0.0,0.0,0.0,0.5970149253731343,0.5454545454545454,0.0,0.67,0.33,1.0,0
BRITANNIA,5,0.9,809,89,100,2025-08-01,2026-04-16,0.59,0.586109995985548,0.5287356321839081,0.575,0.48936170212765956,23,17,36,24,0.57,0.57,0.0,0.0,0.0,0.0,0.0,0.0,0.0,0.0,0.575,0.6,0.0,0.4,0.6,0.6524569429807716,0
BRITANNIA,6,0.95,854,94,50,2025-12-08,2026-04-16,0.66,0.6655844155844155,0.6530612244897959,0.5925925925925926,0.7272727272727273,16,11,17,6,0.64,0.56,0.0,0.0,0.0,0.0,0.0,0.0,0.0,0.0,0.5925925925925926,0.7391304347826086,0.0,0.54,0.46,0.6398933789490421,0
TATACONSUM,1,0.7,646,71,103,2024-03-12,2024-11-28,0.5145631067961165,0.6030684500393391,0.5535714285714286,0.43661971830985913,0.7560975609756098,31,40,22,10,0.49514563106796117,0.6213592233009708,0.0,0.0,0.0,0.0,0.0,0.0,0.0,0.0,0.43661971830985913,0.6875,0.0,0.6893203883495146,0.3106796116504854,0.354278685365584,0
TATACONSUM,2,0.75,692,76,103,2024-07-15,2025-03-21,0.4854368932038835,0.47718332022029897,0.4752475247524752,0.4,0.5853658536585366,24,36,26,17,0.44660194174757284,0.5048543689320388,0.0,0.0,0.0,0.0,0.0,0.0,0.0,0.0,0.4,0.6046511627906976,0.0,0.5825242718446602,0.4174757281553398,0.38118494612685827,0
TATACONSUM,3,0.8,738,82,102,2024-12-02,2025-07-16,0.38235294117647056,0.31257208765859285,0.3883495145631068,0.38461538461538464,0.39215686274509803,20,32,19,31,0.46078431372549017,0.4019607843137255,0.0,0.0,0.0,0.0,0.0,0.0,0.0,0.0,0.38461538461538464,0.38,0.0,0.5098039215686274,0.49019607843137253,0.4382253914218263,0
TATACONSUM,4,0.85,784,87,102,2025-03-24,2025-12-01,0.5392156862745098,0.4795321637426901,0.6299212598425197,0.5714285714285714,0.7017543859649122,40,30,15,17,0.5392156862745098,0.5294117647058824,0.0,0.0,0.0,0.0,0.0,0.0,0.0,0.0,0.5714285714285714,0.46875,0.0,0.6862745098039216,0.3137254901960784,0.4524223066967062,0
TATACONSUM,5,0.9,830,92,103,2025-07-17,2026-04-16,0.46601941747572817,0.5060606060606061,0.5132743362831859,0.5,0.5272727272727272,29,29,19,26,0.4854368932038835,0.46601941747572817,0.0,0.0,0.0,0.0,0.0,0.0,0.0,0.0,0.5,0.4222222222222223,0.0,0.5631067961165048,0.4368932038834951,1.0,0
TATACONSUM,6,0.95,876,97,52,2025-12-02,2026-04-16,0.4230769230769231,0.5066666666666667,0.5161290322580645,0.43243243243243246,0.64,16,21,6,9,0.46153846153846156,0.5192307692307693,0.0,0.0,0.0,0.0,0.0,0.0,0.0,0.0,0.43243243243243246,0.4,0.0,0.7115384615384616,0.28846153846153844,1.0,0
MARICO,1,0.7,643,71,102,2024-06-03,2024-12-27,0.5490196078431373,0.5995379283788986,0.5208333333333334,0.5319148936170213,0.5102040816326531,25,22,31,24,0.6078431372549019,0.5294117647058824,0.0,0.0,0.0,0.0,0.0,0.0,0.0,0.0,0.5319148936170213,0.5636363636363637,0.0,0.46078431372549017,0.5392156862745098,0.5540612939249331,0
MARICO,2,0.75,689,76,102,2024-09-09,2025-05-05,0.4411764705882353,0.4917212167886022,0.41237113402061853,0.45454545454545453,0.37735849056603776,20,24,25,33,0.6274509803921569,0.39215686274509803,0.0,0.0,0.0,0.0,0.0,0.0,0.0,0.0,0.45454545454545453,0.43103448275862066,0.0,0.43137254901960786,0.5686274509803921,1.0,0
MARICO,3,0.8,735,81,102,2025-01-03,2025-08-13,0.49019607843137253,0.4276803118908382,0.6,0.5342465753424658,0.6842105263157895,39,34,11,18,0.47058823529411764,0.47058823529411764,0.0,0.0,0.0,0.0,0.0,0.0,0.0,0.0,0.5342465753424658,0.3793103448275862,0.0,0.7156862745098039,0.28431372549019607,0.5218557915171351,0
MARICO,4,0.85,781,86,102,2025-05-06,2025-12-08,0.5392156862745098,0.5446808510638298,0.591304347826087,0.5,0.723404255319149,34,34,21,13,0.45098039215686275,0.5,0.0,0.0,0.0,0.0,0.0,0.0,0.0,0.0,0.5,0.6176470588235294,0.0,0.6666666666666666,0.3333333333333333,0.10000660285425449,0
MARICO,5,0.9,827,91,102,2025-08-14,2026-04-16,0.6372549019607843,0.660377358490566,0.672566371681416,0.6333333333333333,0.7169811320754716,38,22,27,15,0.5882352941176471,0.5882352941176471,0.0,0.0,0.0,0.0,0.0,0.0,0.0,0.0,0.6333333333333333,0.6428571428571428,0.0,0.5882352941176471,0.4117647058823529,1.6780417761475113,0
MARICO,6,0.95,873,96,51,2025-12-09,2026-04-16,0.5882352941176471,0.6,0.6037735849056604,0.6956521739130435,0.5333333333333333,16,7,14,14,0.6470588235294118,0.5294117647058824,0.0,0.0,0.0,0.0,0.0,0.0,0.0,0.0,0.6956521739130435,0.5,0.0,0.45098039215686275,0.5490196078431373,0.38398810222262025,0
COLPAL,1,0.7,621,69,99,2024-05-15,2024-12-03,0.3838383838383838,0.3762458471760798,0.5040650406504065,0.4626865671641791,0.5535714285714286,31,36,7,25,0.3838383838383838,0.5555555555555556,0.0,0.0,0.0,0.0,0.0,0.0,0.0,0.0,0.4626865671641791,0.21875,0.0,0.6767676767676768,0.32323232323232326,0.2751715820324756,0
COLPAL,2,0.75,666,74,98,2024-09-02,2025-04-03,0.4387755102040816,0.7261345852895149,0.47619047619047616,0.32051282051282054,0.9259259259259259,25,53,18,2,0.4387755102040816,0.2755102040816326,0.0,0.0,0.0,0.0,0.0,0.0,0.0,0.0,0.32051282051282054,0.9,0.0,0.7959183673469388,0.20408163265306123,0.39350085271260904,0
COLPAL,3,0.8,711,78,99,2024-12-05,2025-07-28,0.37373737373737376,0.5992063492063492,0.5373134328358209,0.3673469387755102,1.0,36,62,1,0,0.5656565656565656,0.36363636363636365,0.0,0.0,0.0,0.0,0.0,0.0,0.0,0.0,0.3673469387755102,1.0,0.0,0.98989898989899,0.010101010101010102,1.0,0
COLPAL,4,0.85,755,83,99,2025-04-04,2025-12-19,0.45454545454545453,0.4638186573670444,0.46,0.36507936507936506,0.6216216216216216,23,40,22,14,0.494949494949495,0.4444444444444444,0.0,0.0,0.0,0.0,0.0,0.0,0.0,0.0,0.36507936507936506,0.6111111111111112,0.0,0.6363636363636364,0.36363636363636365,1.0,0
COLPAL,5,0.9,800,88,99,2025-08-01,2026-04-16,0.45454545454545453,0.3877118644067797,0.20588235294117646,0.25,0.175,7,21,38,33,0.42424242424242425,0.43434343434343436,0.0,0.0,0.0,0.0,0.0,0.0,0.0,0.0,0.25,0.5352112676056338,0.0,0.2828282828282828,0.7171717171717171,0.7660694343258808,0
COLPAL,6,0.95,844,93,50,2025-12-22,2026-04-16,0.44,0.37740384615384615,0.5882352941176471,0.45454545454545453,0.8333333333333334,20,24,2,4,0.56,0.48,0.0,0.0,0.0,0.0,0.0,0.0,0.0,0.0,0.45454545454545453,0.33333333333333337,0.0,0.88,0.12,1.0,0
RELIANCE,1,0.7,673,74,107,2024-03-01,2024-11-05,0.514018691588785,0.6078014184397164,0.559322033898305,0.4647887323943662,0.7021276595744681,33,38,22,14,0.4485981308411215,0.514018691588785,0.0,0.0,0.0,0.0,0.0,0.0,0.0,0.0,0.4647887323943662,0.6111111111111112,0.0,0.6635514018691588,0.3364485981308411,0.16944010852074515,0
RELIANCE,2,0.75,721,80,106,2024-07-04,2025-02-28,0.4716981132075472,0.5560658247225412,0.5692307692307692,0.4065934065934066,0.9487179487179487,37,54,13,2,0.4716981132075472,0.5377358490566038,0.0,0.0,0.0,0.0,0.0,0.0,0.0,0.0,0.4065934065934066,0.8666666666666667,0.0,0.8584905660377359,0.14150943396226415,0.17470327900873978,0
RELIANCE,3,0.8,769,85,107,2024-11-06,2025-07-14,0.514018691588785,0.5122807017543859,0.6666666666666666,0.5252525252525253,0.9122807017543859,52,47,3,5,0.5420560747663551,0.5420560747663551,0.0,0.0,0.0,0.0,0.0,0.0,0.0,0.0,0.5252525252525253,0.375,0.0,0.9252336448598131,0.07476635514018691,1.0,0
RELIANCE,4,0.85,817,90,107,2025-03-03,2025-11-17,0.6448598130841121,0.4977827050997783,0.7682926829268293,0.6428571428571429,0.9545454545454546,63,35,6,3,0.5981308411214953,0.6448598130841121,0.0,0.0,0.0,0.0,0.0,0.0,0.0,0.0,0.6428571428571429,0.6666666666666667,0.0,0.9158878504672897,0.08411214953271028,1.0,0
RELIANCE,5,0.9,865,96,107,2025-07-15,2026-04-09,0.48598130841121495,0.4475524475524476,0.4954128440366973,0.47368421052631576,0.5192307692307693,27,30,25,25,0.4672897196261682,0.5233644859813084,0.0,0.0,0.0,0.0,0.0,0.0,0.0,0.0,0.47368421052631576,0.5,0.0,0.5327102803738317,0.4672897196261682,1.0,0
RELIANCE,6,0.95,913,101,54,2025-11-18,2026-04-09,0.3888888888888889,0.4242424242424242,0.42105263157894735,0.3333333333333333,0.5714285714285714,12,24,9,9,0.42592592592592593,0.6111111111111112,0.0,0.0,0.0,0.0,0.0,0.0,0.0,0.0,0.3333333333333333,0.5,0.0,0.6666666666666666,0.3333333333333333,0.24229182794339485,0
GODREJCP,1,0.7,691,76,110,2024-05-13,2025-01-01,0.42727272727272725,0.3579545454545454,0.5263157894736842,0.39325842696629215,0.7954545454545454,35,54,12,9,0.4909090909090909,0.4,0.0,0.0,0.0,0.0,0.0,0.0,0.0,0.0,0.39325842696629215,0.5714285714285714,0.0,0.8090909090909091,0.19090909090909092,0.10000660285425449,0
GODREJCP,2,0.75,740,82,110,2024-09-12,2025-05-05,0.39090909090909093,0.35965811965811967,0.4462809917355372,0.35526315789473684,0.6,27,49,16,18,0.4636363636363636,0.41818181818181815,0.0,0.0,0.0,0.0,0.0,0.0,0.0,0.0,0.35526315789473684,0.47058823529411764,0.0,0.6909090909090909,0.3090909090909091,0.4063136528432077,0
GODREJCP,3,0.8,790,87,110,2025-01-03,2025-08-26,0.5,0.5238095238095237,0.5736434108527132,0.49333333333333335,0.6851851851851852,37,38,18,17,0.4909090909090909,0.4909090909090909,0.0,0.0,0.0,0.0,0.0,0.0,0.0,0.0,0.49333333333333335,0.5142857142857142,0.0,0.6818181818181818,0.3181818181818182,1.0,0
GODREJCP,4,0.85,839,93,110,2025-05-06,2025-12-12,0.4909090909090909,0.5770940170940171,0.6,0.4421052631578947,0.9333333333333333,42,53,12,3,0.5181818181818182,0.4090909090909091,0.0,0.0,0.0,0.0,0.0,0.0,0.0,0.0,0.4421052631578947,0.8,0.0,0.8636363636363636,0.13636363636363635,1.0,0
GODREJCP,5,0.9,889,98,110,2025-09-01,2026-04-16,0.4818181818181818,0.4360079575596817,0.44660194174757284,0.45098039215686275,0.4423076923076923,23,28,30,29,0.44545454545454544,0.5272727272727272,0.0,0.0,0.0,0.0,0.0,0.0,0.0,0.0,0.45098039215686275,0.5084745762711864,0.0,0.4636363636363636,0.5363636363636364,1.0,0
GODREJCP,6,0.95,938,104,55,2025-12-15,2026-04-16,0.5818181818181818,0.5992063492063493,0.6101694915254238,0.5806451612903226,0.6428571428571429,18,13,14,10,0.7090909090909091,0.36363636363636365,0.0,0.0,0.0,0.0,0.0,0.0,0.0,0.0,0.5806451612903226,0.5833333333333333,0.0,0.5636363636363636,0.43636363636363634,1.0,0
ONGC,1,0.7,716,79,113,2024-04-16,2024-11-11,0.5132743362831859,0.5279365079365079,0.6258503401360545,0.4742268041237113,0.92,46,51,12,4,0.6814159292035398,0.4778761061946903,0.0,0.0,0.0,0.0,0.0,0.0,0.0,0.0,0.4742268041237113,0.75,0.0,0.8584070796460177,0.1415929203539823,0.19234729091540928,0
ONGC,2,0.75,767,85,113,2024-07-31,2025-03-10,0.3008849557522124,0.3684981684981685,0.4397163120567376,0.29245283018867924,0.8857142857142857,31,75,3,4,0.3008849557522124,0.336283185840708,0.0,0.0,0.0,0.0,0.0,0.0,0.0,0.0,0.29245283018867924,0.4285714285714286,0.0,0.9380530973451328,0.061946902654867256,0.5290858064656638,0
ONGC,3,0.8,818,90,114,2024-11-12,2025-07-04,0.4298245614035088,0.2853620955315871,0.5962732919254659,0.4528301886792453,0.8727272727272727,48,58,1,7,0.4649122807017544,0.4824561403508772,0.0,0.0,0.0,0.0,0.0,0.0,0.0,0.0,0.4528301886792453,0.125,0.0,0.9298245614035088,0.07017543859649122,1.0,0
ONGC,4,0.85,869,96,114,2025-03-11,2025-12-01,0.5614035087719298,0.4588758335979676,0.7093023255813954,0.580952380952381,0.9104477611940298,61,44,3,6,0.5701754385964912,0.5877192982456141,0.0,0.0,0.0,0.0,0.0,0.0,0.0,0.0,0.580952380952381,0.33333333333333337,0.0,0.9210526315789473,0.07894736842105263,1.0,0
ONGC,5,0.9,920,102,114,2025-07-11,2026-04-16,0.5263157894736842,0.4363289933312162,0.6666666666666666,0.5684210526315789,0.8059701492537313,54,41,6,13,0.5614035087719298,0.5,0.0,0.0,0.0,0.0,0.0,0.0,0.0,0.0,0.5684210526315789,0.3157894736842105,0.0,0.8333333333333334,0.16666666666666666,1.0,0
ONGC,6,0.95,972,107,57,2025-12-02,2026-04-16,0.49122807017543857,0.3547979797979798,0.6419753086419753,0.5416666666666666,0.7878787878787878,26,22,2,7,0.49122807017543857,0.47368421052631576,0.0,0.0,0.0,0.0,0.0,0.0,0.0,0.0,0.5416666666666666,0.2222222222222222,0.0,0.8421052631578947,0.15789473684210525,0.7356089857596317,0
NTPC,1,0.7,676,75,108,2024-03-18,2024-10-10,0.6388888888888888,0.6136277122192615,0.7796610169491526,0.6509433962264151,0.971830985915493,69,37,0,2,0.5925925925925926,0.6574074074074074,0.0,0.0,0.0,0.0,0.0,0.0,0.0,0.0,0.6509433962264151,0.0,0.0,0.9814814814814815,0.018518518518518517,0.16872708389587832,0
NTPC,2,0.75,725,80,107,2024-07-01,2025-02-11,0.3925233644859813,0.3810035842293906,0.5578231292517006,0.4019607843137255,0.9111111111111111,41,61,1,4,0.40186915887850466,0.38317757009345793,0.0,0.0,0.0,0.0,0.0,0.0,0.0,0.0,0.4019607843137255,0.19999999999999996,0.0,0.9532710280373832,0.04672897196261682,0.5629575604191577,0
NTPC,3,0.8,774,85,107,2024-10-15,2025-06-19,0.32710280373831774,0.338996138996139,0.49295774647887325,0.3333333333333333,0.9459459459459459,35,70,0,2,0.2897196261682243,0.34579439252336447,0.0,0.0,0.0,0.0,0.0,0.0,0.0,0.0,0.3333333333333333,0.0,0.0,0.9813084112149533,0.018691588785046728,0.4643015555264307,0
NTPC,4,0.85,821,91,108,2025-02-12,2025-12-08,0.5462962962962963,0.4539835164835164,0.6956521739130435,0.5333333333333333,1.0,56,49,3,0,0.5092592592592593,0.5185185185185185,0.0,0.0,0.0,0.0,0.0,0.0,0.0,0.0,0.5333333333333333,1.0,0.0,0.9722222222222222,0.027777777777777776,1.0,0
NTPC,5,0.9,870,96,108,2025-07-01,2026-04-16,0.6111111111111112,0.564221824686941,0.7558139534883721,0.6074766355140186,1.0,65,42,1,0,0.5833333333333334,0.6018518518518519,0.0,0.0,0.0,0.0,0.0,0.0,0.0,0.0,0.6074766355140186,1.0,0.0,0.9907407407407407,0.009259259259259259,1.0,0
NTPC,6,0.95,918,102,54,2025-12-11,2026-04-16,0.5185185185185185,0.3751987281399046,0.6666666666666666,0.6341463414634146,0.7027027027027027,26,15,2,11,0.6296296296296297,0.37037037037037035,0.0,0.0,0.0,0.0,0.0,0.0,0.0,0.0,0.6341463414634146,0.15384615384615385,0.0,0.7592592592592593,0.24074074074074073,0.13086905711905647,0
BPCL,1,0.7,716,79,113,2024-05-14,2024-12-13,0.5398230088495575,0.4927672955974843,0.6623376623376623,0.5425531914893617,0.85,51,43,10,9,0.4424778761061947,0.5309734513274337,0.0,0.0,0.0,0.0,0.0,0.0,0.0,0.0,0.5425531914893617,0.5263157894736843,0.0,0.831858407079646,0.168141592920354,0.10000660285425449,0
BPCL,2,0.75,767,85,113,2024-09-04,2025-04-24,0.5132743362831859,0.5426065162907268,0.6308724832214765,0.5108695652173914,0.8245614035087719,47,45,11,10,0.5486725663716814,0.504424778761062,0.0,0.0,0.0,0.0,0.0,0.0,0.0,0.0,0.5108695652173914,0.5238095238095238,0.0,0.8141592920353983,0.18584070796460178,0.2865401358979375,0
BPCL,3,0.8,818,90,114,2024-12-16,2025-08-12,0.6228070175438597,0.5843749999999999,0.7152317880794702,0.6206896551724138,0.84375,54,33,17,10,0.6228070175438597,0.5877192982456141,0.0,0.0,0.0,0.0,0.0,0.0,0.0,0.0,0.6206896551724138,0.6296296296296297,0.0,0.7631578947368421,0.23684210526315788,0.5882147637392818,0
BPCL,4,0.85,869,96,114,2025-04-25,2025-12-09,0.5877192982456141,0.636734693877551,0.656934306569343,0.625,0.6923076923076923,45,27,22,20,0.6228070175438597,0.5701754385964912,0.0,0.0,0.0,0.0,0.0,0.0,0.0,0.0,0.625,0.5238095238095238,0.0,0.631578947368421,0.3684210526315789,2.0912815433396847,0
BPCL,5,0.9,920,102,114,2025-08-19,2026-04-16,0.5087719298245614,0.5419753086419754,0.4716981132075472,0.5434782608695652,0.4166666666666667,25,21,33,35,0.5,0.4824561403508772,0.0,0.0,0.0,0.0,0.0,0.0,0.0,0.0,0.5434782608695652,0.4852941176470589,0.0,0.40350877192982454,0.5964912280701754,0.7306634224448345,0
BPCL,6,0.95,972,107,57,2025-12-10,2026-04-16,0.47368421052631576,0.4545454545454546,0.5161290322580645,0.42105263157894735,0.6666666666666666,16,22,11,8,0.49122807017543857,0.49122807017543857,0.0,0.0,0.0,0.0,0.0,0.0,0.0,0.0,0.42105263157894735,0.5789473684210527,0.0,0.6666666666666666,0.3333333333333333,0.30946844650236605,0
POWERGRID,1,0.7,663,73,105,2024-04-23,2024-12-18,0.638095238095238,0.6632428466617755,0.7246376811594203,0.625,0.8620689655172413,50,30,17,8,0.5142857142857142,0.6476190476190476,0.0,0.0,0.0,0.0,0.0,0.0,0.0,0.0,0.625,0.6799999999999999,0.0,0.7619047619047619,0.23809523809523808,0.23119113786856255,0
POWERGRID,2,0.75,711,78,105,2024-08-01,2025-04-03,0.3523809523809524,0.4085411942554799,0.46875,0.3488372093023256,0.7142857142857143,30,56,7,12,0.4095238095238095,0.34285714285714286,0.0,0.0,0.0,0.0,0.0,0.0,0.0,0.0,0.3488372093023256,0.368421052631579,0.0,0.819047619047619,0.18095238095238095,0.8391204342805215,0
POWERGRID,3,0.8,757,84,105,2024-12-19,2025-08-07,0.3904761904761905,0.4828614008941878,0.5151515151515151,0.38636363636363635,0.7727272727272727,34,54,7,10,0.41904761904761906,0.38095238095238093,0.0,0.0,0.0,0.0,0.0,0.0,0.0,0.0,0.38636363636363635,0.4117647058823529,0.0,0.8380952380952381,0.1619047619047619,0.7845847428460845,0
POWERGRID,4,0.85,805,89,105,2025-04-04,2025-12-02,0.42857142857142855,0.4992630803242447,0.6,0.4326923076923077,0.9782608695652174,45,59,0,1,0.41904761904761906,0.4380952380952381,0.0,0.0,0.0,0.0,0.0,0.0,0.0,0.0,0.4326923076923077,0.0,0.0,0.9904761904761905,0.009523809523809525,1.0,0
POWERGRID,5,0.9,852,94,106,2025-08-08,2026-04-16,0.5188679245283019,0.41631054131054135,0.6666666666666666,0.504950495049505,0.9807692307692307,51,50,4,1,0.5660377358490566,0.49056603773584906,0.0,0.0,0.0,0.0,0.0,0.0,0.0,0.0,0.504950495049505,0.8,0.0,0.9528301886792453,0.04716981132075472,1.0,0
POWERGRID,6,0.95,900,99,53,2025-12-03,2026-04-16,0.4716981132075472,0.32478632478632474,0.6111111111111112,0.4888888888888889,0.8148148148148148,22,23,3,5,0.5283018867924528,0.5094339622641509,0.0,0.0,0.0,0.0,0.0,0.0,0.0,0.0,0.4888888888888889,0.375,0.0,0.8490566037735849,0.1509433962264151,1.0,0
COALINDIA,1,0.7,690,76,110,2024-03-27,2024-10-29,0.4727272727272727,0.36025257560651386,0.6233766233766234,0.5052631578947369,0.8135593220338984,48,47,4,11,0.39090909090909093,0.5363636363636364,0.0,0.0,0.0,0.0,0.0,0.0,0.0,0.0,0.5052631578947369,0.2666666666666667,0.0,0.8636363636363636,0.13636363636363635,0.26289618635116674,0
COALINDIA,2,0.75,739,82,109,2024-07-16,2025-02-21,0.3853211009174312,0.4978678038379531,0.5562913907284768,0.3853211009174312,1.0,42,67,0,0,0.4036697247706422,0.3853211009174312,0.0,0.0,0.0,0.0,0.0,0.0,0.0,0.0,0.3853211009174312,0.0,0.0,1.0,0.0,0.463146044056015,0
COALINDIA,3,0.8,789,87,109,2024-11-01,2025-07-18,0.3944954128440367,0.5539112050739958,0.5657894736842105,0.3944954128440367,1.0,43,66,0,0,0.3761467889908257,0.3944954128440367,0.0,0.0,0.0,0.0,0.0,0.0,0.0,0.0,0.3944954128440367,0.0,0.0,1.0,0.0,1.0,0
COALINDIA,4,0.85,837,93,110,2025-02-28,2025-12-16,0.509090909090909,0.42526455026455023,0.6746987951807228,0.509090909090909,1.0,56,54,0,0,0.5,0.509090909090909,0.0,0.0,0.0,0.0,0.0,0.0,0.0,0.0,0.509090909090909,0.0,0.0,1.0,0.0,1.0,0
COALINDIA,5,0.9,887,98,110,2025-07-21,2026-04-16,0.5363636363636364,0.49092741935483875,0.6832298136645962,0.5555555555555556,0.8870967741935484,55,44,4,7,0.6,0.5363636363636364,0.0,0.0,0.0,0.0,0.0,0.0,0.0,0.0,0.5555555555555556,0.36363636363636365,0.0,0.9,0.1,0.25179569792413997,0
COALINDIA,6,0.95,936,104,55,2025-12-17,2026-04-16,0.5818181818181818,0.35190217391304346,0.7294117647058823,0.5849056603773585,0.96875,31,22,1,1,0.5636363636363636,0.5272727272727272,0.0,0.0,0.0,0.0,0.0,0.0,0.0,0.0,0.5849056603773585,0.5,0.0,0.9636363636363636,0.03636363636363636,0.3644310197434833,0
TATAPOWER,1,0.7,846,93,134,2023-12-11,2024-09-09,0.6119402985074627,0.5806754221388368,0.74,0.6271186440677966,0.9024390243902439,74,44,8,8,0.6044776119402985,0.6119402985074627,0.0,0.0,0.0,0.0,0.0,0.0,0.0,0.0,0.6271186440677966,0.5,0.0,0.8805970149253731,0.11940298507462686,0.12054546326096312,0
TATAPOWER,2,0.75,906,100,134,2024-04-30,2025-01-13,0.41044776119402987,0.47612612612612615,0.5093167701863354,0.40594059405940597,0.6833333333333333,41,60,14,19,0.5522388059701493,0.44776119402985076,0.0,0.0,0.0,0.0,0.0,0.0,0.0,0.0,0.40594059405940597,0.4242424242424242,0.0,0.753731343283582,0.2462686567164179,0.1805998889138923,0
TATAPOWER,3,0.8,966,107,134,2024-09-11,2025-06-04,0.5,0.5199372759856631,0.6298342541436464,0.4789915966386555,0.9193548387096774,57,62,10,5,0.4701492537313433,0.4626865671641791,0.0,0.0,0.0,0.0,0.0,0.0,0.0,0.0,0.4789915966386555,0.6666666666666667,0.0,0.8880597014925373,0.11194029850746269,0.281566402145268,0
TATAPOWER,4,0.85,1026,114,134,2025-01-14,2025-10-31,0.44029850746268656,0.4746934225195095,0.5614035087719298,0.47058823529411764,0.6956521739130435,48,54,11,21,0.4925373134328358,0.5149253731343284,0.0,0.0,0.0,0.0,0.0,0.0,0.0,0.0,0.47058823529411764,0.34375,0.0,0.7611940298507462,0.23880597014925373,1.0,0
TATAPOWER,5,0.9,1087,120,135,2025-06-05,2026-04-10,0.5481481481481482,0.550989010989011,0.6303030303030303,0.52,0.8,52,48,22,13,0.5555555555555556,0.4962962962962963,0.0,0.0,0.0,0.0,0.0,0.0,0.0,0.0,0.52,0.6285714285714286,0.0,0.7407407407407407,0.25925925925925924,0.6485187798660551,0
TATAPOWER,6,0.95,1147,127,68,2025-11-03,2026-04-10,0.4264705882352941,0.4251082251082251,0.36065573770491804,0.39285714285714285,0.3333333333333333,11,17,18,22,0.5588235294117647,0.5147058823529411,0.0,0.0,0.0,0.0,0.0,0.0,0.0,0.0,0.39285714285714285,0.44999999999999996,0.0,0.4117647058823529,0.5882352941176471,0.244264948335532,0
GAIL,1,0.7,852,94,135,2023-12-20,2024-09-24,0.5925925925925926,0.5625,0.6625766871165644,0.7105263157894737,0.6206896551724138,54,22,26,33,0.5407407407407407,0.6518518518518519,0.0,0.0,0.0,0.0,0.0,0.0,0.0,0.0,0.7105263157894737,0.44067796610169496,0.0,0.562962962962963,0.43703703703703706,0.6559355078230561,0
GAIL,2,0.75,913,101,135,2024-05-27,2025-01-29,0.5037037037037037,0.5257482394366197,0.6417112299465241,0.4878048780487805,0.9375,60,63,8,4,0.5259259259259259,0.4740740740740741,0.0,0.0,0.0,0.0,0.0,0.0,0.0,0.0,0.4878048780487805,0.6666666666666667,0.0,0.9111111111111111,0.08888888888888889,0.21157473924416545,0
GAIL,3,0.8,973,108,135,2024-09-25,2025-06-23,0.45185185185185184,0.5983606557377049,0.6145833333333334,0.45038167938931295,0.9672131147540983,59,72,2,2,0.45185185185185184,0.45185185185185184,0.0,0.0,0.0,0.0,0.0,0.0,0.0,0.0,0.45038167938931295,0.5,0.0,0.9703703703703703,0.02962962962962963,0.42254819736006904,0
GAIL,4,0.85,1035,114,135,2025-01-30,2025-11-10,0.5555555555555556,0.5436347278452541,0.696969696969697,0.575,0.8846153846153846,69,51,6,9,0.5703703703703704,0.5777777777777777,0.0,0.0,0.0,0.0,0.0,0.0,0.0,0.0,0.575,0.4,0.0,0.8888888888888888,0.1111111111111111,1.0,0
GAIL,5,0.9,1095,121,136,2025-06-24,2026-04-16,0.4852941176470588,0.45822510822510826,0.6354166666666666,0.5,0.8714285714285714,61,61,5,9,0.45588235294117646,0.5147058823529411,0.0,0.0,0.0,0.0,0.0,0.0,0.0,0.0,0.5,0.3571428571428571,0.0,0.8970588235294118,0.10294117647058823,0.41684654190082343,0
GAIL,6,0.95,1156,128,68,2025-11-11,2026-04-16,0.45588235294117646,0.42017543859649126,0.5194805194805194,0.425531914893617,0.6666666666666666,20,27,11,10,0.4411764705882353,0.4411764705882353,0.0,0.0,0.0,0.0,0.0,0.0,0.0,0.0,0.425531914893617,0.5238095238095238,0.0,0.6911764705882353,0.3088235294117647,0.8097434947931988,0
TATASTEEL,1,0.7,829,92,131,2024-01-18,2024-10-17,0.549618320610687,0.580743879472693,0.6040268456375839,0.5844155844155844,0.625,45,32,27,27,0.5725190839694656,0.5343511450381679,0.0,0.0,0.0,0.0,0.0,0.0,0.0,0.0,0.5844155844155844,0.5,0.0,0.5877862595419847,0.4122137404580153,0.51443637616667,0
TATASTEEL,2,0.75,889,98,131,2024-06-19,2025-02-12,0.5954198473282443,0.7167464114832536,0.6580645161290323,0.51,0.9272727272727272,51,49,27,4,0.5648854961832062,0.4198473282442748,0.0,0.0,0.0,0.0,0.0,0.0,0.0,0.0,0.51,0.8709677419354839,0.0,0.7633587786259542,0.2366412213740458,0.1961768723119872,0
TATASTEEL,3,0.8,947,105,132,2024-10-18,2025-06-25,0.5227272727272727,0.49324324324324326,0.6086956521739131,0.5632183908045977,0.6621621621621622,49,38,20,25,0.5303030303030303,0.5,0.0,0.0,0.0,0.0,0.0,0.0,0.0,0.0,0.5632183908045977,0.4444444444444444,0.0,0.6590909090909091,0.3409090909090909,0.3908502550921758,0
TATASTEEL,4,0.85,1007,111,132,2025-02-13,2025-11-20,0.48484848484848486,0.4831168831168831,0.5211267605633803,0.5692307692307692,0.4805194805194805,37,28,27,40,0.5,0.5151515151515151,0.0,0.0,0.0,0.0,0.0,0.0,0.0,0.0,0.5692307692307692,0.4029850746268657,0.0,0.49242424242424243,0.5075757575757576,0.6004337952245667,0
TATASTEEL,5,0.9,1066,118,132,2025-06-26,2026-04-16,0.5378787878787878,0.5481672932330828,0.5960264900662252,0.6,0.5921052631578947,45,30,26,31,0.5757575757575758,0.44696969696969696,0.0,0.0,0.0,0.0,0.0,0.0,0.0,0.0,0.6,0.45614035087719296,0.0,0.5681818181818182,0.4318181818181818,1.0,0
TATASTEEL,6,0.95,1125,125,66,2025-11-24,2026-04-16,0.5,0.506572295247725,0.5822784810126582,0.6388888888888888,0.5348837209302325,23,13,10,20,0.6060606060606061,0.3484848484848485,0.0,0.0,0.0,0.0,0.0,0.0,0.0,0.0,0.6388888888888888,0.33333333333333337,0.0,0.5454545454545454,0.45454545454545453,1.0,0
HINDALCO,1,0.7,735,81,116,2024-03-19,2024-11-28,0.6206896551724138,0.5909233176838811,0.6901408450704225,0.6901408450704225,0.6901408450704225,49,22,23,22,0.6293103448275862,0.5948275862068966,0.0,0.0,0.0,0.0,0.0,0.0,0.0,0.0,0.6901408450704225,0.5111111111111111,0.0,0.6120689655172413,0.3879310344827586,0.34783238437633557,0
HINDALCO,2,0.75,787,87,117,2024-08-01,2025-03-28,0.452991452991453,0.49619883040935675,0.4838709677419355,0.44776119402985076,0.5263157894736842,30,37,23,27,0.49572649572649574,0.5470085470085471,0.0,0.0,0.0,0.0,0.0,0.0,0.0,0.0,0.44776119402985076,0.45999999999999996,0.0,0.5726495726495726,0.42735042735042733,0.5158642081846672,0
HINDALCO,3,0.8,839,93,117,2024-12-02,2025-08-08,0.5128205128205128,0.5307017543859649,0.6545454545454545,0.5142857142857142,0.9,54,51,6,6,0.5042735042735043,0.5213675213675214,0.0,0.0,0.0,0.0,0.0,0.0,0.0,0.0,0.5142857142857142,0.5,0.0,0.8974358974358975,0.10256410256410256,0.6940688272231067,0
HINDALCO,4,0.85,892,99,116,2025-04-02,2025-12-18,0.5862068965517241,0.5638043106397537,0.7391304347826086,0.6476190476190476,0.8607594936708861,68,37,0,11,0.6810344827586207,0.6810344827586207,0.0,0.0,0.0,0.0,0.0,0.0,0.0,0.0,0.6476190476190476,0.0,0.0,0.9051724137931034,0.09482758620689655,1.0,0
HINDALCO,5,0.9,945,104,117,2025-08-11,2026-04-10,0.5811965811965812,0.532235939643347,0.7167630057803468,0.6739130434782609,0.7654320987654321,62,30,6,19,0.6153846153846154,0.6923076923076923,0.0,0.0,0.0,0.0,0.0,0.0,0.0,0.0,0.6739130434782609,0.24,0.0,0.7863247863247863,0.21367521367521367,0.5036193790596963,0
HINDALCO,6,0.95,997,110,59,2025-12-19,2026-04-10,0.5084745762711864,0.4004914004914006,0.6329113924050633,0.5952380952380952,0.6756756756756757,25,17,5,12,0.4576271186440678,0.4745762711864407,0.0,0.0,0.0,0.0,0.0,0.0,0.0,0.0,0.5952380952380952,0.2941176470588235,0.0,0.711864406779661,0.288135593220339,0.6258057054960278,0
JSWSTEEL,1,0.7,708,78,112,2024-02-21,2024-10-29,0.625,0.5406301824212272,0.7123287671232876,0.6582278481012658,0.7761194029850746,52,27,18,15,0.6071428571428571,0.5803571428571429,0.0,0.0,0.0,0.0,0.0,0.0,0.0,0.0,0.6582278481012658,0.5454545454545454,0.0,0.7053571428571429,0.29464285714285715,0.7500137790450201,0
JSWSTEEL,2,0.75,758,84,112,2024-07-11,2025-02-14,0.49107142857142855,0.46055646481178397,0.5581395348837209,0.5625,0.5538461538461539,36,28,19,29,0.5178571428571429,0.42857142857142855,0.0,0.0,0.0,0.0,0.0,0.0,0.0,0.0,0.5625,0.39583333333333337,0.0,0.5714285714285714,0.42857142857142855,0.717043593293172,0
JSWSTEEL,3,0.8,809,89,112,2024-10-30,2025-07-02,0.5535714285714286,0.5503263483339058,0.6753246753246753,0.6265060240963856,0.7323943661971831,52,31,10,19,0.5803571428571429,0.41964285714285715,0.0,0.0,0.0,0.0,0.0,0.0,0.0,0.0,0.6265060240963856,0.3448275862068966,0.0,0.7410714285714286,0.25892857142857145,1.0,0
JSWSTEEL,4,0.85,859,95,112,2025-02-20,2025-12-02,0.625,0.6767433871521813,0.6818181818181818,0.7377049180327869,0.6338028169014085,45,16,25,26,0.6875,0.6071428571428571,0.0,0.0,0.0,0.0,0.0,0.0,0.0,0.0,0.7377049180327869,0.4901960784313726,0.0,0.5446428571428571,0.45535714285714285,0.5205268381990166,0
JSWSTEEL,5,0.9,909,101,113,2025-07-09,2026-04-16,0.5929203539823009,0.6079948420373952,0.6461538461538462,0.65625,0.6363636363636364,42,22,25,24,0.5663716814159292,0.5575221238938053,0.0,0.0,0.0,0.0,0.0,0.0,0.0,0.0,0.65625,0.5102040816326531,0.0,0.5663716814159292,0.4336283185840708,0.49663003339263206,0
JSWSTEEL,6,0.95,960,106,57,2025-12-03,2026-04-16,0.49122807017543857,0.5725,0.5671641791044776,0.5428571428571428,0.59375,19,16,9,13,0.5263157894736842,0.47368421052631576,0.0,0.0,0.0,0.0,0.0,0.0,0.0,0.0,0.5428571428571428,0.40909090909090906,0.0,0.6140350877192983,0.38596491228070173,0.7548327257145734,0
VEDL,1,0.7,756,83,120,2024-05-07,2024-12-13,0.5333333333333333,0.5102787947057167,0.6056338028169014,0.5733333333333334,0.6417910447761194,43,32,21,24,0.5416666666666666,0.45,0.0,0.0,0.0,0.0,0.0,0.0,0.0,0.0,0.5733333333333334,0.4666666666666667,0.0,0.625,0.375,0.6696509890827025,0
VEDL,2,0.75,810,89,120,2024-08-28,2025-04-25,0.4666666666666667,0.5282022784106697,0.5675675675675675,0.47191011235955055,0.711864406779661,42,47,14,17,0.5083333333333333,0.5083333333333333,0.0,0.0,0.0,0.0,0.0,0.0,0.0,0.0,0.47191011235955055,0.4516129032258065,0.0,0.7416666666666667,0.25833333333333336,0.3149080471141562,0
VEDL,3,0.8,864,95,120,2024-12-16,2025-08-13,0.4666666666666667,0.5461111111111111,0.6097560975609756,0.4807692307692308,0.8333333333333334,50,54,6,10,0.49166666666666664,0.5,0.0,0.0,0.0,0.0,0.0,0.0,0.0,0.0,0.4807692307692308,0.375,0.0,0.8666666666666667,0.13333333333333333,0.3469469245601394,0
VEDL,4,0.85,918,101,120,2025-04-30,2025-12-09,0.5583333333333333,0.5752314814814815,0.624113475177305,0.6376811594202898,0.6111111111111112,44,25,23,28,0.5583333333333333,0.575,0.0,0.0,0.0,0.0,0.0,0.0,0.0,0.0,0.6376811594202898,0.4509803921568627,0.0,0.575,0.425,1.0,0
VEDL,5,0.9,972,107,120,2025-08-14,2026-04-16,0.49166666666666664,0.46438746438746437,0.5611510791366906,0.6724137931034483,0.48148148148148145,39,19,20,42,0.5333333333333333,0.4583333333333333,0.0,0.0,0.0,0.0,0.0,0.0,0.0,0.0,0.6724137931034483,0.32258064516129037,0.0,0.48333333333333334,0.5166666666666667,0.8356141329406972,0
VEDL,6,0.95,1026,113,60,2025-12-10,2026-04-16,0.35,0.3337612323491656,0.4935064935064935,0.5277777777777778,0.4634146341463415,19,17,2,22,0.5,0.38333333333333336,0.0,0.0,0.0,0.0,0.0,0.0,0.0,0.0,0.5277777777777778,0.08333333333333337,0.0,0.6,0.4,0.7056509269849237,0
SAIL,1,0.7,765,84,122,2024-04-22,2024-12-02,0.680327868852459,0.7991935483870968,0.7153284671532847,0.6363636363636364,0.8166666666666667,49,28,34,11,0.639344262295082,0.5983606557377049,0.0,0.0,0.0,0.0,0.0,0.0,0.0,0.0,0.6363636363636364,0.7555555555555555,0.0,0.6311475409836066,0.36885245901639346,0.25119786514358206,0
SAIL,2,0.75,819,91,121,2024-08-14,2025-04-07,0.5619834710743802,0.7296849087893864,0.6344827586206897,0.5054945054945055,0.8518518518518519,46,45,22,8,0.512396694214876,0.5619834710743802,0.0,0.0,0.0,0.0,0.0,0.0,0.0,0.0,0.5054945054945055,0.7333333333333334,0.0,0.7520661157024794,0.24793388429752067,0.5203252323467418,0
SAIL,3,0.8,874,97,121,2024-12-03,2025-08-08,0.5867768595041323,0.6016949152542372,0.6875,0.5612244897959183,0.8870967741935484,55,43,16,7,0.6115702479338843,0.5619834710743802,0.0,0.0,0.0,0.0,0.0,0.0,0.0,0.0,0.5612244897959183,0.6956521739130435,0.0,0.8099173553719008,0.19008264462809918,0.4997494876384055,0
SAIL,4,0.85,928,103,122,2025-04-08,2025-12-04,0.6147540983606558,0.6151960784313726,0.6928104575163399,0.6235294117647059,0.7794117647058824,53,32,22,15,0.5163934426229508,0.5245901639344263,0.0,0.0,0.0,0.0,0.0,0.0,0.0,0.0,0.6235294117647059,0.5945945945945945,0.0,0.6967213114754098,0.30327868852459017,0.5355894202867546,0
SAIL,5,0.9,983,109,122,2025-08-11,2026-04-16,0.5245901639344263,0.5685210312075983,0.5,0.5918367346938775,0.43283582089552236,29,20,35,38,0.48360655737704916,0.4918032786885246,0.0,0.0,0.0,0.0,0.0,0.0,0.0,0.0,0.5918367346938775,0.4794520547945206,0.0,0.4016393442622951,0.5983606557377049,0.5797767934909533,0
SAIL,6,0.95,1038,115,61,2025-12-08,2026-04-16,0.5245901639344263,0.6261261261261262,0.43137254901960786,0.7857142857142857,0.2972972972972973,11,3,21,26,0.39344262295081966,0.39344262295081966,0.0,0.0,0.0,0.0,0.0,0.0,0.0,0.0,0.7857142857142857,0.44680851063829785,0.0,0.22950819672131148,0.7704918032786885,1.0,0
NMDC,1,0.7,766,85,122,2024-04-29,2024-12-02,0.5655737704918032,0.6293103448275862,0.6936416184971098,0.5504587155963303,0.9375,60,49,9,4,0.5901639344262295,0.5737704918032787,0.0,0.0,0.0,0.0,0.0,0.0,0.0,0.0,0.5504587155963303,0.6923076923076923,0.0,0.8934426229508197,0.10655737704918032,0.1967379224831591,0
NMDC,2,0.75,821,91,122,2024-08-21,2025-03-25,0.5409836065573771,0.5924731182795698,0.6705882352941176,0.5181818181818182,0.95,57,53,9,3,0.5327868852459017,0.5,0.0,0.0,0.0,0.0,0.0,0.0,0.0,0.0,0.5181818181818182,0.75,0.0,0.9016393442622951,0.09836065573770492,0.7487311123648931,0
NMDC,3,0.8,876,97,122,2024-12-03,2025-07-24,0.45901639344262296,0.4008064516129033,0.6206896551724138,0.47368421052631576,0.9,54,60,2,6,0.4672131147540984,0.4672131147540984,0.0,0.0,0.0,0.0,0.0,0.0,0.0,0.0,0.47368421052631576,0.25,0.0,0.9344262295081968,0.06557377049180328,0.31454397550365326,0
NMDC,4,0.85,931,103,122,2025-03-26,2025-12-08,0.5573770491803278,0.5176374077112387,0.6142857142857143,0.6056338028169014,0.6231884057971014,43,28,25,26,0.5737704918032787,0.5573770491803278,0.0,0.0,0.0,0.0,0.0,0.0,0.0,0.0,0.6056338028169014,0.4901960784313726,0.0,0.5819672131147541,0.4180327868852459,0.2928003114404323,0
NMDC,5,0.9,986,109,122,2025-07-25,2026-04-10,0.4262295081967213,0.460989010989011,0.4067796610169492,0.5,0.34285714285714286,24,24,28,46,0.5245901639344263,0.45901639344262296,0.0,0.0,0.0,0.0,0.0,0.0,0.0,0.0,0.5,0.3783783783783784,0.0,0.39344262295081966,0.6065573770491803,1.0,0
NMDC,6,0.95,1041,115,61,2025-12-09,2026-04-10,0.4426229508196721,0.39010989010989006,0.5277777777777778,0.5135135135135135,0.5428571428571428,19,18,8,16,0.5081967213114754,0.4426229508196721,0.0,0.0,0.0,0.0,0.0,0.0,0.0,0.0,0.5135135135135135,0.33333333333333337,0.0,0.6065573770491803,0.39344262295081966,0.7724806316134395,0
LT,1,0.7,695,77,110,2024-04-16,2024-11-22,0.6181818181818182,0.5554435483870968,0.6865671641791045,0.6388888888888888,0.7419354838709677,46,26,22,16,0.5,0.5636363636363636,0.0,0.0,0.0,0.0,0.0,0.0,0.0,0.0,0.6388888888888888,0.5789473684210527,0.0,0.6545454545454545,0.34545454545454546,0.8013263900386628,0
LT,2,0.75,745,82,110,2024-08-19,2025-03-19,0.5454545454545454,0.6467045834727333,0.6323529411764706,0.4942528735632184,0.8775510204081632,43,44,17,6,0.4909090909090909,0.44545454545454544,0.0,0.0,0.0,0.0,0.0,0.0,0.0,0.0,0.4942528735632184,0.7391304347826086,0.0,0.7909090909090909,0.20909090909090908,0.3865152784810173,0
LT,3,0.8,794,88,110,2024-11-25,2025-08-04,0.5272727272727272,0.5476666666666667,0.5873015873015873,0.4868421052631579,0.74,37,39,21,13,0.4818181818181818,0.509090909090909,0.0,0.0,0.0,0.0,0.0,0.0,0.0,0.0,0.4868421052631579,0.6176470588235294,0.0,0.6909090909090909,0.3090909090909091,0.516034268931402,0
LT,4,0.85,844,93,110,2025-03-20,2025-12-24,0.6181818181818182,0.4627076705549664,0.7613636363636364,0.6261682242990654,0.9710144927536232,67,40,1,2,0.5636363636363636,0.6272727272727273,0.0,0.0,0.0,0.0,0.0,0.0,0.0,0.0,0.6261682242990654,0.33333333333333337,0.0,0.9727272727272728,0.02727272727272727,1.0,0
LT,5,0.9,893,99,111,2025-08-06,2026-04-16,0.6306306306306306,0.4503105590062112,0.7630057803468208,0.6346153846153846,0.9565217391304348,66,38,4,3,0.4774774774774775,0.6216216216216216,0.0,0.0,0.0,0.0,0.0,0.0,0.0,0.0,0.6346153846153846,0.5714285714285714,0.0,0.9369369369369369,0.06306306306306306,1.0,0
LT,6,0.95,943,104,56,2025-12-29,2026-04-16,0.3392857142857143,0.3393548387096774,0.4126984126984127,0.40625,0.41935483870967744,13,19,6,18,0.2857142857142857,0.375,0.0,0.0,0.0,0.0,0.0,0.0,0.0,0.0,0.40625,0.25,0.0,0.5714285714285714,0.42857142857142855,0.7896850610756894,0
BHEL,1,0.7,894,99,143,2023-12-13,2024-09-19,0.46853146853146854,0.47548605240912933,0.5064935064935064,0.6190476190476191,0.42857142857142855,39,24,28,52,0.4965034965034965,0.6293706293706294,0.0,0.0,0.0,0.0,0.0,0.0,0.0,0.0,0.6190476190476191,0.35,0.0,0.4405594405594406,0.5594405594405595,0.10000660285425449,0
BHEL,2,0.75,959,106,142,2024-05-07,2025-01-29,0.4507042253521127,0.5520833333333333,0.6213592233009708,0.4507042253521127,1.0,64,78,0,0,0.5492957746478874,0.4507042253521127,0.0,0.0,0.0,0.0,0.0,0.0,0.0,0.0,0.4507042253521127,0.0,0.0,1.0,0.0,0.10000660285425449,0
BHEL,3,0.8,1023,113,142,2024-09-20,2025-06-18,0.4788732394366197,0.47816985645933013,0.6372549019607843,0.47101449275362317,0.9848484848484849,65,73,3,1,0.4859154929577465,0.4647887323943662,0.0,0.0,0.0,0.0,0.0,0.0,0.0,0.0,0.47101449275362317,0.75,0.0,0.971830985915493,0.028169014084507043,0.22291685360406838,0
BHEL,4,0.85,1087,120,142,2025-01-30,2025-11-07,0.45774647887323944,0.43342607313195547,0.56,0.48514851485148514,0.6621621621621622,49,52,16,25,0.45774647887323944,0.44366197183098594,0.0,0.0,0.0,0.0,0.0,0.0,0.0,0.0,0.48514851485148514,0.3902439024390244,0.0,0.7112676056338029,0.2887323943661972,1.0,0
BHEL,5,0.9,1151,127,142,2025-06-19,2026-04-16,0.49295774647887325,0.5306486808172982,0.6538461538461539,0.49635036496350365,0.9577464788732394,68,69,2,3,0.4859154929577465,0.5,0.0,0.0,0.0,0.0,0.0,0.0,0.0,0.0,0.49635036496350365,0.4,0.0,0.9647887323943662,0.035211267605633804,1.0,0
BHEL,6,0.95,1215,134,71,2025-11-10,2026-04-16,0.4788732394366197,0.43084260731319557,0.4931506849315068,0.5,0.4864864864864865,18,18,16,19,0.4507042253521127,0.4788732394366197,0.0,0.0,0.0,0.0,0.0,0.0,0.0,0.0,0.5,0.4571428571428572,0.0,0.5070422535211268,0.49295774647887325,0.2687577601511898,0
SIEMENS,1,0.7,840,93,134,2024-02-08,2024-10-24,0.6194029850746269,0.6371212121212121,0.7017543859649122,0.7407407407407407,0.6666666666666666,60,21,23,30,0.5074626865671642,0.6716417910447762,0.0,0.0,0.0,0.0,0.0,0.0,0.0,0.0,0.7407407407407407,0.4339622641509434,0.0,0.6044776119402985,0.39552238805970147,0.4267618899287412,0
SIEMENS,2,0.75,900,100,133,2024-06-26,2025-02-21,0.5037593984962406,0.5167201099404489,0.611764705882353,0.46846846846846846,0.8813559322033898,52,59,15,7,0.48872180451127817,0.5939849624060151,0.0,0.0,0.0,0.0,0.0,0.0,0.0,0.0,0.46846846846846846,0.6818181818181819,0.0,0.8345864661654135,0.16541353383458646,0.1736889245733321,0
SIEMENS,3,0.8,961,106,133,2024-10-25,2025-07-18,0.5037593984962406,0.425498188405797,0.6451612903225806,0.4918032786885246,0.9375,60,62,7,4,0.45864661654135336,0.49624060150375937,0.0,0.0,0.0,0.0,0.0,0.0,0.0,0.0,0.4918032786885246,0.6363636363636364,0.0,0.9172932330827067,0.08270676691729323,0.36409568944769016,0
SIEMENS,4,0.85,1020,113,134,2025-02-24,2025-12-02,0.5671641791044776,0.5263513513513514,0.6979166666666666,0.5677966101694916,0.9054054054054054,67,51,9,7,0.5746268656716418,0.5522388059701493,0.0,0.0,0.0,0.0,0.0,0.0,0.0,0.0,0.5677966101694916,0.5625,0.0,0.8805970149253731,0.11940298507462686,1.0,0
SIEMENS,5,0.9,1080,120,134,2025-07-21,2026-04-16,0.47761194029850745,0.48930180180180183,0.6276595744680851,0.4609375,0.9833333333333333,59,69,5,1,0.4552238805970149,0.44776119402985076,0.0,0.0,0.0,0.0,0.0,0.0,0.0,0.0,0.4609375,0.8333333333333334,0.0,0.9552238805970149,0.04477611940298507,1.0,0
SIEMENS,6,0.95,1141,126,67,2025-12-03,2026-04-16,0.3880597014925373,0.45684803001876173,0.5591397849462365,0.3880597014925373,1.0,26,41,0,0,0.373134328358209,0.3283582089552239,0.0,0.0,0.0,0.0,0.0,0.0,0.0,0.0,0.3880597014925373,0.0,0.0,1.0,0.0,0.53588138992281,0
POLYCAB,1,0.7,675,74,107,2024-06-04,2024-12-31,0.4672897196261682,0.49719887955182074,0.6369426751592356,0.49504950495049505,0.8928571428571429,50,51,0,6,0.48598130841121495,0.4672897196261682,0.0,0.0,0.0,0.0,0.0,0.0,0.0,0.0,0.49504950495049505,0.0,0.0,0.9439252336448598,0.056074766355140186,0.2909295819367351,0
POLYCAB,2,0.75,723,80,107,2024-09-24,2025-04-07,0.514018691588785,0.5877622377622378,0.6623376623376623,0.5,0.9807692307692307,51,51,4,1,0.48598130841121495,0.48598130841121495,0.0,0.0,0.0,0.0,0.0,0.0,0.0,0.0,0.5,0.8,0.0,0.9532710280373832,0.04672897196261682,0.2938300369264514,0
POLYCAB,3,0.8,771,85,107,2025-01-01,2025-08-06,0.5607476635514018,0.42365591397849456,0.718562874251497,0.5714285714285714,0.967741935483871,60,45,0,2,0.4672897196261682,0.5794392523364486,0.0,0.0,0.0,0.0,0.0,0.0,0.0,0.0,0.5714285714285714,0.0,0.0,0.9813084112149533,0.018691588785046728,0.5742647495171955,0
POLYCAB,4,0.85,819,91,107,2025-04-08,2025-12-15,0.6074766355140186,0.5457665903890161,0.7469879518072289,0.6391752577319587,0.8985507246376812,62,35,3,7,0.616822429906542,0.6448598130841121,0.0,0.0,0.0,0.0,0.0,0.0,0.0,0.0,0.6391752577319587,0.30000000000000004,0.0,0.9065420560747663,0.09345794392523364,1.0,0
POLYCAB,5,0.9,867,96,108,2025-08-07,2026-04-10,0.5,0.4910344827586207,0.6029411764705882,0.5256410256410257,0.7068965517241379,41,37,13,17,0.5,0.4166666666666667,0.0,0.0,0.0,0.0,0.0,0.0,0.0,0.0,0.5256410256410257,0.43333333333333335,0.0,0.7222222222222222,0.2777777777777778,0.3180712313352646,0
POLYCAB,6,0.95,916,101,54,2025-12-16,2026-04-10,0.2962962962962963,0.28434065934065933,0.2692307692307692,0.2916666666666667,0.25,7,17,9,21,0.3333333333333333,0.4074074074074074,0.0,0.0,0.0,0.0,0.0,0.0,0.0,0.0,0.2916666666666667,0.30000000000000004,0.0,0.4444444444444444,0.5555555555555556,0.3935426310421886,0
ABB,1,0.7,835,92,133,2024-01-18,2024-10-01,0.49624060150375937,0.47876061969015493,0.5503355704697986,0.6612903225806451,0.47126436781609193,41,21,25,46,0.48120300751879697,0.518796992481203,0.0,0.0,0.0,0.0,0.0,0.0,0.0,0.0,0.6612903225806451,0.352112676056338,0.0,0.46616541353383456,0.5338345864661654,0.6060449392836782,0
ABB,2,0.75,894,99,133,2024-05-29,2025-01-28,0.39849624060150374,0.37074057246706044,0.5,0.40816326530612246,0.6451612903225806,40,58,13,22,0.38345864661654133,0.49624060150375937,0.0,0.0,0.0,0.0,0.0,0.0,0.0,0.0,0.40816326530612246,0.37142857142857144,0.0,0.7368421052631579,0.2631578947368421,0.4144590870413789,0
ABB,3,0.8,954,106,132,2024-10-04,2025-06-12,0.44696969696969696,0.40484022556390975,0.5730994152046783,0.4260869565217391,0.875,49,66,10,7,0.4621212121212121,0.4393939393939394,0.0,0.0,0.0,0.0,0.0,0.0,0.0,0.0,0.4260869565217391,0.5882352941176471,0.0,0.8712121212121212,0.12878787878787878,0.18349528332792306,0
ABB,4,0.85,1014,112,132,2025-01-29,2025-11-14,0.44696969696969696,0.46388630009319665,0.5521472392638037,0.42857142857142855,0.7758620689655172,45,60,14,13,0.5303030303030303,0.4393939393939394,0.0,0.0,0.0,0.0,0.0,0.0,0.0,0.0,0.42857142857142855,0.5185185185185186,0.0,0.7954545454545454,0.20454545454545456,1.0,0
ABB,5,0.9,1073,119,133,2025-06-16,2026-04-16,0.47368421052631576,0.5365079365079365,0.6391752577319587,0.4732824427480916,0.9841269841269841,62,69,1,1,0.44360902255639095,0.47368421052631576,0.0,0.0,0.0,0.0,0.0,0.0,0.0,0.0,0.4732824427480916,0.5,0.0,0.9849624060150376,0.015037593984962405,1.0,0
ABB,6,0.95,1133,125,67,2025-11-19,2026-04-16,0.5671641791044776,0.5054446460980037,0.6588235294117647,0.5957446808510638,0.7368421052631579,28,19,10,10,0.5074626865671642,0.417910447761194,0.0,0.0,0.0,0.0,0.0,0.0,0.0,0.0,0.5957446808510638,0.5,0.0,0.7014925373134329,0.29850746268656714,0.5551971089230181,0
HAVELLS,1,0.7,796,88,126,2024-01-17,2024-09-30,0.5555555555555556,0.502661810030821,0.6585365853658537,0.6666666666666666,0.6506024096385542,54,27,16,29,0.5476190476190477,0.5238095238095238,0.0,0.0,0.0,0.0,0.0,0.0,0.0,0.0,0.6666666666666666,0.3555555555555555,0.0,0.6428571428571429,0.35714285714285715,0.5857190935087434,0
HAVELLS,2,0.75,853,94,126,2024-05-31,2025-01-30,0.49206349206349204,0.4631925120161902,0.4482758620689655,0.45614035087719296,0.4406779661016949,26,31,36,33,0.5,0.5158730158730159,0.0,0.0,0.0,0.0,0.0,0.0,0.0,0.0,0.45614035087719296,0.5217391304347826,0.0,0.4523809523809524,0.5476190476190477,0.24471047105813204,0
HAVELLS,3,0.8,909,101,126,2024-10-01,2025-06-19,0.4126984126984127,0.43981481481481477,0.5375,0.4056603773584906,0.7962962962962963,43,63,9,11,0.46825396825396826,0.42857142857142855,0.0,0.0,0.0,0.0,0.0,0.0,0.0,0.0,0.4056603773584906,0.44999999999999996,0.0,0.8412698412698413,0.15873015873015872,0.2894367867052512,0
HAVELLS,4,0.85,966,107,126,2025-01-31,2025-11-17,0.4365079365079365,0.37731481481481477,0.5847953216374269,0.42735042735042733,0.9259259259259259,50,67,5,4,0.42063492063492064,0.42857142857142855,0.0,0.0,0.0,0.0,0.0,0.0,0.0,0.0,0.42735042735042733,0.5555555555555556,0.0,0.9285714285714286,0.07142857142857142,1.0,0
HAVELLS,5,0.9,1023,113,127,2025-06-24,2026-04-16,0.3858267716535433,0.3958441558441558,0.5465116279069767,0.38524590163934425,0.94,47,75,2,3,0.3858267716535433,0.41732283464566927,0.0,0.0,0.0,0.0,0.0,0.0,0.0,0.0,0.38524590163934425,0.4,0.0,0.9606299212598425,0.03937007874015748,1.0,0
HAVELLS,6,0.95,1080,119,64,2025-11-18,2026-04-16,0.34375,0.2753036437246964,0.4,0.3181818181818182,0.5384615384615384,14,30,8,12,0.3125,0.59375,0.0,0.0,0.0,0.0,0.0,0.0,0.0,0.0,0.3181818181818182,0.4,0.0,0.6875,0.3125,1.0,0
INDUSTOWER,1,0.7,736,81,117,2024-04-15,2024-12-02,0.49572649572649574,0.531140350877193,0.3655913978494624,0.5151515151515151,0.2833333333333333,17,16,41,43,0.5555555555555556,0.4700854700854701,0.0,0.0,0.0,0.0,0.0,0.0,0.0,0.0,0.5151515151515151,0.48809523809523814,0.0,0.28205128205128205,0.717948717948718,1.0,0
INDUSTOWER,2,0.75,789,87,116,2024-08-22,2025-03-26,0.4396551724137931,0.49030303030303024,0.5038167938931297,0.4074074074074074,0.66,33,48,18,17,0.5344827586206896,0.4051724137931034,0.0,0.0,0.0,0.0,0.0,0.0,0.0,0.0,0.4074074074074074,0.5142857142857142,0.0,0.6982758620689655,0.3017241379310345,0.1835362512634156,0
INDUSTOWER,3,0.8,841,93,117,2024-12-03,2025-07-24,0.48717948717948717,0.4447691408533022,0.5,0.4838709677419355,0.5172413793103449,30,32,27,28,0.5299145299145299,0.4700854700854701,0.0,0.0,0.0,0.0,0.0,0.0,0.0,0.0,0.4838709677419355,0.49090909090909096,0.0,0.5299145299145299,0.4700854700854701,0.43428847437283946,0
INDUSTOWER,4,0.85,893,99,117,2025-03-27,2025-11-21,0.4358974358974359,0.39289940828402364,0.47619047619047616,0.4918032786885246,0.46153846153846156,30,31,21,35,0.4700854700854701,0.4358974358974359,0.0,0.0,0.0,0.0,0.0,0.0,0.0,0.0,0.4918032786885246,0.375,0.0,0.5213675213675214,0.47863247863247865,0.6844719699491775,0
INDUSTOWER,5,0.9,946,105,117,2025-07-25,2026-04-16,0.4700854700854701,0.4266191325014855,0.5507246376811594,0.5277777777777778,0.5757575757575758,38,34,17,28,0.49572649572649574,0.48717948717948717,0.0,0.0,0.0,0.0,0.0,0.0,0.0,0.0,0.5277777777777778,0.37777777777777777,0.0,0.6153846153846154,0.38461538461538464,0.13187900028647603,0
INDUSTOWER,6,0.95,999,110,59,2025-12-01,2026-04-16,0.4067796610169492,0.46352941176470586,0.36363636363636365,0.47619047619047616,0.29411764705882354,10,11,14,24,0.3728813559322034,0.576271186440678,0.0,0.0,0.0,0.0,0.0,0.0,0.0,0.0,0.47619047619047616,0.368421052631579,0.0,0.3559322033898305,0.6440677966101694,1.0,0
CUMMINSIND,1,0.7,729,80,115,2024-05-09,2024-12-12,0.5652173913043478,0.5809494826536823,0.6753246753246753,0.5652173913043478,0.8387096774193549,52,40,13,10,0.5565217391304348,0.6086956521739131,0.0,0.0,0.0,0.0,0.0,0.0,0.0,0.0,0.5652173913043478,0.5652173913043479,0.0,0.8,0.2,0.16692199134125774,0
CUMMINSIND,2,0.75,781,86,115,2024-08-22,2025-04-03,0.4260869565217391,0.5763454317897372,0.5875,0.415929203539823,1.0,47,66,2,0,0.4608695652173913,0.43478260869565216,0.0,0.0,0.0,0.0,0.0,0.0,0.0,0.0,0.415929203539823,1.0,0.0,0.9826086956521739,0.017391304347826087,0.3579093478173266,0
CUMMINSIND,3,0.8,832,92,116,2024-12-13,2025-08-01,0.5172413793103449,0.49464285714285716,0.6818181818181818,0.5172413793103449,1.0,60,56,0,0,0.5344827586206896,0.5172413793103449,0.0,0.0,0.0,0.0,0.0,0.0,0.0,0.0,0.5172413793103449,0.0,0.0,1.0,0.0,0.16142766855965432,0
CUMMINSIND,4,0.85,884,98,116,2025-04-04,2025-12-08,0.6206896551724138,0.5009127418765973,0.7608695652173914,0.693069306930693,0.8433734939759037,70,31,2,13,0.6293103448275862,0.7155172413793104,0.0,0.0,0.0,0.0,0.0,0.0,0.0,0.0,0.693069306930693,0.1333333333333333,0.0,0.8706896551724138,0.12931034482758622,1.0,0
CUMMINSIND,5,0.9,936,104,116,2025-08-04,2026-04-16,0.5258620689655172,0.3632561132561133,0.6857142857142857,0.594059405940594,0.8108108108108109,60,41,1,14,0.5172413793103449,0.603448275862069,0.0,0.0,0.0,0.0,0.0,0.0,0.0,0.0,0.594059405940594,0.06666666666666665,0.0,0.8706896551724138,0.12931034482758622,0.6222281778770213,0
CUMMINSIND,6,0.95,989,109,58,2025-12-11,2026-04-16,0.46551724137931033,0.31370192307692313,0.6352941176470588,0.5094339622641509,0.84375,27,26,0,5,0.5517241379310345,0.4482758620689655,0.0,0.0,0.0,0.0,0.0,0.0,0.0,0.0,0.5094339622641509,0.0,0.0,0.9137931034482759,0.08620689655172414,0.3571011020286224,0
BHARTIARTL,1,0.7,667,74,106,2024-04-25,2024-11-11,0.5754716981132075,0.6505589614136316,0.6896551724137931,0.5813953488372093,0.847457627118644,50,36,11,9,0.5660377358490566,0.5943396226415094,0.0,0.0,0.0,0.0,0.0,0.0,0.0,0.0,0.5813953488372093,0.55,0.0,0.8113207547169812,0.18867924528301888,0.4145591415378894,0
BHARTIARTL,2,0.75,715,79,106,2024-08-22,2025-03-18,0.3867924528301887,0.37128535624776227,0.5185185185185185,0.44871794871794873,0.6140350877192983,35,43,6,22,0.5094339622641509,0.4056603773584906,0.0,0.0,0.0,0.0,0.0,0.0,0.0,0.0,0.44871794871794873,0.2142857142857143,0.0,0.7358490566037735,0.2641509433962264,0.4001774851162869,0
BHARTIARTL,3,0.8,763,84,106,2024-11-12,2025-08-06,0.5849056603773585,0.4150093808630394,0.7317073170731707,0.6060606060606061,0.9230769230769231,60,39,2,5,0.5188679245283019,0.5849056603773585,0.0,0.0,0.0,0.0,0.0,0.0,0.0,0.0,0.6060606060606061,0.2857142857142857,0.0,0.9339622641509434,0.0660377358490566,0.6179319247264061,0
BHARTIARTL,4,0.85,810,90,106,2025-03-19,2025-11-24,0.5849056603773585,0.4622889305816136,0.7380952380952381,0.6019417475728155,0.9538461538461539,62,41,0,3,0.5849056603773585,0.6132075471698113,0.0,0.0,0.0,0.0,0.0,0.0,0.0,0.0,0.6019417475728155,0.0,0.0,0.9716981132075472,0.02830188679245283,1.0,0
BHARTIARTL,5,0.9,858,95,106,2025-08-07,2026-04-10,0.4716981132075472,0.5334765485141425,0.6164383561643836,0.4639175257731959,0.9183673469387755,45,52,5,4,0.49056603773584906,0.46226415094339623,0.0,0.0,0.0,0.0,0.0,0.0,0.0,0.0,0.4639175257731959,0.5555555555555556,0.0,0.9150943396226415,0.08490566037735849,0.5016589566178074,0
BHARTIARTL,6,0.95,906,100,53,2025-11-25,2026-04-10,0.32075471698113206,0.45789473684210535,0.4375,0.2857142857142857,0.9333333333333333,14,35,3,1,0.33962264150943394,0.2830188679245283,0.0,0.0,0.0,0.0,0.0,0.0,0.0,0.0,0.2857142857142857,0.75,0.0,0.9245283018867925,0.07547169811320754,0.5651993632701148,0
ULTRACEMCO,1,0.7,656,72,104,2024-03-22,2024-11-26,0.5865384615384616,0.6229755178907721,0.7189542483660131,0.5851063829787234,0.9322033898305084,55,39,6,4,0.5673076923076923,0.5673076923076923,0.0,0.0,0.0,0.0,0.0,0.0,0.0,0.0,0.5851063829787234,0.6,0.0,0.9038461538461539,0.09615384615384616,0.24788652541074704,0
ULTRACEMCO,2,0.75,702,78,104,2024-07-16,2025-03-25,0.6346153846153846,0.6871279761904762,0.7361111111111112,0.6022727272727273,0.9464285714285714,53,35,13,3,0.6346153846153846,0.5673076923076923,0.0,0.0,0.0,0.0,0.0,0.0,0.0,0.0,0.6022727272727273,0.8125,0.0,0.8461538461538461,0.15384615384615385,0.6051515277476206,0
ULTRACEMCO,3,0.8,749,83,104,2024-11-27,2025-08-12,0.6634615384615384,0.6648875333587495,0.7619047619047619,0.6511627906976745,0.9180327868852459,56,30,13,5,0.625,0.5576923076923077,0.0,0.0,0.0,0.0,0.0,0.0,0.0,0.0,0.6511627906976745,0.7222222222222222,0.0,0.8269230769230769,0.17307692307692307,0.6055328321177312,0
ULTRACEMCO,4,0.85,796,88,104,2025-03-26,2025-12-12,0.46153846153846156,0.4263392857142857,0.6056338028169014,0.4574468085106383,0.8958333333333334,43,51,5,5,0.4519230769230769,0.46153846153846156,0.0,0.0,0.0,0.0,0.0,0.0,0.0,0.0,0.4574468085106383,0.5,0.0,0.9038461538461539,0.09615384615384616,0.5840771416186797,0
ULTRACEMCO,5,0.9,843,93,104,2025-08-13,2026-04-16,0.4519230769230769,0.4061216871967152,0.544,0.4358974358974359,0.723404255319149,34,44,13,13,0.40384615384615385,0.4326923076923077,0.0,0.0,0.0,0.0,0.0,0.0,0.0,0.0,0.4358974358974359,0.5,0.0,0.75,0.25,0.4551435466963706,0
ULTRACEMCO,6,0.95,890,98,52,2025-12-15,2026-04-16,0.4807692307692308,0.5078125,0.5846153846153846,0.5757575757575758,0.59375,19,14,6,13,0.5769230769230769,0.5192307692307693,0.0,0.0,0.0,0.0,0.0,0.0,0.0,0.0,0.5757575757575758,0.3157894736842105,0.0,0.6346153846153846,0.36538461538461536,1.0,0
AMBUJACEM,1,0.7,714,79,113,2024-04-22,2024-12-04,0.4336283185840708,0.45047619047619053,0.5,0.41025641025641024,0.64,32,46,17,18,0.4336283185840708,0.5575221238938053,0.0,0.0,0.0,0.0,0.0,0.0,0.0,0.0,0.41025641025641024,0.48571428571428577,0.0,0.6902654867256637,0.30973451327433627,0.46557801651965197,0
AMBUJACEM,2,0.75,765,84,114,2024-08-07,2025-03-26,0.4824561403508772,0.449597423510467,0.4380952380952381,0.38333333333333336,0.5111111111111111,23,37,32,22,0.40350877192982454,0.49122807017543857,0.0,0.0,0.0,0.0,0.0,0.0,0.0,0.0,0.38333333333333336,0.5925925925925926,0.0,0.5263157894736842,0.47368421052631576,0.46427570847321015,0
AMBUJACEM,3,0.8,816,90,113,2024-12-06,2025-07-22,0.6106194690265486,0.6622807017543859,0.6857142857142857,0.5714285714285714,0.8571428571428571,48,36,21,8,0.6017699115044248,0.504424778761062,0.0,0.0,0.0,0.0,0.0,0.0,0.0,0.0,0.5714285714285714,0.7241379310344828,0.0,0.7433628318584071,0.25663716814159293,1.0,0
AMBUJACEM,4,0.85,867,96,113,2025-03-27,2025-12-15,0.5398230088495575,0.6088888888888888,0.6119402985074627,0.4880952380952381,0.82,41,43,20,9,0.4778761061946903,0.5575221238938053,0.0,0.0,0.0,0.0,0.0,0.0,0.0,0.0,0.4880952380952381,0.6896551724137931,0.0,0.7433628318584071,0.25663716814159293,0.2680287602274867,0
AMBUJACEM,5,0.9,918,101,114,2025-07-24,2026-04-16,0.6052631578947368,0.5908783783783784,0.43037974683544306,0.4358974358974359,0.425,17,22,52,23,0.5614035087719298,0.6666666666666666,0.0,0.0,0.0,0.0,0.0,0.0,0.0,0.0,0.4358974358974359,0.6933333333333334,0.0,0.34210526315789475,0.6578947368421053,1.0,0
AMBUJACEM,6,0.95,969,107,57,2025-12-17,2026-04-16,0.5614035087719298,0.5843989769820972,0.46808510638297873,0.4583333333333333,0.4782608695652174,11,13,21,12,0.5614035087719298,0.5614035087719298,0.0,0.0,0.0,0.0,0.0,0.0,0.0,0.0,0.4583333333333333,0.6363636363636364,0.0,0.42105263157894735,0.5789473684210527,0.1715594487883406,0
GRASIM,1,0.7,689,76,110,2024-03-06,2024-10-28,0.5727272727272728,0.5159646739130435,0.6845637583892618,0.6,0.796875,51,34,12,13,0.5636363636363636,0.5181818181818182,0.0,0.0,0.0,0.0,0.0,0.0,0.0,0.0,0.6,0.48,0.0,0.7727272727272727,0.22727272727272727,0.3042683067196908,0
GRASIM,2,0.75,738,82,109,2024-07-11,2025-02-21,0.42201834862385323,0.5884615384615384,0.5594405594405595,0.40404040404040403,0.9090909090909091,40,59,6,4,0.3944954128440367,0.48623853211009177,0.0,0.0,0.0,0.0,0.0,0.0,0.0,0.0,0.40404040404040403,0.6,0.0,0.908256880733945,0.09174311926605505,0.3901814269812213,0
GRASIM,3,0.8,788,87,109,2024-10-29,2025-07-08,0.46788990825688076,0.41160593792172745,0.5857142857142857,0.4659090909090909,0.7884615384615384,41,47,10,11,0.45871559633027525,0.47706422018348627,0.0,0.0,0.0,0.0,0.0,0.0,0.0,0.0,0.4659090909090909,0.47619047619047616,0.0,0.8073394495412844,0.1926605504587156,0.5870928043818257,0
GRASIM,4,0.85,837,92,110,2025-02-28,2025-11-14,0.5909090909090909,0.4951811232967763,0.6808510638297872,0.5853658536585366,0.8135593220338984,48,34,17,11,0.4818181818181818,0.5727272727272728,0.0,0.0,0.0,0.0,0.0,0.0,0.0,0.0,0.5853658536585366,0.6071428571428572,0.0,0.7454545454545455,0.2545454545454545,1.0,0
GRASIM,5,0.9,886,98,110,2025-07-09,2026-04-16,0.5363636363636364,0.4932141674942072,0.6622516556291391,0.5102040816326531,0.9433962264150944,50,48,9,3,0.5363636363636364,0.5636363636363636,0.0,0.0,0.0,0.0,0.0,0.0,0.0,0.0,0.5102040816326531,0.75,0.0,0.8909090909090909,0.10909090909090909,0.10000660285425449,0
GRASIM,6,0.95,936,103,55,2025-11-17,2026-04-16,0.6181818181818182,0.6379310344827587,0.704225352112676,0.5555555555555556,0.9615384615384616,25,20,9,1,0.4727272727272727,0.5818181818181818,0.0,0.0,0.0,0.0,0.0,0.0,0.0,0.0,0.5555555555555556,0.9,0.0,0.8181818181818182,0.18181818181818182,0.5625339963223864,0
SHREECEM,1,0.7,675,74,107,2024-04-10,2024-11-25,0.514018691588785,0.47009148486981,0.6285714285714286,0.5365853658536586,0.7586206896551724,44,38,11,14,0.4205607476635514,0.5046728971962616,0.0,0.0,0.0,0.0,0.0,0.0,0.0,0.0,0.5365853658536586,0.43999999999999995,0.0,0.7663551401869159,0.2336448598130841,1.8010351614940916,0
SHREECEM,2,0.75,722,80,107,2024-08-14,2025-03-19,0.5887850467289719,0.5183982683982684,0.6716417910447762,0.6338028169014085,0.7142857142857143,45,26,18,18,0.4953271028037383,0.5700934579439252,0.0,0.0,0.0,0.0,0.0,0.0,0.0,0.0,0.6338028169014085,0.5,0.0,0.6635514018691588,0.3364485981308411,0.6450278673677018,0
SHREECEM,3,0.8,771,85,107,2024-11-26,2025-07-16,0.5327102803738317,0.5678210678210678,0.5370370370370371,0.6444444444444445,0.4603174603174603,29,16,28,34,0.6074766355140186,0.5981308411214953,0.0,0.0,0.0,0.0,0.0,0.0,0.0,0.0,0.6444444444444445,0.4516129032258065,0.0,0.4205607476635514,0.5794392523364486,0.10000660285425449,0
SHREECEM,4,0.85,819,90,107,2025-03-20,2025-12-04,0.4953271028037383,0.5210643015521065,0.5846153846153846,0.42696629213483145,0.926829268292683,38,51,15,3,0.4672897196261682,0.38317757009345793,0.0,0.0,0.0,0.0,0.0,0.0,0.0,0.0,0.42696629213483145,0.8333333333333334,0.0,0.8317757009345794,0.16822429906542055,0.1869881857690625,0
SHREECEM,5,0.9,867,96,107,2025-07-17,2026-04-16,0.514018691588785,0.5282805429864253,0.543859649122807,0.41333333333333333,0.7948717948717948,31,44,24,8,0.5233644859813084,0.5420560747663551,0.0,0.0,0.0,0.0,0.0,0.0,0.0,0.0,0.41333333333333333,0.75,0.0,0.7009345794392523,0.29906542056074764,0.6303779998876546,0
SHREECEM,6,0.95,915,101,54,2025-12-08,2026-04-16,0.5,0.7338820301783265,0.6493506493506493,0.5,0.9259259259259259,25,25,2,2,0.5370370370370371,0.5,0.0,0.0,0.0,0.0,0.0,0.0,0.0,0.0,0.5,0.5,0.0,0.9259259259259259,0.07407407407407407,1.0,0
TITAN,1,0.7,815,90,129,2023-11-29,2024-10-01,0.4806201550387597,0.37837162837162835,0.6214689265536724,0.55,0.7142857142857143,55,45,7,22,0.5503875968992248,0.4883720930232558,0.0,0.0,0.0,0.0,0.0,0.0,0.0,0.0,0.55,0.24137931034482762,0.0,0.7751937984496124,0.2248062015503876,0.6282444794392067,0
TITAN,2,0.75,873,96,130,2024-05-16,2025-02-12,0.4846153846153846,0.5171428571428571,0.6417112299465241,0.47244094488188976,1.0,60,67,3,0,0.47692307692307695,0.46153846153846156,0.0,0.0,0.0,0.0,0.0,0.0,0.0,0.0,0.47244094488188976,1.0,0.0,0.9769230769230769,0.023076923076923078,0.6205240886953368,0
TITAN,3,0.8,931,103,129,2024-10-04,2025-07-15,0.43410852713178294,0.5264197530864198,0.5966850828729282,0.4251968503937008,1.0,54,73,2,0,0.4263565891472868,0.4186046511627907,0.0,0.0,0.0,0.0,0.0,0.0,0.0,0.0,0.4251968503937008,1.0,0.0,0.9844961240310077,0.015503875968992248,1.0,0
TITAN,4,0.85,990,109,129,2025-02-13,2025-11-27,0.5813953488372093,0.6017283950617285,0.7244897959183674,0.5867768595041323,0.9466666666666667,71,50,4,4,0.5813953488372093,0.5038759689922481,0.0,0.0,0.0,0.0,0.0,0.0,0.0,0.0,0.5867768595041323,0.5,0.0,0.937984496124031,0.06201550387596899,1.0,0
TITAN,5,0.9,1047,116,130,2025-07-16,2026-04-16,0.6,0.5925925925925926,0.7319587628865979,0.6283185840707964,0.8765432098765432,71,42,7,10,0.6,0.3769230769230769,0.0,0.0,0.0,0.0,0.0,0.0,0.0,0.0,0.6283185840707964,0.4117647058823529,0.0,0.8692307692307693,0.13076923076923078,1.0,0
TITAN,6,0.95,1106,122,65,2025-12-01,2026-04-16,0.6923076923076923,0.6765285996055226,0.7674418604651163,0.7021276595744681,0.8461538461538461,33,14,12,6,0.6307692307692307,0.6307692307692307,0.0,0.0,0.0,0.0,0.0,0.0,0.0,0.0,0.7021276595744681,0.6666666666666667,0.0,0.7230769230769231,0.27692307692307694,0.6398204143398247,0
ASIANPAINT,1,0.7,768,85,122,2023-11-30,2024-09-16,0.6147540983606558,0.5412765957446808,0.7283236994219653,0.6428571428571429,0.84,63,35,12,12,0.6311475409836066,0.5573770491803278,0.0,0.0,0.0,0.0,0.0,0.0,0.0,0.0,0.6428571428571429,0.5,0.0,0.8032786885245902,0.19672131147540983,0.5686377189348952,0
ASIANPAINT,2,0.75,823,91,122,2024-04-29,2025-02-06,0.45081967213114754,0.5169842584921294,0.4806201550387597,0.3974358974358974,0.6078431372549019,31,47,24,20,0.48360655737704916,0.5,0.0,0.0,0.0,0.0,0.0,0.0,0.0,0.0,0.3974358974358974,0.5454545454545454,0.0,0.639344262295082,0.36065573770491804,0.5482249390792303,0
ASIANPAINT,3,0.8,878,97,122,2024-09-17,2025-07-09,0.4426229508196721,0.468975468975469,0.4925373134328358,0.3707865168539326,0.7333333333333333,33,56,21,12,0.4016393442622951,0.4672131147540984,0.0,0.0,0.0,0.0,0.0,0.0,0.0,0.0,0.3707865168539326,0.6363636363636364,0.0,0.7295081967213115,0.27049180327868855,0.8221894470556619,0
ASIANPAINT,4,0.85,933,103,122,2025-02-07,2025-11-11,0.4426229508196721,0.410719168717528,0.5277777777777778,0.5066666666666667,0.5507246376811594,38,37,16,31,0.5245901639344263,0.4344262295081967,0.0,0.0,0.0,0.0,0.0,0.0,0.0,0.0,0.5066666666666667,0.34042553191489366,0.0,0.6147540983606558,0.38524590163934425,1.0,0
ASIANPAINT,5,0.9,988,109,122,2025-07-10,2026-04-16,0.5163934426229508,0.5052461662631155,0.46846846846846846,0.5,0.4406779661016949,26,26,37,33,0.5081967213114754,0.5163934426229508,0.0,0.0,0.0,0.0,0.0,0.0,0.0,0.0,0.5,0.5285714285714286,0.0,0.4262295081967213,0.5737704918032787,0.10000660285425449,0
ASIANPAINT,6,0.95,1043,115,61,2025-11-12,2026-04-16,0.5901639344262295,0.5608108108108107,0.24242424242424243,0.4444444444444444,0.16666666666666666,4,5,32,20,0.4262295081967213,0.6065573770491803,0.0,0.0,0.0,0.0,0.0,0.0,0.0,0.0,0.4444444444444444,0.6153846153846154,0.0,0.14754098360655737,0.8524590163934426,1.0,0
PIDILITIND,1,0.7,739,82,117,2023-11-23,2024-08-26,0.5641025641025641,0.5543918918918919,0.6382978723404256,0.7377049180327869,0.5625,45,16,21,35,0.5470085470085471,0.452991452991453,0.0,0.0,0.0,0.0,0.0,0.0,0.0,0.0,0.7377049180327869,0.375,0.0,0.5213675213675214,0.47863247863247865,0.6742438151110246,0
PIDILITIND,2,0.75,792,87,118,2024-03-21,2025-01-07,0.4406779661016949,0.4408973252804142,0.43103448275862066,0.45454545454545453,0.4098360655737705,25,30,27,36,0.4661016949152542,0.4152542372881356,0.0,0.0,0.0,0.0,0.0,0.0,0.0,0.0,0.45454545454545453,0.4285714285714286,0.0,0.4661016949152542,0.5338983050847458,0.29379125687132834,0
PIDILITIND,3,0.8,845,93,117,2024-08-27,2025-06-09,0.4700854700854701,0.5149297423887588,0.5441176470588235,0.4625,0.6607142857142857,37,43,18,19,0.5042735042735043,0.5213675213675214,0.0,0.0,0.0,0.0,0.0,0.0,0.0,0.0,0.4625,0.4864864864864865,0.0,0.6837606837606838,0.3162393162393162,0.18945145023125587,0
PIDILITIND,4,0.85,898,99,117,2025-01-08,2025-10-29,0.48717948717948717,0.5359669811320754,0.6341463414634146,0.46846846846846846,0.9811320754716981,52,59,5,1,0.46153846153846156,0.49572649572649574,0.0,0.0,0.0,0.0,0.0,0.0,0.0,0.0,0.46846846846846846,0.8333333333333334,0.0,0.9487179487179487,0.05128205128205128,1.0,0
PIDILITIND,5,0.9,950,105,118,2025-06-10,2026-04-16,0.4067796610169492,0.4726190476190476,0.5454545454545454,0.39622641509433965,0.875,42,64,6,6,0.4067796610169492,0.4576271186440678,0.0,0.0,0.0,0.0,0.0,0.0,0.0,0.0,0.39622641509433965,0.5,0.0,0.8983050847457628,0.1016949152542373,1.0,0
PIDILITIND,6,0.95,1003,111,59,2025-10-30,2026-04-16,0.4915254237288136,0.4505882352941176,0.4230769230769231,0.4074074074074074,0.44,11,16,18,14,0.3898305084745763,0.576271186440678,0.0,0.0,0.0,0.0,0.0,0.0,0.0,0.0,0.4074074074074074,0.5625,0.0,0.4576271186440678,0.5423728813559322,1.0,0
BERGEPAINT,1,0.7,780,86,124,2024-01-11,2024-10-10,0.49193548387096775,0.49111807732497387,0.6086956521739131,0.5157894736842106,0.7424242424242424,49,46,12,17,0.5564516129032258,0.5403225806451613,0.0,0.0,0.0,0.0,0.0,0.0,0.0,0.0,0.5157894736842106,0.4137931034482759,0.0,0.7661290322580645,0.23387096774193547,0.48150271532123373,0
BERGEPAINT,2,0.75,836,92,124,2024-06-03,2025-02-17,0.5483870967741935,0.476890756302521,0.631578947368421,0.5714285714285714,0.7058823529411765,48,36,20,20,0.5725806451612904,0.41935483870967744,0.0,0.0,0.0,0.0,0.0,0.0,0.0,0.0,0.5714285714285714,0.5,0.0,0.6774193548387096,0.3225806451612903,0.24610118249120846,0
BERGEPAINT,3,0.8,891,99,124,2024-10-11,2025-07-03,0.5564516129032258,0.57421875,0.6258503401360545,0.5287356321839081,0.7666666666666667,46,41,23,14,0.47580645161290325,0.5403225806451613,0.0,0.0,0.0,0.0,0.0,0.0,0.0,0.0,0.5287356321839081,0.6216216216216216,0.0,0.7016129032258065,0.29838709677419356,0.5158050767041223,0
BERGEPAINT,4,0.85,947,105,124,2025-02-19,2025-11-24,0.5161290322580645,0.49869791666666663,0.6629213483146067,0.5175438596491229,0.921875,59,55,5,5,0.5080645161290323,0.5161290322580645,0.0,0.0,0.0,0.0,0.0,0.0,0.0,0.0,0.5175438596491229,0.5,0.0,0.9193548387096774,0.08064516129032258,0.4576529690666408,0
BERGEPAINT,5,0.9,1003,111,124,2025-07-04,2026-04-10,0.4596774193548387,0.5044897959183674,0.5179856115107914,0.4,0.7346938775510204,36,54,21,13,0.49193548387096775,0.46774193548387094,0.0,0.0,0.0,0.0,0.0,0.0,0.0,0.0,0.4,0.6176470588235294,0.0,0.7258064516129032,0.27419354838709675,0.3881416765252863,0
BERGEPAINT,6,0.95,1059,117,62,2025-11-25,2026-04-10,0.5,0.5342624854819977,0.43636363636363634,0.35294117647058826,0.5714285714285714,12,22,19,9,0.45161290322580644,0.6129032258064516,0.0,0.0,0.0,0.0,0.0,0.0,0.0,0.0,0.35294117647058826,0.6785714285714286,0.0,0.5483870967741935,0.45161290322580644,0.11011665065182914,0
VOLTAS,1,0.7,819,90,131,2024-02-26,2024-11-06,0.5267175572519084,0.5475490196078431,0.5974025974025974,0.6216216216216216,0.575,46,28,23,34,0.549618320610687,0.5190839694656488,0.0,0.0,0.0,0.0,0.0,0.0,0.0,0.0,0.6216216216216216,0.4035087719298246,0.0,0.5648854961832062,0.4351145038167939,0.7722274686359633,0
VOLTAS,2,0.75,878,97,130,2024-07-22,2025-03-05,0.4461538461538462,0.39299242424242425,0.49295774647887325,0.44871794871794873,0.546875,35,43,23,29,0.46923076923076923,0.36153846153846153,0.0,0.0,0.0,0.0,0.0,0.0,0.0,0.0,0.44871794871794873,0.4423076923076923,0.0,0.6,0.4,0.3385272076722412,0
VOLTAS,3,0.8,936,104,130,2024-11-07,2025-07-23,0.5,0.4394843638099785,0.5637583892617449,0.4666666666666667,0.711864406779661,42,48,23,17,0.46923076923076923,0.4153846153846154,0.0,0.0,0.0,0.0,0.0,0.0,0.0,0.0,0.4666666666666667,0.575,0.0,0.6923076923076923,0.3076923076923077,0.4120619051493411,0
VOLTAS,4,0.85,995,110,130,2025-03-07,2025-12-02,0.5384615384615384,0.5182637571157496,0.5774647887323944,0.5125,0.6612903225806451,41,39,29,21,0.5538461538461539,0.47692307692307695,0.0,0.0,0.0,0.0,0.0,0.0,0.0,0.0,0.5125,0.5800000000000001,0.0,0.6153846153846154,0.38461538461538464,1.0,0
VOLTAS,5,0.9,1053,117,130,2025-07-24,2026-04-16,0.6,0.6526490852934188,0.6790123456790124,0.5445544554455446,0.9016393442622951,55,46,23,6,0.5384615384615384,0.46923076923076923,0.0,0.0,0.0,0.0,0.0,0.0,0.0,0.0,0.5445544554455446,0.7931034482758621,0.0,0.7769230769230769,0.2230769230769231,1.0,0
VOLTAS,6,0.95,1112,123,65,2025-12-04,2026-04-16,0.5076923076923077,0.5767045454545454,0.5428571428571428,0.5,0.59375,19,19,14,13,0.36923076923076925,0.5538461538461539,0.0,0.0,0.0,0.0,0.0,0.0,0.0,0.0,0.5,0.5185185185185186,0.0,0.5846153846153846,0.4153846153846154,0.6491047194043845,0
DLF,1,0.7,885,98,141,2023-12-12,2024-09-27,0.5815602836879432,0.5319792566983578,0.6810810810810811,0.65625,0.7078651685393258,63,33,19,26,0.6382978723404256,0.6312056737588653,0.0,0.0,0.0,0.0,0.0,0.0,0.0,0.0,0.65625,0.4222222222222223,0.0,0.6808510638297872,0.3191489361702128,0.2695498498451111,0
DLF,2,0.75,948,105,141,2024-05-08,2025-01-31,0.5886524822695035,0.6599435256151673,0.6813186813186813,0.5740740740740741,0.8378378378378378,62,46,21,12,0.5319148936170213,0.524822695035461,0.0,0.0,0.0,0.0,0.0,0.0,0.0,0.0,0.5740740740740741,0.6363636363636364,0.0,0.7659574468085106,0.23404255319148937,0.18210434747705503,0
DLF,3,0.8,1012,112,140,2024-09-30,2025-06-23,0.5285714285714286,0.5716911764705882,0.6732673267326733,0.5230769230769231,0.9444444444444444,68,62,6,4,0.4857142857142857,0.5285714285714286,0.0,0.0,0.0,0.0,0.0,0.0,0.0,0.0,0.5230769230769231,0.6,0.0,0.9285714285714286,0.07142857142857142,0.5465333932102039,0
DLF,4,0.85,1075,119,140,2025-02-03,2025-11-13,0.5142857142857142,0.5978771177791385,0.6344086021505376,0.5042735042735043,0.855072463768116,59,58,13,10,0.5214285714285715,0.4928571428571429,0.0,0.0,0.0,0.0,0.0,0.0,0.0,0.0,0.5042735042735043,0.5652173913043479,0.0,0.8357142857142857,0.16428571428571428,1.0,0
DLF,5,0.9,1138,126,141,2025-06-25,2026-04-10,0.36879432624113473,0.4342857142857143,0.4971751412429379,0.3464566929133858,0.88,44,83,8,6,0.3900709219858156,0.3546099290780142,0.0,0.0,0.0,0.0,0.0,0.0,0.0,0.0,0.3464566929133858,0.5714285714285714,0.0,0.900709219858156,0.09929078014184398,1.0,0
DLF,6,0.95,1201,133,71,2025-11-14,2026-04-10,0.43661971830985913,0.5382352941176471,0.4117647058823529,0.2916666666666667,0.7,14,34,17,6,0.5492957746478874,0.7183098591549296,0.0,0.0,0.0,0.0,0.0,0.0,0.0,0.0,0.2916666666666667,0.7391304347826086,0.0,0.676056338028169,0.323943661971831,1.0,0
DMART,1,0.7,824,91,131,2023-12-20,2024-09-25,0.5648854961832062,0.5650701499758103,0.6459627329192547,0.6265060240963856,0.6666666666666666,52,31,22,26,0.46564885496183206,0.4961832061068702,0.0,0.0,0.0,0.0,0.0,0.0,0.0,0.0,0.6265060240963856,0.45833333333333337,0.0,0.6335877862595419,0.366412213740458,0.8004207189094539,0
DMART,2,0.75,883,98,130,2024-05-15,2025-01-28,0.4076923076923077,0.4444444444444445,0.3937007874015748,0.36231884057971014,0.43103448275862066,25,44,28,33,0.5,0.45384615384615384,0.0,0.0,0.0,0.0,0.0,0.0,0.0,0.0,0.36231884057971014,0.4590163934426229,0.0,0.5307692307692308,0.46923076923076923,0.6654857866693221,0
DMART,3,0.8,942,104,131,2024-09-26,2025-06-13,0.40458015267175573,0.3658131816026553,0.38095238095238093,0.34782608695652173,0.42105263157894735,24,45,29,33,0.48091603053435117,0.5648854961832062,0.0,0.0,0.0,0.0,0.0,0.0,0.0,0.0,0.34782608695652173,0.467741935483871,0.0,0.5267175572519084,0.4732824427480916,1.0,0
DMART,4,0.85,1000,111,131,2025-01-29,2025-10-31,0.42748091603053434,0.45652173913043476,0.5033112582781457,0.42696629213483145,0.6129032258064516,38,51,18,24,0.4961832061068702,0.48854961832061067,0.0,0.0,0.0,0.0,0.0,0.0,0.0,0.0,0.42696629213483145,0.4285714285714286,0.0,0.6793893129770993,0.32061068702290074,1.0,0
DMART,5,0.9,1060,117,131,2025-06-16,2026-04-16,0.3511450381679389,0.3560493827160494,0.4370860927152318,0.32673267326732675,0.66,33,68,13,17,0.3816793893129771,0.6183206106870229,0.0,0.0,0.0,0.0,0.0,0.0,0.0,0.0,0.32673267326732675,0.43333333333333335,0.0,0.7709923664122137,0.22900763358778625,1.0,0
DMART,6,0.95,1118,124,66,2025-11-03,2026-04-16,0.3787878787878788,0.39707317073170734,0.3880597014925373,0.30952380952380953,0.52,13,29,12,12,0.3333333333333333,0.6060606060606061,0.0,0.0,0.0,0.0,0.0,0.0,0.0,0.0,0.30952380952380953,0.5,0.0,0.6363636363636364,0.36363636363636365,1.0,0
PAGEIND,1,0.7,810,89,129,2023-12-21,2024-10-10,0.5116279069767442,0.4959778783308195,0.5882352941176471,0.6,0.5769230769230769,45,30,21,33,0.5736434108527132,0.3953488372093023,0.0,0.0,0.0,0.0,0.0,0.0,0.0,0.0,0.6,0.38888888888888884,0.0,0.5813953488372093,0.4186046511627907,1.0,0
PAGEIND,2,0.75,867,96,129,2024-05-30,2025-02-12,0.5736434108527132,0.6721709567751335,0.5378151260504201,0.6666666666666666,0.4507042253521127,32,16,42,39,0.4728682170542636,0.46511627906976744,0.0,0.0,0.0,0.0,0.0,0.0,0.0,0.0,0.6666666666666666,0.5185185185185186,0.0,0.37209302325581395,0.627906976744186,0.5132298663358236,0
PAGEIND,3,0.8,926,102,128,2024-10-14,2025-07-18,0.515625,0.4980295566502463,0.42592592592592593,0.46,0.39655172413793105,23,27,43,35,0.4609375,0.5390625,0.0,0.0,0.0,0.0,0.0,0.0,0.0,0.0,0.46,0.5512820512820513,0.0,0.390625,0.609375,0.5361510295349394,0
PAGEIND,4,0.85,983,109,128,2025-02-20,2025-12-03,0.4453125,0.5411458333333332,0.49645390070921985,0.3763440860215054,0.7291666666666666,35,58,22,13,0.4296875,0.453125,0.0,0.0,0.0,0.0,0.0,0.0,0.0,0.0,0.3763440860215054,0.6285714285714286,0.0,0.7265625,0.2734375,0.33863426374503036,0
PAGEIND,5,0.9,1041,115,129,2025-07-22,2026-04-16,0.6046511627906976,0.6713191023535852,0.5405405405405406,0.43478260869565216,0.7142857142857143,30,39,48,12,0.3488372093023256,0.5348837209302325,0.0,0.0,0.0,0.0,0.0,0.0,0.0,0.0,0.43478260869565216,0.8,0.0,0.5348837209302325,0.46511627906976744,1.0,0
PAGEIND,6,0.95,1098,122,65,2025-12-04,2026-04-16,0.6153846153846154,0.6719999999999999,0.4897959183673469,0.5,0.48,12,12,28,13,0.6,0.6153846153846154,0.0,0.0,0.0,0.0,0.0,0.0,0.0,0.0,0.5,0.6829268292682926,0.0,0.36923076923076925,0.6307692307692307,0.10000660285425449,0
GODREJPROP,1,0.7,872,96,139,2023-12-19,2024-10-08,0.5827338129496403,0.5622710622710622,0.6881720430107527,0.6736842105263158,0.7032967032967034,64,31,17,27,0.6187050359712231,0.6115107913669064,0.0,0.0,0.0,0.0,0.0,0.0,0.0,0.0,0.6736842105263158,0.38636363636363635,0.0,0.6834532374100719,0.31654676258992803,0.478690444794202,0
GODREJPROP,2,0.75,935,103,138,2024-05-22,2025-02-03,0.463768115942029,0.49058201058201056,0.5842696629213483,0.45217391304347826,0.8253968253968254,52,63,12,11,0.4927536231884058,0.45652173913043476,0.0,0.0,0.0,0.0,0.0,0.0,0.0,0.0,0.45217391304347826,0.5217391304347826,0.0,0.8333333333333334,0.16666666666666666,0.16836582270969783,0
GODREJPROP,3,0.8,997,110,138,2024-10-09,2025-07-02,0.4492753623188406,0.41922334263033684,0.5777777777777777,0.4297520661157025,0.8813559322033898,52,69,10,7,0.5217391304347826,0.4855072463768116,0.0,0.0,0.0,0.0,0.0,0.0,0.0,0.0,0.4297520661157025,0.5882352941176471,0.0,0.8768115942028986,0.12318840579710146,0.5722442973844332,0
GODREJPROP,4,0.85,1059,117,138,2025-02-04,2025-11-18,0.4855072463768116,0.40147058823529413,0.6467661691542289,0.48872180451127817,0.9558823529411765,65,68,2,3,0.45652173913043476,0.4927536231884058,0.0,0.0,0.0,0.0,0.0,0.0,0.0,0.0,0.48872180451127817,0.4,0.0,0.9637681159420289,0.036231884057971016,1.0,0
GODREJPROP,5,0.9,1121,124,139,2025-07-04,2026-04-16,0.45323741007194246,0.4540229885057472,0.5869565217391305,0.42857142857142855,0.9310344827586207,54,72,9,4,0.41007194244604317,0.39568345323741005,0.0,0.0,0.0,0.0,0.0,0.0,0.0,0.0,0.42857142857142855,0.6923076923076923,0.0,0.9064748201438849,0.09352517985611511,1.0,0
GODREJPROP,6,0.95,1183,131,70,2025-11-20,2026-04-16,0.4142857142857143,0.4414335664335664,0.5176470588235295,0.3728813559322034,0.8461538461538461,22,37,7,4,0.42857142857142855,0.6285714285714286,0.0,0.0,0.0,0.0,0.0,0.0,0.0,0.0,0.3728813559322034,0.6363636363636364,0.0,0.8428571428571429,0.15714285714285714,1.0,0
ADANIENT,1,0.7,838,93,133,2023-11-23,2024-09-24,0.518796992481203,0.5331050228310502,0.6097560975609756,0.5494505494505495,0.684931506849315,50,41,19,23,0.49624060150375937,0.45112781954887216,0.0,0.0,0.0,0.0,0.0,0.0,0.0,0.0,0.5494505494505495,0.45238095238095233,0.0,0.6842105263157895,0.3157894736842105,1.0,0
ADANIENT,2,0.75,899,99,133,2024-05-03,2025-02-07,0.43609022556390975,0.42751615881809785,0.5033112582781457,0.40425531914893614,0.6666666666666666,38,56,20,19,0.5037593984962406,0.5714285714285714,0.0,0.0,0.0,0.0,0.0,0.0,0.0,0.0,0.40425531914893614,0.5128205128205128,0.0,0.706766917293233,0.2932330827067669,1.0,0
ADANIENT,3,0.8,958,106,133,2024-09-27,2025-06-27,0.45112781954887216,0.4805313788364636,0.5575757575757576,0.4339622641509434,0.7796610169491526,46,60,14,13,0.5037593984962406,0.46616541353383456,0.0,0.0,0.0,0.0,0.0,0.0,0.0,0.0,0.4339622641509434,0.5185185185185186,0.0,0.7969924812030075,0.20300751879699247,0.5781840223260121,0
ADANIENT,4,0.85,1018,113,133,2025-02-10,2025-11-13,0.46616541353383456,0.48258706467661694,0.5942857142857143,0.47706422018348627,0.7878787878787878,52,57,10,14,0.5112781954887218,0.5037593984962406,0.0,0.0,0.0,0.0,0.0,0.0,0.0,0.0,0.47706422018348627,0.41666666666666663,0.0,0.8195488721804511,0.18045112781954886,0.21200422189845589,0
ADANIENT,5,0.9,1078,119,134,2025-06-30,2026-04-16,0.5522388059701493,0.6021428571428571,0.53125,0.4358974358974359,0.68,34,44,40,16,0.40298507462686567,0.5223880597014925,0.0,0.0,0.0,0.0,0.0,0.0,0.0,0.0,0.4358974358974359,0.7142857142857143,0.0,0.582089552238806,0.417910447761194,0.5781568725387891,0
ADANIENT,6,0.95,1138,126,67,2025-11-17,2026-04-16,0.6268656716417911,0.5191489361702127,0.358974358974359,0.3684210526315789,0.35,7,12,35,13,0.4626865671641791,0.6865671641791045,0.0,0.0,0.0,0.0,0.0,0.0,0.0,0.0,0.3684210526315789,0.7291666666666667,0.0,0.2835820895522388,0.7164179104477612,0.5149550980598195,0
ADANIPORTS,1,0.7,722,80,114,2024-04-02,2024-12-04,0.5263157894736842,0.5134052388289676,0.5423728813559322,0.5079365079365079,0.5818181818181818,32,31,28,23,0.6052631578947368,0.5175438596491229,0.0,0.0,0.0,0.0,0.0,0.0,0.0,0.0,0.5079365079365079,0.5490196078431373,0.0,0.5526315789473685,0.4473684210526316,0.21830888552303798,0
ADANIPORTS,2,0.75,774,85,115,2024-07-30,2025-03-26,0.5652173913043478,0.6154598825831703,0.4897959183673469,0.42857142857142855,0.5714285714285714,24,32,41,18,0.5565217391304348,0.5565217391304348,0.0,0.0,0.0,0.0,0.0,0.0,0.0,0.0,0.42857142857142855,0.6949152542372881,0.0,0.48695652173913045,0.5130434782608696,0.38387402149695105,0
ADANIPORTS,3,0.8,825,91,115,2024-12-05,2025-07-25,0.4956521739130435,0.37348668280871666,0.6463414634146342,0.49074074074074076,0.9464285714285714,53,55,4,3,0.5130434782608696,0.48695652173913045,0.0,0.0,0.0,0.0,0.0,0.0,0.0,0.0,0.49074074074074076,0.5714285714285714,0.0,0.9391304347826087,0.06086956521739131,0.7605865302639009,0
ADANIPORTS,4,0.85,877,97,114,2025-03-27,2025-11-20,0.5350877192982456,0.5196232339089482,0.624113475177305,0.5789473684210527,0.676923076923077,44,32,17,21,0.5175438596491229,0.4649122807017544,0.0,0.0,0.0,0.0,0.0,0.0,0.0,0.0,0.5789473684210527,0.4473684210526315,0.0,0.6666666666666666,0.3333333333333333,0.25347713588525655,0
ADANIPORTS,5,0.9,928,103,115,2025-07-29,2026-04-16,0.4260869565217391,0.4225181598062954,0.36538461538461536,0.3958333333333333,0.3392857142857143,19,29,30,37,0.5217391304347826,0.4956521739130435,0.0,0.0,0.0,0.0,0.0,0.0,0.0,0.0,0.3958333333333333,0.4477611940298507,0.0,0.41739130434782606,0.5826086956521739,0.1366441457869364,0
ADANIPORTS,6,0.95,980,108,58,2025-11-21,2026-04-16,0.46551724137931033,0.5037878787878788,0.27906976744186046,0.2857142857142857,0.2727272727272727,6,15,21,16,0.43103448275862066,0.6206896551724138,0.0,0.0,0.0,0.0,0.0,0.0,0.0,0.0,0.2857142857142857,0.5675675675675675,0.0,0.3620689655172414,0.6379310344827587,1.0,0
IRFC,1,0.7,479,53,76,2024-12-24,2025-05-20,0.47368421052631576,0.4418767507002801,0.3333333333333333,0.38461538461538464,0.29411764705882354,10,16,26,24,0.5,0.4473684210526316,0.0,0.0,0.0,0.0,0.0,0.0,0.0,0.0,0.38461538461538464,0.52,0.0,0.34210526315789475,0.6578947368421053,0.10000660285425449,0
IRFC,2,0.75,513,57,76,2025-02-28,2025-07-29,0.40789473684210525,0.4013888888888889,0.3835616438356164,0.3783783783783784,0.3888888888888889,14,23,17,22,0.47368421052631576,0.3684210526315789,0.0,0.0,0.0,0.0,0.0,0.0,0.0,0.0,0.3783783783783784,0.4358974358974359,0.0,0.4868421052631579,0.5131578947368421,0.5751421516839721,0
IRFC,3,0.8,548,60,76,2025-05-21,2025-10-31,0.5526315789473685,0.44240645634629494,0.19047619047619047,0.3076923076923077,0.13793103448275862,4,9,38,25,0.4342105263157895,0.618421052631579,0.0,0.0,0.0,0.0,0.0,0.0,0.0,0.0,0.3076923076923077,0.6031746031746033,0.0,0.17105263157894737,0.8289473684210527,0.5266303856810175,0
IRFC,4,0.85,582,64,76,2025-07-30,2026-01-21,0.5789473684210527,0.5639880952380952,0.2727272727272727,0.375,0.21428571428571427,6,10,38,22,0.631578947368421,0.631578947368421,0.0,0.0,0.0,0.0,0.0,0.0,0.0,0.0,0.375,0.6333333333333333,0.0,0.21052631578947367,0.7894736842105263,1.0,0
IRFC,5,0.9,616,68,77,2025-11-03,2026-04-16,0.7012987012987013,0.6501572327044025,0.5306122448979592,0.52,0.5416666666666666,13,12,41,11,0.5844155844155844,0.6883116883116883,0.0,0.0,0.0,0.0,0.0,0.0,0.0,0.0,0.52,0.7884615384615384,0.0,0.3246753246753247,0.6753246753246753,1.0,0
IRFC,6,0.95,650,72,39,2026-01-22,2026-04-16,0.6923076923076923,0.5032467532467533,0.25,0.4,0.18181818181818182,2,3,25,9,0.6410256410256411,0.717948717948718,0.0,0.0,0.0,0.0,0.0,0.0,0.0,0.0,0.4,0.7352941176470589,0.0,0.1282051282051282,0.8717948717948718,0.24259830734846782,0
BEL,1,0.7,729,81,116,2024-04-16,2024-11-28,0.6293103448275862,0.6877828054298643,0.7189542483660131,0.625,0.8461538461538461,55,33,18,10,0.6379310344827587,0.5603448275862069,0.0,0.0,0.0,0.0,0.0,0.0,0.0,0.0,0.625,0.6428571428571428,0.0,0.7586206896551724,0.2413793103448276,0.18752763734017797,0
BEL,2,0.75,782,86,116,2024-08-14,2025-03-26,0.5603448275862069,0.6664679582712368,0.6709677419354839,0.52,0.9454545454545454,52,48,13,3,0.5862068965517241,0.47413793103448276,0.0,0.0,0.0,0.0,0.0,0.0,0.0,0.0,0.52,0.8125,0.0,0.8620689655172413,0.13793103448275862,0.3817624639669335,0
BEL,3,0.8,834,92,116,2024-12-02,2025-07-21,0.5689655172413793,0.6346907993966817,0.6835443037974683,0.5806451612903226,0.8307692307692308,54,39,12,11,0.5603448275862069,0.5948275862068966,0.0,0.0,0.0,0.0,0.0,0.0,0.0,0.0,0.5806451612903226,0.5217391304347826,0.0,0.8017241379310345,0.19827586206896552,0.668952890384689,0
BEL,4,0.85,886,98,116,2025-03-27,2025-12-01,0.5689655172413793,0.5664828431372548,0.6710526315789473,0.6071428571428571,0.75,51,33,15,17,0.5431034482758621,0.5517241379310345,0.0,0.0,0.0,0.0,0.0,0.0,0.0,0.0,0.6071428571428571,0.46875,0.0,0.7241379310344828,0.27586206896551724,0.6614185703566697,0
BEL,5,0.9,938,104,116,2025-07-22,2026-04-16,0.5344827586206896,0.5395833333333333,0.6197183098591549,0.5365853658536586,0.7333333333333333,44,38,18,16,0.4827586206896552,0.5431034482758621,0.0,0.0,0.0,0.0,0.0,0.0,0.0,0.0,0.5365853658536586,0.5294117647058824,0.0,0.7068965517241379,0.29310344827586204,0.4985443845664166,0
BEL,6,0.95,990,110,58,2025-12-02,2026-04-16,0.6206896551724138,0.6296296296296297,0.725,0.5918367346938775,0.9354838709677419,29,20,7,2,0.6206896551724138,0.6379310344827587,0.0,0.0,0.0,0.0,0.0,0.0,0.0,0.0,0.5918367346938775,0.7777777777777778,0.0,0.8448275862068966,0.15517241379310345,0.6671579394108884,0
HAL,1,0.7,743,82,118,2024-04-16,2024-12-03,0.5084745762711864,0.4659057652911911,0.5245901639344263,0.5818181818181818,0.47761194029850745,32,23,28,35,0.4576271186440678,0.4745762711864407,0.0,0.0,0.0,0.0,0.0,0.0,0.0,0.0,0.5818181818181818,0.4444444444444444,0.0,0.4661016949152542,0.5338983050847458,0.803279733547067,0
HAL,2,0.75,796,88,118,2024-08-07,2025-03-24,0.5084745762711864,0.6763425253991292,0.6282051282051282,0.47572815533980584,0.9245283018867925,49,54,11,4,0.5084745762711864,0.4491525423728814,0.0,0.0,0.0,0.0,0.0,0.0,0.0,0.0,0.47572815533980584,0.7333333333333334,0.0,0.8728813559322034,0.1271186440677966,0.381670880172773,0
HAL,3,0.8,849,94,118,2024-12-04,2025-07-23,0.4491525423728814,0.7108853410740203,0.6198830409356725,0.4491525423728814,1.0,53,65,0,0,0.5338983050847458,0.4491525423728814,0.0,0.0,0.0,0.0,0.0,0.0,0.0,0.0,0.4491525423728814,0.0,0.0,1.0,0.0,0.8161675426589513,0
HAL,4,0.85,902,100,118,2025-03-25,2025-12-04,0.4915254237288136,0.3876728110599078,0.6470588235294118,0.4824561403508772,0.9821428571428571,55,59,3,1,0.4661016949152542,0.4830508474576271,0.0,0.0,0.0,0.0,0.0,0.0,0.0,0.0,0.4824561403508772,0.75,0.0,0.9661016949152542,0.03389830508474576,1.0,0
HAL,5,0.9,955,106,118,2025-07-24,2026-04-10,0.4576271186440678,0.4854312354312354,0.47540983606557374,0.4142857142857143,0.5576923076923077,29,41,25,23,0.4406779661016949,0.5,0.0,0.0,0.0,0.0,0.0,0.0,0.0,0.0,0.4142857142857143,0.5208333333333333,0.0,0.5932203389830508,0.4067796610169492,0.4444525801608626,0
HAL,6,0.95,1008,112,59,2025-12-05,2026-04-10,0.423728813559322,0.4347319347319347,0.46875,0.39473684210526316,0.5769230769230769,15,23,10,11,0.3728813559322034,0.4576271186440678,0.0,0.0,0.0,0.0,0.0,0.0,0.0,0.0,0.39473684210526316,0.47619047619047616,0.0,0.6440677966101694,0.3559322033898305,0.5074456185277824,0
ETERNAL,1,0.7,453,50,72,2025-02-03,2025-06-23,0.4861111111111111,0.6296296296296297,0.6476190476190476,0.4927536231884058,0.9444444444444444,34,35,1,2,0.5138888888888888,0.5,0.0,0.0,0.0,0.0,0.0,0.0,0.0,0.0,0.4927536231884058,0.33333333333333337,0.0,0.9583333333333334,0.041666666666666664,2.5903913249826958,0
ETERNAL,2,0.75,486,53,72,2025-04-07,2025-09-10,0.5833333333333334,0.5594020456333596,0.7272727272727273,0.5797101449275363,0.975609756097561,40,29,2,1,0.6111111111111112,0.5694444444444444,0.0,0.0,0.0,0.0,0.0,0.0,0.0,0.0,0.5797101449275363,0.6666666666666667,0.0,0.9583333333333334,0.041666666666666664,1.0,0
ETERNAL,3,0.8,518,57,72,2025-06-24,2025-11-13,0.5277777777777778,0.5343629343629344,0.6046511627906976,0.5098039215686274,0.7428571428571429,26,25,12,9,0.5138888888888888,0.5277777777777778,0.0,0.0,0.0,0.0,0.0,0.0,0.0,0.0,0.5098039215686274,0.5714285714285714,0.0,0.7083333333333334,0.2916666666666667,0.723750619511499,0
ETERNAL,4,0.85,550,61,72,2025-09-11,2026-02-03,0.4722222222222222,0.6510288065843621,0.5777777777777777,0.4126984126984127,0.9629629629629629,26,37,8,1,0.3888888888888889,0.5694444444444444,0.0,0.0,0.0,0.0,0.0,0.0,0.0,0.0,0.4126984126984127,0.8888888888888888,0.0,0.875,0.125,0.3233712463888778,0
ETERNAL,5,0.9,583,64,72,2025-11-17,2026-04-16,0.4305555555555556,0.3214285714285714,0.5176470588235295,0.4,0.7333333333333333,22,33,9,8,0.4444444444444444,0.5833333333333334,0.0,0.0,0.0,0.0,0.0,0.0,0.0,0.0,0.4,0.5294117647058824,0.0,0.7638888888888888,0.2361111111111111,0.35260682120812203,0
ETERNAL,6,0.95,615,68,36,2026-02-04,2026-04-16,0.5,0.5015479876160991,0.5714285714285714,0.48,0.7058823529411765,12,13,6,5,0.5,0.2777777777777778,0.0,0.0,0.0,0.0,0.0,0.0,0.0,0.0,0.48,0.5454545454545454,0.0,0.6944444444444444,0.3055555555555556,1.0,0
