{
  "window_id": 3,
  "train_ratio": 0.9,
  "acc_all": 0.46710526315789475,
  "acc_conf": 0.5,
  "conf_rate": 0.6578947368421053,
  "n_conf": 100,
  "auc": 0.4847539847539848
}