{
  "window_id": 1,
  "train_ratio": 0.7,
  "acc_all": 0.4873417721518987,
  "acc_conf": 0.5238095238095238,
  "conf_rate": 0.6645569620253164,
  "n_conf": 210,
  "auc": 0.4947322036614189
}