{
  "window_id": 2,
  "train_ratio": 0.8,
  "acc_all": 0.5148514851485149,
  "acc_conf": 0.5085470085470085,
  "conf_rate": 0.7722772277227723,
  "n_conf": 234,
  "auc": 0.5207950267051922
}