{
  "window_id": 1,
  "train_ratio": 0.7,
  "acc_all": 0.5099337748344371,
  "acc_conf": 0.5021645021645021,
  "conf_rate": 0.7649006622516556,
  "n_conf": 231,
  "auc": 0.51059500110595
}