symbol,window_id,train_ratio,train_size,val_size,test_size,test_start,test_end,oos_accuracy,auc,f1,precision,recall,tp,fp,tn,fn,lgbm_acc,xgb_acc,lstm_acc,bilstm_acc,gru_acc,cnn_lstm_acc,cnn_gru_acc,tcn_gru_acc,tcn_transformer_acc,nbeats_acc,dir_acc_up,dir_acc_down,pct_neutral,pct_up,pct_down,temperature,dl_models_trained
HDFCBANK,1,0.7,639,71,102,2024-02-27,2024-11-01,0.5,0.49404761904761907,0.5321100917431193,0.5918367346938775,0.48333333333333334,29,20,22,31,0.5196078431372549,0.5686274509803921,0.0,0.0,0.0,0.0,0.0,0.0,0.0,0.0,0.5918367346938775,0.41509433962264153,0.0,0.4803921568627451,0.5196078431372549,0.10000660285425449,0
HDFCBANK,2,0.75,685,76,101,2024-07-04,2025-02-19,0.49504950495049505,0.4441823899371069,0.5984251968503937,0.5135135135135135,0.7169811320754716,38,36,12,15,0.5544554455445545,0.49504950495049505,0.0,0.0,0.0,0.0,0.0,0.0,0.0,0.0,0.5135135135135135,0.4444444444444444,0.0,0.7326732673267327,0.26732673267326734,0.10498919369998344,0
HDFCBANK,3,0.8,731,81,101,2024-11-04,2025-07-10,0.5643564356435643,0.4932806324110672,0.6271186440677966,0.5873015873015873,0.6727272727272727,37,26,20,18,0.4752475247524752,0.5148514851485149,0.0,0.0,0.0,0.0,0.0,0.0,0.0,0.0,0.5873015873015873,0.5263157894736843,0.0,0.6237623762376238,0.37623762376237624,0.35350670868606454,0
HDFCBANK,4,0.85,776,86,102,2025-02-21,2025-12-09,0.5784313725490197,0.48667711598746083,0.6766917293233082,0.6,0.7758620689655172,45,30,14,13,0.5686274509803921,0.5490196078431373,0.0,0.0,0.0,0.0,0.0,0.0,0.0,0.0,0.6,0.5185185185185186,0.0,0.7352941176470589,0.2647058823529412,1.0,0
HDFCBANK,5,0.9,822,91,102,2025-07-14,2026-04-16,0.49019607843137253,0.4937888198757765,0.5737704918032787,0.4605263157894737,0.7608695652173914,35,41,15,11,0.5490196078431373,0.45098039215686275,0.0,0.0,0.0,0.0,0.0,0.0,0.0,0.0,0.4605263157894737,0.5769230769230769,0.0,0.7450980392156863,0.2549019607843137,0.1811618567378765,0
HDFCBANK,6,0.95,868,96,51,2025-12-10,2026-04-16,0.5294117647058824,0.5723684210526315,0.5862068965517241,0.4358974358974359,0.8947368421052632,17,22,10,2,0.43137254901960786,0.47058823529411764,0.0,0.0,0.0,0.0,0.0,0.0,0.0,0.0,0.4358974358974359,0.8333333333333334,0.0,0.7647058823529411,0.23529411764705882,0.23742528494259343,0
ICICIBANK,1,0.7,644,71,102,2024-02-19,2024-10-25,0.5490196078431373,0.4928571428571428,0.6515151515151515,0.5972222222222222,0.7166666666666667,43,29,13,17,0.5392156862745098,0.5686274509803921,0.0,0.0,0.0,0.0,0.0,0.0,0.0,0.0,0.5972222222222222,0.43333333333333335,0.0,0.7058823529411765,0.29411764705882354,0.44391444972955657,0
ICICIBANK,2,0.75,690,76,102,2024-07-02,2025-03-12,0.5294117647058824,0.5279503105590062,0.6,0.5625,0.6428571428571429,36,28,18,20,0.5196078431372549,0.5196078431372549,0.0,0.0,0.0,0.0,0.0,0.0,0.0,0.0,0.5625,0.4736842105263158,0.0,0.6274509803921569,0.37254901960784315,0.5484083968023263,0
ICICIBANK,3,0.8,736,81,102,2024-10-28,2025-07-21,0.5392156862745098,0.5644290123456791,0.6115702479338843,0.5522388059701493,0.6851851851851852,37,30,18,17,0.5784313725490197,0.5294117647058824,0.0,0.0,0.0,0.0,0.0,0.0,0.0,0.0,0.5522388059701493,0.5142857142857142,0.0,0.6568627450980392,0.3431372549019608,0.3453317729566445,0
ICICIBANK,4,0.85,782,86,102,2025-03-13,2025-12-02,0.47058823529411764,0.43538461538461537,0.625,0.4787234042553192,0.9,45,49,3,5,0.5392156862745098,0.46078431372549017,0.0,0.0,0.0,0.0,0.0,0.0,0.0,0.0,0.4787234042553192,0.375,0.0,0.9215686274509803,0.0784313725490196,0.24155696869353097,0
ICICIBANK,5,0.9,828,91,103,2025-07-22,2026-04-16,0.47572815533980584,0.4501133786848072,0.6301369863013698,0.4742268041237113,0.9387755102040817,46,51,3,3,0.5242718446601942,0.47572815533980584,0.0,0.0,0.0,0.0,0.0,0.0,0.0,0.0,0.4742268041237113,0.5,0.0,0.941747572815534,0.05825242718446602,0.5717649430540603,0
ICICIBANK,6,0.95,873,97,52,2025-12-04,2026-04-16,0.46153846153846156,0.4474074074074074,0.6216216216216216,0.48936170212765956,0.8518518518518519,23,24,1,4,0.4807692307692308,0.5192307692307693,0.0,0.0,0.0,0.0,0.0,0.0,0.0,0.0,0.48936170212765956,0.19999999999999996,0.0,0.9038461538461539,0.09615384615384616,2.6655152952198,0
SBIN,1,0.7,678,75,107,2024-03-20,2024-11-06,0.5607476635514018,0.4884559884559884,0.7006369426751592,0.5851063829787234,0.873015873015873,55,39,5,8,0.4953271028037383,0.5887850467289719,0.0,0.0,0.0,0.0,0.0,0.0,0.0,0.0,0.5851063829787234,0.3846153846153846,0.0,0.8785046728971962,0.12149532710280374,0.4970390449151679,0
SBIN,2,0.75,727,80,107,2024-07-19,2025-02-20,0.5420560747663551,0.5319298245614035,0.6423357664233577,0.5057471264367817,0.88,44,43,14,6,0.5420560747663551,0.5233644859813084,0.0,0.0,0.0,0.0,0.0,0.0,0.0,0.0,0.5057471264367817,0.7,0.0,0.8130841121495327,0.18691588785046728,0.4671308162586275,0
SBIN,3,0.8,774,86,108,2024-11-07,2025-07-04,0.5185185185185185,0.48816466552315607,0.6438356164383562,0.5053763440860215,0.8867924528301887,47,46,9,6,0.48148148148148145,0.49074074074074076,0.0,0.0,0.0,0.0,0.0,0.0,0.0,0.0,0.5053763440860215,0.6,0.0,0.8611111111111112,0.1388888888888889,0.25500755733931546,0
SBIN,4,0.85,823,91,108,2025-02-21,2025-12-02,0.5555555555555556,0.49145448203697245,0.6842105263157895,0.5714285714285714,0.8524590163934426,52,39,8,9,0.5092592592592593,0.5648148148148148,0.0,0.0,0.0,0.0,0.0,0.0,0.0,0.0,0.5714285714285714,0.47058823529411764,0.0,0.8425925925925926,0.1574074074074074,2.821265111654667,0
SBIN,5,0.9,872,96,108,2025-07-14,2026-04-16,0.5185185185185185,0.45205965909090906,0.6666666666666666,0.5652173913043478,0.8125,52,40,4,12,0.5555555555555556,0.5370370370370371,0.0,0.0,0.0,0.0,0.0,0.0,0.0,0.0,0.5652173913043478,0.25,0.0,0.8518518518518519,0.14814814814814814,0.7083464485938522,0
SBIN,6,0.95,920,102,54,2025-12-04,2026-04-16,0.5370370370370371,0.42712842712842713,0.6666666666666666,0.5952380952380952,0.7575757575757576,25,17,4,8,0.4444444444444444,0.5,0.0,0.0,0.0,0.0,0.0,0.0,0.0,0.0,0.5952380952380952,0.33333333333333337,0.0,0.7777777777777778,0.2222222222222222,0.7746171480228486,0
AXISBANK,1,0.7,700,77,111,2024-03-05,2024-11-04,0.5225225225225225,0.4720234222511385,0.6074074074074074,0.5324675324675324,0.7068965517241379,41,36,17,17,0.4864864864864865,0.5495495495495496,0.0,0.0,0.0,0.0,0.0,0.0,0.0,0.0,0.5324675324675324,0.5,0.0,0.6936936936936937,0.3063063063063063,0.5549519513716795,0
AXISBANK,2,0.75,750,83,111,2024-07-16,2025-03-21,0.4144144144144144,0.4360655737704918,0.4715447154471545,0.3972602739726027,0.58,29,44,17,21,0.3963963963963964,0.46846846846846846,0.0,0.0,0.0,0.0,0.0,0.0,0.0,0.0,0.3972602739726027,0.4473684210526315,0.0,0.6576576576576577,0.34234234234234234,0.22441596286945115,0
AXISBANK,3,0.8,800,88,111,2024-11-05,2025-07-30,0.44144144144144143,0.5322473404255319,0.5441176470588235,0.4157303370786517,0.7872340425531915,37,52,12,10,0.46846846846846846,0.46846846846846846,0.0,0.0,0.0,0.0,0.0,0.0,0.0,0.0,0.4157303370786517,0.5454545454545454,0.0,0.8018018018018018,0.1981981981981982,0.28368728304388,0
AXISBANK,4,0.85,850,94,111,2025-03-24,2025-12-05,0.4864864864864865,0.5207792207792208,0.6122448979591837,0.4945054945054945,0.8035714285714286,45,46,9,11,0.4954954954954955,0.5315315315315315,0.0,0.0,0.0,0.0,0.0,0.0,0.0,0.0,0.4945054945054945,0.44999999999999996,0.0,0.8198198198198198,0.18018018018018017,1.0,0
AXISBANK,5,0.9,900,99,112,2025-07-31,2026-04-16,0.5803571428571429,0.5599616245602814,0.6466165413533834,0.581081081081081,0.7288135593220338,43,31,22,16,0.5089285714285714,0.5357142857142857,0.0,0.0,0.0,0.0,0.0,0.0,0.0,0.0,0.581081081081081,0.5789473684210527,0.0,0.6607142857142857,0.3392857142857143,1.0,0
AXISBANK,6,0.95,950,105,56,2025-12-10,2026-04-16,0.6785714285714286,0.6641123882503193,0.7,0.6363636363636364,0.7777777777777778,21,12,17,6,0.6607142857142857,0.5714285714285714,0.0,0.0,0.0,0.0,0.0,0.0,0.0,0.0,0.6363636363636364,0.7391304347826086,0.0,0.5892857142857143,0.4107142857142857,1.0,0
INDUSINDBK,1,0.7,735,81,116,2024-03-18,2024-12-12,0.49137931034482757,0.44564240790655885,0.609271523178808,0.46938775510204084,0.8679245283018868,46,52,11,7,0.4482758620689655,0.45689655172413796,0.0,0.0,0.0,0.0,0.0,0.0,0.0,0.0,0.46938775510204084,0.6111111111111112,0.0,0.8448275862068966,0.15517241379310345,1.0,0
INDUSINDBK,2,0.75,787,87,117,2024-08-13,2025-04-09,0.49572649572649574,0.4620105201636471,0.593103448275862,0.4942528735632184,0.7413793103448276,43,44,15,15,0.5128205128205128,0.49572649572649574,0.0,0.0,0.0,0.0,0.0,0.0,0.0,0.0,0.4942528735632184,0.5,0.0,0.7435897435897436,0.2564102564102564,1.0,0
INDUSINDBK,3,0.8,839,93,117,2024-12-13,2025-08-01,0.47863247863247865,0.39917695473251025,0.5793103448275863,0.5121951219512195,0.6666666666666666,42,40,14,21,0.48717948717948717,0.4700854700854701,0.0,0.0,0.0,0.0,0.0,0.0,0.0,0.0,0.5121951219512195,0.4,0.0,0.7008547008547008,0.29914529914529914,0.46839041472187853,0
INDUSINDBK,4,0.85,892,99,116,2025-04-16,2025-11-26,0.4827586206896552,0.4781445138269403,0.6103896103896104,0.49473684210526314,0.7966101694915254,47,48,9,12,0.5086206896551724,0.47413793103448276,0.0,0.0,0.0,0.0,0.0,0.0,0.0,0.0,0.49473684210526314,0.4285714285714286,0.0,0.8189655172413793,0.1810344827586207,1.0,0
INDUSINDBK,5,0.9,945,104,117,2025-08-04,2026-04-16,0.5213675213675214,0.4886031560490941,0.5087719298245614,0.5178571428571429,0.5,29,27,32,29,0.5128205128205128,0.5470085470085471,0.0,0.0,0.0,0.0,0.0,0.0,0.0,0.0,0.5178571428571429,0.5245901639344263,0.0,0.47863247863247865,0.5213675213675214,0.3253516292347131,0
INDUSINDBK,6,0.95,997,110,59,2025-12-03,2026-04-16,0.3728813559322034,0.3029953917050692,0.3508771929824561,0.38461538461538464,0.3225806451612903,10,16,12,21,0.3220338983050847,0.3898305084745763,0.0,0.0,0.0,0.0,0.0,0.0,0.0,0.0,0.38461538461538464,0.36363636363636365,0.0,0.4406779661016949,0.559322033898305,0.19729384911451534,0
KOTAKBANK,1,0.7,672,74,107,2024-03-04,2024-11-12,0.5700934579439252,0.5540350877192983,0.5306122448979592,0.6341463414634146,0.45614035087719296,26,15,35,31,0.5420560747663551,0.5046728971962616,0.0,0.0,0.0,0.0,0.0,0.0,0.0,0.0,0.6341463414634146,0.5303030303030303,0.0,0.38317757009345793,0.616822429906542,0.5466143880597494,0
KOTAKBANK,2,0.75,720,80,106,2024-07-15,2025-03-18,0.5471698113207547,0.5746880570409982,0.5555555555555556,0.5660377358490566,0.5454545454545454,30,23,28,25,0.6226415094339622,0.5660377358490566,0.0,0.0,0.0,0.0,0.0,0.0,0.0,0.0,0.5660377358490566,0.5283018867924528,0.0,0.5,0.5,0.38700092070041453,0
KOTAKBANK,3,0.8,768,85,107,2024-11-13,2025-07-22,0.5887850467289719,0.5789473684210527,0.6333333333333333,0.6031746031746031,0.6666666666666666,38,25,25,19,0.514018691588785,0.5420560747663551,0.0,0.0,0.0,0.0,0.0,0.0,0.0,0.0,0.6031746031746031,0.5681818181818181,0.0,0.5887850467289719,0.411214953271028,0.2967833731566961,0
KOTAKBANK,4,0.85,816,90,107,2025-03-19,2025-11-25,0.4672897196261682,0.46985815602836883,0.43564356435643564,0.4074074074074074,0.46808510638297873,22,32,28,25,0.5046728971962616,0.4953271028037383,0.0,0.0,0.0,0.0,0.0,0.0,0.0,0.0,0.4074074074074074,0.5283018867924528,0.0,0.5046728971962616,0.4953271028037383,0.3502017299259653,0
KOTAKBANK,5,0.9,864,96,107,2025-07-23,2026-04-16,0.5233644859813084,0.5927128427128427,0.5486725663716814,0.4492753623188406,0.7045454545454546,31,38,25,13,0.5607476635514018,0.5420560747663551,0.0,0.0,0.0,0.0,0.0,0.0,0.0,0.0,0.4492753623188406,0.6578947368421053,0.0,0.6448598130841121,0.35514018691588783,0.6340659935949851,0
KOTAKBANK,6,0.95,912,101,54,2025-11-27,2026-04-16,0.5740740740740741,0.6479663394109397,0.5964912280701754,0.5,0.7391304347826086,17,17,14,6,0.6296296296296297,0.5555555555555556,0.0,0.0,0.0,0.0,0.0,0.0,0.0,0.0,0.5,0.7,0.0,0.6296296296296297,0.37037037037037035,0.8377938375561532,0
BANDHANBNK,1,0.7,769,85,122,2024-05-09,2024-12-02,0.6065573770491803,0.6304112554112553,0.5555555555555556,0.5769230769230769,0.5357142857142857,30,22,44,26,0.5901639344262295,0.5819672131147541,0.0,0.0,0.0,0.0,0.0,0.0,0.0,0.0,0.5769230769230769,0.6285714285714286,0.0,0.4262295081967213,0.5737704918032787,1.0,0
BANDHANBNK,2,0.75,824,91,122,2024-08-23,2025-04-02,0.5081967213114754,0.5260977630488816,0.47368421052631576,0.42857142857142855,0.5294117647058824,27,36,35,24,0.5081967213114754,0.47540983606557374,0.0,0.0,0.0,0.0,0.0,0.0,0.0,0.0,0.42857142857142855,0.5932203389830508,0.0,0.5163934426229508,0.48360655737704916,0.12702855931291068,0
BANDHANBNK,3,0.8,879,97,122,2024-12-03,2025-07-29,0.4672131147540984,0.4751696065128901,0.49612403100775193,0.43243243243243246,0.5818181818181818,32,42,25,23,0.48360655737704916,0.45081967213114754,0.0,0.0,0.0,0.0,0.0,0.0,0.0,0.0,0.43243243243243246,0.5208333333333333,0.0,0.6065573770491803,0.39344262295081966,1.0,0
BANDHANBNK,4,0.85,934,103,122,2025-04-03,2025-11-27,0.5081967213114754,0.5017774131802024,0.4444444444444444,0.43636363636363634,0.4528301886792453,24,31,38,29,0.5163934426229508,0.5491803278688525,0.0,0.0,0.0,0.0,0.0,0.0,0.0,0.0,0.43636363636363634,0.5671641791044777,0.0,0.45081967213114754,0.5491803278688525,0.47226889637983627,0
BANDHANBNK,5,0.9,989,109,122,2025-07-31,2026-04-16,0.5327868852459017,0.4726731601731602,0.2597402597402597,0.47619047619047616,0.17857142857142858,10,11,55,46,0.5655737704918032,0.4918032786885246,0.0,0.0,0.0,0.0,0.0,0.0,0.0,0.0,0.47619047619047616,0.5445544554455446,0.0,0.1721311475409836,0.8278688524590164,0.2547069976522557,0
BANDHANBNK,6,0.95,1044,115,61,2025-12-02,2026-04-16,0.47540983606557374,0.5903225806451613,0.15789473684210525,0.42857142857142855,0.0967741935483871,3,4,26,28,0.4426229508196721,0.47540983606557374,0.0,0.0,0.0,0.0,0.0,0.0,0.0,0.0,0.42857142857142855,0.4814814814814815,0.0,0.11475409836065574,0.8852459016393442,0.2721064380804332,0
IDFCFIRSTB,1,0.7,739,82,118,2024-04-03,2024-12-11,0.5169491525423728,0.5555875576036867,0.44660194174757284,0.48936170212765956,0.4107142857142857,23,24,38,33,0.5254237288135594,0.4745762711864407,0.0,0.0,0.0,0.0,0.0,0.0,0.0,0.0,0.48936170212765956,0.5352112676056338,0.0,0.3983050847457627,0.6016949152542372,1.0,0
IDFCFIRSTB,2,0.75,792,88,117,2024-08-26,2025-03-28,0.5641025641025641,0.5881147540983607,0.35443037974683544,0.6086956521739131,0.25,14,9,52,42,0.5811965811965812,0.5641025641025641,0.0,0.0,0.0,0.0,0.0,0.0,0.0,0.0,0.6086956521739131,0.5531914893617021,0.0,0.19658119658119658,0.8034188034188035,0.6926872290884295,0
IDFCFIRSTB,3,0.8,846,93,117,2024-12-16,2025-08-01,0.46153846153846156,0.48093841642228735,0.3225806451612903,0.39473684210526316,0.2727272727272727,15,23,39,40,0.5042735042735043,0.46153846153846156,0.0,0.0,0.0,0.0,0.0,0.0,0.0,0.0,0.39473684210526316,0.49367088607594933,0.0,0.3247863247863248,0.6752136752136753,0.44940331486847906,0
IDFCFIRSTB,4,0.85,898,99,118,2025-04-02,2025-12-05,0.4915254237288136,0.49143686502177064,0.4117647058823529,0.42857142857142855,0.39622641509433965,21,28,37,32,0.4745762711864407,0.5254237288135594,0.0,0.0,0.0,0.0,0.0,0.0,0.0,0.0,0.42857142857142855,0.536231884057971,0.0,0.4152542372881356,0.5847457627118644,0.5253173485464374,0
IDFCFIRSTB,5,0.9,951,105,118,2025-08-05,2026-04-16,0.559322033898305,0.5610599078341014,0.5737704918032787,0.5303030303030303,0.625,35,31,31,21,0.5254237288135594,0.5423728813559322,0.0,0.0,0.0,0.0,0.0,0.0,0.0,0.0,0.5303030303030303,0.5961538461538461,0.0,0.559322033898305,0.4406779661016949,0.34628097930655255,0
IDFCFIRSTB,6,0.95,1004,111,59,2025-12-08,2026-04-16,0.4915254237288136,0.5045977011494253,0.5,0.5,0.5,15,15,14,15,0.5423728813559322,0.4915254237288136,0.0,0.0,0.0,0.0,0.0,0.0,0.0,0.0,0.5,0.48275862068965514,0.0,0.5084745762711864,0.4915254237288136,0.13879034552127126,0
FEDERALBNK,1,0.7,705,78,112,2024-02-06,2024-10-21,0.4732142857142857,0.46390374331550804,0.5426356589147286,0.5737704918032787,0.5147058823529411,35,26,18,33,0.5625,0.42857142857142855,0.0,0.0,0.0,0.0,0.0,0.0,0.0,0.0,0.5737704918032787,0.3529411764705882,0.0,0.5446428571428571,0.45535714285714285,0.3389582920863885,0
FEDERALBNK,2,0.75,756,83,112,2024-06-19,2025-03-03,0.5089285714285714,0.4924461587913854,0.5864661654135338,0.5416666666666666,0.639344262295082,39,33,18,22,0.4732142857142857,0.5,0.0,0.0,0.0,0.0,0.0,0.0,0.0,0.0,0.5416666666666666,0.44999999999999996,0.0,0.6428571428571429,0.35714285714285715,0.42443630720394887,0
FEDERALBNK,3,0.8,806,89,112,2024-10-24,2025-07-11,0.5089285714285714,0.5485312899106003,0.5801526717557252,0.4935064935064935,0.7037037037037037,38,39,19,16,0.5357142857142857,0.5178571428571429,0.0,0.0,0.0,0.0,0.0,0.0,0.0,0.0,0.4935064935064935,0.5428571428571429,0.0,0.6875,0.3125,0.36737484178466884,0
FEDERALBNK,4,0.85,856,95,112,2025-03-04,2025-12-05,0.5178571428571429,0.48557692307692313,0.6493506493506493,0.5319148936170213,0.8333333333333334,50,44,8,10,0.4732142857142857,0.5357142857142857,0.0,0.0,0.0,0.0,0.0,0.0,0.0,0.0,0.5319148936170213,0.4444444444444444,0.0,0.8392857142857143,0.16071428571428573,0.5989909915901728,0
FEDERALBNK,5,0.9,907,100,112,2025-07-14,2026-04-16,0.5,0.4769230769230769,0.5882352941176471,0.5263157894736842,0.6666666666666666,40,36,16,20,0.49107142857142855,0.5357142857142857,0.0,0.0,0.0,0.0,0.0,0.0,0.0,0.0,0.5263157894736842,0.4444444444444444,0.0,0.6785714285714286,0.32142857142857145,1.0,0
FEDERALBNK,6,0.95,957,106,56,2025-12-08,2026-04-16,0.5892857142857143,0.6211734693877551,0.5964912280701754,0.5862068965517241,0.6071428571428571,17,12,16,11,0.44642857142857145,0.48214285714285715,0.0,0.0,0.0,0.0,0.0,0.0,0.0,0.0,0.5862068965517241,0.5925925925925926,0.0,0.5178571428571429,0.48214285714285715,0.38076821222960794,0
BAJAJFINSV,1,0.7,685,76,109,2024-04-22,2024-12-11,0.44036697247706424,0.38066260987153483,0.5343511450381679,0.4794520547945205,0.603448275862069,35,38,13,23,0.48623853211009177,0.4036697247706422,0.0,0.0,0.0,0.0,0.0,0.0,0.0,0.0,0.4794520547945205,0.36111111111111116,0.0,0.6697247706422018,0.3302752293577982,1.0,0
BAJAJFINSV,2,0.75,735,81,108,2024-08-26,2025-04-09,0.4722222222222222,0.42901234567901236,0.5043478260869565,0.47540983606557374,0.5370370370370371,29,32,22,25,0.48148148148148145,0.5092592592592593,0.0,0.0,0.0,0.0,0.0,0.0,0.0,0.0,0.47540983606557374,0.46808510638297873,0.0,0.5648148148148148,0.4351851851851852,0.38659619387600874,0
BAJAJFINSV,3,0.8,783,87,109,2024-12-16,2025-07-25,0.44954128440366975,0.4602693602693603,0.5238095238095238,0.4583333333333333,0.6111111111111112,33,39,16,21,0.42201834862385323,0.45871559633027525,0.0,0.0,0.0,0.0,0.0,0.0,0.0,0.0,0.4583333333333333,0.43243243243243246,0.0,0.6605504587155964,0.3394495412844037,0.4411641032677071,0
BAJAJFINSV,4,0.85,832,92,109,2025-04-16,2025-12-01,0.5504587155963303,0.6026936026936027,0.6016260162601627,0.5362318840579711,0.6851851851851852,37,32,23,17,0.44036697247706424,0.4954128440366973,0.0,0.0,0.0,0.0,0.0,0.0,0.0,0.0,0.5362318840579711,0.575,0.0,0.6330275229357798,0.3669724770642202,1.0,0
BAJAJFINSV,5,0.9,882,97,109,2025-07-29,2026-04-16,0.5871559633027523,0.5875591615956728,0.6086956521739131,0.546875,0.6862745098039216,35,29,29,16,0.46788990825688076,0.5504587155963303,0.0,0.0,0.0,0.0,0.0,0.0,0.0,0.0,0.546875,0.6444444444444444,0.0,0.5871559633027523,0.41284403669724773,0.17696997938063677,0
BAJAJFINSV,6,0.95,930,103,55,2025-12-02,2026-04-16,0.41818181818181815,0.4663978494623656,0.42857142857142855,0.375,0.5,12,20,11,12,0.41818181818181815,0.4,0.0,0.0,0.0,0.0,0.0,0.0,0.0,0.0,0.375,0.4782608695652174,0.0,0.5818181818181818,0.41818181818181815,0.1951809367380195,0
AUBANK,1,0.7,741,82,118,2024-05-07,2025-01-01,0.6271186440677966,0.6383838383838384,0.5925925925925926,0.6037735849056604,0.5818181818181818,32,21,42,23,0.5847457627118644,0.6016949152542372,0.0,0.0,0.0,0.0,0.0,0.0,0.0,0.0,0.6037735849056604,0.6461538461538461,0.0,0.4491525423728814,0.5508474576271186,0.7400159030405938,0
AUBANK,2,0.75,794,88,118,2024-09-13,2025-04-25,0.576271186440678,0.5265602322206095,0.5454545454545454,0.5263157894736842,0.5660377358490566,30,27,38,23,0.5254237288135594,0.5508474576271186,0.0,0.0,0.0,0.0,0.0,0.0,0.0,0.0,0.5263157894736842,0.6229508196721312,0.0,0.4830508474576271,0.5169491525423728,0.25574511412740375,0
AUBANK,3,0.8,847,94,118,2025-01-03,2025-08-12,0.5423728813559322,0.5387931034482759,0.5645161290322581,0.5303030303030303,0.603448275862069,35,31,29,23,0.5423728813559322,0.5084745762711864,0.0,0.0,0.0,0.0,0.0,0.0,0.0,0.0,0.5303030303030303,0.5576923076923077,0.0,0.559322033898305,0.4406779661016949,1.0,0
AUBANK,4,0.85,900,100,118,2025-04-29,2025-12-09,0.4745762711864407,0.5367965367965369,0.39215686274509803,0.5128205128205128,0.31746031746031744,20,19,36,43,0.5084745762711864,0.4661016949152542,0.0,0.0,0.0,0.0,0.0,0.0,0.0,0.0,0.5128205128205128,0.45569620253164556,0.0,0.3305084745762712,0.6694915254237288,0.10000660285425449,0
AUBANK,5,0.9,954,105,118,2025-08-13,2026-04-16,0.5084745762711864,0.5518037518037517,0.3958333333333333,0.5757575757575758,0.30158730158730157,19,14,41,44,0.4915254237288136,0.4661016949152542,0.0,0.0,0.0,0.0,0.0,0.0,0.0,0.0,0.5757575757575758,0.48235294117647054,0.0,0.2796610169491525,0.7203389830508474,0.26482301317445966,0
AUBANK,6,0.95,1007,111,59,2025-12-10,2026-04-16,0.5423728813559322,0.532258064516129,0.4,0.5294117647058824,0.32142857142857145,9,8,23,19,0.5423728813559322,0.5423728813559322,0.0,0.0,0.0,0.0,0.0,0.0,0.0,0.0,0.5294117647058824,0.5476190476190477,0.0,0.288135593220339,0.711864406779661,0.44794576714706624,0
BAJFINANCE,1,0.7,692,76,110,2024-05-08,2025-01-01,0.6090909090909091,0.6349469496021221,0.6126126126126126,0.6415094339622641,0.5862068965517241,34,19,33,24,0.5272727272727272,0.509090909090909,0.0,0.0,0.0,0.0,0.0,0.0,0.0,0.0,0.6415094339622641,0.5789473684210527,0.0,0.4818181818181818,0.5181818181818182,0.5042276028136791,0
BAJFINANCE,2,0.75,741,82,110,2024-09-05,2025-05-06,0.5272727272727272,0.5191798941798942,0.5517241379310345,0.5333333333333333,0.5714285714285714,32,28,26,24,0.509090909090909,0.509090909090909,0.0,0.0,0.0,0.0,0.0,0.0,0.0,0.0,0.5333333333333333,0.52,0.0,0.5454545454545454,0.45454545454545453,0.3638875966487685,0
BAJFINANCE,3,0.8,791,87,110,2025-01-03,2025-08-14,0.5636363636363636,0.570436507936508,0.5932203389830508,0.5645161290322581,0.625,35,27,27,21,0.45454545454545453,0.5454545454545454,0.0,0.0,0.0,0.0,0.0,0.0,0.0,0.0,0.5645161290322581,0.5625,0.0,0.5636363636363636,0.43636363636363634,0.34004862264928903,0
BAJFINANCE,4,0.85,840,93,110,2025-05-07,2025-12-01,0.6,0.615053050397878,0.6333333333333333,0.6129032258064516,0.6551724137931034,38,24,28,20,0.5636363636363636,0.5272727272727272,0.0,0.0,0.0,0.0,0.0,0.0,0.0,0.0,0.6129032258064516,0.5833333333333333,0.0,0.5636363636363636,0.43636363636363634,0.5400571654401626,0
BAJFINANCE,5,0.9,890,98,110,2025-08-19,2026-04-16,0.5,0.5104270109235353,0.4444444444444444,0.4782608695652174,0.41509433962264153,22,24,33,31,0.5,0.5363636363636364,0.0,0.0,0.0,0.0,0.0,0.0,0.0,0.0,0.4782608695652174,0.515625,0.0,0.41818181818181815,0.5818181818181818,0.3215289234230536,0
BAJFINANCE,6,0.95,939,104,55,2025-12-03,2026-04-16,0.4727272727272727,0.5171428571428571,0.49122807017543857,0.3783783783783784,0.7,14,23,12,6,0.4,0.5818181818181818,0.0,0.0,0.0,0.0,0.0,0.0,0.0,0.0,0.3783783783783784,0.6666666666666667,0.0,0.6727272727272727,0.32727272727272727,0.3161668848858321,0
SBILIFE,1,0.7,662,73,105,2024-04-10,2024-11-28,0.4666666666666667,0.5043859649122807,0.5254237288135594,0.5081967213114754,0.543859649122807,31,30,18,26,0.4857142857142857,0.5333333333333333,0.0,0.0,0.0,0.0,0.0,0.0,0.0,0.0,0.5081967213114754,0.40909090909090906,0.0,0.580952380952381,0.41904761904761906,1.0,0
SBILIFE,2,0.75,710,78,105,2024-08-05,2025-03-20,0.47619047619047616,0.4564270152505447,0.5299145299145299,0.4696969696969697,0.6078431372549019,31,35,19,20,0.47619047619047616,0.4666666666666667,0.0,0.0,0.0,0.0,0.0,0.0,0.0,0.0,0.4696969696969697,0.4871794871794872,0.0,0.6285714285714286,0.37142857142857144,0.38483456415356304,0
SBILIFE,3,0.8,756,84,105,2024-12-02,2025-07-23,0.47619047619047616,0.5141509433962264,0.5217391304347826,0.47619047619047616,0.5769230769230769,30,33,20,22,0.47619047619047616,0.49523809523809526,0.0,0.0,0.0,0.0,0.0,0.0,0.0,0.0,0.47619047619047616,0.47619047619047616,0.0,0.6,0.4,1.0,0
SBILIFE,4,0.85,804,89,105,2025-03-21,2025-12-01,0.4857142857142857,0.45854545454545453,0.6197183098591549,0.5057471264367817,0.8,44,43,7,11,0.47619047619047616,0.5238095238095238,0.0,0.0,0.0,0.0,0.0,0.0,0.0,0.0,0.5057471264367817,0.38888888888888884,0.0,0.8285714285714286,0.17142857142857143,1.0,0
SBILIFE,5,0.9,851,94,106,2025-07-24,2026-04-16,0.46226415094339623,0.4755747126436781,0.5128205128205128,0.5084745762711864,0.5172413793103449,30,29,19,28,0.5377358490566038,0.5471698113207547,0.0,0.0,0.0,0.0,0.0,0.0,0.0,0.0,0.5084745762711864,0.4042553191489362,0.0,0.5566037735849056,0.44339622641509435,1.0,0
SBILIFE,6,0.95,899,99,53,2025-12-02,2026-04-16,0.5660377358490566,0.5128571428571429,0.6101694915254238,0.5806451612903226,0.6428571428571429,18,13,12,10,0.6226415094339622,0.4716981132075472,0.0,0.0,0.0,0.0,0.0,0.0,0.0,0.0,0.5806451612903226,0.5454545454545454,0.0,0.5849056603773585,0.41509433962264153,0.436870810275698,0
HDFCLIFE,1,0.7,686,76,109,2024-04-19,2024-12-04,0.47706422018348627,0.5087897227856659,0.44660194174757284,0.5111111111111111,0.39655172413793105,23,22,29,35,0.5137614678899083,0.48623853211009177,0.0,0.0,0.0,0.0,0.0,0.0,0.0,0.0,0.5111111111111111,0.453125,0.0,0.41284403669724773,0.5871559633027523,0.3058418511778374,0
HDFCLIFE,2,0.75,735,81,109,2024-08-20,2025-04-03,0.41284403669724773,0.40983050847457625,0.30434782608695654,0.3333333333333333,0.28,14,28,31,36,0.48623853211009177,0.5321100917431193,0.0,0.0,0.0,0.0,0.0,0.0,0.0,0.0,0.3333333333333333,0.4626865671641791,0.0,0.3853211009174312,0.6146788990825688,0.18880259443730232,0
HDFCLIFE,3,0.8,784,87,109,2024-12-05,2025-08-06,0.48623853211009177,0.46896086369770584,0.4716981132075472,0.46296296296296297,0.4807692307692308,25,29,28,27,0.46788990825688076,0.43119266055045874,0.0,0.0,0.0,0.0,0.0,0.0,0.0,0.0,0.46296296296296297,0.509090909090909,0.0,0.4954128440366973,0.5045871559633027,1.0,0
HDFCLIFE,4,0.85,833,92,109,2025-04-04,2025-12-09,0.48623853211009177,0.46348884381338745,0.4909090909090909,0.4576271186440678,0.5294117647058824,27,32,26,24,0.45871559633027525,0.47706422018348627,0.0,0.0,0.0,0.0,0.0,0.0,0.0,0.0,0.4576271186440678,0.52,0.0,0.5412844036697247,0.45871559633027525,1.0,0
HDFCLIFE,5,0.9,882,98,109,2025-08-07,2026-04-16,0.4954128440366973,0.4697916666666666,0.45544554455445546,0.4107142857142857,0.5111111111111111,23,33,31,22,0.5229357798165137,0.46788990825688076,0.0,0.0,0.0,0.0,0.0,0.0,0.0,0.0,0.4107142857142857,0.5849056603773585,0.0,0.5137614678899083,0.48623853211009177,1.0,0
HDFCLIFE,6,0.95,931,103,55,2025-12-10,2026-04-16,0.5454545454545454,0.6067251461988303,0.5098039215686274,0.40625,0.6842105263157895,13,19,17,6,0.5272727272727272,0.509090909090909,0.0,0.0,0.0,0.0,0.0,0.0,0.0,0.0,0.40625,0.7391304347826086,0.0,0.5818181818181818,0.41818181818181815,0.15459198848183361,0
ICICIGI,1,0.7,676,75,108,2024-05-15,2024-12-24,0.5740740740740741,0.5421396628826969,0.6229508196721312,0.5846153846153846,0.6666666666666666,38,27,24,19,0.5462962962962963,0.5,0.0,0.0,0.0,0.0,0.0,0.0,0.0,0.0,0.5846153846153846,0.5581395348837209,0.0,0.6018518518518519,0.39814814814814814,0.21243123675345435,0
ICICIGI,2,0.75,725,80,107,2024-09-12,2025-04-29,0.5327102803738317,0.5384889522451889,0.5192307692307693,0.46551724137931033,0.5869565217391305,27,31,30,19,0.45794392523364486,0.45794392523364486,0.0,0.0,0.0,0.0,0.0,0.0,0.0,0.0,0.46551724137931033,0.6122448979591837,0.0,0.5420560747663551,0.45794392523364486,0.21682199096599955,0
ICICIGI,3,0.8,774,85,107,2024-12-27,2025-08-12,0.411214953271028,0.41403508771929826,0.496,0.41333333333333333,0.62,31,44,13,19,0.4392523364485981,0.4672897196261682,0.0,0.0,0.0,0.0,0.0,0.0,0.0,0.0,0.41333333333333333,0.40625,0.0,0.7009345794392523,0.29906542056074764,0.3239766492881017,0
ICICIGI,4,0.85,821,91,108,2025-04-30,2025-12-02,0.48148148148148145,0.44582043343653255,0.631578947368421,0.4752475247524752,0.9411764705882353,48,53,4,3,0.5092592592592593,0.4722222222222222,0.0,0.0,0.0,0.0,0.0,0.0,0.0,0.0,0.4752475247524752,0.5714285714285714,0.0,0.9351851851851852,0.06481481481481481,1.0,0
ICICIGI,5,0.9,870,96,108,2025-08-13,2026-04-16,0.5277777777777778,0.5393103448275861,0.5984251968503937,0.4935064935064935,0.76,38,39,19,12,0.5555555555555556,0.46296296296296297,0.0,0.0,0.0,0.0,0.0,0.0,0.0,0.0,0.4935064935064935,0.6129032258064516,0.0,0.7129629629629629,0.28703703703703703,1.0,0
ICICIGI,6,0.95,918,102,54,2025-12-03,2026-04-16,0.5185185185185185,0.5680555555555555,0.48,0.46153846153846156,0.5,12,14,16,12,0.5925925925925926,0.4444444444444444,0.0,0.0,0.0,0.0,0.0,0.0,0.0,0.0,0.46153846153846156,0.5714285714285714,0.0,0.48148148148148145,0.5185185185185185,1.0,0
MUTHOOTFIN,1,0.7,711,78,113,2024-04-24,2024-12-11,0.49557522123893805,0.47408637873754156,0.6122448979591837,0.5844155844155844,0.6428571428571429,45,32,11,25,0.5486725663716814,0.6194690265486725,0.0,0.0,0.0,0.0,0.0,0.0,0.0,0.0,0.5844155844155844,0.3055555555555556,0.0,0.6814159292035398,0.3185840707964602,1.0,0
MUTHOOTFIN,2,0.75,762,84,112,2024-08-19,2025-04-08,0.5982142857142857,0.5773063323690132,0.5871559633027523,0.6666666666666666,0.5245901639344263,32,16,35,29,0.5714285714285714,0.5089285714285714,0.0,0.0,0.0,0.0,0.0,0.0,0.0,0.0,0.6666666666666666,0.546875,0.0,0.42857142857142855,0.5714285714285714,0.2456898709540109,0
MUTHOOTFIN,3,0.8,812,90,113,2024-12-12,2025-08-13,0.5752212389380531,0.5986842105263158,0.6307692307692307,0.5616438356164384,0.7192982456140351,41,32,24,16,0.5398230088495575,0.504424778761062,0.0,0.0,0.0,0.0,0.0,0.0,0.0,0.0,0.5616438356164384,0.6,0.0,0.6460176991150443,0.35398230088495575,0.4199487326237129,0
MUTHOOTFIN,4,0.85,863,95,113,2025-04-09,2025-12-08,0.48672566371681414,0.4880503144654088,0.6329113924050633,0.5102040816326531,0.8333333333333334,50,48,5,10,0.4690265486725664,0.5309734513274337,0.0,0.0,0.0,0.0,0.0,0.0,0.0,0.0,0.5102040816326531,0.33333333333333337,0.0,0.8672566371681416,0.13274336283185842,1.0,0
MUTHOOTFIN,5,0.9,914,101,113,2025-08-19,2026-04-16,0.5752212389380531,0.5423076923076924,0.7303370786516854,0.5752212389380531,1.0,65,48,0,0,0.5132743362831859,0.5752212389380531,0.0,0.0,0.0,0.0,0.0,0.0,0.0,0.0,0.5752212389380531,0.0,0.0,1.0,0.0,1.6463848132279653,0
MUTHOOTFIN,6,0.95,964,107,57,2025-12-11,2026-04-16,0.5087719298245614,0.5690537084398977,0.6,0.5833333333333334,0.6176470588235294,21,15,8,13,0.5263157894736842,0.5964912280701754,0.0,0.0,0.0,0.0,0.0,0.0,0.0,0.0,0.5833333333333334,0.38095238095238093,0.0,0.631578947368421,0.3684210526315789,0.3712260083360572,0
CHOLAFIN,1,0.7,760,84,120,2024-04-29,2024-12-10,0.5583333333333333,0.5260373155109997,0.6442953020134228,0.5581395348837209,0.7619047619047619,48,38,19,15,0.5166666666666667,0.5916666666666667,0.0,0.0,0.0,0.0,0.0,0.0,0.0,0.0,0.5581395348837209,0.5588235294117647,0.0,0.7166666666666667,0.2833333333333333,0.5381460316628821,0
CHOLAFIN,2,0.75,814,90,121,2024-08-20,2025-04-03,0.5206611570247934,0.540788013318535,0.5671641791044776,0.4691358024691358,0.7169811320754716,38,43,25,15,0.512396694214876,0.5289256198347108,0.0,0.0,0.0,0.0,0.0,0.0,0.0,0.0,0.4691358024691358,0.625,0.0,0.6694214876033058,0.3305785123966942,0.5682496532874342,0
CHOLAFIN,3,0.8,868,96,121,2024-12-11,2025-07-30,0.48760330578512395,0.49942922374429216,0.5441176470588235,0.42045454545454547,0.7708333333333334,37,51,22,11,0.48760330578512395,0.4793388429752066,0.0,0.0,0.0,0.0,0.0,0.0,0.0,0.0,0.42045454545454547,0.6666666666666667,0.0,0.7272727272727273,0.2727272727272727,0.49573480472752124,0
CHOLAFIN,4,0.85,923,102,120,2025-04-04,2025-12-03,0.5416666666666666,0.5787412587412588,0.5736434108527132,0.5,0.6727272727272727,37,37,28,18,0.5416666666666666,0.5166666666666667,0.0,0.0,0.0,0.0,0.0,0.0,0.0,0.0,0.5,0.6086956521739131,0.0,0.6166666666666667,0.38333333333333336,1.0,0
CHOLAFIN,5,0.9,977,108,121,2025-07-31,2026-04-16,0.5289256198347108,0.5405035577449371,0.5511811023622047,0.5072463768115942,0.603448275862069,35,34,29,23,0.512396694214876,0.5371900826446281,0.0,0.0,0.0,0.0,0.0,0.0,0.0,0.0,0.5072463768115942,0.5576923076923077,0.0,0.5702479338842975,0.4297520661157025,0.3971479465422447,0
CHOLAFIN,6,0.95,1031,114,61,2025-12-04,2026-04-16,0.4426229508196721,0.46428571428571425,0.46875,0.4166666666666667,0.5357142857142857,15,21,12,13,0.5737704918032787,0.36065573770491804,0.0,0.0,0.0,0.0,0.0,0.0,0.0,0.0,0.4166666666666667,0.48,0.0,0.5901639344262295,0.4098360655737705,0.3981207073721794,0
MANAPPURAM,1,0.7,749,83,119,2024-04-05,2024-11-25,0.5294117647058824,0.5242937853107346,0.5409836065573771,0.5238095238095238,0.559322033898305,33,30,30,26,0.5378151260504201,0.47058823529411764,0.0,0.0,0.0,0.0,0.0,0.0,0.0,0.0,0.5238095238095238,0.5357142857142857,0.0,0.5294117647058824,0.47058823529411764,0.17377767756620618,0
MANAPPURAM,2,0.75,802,89,119,2024-08-09,2025-03-18,0.453781512605042,0.50423968343697,0.5185185185185185,0.47297297297297297,0.5737704918032787,35,39,19,26,0.44537815126050423,0.5210084033613446,0.0,0.0,0.0,0.0,0.0,0.0,0.0,0.0,0.47297297297297297,0.4222222222222223,0.0,0.6218487394957983,0.37815126050420167,0.15283667166188603,0
MANAPPURAM,3,0.8,856,95,119,2024-11-27,2025-08-04,0.5294117647058824,0.4886297376093295,0.6363636363636364,0.5833333333333334,0.7,49,35,14,21,0.5630252100840336,0.5882352941176471,0.0,0.0,0.0,0.0,0.0,0.0,0.0,0.0,0.5833333333333334,0.4,0.0,0.7058823529411765,0.29411764705882354,1.0,0
MANAPPURAM,4,0.85,909,101,119,2025-03-19,2025-12-03,0.5294117647058824,0.5514414923685699,0.6363636363636364,0.5104166666666666,0.8448275862068966,49,47,14,9,0.5126050420168067,0.48739495798319327,0.0,0.0,0.0,0.0,0.0,0.0,0.0,0.0,0.5104166666666666,0.6086956521739131,0.0,0.8067226890756303,0.19327731092436976,1.0,0
MANAPPURAM,5,0.9,963,107,119,2025-08-05,2026-04-09,0.453781512605042,0.5265987549518959,0.43478260869565216,0.43103448275862066,0.43859649122807015,25,33,29,32,0.453781512605042,0.4789915966386555,0.0,0.0,0.0,0.0,0.0,0.0,0.0,0.0,0.43103448275862066,0.47540983606557374,0.0,0.48739495798319327,0.5126050420168067,0.4746741091482771,0
MANAPPURAM,6,0.95,1017,112,60,2025-12-04,2026-04-09,0.55,0.5770089285714286,0.6493506493506493,0.5555555555555556,0.78125,25,20,8,7,0.5166666666666667,0.5333333333333333,0.0,0.0,0.0,0.0,0.0,0.0,0.0,0.0,0.5555555555555556,0.5333333333333333,0.0,0.75,0.25,1.0,0
HCLTECH,1,0.7,666,74,106,2024-04-29,2024-12-27,0.5094339622641509,0.443351548269581,0.6338028169014085,0.5555555555555556,0.7377049180327869,45,36,9,16,0.5094339622641509,0.46226415094339623,0.0,0.0,0.0,0.0,0.0,0.0,0.0,0.0,0.5555555555555556,0.36,0.0,0.7641509433962265,0.2358490566037736,1.0,0
HCLTECH,2,0.75,714,79,106,2024-08-23,2025-04-23,0.5283018867924528,0.5539285714285714,0.6212121212121212,0.5394736842105263,0.7321428571428571,41,35,15,15,0.5377358490566038,0.5283018867924528,0.0,0.0,0.0,0.0,0.0,0.0,0.0,0.0,0.5394736842105263,0.5,0.0,0.7169811320754716,0.2830188679245283,1.0,0
HCLTECH,3,0.8,762,84,106,2024-12-30,2025-08-06,0.5188679245283019,0.5085714285714286,0.5641025641025641,0.4925373134328358,0.66,33,34,22,17,0.5283018867924528,0.5283018867924528,0.0,0.0,0.0,0.0,0.0,0.0,0.0,0.0,0.4925373134328358,0.5641025641025641,0.0,0.6320754716981132,0.36792452830188677,0.3482314220146577,0
HCLTECH,4,0.85,810,89,106,2025-04-24,2025-12-08,0.5,0.475222816399287,0.6394557823129252,0.4895833333333333,0.9215686274509803,47,49,6,4,0.5,0.4811320754716981,0.0,0.0,0.0,0.0,0.0,0.0,0.0,0.0,0.4895833333333333,0.6,0.0,0.9056603773584906,0.09433962264150944,0.177448009762633,0
HCLTECH,5,0.9,857,95,106,2025-08-08,2026-04-16,0.5,0.48273406906372374,0.6344827586206897,0.5,0.8679245283018868,46,46,7,7,0.5283018867924528,0.5,0.0,0.0,0.0,0.0,0.0,0.0,0.0,0.0,0.5,0.5,0.0,0.8679245283018868,0.1320754716981132,1.0,0
HCLTECH,6,0.95,905,100,53,2025-12-09,2026-04-16,0.5283018867924528,0.4971428571428571,0.576271186440678,0.5,0.68,17,17,11,8,0.5283018867924528,0.5471698113207547,0.0,0.0,0.0,0.0,0.0,0.0,0.0,0.0,0.5,0.5789473684210527,0.0,0.6415094339622641,0.3584905660377358,1.0,0
TCS,1,0.7,635,70,101,2024-04-09,2024-12-12,0.48514851485148514,0.5070754716981132,0.559322033898305,0.5076923076923077,0.6226415094339622,33,32,16,20,0.4752475247524752,0.4752475247524752,0.0,0.0,0.0,0.0,0.0,0.0,0.0,0.0,0.5076923076923077,0.4444444444444444,0.0,0.6435643564356436,0.3564356435643564,0.5024422717806748,0
TCS,2,0.75,681,75,100,2024-08-13,2025-04-16,0.5,0.5211038961038961,0.6323529411764706,0.4673913043478261,0.9772727272727273,43,49,7,1,0.47,0.44,0.0,0.0,0.0,0.0,0.0,0.0,0.0,0.0,0.4673913043478261,0.875,0.0,0.92,0.08,0.12868320863872265,0
TCS,3,0.8,726,80,101,2024-12-13,2025-08-21,0.44554455445544555,0.4795081967213115,0.4716981132075472,0.3787878787878788,0.625,25,41,20,15,0.49504950495049505,0.42574257425742573,0.0,0.0,0.0,0.0,0.0,0.0,0.0,0.0,0.3787878787878788,0.5714285714285714,0.0,0.6534653465346535,0.3465346534653465,0.2685486626079115,0
TCS,4,0.85,771,85,101,2025-04-17,2025-12-17,0.49504950495049505,0.4523246650906225,0.592,0.47435897435897434,0.7872340425531915,37,41,13,10,0.5247524752475248,0.46534653465346537,0.0,0.0,0.0,0.0,0.0,0.0,0.0,0.0,0.47435897435897434,0.5652173913043479,0.0,0.7722772277227723,0.22772277227722773,1.0,0
TCS,5,0.9,817,90,101,2025-08-22,2026-04-16,0.5544554455445545,0.5753532182103611,0.6564885496183206,0.524390243902439,0.8775510204081632,43,39,13,6,0.5148514851485149,0.46534653465346537,0.0,0.0,0.0,0.0,0.0,0.0,0.0,0.0,0.524390243902439,0.6842105263157895,0.0,0.8118811881188119,0.18811881188118812,1.0,0
TCS,6,0.95,862,95,51,2025-12-19,2026-04-16,0.37254901960784315,0.3633540372670807,0.4666666666666667,0.3783783783783784,0.6086956521739131,14,23,5,9,0.39215686274509803,0.5490196078431373,0.0,0.0,0.0,0.0,0.0,0.0,0.0,0.0,0.3783783783783784,0.3571428571428571,0.0,0.7254901960784313,0.27450980392156865,0.10000660285425449,0
INFY,1,0.7,679,75,108,2024-03-15,2024-12-04,0.5185185185185185,0.5188516084399861,0.6,0.5492957746478874,0.6610169491525424,39,32,17,20,0.5185185185185185,0.49074074074074076,0.0,0.0,0.0,0.0,0.0,0.0,0.0,0.0,0.5492957746478874,0.45945945945945943,0.0,0.6574074074074074,0.3425925925925926,0.4491787165710096,0
INFY,2,0.75,728,80,108,2024-07-30,2025-03-27,0.5462962962962963,0.5569272976680385,0.5882352941176471,0.5384615384615384,0.6481481481481481,35,30,24,19,0.5462962962962963,0.5,0.0,0.0,0.0,0.0,0.0,0.0,0.0,0.0,0.5384615384615384,0.5581395348837209,0.0,0.6018518518518519,0.39814814814814814,1.0,0
INFY,3,0.8,776,86,108,2024-12-05,2025-08-01,0.4166666666666667,0.4286205710354317,0.36363636363636365,0.375,0.35294117647058826,18,30,27,33,0.4537037037037037,0.5277777777777778,0.0,0.0,0.0,0.0,0.0,0.0,0.0,0.0,0.375,0.44999999999999996,0.0,0.4444444444444444,0.5555555555555556,1.0,0
INFY,4,0.85,825,91,108,2025-03-28,2025-12-09,0.5277777777777778,0.5693681318681318,0.5984251968503937,0.5066666666666667,0.7307692307692307,38,37,19,14,0.5555555555555556,0.5370370370370371,0.0,0.0,0.0,0.0,0.0,0.0,0.0,0.0,0.5066666666666667,0.5757575757575757,0.0,0.6944444444444444,0.3055555555555556,1.0,0
INFY,5,0.9,873,97,108,2025-08-04,2026-04-10,0.5185185185185185,0.5215277777777777,0.559322033898305,0.4714285714285714,0.6875,33,37,23,15,0.5092592592592593,0.5740740740740741,0.0,0.0,0.0,0.0,0.0,0.0,0.0,0.0,0.4714285714285714,0.6052631578947368,0.0,0.6481481481481481,0.35185185185185186,1.0,0
INFY,6,0.95,922,102,54,2025-12-10,2026-04-10,0.4444444444444444,0.40813464235624125,0.4230769230769231,0.3793103448275862,0.4782608695652174,11,18,13,12,0.3888888888888889,0.5370370370370371,0.0,0.0,0.0,0.0,0.0,0.0,0.0,0.0,0.3793103448275862,0.52,0.0,0.5370370370370371,0.46296296296296297,0.10000660285425449,0
WIPRO,1,0.7,673,74,107,2024-05-08,2024-12-23,0.4485981308411215,0.54590395480226,0.3655913978494624,0.5,0.288135593220339,17,17,31,42,0.5420560747663551,0.4485981308411215,0.0,0.0,0.0,0.0,0.0,0.0,0.0,0.0,0.5,0.4246575342465754,0.0,0.3177570093457944,0.6822429906542056,1.0,0
WIPRO,2,0.75,721,80,106,2024-09-04,2025-04-17,0.5094339622641509,0.4960714285714286,0.559322033898305,0.4852941176470588,0.66,33,35,21,17,0.49056603773584906,0.5094339622641509,0.0,0.0,0.0,0.0,0.0,0.0,0.0,0.0,0.4852941176470588,0.5526315789473684,0.0,0.6415094339622641,0.3584905660377358,1.0,0
WIPRO,3,0.8,769,85,107,2024-12-27,2025-08-07,0.5327102803738317,0.550494350282486,0.5283018867924528,0.4827586206896552,0.5833333333333334,28,30,29,20,0.5233644859813084,0.5233644859813084,0.0,0.0,0.0,0.0,0.0,0.0,0.0,0.0,0.4827586206896552,0.5918367346938775,0.0,0.5420560747663551,0.45794392523364486,1.0,0
WIPRO,4,0.85,817,90,107,2025-04-22,2025-12-11,0.5233644859813084,0.5549719887955182,0.5142857142857142,0.5510204081632653,0.48214285714285715,27,22,29,29,0.5887850467289719,0.5327102803738317,0.0,0.0,0.0,0.0,0.0,0.0,0.0,0.0,0.5510204081632653,0.5,0.0,0.45794392523364486,0.5420560747663551,1.0,0
WIPRO,5,0.9,865,96,107,2025-08-08,2026-04-16,0.5327102803738317,0.5854341736694678,0.576271186440678,0.5483870967741935,0.6071428571428571,34,28,23,22,0.5794392523364486,0.5420560747663551,0.0,0.0,0.0,0.0,0.0,0.0,0.0,0.0,0.5483870967741935,0.5111111111111111,0.0,0.5794392523364486,0.4205607476635514,0.5271639637229304,0
WIPRO,6,0.95,913,101,54,2025-12-12,2026-04-16,0.5740740740740741,0.5686813186813187,0.5818181818181818,0.5517241379310345,0.6153846153846154,16,13,15,10,0.46296296296296297,0.48148148148148145,0.0,0.0,0.0,0.0,0.0,0.0,0.0,0.0,0.5517241379310345,0.6,0.0,0.5370370370370371,0.46296296296296297,0.10428895697354618,0
TECHM,1,0.7,701,77,111,2024-03-21,2024-11-13,0.5045045045045045,0.515645371577575,0.5528455284552846,0.53125,0.576271186440678,34,30,22,25,0.5045045045045045,0.5045045045045045,0.0,0.0,0.0,0.0,0.0,0.0,0.0,0.0,0.53125,0.46808510638297873,0.0,0.5765765765765766,0.42342342342342343,0.4428498723197844,0
TECHM,2,0.75,751,83,111,2024-08-02,2025-03-26,0.5405405405405406,0.5725439167208849,0.6106870229007634,0.5128205128205128,0.7547169811320755,40,38,20,13,0.5765765765765766,0.5225225225225225,0.0,0.0,0.0,0.0,0.0,0.0,0.0,0.0,0.5128205128205128,0.6060606060606061,0.0,0.7027027027027027,0.2972972972972973,1.0,0
TECHM,3,0.8,801,88,111,2024-11-14,2025-07-24,0.43243243243243246,0.49382716049382713,0.5531914893617021,0.4482758620689655,0.7222222222222222,39,48,9,15,0.5135135135135135,0.5135135135135135,0.0,0.0,0.0,0.0,0.0,0.0,0.0,0.0,0.4482758620689655,0.375,0.0,0.7837837837837838,0.21621621621621623,1.0,0
TECHM,4,0.85,851,94,111,2025-03-28,2025-11-25,0.4864864864864865,0.49610389610389605,0.6068965517241379,0.4943820224719101,0.7857142857142857,44,45,10,12,0.4954954954954955,0.5045045045045045,0.0,0.0,0.0,0.0,0.0,0.0,0.0,0.0,0.4943820224719101,0.4545454545454546,0.0,0.8018018018018018,0.1981981981981982,0.5649799822485075,0
TECHM,5,0.9,900,100,112,2025-07-25,2026-04-16,0.5892857142857143,0.5409888357256778,0.640625,0.5616438356164384,0.7454545454545455,41,32,25,14,0.4732142857142857,0.4107142857142857,0.0,0.0,0.0,0.0,0.0,0.0,0.0,0.0,0.5616438356164384,0.641025641025641,0.0,0.6517857142857143,0.3482142857142857,0.29820040642820894,0
TECHM,6,0.95,951,105,56,2025-11-26,2026-04-16,0.5178571428571429,0.49042145593869735,0.47058823529411764,0.5,0.4444444444444444,12,12,17,15,0.5535714285714286,0.5178571428571429,0.0,0.0,0.0,0.0,0.0,0.0,0.0,0.0,0.5,0.53125,0.0,0.42857142857142855,0.5714285714285714,1.0,0
LTIM,1,0.7,707,78,112,2024-03-06,2024-11-27,0.5357142857142857,0.4990384615384615,0.6285714285714286,0.55,0.7333333333333333,44,36,16,16,0.4732142857142857,0.5,0.0,0.0,0.0,0.0,0.0,0.0,0.0,0.0,0.55,0.5,0.0,0.7142857142857143,0.2857142857142857,0.4198524656587813,0
LTIM,2,0.75,757,84,112,2024-07-29,2025-03-13,0.48214285714285715,0.44610969387755106,0.5606060606060606,0.4868421052631579,0.6607142857142857,37,39,17,19,0.5178571428571429,0.5,0.0,0.0,0.0,0.0,0.0,0.0,0.0,0.0,0.4868421052631579,0.4722222222222222,0.0,0.6785714285714286,0.32142857142857145,0.6571743122856382,0
LTIM,3,0.8,808,89,112,2024-12-02,2025-07-30,0.48214285714285715,0.5157894736842106,0.48214285714285715,0.47368421052631576,0.4909090909090909,27,30,27,28,0.5535714285714286,0.5089285714285714,0.0,0.0,0.0,0.0,0.0,0.0,0.0,0.0,0.47368421052631576,0.49090909090909096,0.0,0.5089285714285714,0.49107142857142855,0.30806535560715764,0
LTIM,4,0.85,858,95,112,2025-03-19,2025-12-04,0.48214285714285715,0.44585561497326204,0.6233766233766234,0.5581395348837209,0.7058823529411765,48,38,6,20,0.5446428571428571,0.5089285714285714,0.0,0.0,0.0,0.0,0.0,0.0,0.0,0.0,0.5581395348837209,0.23076923076923073,0.0,0.7678571428571429,0.23214285714285715,0.32357289438277476,0
LTIM,5,0.9,909,100,113,2025-07-31,2026-04-16,0.5398230088495575,0.5043942247332078,0.5873015873015873,0.5522388059701493,0.6271186440677966,37,30,24,22,0.5486725663716814,0.5486725663716814,0.0,0.0,0.0,0.0,0.0,0.0,0.0,0.0,0.5522388059701493,0.5217391304347826,0.0,0.5929203539823009,0.40707964601769914,0.5639678298065822,0
LTIM,6,0.95,959,106,57,2025-12-05,2026-04-16,0.42105263157894735,0.509090909090909,0.4,0.3333333333333333,0.5,11,22,13,11,0.5263157894736842,0.42105263157894735,0.0,0.0,0.0,0.0,0.0,0.0,0.0,0.0,0.3333333333333333,0.5416666666666667,0.0,0.5789473684210527,0.42105263157894735,0.4624495957077654,0
PERSISTENT,1,0.7,742,82,118,2024-05-22,2025-01-01,0.4830508474576271,0.3814496314496314,0.6211180124223602,0.5747126436781609,0.6756756756756757,50,37,7,24,0.5423728813559322,0.4915254237288136,0.0,0.0,0.0,0.0,0.0,0.0,0.0,0.0,0.5747126436781609,0.22580645161290325,0.0,0.7372881355932204,0.2627118644067797,0.38128542636192353,0
PERSISTENT,2,0.75,795,88,118,2024-09-09,2025-04-22,0.4406779661016949,0.4137931034482759,0.5285714285714286,0.4625,0.6166666666666667,37,43,15,23,0.4661016949152542,0.4322033898305085,0.0,0.0,0.0,0.0,0.0,0.0,0.0,0.0,0.4625,0.39473684210526316,0.0,0.6779661016949152,0.3220338983050847,0.34549580758964493,0
PERSISTENT,3,0.8,848,94,118,2025-01-03,2025-08-11,0.4491525423728814,0.5077553409423471,0.5637583892617449,0.42857142857142855,0.8235294117647058,42,56,11,9,0.4406779661016949,0.4491525423728814,0.0,0.0,0.0,0.0,0.0,0.0,0.0,0.0,0.42857142857142855,0.55,0.0,0.8305084745762712,0.1694915254237288,0.4089937529183185,0
PERSISTENT,4,0.85,901,100,118,2025-04-24,2025-12-09,0.4915254237288136,0.4605414746543779,0.6511627906976745,0.4827586206896552,1.0,56,60,2,0,0.4322033898305085,0.4745762711864407,0.0,0.0,0.0,0.0,0.0,0.0,0.0,0.0,0.4827586206896552,1.0,0.0,0.9830508474576272,0.01694915254237288,1.0,0
PERSISTENT,5,0.9,954,106,118,2025-08-13,2026-04-16,0.4830508474576271,0.5230414746543779,0.6211180124223602,0.47619047619047616,0.8928571428571429,50,55,7,6,0.5084745762711864,0.559322033898305,0.0,0.0,0.0,0.0,0.0,0.0,0.0,0.0,0.47619047619047616,0.5384615384615384,0.0,0.8898305084745762,0.11016949152542373,1.0,0
PERSISTENT,6,0.95,1008,111,59,2025-12-10,2026-04-16,0.4576271186440678,0.4592074592074592,0.5151515151515151,0.425,0.6538461538461539,17,23,10,9,0.4576271186440678,0.4745762711864407,0.0,0.0,0.0,0.0,0.0,0.0,0.0,0.0,0.425,0.5263157894736843,0.0,0.6779661016949152,0.3220338983050847,1.0,0
MPHASIS,1,0.7,738,81,117,2024-04-16,2024-12-06,0.5384615384615384,0.5112893642305407,0.6301369863013698,0.575,0.696969696969697,46,34,17,20,0.5641025641025641,0.6068376068376068,0.0,0.0,0.0,0.0,0.0,0.0,0.0,0.0,0.575,0.45945945945945943,0.0,0.6837606837606838,0.3162393162393162,0.4275947929875857,0
MPHASIS,2,0.75,790,87,117,2024-08-14,2025-03-28,0.48717948717948717,0.47339181286549714,0.6052631578947368,0.5,0.7666666666666667,46,46,11,14,0.452991452991453,0.5213675213675214,0.0,0.0,0.0,0.0,0.0,0.0,0.0,0.0,0.5,0.43999999999999995,0.0,0.7863247863247863,0.21367521367521367,0.22955122665719271,0
MPHASIS,3,0.8,843,93,117,2024-12-09,2025-08-05,0.48717948717948717,0.46560846560846564,0.5,0.45454545454545453,0.5555555555555556,30,36,27,24,0.5128205128205128,0.47863247863247865,0.0,0.0,0.0,0.0,0.0,0.0,0.0,0.0,0.45454545454545453,0.5294117647058824,0.0,0.5641025641025641,0.4358974358974359,1.0,0
MPHASIS,4,0.85,895,99,117,2025-04-02,2025-12-03,0.49572649572649574,0.48888888888888893,0.5693430656934306,0.5064935064935064,0.65,39,38,19,21,0.49572649572649574,0.5128205128205128,0.0,0.0,0.0,0.0,0.0,0.0,0.0,0.0,0.5064935064935064,0.475,0.0,0.6581196581196581,0.3418803418803419,1.0,0
MPHASIS,5,0.9,948,105,117,2025-08-06,2026-04-16,0.36752136752136755,0.3660818713450293,0.463768115942029,0.3950617283950617,0.5614035087719298,32,49,11,25,0.5128205128205128,0.4017094017094017,0.0,0.0,0.0,0.0,0.0,0.0,0.0,0.0,0.3950617283950617,0.3055555555555556,0.0,0.6923076923076923,0.3076923076923077,0.27214771065644866,0
MPHASIS,6,0.95,1000,111,59,2025-12-04,2026-04-16,0.559322033898305,0.5894117647058823,0.5666666666666667,0.4857142857142857,0.68,17,18,16,8,0.6440677966101694,0.576271186440678,0.0,0.0,0.0,0.0,0.0,0.0,0.0,0.0,0.4857142857142857,0.6666666666666667,0.0,0.5932203389830508,0.4067796610169492,0.4011369726417399,0
COFORGE,1,0.7,757,84,120,2024-04-05,2024-12-16,0.5583333333333333,0.508813160987074,0.6787878787878788,0.6153846153846154,0.7567567567567568,56,35,11,18,0.5583333333333333,0.38333333333333336,0.0,0.0,0.0,0.0,0.0,0.0,0.0,0.0,0.6153846153846154,0.3793103448275862,0.0,0.7583333333333333,0.24166666666666667,0.4153573357946471,0
COFORGE,2,0.75,811,90,120,2024-08-19,2025-04-30,0.5416666666666666,0.5104166666666667,0.6496815286624203,0.6,0.7083333333333334,51,34,14,21,0.49166666666666664,0.49166666666666664,0.0,0.0,0.0,0.0,0.0,0.0,0.0,0.0,0.6,0.4,0.0,0.7083333333333334,0.2916666666666667,0.7121876677032277,0
COFORGE,3,0.8,865,96,120,2024-12-17,2025-08-14,0.4583333333333333,0.44923076923076927,0.5323741007194245,0.5,0.5692307692307692,37,37,18,28,0.4666666666666667,0.43333333333333335,0.0,0.0,0.0,0.0,0.0,0.0,0.0,0.0,0.5,0.3913043478260869,0.0,0.6166666666666667,0.38333333333333336,0.4973747036155522,0
COFORGE,4,0.85,919,102,120,2025-05-05,2025-12-11,0.44166666666666665,0.3469387755102041,0.54421768707483,0.5263157894736842,0.5633802816901409,40,36,13,31,0.44166666666666665,0.43333333333333335,0.0,0.0,0.0,0.0,0.0,0.0,0.0,0.0,0.5263157894736842,0.2954545454545454,0.0,0.6333333333333333,0.36666666666666664,0.43401633024122016,0
COFORGE,5,0.9,973,108,121,2025-08-19,2026-04-10,0.47107438016528924,0.475136612021858,0.6,0.48,0.8,48,52,9,12,0.48760330578512395,0.49586776859504134,0.0,0.0,0.0,0.0,0.0,0.0,0.0,0.0,0.48,0.4285714285714286,0.0,0.8264462809917356,0.17355371900826447,1.0,0
COFORGE,6,0.95,1027,114,61,2025-12-12,2026-04-10,0.4426229508196721,0.42888888888888893,0.48484848484848486,0.3902439024390244,0.64,16,25,11,9,0.5573770491803278,0.4098360655737705,0.0,0.0,0.0,0.0,0.0,0.0,0.0,0.0,0.3902439024390244,0.55,0.0,0.6721311475409836,0.32786885245901637,0.1345091670565156,0
TATAELXSI,1,0.7,719,79,114,2024-04-16,2024-12-12,0.47368421052631576,0.49892141756548536,0.45454545454545453,0.45454545454545453,0.45454545454545453,25,30,29,30,0.43859649122807015,0.5175438596491229,0.0,0.0,0.0,0.0,0.0,0.0,0.0,0.0,0.45454545454545453,0.4915254237288136,0.0,0.4824561403508772,0.5175438596491229,0.3063503382494318,0
TATAELXSI,2,0.75,770,85,114,2024-08-28,2025-04-07,0.42105263157894735,0.4604636392505558,0.36538461538461536,0.3333333333333333,0.40425531914893614,19,38,29,28,0.5087719298245614,0.5263157894736842,0.0,0.0,0.0,0.0,0.0,0.0,0.0,0.0,0.3333333333333333,0.5087719298245614,0.0,0.5,0.5,0.1926251387252788,0
TATAELXSI,3,0.8,821,91,114,2024-12-16,2025-08-11,0.5526315789473685,0.538151364764268,0.5142857142857142,0.5094339622641509,0.5192307692307693,27,26,36,25,0.5877192982456141,0.5263157894736842,0.0,0.0,0.0,0.0,0.0,0.0,0.0,0.0,0.5094339622641509,0.5901639344262295,0.0,0.4649122807017544,0.5350877192982456,0.5564052343638953,0
TATAELXSI,4,0.85,873,96,114,2025-04-08,2025-12-09,0.5175438596491229,0.3860191772347665,0.22535211267605634,0.4444444444444444,0.1509433962264151,8,10,51,45,0.45614035087719296,0.5350877192982456,0.0,0.0,0.0,0.0,0.0,0.0,0.0,0.0,0.4444444444444444,0.53125,0.0,0.15789473684210525,0.8421052631578947,0.1279879744690172,0
TATAELXSI,5,0.9,924,102,115,2025-08-12,2026-04-16,0.5217391304347826,0.49222636815920395,0.38202247191011235,0.4146341463414634,0.3541666666666667,17,24,43,31,0.5043478260869565,0.5826086956521739,0.0,0.0,0.0,0.0,0.0,0.0,0.0,0.0,0.4146341463414634,0.5810810810810811,0.0,0.3565217391304348,0.6434782608695652,0.24151356877121263,0
TATAELXSI,6,0.95,975,108,58,2025-12-10,2026-04-16,0.46551724137931033,0.5066666666666666,0.5373134328358209,0.42857142857142855,0.72,18,24,9,7,0.5,0.5689655172413793,0.0,0.0,0.0,0.0,0.0,0.0,0.0,0.0,0.42857142857142855,0.5625,0.0,0.7241379310344828,0.27586206896551724,1.0,0
OFSS,1,0.7,687,76,109,2024-06-25,2025-01-28,0.5045871559633027,0.4993265993265993,0.4807692307692308,0.5102040816326531,0.45454545454545453,25,24,30,30,0.47706422018348627,0.4954128440366973,0.0,0.0,0.0,0.0,0.0,0.0,0.0,0.0,0.5102040816326531,0.5,0.0,0.44954128440366975,0.5504587155963303,0.288933637190957,0
OFSS,2,0.75,737,81,109,2024-10-11,2025-05-14,0.5137614678899083,0.515034965034965,0.4044943820224719,0.4,0.4090909090909091,18,27,38,26,0.5321100917431193,0.46788990825688076,0.0,0.0,0.0,0.0,0.0,0.0,0.0,0.0,0.4,0.59375,0.0,0.41284403669724773,0.5871559633027523,0.49737459100873216,0
OFSS,3,0.8,785,87,109,2025-01-29,2025-08-25,0.5045871559633027,0.49557823129251705,0.49056603773584906,0.45614035087719296,0.5306122448979592,26,31,29,23,0.42201834862385323,0.5229357798165137,0.0,0.0,0.0,0.0,0.0,0.0,0.0,0.0,0.45614035087719296,0.5576923076923077,0.0,0.5229357798165137,0.47706422018348627,0.5440407110670687,0
OFSS,4,0.85,835,92,109,2025-05-15,2025-12-10,0.44954128440366975,0.43083670715249667,0.5384615384615384,0.44871794871794873,0.6730769230769231,35,43,14,17,0.44036697247706424,0.44954128440366975,0.0,0.0,0.0,0.0,0.0,0.0,0.0,0.0,0.44871794871794873,0.4516129032258065,0.0,0.7155963302752294,0.28440366972477066,1.0,0
OFSS,5,0.9,883,98,110,2025-08-26,2026-04-16,0.4727272727272727,0.4993333333333333,0.5245901639344263,0.4444444444444444,0.64,32,40,20,18,0.4909090909090909,0.5,0.0,0.0,0.0,0.0,0.0,0.0,0.0,0.0,0.4444444444444444,0.5263157894736843,0.0,0.6545454545454545,0.34545454545454546,1.0,0
OFSS,6,0.95,933,103,55,2025-12-15,2026-04-16,0.5272727272727272,0.5426666666666666,0.35,0.4666666666666667,0.28,7,8,22,18,0.5818181818181818,0.5454545454545454,0.0,0.0,0.0,0.0,0.0,0.0,0.0,0.0,0.4666666666666667,0.55,0.0,0.2727272727272727,0.7272727272727273,0.1818646973322351,0
NAUKRI,1,0.7,842,93,134,2024-02-09,2024-10-30,0.5373134328358209,0.5493868450390189,0.6172839506172839,0.5376344086021505,0.7246376811594203,50,43,22,19,0.5149253731343284,0.5149253731343284,0.0,0.0,0.0,0.0,0.0,0.0,0.0,0.0,0.5376344086021505,0.5365853658536586,0.0,0.6940298507462687,0.30597014925373134,1.0,0
NAUKRI,2,0.75,902,100,134,2024-07-02,2025-03-03,0.4925373134328358,0.4754464285714286,0.5903614457831325,0.5104166666666666,0.7,49,47,17,21,0.5447761194029851,0.4701492537313433,0.0,0.0,0.0,0.0,0.0,0.0,0.0,0.0,0.5104166666666666,0.4473684210526315,0.0,0.7164179104477612,0.2835820895522388,0.2165301644261176,0
NAUKRI,3,0.8,963,106,134,2024-11-01,2025-07-08,0.5074626865671642,0.4742704388505235,0.6071428571428571,0.504950495049505,0.7611940298507462,51,50,17,16,0.4701492537313433,0.5074626865671642,0.0,0.0,0.0,0.0,0.0,0.0,0.0,0.0,0.504950495049505,0.5151515151515151,0.0,0.753731343283582,0.2462686567164179,0.23570140697302622,0
NAUKRI,4,0.85,1023,113,134,2025-03-04,2025-11-14,0.44029850746268656,0.4467203682393555,0.5508982035928144,0.4107142857142857,0.8363636363636363,46,66,13,9,0.417910447761194,0.417910447761194,0.0,0.0,0.0,0.0,0.0,0.0,0.0,0.0,0.4107142857142857,0.5909090909090908,0.0,0.835820895522388,0.16417910447761194,0.634904287230472,0
NAUKRI,5,0.9,1083,120,134,2025-07-09,2026-04-16,0.41044776119402987,0.5740696278511405,0.5153374233128835,0.3684210526315789,0.8571428571428571,42,72,13,7,0.43283582089552236,0.40298507462686567,0.0,0.0,0.0,0.0,0.0,0.0,0.0,0.0,0.3684210526315789,0.65,0.0,0.8507462686567164,0.14925373134328357,0.10000660285425449,0
NAUKRI,6,0.95,1143,127,67,2025-11-17,2026-04-16,0.40298507462686567,0.4828571428571429,0.4594594594594595,0.3469387755102041,0.68,17,32,10,8,0.40298507462686567,0.373134328358209,0.0,0.0,0.0,0.0,0.0,0.0,0.0,0.0,0.3469387755102041,0.5555555555555556,0.0,0.7313432835820896,0.26865671641791045,1.0,0
MARUTI,1,0.7,656,72,104,2024-04-29,2024-12-12,0.4519230769230769,0.44469108398076207,0.5043478260869565,0.453125,0.5686274509803921,29,35,18,22,0.4326923076923077,0.5,0.0,0.0,0.0,0.0,0.0,0.0,0.0,0.0,0.453125,0.44999999999999996,0.0,0.6153846153846154,0.38461538461538464,0.3294898467758647,0
MARUTI,2,0.75,702,78,104,2024-08-26,2025-04-24,0.41346153846153844,0.4535274356103024,0.5040650406504065,0.40789473684210525,0.6595744680851063,31,45,12,16,0.49038461538461536,0.4519230769230769,0.0,0.0,0.0,0.0,0.0,0.0,0.0,0.0,0.40789473684210525,0.4285714285714286,0.0,0.7307692307692307,0.2692307692307692,0.2387903859132384,0
MARUTI,3,0.8,749,83,104,2024-12-16,2025-08-11,0.5192307692307693,0.5493895671476139,0.6323529411764706,0.5058823529411764,0.8431372549019608,43,42,11,8,0.5096153846153846,0.49038461538461536,0.0,0.0,0.0,0.0,0.0,0.0,0.0,0.0,0.5058823529411764,0.5789473684210527,0.0,0.8173076923076923,0.18269230769230768,1.0,0
MARUTI,4,0.85,796,88,104,2025-04-25,2025-12-23,0.5576923076923077,0.5116279069767442,0.6567164179104478,0.6027397260273972,0.7213114754098361,44,29,14,17,0.5192307692307693,0.5865384615384616,0.0,0.0,0.0,0.0,0.0,0.0,0.0,0.0,0.6027397260273972,0.4516129032258065,0.0,0.7019230769230769,0.2980769230769231,1.0,0
MARUTI,5,0.9,843,93,105,2025-08-13,2026-04-16,0.45714285714285713,0.4660087719298246,0.5043478260869565,0.5,0.5087719298245614,29,29,19,28,0.4380952380952381,0.49523809523809526,0.0,0.0,0.0,0.0,0.0,0.0,0.0,0.0,0.5,0.4042553191489362,0.0,0.5523809523809524,0.44761904761904764,1.0,0
MARUTI,6,0.95,890,98,53,2025-12-24,2026-04-16,0.49056603773584906,0.48275862068965514,0.5423728813559322,0.45714285714285713,0.6666666666666666,16,19,10,8,0.4716981132075472,0.4528301886792453,0.0,0.0,0.0,0.0,0.0,0.0,0.0,0.0,0.45714285714285713,0.5555555555555556,0.0,0.660377358490566,0.33962264150943394,0.10000660285425449,0
BAJAJ-AUTO,1,0.7,662,73,105,2024-05-16,2024-12-19,0.5142857142857142,0.4610909090909091,0.6433566433566433,0.5227272727272727,0.8363636363636363,46,42,8,9,0.45714285714285713,0.5238095238095238,0.0,0.0,0.0,0.0,0.0,0.0,0.0,0.0,0.5227272727272727,0.47058823529411764,0.0,0.8380952380952381,0.1619047619047619,0.4359129272078031,0
BAJAJ-AUTO,2,0.75,710,78,105,2024-09-10,2025-04-29,0.44761904761904764,0.4853264856933236,0.5797101449275363,0.43956043956043955,0.851063829787234,40,51,7,7,0.44761904761904764,0.44761904761904764,0.0,0.0,0.0,0.0,0.0,0.0,0.0,0.0,0.43956043956043955,0.5,0.0,0.8666666666666667,0.13333333333333333,0.2718621230665371,0
BAJAJ-AUTO,3,0.8,756,84,105,2024-12-24,2025-08-25,0.3904761904761905,0.37808417997097243,0.4576271186440678,0.4153846153846154,0.5094339622641509,27,38,14,26,0.4380952380952381,0.5047619047619047,0.0,0.0,0.0,0.0,0.0,0.0,0.0,0.0,0.4153846153846154,0.35,0.0,0.6190476190476191,0.38095238095238093,1.0,0
BAJAJ-AUTO,4,0.85,804,89,105,2025-04-30,2025-12-23,0.4380952380952381,0.41291727140783746,0.549618320610687,0.46153846153846156,0.6792452830188679,36,42,10,17,0.5523809523809524,0.4666666666666667,0.0,0.0,0.0,0.0,0.0,0.0,0.0,0.0,0.46153846153846156,0.37037037037037035,0.0,0.7428571428571429,0.2571428571428571,1.0,0
BAJAJ-AUTO,5,0.9,851,94,106,2025-08-29,2026-04-16,0.5377358490566038,0.5132142857142857,0.6016260162601627,0.5522388059701493,0.6607142857142857,37,30,20,19,0.5188679245283019,0.4339622641509434,0.0,0.0,0.0,0.0,0.0,0.0,0.0,0.0,0.5522388059701493,0.5128205128205128,0.0,0.6320754716981132,0.36792452830188677,0.29150720334148766,0
BAJAJ-AUTO,6,0.95,899,99,53,2025-12-24,2026-04-16,0.6037735849056604,0.596774193548387,0.6666666666666666,0.65625,0.6774193548387096,21,11,11,10,0.5094339622641509,0.4716981132075472,0.0,0.0,0.0,0.0,0.0,0.0,0.0,0.0,0.65625,0.5238095238095238,0.0,0.6037735849056604,0.39622641509433965,1.0,0
HEROMOTOCO,1,0.7,697,77,111,2024-05-16,2025-01-01,0.4864864864864865,0.52765126870527,0.5714285714285714,0.475,0.7169811320754716,38,42,16,15,0.5225225225225225,0.4954954954954955,0.0,0.0,0.0,0.0,0.0,0.0,0.0,0.0,0.475,0.5161290322580645,0.0,0.7207207207207207,0.27927927927927926,0.6224684638481599,0
HEROMOTOCO,2,0.75,747,83,110,2024-09-16,2025-04-24,0.43636363636363634,0.5067934782608696,0.5303030303030303,0.4069767441860465,0.7608695652173914,35,51,13,11,0.4727272727272727,0.41818181818181815,0.0,0.0,0.0,0.0,0.0,0.0,0.0,0.0,0.4069767441860465,0.5416666666666667,0.0,0.7818181818181819,0.21818181818181817,0.20839964418136736,0
HEROMOTOCO,3,0.8,797,88,111,2025-01-03,2025-08-08,0.5135135135135135,0.49154196486662327,0.5909090909090909,0.527027027027027,0.6724137931034483,39,35,18,19,0.44144144144144143,0.5225225225225225,0.0,0.0,0.0,0.0,0.0,0.0,0.0,0.0,0.527027027027027,0.4864864864864865,0.0,0.6666666666666666,0.3333333333333333,1.0,0
HEROMOTOCO,4,0.85,846,94,111,2025-04-25,2025-12-18,0.5135135135135135,0.4226190476190476,0.6538461538461539,0.5483870967741935,0.8095238095238095,51,42,6,12,0.45045045045045046,0.5585585585585585,0.0,0.0,0.0,0.0,0.0,0.0,0.0,0.0,0.5483870967741935,0.33333333333333337,0.0,0.8378378378378378,0.16216216216216217,1.0,0
HEROMOTOCO,5,0.9,897,99,111,2025-08-11,2026-04-16,0.5045045045045045,0.45045632333767927,0.5454545454545454,0.532258064516129,0.559322033898305,33,29,23,26,0.5045045045045045,0.46846846846846846,0.0,0.0,0.0,0.0,0.0,0.0,0.0,0.0,0.532258064516129,0.4693877551020408,0.0,0.5585585585585585,0.44144144144144143,1.0,0
HEROMOTOCO,6,0.95,946,105,56,2025-12-19,2026-04-16,0.42857142857142855,0.346938775510204,0.4482758620689655,0.43333333333333335,0.4642857142857143,13,17,11,15,0.5535714285714286,0.5535714285714286,0.0,0.0,0.0,0.0,0.0,0.0,0.0,0.0,0.43333333333333335,0.42307692307692313,0.0,0.5357142857142857,0.4642857142857143,1.0,0
EICHERMOT,1,0.7,716,79,114,2024-03-20,2024-12-03,0.41228070175438597,0.41602465331278893,0.32323232323232326,0.4,0.2711864406779661,16,24,31,43,0.3684210526315789,0.4824561403508772,0.0,0.0,0.0,0.0,0.0,0.0,0.0,0.0,0.4,0.41891891891891897,0.0,0.3508771929824561,0.6491228070175439,1.0,0
EICHERMOT,2,0.75,767,85,114,2024-08-05,2025-03-26,0.5263157894736842,0.538771712158809,0.37209302325581395,0.47058823529411764,0.3076923076923077,16,18,44,36,0.47368421052631576,0.5350877192982456,0.0,0.0,0.0,0.0,0.0,0.0,0.0,0.0,0.47058823529411764,0.55,0.0,0.2982456140350877,0.7017543859649122,1.0,0
EICHERMOT,3,0.8,819,90,114,2024-12-04,2025-07-28,0.5614035087719298,0.5216989843028624,0.5370370370370371,0.5686274509803921,0.5087719298245614,29,22,35,28,0.5,0.5526315789473685,0.0,0.0,0.0,0.0,0.0,0.0,0.0,0.0,0.5686274509803921,0.5555555555555556,0.0,0.4473684210526316,0.5526315789473685,1.0,0
EICHERMOT,4,0.85,870,96,114,2025-03-28,2025-12-15,0.543859649122807,0.489375,0.5806451612903226,0.6,0.5625,36,24,26,28,0.5614035087719298,0.4824561403508772,0.0,0.0,0.0,0.0,0.0,0.0,0.0,0.0,0.6,0.4814814814814815,0.0,0.5263157894736842,0.47368421052631576,0.1214639250422094,0
EICHERMOT,5,0.9,921,102,114,2025-07-31,2026-04-16,0.5087719298245614,0.5200746965452848,0.5483870967741935,0.5573770491803278,0.5396825396825397,34,27,24,29,0.4824561403508772,0.5175438596491229,0.0,0.0,0.0,0.0,0.0,0.0,0.0,0.0,0.5573770491803278,0.4528301886792453,0.0,0.5350877192982456,0.4649122807017544,0.10000660285425449,0
EICHERMOT,6,0.95,972,108,57,2025-12-16,2026-04-16,0.47368421052631576,0.45935960591133007,0.53125,0.4722222222222222,0.6071428571428571,17,19,10,11,0.5614035087719298,0.543859649122807,0.0,0.0,0.0,0.0,0.0,0.0,0.0,0.0,0.4722222222222222,0.47619047619047616,0.0,0.631578947368421,0.3684210526315789,0.5889627481238754,0
TVSMOTOR,1,0.7,712,79,113,2024-04-22,2024-12-02,0.5221238938053098,0.3388136686009027,0.6785714285714286,0.5588235294117647,0.8636363636363636,57,45,2,9,0.4336283185840708,0.584070796460177,0.0,0.0,0.0,0.0,0.0,0.0,0.0,0.0,0.5588235294117647,0.18181818181818177,0.0,0.9026548672566371,0.09734513274336283,0.41192314700998,0
TVSMOTOR,2,0.75,763,84,113,2024-08-07,2025-03-24,0.5132743362831859,0.38776796973518285,0.6625766871165644,0.5294117647058824,0.8852459016393442,54,48,4,7,0.4690265486725664,0.5398230088495575,0.0,0.0,0.0,0.0,0.0,0.0,0.0,0.0,0.5294117647058824,0.36363636363636365,0.0,0.9026548672566371,0.09734513274336283,0.5565029883340337,0
TVSMOTOR,3,0.8,814,90,113,2024-12-03,2025-07-21,0.5309734513274337,0.4968612680477087,0.6535947712418301,0.5319148936170213,0.847457627118644,50,44,10,9,0.45132743362831856,0.5221238938053098,0.0,0.0,0.0,0.0,0.0,0.0,0.0,0.0,0.5319148936170213,0.5263157894736843,0.0,0.831858407079646,0.168141592920354,0.5041225117505053,0
TVSMOTOR,4,0.85,864,96,113,2025-03-25,2025-12-11,0.5132743362831859,0.5147798742138365,0.6666666666666666,0.5238095238095238,0.9166666666666666,55,50,3,5,0.5221238938053098,0.5309734513274337,0.0,0.0,0.0,0.0,0.0,0.0,0.0,0.0,0.5238095238095238,0.375,0.0,0.9292035398230089,0.07079646017699115,0.5465637728826679,0
TVSMOTOR,5,0.9,916,101,113,2025-07-24,2026-04-16,0.4336283185840708,0.406015037593985,0.5555555555555556,0.45454545454545453,0.7142857142857143,40,48,9,16,0.4336283185840708,0.4690265486725664,0.0,0.0,0.0,0.0,0.0,0.0,0.0,0.0,0.45454545454545453,0.36,0.0,0.7787610619469026,0.22123893805309736,0.4244889437818208,0
TVSMOTOR,6,0.95,966,107,57,2025-12-12,2026-04-16,0.47368421052631576,0.532258064516129,0.6341463414634146,0.4642857142857143,1.0,26,30,1,0,0.49122807017543857,0.45614035087719296,0.0,0.0,0.0,0.0,0.0,0.0,0.0,0.0,0.4642857142857143,1.0,0.0,0.9824561403508771,0.017543859649122806,1.0,0
M&M,1,0.7,697,77,111,2024-05-10,2024-12-16,0.4864864864864865,0.45337301587301587,0.5957446808510638,0.5384615384615384,0.6666666666666666,42,36,12,21,0.4774774774774775,0.5675675675675675,0.0,0.0,0.0,0.0,0.0,0.0,0.0,0.0,0.5384615384615384,0.36363636363636365,0.0,0.7027027027027027,0.2972972972972973,1.0,0
M&M,2,0.75,747,83,110,2024-08-30,2025-04-03,0.44545454545454544,0.38161375661375657,0.5481481481481482,0.46835443037974683,0.6607142857142857,37,42,12,19,0.509090909090909,0.509090909090909,0.0,0.0,0.0,0.0,0.0,0.0,0.0,0.0,0.46835443037974683,0.3870967741935484,0.0,0.7181818181818181,0.2818181818181818,0.3083799170674579,0
M&M,3,0.8,797,88,111,2024-12-18,2025-08-08,0.46846846846846846,0.39895697522816165,0.593103448275862,0.5,0.7288135593220338,43,43,9,16,0.4594594594594595,0.5315315315315315,0.0,0.0,0.0,0.0,0.0,0.0,0.0,0.0,0.5,0.36,0.0,0.7747747747747747,0.22522522522522523,0.4234571731147907,0
M&M,4,0.85,846,94,111,2025-04-04,2025-12-04,0.4864864864864865,0.4188829787234043,0.6415094339622641,0.5368421052631579,0.796875,51,44,3,13,0.5495495495495496,0.5765765765765766,0.0,0.0,0.0,0.0,0.0,0.0,0.0,0.0,0.5368421052631579,0.1875,0.0,0.8558558558558559,0.14414414414414414,1.0,0
M&M,5,0.9,897,99,111,2025-08-11,2026-04-16,0.5315315315315315,0.4737012987012987,0.6486486486486487,0.5217391304347826,0.8571428571428571,48,44,11,8,0.5315315315315315,0.5045045045045045,0.0,0.0,0.0,0.0,0.0,0.0,0.0,0.0,0.5217391304347826,0.5789473684210527,0.0,0.8288288288288288,0.17117117117117117,1.0,0
M&M,6,0.95,946,105,56,2025-12-05,2026-04-16,0.42857142857142855,0.552258064516129,0.5675675675675675,0.42857142857142855,0.84,21,28,3,4,0.5,0.5,0.0,0.0,0.0,0.0,0.0,0.0,0.0,0.0,0.42857142857142855,0.4285714285714286,0.0,0.875,0.125,0.7390341098061659,0
MOTHERSON,1,0.7,751,83,119,2024-05-15,2024-12-27,0.44537815126050423,0.4188107489994283,0.45901639344262296,0.5,0.42424242424242425,28,28,25,38,0.44537815126050423,0.453781512605042,0.0,0.0,0.0,0.0,0.0,0.0,0.0,0.0,0.5,0.39682539682539686,0.0,0.47058823529411764,0.5294117647058824,0.3827387433762357,0
MOTHERSON,2,0.75,805,89,119,2024-09-12,2025-04-24,0.453781512605042,0.472934472934473,0.5255474452554745,0.43373493975903615,0.6666666666666666,36,47,18,18,0.453781512605042,0.453781512605042,0.0,0.0,0.0,0.0,0.0,0.0,0.0,0.0,0.43373493975903615,0.5,0.0,0.6974789915966386,0.3025210084033613,0.2994120214533887,0
MOTHERSON,3,0.8,858,95,119,2024-12-30,2025-08-04,0.48739495798319327,0.543502824858757,0.6257668711656442,0.49038461538461536,0.864406779661017,51,53,7,8,0.4957983193277311,0.4957983193277311,0.0,0.0,0.0,0.0,0.0,0.0,0.0,0.0,0.49038461538461536,0.4666666666666667,0.0,0.8739495798319328,0.12605042016806722,1.0,0
MOTHERSON,4,0.85,912,101,119,2025-04-25,2025-12-09,0.5462184873949579,0.4640633842671194,0.686046511627907,0.5363636363636364,0.9516129032258065,59,51,6,3,0.48739495798319327,0.5210084033613446,0.0,0.0,0.0,0.0,0.0,0.0,0.0,0.0,0.5363636363636364,0.6666666666666667,0.0,0.9243697478991597,0.07563025210084033,1.0,0
MOTHERSON,5,0.9,965,107,120,2025-08-05,2026-04-16,0.5083333333333333,0.4969410456062292,0.556390977443609,0.49333333333333335,0.6379310344827587,37,38,24,21,0.475,0.4666666666666667,0.0,0.0,0.0,0.0,0.0,0.0,0.0,0.0,0.49333333333333335,0.5333333333333333,0.0,0.625,0.375,0.20911044417254318,0
MOTHERSON,6,0.95,1019,113,60,2025-12-10,2026-04-16,0.5166666666666667,0.5061728395061728,0.5915492957746479,0.4772727272727273,0.7777777777777778,21,23,10,6,0.38333333333333336,0.4166666666666667,0.0,0.0,0.0,0.0,0.0,0.0,0.0,0.0,0.4772727272727273,0.625,0.0,0.7333333333333333,0.26666666666666666,0.4733001280944284,0
EXIDEIND,1,0.7,697,77,111,2024-05-08,2024-12-10,0.5135135135135135,0.5285899935022742,0.6086956521739131,0.5185185185185185,0.7368421052631579,42,39,15,15,0.4954954954954955,0.5135135135135135,0.0,0.0,0.0,0.0,0.0,0.0,0.0,0.0,0.5185185185185185,0.5,0.0,0.7297297297297297,0.2702702702702703,0.14281273383041504,0
EXIDEIND,2,0.75,747,83,110,2024-09-04,2025-04-07,0.5181818181818182,0.48388168826852773,0.5891472868217055,0.48717948717948717,0.7450980392156863,38,40,19,13,0.4818181818181818,0.4636363636363636,0.0,0.0,0.0,0.0,0.0,0.0,0.0,0.0,0.48717948717948717,0.59375,0.0,0.7090909090909091,0.2909090909090909,0.4082181042607714,0
EXIDEIND,3,0.8,797,88,111,2024-12-11,2025-08-08,0.5675675675675675,0.5246753246753246,0.6619718309859155,0.5465116279069767,0.8392857142857143,47,39,16,9,0.5135135135135135,0.5045045045045045,0.0,0.0,0.0,0.0,0.0,0.0,0.0,0.0,0.5465116279069767,0.64,0.0,0.7747747747747747,0.22522522522522523,1.0,0
EXIDEIND,4,0.85,846,94,111,2025-04-08,2025-12-10,0.5135135135135135,0.48408057179987,0.6625,0.5145631067961165,0.9298245614035088,53,50,4,4,0.4774774774774775,0.5135135135135135,0.0,0.0,0.0,0.0,0.0,0.0,0.0,0.0,0.5145631067961165,0.5,0.0,0.9279279279279279,0.07207207207207207,1.0,0
EXIDEIND,5,0.9,897,99,111,2025-08-14,2026-04-16,0.5135135135135135,0.5335747202106649,0.46,0.45098039215686275,0.46938775510204084,23,28,34,26,0.6036036036036037,0.44144144144144143,0.0,0.0,0.0,0.0,0.0,0.0,0.0,0.0,0.45098039215686275,0.5666666666666667,0.0,0.4594594594594595,0.5405405405405406,1.0,0
EXIDEIND,6,0.95,946,105,56,2025-12-15,2026-04-16,0.5,0.4861660079051383,0.5625,0.43902439024390244,0.782608695652174,18,23,10,5,0.5714285714285714,0.44642857142857145,0.0,0.0,0.0,0.0,0.0,0.0,0.0,0.0,0.43902439024390244,0.6666666666666667,0.0,0.7321428571428571,0.26785714285714285,0.40403017013005044,0
BOSCHLTD,1,0.7,782,86,124,2024-01-05,2024-10-01,0.4838709677419355,0.43881856540084396,0.5616438356164384,0.6119402985074627,0.5189873417721519,41,26,19,38,0.5887096774193549,0.6370967741935484,0.0,0.0,0.0,0.0,0.0,0.0,0.0,0.0,0.6119402985074627,0.33333333333333337,0.0,0.5403225806451613,0.4596774193548387,0.11605967857186175,0
BOSCHLTD,2,0.75,837,93,124,2024-05-31,2025-02-21,0.5,0.472490221642764,0.6125,0.5157894736842106,0.7538461538461538,49,46,13,16,0.47580645161290325,0.5241935483870968,0.0,0.0,0.0,0.0,0.0,0.0,0.0,0.0,0.5157894736842106,0.4482758620689655,0.0,0.7661290322580645,0.23387096774193547,0.20981490933821886,0
BOSCHLTD,3,0.8,893,99,124,2024-10-07,2025-07-22,0.5241935483870968,0.5428194993412384,0.6628571428571428,0.5471698113207547,0.8405797101449275,58,48,7,11,0.5725806451612904,0.5564516129032258,0.0,0.0,0.0,0.0,0.0,0.0,0.0,0.0,0.5471698113207547,0.38888888888888884,0.0,0.8548387096774194,0.14516129032258066,0.2812012651913138,0
BOSCHLTD,4,0.85,949,105,124,2025-02-24,2025-12-01,0.5887096774193549,0.5193121693121693,0.6792452830188679,0.6067415730337079,0.7714285714285715,54,35,19,16,0.5806451612903226,0.5564516129032258,0.0,0.0,0.0,0.0,0.0,0.0,0.0,0.0,0.6067415730337079,0.5428571428571429,0.0,0.717741935483871,0.28225806451612906,0.500267441582108,0
BOSCHLTD,5,0.9,1005,111,125,2025-07-25,2026-04-16,0.488,0.4375644994840041,0.6049382716049383,0.4666666666666667,0.8596491228070176,49,56,12,8,0.464,0.456,0.0,0.0,0.0,0.0,0.0,0.0,0.0,0.0,0.4666666666666667,0.6,0.0,0.84,0.16,0.7556778251825457,0
BOSCHLTD,6,0.95,1061,117,63,2025-12-03,2026-04-16,0.47619047619047616,0.4452332657200811,0.5714285714285714,0.4583333333333333,0.7586206896551724,22,26,8,7,0.5079365079365079,0.5079365079365079,0.0,0.0,0.0,0.0,0.0,0.0,0.0,0.0,0.4583333333333333,0.5333333333333333,0.0,0.7619047619047619,0.23809523809523808,0.501907298988883,0
DRREDDY,1,0.7,652,72,104,2024-04-16,2024-12-11,0.46153846153846156,0.4713281539030707,0.582089552238806,0.46987951807228917,0.7647058823529411,39,44,9,12,0.40384615384615385,0.49038461538461536,0.0,0.0,0.0,0.0,0.0,0.0,0.0,0.0,0.46987951807228917,0.4285714285714286,0.0,0.7980769230769231,0.20192307692307693,0.2105122668455002,0
DRREDDY,2,0.75,699,77,103,2024-08-09,2025-04-04,0.4077669902912621,0.4136363636363637,0.5481481481481482,0.42528735632183906,0.7708333333333334,37,50,5,11,0.44660194174757284,0.46601941747572817,0.0,0.0,0.0,0.0,0.0,0.0,0.0,0.0,0.42528735632183906,0.3125,0.0,0.8446601941747572,0.1553398058252427,0.10000660285425449,0
DRREDDY,3,0.8,746,82,103,2024-12-13,2025-07-30,0.5728155339805825,0.562929061784897,0.6901408450704225,0.5764705882352941,0.8596491228070176,49,36,10,8,0.5436893203883495,0.5533980582524272,0.0,0.0,0.0,0.0,0.0,0.0,0.0,0.0,0.5764705882352941,0.5555555555555556,0.0,0.8252427184466019,0.17475728155339806,1.0,0
DRREDDY,4,0.85,792,87,104,2025-04-07,2025-12-01,0.5769230769230769,0.5257296466973886,0.6901408450704225,0.6125,0.7903225806451613,49,31,11,13,0.5769230769230769,0.6153846153846154,0.0,0.0,0.0,0.0,0.0,0.0,0.0,0.0,0.6125,0.45833333333333337,0.0,0.7692307692307693,0.23076923076923078,1.0,0
DRREDDY,5,0.9,838,93,104,2025-07-31,2026-04-16,0.5288461538461539,0.5129943502824859,0.6573426573426573,0.5595238095238095,0.7966101694915254,47,37,8,12,0.6057692307692307,0.5,0.0,0.0,0.0,0.0,0.0,0.0,0.0,0.0,0.5595238095238095,0.4,0.0,0.8076923076923077,0.19230769230769232,0.40572238732951205,0
DRREDDY,6,0.95,885,98,52,2025-12-02,2026-04-16,0.46153846153846156,0.46130952380952384,0.631578947368421,0.5,0.8571428571428571,24,24,0,4,0.4423076923076923,0.5192307692307693,0.0,0.0,0.0,0.0,0.0,0.0,0.0,0.0,0.5,0.0,0.0,0.9230769230769231,0.07692307692307693,0.5887071237022481,0
SUNPHARMA,1,0.7,662,73,105,2024-03-13,2024-11-05,0.45714285714285713,0.48337112622826905,0.4864864864864865,0.5625,0.42857142857142855,27,21,21,36,0.5333333333333333,0.49523809523809526,0.0,0.0,0.0,0.0,0.0,0.0,0.0,0.0,0.5625,0.368421052631579,0.0,0.45714285714285713,0.5428571428571428,1.0,0
SUNPHARMA,2,0.75,710,78,105,2024-07-15,2025-03-11,0.5142857142857142,0.5112481857764877,0.5565217391304348,0.5161290322580645,0.6037735849056604,32,30,22,21,0.5428571428571428,0.5333333333333333,0.0,0.0,0.0,0.0,0.0,0.0,0.0,0.0,0.5161290322580645,0.5116279069767442,0.0,0.5904761904761905,0.4095238095238095,0.2756740430987226,0
SUNPHARMA,3,0.8,756,84,105,2024-11-06,2025-07-15,0.45714285714285713,0.4788011695906433,0.5581395348837209,0.4444444444444444,0.75,36,45,12,12,0.4666666666666667,0.44761904761904764,0.0,0.0,0.0,0.0,0.0,0.0,0.0,0.0,0.4444444444444444,0.5,0.0,0.7714285714285715,0.22857142857142856,0.4620102152983896,0
SUNPHARMA,4,0.85,804,89,105,2025-03-13,2025-12-01,0.6095238095238096,0.4904200442151806,0.7092198581560284,0.6097560975609756,0.847457627118644,50,32,14,9,0.5333333333333333,0.5904761904761905,0.0,0.0,0.0,0.0,0.0,0.0,0.0,0.0,0.6097560975609756,0.6086956521739131,0.0,0.780952380952381,0.21904761904761905,0.3771638068854293,0
SUNPHARMA,5,0.9,851,94,106,2025-07-17,2026-04-16,0.6226415094339622,0.6292857142857143,0.6923076923076923,0.6081081081081081,0.8035714285714286,45,29,21,11,0.5754716981132075,0.5754716981132075,0.0,0.0,0.0,0.0,0.0,0.0,0.0,0.0,0.6081081081081081,0.65625,0.0,0.6981132075471698,0.3018867924528302,0.8138661233012311,0
SUNPHARMA,6,0.95,899,99,53,2025-12-02,2026-04-16,0.6226415094339622,0.64,0.6153846153846154,0.5925925925925926,0.64,16,11,17,9,0.6415094339622641,0.49056603773584906,0.0,0.0,0.0,0.0,0.0,0.0,0.0,0.0,0.5925925925925926,0.6538461538461539,0.0,0.5094339622641509,0.49056603773584906,0.7348334464326146,0
CIPLA,1,0.7,659,73,104,2024-03-22,2024-11-11,0.5096153846153846,0.502962962962963,0.5486725663716814,0.49206349206349204,0.62,31,32,22,19,0.5288461538461539,0.5,0.0,0.0,0.0,0.0,0.0,0.0,0.0,0.0,0.49206349206349204,0.5365853658536586,0.0,0.6057692307692307,0.3942307692307692,0.34023232846576656,0
CIPLA,2,0.75,706,78,105,2024-08-05,2025-03-20,0.5428571428571428,0.5366739288307916,0.625,0.5405405405405406,0.7407407407407407,40,34,17,14,0.4857142857142857,0.5142857142857142,0.0,0.0,0.0,0.0,0.0,0.0,0.0,0.0,0.5405405405405406,0.5483870967741935,0.0,0.7047619047619048,0.29523809523809524,0.44753634266214115,0
CIPLA,3,0.8,753,83,105,2024-11-12,2025-07-24,0.5142857142857142,0.5142543859649122,0.592,0.5441176470588235,0.6491228070175439,37,31,17,20,0.5142857142857142,0.5333333333333333,0.0,0.0,0.0,0.0,0.0,0.0,0.0,0.0,0.5441176470588235,0.45945945945945943,0.0,0.6476190476190476,0.3523809523809524,0.31899607140651587,0
CIPLA,4,0.85,801,88,104,2025-03-24,2025-11-25,0.5,0.45498511904761907,0.6388888888888888,0.5227272727272727,0.8214285714285714,46,42,6,10,0.5096153846153846,0.5288461538461539,0.0,0.0,0.0,0.0,0.0,0.0,0.0,0.0,0.5227272727272727,0.375,0.0,0.8461538461538461,0.15384615384615385,0.39657313440863684,0
CIPLA,5,0.9,847,94,105,2025-07-25,2026-04-16,0.47619047619047616,0.5032727272727273,0.48598130841121495,0.45614035087719296,0.52,26,31,24,24,0.4666666666666667,0.4857142857142857,0.0,0.0,0.0,0.0,0.0,0.0,0.0,0.0,0.45614035087719296,0.5,0.0,0.5428571428571428,0.45714285714285713,0.658712475680445,0
CIPLA,6,0.95,894,99,53,2025-12-01,2026-04-16,0.3584905660377358,0.45601173020527863,0.48484848484848486,0.36363636363636365,0.7272727272727273,16,28,3,6,0.41509433962264153,0.41509433962264153,0.0,0.0,0.0,0.0,0.0,0.0,0.0,0.0,0.36363636363636365,0.33333333333333337,0.0,0.8301886792452831,0.16981132075471697,0.3460035960480489,0
TORNTPHARM,1,0.7,672,74,106,2024-04-03,2024-12-11,0.49056603773584906,0.47322404371584703,0.578125,0.5522388059701493,0.6065573770491803,37,30,15,24,0.42452830188679247,0.5188679245283019,0.0,0.0,0.0,0.0,0.0,0.0,0.0,0.0,0.5522388059701493,0.3846153846153846,0.0,0.6320754716981132,0.36792452830188677,0.2523051532707511,0
TORNTPHARM,2,0.75,720,79,107,2024-08-05,2025-04-02,0.4672897196261682,0.4478291316526611,0.5777777777777777,0.4642857142857143,0.7647058823529411,39,45,11,12,0.48598130841121495,0.4953271028037383,0.0,0.0,0.0,0.0,0.0,0.0,0.0,0.0,0.4642857142857143,0.4782608695652174,0.0,0.7850467289719626,0.21495327102803738,0.3134394030972937,0
TORNTPHARM,3,0.8,767,85,107,2024-12-12,2025-07-25,0.514018691588785,0.46183473389355745,0.6533333333333333,0.5212765957446809,0.875,49,45,6,7,0.4953271028037383,0.4953271028037383,0.0,0.0,0.0,0.0,0.0,0.0,0.0,0.0,0.5212765957446809,0.46153846153846156,0.0,0.8785046728971962,0.12149532710280374,0.49004761848579853,0
TORNTPHARM,4,0.85,816,90,106,2025-04-03,2025-12-03,0.5283018867924528,0.5103571428571428,0.6621621621621622,0.532608695652174,0.875,49,43,7,7,0.5,0.5283018867924528,0.0,0.0,0.0,0.0,0.0,0.0,0.0,0.0,0.532608695652174,0.5,0.0,0.8679245283018868,0.1320754716981132,1.0,0
TORNTPHARM,5,0.9,864,95,107,2025-07-28,2026-04-16,0.514018691588785,0.5667832167832167,0.6666666666666666,0.5148514851485149,0.9454545454545454,52,49,3,3,0.5046728971962616,0.514018691588785,0.0,0.0,0.0,0.0,0.0,0.0,0.0,0.0,0.5148514851485149,0.5,0.0,0.9439252336448598,0.056074766355140186,1.0,0
TORNTPHARM,6,0.95,911,101,54,2025-12-05,2026-04-16,0.5,0.43194444444444446,0.6086956521739131,0.5384615384615384,0.7,21,18,6,9,0.5555555555555556,0.5185185185185185,0.0,0.0,0.0,0.0,0.0,0.0,0.0,0.0,0.5384615384615384,0.4,0.0,0.7222222222222222,0.2777777777777778,0.43292827013562024,0
LUPIN,1,0.7,689,76,109,2024-04-03,2024-11-25,0.5321100917431193,0.5226504394861393,0.6222222222222222,0.5454545454545454,0.7241379310344828,42,35,16,16,0.5321100917431193,0.5045871559633027,0.0,0.0,0.0,0.0,0.0,0.0,0.0,0.0,0.5454545454545454,0.5,0.0,0.7064220183486238,0.29357798165137616,0.38214827212248187,0
LUPIN,2,0.75,738,81,110,2024-08-05,2025-03-13,0.4727272727272727,0.5552248677248678,0.5671641791044776,0.48717948717948717,0.6785714285714286,38,40,14,18,0.5363636363636364,0.44545454545454544,0.0,0.0,0.0,0.0,0.0,0.0,0.0,0.0,0.48717948717948717,0.4375,0.0,0.7090909090909091,0.2909090909090909,0.42932403157681476,0
LUPIN,3,0.8,787,87,109,2024-11-26,2025-07-16,0.5137614678899083,0.43864406779661014,0.6666666666666666,0.53,0.8983050847457628,53,47,3,6,0.4954128440366973,0.5412844036697247,0.0,0.0,0.0,0.0,0.0,0.0,0.0,0.0,0.53,0.33333333333333337,0.0,0.9174311926605505,0.08256880733944955,0.6765064811534482,0
LUPIN,4,0.85,837,92,109,2025-03-18,2025-11-07,0.48623853211009177,0.4591767881241565,0.6056338028169014,0.5058823529411764,0.7543859649122807,43,42,10,14,0.5229357798165137,0.5412844036697247,0.0,0.0,0.0,0.0,0.0,0.0,0.0,0.0,0.5058823529411764,0.41666666666666663,0.0,0.7798165137614679,0.22018348623853212,1.0,0
LUPIN,5,0.9,885,98,110,2025-07-17,2026-04-10,0.509090909090909,0.5802714333002317,0.6351351351351351,0.5164835164835165,0.8245614035087719,47,44,9,10,0.4909090909090909,0.5181818181818182,0.0,0.0,0.0,0.0,0.0,0.0,0.0,0.0,0.5164835164835165,0.4736842105263158,0.0,0.8272727272727273,0.17272727272727273,0.23735423465478028,0
LUPIN,6,0.95,935,103,55,2025-11-10,2026-04-10,0.5818181818181818,0.4573333333333333,0.684931506849315,0.5813953488372093,0.8333333333333334,25,18,7,5,0.41818181818181815,0.4727272727272727,0.0,0.0,0.0,0.0,0.0,0.0,0.0,0.0,0.5813953488372093,0.5833333333333333,0.0,0.7818181818181819,0.21818181818181817,0.24226102900929739,0
DIVISLAB,1,0.7,766,85,121,2023-11-20,2024-09-18,0.48760330578512395,0.5187949143173024,0.5303030303030303,0.5384615384615384,0.5223880597014925,35,30,24,32,0.5289256198347108,0.4462809917355372,0.0,0.0,0.0,0.0,0.0,0.0,0.0,0.0,0.5384615384615384,0.4285714285714286,0.0,0.5371900826446281,0.4628099173553719,0.10869189192806826,0
DIVISLAB,2,0.75,821,91,121,2024-04-24,2025-02-01,0.49586776859504134,0.5440613026819923,0.5481481481481482,0.5138888888888888,0.5873015873015873,37,35,23,26,0.47107438016528924,0.49586776859504134,0.0,0.0,0.0,0.0,0.0,0.0,0.0,0.0,0.5138888888888888,0.4693877551020408,0.0,0.5950413223140496,0.4049586776859504,1.0,0
DIVISLAB,3,0.8,875,97,122,2024-09-20,2025-06-26,0.5573770491803278,0.5908602150537635,0.5846153846153846,0.5588235294117647,0.6129032258064516,38,30,30,24,0.5245901639344263,0.5655737704918032,0.0,0.0,0.0,0.0,0.0,0.0,0.0,0.0,0.5588235294117647,0.5555555555555556,0.0,0.5573770491803278,0.4426229508196721,0.47355484907496664,0
DIVISLAB,4,0.85,930,103,122,2025-02-03,2025-11-07,0.5409836065573771,0.5346320346320346,0.5882352941176471,0.5714285714285714,0.6060606060606061,40,30,26,26,0.4918032786885246,0.4918032786885246,0.0,0.0,0.0,0.0,0.0,0.0,0.0,0.0,0.5714285714285714,0.5,0.0,0.5737704918032787,0.4262295081967213,0.4153223241410702,0
DIVISLAB,5,0.9,985,109,122,2025-06-27,2026-04-16,0.4180327868852459,0.40140086206896547,0.5103448275862069,0.42528735632183906,0.6379310344827587,37,50,14,21,0.4180327868852459,0.45901639344262296,0.0,0.0,0.0,0.0,0.0,0.0,0.0,0.0,0.42528735632183906,0.4,0.0,0.7131147540983607,0.28688524590163933,0.377856949583817,0
DIVISLAB,6,0.95,1040,115,61,2025-11-10,2026-04-16,0.39344262295081966,0.4252747252747253,0.44776119402985076,0.36585365853658536,0.5769230769230769,15,26,9,11,0.4918032786885246,0.47540983606557374,0.0,0.0,0.0,0.0,0.0,0.0,0.0,0.0,0.36585365853658536,0.44999999999999996,0.0,0.6721311475409836,0.32786885245901637,0.7592808597298518,0
AUROPHARMA,1,0.7,727,80,116,2024-05-10,2024-12-30,0.5431034482758621,0.4883928571428572,0.43010752688172044,0.5405405405405406,0.35714285714285715,20,17,43,36,0.4396551724137931,0.46551724137931033,0.0,0.0,0.0,0.0,0.0,0.0,0.0,0.0,0.5405405405405406,0.5443037974683544,0.0,0.31896551724137934,0.6810344827586207,0.10000660285425449,0
AUROPHARMA,2,0.75,779,86,115,2024-09-10,2025-04-23,0.5130434782608696,0.5052860696517413,0.42857142857142855,0.42,0.4375,21,29,38,27,0.5739130434782609,0.4956521739130435,0.0,0.0,0.0,0.0,0.0,0.0,0.0,0.0,0.42,0.5846153846153845,0.0,0.43478260869565216,0.5652173913043478,0.3373839729446254,0
AUROPHARMA,3,0.8,831,92,115,2024-12-31,2025-08-14,0.5043478260869565,0.48759079903147695,0.5581395348837209,0.4931506849315068,0.6428571428571429,36,37,22,20,0.46956521739130436,0.48695652173913045,0.0,0.0,0.0,0.0,0.0,0.0,0.0,0.0,0.4931506849315068,0.5238095238095238,0.0,0.6347826086956522,0.3652173913043478,0.5827200390056955,0
AUROPHARMA,4,0.85,882,98,116,2025-04-24,2025-12-16,0.5258620689655172,0.536723163841808,0.5045045045045045,0.5384615384615384,0.4745762711864407,28,24,33,31,0.49137931034482757,0.45689655172413796,0.0,0.0,0.0,0.0,0.0,0.0,0.0,0.0,0.5384615384615384,0.515625,0.0,0.4482758620689655,0.5517241379310345,1.0,0
AUROPHARMA,5,0.9,935,103,116,2025-08-19,2026-04-16,0.5086206896551724,0.5606557377049181,0.3448275862068966,0.5769230769230769,0.2459016393442623,15,11,44,46,0.4827586206896552,0.5172413793103449,0.0,0.0,0.0,0.0,0.0,0.0,0.0,0.0,0.5769230769230769,0.48888888888888893,0.0,0.22413793103448276,0.7758620689655172,1.0,0
AUROPHARMA,6,0.95,987,109,58,2025-12-17,2026-04-16,0.5,0.5173237753882916,0.4528301886792453,0.5454545454545454,0.3870967741935484,12,10,17,19,0.5517241379310345,0.46551724137931033,0.0,0.0,0.0,0.0,0.0,0.0,0.0,0.0,0.5454545454545454,0.4722222222222222,0.0,0.3793103448275862,0.6206896551724138,1.0,0
ALKEM,1,0.7,680,75,108,2024-04-05,2024-11-11,0.5,0.5739279588336192,0.509090909090909,0.509090909090909,0.509090909090909,28,27,26,27,0.5092592592592593,0.48148148148148145,0.0,0.0,0.0,0.0,0.0,0.0,0.0,0.0,0.509090909090909,0.49056603773584906,0.0,0.5092592592592593,0.49074074074074076,0.3290510365314438,0
ALKEM,2,0.75,729,80,108,2024-07-29,2025-03-10,0.5185185185185185,0.5447684391080617,0.59375,0.5066666666666667,0.7169811320754716,38,37,18,15,0.5185185185185185,0.5370370370370371,0.0,0.0,0.0,0.0,0.0,0.0,0.0,0.0,0.5066666666666667,0.5454545454545454,0.0,0.6944444444444444,0.3055555555555556,0.41192228807120657,0
ALKEM,3,0.8,777,86,108,2024-11-12,2025-07-10,0.5370370370370371,0.5472154963680388,0.5833333333333334,0.49295774647887325,0.7142857142857143,35,36,23,14,0.5,0.5,0.0,0.0,0.0,0.0,0.0,0.0,0.0,0.0,0.49295774647887325,0.6216216216216216,0.0,0.6574074074074074,0.3425925925925926,0.3521497373630167,0
ALKEM,4,0.85,826,91,108,2025-03-11,2025-12-08,0.5462962962962963,0.4817994505494505,0.6524822695035462,0.5411764705882353,0.8214285714285714,46,39,13,10,0.5462962962962963,0.5092592592592593,0.0,0.0,0.0,0.0,0.0,0.0,0.0,0.0,0.5411764705882353,0.5652173913043479,0.0,0.7870370370370371,0.21296296296296297,0.14879002739846614,0
ALKEM,5,0.9,874,97,108,2025-07-11,2026-04-10,0.5740740740740741,0.5459533607681756,0.640625,0.5540540540540541,0.7592592592592593,41,33,21,13,0.5277777777777778,0.5740740740740741,0.0,0.0,0.0,0.0,0.0,0.0,0.0,0.0,0.5540540540540541,0.6176470588235294,0.0,0.6851851851851852,0.3148148148148148,1.0,0
ALKEM,6,0.95,923,102,54,2025-12-09,2026-04-10,0.5370370370370371,0.4986111111111111,0.5098039215686274,0.48148148148148145,0.5416666666666666,13,14,16,11,0.5,0.5555555555555556,0.0,0.0,0.0,0.0,0.0,0.0,0.0,0.0,0.48148148148148145,0.5925925925925926,0.0,0.5,0.5,1.0,0
HINDUNILVR,1,0.7,635,70,101,2024-05-09,2025-01-07,0.6138613861386139,0.6037735849056605,0.6138613861386139,0.5849056603773585,0.6458333333333334,31,22,31,17,0.5841584158415841,0.6138613861386139,0.0,0.0,0.0,0.0,0.0,0.0,0.0,0.0,0.5849056603773585,0.6458333333333333,0.0,0.5247524752475248,0.4752475247524752,0.26090147039288575,0
HINDUNILVR,2,0.75,681,75,100,2024-09-11,2025-05-13,0.57,0.649028524183547,0.6055045871559633,0.4852941176470588,0.8048780487804879,33,35,24,8,0.59,0.48,0.0,0.0,0.0,0.0,0.0,0.0,0.0,0.0,0.4852941176470588,0.75,0.0,0.68,0.32,0.14773329999848245,0
HINDUNILVR,3,0.8,726,80,101,2025-01-08,2025-08-25,0.48514851485148514,0.4725490196078432,0.5666666666666667,0.4927536231884058,0.6666666666666666,34,35,15,17,0.504950495049505,0.504950495049505,0.0,0.0,0.0,0.0,0.0,0.0,0.0,0.0,0.4927536231884058,0.46875,0.0,0.6831683168316832,0.31683168316831684,0.12464112572087037,0
HINDUNILVR,4,0.85,771,85,101,2025-05-15,2025-12-22,0.5445544554455446,0.5086274509803922,0.603448275862069,0.5384615384615384,0.6862745098039216,35,30,20,16,0.504950495049505,0.5742574257425742,0.0,0.0,0.0,0.0,0.0,0.0,0.0,0.0,0.5384615384615384,0.5555555555555556,0.0,0.6435643564356436,0.3564356435643564,1.0,0
HINDUNILVR,5,0.9,817,90,101,2025-08-26,2026-04-16,0.5247524752475248,0.5425531914893618,0.5294117647058824,0.4909090909090909,0.574468085106383,27,28,26,20,0.5346534653465347,0.48514851485148514,0.0,0.0,0.0,0.0,0.0,0.0,0.0,0.0,0.4909090909090909,0.5652173913043479,0.0,0.5445544554455446,0.45544554455445546,0.10000660285425449,0
HINDUNILVR,6,0.95,862,95,51,2025-12-23,2026-04-16,0.4117647058823529,0.44565217391304346,0.4,0.37037037037037035,0.43478260869565216,10,17,11,13,0.5294117647058824,0.43137254901960786,0.0,0.0,0.0,0.0,0.0,0.0,0.0,0.0,0.37037037037037035,0.45833333333333337,0.0,0.5294117647058824,0.47058823529411764,0.5016175678980618,0
ITC,1,0.7,646,71,103,2024-02-22,2024-10-24,0.5145631067961165,0.5120663650075415,0.5535714285714286,0.5166666666666667,0.5961538461538461,31,29,22,21,0.6213592233009708,0.5145631067961165,0.0,0.0,0.0,0.0,0.0,0.0,0.0,0.0,0.5166666666666667,0.5116279069767442,0.0,0.5825242718446602,0.4174757281553398,0.2051604539932928,0
ITC,2,0.75,692,76,103,2024-07-02,2025-03-06,0.46601941747572817,0.5616858237547893,0.5454545454545454,0.4342105263157895,0.7333333333333333,33,43,15,12,0.5631067961165048,0.47572815533980584,0.0,0.0,0.0,0.0,0.0,0.0,0.0,0.0,0.4342105263157895,0.5555555555555556,0.0,0.7378640776699029,0.2621359223300971,0.3219946328730777,0
ITC,3,0.8,738,82,102,2024-10-28,2025-07-31,0.5392156862745098,0.5329968944099379,0.591304347826087,0.4927536231884058,0.7391304347826086,34,35,21,12,0.5490196078431373,0.49019607843137253,0.0,0.0,0.0,0.0,0.0,0.0,0.0,0.0,0.4927536231884058,0.6363636363636364,0.0,0.6764705882352942,0.3235294117647059,0.6543050727493307,0
ITC,4,0.85,784,87,102,2025-03-11,2025-12-11,0.47058823529411764,0.4665384615384615,0.5645161290322581,0.4861111111111111,0.6730769230769231,35,37,13,17,0.43137254901960786,0.4803921568627451,0.0,0.0,0.0,0.0,0.0,0.0,0.0,0.0,0.4861111111111111,0.43333333333333335,0.0,0.7058823529411765,0.29411764705882354,0.5255253826086622,0
ITC,5,0.9,830,92,103,2025-08-04,2026-04-16,0.5242718446601942,0.553875968992248,0.5585585585585585,0.45588235294117646,0.7209302325581395,31,37,23,12,0.5048543689320388,0.44660194174757284,0.0,0.0,0.0,0.0,0.0,0.0,0.0,0.0,0.45588235294117646,0.6571428571428571,0.0,0.6601941747572816,0.33980582524271846,1.0,0
ITC,6,0.95,876,97,52,2025-12-12,2026-04-16,0.6730769230769231,0.5757575757575757,0.48484848484848486,0.5714285714285714,0.42105263157894735,8,6,27,11,0.5192307692307693,0.6346153846153846,0.0,0.0,0.0,0.0,0.0,0.0,0.0,0.0,0.5714285714285714,0.7105263157894737,0.0,0.2692307692307692,0.7307692307692307,1.0,0
NESTLEIND,1,0.7,629,69,100,2024-05-08,2025-01-01,0.44,0.39840000000000003,0.5409836065573771,0.4583333333333333,0.66,33,39,11,17,0.45,0.43,0.0,0.0,0.0,0.0,0.0,0.0,0.0,0.0,0.4583333333333333,0.3928571428571429,0.0,0.72,0.28,0.3503060286583995,0
NESTLEIND,2,0.75,674,74,100,2024-09-06,2025-05-08,0.52,0.47209955841027695,0.6417910447761194,0.4942528735632184,0.9148936170212766,43,44,9,4,0.51,0.55,0.0,0.0,0.0,0.0,0.0,0.0,0.0,0.0,0.4942528735632184,0.6923076923076923,0.0,0.87,0.13,0.4773053283559719,0
NESTLEIND,3,0.8,719,79,100,2025-01-03,2025-08-14,0.49,0.6086434573829532,0.6330935251798561,0.5,0.8627450980392157,44,44,5,7,0.56,0.51,0.0,0.0,0.0,0.0,0.0,0.0,0.0,0.0,0.5,0.41666666666666663,0.0,0.88,0.12,1.0,0
NESTLEIND,4,0.85,764,84,100,2025-05-09,2025-12-18,0.54,0.557422969187675,0.6567164179104478,0.5176470588235295,0.8979591836734694,44,41,10,5,0.46,0.49,0.0,0.0,0.0,0.0,0.0,0.0,0.0,0.0,0.5176470588235295,0.6666666666666667,0.0,0.85,0.15,1.0,0
NESTLEIND,5,0.9,809,89,100,2025-08-19,2026-04-16,0.46,0.5072115384615384,0.5,0.45,0.5625,27,33,19,21,0.41,0.46,0.0,0.0,0.0,0.0,0.0,0.0,0.0,0.0,0.45,0.475,0.0,0.6,0.4,0.4307775982114845,0
NESTLEIND,6,0.95,854,94,50,2025-12-19,2026-04-16,0.54,0.5888,0.5306122448979592,0.5416666666666666,0.52,13,11,14,12,0.6,0.54,0.0,0.0,0.0,0.0,0.0,0.0,0.0,0.0,0.5416666666666666,0.5384615384615384,0.0,0.48,0.52,0.577814708497932,0
BRITANNIA,1,0.7,621,68,99,2024-05-24,2025-01-13,0.5252525252525253,0.5139458572600493,0.6050420168067226,0.5454545454545454,0.6792452830188679,36,30,16,17,0.494949494949495,0.5757575757575758,0.0,0.0,0.0,0.0,0.0,0.0,0.0,0.0,0.5454545454545454,0.48484848484848486,0.0,0.6666666666666666,0.3333333333333333,0.5009524287887384,0
BRITANNIA,2,0.75,665,73,99,2024-09-16,2025-05-07,0.5858585858585859,0.6228571428571429,0.6771653543307087,0.5584415584415584,0.86,43,34,15,7,0.6060606060606061,0.6161616161616161,0.0,0.0,0.0,0.0,0.0,0.0,0.0,0.0,0.5584415584415584,0.6818181818181819,0.0,0.7777777777777778,0.2222222222222222,0.48358679630585205,0
BRITANNIA,3,0.8,710,78,98,2025-01-15,2025-08-20,0.5510204081632653,0.5602536997885834,0.6666666666666666,0.5714285714285714,0.8,44,33,10,11,0.5408163265306123,0.5510204081632653,0.0,0.0,0.0,0.0,0.0,0.0,0.0,0.0,0.5714285714285714,0.47619047619047616,0.0,0.7857142857142857,0.21428571428571427,0.5714716876462888,0
BRITANNIA,4,0.85,754,83,98,2025-05-08,2025-12-15,0.47959183673469385,0.46548821548821545,0.5565217391304348,0.5245901639344263,0.5925925925925926,32,29,15,22,0.41836734693877553,0.46938775510204084,0.0,0.0,0.0,0.0,0.0,0.0,0.0,0.0,0.5245901639344263,0.4054054054054054,0.0,0.6224489795918368,0.37755102040816324,0.6365557756308471,0
BRITANNIA,5,0.9,798,88,99,2025-08-21,2026-04-16,0.5555555555555556,0.5310457516339869,0.6,0.559322033898305,0.6470588235294118,33,26,22,18,0.5151515151515151,0.5959595959595959,0.0,0.0,0.0,0.0,0.0,0.0,0.0,0.0,0.559322033898305,0.55,0.0,0.5959595959595959,0.40404040404040403,0.4083325934517056,0
BRITANNIA,6,0.95,842,93,50,2025-12-16,2026-04-16,0.52,0.5344,0.6,0.5142857142857142,0.72,18,17,8,7,0.54,0.52,0.0,0.0,0.0,0.0,0.0,0.0,0.0,0.0,0.5142857142857142,0.5333333333333333,0.0,0.7,0.3,0.27588593641295317,0
TATACONSUM,1,0.7,696,77,111,2024-03-27,2024-12-09,0.5315315315315315,0.4987004548408057,0.4222222222222222,0.5277777777777778,0.35185185185185186,19,17,40,35,0.4774774774774775,0.5225225225225225,0.0,0.0,0.0,0.0,0.0,0.0,0.0,0.0,0.5277777777777778,0.5333333333333333,0.0,0.32432432432432434,0.6756756756756757,1.0,0
TATACONSUM,2,0.75,746,82,111,2024-08-09,2025-04-04,0.5225225225225225,0.4905844155844156,0.5619834710743802,0.5230769230769231,0.6071428571428571,34,31,24,22,0.5135135135135135,0.5135135135135135,0.0,0.0,0.0,0.0,0.0,0.0,0.0,0.0,0.5230769230769231,0.5217391304347826,0.0,0.5855855855855856,0.4144144144144144,0.32575247453606887,0
TATACONSUM,3,0.8,796,88,110,2024-12-10,2025-07-29,0.4090909090909091,0.38166170142336975,0.5185185185185185,0.44871794871794873,0.6140350877192983,35,43,10,22,0.4636363636363636,0.4636363636363636,0.0,0.0,0.0,0.0,0.0,0.0,0.0,0.0,0.44871794871794873,0.3125,0.0,0.7090909090909091,0.2909090909090909,0.6184053163493605,0
TATACONSUM,4,0.85,846,93,110,2025-04-07,2025-12-05,0.4818181818181818,0.48628099173553724,0.6225165562913907,0.4895833333333333,0.8545454545454545,47,49,6,8,0.4909090909090909,0.5636363636363636,0.0,0.0,0.0,0.0,0.0,0.0,0.0,0.0,0.4895833333333333,0.4285714285714286,0.0,0.8727272727272727,0.12727272727272726,0.25201838497317824,0
TATACONSUM,5,0.9,895,99,111,2025-08-04,2026-04-16,0.5225225225225225,0.5172413793103449,0.5691056910569106,0.5384615384615384,0.603448275862069,35,30,23,23,0.5495495495495496,0.4774774774774775,0.0,0.0,0.0,0.0,0.0,0.0,0.0,0.0,0.5384615384615384,0.5,0.0,0.5855855855855856,0.4144144144144144,1.0,0
TATACONSUM,6,0.95,945,104,56,2025-12-09,2026-04-16,0.5178571428571429,0.4393358876117497,0.6493506493506493,0.5208333333333334,0.8620689655172413,25,23,4,4,0.5357142857142857,0.5178571428571429,0.0,0.0,0.0,0.0,0.0,0.0,0.0,0.0,0.5208333333333334,0.5,0.0,0.8571428571428571,0.14285714285714285,1.0,0
MARICO,1,0.7,661,73,105,2024-05-06,2024-12-09,0.5142857142857142,0.5297138664710198,0.5486725663716814,0.5636363636363636,0.5344827586206896,31,24,23,27,0.47619047619047616,0.580952380952381,0.0,0.0,0.0,0.0,0.0,0.0,0.0,0.0,0.5636363636363636,0.45999999999999996,0.0,0.5238095238095238,0.47619047619047616,1.0,0
MARICO,2,0.75,708,78,105,2024-08-22,2025-03-28,0.5428571428571428,0.5083819241982507,0.5636363636363636,0.5081967213114754,0.6326530612244898,31,30,26,18,0.5238095238095238,0.4666666666666667,0.0,0.0,0.0,0.0,0.0,0.0,0.0,0.0,0.5081967213114754,0.5909090909090908,0.0,0.580952380952381,0.41904761904761906,0.30521884202673916,0
MARICO,3,0.8,756,83,105,2024-12-10,2025-08-01,0.5047619047619047,0.4985486211901306,0.5357142857142857,0.5084745762711864,0.5660377358490566,30,29,23,23,0.5619047619047619,0.45714285714285713,0.0,0.0,0.0,0.0,0.0,0.0,0.0,0.0,0.5084745762711864,0.5,0.0,0.5619047619047619,0.4380952380952381,0.5240373475631315,0
MARICO,4,0.85,802,89,105,2025-04-02,2025-12-03,0.4666666666666667,0.5314327485380117,0.5409836065573771,0.44594594594594594,0.6875,33,41,16,15,0.4857142857142857,0.45714285714285713,0.0,0.0,0.0,0.0,0.0,0.0,0.0,0.0,0.44594594594594594,0.5161290322580645,0.0,0.7047619047619048,0.29523809523809524,1.0,0
MARICO,5,0.9,850,94,105,2025-08-04,2026-04-16,0.47619047619047616,0.4793662490788504,0.5045045045045045,0.4307692307692308,0.6086956521739131,28,37,22,18,0.4380952380952381,0.4,0.0,0.0,0.0,0.0,0.0,0.0,0.0,0.0,0.4307692307692308,0.55,0.0,0.6190476190476191,0.38095238095238093,0.21966315304367207,0
MARICO,6,0.95,897,99,53,2025-12-04,2026-04-16,0.5094339622641509,0.45868945868945876,0.5185185185185185,0.5,0.5384615384615384,14,14,13,12,0.4716981132075472,0.49056603773584906,0.0,0.0,0.0,0.0,0.0,0.0,0.0,0.0,0.5,0.52,0.0,0.5283018867924528,0.4716981132075472,1.0,0
COLPAL,1,0.7,656,72,104,2024-05-23,2025-01-14,0.5192307692307693,0.5072356215213358,0.6212121212121212,0.5324675324675324,0.7454545454545455,41,36,13,14,0.5288461538461539,0.5384615384615384,0.0,0.0,0.0,0.0,0.0,0.0,0.0,0.0,0.5324675324675324,0.4814814814814815,0.0,0.7403846153846154,0.25961538461538464,0.12074060755303018,0
COLPAL,2,0.75,702,78,104,2024-09-27,2025-04-22,0.4519230769230769,0.46439393939393947,0.5714285714285714,0.42696629213483145,0.8636363636363636,38,51,9,6,0.49038461538461536,0.4230769230769231,0.0,0.0,0.0,0.0,0.0,0.0,0.0,0.0,0.42696629213483145,0.6,0.0,0.8557692307692307,0.14423076923076922,0.3327707493879775,0
COLPAL,3,0.8,749,83,104,2025-01-15,2025-08-12,0.47115384615384615,0.5297619047619048,0.5864661654135338,0.4588235294117647,0.8125,39,46,10,9,0.46153846153846156,0.47115384615384615,0.0,0.0,0.0,0.0,0.0,0.0,0.0,0.0,0.4588235294117647,0.5263157894736843,0.0,0.8173076923076923,0.18269230769230768,0.6458429452243895,0
COLPAL,4,0.85,796,88,104,2025-04-23,2025-12-09,0.5288461538461539,0.5281821575214632,0.5882352941176471,0.4861111111111111,0.7446808510638298,35,37,20,12,0.5096153846153846,0.5096153846153846,0.0,0.0,0.0,0.0,0.0,0.0,0.0,0.0,0.4861111111111111,0.625,0.0,0.6923076923076923,0.3076923076923077,1.0,0
COLPAL,5,0.9,843,93,105,2025-08-13,2026-04-16,0.5047619047619047,0.5036443148688046,0.5873015873015873,0.4805194805194805,0.7551020408163265,37,40,16,12,0.4380952380952381,0.5047619047619047,0.0,0.0,0.0,0.0,0.0,0.0,0.0,0.0,0.4805194805194805,0.5714285714285714,0.0,0.7333333333333333,0.26666666666666666,1.0,0
COLPAL,6,0.95,890,98,53,2025-12-10,2026-04-16,0.4528301886792453,0.5128205128205129,0.5245901639344263,0.45714285714285713,0.6153846153846154,16,19,8,10,0.4339622641509434,0.4716981132075472,0.0,0.0,0.0,0.0,0.0,0.0,0.0,0.0,0.45714285714285713,0.4444444444444444,0.0,0.660377358490566,0.33962264150943394,0.362976036280202,0
RELIANCE,1,0.7,668,74,106,2024-03-27,2024-12-02,0.5094339622641509,0.5213675213675213,0.48,0.5217391304347826,0.4444444444444444,24,22,30,30,0.5754716981132075,0.49056603773584906,0.0,0.0,0.0,0.0,0.0,0.0,0.0,0.0,0.5217391304347826,0.5,0.0,0.4339622641509434,0.5660377358490566,0.4619682968303329,0
RELIANCE,2,0.75,716,79,106,2024-08-02,2025-03-13,0.41509433962264153,0.45149657410746485,0.5,0.4025974025974026,0.6595744680851063,31,46,13,16,0.5377358490566038,0.4528301886792453,0.0,0.0,0.0,0.0,0.0,0.0,0.0,0.0,0.4025974025974026,0.4482758620689655,0.0,0.7264150943396226,0.27358490566037735,0.2490762270729587,0
RELIANCE,3,0.8,764,84,106,2024-12-03,2025-07-11,0.4716981132075472,0.4782142857142857,0.5692307692307692,0.4625,0.74,37,43,13,13,0.5094339622641509,0.4811320754716981,0.0,0.0,0.0,0.0,0.0,0.0,0.0,0.0,0.4625,0.5,0.0,0.7547169811320755,0.24528301886792453,0.4149754874456733,0
RELIANCE,4,0.85,811,90,106,2025-03-18,2025-12-02,0.5660377358490566,0.5788536845852618,0.5490196078431373,0.5714285714285714,0.5283018867924528,28,21,32,25,0.5377358490566038,0.5188679245283019,0.0,0.0,0.0,0.0,0.0,0.0,0.0,0.0,0.5714285714285714,0.5614035087719298,0.0,0.46226415094339623,0.5377358490566038,1.0,0
RELIANCE,5,0.9,859,95,106,2025-07-16,2026-04-16,0.4339622641509434,0.4640313390313391,0.4339622641509434,0.42592592592592593,0.4423076923076923,23,31,23,29,0.49056603773584906,0.5471698113207547,0.0,0.0,0.0,0.0,0.0,0.0,0.0,0.0,0.42592592592592593,0.4423076923076923,0.0,0.5094339622641509,0.49056603773584906,1.0,0
RELIANCE,6,0.95,907,100,53,2025-12-08,2026-04-16,0.5849056603773585,0.6225071225071226,0.5925925925925926,0.5925925925925926,0.5925925925925926,16,11,15,11,0.4716981132075472,0.4716981132075472,0.0,0.0,0.0,0.0,0.0,0.0,0.0,0.0,0.5925925925925926,0.5769230769230769,0.0,0.5094339622641509,0.49056603773584906,0.11334254518995801,0
ONGC,1,0.7,723,80,115,2024-04-02,2024-12-03,0.45217391304347826,0.46448087431693985,0.5263157894736842,0.4430379746835443,0.6481481481481481,35,44,17,19,0.48695652173913045,0.4434782608695652,0.0,0.0,0.0,0.0,0.0,0.0,0.0,0.0,0.4430379746835443,0.4722222222222222,0.0,0.6869565217391305,0.3130434782608696,0.303830727167016,0
ONGC,2,0.75,775,86,114,2024-08-13,2025-03-13,0.4824561403508772,0.537987012987013,0.5426356589147286,0.4117647058823529,0.7954545454545454,35,50,20,9,0.543859649122807,0.38596491228070173,0.0,0.0,0.0,0.0,0.0,0.0,0.0,0.0,0.4117647058823529,0.6896551724137931,0.0,0.7456140350877193,0.2543859649122807,0.5076786269374832,0
ONGC,3,0.8,827,91,115,2024-12-05,2025-07-10,0.5739130434782609,0.5453995157384989,0.6423357664233577,0.5432098765432098,0.7857142857142857,44,37,22,12,0.591304347826087,0.5826086956521739,0.0,0.0,0.0,0.0,0.0,0.0,0.0,0.0,0.5432098765432098,0.6470588235294117,0.0,0.7043478260869566,0.2956521739130435,0.7297861583184161,0
ONGC,4,0.85,878,97,115,2025-03-18,2025-12-03,0.5130434782608696,0.5127504553734061,0.5942028985507246,0.5324675324675324,0.6721311475409836,41,36,18,20,0.46956521739130436,0.5739130434782609,0.0,0.0,0.0,0.0,0.0,0.0,0.0,0.0,0.5324675324675324,0.4736842105263158,0.0,0.6695652173913044,0.33043478260869563,0.7381674374849896,0
ONGC,5,0.9,930,103,115,2025-07-11,2026-04-16,0.5652173913043478,0.546865489957395,0.5833333333333334,0.603448275862069,0.5645161290322581,35,23,30,27,0.4608695652173913,0.4608695652173913,0.0,0.0,0.0,0.0,0.0,0.0,0.0,0.0,0.603448275862069,0.5263157894736843,0.0,0.5043478260869565,0.4956521739130435,1.0,0
ONGC,6,0.95,981,109,58,2025-12-04,2026-04-16,0.46551724137931033,0.4703030303030303,0.4745762711864407,0.5384615384615384,0.42424242424242425,14,12,13,19,0.39655172413793105,0.5172413793103449,0.0,0.0,0.0,0.0,0.0,0.0,0.0,0.0,0.5384615384615384,0.40625,0.0,0.4482758620689655,0.5517241379310345,1.0,0
GODREJCP,1,0.7,700,77,111,2024-04-30,2024-12-05,0.46846846846846846,0.44491803278688524,0.45871559633027525,0.423728813559322,0.5,25,34,27,25,0.5045045045045045,0.46846846846846846,0.0,0.0,0.0,0.0,0.0,0.0,0.0,0.0,0.423728813559322,0.5192307692307692,0.0,0.5315315315315315,0.46846846846846846,0.5736926417728978,0
GODREJCP,2,0.75,749,83,111,2024-08-21,2025-04-03,0.4144144144144144,0.42373461012311897,0.4628099173553719,0.358974358974359,0.6511627906976745,28,50,18,15,0.40540540540540543,0.42342342342342343,0.0,0.0,0.0,0.0,0.0,0.0,0.0,0.0,0.358974358974359,0.5454545454545454,0.0,0.7027027027027027,0.2972972972972973,1.0,0
GODREJCP,3,0.8,800,88,111,2024-12-06,2025-08-08,0.43243243243243246,0.45811170212765956,0.5039370078740157,0.4,0.6808510638297872,32,48,16,15,0.5405405405405406,0.42342342342342343,0.0,0.0,0.0,0.0,0.0,0.0,0.0,0.0,0.4,0.5161290322580645,0.0,0.7207207207207207,0.27927927927927926,1.0,0
GODREJCP,4,0.85,849,94,111,2025-04-07,2025-12-11,0.4954954954954955,0.509433962264151,0.5692307692307692,0.4805194805194805,0.6981132075471698,37,40,18,16,0.4864864864864865,0.4774774774774775,0.0,0.0,0.0,0.0,0.0,0.0,0.0,0.0,0.4805194805194805,0.5294117647058824,0.0,0.6936936936936937,0.3063063063063063,1.0,0
GODREJCP,5,0.9,900,99,111,2025-08-13,2026-04-16,0.46846846846846846,0.46241830065359474,0.5203252032520326,0.5079365079365079,0.5333333333333333,32,31,20,28,0.4864864864864865,0.4594594594594595,0.0,0.0,0.0,0.0,0.0,0.0,0.0,0.0,0.5079365079365079,0.41666666666666663,0.0,0.5675675675675675,0.43243243243243246,0.7585336658682869,0
GODREJCP,6,0.95,949,105,56,2025-12-12,2026-04-16,0.5,0.40625,0.36363636363636365,0.6666666666666666,0.25,8,4,20,24,0.4642857142857143,0.42857142857142855,0.0,0.0,0.0,0.0,0.0,0.0,0.0,0.0,0.6666666666666666,0.4545454545454546,0.0,0.21428571428571427,0.7857142857142857,0.46098998833319527,0
POWERGRID,1,0.7,684,76,108,2024-03-22,2024-11-11,0.5277777777777778,0.4836805555555556,0.6277372262773723,0.5584415584415584,0.7166666666666667,43,34,14,17,0.5648148148148148,0.6203703703703703,0.0,0.0,0.0,0.0,0.0,0.0,0.0,0.0,0.5584415584415584,0.4516129032258065,0.0,0.7129629629629629,0.28703703703703703,0.2864348875381601,0
POWERGRID,2,0.75,733,81,109,2024-07-26,2025-03-06,0.47706422018348627,0.49966101694915255,0.6122448979591837,0.4639175257731959,0.9,45,52,7,5,0.5137614678899083,0.45871559633027525,0.0,0.0,0.0,0.0,0.0,0.0,0.0,0.0,0.4639175257731959,0.5833333333333333,0.0,0.8899082568807339,0.11009174311926606,0.2834357179332822,0
POWERGRID,3,0.8,782,86,109,2024-11-12,2025-07-04,0.5504587155963303,0.4720350404312668,0.6918238993710691,0.5339805825242718,0.9821428571428571,55,48,5,1,0.48623853211009177,0.5137614678899083,0.0,0.0,0.0,0.0,0.0,0.0,0.0,0.0,0.5339805825242718,0.8333333333333334,0.0,0.944954128440367,0.05504587155963303,1.0,0
POWERGRID,4,0.85,831,92,108,2025-03-07,2025-11-24,0.5277777777777778,0.6160714285714286,0.6832298136645962,0.5238095238095238,0.9821428571428571,55,50,2,1,0.5370370370370371,0.5185185185185185,0.0,0.0,0.0,0.0,0.0,0.0,0.0,0.0,0.5238095238095238,0.6666666666666667,0.0,0.9722222222222222,0.027777777777777776,1.0,0
POWERGRID,5,0.9,880,97,109,2025-07-08,2026-04-16,0.45871559633027525,0.5197278911564627,0.5986394557823129,0.4489795918367347,0.8979591836734694,44,54,6,5,0.45871559633027525,0.44036697247706424,0.0,0.0,0.0,0.0,0.0,0.0,0.0,0.0,0.4489795918367347,0.5454545454545454,0.0,0.8990825688073395,0.10091743119266056,1.0,0
POWERGRID,6,0.95,928,103,55,2025-11-25,2026-04-16,0.36363636363636365,0.38179347826086957,0.4444444444444444,0.35,0.6086956521739131,14,26,6,9,0.38181818181818183,0.41818181818181815,0.0,0.0,0.0,0.0,0.0,0.0,0.0,0.0,0.35,0.4,0.0,0.7272727272727273,0.2727272727272727,0.7647314202578211,0
NTPC,1,0.7,691,76,110,2024-04-19,2024-11-08,0.5454545454545454,0.5040322580645161,0.6710526315789473,0.5666666666666667,0.8225806451612904,51,39,9,11,0.5,0.5636363636363636,0.0,0.0,0.0,0.0,0.0,0.0,0.0,0.0,0.5666666666666667,0.44999999999999996,0.0,0.8181818181818182,0.18181818181818182,0.3368798934693663,0
NTPC,2,0.75,740,82,110,2024-08-06,2025-03-06,0.5,0.40848806366047746,0.6405228758169934,0.48514851485148514,0.9423076923076923,49,52,6,3,0.44545454545454544,0.4727272727272727,0.0,0.0,0.0,0.0,0.0,0.0,0.0,0.0,0.48514851485148514,0.6666666666666667,0.0,0.9181818181818182,0.08181818181818182,0.4320438708788163,0
NTPC,3,0.8,790,87,110,2024-11-11,2025-07-28,0.42727272727272725,0.404,0.5531914893617021,0.42857142857142855,0.78,39,52,8,11,0.4090909090909091,0.45454545454545453,0.0,0.0,0.0,0.0,0.0,0.0,0.0,0.0,0.42857142857142855,0.42105263157894735,0.0,0.8272727272727273,0.17272727272727273,0.5883270526094876,0
NTPC,4,0.85,839,93,110,2025-03-12,2025-12-05,0.5272727272727272,0.5158730158730159,0.6231884057971014,0.5119047619047619,0.7962962962962963,43,41,15,11,0.5545454545454546,0.4909090909090909,0.0,0.0,0.0,0.0,0.0,0.0,0.0,0.0,0.5119047619047619,0.5769230769230769,0.0,0.7636363636363637,0.23636363636363636,1.0,0
NTPC,5,0.9,889,98,110,2025-07-29,2026-04-16,0.5727272727272728,0.5470255898969758,0.6713286713286714,0.5714285714285714,0.8135593220338984,48,36,15,11,0.5545454545454546,0.5363636363636364,0.0,0.0,0.0,0.0,0.0,0.0,0.0,0.0,0.5714285714285714,0.5769230769230769,0.0,0.7636363636363637,0.23636363636363636,1.0,0
NTPC,6,0.95,938,104,55,2025-12-09,2026-04-16,0.6545454545454545,0.5954301075268816,0.7323943661971831,0.65,0.8387096774193549,26,14,10,5,0.5818181818181818,0.5636363636363636,0.0,0.0,0.0,0.0,0.0,0.0,0.0,0.0,0.65,0.6666666666666667,0.0,0.7272727272727273,0.2727272727272727,1.0,0
BPCL,1,0.7,718,79,114,2024-04-24,2024-12-06,0.5263157894736842,0.5152276295133438,0.5344827586206896,0.6078431372549019,0.47692307692307695,31,20,29,34,0.5087719298245614,0.5087719298245614,0.0,0.0,0.0,0.0,0.0,0.0,0.0,0.0,0.6078431372549019,0.46031746031746035,0.0,0.4473684210526316,0.5526315789473685,0.4490616929719491,0
BPCL,2,0.75,769,85,114,2024-08-13,2025-03-27,0.4824561403508772,0.4419821483533395,0.609271523178808,0.48936170212765956,0.8070175438596491,46,48,9,11,0.4298245614035088,0.5350877192982456,0.0,0.0,0.0,0.0,0.0,0.0,0.0,0.0,0.48936170212765956,0.44999999999999996,0.0,0.8245614035087719,0.17543859649122806,0.2421887208718916,0
BPCL,3,0.8,820,91,114,2024-12-10,2025-07-28,0.45614035087719296,0.46396535725332505,0.515625,0.4925373134328358,0.5409836065573771,33,34,19,28,0.5175438596491229,0.45614035087719296,0.0,0.0,0.0,0.0,0.0,0.0,0.0,0.0,0.4925373134328358,0.4042553191489362,0.0,0.5877192982456141,0.41228070175438597,0.36737726983037045,0
BPCL,4,0.85,872,96,114,2025-03-28,2025-12-01,0.4473684210526316,0.49291871921182273,0.5655172413793104,0.47126436781609193,0.7068965517241379,41,46,10,17,0.5526315789473685,0.5087719298245614,0.0,0.0,0.0,0.0,0.0,0.0,0.0,0.0,0.47126436781609193,0.37037037037037035,0.0,0.7631578947368421,0.23684210526315788,0.41838889187535183,0
BPCL,5,0.9,923,102,114,2025-07-29,2026-04-16,0.4824561403508772,0.5120967741935484,0.5815602836879432,0.4606741573033708,0.7884615384615384,41,48,14,11,0.5526315789473685,0.45614035087719296,0.0,0.0,0.0,0.0,0.0,0.0,0.0,0.0,0.4606741573033708,0.56,0.0,0.7807017543859649,0.21929824561403508,0.2755436662117511,0
BPCL,6,0.95,974,108,57,2025-12-03,2026-04-16,0.43859649122807015,0.4,0.5,0.41025641025641024,0.64,16,23,9,9,0.49122807017543857,0.43859649122807015,0.0,0.0,0.0,0.0,0.0,0.0,0.0,0.0,0.41025641025641024,0.5,0.0,0.6842105263157895,0.3157894736842105,0.6982707697118349,0
COALINDIA,1,0.7,702,77,112,2024-03-20,2024-11-01,0.5625,0.5056689342403629,0.631578947368421,0.6,0.6666666666666666,42,28,21,21,0.5625,0.5357142857142857,0.0,0.0,0.0,0.0,0.0,0.0,0.0,0.0,0.6,0.5,0.0,0.625,0.375,0.4871266082839703,0
COALINDIA,2,0.75,752,83,111,2024-07-29,2025-02-24,0.45045045045045046,0.4274509803921569,0.5793103448275863,0.44680851063829785,0.8235294117647058,42,52,8,9,0.42342342342342343,0.4594594594594595,0.0,0.0,0.0,0.0,0.0,0.0,0.0,0.0,0.44680851063829785,0.47058823529411764,0.0,0.8468468468468469,0.15315315315315314,0.16310560683201167,0
COALINDIA,3,0.8,802,89,111,2024-11-04,2025-07-10,0.4594594594594595,0.4661678594664932,0.5588235294117647,0.4578313253012048,0.7169811320754716,38,45,13,15,0.46846846846846846,0.4954954954954955,0.0,0.0,0.0,0.0,0.0,0.0,0.0,0.0,0.4578313253012048,0.4642857142857143,0.0,0.7477477477477478,0.25225225225225223,0.4847608635173962,0
COALINDIA,4,0.85,852,94,112,2025-02-28,2025-11-27,0.5089285714285714,0.5586824432363287,0.6308724832214765,0.5222222222222223,0.7966101694915254,47,43,10,12,0.5267857142857143,0.5357142857142857,0.0,0.0,0.0,0.0,0.0,0.0,0.0,0.0,0.5222222222222223,0.4545454545454546,0.0,0.8035714285714286,0.19642857142857142,1.0,0
COALINDIA,5,0.9,902,100,112,2025-07-11,2026-04-16,0.5178571428571429,0.46306363927086663,0.64,0.5274725274725275,0.8135593220338984,48,43,10,11,0.5089285714285714,0.5178571428571429,0.0,0.0,0.0,0.0,0.0,0.0,0.0,0.0,0.5274725274725275,0.47619047619047616,0.0,0.8125,0.1875,0.4731390733277879,0
COALINDIA,6,0.95,953,105,56,2025-12-02,2026-04-16,0.4642857142857143,0.4732142857142857,0.5714285714285714,0.47619047619047616,0.7142857142857143,20,22,6,8,0.48214285714285715,0.5178571428571429,0.0,0.0,0.0,0.0,0.0,0.0,0.0,0.0,0.47619047619047616,0.4285714285714286,0.0,0.75,0.25,1.0,0
GAIL,1,0.7,837,93,133,2024-01-12,2024-09-27,0.6090225563909775,0.5852873563218391,0.6867469879518072,0.6263736263736264,0.76,57,34,24,18,0.556390977443609,0.5639097744360902,0.0,0.0,0.0,0.0,0.0,0.0,0.0,0.0,0.6263736263736264,0.5714285714285714,0.0,0.6842105263157895,0.3157894736842105,0.28924504512488736,0
GAIL,2,0.75,897,99,133,2024-05-31,2025-02-07,0.5413533834586466,0.5384615384615385,0.6514285714285715,0.5181818181818182,0.8769230769230769,57,53,15,8,0.5263157894736842,0.48872180451127817,0.0,0.0,0.0,0.0,0.0,0.0,0.0,0.0,0.5181818181818182,0.6521739130434783,0.0,0.8270676691729323,0.17293233082706766,0.24002891248133473,0
GAIL,3,0.8,957,106,133,2024-10-04,2025-06-25,0.45112781954887216,0.4113378684807257,0.535031847133758,0.44680851063829785,0.6666666666666666,42,52,18,21,0.48872180451127817,0.41353383458646614,0.0,0.0,0.0,0.0,0.0,0.0,0.0,0.0,0.44680851063829785,0.46153846153846156,0.0,0.706766917293233,0.2932330827067669,0.6887689591963914,0
GAIL,4,0.85,1017,112,133,2025-02-10,2025-11-14,0.48872180451127817,0.4904588823262154,0.5853658536585366,0.5161290322580645,0.676056338028169,48,45,17,23,0.5263157894736842,0.5338345864661654,0.0,0.0,0.0,0.0,0.0,0.0,0.0,0.0,0.5161290322580645,0.42500000000000004,0.0,0.6992481203007519,0.3007518796992481,1.0,0
GAIL,5,0.9,1077,119,133,2025-06-26,2026-04-16,0.46616541353383456,0.4862053369516056,0.5170068027210885,0.4691358024691358,0.5757575757575758,38,43,24,28,0.5263157894736842,0.49624060150375937,0.0,0.0,0.0,0.0,0.0,0.0,0.0,0.0,0.4691358024691358,0.46153846153846156,0.0,0.6090225563909775,0.39097744360902253,1.0,0
GAIL,6,0.95,1136,126,67,2025-11-17,2026-04-16,0.4626865671641791,0.48108108108108105,0.5,0.42857142857142855,0.6,18,24,13,12,0.5373134328358209,0.5223880597014925,0.0,0.0,0.0,0.0,0.0,0.0,0.0,0.0,0.42857142857142855,0.52,0.0,0.6268656716417911,0.373134328358209,0.39145970346115955,0
TATAPOWER,1,0.7,807,89,128,2023-11-13,2024-08-23,0.5234375,0.5566590272472625,0.6114649681528662,0.6,0.6233766233766234,48,32,19,29,0.5625,0.5859375,0.0,0.0,0.0,0.0,0.0,0.0,0.0,0.0,0.6,0.39583333333333337,0.0,0.625,0.375,0.4369301259954508,0
TATAPOWER,2,0.75,864,96,128,2024-04-02,2025-01-16,0.4765625,0.47867063492063494,0.588957055214724,0.5274725274725275,0.6666666666666666,48,43,13,24,0.5234375,0.4765625,0.0,0.0,0.0,0.0,0.0,0.0,0.0,0.0,0.5274725274725275,0.3513513513513513,0.0,0.7109375,0.2890625,0.4636205577917966,0
TATAPOWER,3,0.8,922,102,128,2024-08-26,2025-06-12,0.46875,0.4699091132399902,0.5526315789473685,0.5060240963855421,0.6086956521739131,42,41,18,27,0.4453125,0.484375,0.0,0.0,0.0,0.0,0.0,0.0,0.0,0.0,0.5060240963855421,0.4,0.0,0.6484375,0.3515625,0.46950060929431947,0
TATAPOWER,4,0.85,980,108,128,2025-01-20,2025-11-03,0.5625,0.5026960784313725,0.654320987654321,0.5638297872340425,0.7794117647058824,53,41,19,15,0.5390625,0.5234375,0.0,0.0,0.0,0.0,0.0,0.0,0.0,0.0,0.5638297872340425,0.5588235294117647,0.0,0.734375,0.265625,0.35110160683428,0
TATAPOWER,5,0.9,1037,115,129,2025-06-13,2026-04-16,0.46511627906976744,0.5052961001444392,0.6011560693641619,0.46846846846846846,0.8387096774193549,52,59,8,10,0.5038759689922481,0.4806201550387597,0.0,0.0,0.0,0.0,0.0,0.0,0.0,0.0,0.46846846846846846,0.4444444444444444,0.0,0.8604651162790697,0.13953488372093023,0.6293847729202096,0
TATAPOWER,6,0.95,1095,121,65,2025-11-04,2026-04-16,0.47692307692307695,0.5285714285714287,0.6046511627906976,0.4642857142857143,0.8666666666666667,26,30,5,4,0.4461538461538462,0.47692307692307695,0.0,0.0,0.0,0.0,0.0,0.0,0.0,0.0,0.4642857142857143,0.5555555555555556,0.0,0.8615384615384616,0.13846153846153847,1.0,0
HINDALCO,1,0.7,747,83,119,2024-03-28,2024-11-26,0.47058823529411764,0.44623655913978494,0.5263157894736842,0.49295774647887325,0.5645161290322581,35,36,21,27,0.46218487394957986,0.5042016806722689,0.0,0.0,0.0,0.0,0.0,0.0,0.0,0.0,0.49295774647887325,0.4375,0.0,0.5966386554621849,0.40336134453781514,0.33185251066850147,0
HINDALCO,2,0.75,801,89,118,2024-08-01,2025-03-27,0.4661016949152542,0.421264367816092,0.5531914893617021,0.48148148148148145,0.65,39,42,16,21,0.5338983050847458,0.5169491525423728,0.0,0.0,0.0,0.0,0.0,0.0,0.0,0.0,0.48148148148148145,0.43243243243243246,0.0,0.6864406779661016,0.3135593220338983,0.2066562875096966,0
HINDALCO,3,0.8,855,94,119,2024-11-27,2025-08-01,0.4789915966386555,0.4982993197278911,0.5753424657534246,0.5060240963855421,0.6666666666666666,42,41,15,21,0.5462184873949579,0.5294117647058824,0.0,0.0,0.0,0.0,0.0,0.0,0.0,0.0,0.5060240963855421,0.41666666666666663,0.0,0.6974789915966386,0.3025210084033613,0.5715209953231344,0
HINDALCO,4,0.85,908,100,119,2025-03-28,2025-12-05,0.5210084033613446,0.49943310657596374,0.6225165562913907,0.5340909090909091,0.746031746031746,47,41,15,16,0.5546218487394958,0.6386554621848739,0.0,0.0,0.0,0.0,0.0,0.0,0.0,0.0,0.5340909090909091,0.4838709677419355,0.0,0.7394957983193278,0.2605042016806723,0.5298511510147597,0
HINDALCO,5,0.9,962,106,119,2025-08-07,2026-04-16,0.47058823529411764,0.437391304347826,0.5333333333333333,0.5454545454545454,0.5217391304347826,36,30,20,33,0.5378151260504201,0.453781512605042,0.0,0.0,0.0,0.0,0.0,0.0,0.0,0.0,0.5454545454545454,0.37735849056603776,0.0,0.5546218487394958,0.44537815126050423,0.6310359919561371,0
HINDALCO,6,0.95,1015,112,60,2025-12-08,2026-04-16,0.6,0.5933014354066986,0.6756756756756757,0.6944444444444444,0.6578947368421053,25,11,11,13,0.5,0.55,0.0,0.0,0.0,0.0,0.0,0.0,0.0,0.0,0.6944444444444444,0.45833333333333337,0.0,0.6,0.4,0.2300059134020219,0
JSWSTEEL,1,0.7,718,79,114,2024-04-05,2024-11-22,0.5087719298245614,0.5400124069478908,0.6056338028169014,0.5375,0.6935483870967742,43,37,15,19,0.5701754385964912,0.47368421052631576,0.0,0.0,0.0,0.0,0.0,0.0,0.0,0.0,0.5375,0.4411764705882353,0.0,0.7017543859649122,0.2982456140350877,0.4507637883579575,0
JSWSTEEL,2,0.75,769,85,114,2024-08-05,2025-03-20,0.49122807017543857,0.5089950372208436,0.5857142857142857,0.5256410256410257,0.6612903225806451,41,37,15,21,0.5087719298245614,0.5087719298245614,0.0,0.0,0.0,0.0,0.0,0.0,0.0,0.0,0.5256410256410257,0.41666666666666663,0.0,0.6842105263157895,0.3157894736842105,0.6310025121100518,0
JSWSTEEL,3,0.8,820,91,114,2024-11-25,2025-08-01,0.5175438596491229,0.5047706986765158,0.5217391304347826,0.5172413793103449,0.5263157894736842,30,28,29,27,0.5614035087719298,0.4473684210526316,0.0,0.0,0.0,0.0,0.0,0.0,0.0,0.0,0.5172413793103449,0.5178571428571428,0.0,0.5087719298245614,0.49122807017543857,0.18752077153613908,0
JSWSTEEL,4,0.85,872,96,114,2025-03-25,2025-12-05,0.5263157894736842,0.4553046705845963,0.425531914893617,0.4878048780487805,0.37735849056603776,20,21,40,33,0.5350877192982456,0.47368421052631576,0.0,0.0,0.0,0.0,0.0,0.0,0.0,0.0,0.4878048780487805,0.547945205479452,0.0,0.35964912280701755,0.6403508771929824,0.6443810398751509,0
JSWSTEEL,5,0.9,923,102,114,2025-08-06,2026-04-16,0.5087719298245614,0.5023198267862666,0.5172413793103449,0.5454545454545454,0.4918032786885246,30,25,28,31,0.47368421052631576,0.47368421052631576,0.0,0.0,0.0,0.0,0.0,0.0,0.0,0.0,0.5454545454545454,0.47457627118644063,0.0,0.4824561403508772,0.5175438596491229,0.6026247562048804,0
JSWSTEEL,6,0.95,974,108,57,2025-12-08,2026-04-16,0.5263157894736842,0.48250000000000004,0.5263157894736842,0.6,0.46875,15,10,15,17,0.543859649122807,0.43859649122807015,0.0,0.0,0.0,0.0,0.0,0.0,0.0,0.0,0.6,0.46875,0.0,0.43859649122807015,0.5614035087719298,0.11689482500791624,0
TATASTEEL,1,0.7,826,91,131,2023-12-12,2024-10-04,0.5572519083969466,0.6179378531073446,0.6375,0.5795454545454546,0.7083333333333334,51,37,22,21,0.5725190839694656,0.549618320610687,0.0,0.0,0.0,0.0,0.0,0.0,0.0,0.0,0.5795454545454546,0.5116279069767442,0.0,0.6717557251908397,0.3282442748091603,0.2653218948991201,0
TATASTEEL,2,0.75,885,98,131,2024-05-10,2025-02-05,0.4732824427480916,0.42610722610722607,0.6057142857142858,0.48623853211009177,0.803030303030303,53,56,9,13,0.48091603053435117,0.4351145038167939,0.0,0.0,0.0,0.0,0.0,0.0,0.0,0.0,0.48623853211009177,0.40909090909090906,0.0,0.8320610687022901,0.16793893129770993,0.5178448864994274,0
TATASTEEL,3,0.8,944,104,131,2024-10-07,2025-06-26,0.4351145038167939,0.4456623134328358,0.5647058823529412,0.46601941747572817,0.7164179104477612,48,55,9,19,0.45038167938931295,0.4732824427480916,0.0,0.0,0.0,0.0,0.0,0.0,0.0,0.0,0.46601941747572817,0.3214285714285714,0.0,0.7862595419847328,0.21374045801526717,0.6189794164148389,0
TATASTEEL,4,0.85,1003,111,131,2025-02-06,2025-11-21,0.5190839694656488,0.4990662931839403,0.6440677966101694,0.5229357798165137,0.8382352941176471,57,52,11,11,0.4580152671755725,0.5190839694656488,0.0,0.0,0.0,0.0,0.0,0.0,0.0,0.0,0.5229357798165137,0.5,0.0,0.8320610687022901,0.16793893129770993,1.0,0
TATASTEEL,5,0.9,1062,117,132,2025-06-27,2026-04-16,0.5151515151515151,0.5130853994490359,0.6235294117647059,0.5096153846153846,0.803030303030303,53,51,15,13,0.49242424242424243,0.5,0.0,0.0,0.0,0.0,0.0,0.0,0.0,0.0,0.5096153846153846,0.5357142857142857,0.0,0.7878787878787878,0.21212121212121213,1.0,0
TATASTEEL,6,0.95,1121,124,66,2025-11-24,2026-04-16,0.5,0.5391705069124424,0.6024096385542169,0.5208333333333334,0.7142857142857143,25,23,8,10,0.5151515151515151,0.5606060606060606,0.0,0.0,0.0,0.0,0.0,0.0,0.0,0.0,0.5208333333333334,0.4444444444444444,0.0,0.7272727272727273,0.2727272727272727,0.36857950957438196,0
NMDC,1,0.7,741,82,118,2024-05-09,2024-12-10,0.5423728813559322,0.538638322321172,0.5970149253731343,0.5333333333333333,0.6779661016949152,40,35,24,19,0.5677966101694916,0.5338983050847458,0.0,0.0,0.0,0.0,0.0,0.0,0.0,0.0,0.5333333333333333,0.5581395348837209,0.0,0.635593220338983,0.3644067796610169,0.4211902241693369,0
NMDC,2,0.75,794,88,118,2024-08-29,2025-03-27,0.4915254237288136,0.5101982189026142,0.5652173913043478,0.4936708860759494,0.6610169491525424,39,40,19,20,0.5254237288135594,0.5423728813559322,0.0,0.0,0.0,0.0,0.0,0.0,0.0,0.0,0.4936708860759494,0.4871794871794872,0.0,0.6694915254237288,0.3305084745762712,0.6540117178587265,0
NMDC,3,0.8,847,94,118,2024-12-12,2025-07-30,0.5084745762711864,0.471551724137931,0.5538461538461539,0.5142857142857142,0.6,36,34,24,24,0.5084745762711864,0.559322033898305,0.0,0.0,0.0,0.0,0.0,0.0,0.0,0.0,0.5142857142857142,0.5,0.0,0.5932203389830508,0.4067796610169492,1.0,0
NMDC,4,0.85,900,100,118,2025-03-28,2025-12-11,0.4661016949152542,0.46867816091954023,0.3225806451612903,0.45454545454545453,0.25,15,18,40,45,0.4830508474576271,0.4576271186440678,0.0,0.0,0.0,0.0,0.0,0.0,0.0,0.0,0.45454545454545453,0.47058823529411764,0.0,0.2796610169491525,0.7203389830508474,1.0,0
NMDC,5,0.9,954,105,118,2025-07-31,2026-04-16,0.4661016949152542,0.49855990783410137,0.4424778761061947,0.49019607843137253,0.4032258064516129,25,26,30,37,0.5508474576271186,0.4745762711864407,0.0,0.0,0.0,0.0,0.0,0.0,0.0,0.0,0.49019607843137253,0.4477611940298507,0.0,0.4322033898305085,0.5677966101694916,1.0,0
NMDC,6,0.95,1007,111,59,2025-12-12,2026-04-16,0.5254237288135594,0.6002331002331003,0.5483870967741935,0.5862068965517241,0.5151515151515151,17,12,14,16,0.6440677966101694,0.4745762711864407,0.0,0.0,0.0,0.0,0.0,0.0,0.0,0.0,0.5862068965517241,0.4666666666666667,0.0,0.4915254237288136,0.5084745762711864,1.0,0
SAIL,1,0.7,762,84,121,2024-04-15,2024-12-06,0.5537190082644629,0.5668859649122807,0.5714285714285714,0.5217391304347826,0.631578947368421,36,33,31,21,0.512396694214876,0.5454545454545454,0.0,0.0,0.0,0.0,0.0,0.0,0.0,0.0,0.5217391304347826,0.5961538461538461,0.0,0.5702479338842975,0.4297520661157025,0.44233240966309156,0
SAIL,2,0.75,816,90,121,2024-08-13,2025-03-21,0.5206611570247934,0.49287280701754377,0.6081081081081081,0.4945054945054945,0.7894736842105263,45,46,18,12,0.5289256198347108,0.4793388429752066,0.0,0.0,0.0,0.0,0.0,0.0,0.0,0.0,0.4945054945054945,0.6,0.0,0.7520661157024794,0.24793388429752067,0.5163901483727914,0
SAIL,3,0.8,871,96,121,2024-12-09,2025-08-01,0.4793388429752066,0.5032804811372334,0.5935483870967742,0.4791666666666667,0.7796610169491526,46,50,12,13,0.48760330578512395,0.4628099173553719,0.0,0.0,0.0,0.0,0.0,0.0,0.0,0.0,0.4791666666666667,0.48,0.0,0.7933884297520661,0.2066115702479339,1.4842035878349435,0
SAIL,4,0.85,925,102,121,2025-03-24,2025-12-10,0.5619834710743802,0.5944170771756978,0.6344827586206897,0.5287356321839081,0.7931034482758621,46,41,22,12,0.512396694214876,0.4793388429752066,0.0,0.0,0.0,0.0,0.0,0.0,0.0,0.0,0.5287356321839081,0.6470588235294117,0.0,0.71900826446281,0.2809917355371901,1.0,0
SAIL,5,0.9,980,108,121,2025-08-05,2026-04-16,0.6033057851239669,0.5560415527610716,0.6065573770491803,0.5873015873015873,0.6271186440677966,37,26,36,22,0.5702479338842975,0.5289256198347108,0.0,0.0,0.0,0.0,0.0,0.0,0.0,0.0,0.5873015873015873,0.6206896551724138,0.0,0.5206611570247934,0.4793388429752066,1.0,0
SAIL,6,0.95,1034,114,61,2025-12-11,2026-04-16,0.39344262295081966,0.34086021505376346,0.32727272727272727,0.375,0.2903225806451613,9,15,15,22,0.5081967213114754,0.4918032786885246,0.0,0.0,0.0,0.0,0.0,0.0,0.0,0.0,0.375,0.4054054054054054,0.0,0.39344262295081966,0.6065573770491803,0.14412146515579918,0
VEDL,1,0.7,759,84,121,2024-05-06,2024-12-20,0.5041322314049587,0.5361842105263158,0.5522388059701493,0.5285714285714286,0.578125,37,33,24,27,0.5041322314049587,0.5289256198347108,0.0,0.0,0.0,0.0,0.0,0.0,0.0,0.0,0.5285714285714286,0.47058823529411764,0.0,0.5785123966942148,0.4214876033057851,0.42545099711926987,0
VEDL,2,0.75,813,90,121,2024-08-23,2025-04-09,0.5206611570247934,0.5641447368421053,0.5797101449275363,0.5405405405405406,0.625,40,34,23,24,0.512396694214876,0.5619834710743802,0.0,0.0,0.0,0.0,0.0,0.0,0.0,0.0,0.5405405405405406,0.4893617021276596,0.0,0.6115702479338843,0.3884297520661157,0.6177938587110724,0
VEDL,3,0.8,868,96,120,2024-12-23,2025-08-04,0.5416666666666666,0.5028058361391694,0.6308724832214765,0.5662650602409639,0.7121212121212122,47,36,18,19,0.5083333333333333,0.4666666666666667,0.0,0.0,0.0,0.0,0.0,0.0,0.0,0.0,0.5662650602409639,0.4864864864864865,0.0,0.6916666666666667,0.30833333333333335,0.39900495852562934,0
VEDL,4,0.85,922,102,120,2025-04-17,2025-12-04,0.55,0.5321637426900585,0.6538461538461539,0.5483870967741935,0.8095238095238095,51,42,15,12,0.5166666666666667,0.5666666666666667,0.0,0.0,0.0,0.0,0.0,0.0,0.0,0.0,0.5483870967741935,0.5555555555555556,0.0,0.775,0.225,0.6180480428281153,0
VEDL,5,0.9,976,108,121,2025-08-05,2026-04-16,0.5867768595041323,0.555779183438758,0.6875,0.6395348837209303,0.7432432432432432,55,31,16,19,0.5950413223140496,0.5206611570247934,0.0,0.0,0.0,0.0,0.0,0.0,0.0,0.0,0.6395348837209303,0.4571428571428572,0.0,0.7107438016528925,0.2892561983471074,0.7179136975036953,0
VEDL,6,0.95,1030,114,61,2025-12-05,2026-04-16,0.6229508196721312,0.5240641711229946,0.7472527472527473,0.723404255319149,0.7727272727272727,34,13,4,10,0.5737704918032787,0.4098360655737705,0.0,0.0,0.0,0.0,0.0,0.0,0.0,0.0,0.723404255319149,0.2857142857142857,0.0,0.7704918032786885,0.22950819672131148,0.24101592537931313,0
LT,1,0.7,687,76,109,2024-03-21,2024-11-11,0.5412844036697247,0.540837336993823,0.6753246753246753,0.5652173913043478,0.8387096774193549,52,40,7,10,0.5779816513761468,0.5321100917431193,0.0,0.0,0.0,0.0,0.0,0.0,0.0,0.0,0.5652173913043478,0.4117647058823529,0.0,0.8440366972477065,0.1559633027522936,0.3882687964831771,0
LT,2,0.75,736,81,109,2024-07-23,2025-03-04,0.5045871559633027,0.5392156862745098,0.6142857142857143,0.48314606741573035,0.8431372549019608,43,46,12,8,0.5321100917431193,0.46788990825688076,0.0,0.0,0.0,0.0,0.0,0.0,0.0,0.0,0.48314606741573035,0.6,0.0,0.8165137614678899,0.1834862385321101,0.2914065324536189,0
LT,3,0.8,785,87,109,2024-11-12,2025-07-24,0.5688073394495413,0.6191919191919192,0.6518518518518519,0.55,0.8,44,36,18,11,0.5596330275229358,0.5045871559633027,0.0,0.0,0.0,0.0,0.0,0.0,0.0,0.0,0.55,0.6206896551724138,0.0,0.7339449541284404,0.26605504587155965,0.4303640228306344,0
LT,4,0.85,834,92,109,2025-03-05,2025-11-19,0.5688073394495413,0.5369220151828847,0.6928104575163399,0.5888888888888889,0.8412698412698413,53,37,9,10,0.5504587155963303,0.6055045871559633,0.0,0.0,0.0,0.0,0.0,0.0,0.0,0.0,0.5888888888888889,0.4736842105263158,0.0,0.8256880733944955,0.1743119266055046,1.0,0
LT,5,0.9,883,98,109,2025-07-25,2026-04-16,0.5688073394495413,0.5454234972677596,0.6618705035971223,0.5897435897435898,0.7540983606557377,46,32,16,15,0.5871559633027523,0.5229357798165137,0.0,0.0,0.0,0.0,0.0,0.0,0.0,0.0,0.5897435897435898,0.5161290322580645,0.0,0.7155963302752294,0.28440366972477066,0.10000660285425449,0
LT,6,0.95,932,103,55,2025-11-24,2026-04-16,0.509090909090909,0.5066666666666667,0.5846153846153846,0.5428571428571428,0.6333333333333333,19,16,9,11,0.5636363636363636,0.4727272727272727,0.0,0.0,0.0,0.0,0.0,0.0,0.0,0.0,0.5428571428571428,0.44999999999999996,0.0,0.6363636363636364,0.36363636363636365,0.14532156150627232,0
BHEL,1,0.7,885,98,141,2023-12-28,2024-10-14,0.5390070921985816,0.47368421052631576,0.6486486486486487,0.594059405940594,0.7142857142857143,60,41,16,24,0.6028368794326241,0.5957446808510638,0.0,0.0,0.0,0.0,0.0,0.0,0.0,0.0,0.594059405940594,0.4,0.0,0.7163120567375887,0.28368794326241137,0.16370062784956832,0
BHEL,2,0.75,948,105,141,2024-05-29,2025-02-12,0.5177304964539007,0.5398390342052315,0.5903614457831325,0.5104166666666666,0.7,49,47,24,21,0.5460992907801419,0.49645390070921985,0.0,0.0,0.0,0.0,0.0,0.0,0.0,0.0,0.5104166666666666,0.5333333333333333,0.0,0.6808510638297872,0.3191489361702128,0.10000660285425449,0
BHEL,3,0.8,1012,112,140,2024-10-15,2025-07-08,0.5857142857142857,0.625025641025641,0.6847826086956522,0.5779816513761468,0.84,63,46,19,12,0.5642857142857143,0.5571428571428572,0.0,0.0,0.0,0.0,0.0,0.0,0.0,0.0,0.5779816513761468,0.6129032258064516,0.0,0.7785714285714286,0.22142857142857142,0.5105531815956611,0
BHEL,4,0.85,1075,119,140,2025-02-13,2025-11-21,0.5214285714285715,0.5726654298082868,0.6338797814207651,0.5471698113207547,0.7532467532467533,58,48,15,19,0.6,0.5,0.0,0.0,0.0,0.0,0.0,0.0,0.0,0.0,0.5471698113207547,0.4411764705882353,0.0,0.7571428571428571,0.24285714285714285,0.6194734976202341,0
BHEL,5,0.9,1138,126,141,2025-07-10,2026-04-16,0.475177304964539,0.47985495568090253,0.5697674418604651,0.494949494949495,0.6712328767123288,49,50,18,24,0.49645390070921985,0.5177304964539007,0.0,0.0,0.0,0.0,0.0,0.0,0.0,0.0,0.494949494949495,0.4285714285714286,0.0,0.7021276595744681,0.2978723404255319,0.518598054072718,0
BHEL,6,0.95,1201,133,71,2025-11-24,2026-04-16,0.39436619718309857,0.3569157392686805,0.4266666666666667,0.42105263157894735,0.43243243243243246,16,22,12,21,0.4084507042253521,0.38028169014084506,0.0,0.0,0.0,0.0,0.0,0.0,0.0,0.0,0.42105263157894735,0.36363636363636365,0.0,0.5352112676056338,0.4647887323943662,0.29484333813862623,0
SIEMENS,1,0.7,798,88,127,2024-02-15,2024-11-07,0.5905511811023622,0.5931293612453032,0.6904761904761905,0.6666666666666666,0.7160493827160493,58,29,17,23,0.6377952755905512,0.5984251968503937,0.0,0.0,0.0,0.0,0.0,0.0,0.0,0.0,0.6666666666666666,0.42500000000000004,0.0,0.6850393700787402,0.31496062992125984,0.1469315049354882,0
SIEMENS,2,0.75,855,95,126,2024-06-27,2025-03-06,0.5238095238095238,0.5020161290322581,0.6103896103896104,0.5108695652173914,0.7580645161290323,47,45,19,15,0.46825396825396826,0.49206349206349204,0.0,0.0,0.0,0.0,0.0,0.0,0.0,0.0,0.5108695652173914,0.5588235294117647,0.0,0.7301587301587301,0.2698412698412698,0.11536960283790068,0
SIEMENS,3,0.8,912,101,127,2024-11-08,2025-07-15,0.48031496062992124,0.47816377171215885,0.6162790697674418,0.4818181818181818,0.8548387096774194,53,57,8,9,0.5433070866141733,0.47244094488188976,0.0,0.0,0.0,0.0,0.0,0.0,0.0,0.0,0.4818181818181818,0.47058823529411764,0.0,0.8661417322834646,0.13385826771653545,0.27198006411093245,0
SIEMENS,4,0.85,969,107,127,2025-03-07,2025-12-01,0.5039370078740157,0.4370646766169154,0.64,0.5185185185185185,0.835820895522388,56,52,8,11,0.49606299212598426,0.48031496062992124,0.0,0.0,0.0,0.0,0.0,0.0,0.0,0.0,0.5185185185185185,0.42105263157894735,0.0,0.8503937007874016,0.14960629921259844,0.4532487252855714,0
SIEMENS,5,0.9,1026,114,127,2025-07-16,2026-04-16,0.49606299212598426,0.46809571286141577,0.6631578947368421,0.5163934426229508,0.9264705882352942,63,59,0,5,0.5039370078740157,0.48031496062992124,0.0,0.0,0.0,0.0,0.0,0.0,0.0,0.0,0.5163934426229508,0.0,0.0,0.9606299212598425,0.03937007874015748,0.3008908812450269,0
SIEMENS,6,0.95,1083,120,64,2025-12-02,2026-04-16,0.53125,0.42352941176470593,0.6428571428571429,0.54,0.7941176470588235,27,23,7,7,0.515625,0.546875,0.0,0.0,0.0,0.0,0.0,0.0,0.0,0.0,0.54,0.5,0.0,0.78125,0.21875,1.0,0
HAVELLS,1,0.7,794,88,126,2023-12-13,2024-09-20,0.49206349206349204,0.5020199299757608,0.5675675675675675,0.6086956521739131,0.5316455696202531,42,27,20,37,0.5,0.626984126984127,0.0,0.0,0.0,0.0,0.0,0.0,0.0,0.0,0.6086956521739131,0.3508771929824561,0.0,0.5476190476190477,0.4523809523809524,1.0,0
HAVELLS,2,0.75,851,94,126,2024-05-14,2025-02-04,0.5396825396825397,0.5147392290249433,0.5396825396825397,0.5396825396825397,0.5396825396825397,34,29,34,29,0.5396825396825397,0.5,0.0,0.0,0.0,0.0,0.0,0.0,0.0,0.0,0.5396825396825397,0.5396825396825398,0.0,0.5,0.5,0.38416416021171024,0
HAVELLS,3,0.8,908,100,126,2024-09-23,2025-06-17,0.46825396825396826,0.4677991886409737,0.5503355704697986,0.45054945054945056,0.7068965517241379,41,50,18,17,0.5317460317460317,0.4523809523809524,0.0,0.0,0.0,0.0,0.0,0.0,0.0,0.0,0.45054945054945056,0.5142857142857142,0.0,0.7222222222222222,0.2777777777777778,0.10000660285425449,0
HAVELLS,4,0.85,964,107,126,2025-02-06,2025-11-18,0.5317460317460317,0.5939470365699874,0.6335403726708074,0.51,0.8360655737704918,51,49,16,10,0.5396825396825397,0.48412698412698413,0.0,0.0,0.0,0.0,0.0,0.0,0.0,0.0,0.51,0.6153846153846154,0.0,0.7936507936507936,0.20634920634920634,1.0,0
HAVELLS,5,0.9,1021,113,126,2025-06-18,2026-04-16,0.5079365079365079,0.513888888888889,0.5571428571428572,0.4875,0.65,39,41,25,21,0.49206349206349204,0.47619047619047616,0.0,0.0,0.0,0.0,0.0,0.0,0.0,0.0,0.4875,0.5434782608695652,0.0,0.6349206349206349,0.36507936507936506,1.0,0
HAVELLS,6,0.95,1078,119,63,2025-11-19,2026-04-16,0.5238095238095238,0.48991935483870963,0.53125,0.53125,0.53125,17,15,16,15,0.5079365079365079,0.5238095238095238,0.0,0.0,0.0,0.0,0.0,0.0,0.0,0.0,0.53125,0.5161290322580645,0.0,0.5079365079365079,0.49206349206349204,0.6333701959680215,0
POLYCAB,1,0.7,684,75,109,2024-06-21,2025-01-17,0.5504587155963303,0.5326599326599326,0.6754966887417219,0.53125,0.9272727272727272,51,45,9,4,0.5504587155963303,0.5412844036697247,0.0,0.0,0.0,0.0,0.0,0.0,0.0,0.0,0.53125,0.6923076923076923,0.0,0.8807339449541285,0.11926605504587157,0.26603663601970234,0
POLYCAB,2,0.75,732,81,109,2024-09-27,2025-05-20,0.5137614678899083,0.5212981744421907,0.6442953020134228,0.5274725274725275,0.8275862068965517,48,43,8,10,0.5412844036697247,0.45871559633027525,0.0,0.0,0.0,0.0,0.0,0.0,0.0,0.0,0.5274725274725275,0.4444444444444444,0.0,0.8348623853211009,0.1651376146788991,0.6681342697829266,0
POLYCAB,3,0.8,782,86,108,2025-01-20,2025-08-29,0.5277777777777778,0.47413793103448276,0.6832298136645962,0.5339805825242718,0.9482758620689655,55,48,2,3,0.4444444444444444,0.5370370370370371,0.0,0.0,0.0,0.0,0.0,0.0,0.0,0.0,0.5339805825242718,0.4,0.0,0.9537037037037037,0.046296296296296294,0.4962527512795968,0
POLYCAB,4,0.85,830,92,108,2025-05-21,2025-12-16,0.4537037037037037,0.42891483516483514,0.6143790849673203,0.4845360824742268,0.8392857142857143,47,50,2,9,0.4351851851851852,0.5092592592592593,0.0,0.0,0.0,0.0,0.0,0.0,0.0,0.0,0.4845360824742268,0.18181818181818177,0.0,0.8981481481481481,0.10185185185185185,0.3627301986021604,0
POLYCAB,5,0.9,879,97,109,2025-09-01,2026-04-16,0.46788990825688076,0.5020215633423181,0.6027397260273972,0.4888888888888889,0.7857142857142857,44,46,7,12,0.41284403669724773,0.45871559633027525,0.0,0.0,0.0,0.0,0.0,0.0,0.0,0.0,0.4888888888888889,0.368421052631579,0.0,0.8256880733944955,0.1743119266055046,0.3909013671145542,0
POLYCAB,6,0.95,927,103,55,2025-12-18,2026-04-16,0.5272727272727272,0.4066666666666667,0.6486486486486487,0.5454545454545454,0.8,24,20,5,6,0.38181818181818183,0.5272727272727272,0.0,0.0,0.0,0.0,0.0,0.0,0.0,0.0,0.5454545454545454,0.4545454545454546,0.0,0.8,0.2,1.0,0
ABB,1,0.7,829,92,131,2024-02-08,2024-10-17,0.5877862595419847,0.5674418604651164,0.6746987951807228,0.7,0.6511627906976745,56,24,21,30,0.5572519083969466,0.5954198473282443,0.0,0.0,0.0,0.0,0.0,0.0,0.0,0.0,0.7,0.4117647058823529,0.0,0.6106870229007634,0.3893129770992366,0.5091910012984737,0
ABB,2,0.75,889,98,131,2024-06-24,2025-02-10,0.4961832061068702,0.4232742537313432,0.6373626373626373,0.4915254237288136,0.90625,58,60,7,6,0.5190839694656488,0.48854961832061067,0.0,0.0,0.0,0.0,0.0,0.0,0.0,0.0,0.4915254237288136,0.5384615384615384,0.0,0.9007633587786259,0.09923664122137404,0.23920991579593326,0
ABB,3,0.8,947,105,132,2024-10-18,2025-07-11,0.44696969696969696,0.458294930875576,0.562874251497006,0.44761904761904764,0.7580645161290323,47,58,12,15,0.48484848484848486,0.4696969696969697,0.0,0.0,0.0,0.0,0.0,0.0,0.0,0.0,0.44761904761904764,0.4444444444444444,0.0,0.7954545454545454,0.20454545454545456,0.32259791744680705,0
ABB,4,0.85,1007,111,132,2025-02-13,2025-12-02,0.5227272727272727,0.5115958668197474,0.64,0.509090909090909,0.8615384615384616,56,54,13,9,0.49242424242424243,0.49242424242424243,0.0,0.0,0.0,0.0,0.0,0.0,0.0,0.0,0.509090909090909,0.5909090909090908,0.0,0.8333333333333334,0.16666666666666666,1.0,0
ABB,5,0.9,1066,118,132,2025-07-14,2026-04-16,0.5151515151515151,0.41980698529411764,0.68,0.5151515151515151,1.0,68,64,0,0,0.44696969696969696,0.5151515151515151,0.0,0.0,0.0,0.0,0.0,0.0,0.0,0.0,0.5151515151515151,0.0,0.0,1.0,0.0,1.772212940798984,0
ABB,6,0.95,1125,125,66,2025-12-03,2026-04-16,0.5,0.44175209692451073,0.6292134831460674,0.5384615384615384,0.7567567567567568,28,24,5,9,0.4696969696969697,0.5606060606060606,0.0,0.0,0.0,0.0,0.0,0.0,0.0,0.0,0.5384615384615384,0.3571428571428571,0.0,0.7878787878787878,0.21212121212121213,2.373038141570122,0
CUMMINSIND,1,0.7,712,79,113,2024-05-15,2024-12-09,0.5663716814159292,0.40338010204081626,0.703030303030303,0.5742574257425742,0.90625,58,43,6,6,0.5221238938053098,0.5486725663716814,0.0,0.0,0.0,0.0,0.0,0.0,0.0,0.0,0.5742574257425742,0.5,0.0,0.8938053097345132,0.10619469026548672,0.3559079146174204,0
CUMMINSIND,2,0.75,763,84,113,2024-08-27,2025-04-03,0.48672566371681414,0.5319548872180452,0.6329113924050633,0.49019607843137253,0.8928571428571429,50,52,5,6,0.5398230088495575,0.48672566371681414,0.0,0.0,0.0,0.0,0.0,0.0,0.0,0.0,0.49019607843137253,0.4545454545454546,0.0,0.9026548672566371,0.09734513274336283,0.37679057052711534,0
CUMMINSIND,3,0.8,814,90,113,2024-12-10,2025-08-07,0.5309734513274337,0.5167087011349306,0.6863905325443787,0.5370370370370371,0.9508196721311475,58,50,2,3,0.504424778761062,0.5398230088495575,0.0,0.0,0.0,0.0,0.0,0.0,0.0,0.0,0.5370370370370371,0.4,0.0,0.9557522123893806,0.04424778761061947,1.0,0
CUMMINSIND,4,0.85,864,96,113,2025-04-04,2025-12-12,0.5309734513274337,0.49548678272082525,0.6624203821656051,0.5714285714285714,0.7878787878787878,52,39,8,14,0.504424778761062,0.584070796460177,0.0,0.0,0.0,0.0,0.0,0.0,0.0,0.0,0.5714285714285714,0.36363636363636365,0.0,0.8053097345132744,0.19469026548672566,1.0,0
CUMMINSIND,5,0.9,916,101,113,2025-08-11,2026-04-16,0.5486725663716814,0.5256410256410257,0.6982248520710059,0.5673076923076923,0.9076923076923077,59,45,3,6,0.49557522123893805,0.5752212389380531,0.0,0.0,0.0,0.0,0.0,0.0,0.0,0.0,0.5673076923076923,0.33333333333333337,0.0,0.9203539823008849,0.07964601769911504,1.0,0
CUMMINSIND,6,0.95,966,107,57,2025-12-15,2026-04-16,0.631578947368421,0.5421994884910486,0.7640449438202247,0.6181818181818182,1.0,34,21,2,0,0.5263157894736842,0.5964912280701754,0.0,0.0,0.0,0.0,0.0,0.0,0.0,0.0,0.6181818181818182,1.0,0.0,0.9649122807017544,0.03508771929824561,0.4225339807972399,0
INDUSTOWER,1,0.7,725,80,115,2024-04-15,2024-12-02,0.5304347826086957,0.5166153846153847,0.37209302325581395,0.7619047619047619,0.24615384615384617,16,5,45,49,0.5652173913043478,0.4782608695652174,0.0,0.0,0.0,0.0,0.0,0.0,0.0,0.0,0.7619047619047619,0.4787234042553191,0.0,0.1826086956521739,0.8173913043478261,1.0,0
INDUSTOWER,2,0.75,777,86,115,2024-08-08,2025-03-27,0.5304347826086957,0.5339393939393939,0.5645161290322581,0.546875,0.5833333333333334,35,29,26,25,0.4782608695652174,0.5043478260869565,0.0,0.0,0.0,0.0,0.0,0.0,0.0,0.0,0.546875,0.5098039215686274,0.0,0.5565217391304348,0.4434782608695652,0.2788792891316133,0
INDUSTOWER,3,0.8,828,92,115,2024-12-03,2025-07-31,0.4608695652173913,0.4346642468239565,0.48333333333333334,0.46774193548387094,0.5,29,33,24,29,0.4608695652173913,0.46956521739130436,0.0,0.0,0.0,0.0,0.0,0.0,0.0,0.0,0.46774193548387094,0.4528301886792453,0.0,0.5391304347826087,0.4608695652173913,0.5778068222916015,0
INDUSTOWER,4,0.85,881,97,115,2025-03-28,2025-12-01,0.4782608695652174,0.49274047186932846,0.5238095238095238,0.4782608695652174,0.5789473684210527,33,36,22,24,0.4956521739130435,0.4956521739130435,0.0,0.0,0.0,0.0,0.0,0.0,0.0,0.0,0.4782608695652174,0.4782608695652174,0.0,0.6,0.4,1.0,0
INDUSTOWER,5,0.9,932,103,116,2025-08-04,2026-04-08,0.5344827586206896,0.5245901639344263,0.5263157894736842,0.5660377358490566,0.4918032786885246,30,23,32,31,0.46551724137931033,0.5775862068965517,0.0,0.0,0.0,0.0,0.0,0.0,0.0,0.0,0.5660377358490566,0.5079365079365079,0.0,0.45689655172413796,0.5431034482758621,0.1874006762594631,0
INDUSTOWER,6,0.95,984,109,58,2025-12-02,2026-04-08,0.5344827586206896,0.5698924731182796,0.5263157894736842,0.5769230769230769,0.4838709677419355,15,11,16,16,0.5172413793103449,0.5689655172413793,0.0,0.0,0.0,0.0,0.0,0.0,0.0,0.0,0.5769230769230769,0.5,0.0,0.4482758620689655,0.5517241379310345,1.0,0
BHARTIARTL,1,0.7,667,74,106,2024-03-14,2024-11-14,0.5471698113207547,0.5675287356321839,0.5555555555555556,0.6,0.5172413793103449,30,20,28,28,0.5094339622641509,0.3584905660377358,0.0,0.0,0.0,0.0,0.0,0.0,0.0,0.0,0.6,0.5,0.0,0.4716981132075472,0.5283018867924528,1.0,0
BHARTIARTL,2,0.75,715,79,106,2024-07-31,2025-03-20,0.5754716981132075,0.6043478260869565,0.6017699115044248,0.6415094339622641,0.5666666666666667,34,19,27,26,0.5094339622641509,0.49056603773584906,0.0,0.0,0.0,0.0,0.0,0.0,0.0,0.0,0.6415094339622641,0.5094339622641509,0.0,0.5,0.5,0.1915284538882677,0
BHARTIARTL,3,0.8,763,84,106,2024-11-22,2025-07-22,0.5849056603773585,0.5018328445747801,0.6901408450704225,0.6125,0.7903225806451613,49,31,13,13,0.46226415094339623,0.5754716981132075,0.0,0.0,0.0,0.0,0.0,0.0,0.0,0.0,0.6125,0.5,0.0,0.7547169811320755,0.24528301886792453,0.20592533920197137,0
BHARTIARTL,4,0.85,810,90,106,2025-03-21,2025-11-24,0.5660377358490566,0.5208564045773347,0.6973684210526315,0.5955056179775281,0.8412698412698413,53,36,7,10,0.5471698113207547,0.5943396226415094,0.0,0.0,0.0,0.0,0.0,0.0,0.0,0.0,0.5955056179775281,0.4117647058823529,0.0,0.839622641509434,0.16037735849056603,1.0,0
BHARTIARTL,5,0.9,858,95,106,2025-07-25,2026-04-09,0.5188679245283019,0.568270944741533,0.6433566433566433,0.5227272727272727,0.8363636363636363,46,42,9,9,0.5377358490566038,0.5188679245283019,0.0,0.0,0.0,0.0,0.0,0.0,0.0,0.0,0.5227272727272727,0.5,0.0,0.8301886792452831,0.16981132075471697,0.4082260224039622,0
BHARTIARTL,6,0.95,906,100,53,2025-11-25,2026-04-09,0.5471698113207547,0.658357771260997,0.625,0.47619047619047616,0.9090909090909091,20,22,9,2,0.5283018867924528,0.5471698113207547,0.0,0.0,0.0,0.0,0.0,0.0,0.0,0.0,0.47619047619047616,0.8181818181818181,0.0,0.7924528301886793,0.20754716981132076,0.4955999796205023,0
ULTRACEMCO,1,0.7,673,74,107,2024-04-26,2024-12-03,0.5794392523364486,0.5945378151260504,0.6341463414634146,0.582089552238806,0.6964285714285714,39,28,23,17,0.5420560747663551,0.4953271028037383,0.0,0.0,0.0,0.0,0.0,0.0,0.0,0.0,0.582089552238806,0.575,0.0,0.6261682242990654,0.37383177570093457,0.30025425718072746,0
ULTRACEMCO,2,0.75,721,80,106,2024-08-14,2025-03-11,0.5754716981132075,0.5993555316863588,0.6017699115044248,0.53125,0.6938775510204082,34,30,27,15,0.5,0.46226415094339623,0.0,0.0,0.0,0.0,0.0,0.0,0.0,0.0,0.53125,0.6428571428571428,0.0,0.6037735849056604,0.39622641509433965,0.6864156050819104,0
ULTRACEMCO,3,0.8,769,85,107,2024-12-04,2025-08-05,0.5233644859813084,0.5482180293501049,0.6046511627906976,0.52,0.7222222222222222,39,36,17,15,0.5420560747663551,0.4953271028037383,0.0,0.0,0.0,0.0,0.0,0.0,0.0,0.0,0.52,0.53125,0.0,0.7009345794392523,0.29906542056074764,0.4206618630082007,0
ULTRACEMCO,4,0.85,817,90,107,2025-03-12,2025-12-05,0.4953271028037383,0.48879551820728295,0.5714285714285714,0.48,0.7058823529411765,36,39,17,15,0.48598130841121495,0.514018691588785,0.0,0.0,0.0,0.0,0.0,0.0,0.0,0.0,0.48,0.53125,0.0,0.7009345794392523,0.29906542056074764,0.4429746565917558,0
ULTRACEMCO,5,0.9,865,96,107,2025-08-07,2026-04-16,0.5700934579439252,0.6232344632768362,0.6229508196721312,0.5135135135135135,0.7916666666666666,38,36,23,10,0.5046728971962616,0.5607476635514018,0.0,0.0,0.0,0.0,0.0,0.0,0.0,0.0,0.5135135135135135,0.696969696969697,0.0,0.6915887850467289,0.308411214953271,0.5853964885059442,0
ULTRACEMCO,6,0.95,913,101,54,2025-12-08,2026-04-16,0.48148148148148145,0.5212620027434842,0.5757575757575758,0.48717948717948717,0.7037037037037037,19,20,7,8,0.4444444444444444,0.48148148148148145,0.0,0.0,0.0,0.0,0.0,0.0,0.0,0.0,0.48717948717948717,0.4666666666666667,0.0,0.7222222222222222,0.2777777777777778,0.5902514805925902,0
GRASIM,1,0.7,698,77,111,2024-04-05,2024-11-19,0.5585585585585585,0.5875409836065574,0.6474820143884892,0.5769230769230769,0.7377049180327869,45,33,17,16,0.5315315315315315,0.5855855855855856,0.0,0.0,0.0,0.0,0.0,0.0,0.0,0.0,0.5769230769230769,0.5151515151515151,0.0,0.7027027027027027,0.2972972972972973,0.3866145854312505,0
GRASIM,2,0.75,748,83,110,2024-08-05,2025-03-19,0.4727272727272727,0.45157024793388434,0.6027397260273972,0.4835164835164835,0.8,44,47,8,11,0.43636363636363634,0.5272727272727272,0.0,0.0,0.0,0.0,0.0,0.0,0.0,0.0,0.4835164835164835,0.42105263157894735,0.0,0.8272727272727273,0.17272727272727273,0.559191890334803,0
GRASIM,3,0.8,798,88,111,2024-11-22,2025-07-18,0.5045045045045045,0.4749512036434613,0.6357615894039735,0.4897959183673469,0.9056603773584906,48,50,8,5,0.46846846846846846,0.46846846846846846,0.0,0.0,0.0,0.0,0.0,0.0,0.0,0.0,0.4897959183673469,0.6153846153846154,0.0,0.8828828828828829,0.11711711711711711,0.27567544804032884,0
GRASIM,4,0.85,847,94,111,2025-03-21,2025-12-02,0.4954954954954955,0.48536109303838654,0.5882352941176471,0.4819277108433735,0.7547169811320755,40,43,15,13,0.5225225225225225,0.4774774774774775,0.0,0.0,0.0,0.0,0.0,0.0,0.0,0.0,0.4819277108433735,0.5357142857142857,0.0,0.7477477477477478,0.25225225225225223,1.0,0
GRASIM,5,0.9,898,99,111,2025-07-21,2026-04-16,0.5405405405405406,0.6005204944697463,0.6165413533834586,0.5125,0.7735849056603774,41,39,19,12,0.5675675675675675,0.5225225225225225,0.0,0.0,0.0,0.0,0.0,0.0,0.0,0.0,0.5125,0.6129032258064516,0.0,0.7207207207207207,0.27927927927927926,1.4527313226872691,0
GRASIM,6,0.95,947,105,56,2025-12-04,2026-04-16,0.5,0.5756410256410257,0.5757575757575758,0.475,0.7307692307692307,19,21,9,7,0.5,0.5892857142857143,0.0,0.0,0.0,0.0,0.0,0.0,0.0,0.0,0.475,0.5625,0.0,0.7142857142857143,0.2857142857142857,0.7155894050194984,0
AMBUJACEM,1,0.7,717,79,114,2024-05-03,2024-12-13,0.4824561403508772,0.5886699507389163,0.6289308176100629,0.49504950495049505,0.8620689655172413,50,51,5,8,0.5175438596491229,0.5087719298245614,0.0,0.0,0.0,0.0,0.0,0.0,0.0,0.0,0.49504950495049505,0.3846153846153846,0.0,0.8859649122807017,0.11403508771929824,0.3912617473350574,0
AMBUJACEM,2,0.75,768,85,114,2024-08-20,2025-04-07,0.4649122807017544,0.480603448275862,0.5960264900662252,0.47368421052631576,0.8035714285714286,45,50,8,11,0.5789473684210527,0.49122807017543857,0.0,0.0,0.0,0.0,0.0,0.0,0.0,0.0,0.47368421052631576,0.42105263157894735,0.0,0.8333333333333334,0.16666666666666666,0.38474560548671094,0
AMBUJACEM,3,0.8,819,91,114,2024-12-16,2025-08-07,0.5526315789473685,0.5529556650246306,0.6530612244897959,0.5393258426966292,0.8275862068965517,48,41,15,10,0.5263157894736842,0.5263157894736842,0.0,0.0,0.0,0.0,0.0,0.0,0.0,0.0,0.5393258426966292,0.6,0.0,0.7807017543859649,0.21929824561403508,0.4403444986923931,0
AMBUJACEM,4,0.85,871,96,114,2025-04-08,2025-12-10,0.5526315789473685,0.5195409429280397,0.5984251968503937,0.5066666666666667,0.7307692307692307,38,37,25,14,0.543859649122807,0.5,0.0,0.0,0.0,0.0,0.0,0.0,0.0,0.0,0.5066666666666667,0.641025641025641,0.0,0.6578947368421053,0.34210526315789475,0.6729179942180434,0
AMBUJACEM,5,0.9,922,102,114,2025-08-08,2026-04-16,0.4298245614035088,0.4354788069073783,0.48,0.39473684210526316,0.6122448979591837,30,46,19,19,0.41228070175438597,0.5526315789473685,0.0,0.0,0.0,0.0,0.0,0.0,0.0,0.0,0.39473684210526316,0.5,0.0,0.6666666666666666,0.3333333333333333,0.43935499471026784,0
AMBUJACEM,6,0.95,973,108,57,2025-12-11,2026-04-16,0.47368421052631576,0.5172839506172839,0.53125,0.4594594594594595,0.6296296296296297,17,20,10,10,0.38596491228070173,0.5087719298245614,0.0,0.0,0.0,0.0,0.0,0.0,0.0,0.0,0.4594594594594595,0.5,0.0,0.6491228070175439,0.3508771929824561,0.3875364547160545,0
TITAN,1,0.7,771,85,122,2024-01-09,2024-09-25,0.5,0.4456168831168832,0.5481481481481482,0.5362318840579711,0.5606060606060606,37,32,24,29,0.5327868852459017,0.45901639344262296,0.0,0.0,0.0,0.0,0.0,0.0,0.0,0.0,0.5362318840579711,0.4528301886792453,0.0,0.5655737704918032,0.4344262295081967,1.0,0
TITAN,2,0.75,826,91,122,2024-05-22,2025-02-05,0.4672131147540984,0.48494623655913977,0.5185185185185185,0.4794520547945205,0.5645161290322581,35,38,22,27,0.48360655737704916,0.4918032786885246,0.0,0.0,0.0,0.0,0.0,0.0,0.0,0.0,0.4794520547945205,0.44897959183673475,0.0,0.5983606557377049,0.4016393442622951,0.10000660285425449,0
TITAN,3,0.8,881,97,122,2024-09-26,2025-06-23,0.4918032786885246,0.5506465517241379,0.5921052631578947,0.4787234042553192,0.7758620689655172,45,49,15,13,0.48360655737704916,0.48360655737704916,0.0,0.0,0.0,0.0,0.0,0.0,0.0,0.0,0.4787234042553192,0.5357142857142857,0.0,0.7704918032786885,0.22950819672131148,0.4445558211356824,0
TITAN,4,0.85,936,103,122,2025-02-06,2025-11-18,0.5409836065573771,0.5595910680656443,0.6,0.5454545454545454,0.6666666666666666,42,35,24,21,0.5737704918032787,0.5081967213114754,0.0,0.0,0.0,0.0,0.0,0.0,0.0,0.0,0.5454545454545454,0.5333333333333333,0.0,0.6311475409836066,0.36885245901639346,1.0,0
TITAN,5,0.9,990,110,123,2025-06-24,2026-04-16,0.5284552845528455,0.5463453389830508,0.5606060606060606,0.5441176470588235,0.578125,37,31,28,27,0.5365853658536586,0.5121951219512195,0.0,0.0,0.0,0.0,0.0,0.0,0.0,0.0,0.5441176470588235,0.509090909090909,0.0,0.5528455284552846,0.44715447154471544,0.12655575549858444,0
TITAN,6,0.95,1045,116,62,2025-11-19,2026-04-16,0.46774193548387094,0.45473465140478664,0.49230769230769234,0.47058823529411764,0.5161290322580645,16,18,13,15,0.43548387096774194,0.5161290322580645,0.0,0.0,0.0,0.0,0.0,0.0,0.0,0.0,0.47058823529411764,0.4642857142857143,0.0,0.5483870967741935,0.45161290322580644,0.32164977491665464,0
SHREECEM,1,0.7,683,75,108,2024-03-18,2024-11-08,0.4444444444444444,0.46106346483704974,0.53125,0.4533333333333333,0.6415094339622641,34,41,14,19,0.46296296296296297,0.42592592592592593,0.0,0.0,0.0,0.0,0.0,0.0,0.0,0.0,0.4533333333333333,0.4242424242424242,0.0,0.6944444444444444,0.3055555555555556,0.3865814297865651,0
SHREECEM,2,0.75,731,81,108,2024-08-01,2025-03-04,0.46296296296296297,0.4355281207133059,0.546875,0.47297297297297297,0.6481481481481481,35,39,15,19,0.4537037037037037,0.46296296296296297,0.0,0.0,0.0,0.0,0.0,0.0,0.0,0.0,0.47297297297297297,0.4411764705882353,0.0,0.6851851851851852,0.3148148148148148,0.7364056123522108,0
SHREECEM,3,0.8,780,86,108,2024-11-12,2025-07-25,0.5462962962962963,0.5113324175824177,0.5950413223140496,0.5538461538461539,0.6428571428571429,36,29,23,20,0.5092592592592593,0.5185185185185185,0.0,0.0,0.0,0.0,0.0,0.0,0.0,0.0,0.5538461538461539,0.5348837209302326,0.0,0.6018518518518519,0.39814814814814814,1.0,0
SHREECEM,4,0.85,828,92,108,2025-03-11,2025-12-10,0.4444444444444444,0.4330294530154278,0.5454545454545454,0.4186046511627907,0.782608695652174,36,50,12,10,0.4722222222222222,0.42592592592592593,0.0,0.0,0.0,0.0,0.0,0.0,0.0,0.0,0.4186046511627907,0.5454545454545454,0.0,0.7962962962962963,0.2037037037037037,1.0,0
SHREECEM,5,0.9,877,97,109,2025-07-28,2026-04-16,0.4954128440366973,0.5653061224489796,0.5736434108527132,0.4625,0.7551020408163265,37,43,17,12,0.48623853211009177,0.5321100917431193,0.0,0.0,0.0,0.0,0.0,0.0,0.0,0.0,0.4625,0.5862068965517242,0.0,0.7339449541284404,0.26605504587155965,0.3261293372209496,0
SHREECEM,6,0.95,926,102,55,2025-12-11,2026-04-16,0.6181818181818182,0.5862068965517242,0.6956521739130435,0.6,0.8275862068965517,24,16,10,5,0.6,0.4909090909090909,0.0,0.0,0.0,0.0,0.0,0.0,0.0,0.0,0.6,0.6666666666666667,0.0,0.7272727272727273,0.2727272727272727,1.0,0
ASIANPAINT,1,0.7,749,83,119,2024-01-09,2024-11-06,0.5210084033613446,0.5248728094968909,0.5777777777777777,0.527027027027027,0.639344262295082,39,35,23,22,0.4789915966386555,0.5546218487394958,0.0,0.0,0.0,0.0,0.0,0.0,0.0,0.0,0.527027027027027,0.5111111111111111,0.0,0.6218487394957983,0.37815126050420167,0.4768627353809656,0
ASIANPAINT,2,0.75,802,89,119,2024-06-26,2025-03-11,0.5630252100840336,0.5891938250428816,0.59375,0.5066666666666667,0.7169811320754716,38,37,29,15,0.5210084033613446,0.5630252100840336,0.0,0.0,0.0,0.0,0.0,0.0,0.0,0.0,0.5066666666666667,0.6590909090909092,0.0,0.6302521008403361,0.3697478991596639,0.2667871227840784,0
ASIANPAINT,3,0.8,856,95,119,2024-11-07,2025-07-23,0.5042016806722689,0.5660377358490566,0.5354330708661418,0.4594594594594595,0.6415094339622641,34,40,26,19,0.5126050420168067,0.5126050420168067,0.0,0.0,0.0,0.0,0.0,0.0,0.0,0.0,0.4594594594594595,0.5777777777777777,0.0,0.6218487394957983,0.37815126050420167,0.3796233186692946,0
ASIANPAINT,4,0.85,909,101,119,2025-03-12,2025-12-08,0.47058823529411764,0.46038483305036787,0.5116279069767442,0.4925373134328358,0.532258064516129,33,34,23,29,0.5210084033613446,0.453781512605042,0.0,0.0,0.0,0.0,0.0,0.0,0.0,0.0,0.4925373134328358,0.4423076923076923,0.0,0.5630252100840336,0.4369747899159664,0.6832488221106174,0
ASIANPAINT,5,0.9,963,107,119,2025-07-24,2026-04-16,0.4789915966386555,0.45816845675522894,0.46551724137931033,0.46551724137931033,0.46551724137931033,27,31,30,31,0.4789915966386555,0.5210084033613446,0.0,0.0,0.0,0.0,0.0,0.0,0.0,0.0,0.46551724137931033,0.4918032786885246,0.0,0.48739495798319327,0.5126050420168067,0.25832332701665806,0
ASIANPAINT,6,0.95,1017,112,60,2025-12-10,2026-04-16,0.5333333333333333,0.590347923681257,0.36363636363636365,0.47058823529411764,0.2962962962962963,8,9,24,19,0.5333333333333333,0.55,0.0,0.0,0.0,0.0,0.0,0.0,0.0,0.0,0.47058823529411764,0.5581395348837209,0.0,0.2833333333333333,0.7166666666666667,1.0,0
PIDILITIND,1,0.7,769,85,122,2024-01-12,2024-10-04,0.5245901639344263,0.48483981693363853,0.5671641791044776,0.6551724137931034,0.5,38,20,26,38,0.4918032786885246,0.3770491803278688,0.0,0.0,0.0,0.0,0.0,0.0,0.0,0.0,0.6551724137931034,0.40625,0.0,0.47540983606557374,0.5245901639344263,2.5154959778288477,0
PIDILITIND,2,0.75,824,91,122,2024-06-03,2025-01-31,0.5163934426229508,0.5651821862348179,0.48695652173913045,0.56,0.4307692307692308,28,22,35,37,0.5819672131147541,0.4672131147540984,0.0,0.0,0.0,0.0,0.0,0.0,0.0,0.0,0.56,0.48611111111111116,0.0,0.4098360655737705,0.5901639344262295,1.0,0
PIDILITIND,3,0.8,879,97,122,2024-10-07,2025-06-13,0.4672131147540984,0.4990502035278155,0.5578231292517006,0.44565217391304346,0.7454545454545455,41,51,16,14,0.48360655737704916,0.5245901639344263,0.0,0.0,0.0,0.0,0.0,0.0,0.0,0.0,0.44565217391304346,0.5333333333333333,0.0,0.7540983606557377,0.2459016393442623,0.6276583903083838,0
PIDILITIND,4,0.85,934,103,122,2025-02-01,2025-11-21,0.5,0.5224643529728276,0.6114649681528662,0.4897959183673469,0.8135593220338984,48,50,13,11,0.47540983606557374,0.47540983606557374,0.0,0.0,0.0,0.0,0.0,0.0,0.0,0.0,0.4897959183673469,0.5416666666666667,0.0,0.8032786885245902,0.19672131147540983,0.3015600406740545,0
PIDILITIND,5,0.9,989,109,122,2025-06-16,2026-04-16,0.5081967213114754,0.5286521388216303,0.625,0.5154639175257731,0.7936507936507936,50,47,12,13,0.5245901639344263,0.5163934426229508,0.0,0.0,0.0,0.0,0.0,0.0,0.0,0.0,0.5154639175257731,0.48,0.0,0.7950819672131147,0.20491803278688525,1.0,0
PIDILITIND,6,0.95,1044,115,61,2025-11-25,2026-04-16,0.4426229508196721,0.4344086021505376,0.45161290322580644,0.45161290322580644,0.45161290322580644,14,17,13,17,0.5081967213114754,0.5081967213114754,0.0,0.0,0.0,0.0,0.0,0.0,0.0,0.0,0.45161290322580644,0.43333333333333335,0.0,0.5081967213114754,0.4918032786885246,0.10000660285425449,0
BERGEPAINT,1,0.7,769,85,122,2023-12-28,2024-10-14,0.5491803278688525,0.5642701525054467,0.6666666666666666,0.5670103092783505,0.8088235294117647,55,42,12,13,0.5327868852459017,0.5491803278688525,0.0,0.0,0.0,0.0,0.0,0.0,0.0,0.0,0.5670103092783505,0.48,0.0,0.7950819672131147,0.20491803278688525,0.23990344615213355,0
BERGEPAINT,2,0.75,824,91,122,2024-06-04,2025-02-13,0.5409836065573771,0.5430283224400873,0.6455696202531646,0.5666666666666667,0.75,51,39,15,17,0.6147540983606558,0.5573770491803278,0.0,0.0,0.0,0.0,0.0,0.0,0.0,0.0,0.5666666666666667,0.46875,0.0,0.7377049180327869,0.26229508196721313,0.4555201464228839,0
BERGEPAINT,3,0.8,879,97,122,2024-10-15,2025-07-14,0.48360655737704916,0.4841397849462366,0.5827814569536424,0.4835164835164835,0.7333333333333333,44,47,15,16,0.45901639344262296,0.5245901639344263,0.0,0.0,0.0,0.0,0.0,0.0,0.0,0.0,0.4835164835164835,0.4838709677419355,0.0,0.7459016393442623,0.2540983606557377,0.42355399672963345,0
BERGEPAINT,4,0.85,934,103,122,2025-02-14,2025-11-18,0.5491803278688525,0.5334051724137931,0.6451612903225806,0.5494505494505495,0.78125,50,41,17,14,0.5081967213114754,0.5,0.0,0.0,0.0,0.0,0.0,0.0,0.0,0.0,0.5494505494505495,0.5483870967741935,0.0,0.7459016393442623,0.2540983606557377,0.40531661524955764,0
BERGEPAINT,5,0.9,989,109,122,2025-07-15,2026-04-16,0.5327868852459017,0.5549242424242424,0.5289256198347108,0.49230769230769234,0.5714285714285714,32,33,33,24,0.4672131147540984,0.48360655737704916,0.0,0.0,0.0,0.0,0.0,0.0,0.0,0.0,0.49230769230769234,0.5789473684210527,0.0,0.5327868852459017,0.4672131147540984,0.5019976104626445,0
BERGEPAINT,6,0.95,1044,115,61,2025-11-20,2026-04-16,0.47540983606557374,0.5371621621621621,0.4666666666666667,0.3888888888888889,0.5833333333333334,14,22,15,10,0.5081967213114754,0.5573770491803278,0.0,0.0,0.0,0.0,0.0,0.0,0.0,0.0,0.3888888888888889,0.6,0.0,0.5901639344262295,0.4098360655737705,1.0,0
VOLTAS,1,0.7,828,92,132,2024-02-12,2024-10-25,0.5454545454545454,0.5691425841891569,0.5945945945945946,0.6376811594202898,0.5569620253164557,44,25,28,35,0.5075757575757576,0.5227272727272727,0.0,0.0,0.0,0.0,0.0,0.0,0.0,0.0,0.6376811594202898,0.4444444444444444,0.0,0.5227272727272727,0.4772727272727273,0.3555715179543988,0
VOLTAS,2,0.75,888,98,131,2024-06-26,2025-02-14,0.5572519083969466,0.5613339552238806,0.5857142857142857,0.5616438356164384,0.6119402985074627,41,32,32,26,0.5419847328244275,0.5190839694656488,0.0,0.0,0.0,0.0,0.0,0.0,0.0,0.0,0.5616438356164384,0.5517241379310345,0.0,0.5572519083969466,0.44274809160305345,1.0,0
VOLTAS,3,0.8,947,105,131,2024-10-28,2025-07-01,0.44274809160305345,0.48085901027077493,0.5290322580645161,0.44565217391304346,0.6507936507936508,41,51,17,22,0.42748091603053434,0.48091603053435117,0.0,0.0,0.0,0.0,0.0,0.0,0.0,0.0,0.44565217391304346,0.4358974358974359,0.0,0.7022900763358778,0.29770992366412213,0.29263106805309874,0
VOLTAS,4,0.85,1006,111,132,2025-02-17,2025-11-25,0.5,0.5077064642282034,0.5975609756097561,0.5157894736842106,0.7101449275362319,49,46,17,20,0.4393939393939394,0.5227272727272727,0.0,0.0,0.0,0.0,0.0,0.0,0.0,0.0,0.5157894736842106,0.45945945945945943,0.0,0.7196969696969697,0.2803030303030303,1.0,0
VOLTAS,5,0.9,1065,118,132,2025-07-02,2026-04-16,0.5378787878787878,0.5654871323529411,0.6211180124223602,0.5376344086021505,0.7352941176470589,50,43,21,18,0.4621212121212121,0.5151515151515151,0.0,0.0,0.0,0.0,0.0,0.0,0.0,0.0,0.5376344086021505,0.5384615384615384,0.0,0.7045454545454546,0.29545454545454547,1.0,0
VOLTAS,6,0.95,1125,124,66,2025-11-26,2026-04-16,0.5606060606060606,0.5496323529411765,0.6027397260273972,0.5641025641025641,0.6470588235294118,22,17,15,12,0.5303030303030303,0.5151515151515151,0.0,0.0,0.0,0.0,0.0,0.0,0.0,0.0,0.5641025641025641,0.5555555555555556,0.0,0.5909090909090909,0.4090909090909091,0.6263700483860103,0
PAGEIND,1,0.7,818,90,130,2023-12-12,2024-10-01,0.5,0.5150867189356143,0.6107784431137725,0.5204081632653061,0.7391304347826086,51,47,14,18,0.49230769230769234,0.5,0.0,0.0,0.0,0.0,0.0,0.0,0.0,0.0,0.5204081632653061,0.4375,0.0,0.7538461538461538,0.24615384615384617,1.0,0
PAGEIND,2,0.75,876,97,130,2024-05-17,2025-02-11,0.49230769230769234,0.4706581135661677,0.5217391304347826,0.5217391304347826,0.5217391304347826,36,33,28,33,0.5769230769230769,0.5076923076923077,0.0,0.0,0.0,0.0,0.0,0.0,0.0,0.0,0.5217391304347826,0.4590163934426229,0.0,0.5307692307692308,0.46923076923076923,1.0,0
PAGEIND,3,0.8,935,103,130,2024-10-07,2025-06-26,0.5230769230769231,0.5430952380952381,0.5230769230769231,0.5666666666666667,0.4857142857142857,34,26,34,36,0.5846153846153846,0.5384615384615384,0.0,0.0,0.0,0.0,0.0,0.0,0.0,0.0,0.5666666666666667,0.48571428571428577,0.0,0.46153846153846156,0.5384615384615384,1.0,0
PAGEIND,4,0.85,993,110,130,2025-02-12,2025-11-13,0.5153846153846153,0.5060412224591329,0.5039370078740157,0.5,0.5079365079365079,32,32,35,31,0.47692307692307695,0.47692307692307695,0.0,0.0,0.0,0.0,0.0,0.0,0.0,0.0,0.5,0.5303030303030303,0.0,0.49230769230769234,0.5076923076923077,0.2690200764942308,0
PAGEIND,5,0.9,1052,116,130,2025-06-30,2026-04-16,0.5307692307692308,0.5833333333333333,0.5611510791366906,0.4588235294117647,0.7222222222222222,39,46,30,15,0.5307692307692308,0.46923076923076923,0.0,0.0,0.0,0.0,0.0,0.0,0.0,0.0,0.4588235294117647,0.6666666666666667,0.0,0.6538461538461539,0.34615384615384615,0.5809508026394606,0
PAGEIND,6,0.95,1110,123,65,2025-11-14,2026-04-16,0.4461538461538462,0.4171597633136095,0.5,0.391304347826087,0.6923076923076923,18,28,11,8,0.4,0.38461538461538464,0.0,0.0,0.0,0.0,0.0,0.0,0.0,0.0,0.391304347826087,0.5789473684210527,0.0,0.7076923076923077,0.2923076923076923,0.44367479274895266,0
DLF,1,0.7,865,96,137,2023-11-30,2024-09-19,0.41605839416058393,0.3751131221719457,0.4936708860759494,0.5342465753424658,0.4588235294117647,39,34,18,46,0.5255474452554745,0.40145985401459855,0.0,0.0,0.0,0.0,0.0,0.0,0.0,0.0,0.5342465753424658,0.28125,0.0,0.5328467153284672,0.46715328467153283,1.0,0
DLF,2,0.75,927,102,138,2024-04-26,2025-01-24,0.5434782608695652,0.4835978835978836,0.6802030456852792,0.5491803278688525,0.8933333333333333,67,55,8,8,0.4782608695652174,0.5434782608695652,0.0,0.0,0.0,0.0,0.0,0.0,0.0,0.0,0.5491803278688525,0.5,0.0,0.8840579710144928,0.11594202898550725,0.16062516986908534,0
DLF,3,0.8,989,109,137,2024-09-20,2025-06-17,0.48175182481751827,0.5364605543710022,0.6282722513089005,0.49586776859504134,0.8571428571428571,60,61,6,10,0.5328467153284672,0.5109489051094891,0.0,0.0,0.0,0.0,0.0,0.0,0.0,0.0,0.49586776859504134,0.375,0.0,0.8832116788321168,0.11678832116788321,0.3704048295682462,0
DLF,4,0.85,1051,116,137,2025-01-27,2025-11-11,0.5401459854014599,0.5924657534246577,0.6480446927374302,0.5043478260869565,0.90625,58,57,16,6,0.5401459854014599,0.45985401459854014,0.0,0.0,0.0,0.0,0.0,0.0,0.0,0.0,0.5043478260869565,0.7272727272727273,0.0,0.8394160583941606,0.16058394160583941,0.4176004984572937,0
DLF,5,0.9,1112,123,138,2025-06-18,2026-04-16,0.4492753623188406,0.5489982578397212,0.5421686746987951,0.4090909090909091,0.8035714285714286,45,65,17,11,0.4782608695652174,0.4057971014492754,0.0,0.0,0.0,0.0,0.0,0.0,0.0,0.0,0.4090909090909091,0.6071428571428572,0.0,0.7971014492753623,0.2028985507246377,1.0,0
DLF,6,0.95,1174,130,69,2025-11-12,2026-04-16,0.4492753623188406,0.45259391771019675,0.525,0.3888888888888889,0.8076923076923077,21,33,10,5,0.4057971014492754,0.4057971014492754,0.0,0.0,0.0,0.0,0.0,0.0,0.0,0.0,0.3888888888888889,0.6666666666666667,0.0,0.782608695652174,0.21739130434782608,1.0,0
DMART,1,0.7,797,88,127,2023-12-15,2024-09-24,0.5748031496062992,0.5338383838383839,0.6197183098591549,0.6285714285714286,0.6111111111111112,44,26,29,28,0.5590551181102362,0.4330708661417323,0.0,0.0,0.0,0.0,0.0,0.0,0.0,0.0,0.6285714285714286,0.5087719298245614,0.0,0.5511811023622047,0.44881889763779526,1.0,0
DMART,2,0.75,854,94,127,2024-05-24,2025-02-03,0.49606299212598426,0.5015037593984963,0.49206349206349204,0.4492753623188406,0.543859649122807,31,38,32,26,0.44881889763779526,0.4566929133858268,0.0,0.0,0.0,0.0,0.0,0.0,0.0,0.0,0.4492753623188406,0.5517241379310345,0.0,0.5433070866141733,0.4566929133858268,0.10000660285425449,0
DMART,3,0.8,911,101,126,2024-09-25,2025-06-24,0.4365079365079365,0.4418367346938775,0.49645390070921985,0.4117647058823529,0.625,35,50,20,21,0.4444444444444444,0.47619047619047616,0.0,0.0,0.0,0.0,0.0,0.0,0.0,0.0,0.4117647058823529,0.4878048780487805,0.0,0.6746031746031746,0.3253968253968254,0.4683014558957013,0
DMART,4,0.85,968,107,126,2025-02-04,2025-11-18,0.47619047619047616,0.4891633064516129,0.5540540540540541,0.47674418604651164,0.6612903225806451,41,45,19,21,0.4444444444444444,0.49206349206349204,0.0,0.0,0.0,0.0,0.0,0.0,0.0,0.0,0.47674418604651164,0.475,0.0,0.6825396825396826,0.31746031746031744,1.0,0
DMART,5,0.9,1025,113,127,2025-06-25,2026-04-16,0.44881889763779526,0.4662977867203219,0.5138888888888888,0.42045454545454547,0.6607142857142857,37,51,20,19,0.4645669291338583,0.5590551181102362,0.0,0.0,0.0,0.0,0.0,0.0,0.0,0.0,0.42045454545454547,0.5128205128205128,0.0,0.6929133858267716,0.30708661417322836,0.4232455988732363,0
DMART,6,0.95,1081,120,64,2025-11-19,2026-04-16,0.53125,0.530049261083744,0.4444444444444444,0.48,0.41379310344827586,12,13,22,17,0.421875,0.546875,0.0,0.0,0.0,0.0,0.0,0.0,0.0,0.0,0.48,0.5641025641025641,0.0,0.390625,0.609375,1.0,0
GODREJPROP,1,0.7,873,96,139,2024-01-04,2024-10-08,0.6115107913669064,0.5554854981084489,0.7,0.6176470588235294,0.8076923076923077,63,39,22,15,0.5971223021582733,0.5611510791366906,0.0,0.0,0.0,0.0,0.0,0.0,0.0,0.0,0.6176470588235294,0.5945945945945945,0.0,0.7338129496402878,0.26618705035971224,1.0,0
GODREJPROP,2,0.75,935,103,139,2024-06-03,2025-02-10,0.5107913669064749,0.5416149068322982,0.6091954022988506,0.5047619047619047,0.7681159420289855,53,52,18,16,0.5251798561151079,0.49640287769784175,0.0,0.0,0.0,0.0,0.0,0.0,0.0,0.0,0.5047619047619047,0.5294117647058824,0.0,0.7553956834532374,0.2446043165467626,0.15280275093186294,0
GODREJPROP,3,0.8,998,110,138,2024-10-09,2025-07-15,0.4420289855072464,0.4935883960479294,0.574585635359116,0.45614035087719296,0.7761194029850746,52,62,9,15,0.5144927536231884,0.4855072463768116,0.0,0.0,0.0,0.0,0.0,0.0,0.0,0.0,0.45614035087719296,0.375,0.0,0.8260869565217391,0.17391304347826086,0.4784421692036995,0
GODREJPROP,4,0.85,1060,117,138,2025-02-11,2025-11-20,0.4855072463768116,0.4498633592600379,0.5988700564971752,0.4818181818181818,0.7910447761194029,53,57,14,14,0.5072463768115942,0.4855072463768116,0.0,0.0,0.0,0.0,0.0,0.0,0.0,0.0,0.4818181818181818,0.5,0.0,0.7971014492753623,0.2028985507246377,1.0,0
GODREJPROP,5,0.9,1122,124,139,2025-07-16,2026-04-16,0.5179856115107914,0.526875,0.6455026455026455,0.488,0.953125,61,64,11,3,0.5467625899280576,0.45323741007194246,0.0,0.0,0.0,0.0,0.0,0.0,0.0,0.0,0.488,0.7857142857142857,0.0,0.8992805755395683,0.10071942446043165,1.0,0
GODREJPROP,6,0.95,1184,131,70,2025-11-21,2026-04-16,0.5857142857142857,0.6134868421052632,0.6506024096385542,0.5294117647058824,0.84375,27,24,14,5,0.6142857142857143,0.6,0.0,0.0,0.0,0.0,0.0,0.0,0.0,0.0,0.5294117647058824,0.736842105263158,0.0,0.7285714285714285,0.2714285714285714,1.0,0
ADANIENT,1,0.7,819,90,130,2023-12-27,2024-10-16,0.5461538461538461,0.5614783226723525,0.6467065868263473,0.54,0.8059701492537313,54,46,17,13,0.5,0.49230769230769234,0.0,0.0,0.0,0.0,0.0,0.0,0.0,0.0,0.54,0.5666666666666667,0.0,0.7692307692307693,0.23076923076923078,0.681067451765368,0
ADANIENT,2,0.75,877,97,130,2024-05-17,2025-02-11,0.6230769230769231,0.6190476190476191,0.6573426573426573,0.5875,0.746031746031746,47,33,34,16,0.5384615384615384,0.49230769230769234,0.0,0.0,0.0,0.0,0.0,0.0,0.0,0.0,0.5875,0.6799999999999999,0.0,0.6153846153846154,0.38461538461538464,0.6258998619824876,0
ADANIENT,3,0.8,936,103,130,2024-10-18,2025-07-02,0.5461538461538461,0.5326704545454545,0.6289308176100629,0.5376344086021505,0.7575757575757576,50,43,21,16,0.43846153846153846,0.5230769230769231,0.0,0.0,0.0,0.0,0.0,0.0,0.0,0.0,0.5376344086021505,0.5675675675675675,0.0,0.7153846153846154,0.2846153846153846,0.18232896226085293,0
ADANIENT,4,0.85,994,110,130,2025-02-12,2025-11-25,0.5461538461538461,0.5730952380952381,0.609271523178808,0.5054945054945055,0.7666666666666667,46,45,25,14,0.49230769230769234,0.5307692307692308,0.0,0.0,0.0,0.0,0.0,0.0,0.0,0.0,0.5054945054945055,0.641025641025641,0.0,0.7,0.3,0.4481774408192435,0
ADANIENT,5,0.9,1053,116,130,2025-07-03,2026-04-16,0.49230769230769234,0.5308880308880309,0.47619047619047616,0.42857142857142855,0.5357142857142857,30,40,34,26,0.5,0.5,0.0,0.0,0.0,0.0,0.0,0.0,0.0,0.0,0.42857142857142855,0.5666666666666667,0.0,0.5384615384615384,0.46153846153846156,0.5145647698849555,0
ADANIENT,6,0.95,1111,123,65,2025-11-26,2026-04-16,0.6153846153846154,0.6214421252371916,0.6268656716417911,0.5833333333333334,0.6774193548387096,21,15,19,10,0.5076923076923077,0.5538461538461539,0.0,0.0,0.0,0.0,0.0,0.0,0.0,0.0,0.5833333333333334,0.6551724137931034,0.0,0.5538461538461539,0.4461538461538462,0.2964405339090204,0
ADANIPORTS,1,0.7,708,78,113,2024-05-09,2024-12-13,0.49557522123893805,0.5056426332288402,0.4864864864864865,0.5094339622641509,0.46551724137931033,27,26,29,31,0.48672566371681414,0.48672566371681414,0.0,0.0,0.0,0.0,0.0,0.0,0.0,0.0,0.5094339622641509,0.4833333333333333,0.0,0.4690265486725664,0.5309734513274337,1.0,0
ADANIPORTS,2,0.75,759,84,112,2024-09-12,2025-03-28,0.5178571428571429,0.5248387096774194,0.5423728813559322,0.47058823529411764,0.64,32,36,26,18,0.5535714285714286,0.5267857142857143,0.0,0.0,0.0,0.0,0.0,0.0,0.0,0.0,0.47058823529411764,0.5909090909090908,0.0,0.6071428571428571,0.39285714285714285,0.599161183846645,0
ADANIPORTS,3,0.8,810,89,112,2024-12-16,2025-08-05,0.5535714285714286,0.576309067688378,0.6268656716417911,0.525,0.7777777777777778,42,38,20,12,0.49107142857142855,0.5625,0.0,0.0,0.0,0.0,0.0,0.0,0.0,0.0,0.525,0.625,0.0,0.7142857142857143,0.2857142857142857,0.38318388662238617,0
ADANIPORTS,4,0.85,860,95,112,2025-04-03,2025-12-12,0.5357142857142857,0.5529336734693877,0.5666666666666667,0.53125,0.6071428571428571,34,30,26,22,0.5446428571428571,0.5625,0.0,0.0,0.0,0.0,0.0,0.0,0.0,0.0,0.53125,0.5416666666666667,0.0,0.5714285714285714,0.42857142857142855,1.0,0
ADANIPORTS,5,0.9,910,101,113,2025-08-06,2026-04-16,0.5309734513274337,0.5731324544883866,0.43010752688172044,0.5128205128205128,0.37037037037037035,20,19,40,34,0.4424778761061947,0.5575221238938053,0.0,0.0,0.0,0.0,0.0,0.0,0.0,0.0,0.5128205128205128,0.5405405405405406,0.0,0.34513274336283184,0.6548672566371682,0.2603338977071615,0
ADANIPORTS,6,0.95,961,106,57,2025-12-15,2026-04-16,0.543859649122807,0.5062034739454094,0.5,0.5,0.5,13,13,18,13,0.47368421052631576,0.5263157894736842,0.0,0.0,0.0,0.0,0.0,0.0,0.0,0.0,0.5,0.5806451612903225,0.0,0.45614035087719296,0.543859649122807,0.10000660285425449,0
BEL,1,0.7,745,82,118,2024-05-07,2024-12-17,0.5932203389830508,0.6103110599078342,0.6756756756756757,0.5813953488372093,0.8064516129032258,50,36,20,12,0.4745762711864407,0.5932203389830508,0.0,0.0,0.0,0.0,0.0,0.0,0.0,0.0,0.5813953488372093,0.625,0.0,0.7288135593220338,0.2711864406779661,0.22754063578918973,0
BEL,2,0.75,798,88,118,2024-08-26,2025-04-08,0.5169491525423728,0.4972582972582973,0.6122448979591837,0.4891304347826087,0.8181818181818182,45,47,16,10,0.5338983050847458,0.4576271186440678,0.0,0.0,0.0,0.0,0.0,0.0,0.0,0.0,0.4891304347826087,0.6153846153846154,0.0,0.7796610169491526,0.22033898305084745,0.46239804262169854,0
BEL,3,0.8,851,94,118,2024-12-18,2025-08-04,0.4661016949152542,0.4144585253456221,0.5935483870967742,0.46464646464646464,0.8214285714285714,46,53,9,10,0.5254237288135594,0.4745762711864407,0.0,0.0,0.0,0.0,0.0,0.0,0.0,0.0,0.46464646464646464,0.4736842105263158,0.0,0.8389830508474576,0.16101694915254236,1.0,0
BEL,4,0.85,904,100,118,2025-04-09,2025-11-25,0.4745762711864407,0.4917748917748918,0.5,0.4492753623188406,0.5636363636363636,31,38,25,24,0.5254237288135594,0.5,0.0,0.0,0.0,0.0,0.0,0.0,0.0,0.0,0.4492753623188406,0.5102040816326531,0.0,0.5847457627118644,0.4152542372881356,0.5321244219887608,0
BEL,5,0.9,957,106,119,2025-08-05,2026-04-16,0.4117647058823529,0.4779286926994907,0.46153846153846156,0.410958904109589,0.5263157894736842,30,43,19,27,0.44537815126050423,0.5462184873949579,0.0,0.0,0.0,0.0,0.0,0.0,0.0,0.0,0.410958904109589,0.4130434782608695,0.0,0.6134453781512605,0.3865546218487395,0.703117834150536,0
BEL,6,0.95,1010,112,60,2025-11-26,2026-04-16,0.45,0.5233333333333334,0.47619047619047616,0.45454545454545453,0.5,15,18,12,15,0.4166666666666667,0.5666666666666667,0.0,0.0,0.0,0.0,0.0,0.0,0.0,0.0,0.45454545454545453,0.4444444444444444,0.0,0.55,0.45,1.0,0
HAL,1,0.7,733,81,117,2024-05-03,2024-12-10,0.46153846153846156,0.47163742690058486,0.5190839694656488,0.4788732394366197,0.5666666666666667,34,37,20,26,0.49572649572649574,0.48717948717948717,0.0,0.0,0.0,0.0,0.0,0.0,0.0,0.0,0.4788732394366197,0.4347826086956522,0.0,0.6068376068376068,0.39316239316239315,0.4526523454448576,0
HAL,2,0.75,786,87,116,2024-08-21,2025-03-28,0.5344827586206896,0.5894768133174791,0.6582278481012658,0.52,0.896551724137931,52,48,10,6,0.5517241379310345,0.5258620689655172,0.0,0.0,0.0,0.0,0.0,0.0,0.0,0.0,0.52,0.625,0.0,0.8620689655172413,0.13793103448275862,0.4122568443071938,0
HAL,3,0.8,838,93,116,2024-12-16,2025-07-24,0.5603448275862069,0.5648038049940547,0.6909090909090909,0.5327102803738317,0.9827586206896551,57,50,8,1,0.5689655172413793,0.5,0.0,0.0,0.0,0.0,0.0,0.0,0.0,0.0,0.5327102803738317,0.8888888888888888,0.0,0.9224137931034483,0.07758620689655173,1.0,0
HAL,4,0.85,891,98,116,2025-04-02,2025-12-03,0.4827586206896552,0.4848214285714286,0.6052631578947368,0.4791666666666667,0.8214285714285714,46,50,10,10,0.4396551724137931,0.4827586206896552,0.0,0.0,0.0,0.0,0.0,0.0,0.0,0.0,0.4791666666666667,0.5,0.0,0.8275862068965517,0.1724137931034483,0.6216608656890333,0
HAL,5,0.9,943,104,117,2025-07-25,2026-04-16,0.4444444444444444,0.46639392168322613,0.5517241379310345,0.46511627906976744,0.6779661016949152,40,46,12,19,0.4700854700854701,0.48717948717948717,0.0,0.0,0.0,0.0,0.0,0.0,0.0,0.0,0.46511627906976744,0.3870967741935484,0.0,0.7350427350427351,0.26495726495726496,0.4543711181803661,0
HAL,6,0.95,995,110,59,2025-12-04,2026-04-16,0.5254237288135594,0.5161290322580645,0.6818181818181818,0.5263157894736842,0.967741935483871,30,27,1,1,0.5423728813559322,0.5254237288135594,0.0,0.0,0.0,0.0,0.0,0.0,0.0,0.0,0.5263157894736842,0.5,0.0,0.9661016949152542,0.03389830508474576,1.0,0
IRFC,1,0.7,462,51,74,2024-12-19,2025-05-21,0.5135135135135135,0.48235294117647054,0.47058823529411764,0.47058823529411764,0.47058823529411764,16,18,22,18,0.527027027027027,0.44594594594594594,0.0,0.0,0.0,0.0,0.0,0.0,0.0,0.0,0.47058823529411764,0.55,0.0,0.4594594594594595,0.5405405405405406,0.3311197891293902,0
IRFC,2,0.75,495,55,73,2025-03-03,2025-08-04,0.5753424657534246,0.4371212121212121,0.3111111111111111,0.5833333333333334,0.21212121212121213,7,5,35,26,0.5205479452054794,0.547945205479452,0.0,0.0,0.0,0.0,0.0,0.0,0.0,0.0,0.5833333333333334,0.5737704918032787,0.0,0.1643835616438356,0.8356164383561644,0.10000660285425449,0
IRFC,3,0.8,529,58,73,2025-05-23,2025-10-27,0.5753424657534246,0.5511627906976745,0.4918032786885246,0.4838709677419355,0.5,15,16,27,15,0.547945205479452,0.589041095890411,0.0,0.0,0.0,0.0,0.0,0.0,0.0,0.0,0.4838709677419355,0.6428571428571428,0.0,0.4246575342465753,0.5753424657534246,0.13136147135181853,0
IRFC,4,0.85,561,62,74,2025-08-05,2026-01-13,0.5405405405405406,0.449404761904762,0.15,0.375,0.09375,3,5,37,29,0.6081081081081081,0.5405405405405406,0.0,0.0,0.0,0.0,0.0,0.0,0.0,0.0,0.375,0.5606060606060606,0.0,0.10810810810810811,0.8918918918918919,0.28349044648861094,0
IRFC,5,0.9,594,66,74,2025-10-28,2026-04-16,0.6081081081081081,0.5768942235558889,0.5245901639344263,0.5333333333333333,0.5161290322580645,16,14,29,15,0.5675675675675675,0.581081081081081,0.0,0.0,0.0,0.0,0.0,0.0,0.0,0.0,0.5333333333333333,0.6590909090909092,0.0,0.40540540540540543,0.5945945945945946,0.6658181121766378,0
IRFC,6,0.95,628,69,37,2026-01-19,2026-04-16,0.5675675675675675,0.6,0.5,0.47058823529411764,0.5333333333333333,8,9,13,7,0.5135135135135135,0.5945945945945946,0.0,0.0,0.0,0.0,0.0,0.0,0.0,0.0,0.47058823529411764,0.65,0.0,0.4594594594594595,0.5405405405405406,0.5954434440323869,0
ETERNAL,1,0.7,462,51,73,2025-02-01,2025-06-16,0.6301369863013698,0.6319758672699849,0.64,0.5853658536585366,0.7058823529411765,24,17,22,10,0.589041095890411,0.5616438356164384,0.0,0.0,0.0,0.0,0.0,0.0,0.0,0.0,0.5853658536585366,0.6875,0.0,0.5616438356164384,0.4383561643835616,0.3796812783816171,0
ETERNAL,2,0.75,495,54,74,2025-04-17,2025-08-21,0.6081081081081081,0.5244704163623083,0.6419753086419753,0.5909090909090909,0.7027027027027027,26,18,19,11,0.5135135135135135,0.6216216216216216,0.0,0.0,0.0,0.0,0.0,0.0,0.0,0.0,0.5909090909090909,0.6333333333333333,0.0,0.5945945945945946,0.40540540540540543,0.43740325866143215,0
ETERNAL,3,0.8,528,58,73,2025-06-17,2025-11-11,0.4794520547945205,0.445945945945946,0.5128205128205128,0.4878048780487805,0.5405405405405406,20,21,15,17,0.5205479452054794,0.5068493150684932,0.0,0.0,0.0,0.0,0.0,0.0,0.0,0.0,0.4878048780487805,0.46875,0.0,0.5616438356164384,0.4383561643835616,0.3910856174991856,0
ETERNAL,4,0.85,561,62,73,2025-08-25,2026-02-03,0.5205479452054794,0.4804511278195489,0.5679012345679012,0.5,0.6571428571428571,23,23,15,12,0.5205479452054794,0.5205479452054794,0.0,0.0,0.0,0.0,0.0,0.0,0.0,0.0,0.5,0.5555555555555556,0.0,0.6301369863013698,0.3698630136986301,1.0,0
ETERNAL,5,0.9,594,65,74,2025-11-12,2026-04-16,0.4864864864864865,0.49689440993788825,0.4722222222222222,0.38636363636363635,0.6071428571428571,17,27,19,11,0.43243243243243246,0.6216216216216216,0.0,0.0,0.0,0.0,0.0,0.0,0.0,0.0,0.38636363636363635,0.6333333333333333,0.0,0.5945945945945946,0.40540540540540543,1.0,0
ETERNAL,6,0.95,627,69,37,2026-02-04,2026-04-16,0.43243243243243246,0.48666666666666664,0.46153846153846156,0.3333333333333333,0.75,9,18,7,3,0.3783783783783784,0.40540540540540543,0.0,0.0,0.0,0.0,0.0,0.0,0.0,0.0,0.3333333333333333,0.7,0.0,0.7297297297297297,0.2702702702702703,1.0,0
