symbol,window_id,train_ratio,train_size,val_size,test_size,test_start,test_end,oos_accuracy,auc,f1,precision,recall,tp,fp,tn,fn,lgbm_acc,xgb_acc,lstm_acc,bilstm_acc,gru_acc,cnn_lstm_acc,cnn_gru_acc,tcn_gru_acc,tcn_transformer_acc,nbeats_acc,dir_acc_up,dir_acc_down,pct_neutral,pct_up,pct_down,temperature,dl_models_trained
HDFCBANK,1,0.7,640,71,101,2024-02-28,2024-11-01,0.49504950495049505,0.45975609756097563,0.5321100917431193,0.5918367346938775,0.48333333333333334,29,20,21,31,0.49504950495049505,0.5247524752475248,0.0,0.0,0.0,0.0,0.0,0.0,0.0,0.0,0.5918367346938775,0.40384615384615385,0.0,0.48514851485148514,0.5148514851485149,0.10000660285425449,0
HDFCBANK,2,0.75,686,76,101,2024-07-09,2025-02-21,0.39603960396039606,0.36399371069182396,0.46956521739130436,0.43548387096774194,0.5094339622641509,27,35,13,26,0.42574257425742573,0.5247524752475248,0.0,0.0,0.0,0.0,0.0,0.0,0.0,0.0,0.43548387096774194,0.33333333333333337,0.0,0.6138613861386139,0.38613861386138615,0.15590377781648848,0
HDFCBANK,3,0.8,731,81,102,2024-11-04,2025-07-14,0.45098039215686275,0.4161490683229814,0.4909090909090909,0.5,0.48214285714285715,27,27,19,29,0.5,0.45098039215686275,0.0,0.0,0.0,0.0,0.0,0.0,0.0,0.0,0.5,0.39583333333333337,0.0,0.5294117647058824,0.47058823529411764,1.0,0
HDFCBANK,4,0.85,777,86,102,2025-02-28,2025-12-10,0.5294117647058824,0.5068979109184075,0.6065573770491803,0.5873015873015873,0.6271186440677966,37,26,17,22,0.5490196078431373,0.5784313725490197,0.0,0.0,0.0,0.0,0.0,0.0,0.0,0.0,0.5873015873015873,0.4358974358974359,0.0,0.6176470588235294,0.38235294117647056,1.0,0
HDFCBANK,5,0.9,823,91,102,2025-07-16,2026-04-21,0.5098039215686274,0.5469785575048733,0.5454545454545454,0.46153846153846156,0.6666666666666666,30,35,22,15,0.5,0.4411764705882353,0.0,0.0,0.0,0.0,0.0,0.0,0.0,0.0,0.46153846153846156,0.5945945945945945,0.0,0.6372549019607843,0.3627450980392157,0.2862402708824027,0
HDFCBANK,6,0.95,869,96,51,2025-12-12,2026-04-21,0.47058823529411764,0.6094276094276094,0.509090909090909,0.3783783783783784,0.7777777777777778,14,23,10,4,0.5294117647058824,0.37254901960784315,0.0,0.0,0.0,0.0,0.0,0.0,0.0,0.0,0.3783783783783784,0.7142857142857143,0.0,0.7254901960784313,0.27450980392156865,0.27753434824534096,0
ICICIBANK,1,0.7,644,71,102,2024-02-19,2024-10-25,0.5490196078431373,0.4928571428571428,0.6515151515151515,0.5972222222222222,0.7166666666666667,43,29,13,17,0.5392156862745098,0.5686274509803921,0.0,0.0,0.0,0.0,0.0,0.0,0.0,0.0,0.5972222222222222,0.43333333333333335,0.0,0.7058823529411765,0.29411764705882354,0.44391444972955657,0
ICICIBANK,2,0.75,690,76,102,2024-07-02,2025-03-12,0.5294117647058824,0.5279503105590062,0.6,0.5625,0.6428571428571429,36,28,18,20,0.5196078431372549,0.5196078431372549,0.0,0.0,0.0,0.0,0.0,0.0,0.0,0.0,0.5625,0.4736842105263158,0.0,0.6274509803921569,0.37254901960784315,0.5484083968023263,0
ICICIBANK,3,0.8,736,81,102,2024-10-28,2025-07-21,0.5392156862745098,0.5644290123456791,0.6115702479338843,0.5522388059701493,0.6851851851851852,37,30,18,17,0.5784313725490197,0.5294117647058824,0.0,0.0,0.0,0.0,0.0,0.0,0.0,0.0,0.5522388059701493,0.5142857142857142,0.0,0.6568627450980392,0.3431372549019608,0.3453317729566445,0
ICICIBANK,4,0.85,782,86,102,2025-03-13,2025-12-02,0.47058823529411764,0.43538461538461537,0.625,0.4787234042553192,0.9,45,49,3,5,0.5392156862745098,0.46078431372549017,0.0,0.0,0.0,0.0,0.0,0.0,0.0,0.0,0.4787234042553192,0.375,0.0,0.9215686274509803,0.0784313725490196,0.24155696869353097,0
ICICIBANK,5,0.9,828,91,103,2025-07-22,2026-04-21,0.46601941747572817,0.45075757575757575,0.6206896551724138,0.4639175257731959,0.9375,45,52,3,3,0.5145631067961165,0.46601941747572817,0.0,0.0,0.0,0.0,0.0,0.0,0.0,0.0,0.4639175257731959,0.5,0.0,0.941747572815534,0.05825242718446602,0.5717649430540603,0
ICICIBANK,6,0.95,873,97,52,2025-12-04,2026-04-21,0.4423076923076923,0.4556213017751479,0.6027397260273972,0.46808510638297873,0.8461538461538461,22,25,1,4,0.4807692307692308,0.5,0.0,0.0,0.0,0.0,0.0,0.0,0.0,0.0,0.46808510638297873,0.19999999999999996,0.0,0.9038461538461539,0.09615384615384616,2.6655152952198,0
SBIN,1,0.7,678,75,108,2024-03-20,2024-11-07,0.5185185185185185,0.5305114638447971,0.6176470588235294,0.5753424657534246,0.6666666666666666,42,31,14,21,0.46296296296296297,0.5740740740740741,0.0,0.0,0.0,0.0,0.0,0.0,0.0,0.0,0.5753424657534246,0.4,0.0,0.6759259259259259,0.32407407407407407,0.3403328776101245,0
SBIN,2,0.75,727,80,108,2024-07-19,2025-02-21,0.46296296296296297,0.5203448275862068,0.546875,0.44871794871794873,0.7,35,43,15,15,0.46296296296296297,0.5833333333333334,0.0,0.0,0.0,0.0,0.0,0.0,0.0,0.0,0.44871794871794873,0.5,0.0,0.7222222222222222,0.2777777777777778,0.5601292687154957,0
SBIN,3,0.8,775,86,108,2024-11-08,2025-07-14,0.5185185185185185,0.546639231824417,0.6486486486486487,0.5106382978723404,0.8888888888888888,48,46,8,6,0.5462962962962963,0.5555555555555556,0.0,0.0,0.0,0.0,0.0,0.0,0.0,0.0,0.5106382978723404,0.5714285714285714,0.0,0.8703703703703703,0.12962962962962962,0.5271125240033175,0
SBIN,4,0.85,824,91,108,2025-02-24,2025-12-04,0.5277777777777778,0.5357643758765778,0.6530612244897959,0.5647058823529412,0.7741935483870968,48,37,9,14,0.5555555555555556,0.5740740740740741,0.0,0.0,0.0,0.0,0.0,0.0,0.0,0.0,0.5647058823529412,0.3913043478260869,0.0,0.7870370370370371,0.21296296296296297,1.0,0
SBIN,5,0.9,873,96,108,2025-07-15,2026-04-21,0.49074074074074076,0.47583774250440913,0.6153846153846154,0.55,0.6984126984126984,44,36,9,19,0.5277777777777778,0.5833333333333334,0.0,0.0,0.0,0.0,0.0,0.0,0.0,0.0,0.55,0.3214285714285714,0.0,0.7407407407407407,0.25925925925925924,1.0,0
SBIN,6,0.95,921,102,54,2025-12-05,2026-04-21,0.5925925925925926,0.45596590909090917,0.7027027027027027,0.6190476190476191,0.8125,26,16,6,6,0.5925925925925926,0.4444444444444444,0.0,0.0,0.0,0.0,0.0,0.0,0.0,0.0,0.6190476190476191,0.5,0.0,0.7777777777777778,0.2222222222222222,0.4171266578042159,0
AXISBANK,1,0.7,700,77,111,2024-03-05,2024-11-04,0.5225225225225225,0.4720234222511385,0.6074074074074074,0.5324675324675324,0.7068965517241379,41,36,17,17,0.4864864864864865,0.5495495495495496,0.0,0.0,0.0,0.0,0.0,0.0,0.0,0.0,0.5324675324675324,0.5,0.0,0.6936936936936937,0.3063063063063063,0.5549519513716795,0
AXISBANK,2,0.75,750,83,111,2024-07-16,2025-03-21,0.4144144144144144,0.4360655737704918,0.4715447154471545,0.3972602739726027,0.58,29,44,17,21,0.3963963963963964,0.46846846846846846,0.0,0.0,0.0,0.0,0.0,0.0,0.0,0.0,0.3972602739726027,0.4473684210526315,0.0,0.6576576576576577,0.34234234234234234,0.22441596286945115,0
AXISBANK,3,0.8,800,88,111,2024-11-05,2025-07-30,0.44144144144144143,0.5322473404255319,0.5441176470588235,0.4157303370786517,0.7872340425531915,37,52,12,10,0.46846846846846846,0.46846846846846846,0.0,0.0,0.0,0.0,0.0,0.0,0.0,0.0,0.4157303370786517,0.5454545454545454,0.0,0.8018018018018018,0.1981981981981982,0.28368728304388,0
AXISBANK,4,0.85,850,94,111,2025-03-24,2025-12-05,0.4864864864864865,0.5207792207792208,0.6122448979591837,0.4945054945054945,0.8035714285714286,45,46,9,11,0.4954954954954955,0.5315315315315315,0.0,0.0,0.0,0.0,0.0,0.0,0.0,0.0,0.4945054945054945,0.44999999999999996,0.0,0.8198198198198198,0.18018018018018017,1.0,0
AXISBANK,5,0.9,900,99,112,2025-07-31,2026-04-16,0.5803571428571429,0.559002238567317,0.6466165413533834,0.581081081081081,0.7288135593220338,43,31,22,16,0.5,0.5357142857142857,0.0,0.0,0.0,0.0,0.0,0.0,0.0,0.0,0.581081081081081,0.5789473684210527,0.0,0.6607142857142857,0.3392857142857143,1.0,0
AXISBANK,6,0.95,950,105,56,2025-12-10,2026-04-16,0.6607142857142857,0.6360153256704981,0.6779661016949152,0.625,0.7407407407407407,20,12,17,7,0.6428571428571429,0.5535714285714286,0.0,0.0,0.0,0.0,0.0,0.0,0.0,0.0,0.625,0.7083333333333333,0.0,0.5714285714285714,0.42857142857142855,1.0,0
INDUSINDBK,1,0.7,735,81,117,2024-03-18,2024-12-13,0.5384615384615384,0.47530864197530864,0.625,0.5,0.8333333333333334,45,45,18,9,0.5299145299145299,0.46153846153846156,0.0,0.0,0.0,0.0,0.0,0.0,0.0,0.0,0.5,0.6666666666666667,0.0,0.7692307692307693,0.23076923076923078,0.4207328882109091,0
INDUSINDBK,2,0.75,788,87,116,2024-08-14,2025-04-09,0.4827586206896552,0.5160523186682522,0.6052631578947368,0.48936170212765956,0.7931034482758621,46,48,10,12,0.39655172413793105,0.5,0.0,0.0,0.0,0.0,0.0,0.0,0.0,0.0,0.48936170212765956,0.4545454545454546,0.0,0.8103448275862069,0.1896551724137931,1.0,0
INDUSINDBK,3,0.8,840,93,117,2024-12-16,2025-08-04,0.5213675213675214,0.4541446208112875,0.6585365853658537,0.5346534653465347,0.8571428571428571,54,47,7,9,0.48717948717948717,0.5384615384615384,0.0,0.0,0.0,0.0,0.0,0.0,0.0,0.0,0.5346534653465347,0.4375,0.0,0.8632478632478633,0.13675213675213677,1.0,0
INDUSINDBK,4,0.85,892,99,117,2025-04-16,2025-12-03,0.5128205128205128,0.48479532163742683,0.6174496644295302,0.5168539325842697,0.7666666666666667,46,43,14,14,0.46153846153846156,0.5128205128205128,0.0,0.0,0.0,0.0,0.0,0.0,0.0,0.0,0.5168539325842697,0.5,0.0,0.7606837606837606,0.23931623931623933,1.0,0
INDUSINDBK,5,0.9,945,105,117,2025-08-05,2026-04-21,0.5128205128205128,0.4918176504967855,0.5714285714285714,0.5066666666666667,0.6551724137931034,38,37,22,20,0.452991452991453,0.5128205128205128,0.0,0.0,0.0,0.0,0.0,0.0,0.0,0.0,0.5066666666666667,0.5238095238095238,0.0,0.6410256410256411,0.358974358974359,0.5000095585036667,0
INDUSINDBK,6,0.95,998,110,59,2025-12-04,2026-04-21,0.3898305084745763,0.3640552995391705,0.5135135135135135,0.4418604651162791,0.6129032258064516,19,24,4,12,0.5254237288135594,0.423728813559322,0.0,0.0,0.0,0.0,0.0,0.0,0.0,0.0,0.4418604651162791,0.25,0.0,0.7288135593220338,0.2711864406779661,0.15175112907976593,0
KOTAKBANK,1,0.7,673,74,107,2024-03-05,2024-11-13,0.514018691588785,0.561576354679803,0.5,0.5652173913043478,0.4482758620689655,26,20,29,32,0.5700934579439252,0.5794392523364486,0.0,0.0,0.0,0.0,0.0,0.0,0.0,0.0,0.5652173913043478,0.47540983606557374,0.0,0.42990654205607476,0.5700934579439252,0.5779459261614632,0
KOTAKBANK,2,0.75,721,80,106,2024-07-16,2025-03-19,0.5471698113207547,0.5989285714285714,0.5471698113207547,0.58,0.5178571428571429,29,21,29,27,0.4811320754716981,0.5754716981132075,0.0,0.0,0.0,0.0,0.0,0.0,0.0,0.0,0.58,0.5178571428571428,0.0,0.4716981132075472,0.5283018867924528,0.6962231272761302,0
KOTAKBANK,3,0.8,769,85,107,2024-11-14,2025-07-23,0.5514018691588785,0.5861344537815126,0.5714285714285714,0.5714285714285714,0.5714285714285714,32,24,27,24,0.4672897196261682,0.5233644859813084,0.0,0.0,0.0,0.0,0.0,0.0,0.0,0.0,0.5714285714285714,0.5294117647058824,0.0,0.5233644859813084,0.4766355140186916,0.4248005483193281,0
KOTAKBANK,4,0.85,817,90,107,2025-03-20,2025-11-27,0.45794392523364486,0.5351063829787233,0.48214285714285715,0.4153846153846154,0.574468085106383,27,38,22,20,0.4953271028037383,0.4392523364485981,0.0,0.0,0.0,0.0,0.0,0.0,0.0,0.0,0.4153846153846154,0.5238095238095238,0.0,0.6074766355140186,0.3925233644859813,0.22537526381278886,0
KOTAKBANK,5,0.9,865,96,107,2025-07-24,2026-04-21,0.5887850467289719,0.6031746031746031,0.5849056603773585,0.5,0.7045454545454546,31,31,32,13,0.5887850467289719,0.5514018691588785,0.0,0.0,0.0,0.0,0.0,0.0,0.0,0.0,0.5,0.7111111111111111,0.0,0.5794392523364486,0.4205607476635514,0.5157160596085415,0
KOTAKBANK,6,0.95,913,101,54,2025-12-03,2026-04-21,0.5555555555555556,0.5667613636363636,0.5,0.46153846153846156,0.5454545454545454,12,14,18,10,0.5555555555555556,0.48148148148148145,0.0,0.0,0.0,0.0,0.0,0.0,0.0,0.0,0.46153846153846156,0.6428571428571428,0.0,0.48148148148148145,0.5185185185185185,1.0,0
BANDHANBNK,1,0.7,769,85,122,2024-05-09,2024-12-02,0.6065573770491803,0.6304112554112553,0.5555555555555556,0.5769230769230769,0.5357142857142857,30,22,44,26,0.5901639344262295,0.5819672131147541,0.0,0.0,0.0,0.0,0.0,0.0,0.0,0.0,0.5769230769230769,0.6285714285714286,0.0,0.4262295081967213,0.5737704918032787,1.0,0
BANDHANBNK,2,0.75,824,91,122,2024-08-23,2025-04-02,0.5081967213114754,0.5260977630488816,0.47368421052631576,0.42857142857142855,0.5294117647058824,27,36,35,24,0.5081967213114754,0.47540983606557374,0.0,0.0,0.0,0.0,0.0,0.0,0.0,0.0,0.42857142857142855,0.5932203389830508,0.0,0.5163934426229508,0.48360655737704916,0.4069827753888189,0
BANDHANBNK,3,0.8,879,97,122,2024-12-03,2025-07-29,0.4672131147540984,0.4751696065128901,0.49612403100775193,0.43243243243243246,0.5818181818181818,32,42,25,23,0.48360655737704916,0.45081967213114754,0.0,0.0,0.0,0.0,0.0,0.0,0.0,0.0,0.43243243243243246,0.5208333333333333,0.0,0.6065573770491803,0.39344262295081966,1.0,0
BANDHANBNK,4,0.85,934,103,122,2025-04-03,2025-11-27,0.5081967213114754,0.5017774131802024,0.4444444444444444,0.43636363636363634,0.4528301886792453,24,31,38,29,0.5163934426229508,0.5491803278688525,0.0,0.0,0.0,0.0,0.0,0.0,0.0,0.0,0.43636363636363634,0.5671641791044777,0.0,0.45081967213114754,0.5491803278688525,0.47226889637983627,0
BANDHANBNK,5,0.9,989,109,122,2025-07-31,2026-04-16,0.5245901639344263,0.47050865800865804,0.23684210526315788,0.45,0.16071428571428573,9,11,55,47,0.5737704918032787,0.4918032786885246,0.0,0.0,0.0,0.0,0.0,0.0,0.0,0.0,0.45,0.5392156862745099,0.0,0.16393442622950818,0.8360655737704918,0.2547069976522557,0
BANDHANBNK,6,0.95,1044,115,61,2025-12-02,2026-04-16,0.45901639344262296,0.5881720430107527,0.10810810810810811,0.3333333333333333,0.06451612903225806,2,4,26,29,0.4426229508196721,0.47540983606557374,0.0,0.0,0.0,0.0,0.0,0.0,0.0,0.0,0.3333333333333333,0.4727272727272728,0.0,0.09836065573770492,0.9016393442622951,0.2721064380804332,0
IDFCFIRSTB,1,0.7,740,82,118,2024-04-04,2024-12-16,0.4491525423728814,0.46695526695526696,0.4444444444444444,0.41935483870967744,0.4727272727272727,26,36,27,29,0.4745762711864407,0.4661016949152542,0.0,0.0,0.0,0.0,0.0,0.0,0.0,0.0,0.41935483870967744,0.4821428571428571,0.0,0.5254237288135594,0.4745762711864407,0.28927377981099833,0
IDFCFIRSTB,2,0.75,793,88,117,2024-08-27,2025-04-02,0.5726495726495726,0.5667447306791569,0.6212121212121212,0.5394736842105263,0.7321428571428571,41,35,26,15,0.49572649572649574,0.5042735042735043,0.0,0.0,0.0,0.0,0.0,0.0,0.0,0.0,0.5394736842105263,0.6341463414634146,0.0,0.6495726495726496,0.3504273504273504,1.0,0
IDFCFIRSTB,3,0.8,846,94,117,2024-12-17,2025-08-05,0.46153846153846156,0.48475073313782996,0.45217391304347826,0.43333333333333335,0.4727272727272727,26,34,28,29,0.4700854700854701,0.4700854700854701,0.0,0.0,0.0,0.0,0.0,0.0,0.0,0.0,0.43333333333333335,0.49122807017543857,0.0,0.5128205128205128,0.48717948717948717,0.5415121233668398,0
IDFCFIRSTB,4,0.85,899,99,118,2025-04-03,2025-12-08,0.4915254237288136,0.45892597968069665,0.47368421052631576,0.4426229508196721,0.5094339622641509,27,34,31,26,0.5254237288135594,0.4491525423728814,0.0,0.0,0.0,0.0,0.0,0.0,0.0,0.0,0.4426229508196721,0.543859649122807,0.0,0.5169491525423728,0.4830508474576271,1.0,0
IDFCFIRSTB,5,0.9,952,105,118,2025-08-06,2026-04-21,0.423728813559322,0.44722461892436005,0.423728813559322,0.4098360655737705,0.43859649122807015,25,36,25,32,0.4322033898305085,0.423728813559322,0.0,0.0,0.0,0.0,0.0,0.0,0.0,0.0,0.4098360655737705,0.4385964912280702,0.0,0.5169491525423728,0.4830508474576271,1.0,0
IDFCFIRSTB,6,0.95,1005,111,59,2025-12-09,2026-04-21,0.576271186440678,0.5597701149425287,0.5283018867924528,0.6086956521739131,0.4666666666666667,14,9,20,16,0.5084745762711864,0.5423728813559322,0.0,0.0,0.0,0.0,0.0,0.0,0.0,0.0,0.6086956521739131,0.5555555555555556,0.0,0.3898305084745763,0.6101694915254238,0.48782524549471284,0
FEDERALBNK,1,0.7,705,78,112,2024-02-06,2024-10-21,0.4732142857142857,0.46390374331550804,0.5426356589147286,0.5737704918032787,0.5147058823529411,35,26,18,33,0.5625,0.42857142857142855,0.0,0.0,0.0,0.0,0.0,0.0,0.0,0.0,0.5737704918032787,0.3529411764705882,0.0,0.5446428571428571,0.45535714285714285,0.3389582920863885,0
FEDERALBNK,2,0.75,756,83,112,2024-06-19,2025-03-03,0.5089285714285714,0.4924461587913854,0.5864661654135338,0.5416666666666666,0.639344262295082,39,33,18,22,0.4732142857142857,0.5,0.0,0.0,0.0,0.0,0.0,0.0,0.0,0.0,0.5416666666666666,0.44999999999999996,0.0,0.6428571428571429,0.35714285714285715,0.42443630720394887,0
FEDERALBNK,3,0.8,806,89,112,2024-10-24,2025-07-11,0.5089285714285714,0.5485312899106003,0.5801526717557252,0.4935064935064935,0.7037037037037037,38,39,19,16,0.5357142857142857,0.5178571428571429,0.0,0.0,0.0,0.0,0.0,0.0,0.0,0.0,0.4935064935064935,0.5428571428571429,0.0,0.6875,0.3125,0.36737484178466884,0
FEDERALBNK,4,0.85,856,95,112,2025-03-04,2025-12-05,0.5178571428571429,0.48557692307692313,0.6493506493506493,0.5319148936170213,0.8333333333333334,50,44,8,10,0.4732142857142857,0.5357142857142857,0.0,0.0,0.0,0.0,0.0,0.0,0.0,0.0,0.5319148936170213,0.4444444444444444,0.0,0.8392857142857143,0.16071428571428573,0.5989909915901728,0
FEDERALBNK,5,0.9,907,100,112,2025-07-14,2026-04-16,0.5089285714285714,0.477981356477017,0.5985401459854015,0.5394736842105263,0.6721311475409836,41,35,16,20,0.49107142857142855,0.5446428571428571,0.0,0.0,0.0,0.0,0.0,0.0,0.0,0.0,0.5394736842105263,0.4444444444444444,0.0,0.6785714285714286,0.32142857142857145,1.0,0
FEDERALBNK,6,0.95,957,106,56,2025-12-08,2026-04-16,0.5714285714285714,0.5900383141762452,0.5862068965517241,0.5862068965517241,0.5862068965517241,17,12,15,12,0.42857142857142855,0.4642857142857143,0.0,0.0,0.0,0.0,0.0,0.0,0.0,0.0,0.5862068965517241,0.5555555555555556,0.0,0.5178571428571429,0.48214285714285715,0.38076821222960794,0
BAJAJFINSV,1,0.7,686,76,109,2024-04-23,2024-12-16,0.48623853211009177,0.4617985125084516,0.5942028985507246,0.5125,0.7068965517241379,41,39,12,17,0.5137614678899083,0.5229357798165137,0.0,0.0,0.0,0.0,0.0,0.0,0.0,0.0,0.5125,0.4137931034482759,0.0,0.7339449541284404,0.26605504587155965,1.0,0
BAJAJFINSV,2,0.75,735,81,109,2024-08-26,2025-04-16,0.47706422018348627,0.42323232323232324,0.5511811023622047,0.4861111111111111,0.6363636363636364,35,37,17,20,0.45871559633027525,0.48623853211009177,0.0,0.0,0.0,0.0,0.0,0.0,0.0,0.0,0.4861111111111111,0.45945945945945943,0.0,0.6605504587155964,0.3394495412844037,1.0,0
BAJAJFINSV,3,0.8,784,87,109,2024-12-17,2025-07-29,0.46788990825688076,0.4804713804713805,0.5538461538461539,0.47368421052631576,0.6666666666666666,36,40,15,18,0.44036697247706424,0.44954128440366975,0.0,0.0,0.0,0.0,0.0,0.0,0.0,0.0,0.47368421052631576,0.4545454545454546,0.0,0.6972477064220184,0.30275229357798167,1.0,0
BAJAJFINSV,4,0.85,833,92,109,2025-04-17,2025-12-02,0.45871559633027525,0.4861859838274933,0.5203252032520326,0.45714285714285713,0.6037735849056604,32,38,18,21,0.5321100917431193,0.48623853211009177,0.0,0.0,0.0,0.0,0.0,0.0,0.0,0.0,0.45714285714285713,0.46153846153846156,0.0,0.6422018348623854,0.3577981651376147,1.0,0
BAJAJFINSV,5,0.9,882,98,109,2025-07-30,2026-04-21,0.5229357798165137,0.5419202163624071,0.559322033898305,0.4925373134328358,0.6470588235294118,33,34,24,18,0.43119266055045874,0.5412844036697247,0.0,0.0,0.0,0.0,0.0,0.0,0.0,0.0,0.4925373134328358,0.5714285714285714,0.0,0.6146788990825688,0.3853211009174312,1.0,0
BAJAJFINSV,6,0.95,931,103,55,2025-12-04,2026-04-21,0.41818181818181815,0.5026881720430108,0.5,0.4,0.6666666666666666,16,24,7,8,0.509090909090909,0.4727272727272727,0.0,0.0,0.0,0.0,0.0,0.0,0.0,0.0,0.4,0.4666666666666667,0.0,0.7272727272727273,0.2727272727272727,0.4612510454677837,0
AUBANK,1,0.7,742,82,118,2024-05-08,2025-01-03,0.4915254237288136,0.47330447330447334,0.4827586206896552,0.45901639344262296,0.509090909090909,28,33,30,27,0.5677966101694916,0.5169491525423728,0.0,0.0,0.0,0.0,0.0,0.0,0.0,0.0,0.45901639344262296,0.5263157894736843,0.0,0.5169491525423728,0.4830508474576271,0.19630635292305393,0
AUBANK,2,0.75,795,88,118,2024-09-17,2025-04-29,0.5254237288135594,0.5477503628447025,0.5087719298245614,0.47540983606557374,0.5471698113207547,29,32,33,24,0.4745762711864407,0.5423728813559322,0.0,0.0,0.0,0.0,0.0,0.0,0.0,0.0,0.47540983606557374,0.5789473684210527,0.0,0.5169491525423728,0.4830508474576271,0.28136537982657783,0
AUBANK,3,0.8,848,94,118,2025-01-06,2025-08-13,0.5932203389830508,0.6078713013501866,0.6065573770491803,0.5873015873015873,0.6271186440677966,37,26,33,22,0.5,0.5084745762711864,0.0,0.0,0.0,0.0,0.0,0.0,0.0,0.0,0.5873015873015873,0.6,0.0,0.5338983050847458,0.4661016949152542,0.5356344068056402,0
AUBANK,4,0.85,901,100,118,2025-05-05,2025-12-10,0.559322033898305,0.5665223665223665,0.559322033898305,0.6,0.5238095238095238,33,22,33,30,0.5169491525423728,0.4661016949152542,0.0,0.0,0.0,0.0,0.0,0.0,0.0,0.0,0.6,0.5238095238095238,0.0,0.4661016949152542,0.5338983050847458,1.0,0
AUBANK,5,0.9,954,106,118,2025-08-14,2026-04-21,0.5084745762711864,0.4920634920634921,0.46296296296296297,0.5555555555555556,0.3968253968253968,25,20,35,38,0.5338983050847458,0.4661016949152542,0.0,0.0,0.0,0.0,0.0,0.0,0.0,0.0,0.5555555555555556,0.4794520547945206,0.0,0.3813559322033898,0.6186440677966102,0.10785911263781726,0
AUBANK,6,0.95,1008,111,59,2025-12-11,2026-04-21,0.5423728813559322,0.5459770114942528,0.47058823529411764,0.5454545454545454,0.41379310344827586,12,10,20,17,0.5254237288135594,0.5423728813559322,0.0,0.0,0.0,0.0,0.0,0.0,0.0,0.0,0.5454545454545454,0.5405405405405406,0.0,0.3728813559322034,0.6271186440677966,0.41417544750363433,0
BAJFINANCE,1,0.7,693,76,110,2024-05-09,2025-01-03,0.5636363636363636,0.5918435013262598,0.5862068965517241,0.5862068965517241,0.5862068965517241,34,24,28,24,0.4818181818181818,0.5636363636363636,0.0,0.0,0.0,0.0,0.0,0.0,0.0,0.0,0.5862068965517241,0.5384615384615384,0.0,0.5272727272727272,0.4727272727272727,0.4045738428700457,0
BAJFINANCE,2,0.75,742,82,110,2024-09-06,2025-05-07,0.5454545454545454,0.567603305785124,0.5370370370370371,0.5471698113207547,0.5272727272727272,29,24,31,26,0.4818181818181818,0.5454545454545454,0.0,0.0,0.0,0.0,0.0,0.0,0.0,0.0,0.5471698113207547,0.543859649122807,0.0,0.4818181818181818,0.5181818181818182,0.5081902503795935,0
BAJFINANCE,3,0.8,792,87,110,2025-01-08,2025-08-19,0.5272727272727272,0.5119047619047619,0.543859649122807,0.5344827586206896,0.5535714285714286,31,27,27,25,0.5181818181818182,0.5,0.0,0.0,0.0,0.0,0.0,0.0,0.0,0.0,0.5344827586206896,0.5192307692307692,0.0,0.5272727272727272,0.4727272727272727,0.3707459185957224,0
BAJFINANCE,4,0.85,841,93,110,2025-05-08,2025-12-03,0.5272727272727272,0.5048188767032237,0.5806451612903226,0.5538461538461539,0.6101694915254238,36,29,22,23,0.4818181818181818,0.4909090909090909,0.0,0.0,0.0,0.0,0.0,0.0,0.0,0.0,0.5538461538461539,0.48888888888888893,0.0,0.5909090909090909,0.4090909090909091,0.5623151420834803,0
BAJFINANCE,5,0.9,891,98,110,2025-08-20,2026-04-21,0.4636363636363636,0.4117841774246938,0.49572649572649574,0.453125,0.5471698113207547,29,35,22,24,0.44545454545454544,0.42727272727272725,0.0,0.0,0.0,0.0,0.0,0.0,0.0,0.0,0.453125,0.4782608695652174,0.0,0.5818181818181818,0.41818181818181815,0.3210739866741791,0
BAJFINANCE,6,0.95,940,104,55,2025-12-04,2026-04-21,0.509090909090909,0.5248538011695906,0.4489795918367347,0.36666666666666664,0.5789473684210527,11,19,17,8,0.32727272727272727,0.45454545454545453,0.0,0.0,0.0,0.0,0.0,0.0,0.0,0.0,0.36666666666666664,0.6799999999999999,0.0,0.5454545454545454,0.45454545454545453,0.3817312070462282,0
HDFCLIFE,1,0.7,687,76,109,2024-04-22,2024-12-05,0.4954128440366973,0.50944669365722,0.5299145299145299,0.5166666666666667,0.543859649122807,31,29,23,26,0.47706422018348627,0.45871559633027525,0.0,0.0,0.0,0.0,0.0,0.0,0.0,0.0,0.5166666666666667,0.4693877551020408,0.0,0.5504587155963303,0.44954128440366975,0.3472791439006084,0
HDFCLIFE,2,0.75,736,81,109,2024-08-22,2025-04-04,0.44954128440366975,0.45918367346938777,0.375,0.3829787234042553,0.3673469387755102,18,29,31,31,0.47706422018348627,0.5412844036697247,0.0,0.0,0.0,0.0,0.0,0.0,0.0,0.0,0.3829787234042553,0.5,0.0,0.43119266055045874,0.5688073394495413,1.0,0
HDFCLIFE,3,0.8,785,87,109,2024-12-06,2025-08-07,0.5504587155963303,0.53133423180593,0.5663716814159292,0.5333333333333333,0.6037735849056604,32,28,28,21,0.46788990825688076,0.5504587155963303,0.0,0.0,0.0,0.0,0.0,0.0,0.0,0.0,0.5333333333333333,0.5714285714285714,0.0,0.5504587155963303,0.44954128440366975,1.0,0
HDFCLIFE,4,0.85,834,92,109,2025-04-07,2025-12-10,0.5412844036697247,0.5040485829959515,0.6323529411764706,0.5119047619047619,0.8269230769230769,43,41,16,9,0.5321100917431193,0.5504587155963303,0.0,0.0,0.0,0.0,0.0,0.0,0.0,0.0,0.5119047619047619,0.64,0.0,0.7706422018348624,0.22935779816513763,1.0,0
HDFCLIFE,5,0.9,883,98,109,2025-08-08,2026-04-21,0.47706422018348627,0.5248251748251749,0.5210084033613446,0.41333333333333333,0.7045454545454546,31,44,21,13,0.47706422018348627,0.44036697247706424,0.0,0.0,0.0,0.0,0.0,0.0,0.0,0.0,0.41333333333333333,0.6176470588235294,0.0,0.6880733944954128,0.3119266055045872,1.0,0
HDFCLIFE,6,0.95,932,103,55,2025-12-12,2026-04-21,0.45454545454545453,0.5495495495495495,0.4444444444444444,0.3333333333333333,0.6666666666666666,12,24,13,6,0.5454545454545454,0.6181818181818182,0.0,0.0,0.0,0.0,0.0,0.0,0.0,0.0,0.3333333333333333,0.6842105263157895,0.0,0.6545454545454545,0.34545454545454546,0.48075136168396243,0
SBILIFE,1,0.7,663,73,105,2024-04-19,2024-12-02,0.5523809523809524,0.5282465150403521,0.6299212598425197,0.5797101449275363,0.6896551724137931,40,29,18,18,0.6190476190476191,0.5714285714285714,0.0,0.0,0.0,0.0,0.0,0.0,0.0,0.0,0.5797101449275363,0.5,0.0,0.6571428571428571,0.34285714285714286,0.22776098546524973,0
SBILIFE,2,0.75,711,78,105,2024-08-06,2025-03-21,0.4857142857142857,0.5025399129172714,0.5645161290322581,0.4861111111111111,0.6730769230769231,35,37,16,17,0.4857142857142857,0.4857142857142857,0.0,0.0,0.0,0.0,0.0,0.0,0.0,0.0,0.4861111111111111,0.48484848484848486,0.0,0.6857142857142857,0.3142857142857143,0.34017414084631986,0
SBILIFE,3,0.8,757,84,105,2024-12-03,2025-07-24,0.4380952380952381,0.42815674891146593,0.48695652173913045,0.4444444444444444,0.5384615384615384,28,35,18,24,0.4380952380952381,0.44761904761904764,0.0,0.0,0.0,0.0,0.0,0.0,0.0,0.0,0.4444444444444444,0.4285714285714286,0.0,0.6,0.4,0.2821089052906354,0
SBILIFE,4,0.85,805,89,105,2025-03-24,2025-12-02,0.47619047619047616,0.44190268700072616,0.5864661654135338,0.4936708860759494,0.7222222222222222,39,40,11,15,0.4666666666666667,0.5428571428571428,0.0,0.0,0.0,0.0,0.0,0.0,0.0,0.0,0.4936708860759494,0.42307692307692313,0.0,0.7523809523809524,0.24761904761904763,0.6890725231130244,0
SBILIFE,5,0.9,852,94,106,2025-07-25,2026-04-21,0.5566037735849056,0.5281059792337988,0.6115702479338843,0.578125,0.6491228070175439,37,27,22,20,0.5188679245283019,0.4528301886792453,0.0,0.0,0.0,0.0,0.0,0.0,0.0,0.0,0.578125,0.5238095238095238,0.0,0.6037735849056604,0.39622641509433965,1.0,0
SBILIFE,6,0.95,900,99,53,2025-12-03,2026-04-21,0.5849056603773585,0.5471428571428572,0.6451612903225806,0.5882352941176471,0.7142857142857143,20,14,11,8,0.49056603773584906,0.39622641509433965,0.0,0.0,0.0,0.0,0.0,0.0,0.0,0.0,0.5882352941176471,0.5789473684210527,0.0,0.6415094339622641,0.3584905660377358,0.2648912994862371,0
ICICIGI,1,0.7,677,75,108,2024-05-16,2024-12-27,0.5,0.4739010989010989,0.5263157894736842,0.5172413793103449,0.5357142857142857,30,28,24,26,0.5462962962962963,0.5092592592592593,0.0,0.0,0.0,0.0,0.0,0.0,0.0,0.0,0.5172413793103449,0.48,0.0,0.5370370370370371,0.46296296296296297,0.4304539131574385,0
ICICIGI,2,0.75,726,80,107,2024-09-13,2025-04-30,0.5327102803738317,0.526728439059159,0.5192307692307693,0.46551724137931033,0.5869565217391305,27,31,30,19,0.5233644859813084,0.48598130841121495,0.0,0.0,0.0,0.0,0.0,0.0,0.0,0.0,0.46551724137931033,0.6122448979591837,0.0,0.5420560747663551,0.45794392523364486,0.23227281742856107,0
ICICIGI,3,0.8,774,86,107,2024-12-30,2025-08-13,0.48598130841121495,0.4859649122807018,0.5985401459854015,0.47126436781609193,0.82,41,46,11,9,0.4953271028037383,0.4672897196261682,0.0,0.0,0.0,0.0,0.0,0.0,0.0,0.0,0.47126436781609193,0.55,0.0,0.8130841121495327,0.18691588785046728,1.0,0
ICICIGI,4,0.85,822,91,108,2025-05-05,2025-12-03,0.4537037037037037,0.44333791208791207,0.5986394557823129,0.4631578947368421,0.8461538461538461,44,51,5,8,0.4444444444444444,0.48148148148148145,0.0,0.0,0.0,0.0,0.0,0.0,0.0,0.0,0.4631578947368421,0.3846153846153846,0.0,0.8796296296296297,0.12037037037037036,1.0,0
ICICIGI,5,0.9,871,96,108,2025-08-14,2026-04-21,0.5,0.5203448275862069,0.5344827586206896,0.4696969696969697,0.62,31,35,23,19,0.5092592592592593,0.46296296296296297,0.0,0.0,0.0,0.0,0.0,0.0,0.0,0.0,0.4696969696969697,0.5476190476190477,0.0,0.6111111111111112,0.3888888888888889,1.0,0
ICICIGI,6,0.95,919,102,54,2025-12-04,2026-04-21,0.5185185185185185,0.4950911640953717,0.5185185185185185,0.45161290322580644,0.6086956521739131,14,17,14,9,0.3888888888888889,0.48148148148148145,0.0,0.0,0.0,0.0,0.0,0.0,0.0,0.0,0.45161290322580644,0.6086956521739131,0.0,0.5740740740740741,0.42592592592592593,1.0,0
MUTHOOTFIN,1,0.7,711,79,113,2024-04-25,2024-12-12,0.4690265486725664,0.47266139657444006,0.5384615384615384,0.5737704918032787,0.5072463768115942,35,26,18,34,0.5575221238938053,0.46017699115044247,0.0,0.0,0.0,0.0,0.0,0.0,0.0,0.0,0.5737704918032787,0.34615384615384615,0.0,0.5398230088495575,0.46017699115044247,0.2867460569518273,0
MUTHOOTFIN,2,0.75,762,84,113,2024-08-19,2025-04-09,0.49557522123893805,0.5242749054224464,0.5289256198347108,0.5333333333333333,0.5245901639344263,32,28,24,29,0.4778761061946903,0.5398230088495575,0.0,0.0,0.0,0.0,0.0,0.0,0.0,0.0,0.5333333333333333,0.4528301886792453,0.0,0.5309734513274337,0.4690265486725664,0.19244250197876903,0
MUTHOOTFIN,3,0.8,813,90,113,2024-12-13,2025-08-19,0.4778761061946903,0.5059523809523809,0.549618320610687,0.4864864864864865,0.631578947368421,36,38,18,21,0.5221238938053098,0.504424778761062,0.0,0.0,0.0,0.0,0.0,0.0,0.0,0.0,0.4864864864864865,0.46153846153846156,0.0,0.6548672566371682,0.34513274336283184,0.15248934784279825,0
MUTHOOTFIN,4,0.85,864,95,113,2025-04-16,2025-12-11,0.4690265486725664,0.45744010088272385,0.6,0.5056179775280899,0.7377049180327869,45,44,8,16,0.5132743362831859,0.5398230088495575,0.0,0.0,0.0,0.0,0.0,0.0,0.0,0.0,0.5056179775280899,0.33333333333333337,0.0,0.7876106194690266,0.21238938053097345,0.495191400548727,0
MUTHOOTFIN,5,0.9,915,101,113,2025-08-22,2026-04-21,0.5575221238938053,0.5564102564102564,0.6835443037974683,0.5806451612903226,0.8307692307692308,54,39,9,11,0.504424778761062,0.5752212389380531,0.0,0.0,0.0,0.0,0.0,0.0,0.0,0.0,0.5806451612903226,0.44999999999999996,0.0,0.8230088495575221,0.17699115044247787,1.0,0
MUTHOOTFIN,6,0.95,965,107,57,2025-12-12,2026-04-21,0.6140350877192983,0.6313131313131314,0.6857142857142857,0.6486486486486487,0.7272727272727273,24,13,11,9,0.45614035087719296,0.5614035087719298,0.0,0.0,0.0,0.0,0.0,0.0,0.0,0.0,0.6486486486486487,0.55,0.0,0.6491228070175439,0.3508771929824561,0.32086558278624244,0
CHOLAFIN,1,0.7,760,84,121,2024-04-29,2024-12-11,0.5619834710743802,0.5662287903667215,0.6442953020134228,0.5581395348837209,0.7619047619047619,48,38,20,15,0.5702479338842975,0.5702479338842975,0.0,0.0,0.0,0.0,0.0,0.0,0.0,0.0,0.5581395348837209,0.5714285714285714,0.0,0.7107438016528925,0.2892561983471074,0.7398326395743604,0
CHOLAFIN,2,0.75,815,90,120,2024-08-21,2025-04-03,0.5083333333333333,0.5260180995475113,0.562962962962963,0.4578313253012048,0.7307692307692307,38,45,23,14,0.43333333333333335,0.5083333333333333,0.0,0.0,0.0,0.0,0.0,0.0,0.0,0.0,0.4578313253012048,0.6216216216216216,0.0,0.6916666666666667,0.30833333333333335,0.34315509183476034,0
CHOLAFIN,3,0.8,869,96,121,2024-12-12,2025-07-31,0.4462809917355372,0.4414954337899544,0.464,0.37662337662337664,0.6041666666666666,29,48,25,19,0.5041322314049587,0.45454545454545453,0.0,0.0,0.0,0.0,0.0,0.0,0.0,0.0,0.37662337662337664,0.5681818181818181,0.0,0.6363636363636364,0.36363636363636365,0.37001165568882816,0
CHOLAFIN,4,0.85,923,102,121,2025-04-04,2025-12-04,0.5950413223140496,0.5686813186813187,0.6370370370370371,0.5443037974683544,0.7678571428571429,43,36,29,13,0.5702479338842975,0.4628099173553719,0.0,0.0,0.0,0.0,0.0,0.0,0.0,0.0,0.5443037974683544,0.6904761904761905,0.0,0.6528925619834711,0.34710743801652894,1.0,0
CHOLAFIN,5,0.9,978,108,121,2025-08-01,2026-04-21,0.5537190082644629,0.5626710454296662,0.5344827586206896,0.5344827586206896,0.5344827586206896,31,27,36,27,0.48760330578512395,0.48760330578512395,0.0,0.0,0.0,0.0,0.0,0.0,0.0,0.0,0.5344827586206896,0.5714285714285714,0.0,0.4793388429752066,0.5206611570247934,0.6015253482560449,0
CHOLAFIN,6,0.95,1032,114,61,2025-12-09,2026-04-21,0.5573770491803278,0.4901960784313726,0.0,0.0,0.0,0,0,34,27,0.5081967213114754,0.5573770491803278,0.0,0.0,0.0,0.0,0.0,0.0,0.0,0.0,0.0,0.5573770491803278,0.0,0.0,1.0,0.18064909560838313,0
MANAPPURAM,1,0.7,750,83,119,2024-04-19,2024-11-27,0.5042016806722689,0.473728813559322,0.5203252032520326,0.5,0.5423728813559322,32,32,28,27,0.5042016806722689,0.4789915966386555,0.0,0.0,0.0,0.0,0.0,0.0,0.0,0.0,0.5,0.509090909090909,0.0,0.5378151260504201,0.46218487394957986,0.4391390503768119,0
MANAPPURAM,2,0.75,803,89,119,2024-08-12,2025-03-19,0.5294117647058824,0.5039570378745053,0.5882352941176471,0.5333333333333333,0.6557377049180327,40,35,23,21,0.44537815126050423,0.5042016806722689,0.0,0.0,0.0,0.0,0.0,0.0,0.0,0.0,0.5333333333333333,0.5227272727272727,0.0,0.6302521008403361,0.3697478991596639,0.2071442583907818,0
MANAPPURAM,3,0.8,857,95,119,2024-12-02,2025-08-05,0.4789915966386555,0.49362318840579705,0.6172839506172839,0.5376344086021505,0.7246376811594203,50,43,7,19,0.453781512605042,0.5798319327731093,0.0,0.0,0.0,0.0,0.0,0.0,0.0,0.0,0.5376344086021505,0.2692307692307693,0.0,0.7815126050420168,0.2184873949579832,1.0,0
MANAPPURAM,4,0.85,910,101,119,2025-03-20,2025-12-04,0.47058823529411764,0.48106274731486715,0.5935483870967742,0.4742268041237113,0.7931034482758621,46,51,10,12,0.5210084033613446,0.48739495798319327,0.0,0.0,0.0,0.0,0.0,0.0,0.0,0.0,0.4742268041237113,0.4545454545454546,0.0,0.8151260504201681,0.18487394957983194,1.0,0
MANAPPURAM,5,0.9,964,107,119,2025-08-06,2026-04-21,0.4117647058823529,0.45760316563029957,0.33962264150943394,0.375,0.3103448275862069,18,30,31,40,0.46218487394957986,0.4369747899159664,0.0,0.0,0.0,0.0,0.0,0.0,0.0,0.0,0.375,0.43661971830985913,0.0,0.40336134453781514,0.5966386554621849,0.7332221200566758,0
MANAPPURAM,6,0.95,1017,113,60,2025-12-05,2026-04-21,0.55,0.5535714285714286,0.6493506493506493,0.5555555555555556,0.78125,25,20,8,7,0.5166666666666667,0.5333333333333333,0.0,0.0,0.0,0.0,0.0,0.0,0.0,0.0,0.5555555555555556,0.5333333333333333,0.0,0.75,0.25,1.0,0
INFY,1,0.7,680,75,108,2024-03-18,2024-12-05,0.5370370370370371,0.46454514008993425,0.6527777777777778,0.5529411764705883,0.7966101694915254,47,38,11,12,0.5,0.5462962962962963,0.0,0.0,0.0,0.0,0.0,0.0,0.0,0.0,0.5529411764705883,0.4782608695652174,0.0,0.7870370370370371,0.21296296296296297,1.0,0
INFY,2,0.75,729,80,108,2024-07-31,2025-03-28,0.4722222222222222,0.44615912208504804,0.47706422018348627,0.4727272727272727,0.48148148148148145,26,29,25,28,0.4444444444444444,0.5185185185185185,0.0,0.0,0.0,0.0,0.0,0.0,0.0,0.0,0.4727272727272727,0.4716981132075472,0.0,0.5092592592592593,0.49074074074074076,0.29899080138115297,0
INFY,3,0.8,777,86,108,2024-12-09,2025-08-04,0.4351851851851852,0.47058823529411764,0.39603960396039606,0.4,0.39215686274509803,20,30,27,31,0.4722222222222222,0.5277777777777778,0.0,0.0,0.0,0.0,0.0,0.0,0.0,0.0,0.4,0.4655172413793104,0.0,0.46296296296296297,0.5370370370370371,1.0,0
INFY,4,0.85,826,91,108,2025-04-02,2025-12-10,0.5277777777777778,0.4977701543739279,0.6165413533834586,0.5125,0.7735849056603774,41,39,16,12,0.5092592592592593,0.5,0.0,0.0,0.0,0.0,0.0,0.0,0.0,0.0,0.5125,0.5714285714285714,0.0,0.7407407407407407,0.25925925925925924,0.23655898353919522,0
INFY,5,0.9,874,97,108,2025-08-05,2026-04-21,0.5462962962962963,0.5135416666666667,0.5663716814159292,0.49230769230769234,0.6666666666666666,32,33,27,16,0.5092592592592593,0.5555555555555556,0.0,0.0,0.0,0.0,0.0,0.0,0.0,0.0,0.49230769230769234,0.627906976744186,0.0,0.6018518518518519,0.39814814814814814,1.0,0
INFY,6,0.95,923,102,54,2025-12-12,2026-04-21,0.6111111111111112,0.5951704545454546,0.6037735849056604,0.5161290322580645,0.7272727272727273,16,15,17,6,0.5,0.5740740740740741,0.0,0.0,0.0,0.0,0.0,0.0,0.0,0.0,0.5161290322580645,0.7391304347826086,0.0,0.5740740740740741,0.42592592592592593,0.20876870465798156,0
TCS,1,0.7,636,70,101,2024-04-10,2024-12-13,0.5247524752475248,0.52276295133438,0.6129032258064516,0.5277777777777778,0.7307692307692307,38,34,15,14,0.49504950495049505,0.5445544554455446,0.0,0.0,0.0,0.0,0.0,0.0,0.0,0.0,0.5277777777777778,0.5172413793103448,0.0,0.7128712871287128,0.2871287128712871,0.38105763687427674,0
TCS,2,0.75,681,75,101,2024-08-13,2025-04-17,0.44554455445544555,0.6341269841269841,0.5882352941176471,0.43956043956043955,0.8888888888888888,40,51,5,5,0.5148514851485149,0.45544554455445546,0.0,0.0,0.0,0.0,0.0,0.0,0.0,0.0,0.43956043956043955,0.5,0.0,0.900990099009901,0.09900990099009901,1.7147162158274916,0
TCS,3,0.8,727,80,101,2024-12-16,2025-08-22,0.42574257425742573,0.49308943089430896,0.5245901639344263,0.3950617283950617,0.7804878048780488,32,49,11,9,0.42574257425742573,0.40594059405940597,0.0,0.0,0.0,0.0,0.0,0.0,0.0,0.0,0.3950617283950617,0.55,0.0,0.801980198019802,0.19801980198019803,1.0,0
TCS,4,0.85,772,85,101,2025-04-22,2025-12-19,0.43564356435643564,0.45390070921985815,0.5511811023622047,0.4375,0.7446808510638298,35,45,9,12,0.4752475247524752,0.45544554455445546,0.0,0.0,0.0,0.0,0.0,0.0,0.0,0.0,0.4375,0.4285714285714286,0.0,0.7920792079207921,0.2079207920792079,1.0,0
TCS,5,0.9,818,90,101,2025-08-25,2026-04-21,0.5643564356435643,0.5864779874213837,0.6206896551724138,0.5294117647058824,0.75,36,32,21,12,0.5148514851485149,0.5247524752475248,0.0,0.0,0.0,0.0,0.0,0.0,0.0,0.0,0.5294117647058824,0.6363636363636364,0.0,0.6732673267326733,0.32673267326732675,1.0,0
TCS,6,0.95,863,95,51,2025-12-22,2026-04-21,0.5294117647058824,0.6175548589341694,0.52,0.4642857142857143,0.5909090909090909,13,15,14,9,0.5098039215686274,0.6078431372549019,0.0,0.0,0.0,0.0,0.0,0.0,0.0,0.0,0.4642857142857143,0.6086956521739131,0.0,0.5490196078431373,0.45098039215686275,0.24322870121156256,0
HCLTECH,1,0.7,667,74,106,2024-04-30,2024-12-30,0.6132075471698113,0.6178506375227687,0.7007299270072993,0.631578947368421,0.7868852459016393,48,28,17,13,0.5377358490566038,0.5754716981132075,0.0,0.0,0.0,0.0,0.0,0.0,0.0,0.0,0.631578947368421,0.5666666666666667,0.0,0.7169811320754716,0.2830188679245283,0.4063912116539971,0
HCLTECH,2,0.75,715,79,106,2024-08-26,2025-04-24,0.5188679245283019,0.558645276292335,0.6046511627906976,0.527027027027027,0.7090909090909091,39,35,16,16,0.5094339622641509,0.5283018867924528,0.0,0.0,0.0,0.0,0.0,0.0,0.0,0.0,0.527027027027027,0.5,0.0,0.6981132075471698,0.3018867924528302,0.3190106476159076,0
HCLTECH,3,0.8,763,84,106,2025-01-01,2025-08-08,0.46226415094339623,0.4734402852049911,0.4672897196261682,0.44642857142857145,0.49019607843137253,25,31,24,26,0.4716981132075472,0.5471698113207547,0.0,0.0,0.0,0.0,0.0,0.0,0.0,0.0,0.44642857142857145,0.48,0.0,0.5283018867924528,0.4716981132075472,0.4382267167174082,0
HCLTECH,4,0.85,810,90,106,2025-04-25,2025-12-09,0.5188679245283019,0.5737179487179487,0.6330935251798561,0.5057471264367817,0.8461538461538461,44,43,11,8,0.5660377358490566,0.4716981132075472,0.0,0.0,0.0,0.0,0.0,0.0,0.0,0.0,0.5057471264367817,0.5789473684210527,0.0,0.8207547169811321,0.1792452830188679,0.48482914417064654,0
HCLTECH,5,0.9,858,95,106,2025-08-11,2026-04-21,0.5660377358490566,0.5438034188034189,0.6666666666666666,0.5348837209302325,0.8846153846153846,46,40,14,6,0.5754716981132075,0.49056603773584906,0.0,0.0,0.0,0.0,0.0,0.0,0.0,0.0,0.5348837209302325,0.7,0.0,0.8113207547169812,0.18867924528301888,1.0,0
HCLTECH,6,0.95,906,100,53,2025-12-12,2026-04-21,0.4339622641509434,0.543103448275862,0.5454545454545454,0.42857142857142855,0.75,18,24,5,6,0.4528301886792453,0.4528301886792453,0.0,0.0,0.0,0.0,0.0,0.0,0.0,0.0,0.42857142857142855,0.4545454545454546,0.0,0.7924528301886793,0.20754716981132076,0.5237963401661297,0
TECHM,1,0.7,702,77,111,2024-03-22,2024-11-14,0.4954954954954955,0.48500651890482405,0.5692307692307692,0.5211267605633803,0.6271186440677966,37,34,18,22,0.5405405405405406,0.5045045045045045,0.0,0.0,0.0,0.0,0.0,0.0,0.0,0.0,0.5211267605633803,0.44999999999999996,0.0,0.6396396396396397,0.36036036036036034,0.34974209637936854,0
TECHM,2,0.75,751,83,112,2024-08-02,2025-03-28,0.5357142857142857,0.4988807163415414,0.6119402985074627,0.5061728395061729,0.7735849056603774,41,40,19,12,0.5267857142857143,0.5625,0.0,0.0,0.0,0.0,0.0,0.0,0.0,0.0,0.5061728395061729,0.6129032258064516,0.0,0.7232142857142857,0.2767857142857143,1.0,0
TECHM,3,0.8,801,89,111,2024-11-22,2025-07-25,0.4774774774774775,0.5094217024041585,0.532258064516129,0.4714285714285714,0.6111111111111112,33,37,20,21,0.5315315315315315,0.4954954954954955,0.0,0.0,0.0,0.0,0.0,0.0,0.0,0.0,0.4714285714285714,0.4878048780487805,0.0,0.6306306306306306,0.36936936936936937,1.0,0
TECHM,4,0.85,852,94,111,2025-04-02,2025-11-26,0.5315315315315315,0.5399350649350649,0.6,0.527027027027027,0.6964285714285714,39,35,20,17,0.5495495495495496,0.4594594594594595,0.0,0.0,0.0,0.0,0.0,0.0,0.0,0.0,0.527027027027027,0.5405405405405406,0.0,0.6666666666666666,0.3333333333333333,1.0,0
TECHM,5,0.9,901,100,112,2025-07-29,2026-04-21,0.5267857142857143,0.5425837320574163,0.5826771653543307,0.5138888888888888,0.6727272727272727,37,35,22,18,0.4732142857142857,0.45535714285714285,0.0,0.0,0.0,0.0,0.0,0.0,0.0,0.0,0.5138888888888888,0.55,0.0,0.6428571428571429,0.35714285714285715,0.25039386898136423,0
TECHM,6,0.95,952,105,56,2025-11-27,2026-04-21,0.5178571428571429,0.4661558109833972,0.4489795918367347,0.5,0.4074074074074074,11,11,18,16,0.5,0.5,0.0,0.0,0.0,0.0,0.0,0.0,0.0,0.0,0.5,0.5294117647058824,0.0,0.39285714285714285,0.6071428571428571,0.19049351302359951,0
WIPRO,1,0.7,674,74,107,2024-05-09,2024-12-27,0.5233644859813084,0.5582627118644067,0.4742268041237113,0.6052631578947368,0.3898305084745763,23,15,33,36,0.5233644859813084,0.514018691588785,0.0,0.0,0.0,0.0,0.0,0.0,0.0,0.0,0.6052631578947368,0.4782608695652174,0.0,0.35514018691588783,0.6448598130841121,0.3421923949507319,0
WIPRO,2,0.75,721,80,107,2024-09-04,2025-04-22,0.4672897196261682,0.52906162464986,0.44660194174757284,0.4423076923076923,0.45098039215686275,23,29,27,28,0.5794392523364486,0.5046728971962616,0.0,0.0,0.0,0.0,0.0,0.0,0.0,0.0,0.4423076923076923,0.49090909090909096,0.0,0.48598130841121495,0.514018691588785,0.547196461143603,0
WIPRO,3,0.8,770,85,107,2024-12-30,2025-08-08,0.411214953271028,0.4662209711470795,0.45217391304347826,0.3939393939393939,0.5306122448979592,26,40,18,23,0.48598130841121495,0.4205607476635514,0.0,0.0,0.0,0.0,0.0,0.0,0.0,0.0,0.3939393939393939,0.4390243902439024,0.0,0.616822429906542,0.38317757009345793,0.4412876102044512,0
WIPRO,4,0.85,818,90,107,2025-04-24,2025-12-12,0.4953271028037383,0.4401260504201681,0.55,0.515625,0.5892857142857143,33,31,20,23,0.45794392523364486,0.4953271028037383,0.0,0.0,0.0,0.0,0.0,0.0,0.0,0.0,0.515625,0.4651162790697675,0.0,0.5981308411214953,0.40186915887850466,0.8187604778341415,0
WIPRO,5,0.9,866,96,107,2025-08-13,2026-04-21,0.5887850467289719,0.6010489510489511,0.6140350877192983,0.5932203389830508,0.6363636363636364,35,24,28,20,0.6074766355140186,0.5700934579439252,0.0,0.0,0.0,0.0,0.0,0.0,0.0,0.0,0.5932203389830508,0.5833333333333333,0.0,0.5514018691588785,0.4485981308411215,0.6869430424218214,0
WIPRO,6,0.95,914,101,54,2025-12-15,2026-04-21,0.6481481481481481,0.6662068965517242,0.6122448979591837,0.625,0.6,15,9,20,10,0.6296296296296297,0.5370370370370371,0.0,0.0,0.0,0.0,0.0,0.0,0.0,0.0,0.625,0.6666666666666667,0.0,0.4444444444444444,0.5555555555555556,1.0,0
LTIM,1,0.7,708,78,112,2024-03-13,2024-12-02,0.5446428571428571,0.5282051282051281,0.6330935251798561,0.5569620253164557,0.7333333333333333,44,35,17,16,0.5267857142857143,0.5267857142857143,0.0,0.0,0.0,0.0,0.0,0.0,0.0,0.0,0.5569620253164557,0.5151515151515151,0.0,0.7053571428571429,0.29464285714285715,0.38555491524107716,0
LTIM,2,0.75,758,84,112,2024-08-01,2025-03-19,0.5803571428571429,0.6309409888357257,0.6518518518518519,0.5641025641025641,0.7719298245614035,44,34,21,13,0.5535714285714286,0.5357142857142857,0.0,0.0,0.0,0.0,0.0,0.0,0.0,0.0,0.5641025641025641,0.6176470588235294,0.0,0.6964285714285714,0.30357142857142855,0.5247388699777419,0
LTIM,3,0.8,809,89,112,2024-12-03,2025-07-31,0.49107142857142855,0.4615629984051036,0.4672897196261682,0.4807692307692308,0.45454545454545453,25,27,30,30,0.4642857142857143,0.4375,0.0,0.0,0.0,0.0,0.0,0.0,0.0,0.0,0.4807692307692308,0.5,0.0,0.4642857142857143,0.5357142857142857,1.0,0
LTIM,4,0.85,859,95,112,2025-03-20,2025-12-05,0.5267857142857143,0.43349917081260364,0.6666666666666666,0.5760869565217391,0.7910447761194029,53,39,6,14,0.5178571428571429,0.5625,0.0,0.0,0.0,0.0,0.0,0.0,0.0,0.0,0.5760869565217391,0.30000000000000004,0.0,0.8214285714285714,0.17857142857142858,0.5631149351195253,0
LTIM,5,0.9,909,101,113,2025-08-01,2026-04-21,0.5575221238938053,0.502510985561833,0.6575342465753424,0.5517241379310345,0.8135593220338984,48,39,15,11,0.48672566371681414,0.5309734513274337,0.0,0.0,0.0,0.0,0.0,0.0,0.0,0.0,0.5517241379310345,0.5769230769230769,0.0,0.7699115044247787,0.23008849557522124,0.25432719454742225,0
LTIM,6,0.95,960,106,57,2025-12-09,2026-04-21,0.45614035087719296,0.512987012987013,0.45614035087719296,0.37142857142857144,0.5909090909090909,13,22,13,9,0.45614035087719296,0.47368421052631576,0.0,0.0,0.0,0.0,0.0,0.0,0.0,0.0,0.37142857142857144,0.5909090909090908,0.0,0.6140350877192983,0.38596491228070173,0.6981662634115862,0
PERSISTENT,1,0.7,743,82,118,2024-05-24,2025-01-03,0.5169491525423728,0.43866057838660577,0.6545454545454545,0.5869565217391305,0.7397260273972602,54,38,7,19,0.5847457627118644,0.5169491525423728,0.0,0.0,0.0,0.0,0.0,0.0,0.0,0.0,0.5869565217391305,0.2692307692307693,0.0,0.7796610169491526,0.22033898305084745,0.29601199637623443,0
PERSISTENT,2,0.75,796,88,118,2024-09-12,2025-04-24,0.4322033898305085,0.42701149425287355,0.5503355704697986,0.4606741573033708,0.6833333333333333,41,48,10,19,0.4830508474576271,0.4406779661016949,0.0,0.0,0.0,0.0,0.0,0.0,0.0,0.0,0.4606741573033708,0.3448275862068966,0.0,0.7542372881355932,0.2457627118644068,0.3191569727617277,0
PERSISTENT,3,0.8,849,94,118,2025-01-07,2025-08-13,0.4661016949152542,0.4688228438228438,0.5655172413793104,0.44086021505376344,0.7884615384615384,41,52,14,11,0.4915254237288136,0.4406779661016949,0.0,0.0,0.0,0.0,0.0,0.0,0.0,0.0,0.44086021505376344,0.56,0.0,0.788135593220339,0.211864406779661,0.10000660285425449,0
PERSISTENT,4,0.85,902,100,118,2025-04-29,2025-12-10,0.4830508474576271,0.5253456221198156,0.6303030303030303,0.47706422018348627,0.9285714285714286,52,57,5,4,0.5254237288135594,0.4745762711864407,0.0,0.0,0.0,0.0,0.0,0.0,0.0,0.0,0.47706422018348627,0.5555555555555556,0.0,0.923728813559322,0.07627118644067797,2.4577834471115803,0
PERSISTENT,5,0.9,955,106,118,2025-08-14,2026-04-21,0.4661016949152542,0.5327561327561326,0.6181818181818182,0.4636363636363636,0.9272727272727272,51,59,4,4,0.5084745762711864,0.4661016949152542,0.0,0.0,0.0,0.0,0.0,0.0,0.0,0.0,0.4636363636363636,0.5,0.0,0.9322033898305084,0.06779661016949153,1.0,0
PERSISTENT,6,0.95,1008,112,59,2025-12-11,2026-04-21,0.4576271186440678,0.44470588235294123,0.4482758620689655,0.3939393939393939,0.52,13,20,14,12,0.3728813559322034,0.576271186440678,0.0,0.0,0.0,0.0,0.0,0.0,0.0,0.0,0.3939393939393939,0.5384615384615384,0.0,0.559322033898305,0.4406779661016949,0.10000660285425449,0
MPHASIS,1,0.7,738,81,117,2024-04-16,2024-12-06,0.4700854700854701,0.42780748663101603,0.581081081081081,0.524390243902439,0.6515151515151515,43,39,12,23,0.46153846153846156,0.47863247863247865,0.0,0.0,0.0,0.0,0.0,0.0,0.0,0.0,0.524390243902439,0.34285714285714286,0.0,0.7008547008547008,0.29914529914529914,0.2931112049284706,0
MPHASIS,2,0.75,791,87,117,2024-08-19,2025-04-02,0.5555555555555556,0.5412039742840443,0.6,0.5492957746478874,0.6610169491525424,39,32,26,20,0.5384615384615384,0.5726495726495726,0.0,0.0,0.0,0.0,0.0,0.0,0.0,0.0,0.5492957746478874,0.5652173913043479,0.0,0.6068376068376068,0.39316239316239315,1.0,0
MPHASIS,3,0.8,843,93,117,2024-12-09,2025-08-05,0.48717948717948717,0.5117577895355674,0.5081967213114754,0.45588235294117646,0.5740740740740741,31,37,26,23,0.5128205128205128,0.5726495726495726,0.0,0.0,0.0,0.0,0.0,0.0,0.0,0.0,0.45588235294117646,0.5306122448979591,0.0,0.5811965811965812,0.4188034188034188,1.0,0
MPHASIS,4,0.85,896,99,117,2025-04-03,2025-12-04,0.5299145299145299,0.5134660421545667,0.5864661654135338,0.5416666666666666,0.639344262295082,39,33,23,22,0.5470085470085471,0.6239316239316239,0.0,0.0,0.0,0.0,0.0,0.0,0.0,0.0,0.5416666666666666,0.5111111111111111,0.0,0.6153846153846154,0.38461538461538464,0.3771845527858514,0
MPHASIS,5,0.9,948,105,118,2025-08-06,2026-04-21,0.4576271186440678,0.451826287029048,0.5428571428571428,0.4578313253012048,0.6666666666666666,38,45,16,19,0.4661016949152542,0.4915254237288136,0.0,0.0,0.0,0.0,0.0,0.0,0.0,0.0,0.4578313253012048,0.4571428571428572,0.0,0.7033898305084746,0.2966101694915254,0.4768345810845336,0
MPHASIS,6,0.95,1001,111,59,2025-12-05,2026-04-21,0.559322033898305,0.6000000000000001,0.48,0.46153846153846156,0.5,12,14,21,12,0.6271186440677966,0.559322033898305,0.0,0.0,0.0,0.0,0.0,0.0,0.0,0.0,0.46153846153846156,0.6363636363636364,0.0,0.4406779661016949,0.559322033898305,2.5572167663327394,0
COFORGE,1,0.7,758,84,120,2024-04-10,2024-12-17,0.6083333333333333,0.6148148148148148,0.6845637583892618,0.6891891891891891,0.68,51,23,22,24,0.5833333333333334,0.5666666666666667,0.0,0.0,0.0,0.0,0.0,0.0,0.0,0.0,0.6891891891891891,0.4782608695652174,0.0,0.6166666666666667,0.38333333333333336,0.46765361795928334,0
COFORGE,2,0.75,812,90,120,2024-08-20,2025-05-05,0.5083333333333333,0.5245760275941362,0.6040268456375839,0.5769230769230769,0.6338028169014085,45,33,16,26,0.5333333333333333,0.5333333333333333,0.0,0.0,0.0,0.0,0.0,0.0,0.0,0.0,0.5769230769230769,0.38095238095238093,0.0,0.65,0.35,0.34597941029177276,0
COFORGE,3,0.8,866,96,120,2024-12-18,2025-08-19,0.5083333333333333,0.5183216783216783,0.5354330708661418,0.5483870967741935,0.5230769230769231,34,28,27,31,0.5166666666666667,0.48333333333333334,0.0,0.0,0.0,0.0,0.0,0.0,0.0,0.0,0.5483870967741935,0.4655172413793104,0.0,0.5166666666666667,0.48333333333333334,0.5604471137427718,0
COFORGE,4,0.85,920,102,120,2025-05-06,2025-12-12,0.5416666666666666,0.4942129629629629,0.6099290780141844,0.6231884057971014,0.5972222222222222,43,26,22,29,0.55,0.525,0.0,0.0,0.0,0.0,0.0,0.0,0.0,0.0,0.6231884057971014,0.43137254901960786,0.0,0.575,0.425,0.6457181310383039,0
COFORGE,5,0.9,974,108,121,2025-08-20,2026-04-21,0.5041322314049587,0.4964461454346637,0.6103896103896104,0.49473684210526314,0.7966101694915254,47,48,14,12,0.5206611570247934,0.48760330578512395,0.0,0.0,0.0,0.0,0.0,0.0,0.0,0.0,0.49473684210526314,0.5384615384615384,0.0,0.7851239669421488,0.21487603305785125,0.1527630279834211,0
COFORGE,6,0.95,1028,114,61,2025-12-16,2026-04-21,0.5245901639344263,0.4954954954954955,0.5245901639344263,0.43243243243243246,0.6666666666666666,16,21,16,8,0.5573770491803278,0.39344262295081966,0.0,0.0,0.0,0.0,0.0,0.0,0.0,0.0,0.43243243243243246,0.6666666666666667,0.0,0.6065573770491803,0.39344262295081966,0.2788257437837138,0
OFSS,1,0.7,688,76,109,2024-06-26,2025-01-29,0.5137614678899083,0.5006734006734007,0.576,0.5142857142857142,0.6545454545454545,36,34,20,19,0.48623853211009177,0.5045871559633027,0.0,0.0,0.0,0.0,0.0,0.0,0.0,0.0,0.5142857142857142,0.5128205128205128,0.0,0.6422018348623854,0.3577981651376147,0.1918997430883194,0
OFSS,2,0.75,738,81,109,2024-10-14,2025-05-15,0.42201834862385323,0.47657342657342655,0.496,0.38271604938271603,0.7045454545454546,31,50,15,13,0.41284403669724773,0.4954128440366973,0.0,0.0,0.0,0.0,0.0,0.0,0.0,0.0,0.38271604938271603,0.5357142857142857,0.0,0.7431192660550459,0.25688073394495414,0.3218299580354496,0
OFSS,3,0.8,786,87,109,2025-01-30,2025-08-26,0.5045871559633027,0.48741496598639455,0.5573770491803278,0.4657534246575342,0.6938775510204082,34,39,21,15,0.44954128440366975,0.5045871559633027,0.0,0.0,0.0,0.0,0.0,0.0,0.0,0.0,0.4657534246575342,0.5833333333333333,0.0,0.6697247706422018,0.3302752293577982,0.13886662037509284,0
OFSS,4,0.85,836,92,109,2025-05-16,2025-12-15,0.5504587155963303,0.482420554428668,0.6259541984732825,0.5125,0.803921568627451,41,39,19,10,0.46788990825688076,0.44954128440366975,0.0,0.0,0.0,0.0,0.0,0.0,0.0,0.0,0.5125,0.6551724137931034,0.0,0.7339449541284404,0.26605504587155965,1.0,0
OFSS,5,0.9,884,98,110,2025-08-29,2026-04-21,0.4909090909090909,0.4596211365902294,0.5555555555555556,0.4666666666666667,0.6862745098039216,35,40,19,16,0.42727272727272725,0.43636363636363634,0.0,0.0,0.0,0.0,0.0,0.0,0.0,0.0,0.4666666666666667,0.5428571428571429,0.0,0.6818181818181818,0.3181818181818182,0.10286278646320533,0
OFSS,6,0.95,934,103,55,2025-12-16,2026-04-21,0.4909090909090909,0.5079575596816976,0.48148148148148145,0.4642857142857143,0.5,13,15,14,13,0.45454545454545453,0.5818181818181818,0.0,0.0,0.0,0.0,0.0,0.0,0.0,0.0,0.4642857142857143,0.5185185185185186,0.0,0.509090909090909,0.4909090909090909,1.0,0
TATAELXSI,1,0.7,719,79,114,2024-04-16,2024-12-12,0.47368421052631576,0.49892141756548536,0.45454545454545453,0.45454545454545453,0.45454545454545453,25,30,29,30,0.43859649122807015,0.5175438596491229,0.0,0.0,0.0,0.0,0.0,0.0,0.0,0.0,0.45454545454545453,0.4915254237288136,0.0,0.4824561403508772,0.5175438596491229,0.3063503382494318,0
TATAELXSI,2,0.75,770,85,114,2024-08-28,2025-04-07,0.42105263157894735,0.4604636392505558,0.36538461538461536,0.3333333333333333,0.40425531914893614,19,38,29,28,0.5087719298245614,0.5263157894736842,0.0,0.0,0.0,0.0,0.0,0.0,0.0,0.0,0.3333333333333333,0.5087719298245614,0.0,0.5,0.5,0.1926251387252788,0
TATAELXSI,3,0.8,821,91,114,2024-12-16,2025-08-11,0.5526315789473685,0.538151364764268,0.5142857142857142,0.5094339622641509,0.5192307692307693,27,26,36,25,0.5877192982456141,0.5263157894736842,0.0,0.0,0.0,0.0,0.0,0.0,0.0,0.0,0.5094339622641509,0.5901639344262295,0.0,0.4649122807017544,0.5350877192982456,0.5564052343638953,0
TATAELXSI,4,0.85,873,96,114,2025-04-08,2025-12-09,0.5175438596491229,0.3860191772347665,0.22535211267605634,0.4444444444444444,0.1509433962264151,8,10,51,45,0.45614035087719296,0.5350877192982456,0.0,0.0,0.0,0.0,0.0,0.0,0.0,0.0,0.4444444444444444,0.53125,0.0,0.15789473684210525,0.8421052631578947,0.1279879744690172,0
TATAELXSI,5,0.9,924,102,115,2025-08-12,2026-04-21,0.5217391304347826,0.48685857321652065,0.367816091954023,0.4,0.3404255319148936,16,24,44,31,0.5043478260869565,0.591304347826087,0.0,0.0,0.0,0.0,0.0,0.0,0.0,0.0,0.4,0.5866666666666667,0.0,0.34782608695652173,0.6521739130434783,0.24151356877121263,0
TATAELXSI,6,0.95,975,108,58,2025-12-10,2026-04-21,0.46551724137931033,0.5196078431372549,0.5230769230769231,0.4146341463414634,0.7083333333333334,17,24,10,7,0.4827586206896552,0.5862068965517241,0.0,0.0,0.0,0.0,0.0,0.0,0.0,0.0,0.4146341463414634,0.5882352941176471,0.0,0.7068965517241379,0.29310344827586204,1.0,0
NAUKRI,1,0.7,843,93,134,2024-02-12,2024-11-01,0.5074626865671642,0.5142857142857142,0.5975609756097561,0.5212765957446809,0.7,49,45,19,21,0.5074626865671642,0.5298507462686567,0.0,0.0,0.0,0.0,0.0,0.0,0.0,0.0,0.5212765957446809,0.475,0.0,0.7014925373134329,0.29850746268656714,1.0,0
NAUKRI,2,0.75,903,100,134,2024-07-03,2025-03-04,0.5671641791044776,0.5537946428571429,0.5671641791044776,0.59375,0.5428571428571428,38,26,38,32,0.5373134328358209,0.4925373134328358,0.0,0.0,0.0,0.0,0.0,0.0,0.0,0.0,0.59375,0.5428571428571429,0.0,0.47761194029850745,0.5223880597014925,0.15578736078645458,0
NAUKRI,3,0.8,963,107,134,2024-11-04,2025-07-09,0.44776119402985076,0.4621212121212121,0.5316455696202531,0.45652173913043476,0.6363636363636364,42,50,18,24,0.5149253731343284,0.4925373134328358,0.0,0.0,0.0,0.0,0.0,0.0,0.0,0.0,0.45652173913043476,0.4285714285714286,0.0,0.6865671641791045,0.31343283582089554,0.3866206368232737,0
NAUKRI,4,0.85,1024,113,134,2025-03-05,2025-11-17,0.4626865671641791,0.5090277777777777,0.5555555555555556,0.4166666666666667,0.8333333333333334,45,63,17,9,0.4925373134328358,0.40298507462686567,0.0,0.0,0.0,0.0,0.0,0.0,0.0,0.0,0.4166666666666667,0.6538461538461539,0.0,0.8059701492537313,0.19402985074626866,0.3935046990313933,0
NAUKRI,5,0.9,1084,120,134,2025-07-10,2026-04-21,0.41044776119402987,0.5145258103241297,0.5212121212121212,0.3706896551724138,0.8775510204081632,43,73,12,6,0.43283582089552236,0.39552238805970147,0.0,0.0,0.0,0.0,0.0,0.0,0.0,0.0,0.3706896551724138,0.6666666666666667,0.0,0.8656716417910447,0.13432835820895522,0.6229376007144258,0
NAUKRI,6,0.95,1144,127,67,2025-11-18,2026-04-21,0.3880597014925373,0.4476190476190476,0.4675324675324675,0.34615384615384615,0.72,18,34,8,7,0.3582089552238806,0.373134328358209,0.0,0.0,0.0,0.0,0.0,0.0,0.0,0.0,0.34615384615384615,0.5333333333333333,0.0,0.7761194029850746,0.22388059701492538,1.0,0
MARUTI,1,0.7,657,72,104,2024-05-03,2024-12-16,0.41346153846153844,0.41074074074074074,0.5413533834586466,0.43373493975903615,0.72,36,47,7,14,0.41346153846153844,0.47115384615384615,0.0,0.0,0.0,0.0,0.0,0.0,0.0,0.0,0.43373493975903615,0.33333333333333337,0.0,0.7980769230769231,0.20192307692307693,0.4799424040997397,0
MARUTI,2,0.75,703,78,104,2024-08-27,2025-04-25,0.5288461538461539,0.5946248600223965,0.5882352941176471,0.4861111111111111,0.7446808510638298,35,37,20,12,0.5096153846153846,0.5673076923076923,0.0,0.0,0.0,0.0,0.0,0.0,0.0,0.0,0.4861111111111111,0.625,0.0,0.6923076923076923,0.3076923076923077,0.6575026461054825,0
MARUTI,3,0.8,750,83,104,2024-12-17,2025-08-13,0.5865384615384616,0.61353550295858,0.6861313868613139,0.5529411764705883,0.9038461538461539,47,38,14,5,0.5769230769230769,0.5,0.0,0.0,0.0,0.0,0.0,0.0,0.0,0.0,0.5529411764705883,0.736842105263158,0.0,0.8173076923076923,0.18269230769230768,1.0,0
MARUTI,4,0.85,797,88,104,2025-04-29,2025-12-24,0.5288461538461539,0.47500000000000003,0.631578947368421,0.5753424657534246,0.7,42,31,13,18,0.5096153846153846,0.5288461538461539,0.0,0.0,0.0,0.0,0.0,0.0,0.0,0.0,0.5753424657534246,0.4193548387096774,0.0,0.7019230769230769,0.2980769230769231,1.0,0
MARUTI,5,0.9,844,93,105,2025-08-14,2026-04-21,0.4380952380952381,0.3844752186588921,0.4778761061946903,0.47368421052631576,0.48214285714285715,27,30,19,29,0.42857142857142855,0.5333333333333333,0.0,0.0,0.0,0.0,0.0,0.0,0.0,0.0,0.47368421052631576,0.39583333333333337,0.0,0.5428571428571428,0.45714285714285713,0.27298486382142506,0
MARUTI,6,0.95,891,98,53,2025-12-29,2026-04-21,0.4339622641509434,0.45833333333333326,0.5454545454545454,0.42857142857142855,0.75,18,24,5,6,0.4339622641509434,0.39622641509433965,0.0,0.0,0.0,0.0,0.0,0.0,0.0,0.0,0.42857142857142855,0.4545454545454546,0.0,0.7924528301886793,0.20754716981132076,1.0,0
BAJAJ-AUTO,1,0.7,663,73,105,2024-05-17,2024-12-24,0.6095238095238096,0.5696064139941691,0.6917293233082706,0.5974025974025974,0.8214285714285714,46,31,18,10,0.6285714285714286,0.5714285714285714,0.0,0.0,0.0,0.0,0.0,0.0,0.0,0.0,0.5974025974025974,0.6428571428571428,0.0,0.7333333333333333,0.26666666666666666,0.40787087645002157,0
BAJAJ-AUTO,2,0.75,711,78,105,2024-09-11,2025-04-30,0.42857142857142855,0.4782608695652174,0.5384615384615384,0.4166666666666667,0.7608695652173914,35,49,10,11,0.5047619047619047,0.4380952380952381,0.0,0.0,0.0,0.0,0.0,0.0,0.0,0.0,0.4166666666666667,0.47619047619047616,0.0,0.8,0.2,0.1803115027806712,0
BAJAJ-AUTO,3,0.8,757,84,105,2024-12-27,2025-08-29,0.5142857142857142,0.4775036284470247,0.6482758620689655,0.5108695652173914,0.8867924528301887,47,45,7,6,0.47619047619047616,0.5047619047619047,0.0,0.0,0.0,0.0,0.0,0.0,0.0,0.0,0.5108695652173914,0.5384615384615384,0.0,0.8761904761904762,0.12380952380952381,1.0,0
BAJAJ-AUTO,4,0.85,805,89,105,2025-05-06,2025-12-24,0.49523809523809526,0.4923802612481858,0.5619834710743802,0.5,0.6415094339622641,34,34,18,19,0.4857142857142857,0.45714285714285713,0.0,0.0,0.0,0.0,0.0,0.0,0.0,0.0,0.5,0.4864864864864865,0.0,0.6476190476190476,0.3523809523809524,1.0,0
BAJAJ-AUTO,5,0.9,852,94,106,2025-09-01,2026-04-21,0.49056603773584906,0.5167378917378918,0.5573770491803278,0.5,0.6296296296296297,34,34,18,20,0.5849056603773585,0.41509433962264153,0.0,0.0,0.0,0.0,0.0,0.0,0.0,0.0,0.5,0.4736842105263158,0.0,0.6415094339622641,0.3584905660377358,0.10000660285425449,0
BAJAJ-AUTO,6,0.95,900,99,53,2025-12-29,2026-04-21,0.5471698113207547,0.5884057971014492,0.6470588235294118,0.5789473684210527,0.7333333333333333,22,16,7,8,0.6037735849056604,0.4528301886792453,0.0,0.0,0.0,0.0,0.0,0.0,0.0,0.0,0.5789473684210527,0.4666666666666667,0.0,0.7169811320754716,0.2830188679245283,1.0,0
HEROMOTOCO,1,0.7,698,77,111,2024-05-17,2025-01-03,0.44144144144144143,0.47072218607677296,0.5230769230769231,0.44155844155844154,0.6415094339622641,34,43,15,19,0.5135135135135135,0.4774774774774775,0.0,0.0,0.0,0.0,0.0,0.0,0.0,0.0,0.44155844155844154,0.4411764705882353,0.0,0.6936936936936937,0.3063063063063063,0.19909955154413375,0
HEROMOTOCO,2,0.75,748,83,110,2024-09-18,2025-04-25,0.43636363636363634,0.5108695652173914,0.515625,0.4024390243902439,0.717391304347826,33,49,15,13,0.5454545454545454,0.41818181818181815,0.0,0.0,0.0,0.0,0.0,0.0,0.0,0.0,0.4024390243902439,0.5357142857142857,0.0,0.7454545454545455,0.2545454545454545,0.2600452328059857,0
HEROMOTOCO,3,0.8,798,88,111,2025-01-06,2025-08-11,0.5315315315315315,0.5022816166883963,0.6,0.5492957746478874,0.6610169491525424,39,32,20,20,0.5495495495495496,0.5225225225225225,0.0,0.0,0.0,0.0,0.0,0.0,0.0,0.0,0.5492957746478874,0.5,0.0,0.6396396396396397,0.36036036036036034,1.0,0
HEROMOTOCO,4,0.85,847,94,111,2025-04-29,2025-12-19,0.5405405405405406,0.5319289005924951,0.6106870229007634,0.5797101449275363,0.6451612903225806,40,29,20,22,0.5495495495495496,0.4774774774774775,0.0,0.0,0.0,0.0,0.0,0.0,0.0,0.0,0.5797101449275363,0.47619047619047616,0.0,0.6216216216216216,0.3783783783783784,0.47809064890231884,0
HEROMOTOCO,5,0.9,898,99,111,2025-08-12,2026-04-21,0.5495495495495496,0.5653871177618739,0.5689655172413793,0.5689655172413793,0.5689655172413793,33,25,28,25,0.5225225225225225,0.5585585585585585,0.0,0.0,0.0,0.0,0.0,0.0,0.0,0.0,0.5689655172413793,0.5283018867924528,0.0,0.5225225225225225,0.4774774774774775,0.3781712407105377,0
HEROMOTOCO,6,0.95,947,105,56,2025-12-22,2026-04-21,0.5357142857142857,0.5841836734693877,0.5666666666666667,0.53125,0.6071428571428571,17,15,13,11,0.5357142857142857,0.5892857142857143,0.0,0.0,0.0,0.0,0.0,0.0,0.0,0.0,0.53125,0.5416666666666667,0.0,0.5714285714285714,0.42857142857142855,0.2518063480357515,0
EICHERMOT,1,0.7,716,79,114,2024-03-20,2024-12-03,0.41228070175438597,0.41602465331278893,0.32323232323232326,0.4,0.2711864406779661,16,24,31,43,0.3684210526315789,0.4824561403508772,0.0,0.0,0.0,0.0,0.0,0.0,0.0,0.0,0.4,0.41891891891891897,0.0,0.3508771929824561,0.6491228070175439,1.0,0
EICHERMOT,2,0.75,767,85,114,2024-08-05,2025-03-26,0.5263157894736842,0.538771712158809,0.37209302325581395,0.47058823529411764,0.3076923076923077,16,18,44,36,0.47368421052631576,0.5350877192982456,0.0,0.0,0.0,0.0,0.0,0.0,0.0,0.0,0.47058823529411764,0.55,0.0,0.2982456140350877,0.7017543859649122,1.0,0
EICHERMOT,3,0.8,819,90,114,2024-12-04,2025-07-28,0.5614035087719298,0.5216989843028624,0.5370370370370371,0.5686274509803921,0.5087719298245614,29,22,35,28,0.5,0.5526315789473685,0.0,0.0,0.0,0.0,0.0,0.0,0.0,0.0,0.5686274509803921,0.5555555555555556,0.0,0.4473684210526316,0.5526315789473685,1.0,0
EICHERMOT,4,0.85,870,96,114,2025-03-28,2025-12-15,0.543859649122807,0.489375,0.5806451612903226,0.6,0.5625,36,24,26,28,0.5614035087719298,0.4824561403508772,0.0,0.0,0.0,0.0,0.0,0.0,0.0,0.0,0.6,0.4814814814814815,0.0,0.5263157894736842,0.47368421052631576,0.1214639250422094,0
EICHERMOT,5,0.9,921,102,114,2025-07-31,2026-04-16,0.5175438596491229,0.5222533457827576,0.56,0.5645161290322581,0.5555555555555556,35,27,24,28,0.4824561403508772,0.5263157894736842,0.0,0.0,0.0,0.0,0.0,0.0,0.0,0.0,0.5645161290322581,0.46153846153846156,0.0,0.543859649122807,0.45614035087719296,0.10000660285425449,0
EICHERMOT,6,0.95,972,108,57,2025-12-16,2026-04-16,0.47368421052631576,0.45935960591133007,0.53125,0.4722222222222222,0.6071428571428571,17,19,10,11,0.543859649122807,0.543859649122807,0.0,0.0,0.0,0.0,0.0,0.0,0.0,0.0,0.4722222222222222,0.47619047619047616,0.0,0.631578947368421,0.3684210526315789,0.5889627481238754,0
TVSMOTOR,1,0.7,712,79,113,2024-04-22,2024-12-02,0.5486725663716814,0.37685364281108963,0.7017543859649122,0.5714285714285714,0.9090909090909091,60,45,2,6,0.45132743362831856,0.584070796460177,0.0,0.0,0.0,0.0,0.0,0.0,0.0,0.0,0.5714285714285714,0.25,0.0,0.9292035398230089,0.07079646017699115,0.3776395349386349,0
TVSMOTOR,2,0.75,764,84,113,2024-08-08,2025-03-25,0.504424778761062,0.49335863377609107,0.6666666666666666,0.5283018867924528,0.9032258064516129,56,50,1,6,0.4690265486725664,0.5486725663716814,0.0,0.0,0.0,0.0,0.0,0.0,0.0,0.0,0.5283018867924528,0.1428571428571429,0.0,0.9380530973451328,0.061946902654867256,1.0,0
TVSMOTOR,3,0.8,814,90,113,2024-12-03,2025-07-21,0.5221238938053098,0.47991211550533586,0.6823529411764706,0.5225225225225225,0.9830508474576272,58,53,1,1,0.48672566371681414,0.5221238938053098,0.0,0.0,0.0,0.0,0.0,0.0,0.0,0.0,0.5225225225225225,0.5,0.0,0.9823008849557522,0.017699115044247787,0.5645927089249451,0
TVSMOTOR,4,0.85,865,96,113,2025-03-26,2025-12-12,0.5309734513274337,0.5144381669805399,0.6708074534161491,0.5294117647058824,0.9152542372881356,54,48,6,5,0.504424778761062,0.5221238938053098,0.0,0.0,0.0,0.0,0.0,0.0,0.0,0.0,0.5294117647058824,0.5454545454545454,0.0,0.9026548672566371,0.09734513274336283,0.2896135597846432,0
TVSMOTOR,5,0.9,916,101,114,2025-07-24,2026-04-21,0.5263157894736842,0.35929802955665024,0.6666666666666666,0.5094339622641509,0.9642857142857143,54,52,6,2,0.4298245614035088,0.49122807017543857,0.0,0.0,0.0,0.0,0.0,0.0,0.0,0.0,0.5094339622641509,0.75,0.0,0.9298245614035088,0.07017543859649122,0.38003800575604146,0
TVSMOTOR,6,0.95,967,107,57,2025-12-15,2026-04-21,0.5087719298245614,0.45657568238213403,0.6,0.4772727272727273,0.8076923076923077,21,23,8,5,0.43859649122807015,0.45614035087719296,0.0,0.0,0.0,0.0,0.0,0.0,0.0,0.0,0.4772727272727273,0.6153846153846154,0.0,0.7719298245614035,0.22807017543859648,1.0,0
M&M,1,0.7,698,77,111,2024-05-13,2024-12-18,0.5045045045045045,0.46428571428571425,0.60431654676259,0.5526315789473685,0.6666666666666666,42,34,14,21,0.5495495495495496,0.5225225225225225,0.0,0.0,0.0,0.0,0.0,0.0,0.0,0.0,0.5526315789473685,0.4,0.0,0.6846846846846847,0.3153153153153153,0.31612817605631555,0
M&M,2,0.75,748,83,110,2024-09-04,2025-04-04,0.4727272727272727,0.4265873015873016,0.6133333333333333,0.48936170212765956,0.8214285714285714,46,48,6,10,0.4818181818181818,0.509090909090909,0.0,0.0,0.0,0.0,0.0,0.0,0.0,0.0,0.48936170212765956,0.375,0.0,0.8545454545454545,0.14545454545454545,0.4773451481768374,0
M&M,3,0.8,798,88,111,2024-12-19,2025-08-11,0.5135135135135135,0.4437908496732026,0.6582278481012658,0.5306122448979592,0.8666666666666667,52,46,5,8,0.4774774774774775,0.5315315315315315,0.0,0.0,0.0,0.0,0.0,0.0,0.0,0.0,0.5306122448979592,0.3846153846153846,0.0,0.8828828828828829,0.11711711711711711,0.27132532270026216,0
M&M,4,0.85,847,94,111,2025-04-07,2025-12-05,0.5405405405405406,0.375,0.6792452830188679,0.5684210526315789,0.84375,54,41,6,10,0.5225225225225225,0.5765765765765766,0.0,0.0,0.0,0.0,0.0,0.0,0.0,0.0,0.5684210526315789,0.375,0.0,0.8558558558558559,0.14414414414414414,1.0,0
M&M,5,0.9,898,99,111,2025-08-12,2026-04-21,0.4774774774774775,0.5107142857142858,0.6419753086419753,0.48598130841121495,0.9454545454545454,52,55,1,3,0.5405405405405406,0.4954954954954955,0.0,0.0,0.0,0.0,0.0,0.0,0.0,0.0,0.48598130841121495,0.25,0.0,0.963963963963964,0.036036036036036036,0.4059896278287811,0
M&M,6,0.95,947,105,56,2025-12-08,2026-04-21,0.48214285714285715,0.487741935483871,0.5915492957746479,0.45652173913043476,0.84,21,25,6,4,0.5,0.48214285714285715,0.0,0.0,0.0,0.0,0.0,0.0,0.0,0.0,0.45652173913043476,0.6,0.0,0.8214285714285714,0.17857142857142858,0.3775888663052021,0
EXIDEIND,1,0.7,698,77,111,2024-05-09,2024-12-11,0.5045045045045045,0.4756335282651072,0.6706586826347305,0.509090909090909,0.9824561403508771,56,54,0,1,0.5045045045045045,0.5135135135135135,0.0,0.0,0.0,0.0,0.0,0.0,0.0,0.0,0.509090909090909,0.0,0.0,0.990990990990991,0.009009009009009009,0.14237306459010432,0
EXIDEIND,2,0.75,748,83,110,2024-09-05,2025-04-08,0.4909090909090909,0.5061482220006646,0.5882352941176471,0.47058823529411764,0.7843137254901961,40,45,14,11,0.5454545454545454,0.509090909090909,0.0,0.0,0.0,0.0,0.0,0.0,0.0,0.0,0.47058823529411764,0.56,0.0,0.7727272727272727,0.22727272727272727,0.3226522893899293,0
EXIDEIND,3,0.8,798,88,111,2024-12-12,2025-08-14,0.42342342342342343,0.3758934372969461,0.5428571428571428,0.4578313253012048,0.6666666666666666,38,45,9,19,0.46846846846846846,0.5135135135135135,0.0,0.0,0.0,0.0,0.0,0.0,0.0,0.0,0.4578313253012048,0.3214285714285714,0.0,0.7477477477477478,0.25225225225225223,1.0,0
EXIDEIND,4,0.85,847,94,111,2025-04-09,2025-12-15,0.4774774774774775,0.425,0.6081081081081081,0.4891304347826087,0.8035714285714286,45,47,8,11,0.42342342342342343,0.5045045045045045,0.0,0.0,0.0,0.0,0.0,0.0,0.0,0.0,0.4891304347826087,0.42105263157894735,0.0,0.8288288288288288,0.17117117117117117,1.0,0
EXIDEIND,5,0.9,898,99,111,2025-08-19,2026-04-21,0.4594594594594595,0.47662936142198814,0.47368421052631576,0.4153846153846154,0.5510204081632653,27,38,24,22,0.4774774774774775,0.44144144144144143,0.0,0.0,0.0,0.0,0.0,0.0,0.0,0.0,0.4153846153846154,0.5217391304347826,0.0,0.5855855855855856,0.4144144144144144,1.0,0
EXIDEIND,6,0.95,947,105,56,2025-12-16,2026-04-21,0.5178571428571429,0.6145833333333334,0.5263157894736842,0.45454545454545453,0.625,15,18,14,9,0.5714285714285714,0.42857142857142855,0.0,0.0,0.0,0.0,0.0,0.0,0.0,0.0,0.45454545454545453,0.6086956521739131,0.0,0.5892857142857143,0.4107142857142857,1.0,0
BOSCHLTD,1,0.7,782,86,124,2024-01-05,2024-10-01,0.4838709677419355,0.44050632911392407,0.5616438356164384,0.6119402985074627,0.5189873417721519,41,26,19,38,0.5887096774193549,0.6370967741935484,0.0,0.0,0.0,0.0,0.0,0.0,0.0,0.0,0.6119402985074627,0.33333333333333337,0.0,0.5403225806451613,0.4596774193548387,0.11605967857186175,0
BOSCHLTD,2,0.75,837,93,124,2024-05-31,2025-02-21,0.5,0.472490221642764,0.6125,0.5157894736842106,0.7538461538461538,49,46,13,16,0.47580645161290325,0.5241935483870968,0.0,0.0,0.0,0.0,0.0,0.0,0.0,0.0,0.5157894736842106,0.4482758620689655,0.0,0.7661290322580645,0.23387096774193547,0.20980598247199286,0
BOSCHLTD,3,0.8,893,99,124,2024-10-07,2025-07-22,0.5241935483870968,0.5428194993412384,0.6628571428571428,0.5471698113207547,0.8405797101449275,58,48,7,11,0.5725806451612904,0.5564516129032258,0.0,0.0,0.0,0.0,0.0,0.0,0.0,0.0,0.5471698113207547,0.38888888888888884,0.0,0.8548387096774194,0.14516129032258066,0.2812012651913138,0
BOSCHLTD,4,0.85,949,105,124,2025-02-24,2025-12-01,0.5887096774193549,0.5193121693121693,0.6792452830188679,0.6067415730337079,0.7714285714285715,54,35,19,16,0.5806451612903226,0.5564516129032258,0.0,0.0,0.0,0.0,0.0,0.0,0.0,0.0,0.6067415730337079,0.5428571428571429,0.0,0.717741935483871,0.28225806451612906,0.11539565611812742,0
BOSCHLTD,5,0.9,1005,111,125,2025-07-25,2026-04-21,0.48,0.4404761904761905,0.5962732919254659,0.45714285714285713,0.8571428571428571,48,57,12,8,0.472,0.448,0.0,0.0,0.0,0.0,0.0,0.0,0.0,0.0,0.45714285714285713,0.6,0.0,0.84,0.16,0.7556778251825457,0
BOSCHLTD,6,0.95,1061,117,63,2025-12-03,2026-04-21,0.47619047619047616,0.4520408163265307,0.5714285714285714,0.4489795918367347,0.7857142857142857,22,27,8,6,0.5238095238095238,0.49206349206349204,0.0,0.0,0.0,0.0,0.0,0.0,0.0,0.0,0.4489795918367347,0.5714285714285714,0.0,0.7777777777777778,0.2222222222222222,0.501907298988883,0
MOTHERSON,1,0.7,752,83,119,2024-05-16,2024-12-30,0.46218487394957986,0.467409948542024,0.43859649122807015,0.5208333333333334,0.3787878787878788,25,23,30,41,0.4117647058823529,0.5042016806722689,0.0,0.0,0.0,0.0,0.0,0.0,0.0,0.0,0.5208333333333334,0.4225352112676056,0.0,0.40336134453781514,0.5966386554621849,0.5332986128618118,0
MOTHERSON,2,0.75,805,89,120,2024-09-12,2025-04-25,0.4583333333333333,0.4704895104895105,0.5323741007194245,0.44047619047619047,0.6727272727272727,37,47,18,18,0.45,0.4583333333333333,0.0,0.0,0.0,0.0,0.0,0.0,0.0,0.0,0.44047619047619047,0.5,0.0,0.7,0.3,0.21850110413770568,0
MOTHERSON,3,0.8,859,95,119,2024-12-31,2025-08-05,0.5210084033613446,0.6139061616732616,0.6586826347305389,0.5045871559633027,0.9482758620689655,55,54,7,3,0.5546218487394958,0.48739495798319327,0.0,0.0,0.0,0.0,0.0,0.0,0.0,0.0,0.5045871559633027,0.7,0.0,0.9159663865546218,0.08403361344537816,1.0,0
MOTHERSON,4,0.85,913,101,119,2025-04-29,2025-12-10,0.47058823529411764,0.49575551782682514,0.5935483870967742,0.4946236559139785,0.7419354838709677,46,47,10,16,0.48739495798319327,0.4117647058823529,0.0,0.0,0.0,0.0,0.0,0.0,0.0,0.0,0.4946236559139785,0.3846153846153846,0.0,0.7815126050420168,0.2184873949579832,1.0,0
MOTHERSON,5,0.9,966,107,120,2025-08-06,2026-04-21,0.4583333333333333,0.4283333333333334,0.5038167938931297,0.4647887323943662,0.55,33,38,22,27,0.55,0.4166666666666667,0.0,0.0,0.0,0.0,0.0,0.0,0.0,0.0,0.4647887323943662,0.44897959183673475,0.0,0.5916666666666667,0.4083333333333333,0.6540628069530334,0
MOTHERSON,6,0.95,1020,113,60,2025-12-11,2026-04-21,0.38333333333333336,0.4285714285714286,0.3728813559322034,0.3548387096774194,0.39285714285714285,11,20,12,17,0.4166666666666667,0.5166666666666667,0.0,0.0,0.0,0.0,0.0,0.0,0.0,0.0,0.3548387096774194,0.4137931034482759,0.0,0.5166666666666667,0.48333333333333334,1.0,0
DRREDDY,1,0.7,652,72,104,2024-04-16,2024-12-11,0.46153846153846156,0.4713281539030707,0.582089552238806,0.46987951807228917,0.7647058823529411,39,44,9,12,0.40384615384615385,0.49038461538461536,0.0,0.0,0.0,0.0,0.0,0.0,0.0,0.0,0.46987951807228917,0.4285714285714286,0.0,0.7980769230769231,0.20192307692307693,0.2105122668455002,0
DRREDDY,2,0.75,699,77,103,2024-08-09,2025-04-04,0.4077669902912621,0.4136363636363637,0.5481481481481482,0.42528735632183906,0.7708333333333334,37,50,5,11,0.44660194174757284,0.46601941747572817,0.0,0.0,0.0,0.0,0.0,0.0,0.0,0.0,0.42528735632183906,0.3125,0.0,0.8446601941747572,0.1553398058252427,0.10000660285425449,0
DRREDDY,3,0.8,746,82,103,2024-12-13,2025-07-30,0.5728155339805825,0.562929061784897,0.6901408450704225,0.5764705882352941,0.8596491228070176,49,36,10,8,0.5436893203883495,0.5533980582524272,0.0,0.0,0.0,0.0,0.0,0.0,0.0,0.0,0.5764705882352941,0.5555555555555556,0.0,0.8252427184466019,0.17475728155339806,1.0,0
DRREDDY,4,0.85,792,87,104,2025-04-07,2025-12-01,0.5769230769230769,0.5257296466973886,0.6901408450704225,0.6125,0.7903225806451613,49,31,11,13,0.5769230769230769,0.6153846153846154,0.0,0.0,0.0,0.0,0.0,0.0,0.0,0.0,0.6125,0.45833333333333337,0.0,0.7692307692307693,0.23076923076923078,1.0,0
DRREDDY,5,0.9,838,93,104,2025-07-31,2026-04-16,0.5192307692307693,0.5047080979284368,0.647887323943662,0.5542168674698795,0.7796610169491526,46,37,8,13,0.6057692307692307,0.5,0.0,0.0,0.0,0.0,0.0,0.0,0.0,0.0,0.5542168674698795,0.38095238095238093,0.0,0.7980769230769231,0.20192307692307693,0.40572238732951205,0
DRREDDY,6,0.95,885,98,52,2025-12-02,2026-04-16,0.4423076923076923,0.39880952380952384,0.6133333333333333,0.48936170212765956,0.8214285714285714,23,24,0,5,0.4807692307692308,0.4807692307692308,0.0,0.0,0.0,0.0,0.0,0.0,0.0,0.0,0.48936170212765956,0.0,0.0,0.9038461538461539,0.09615384615384616,0.3463326492508955,0
SUNPHARMA,1,0.7,662,73,105,2024-03-13,2024-11-05,0.45714285714285713,0.48337112622826905,0.4864864864864865,0.5625,0.42857142857142855,27,21,21,36,0.5333333333333333,0.49523809523809526,0.0,0.0,0.0,0.0,0.0,0.0,0.0,0.0,0.5625,0.368421052631579,0.0,0.45714285714285713,0.5428571428571428,1.0,0
SUNPHARMA,2,0.75,710,78,105,2024-07-15,2025-03-11,0.5142857142857142,0.5112481857764877,0.5565217391304348,0.5161290322580645,0.6037735849056604,32,30,22,21,0.5428571428571428,0.5333333333333333,0.0,0.0,0.0,0.0,0.0,0.0,0.0,0.0,0.5161290322580645,0.5116279069767442,0.0,0.5904761904761905,0.4095238095238095,0.2756740430987226,0
SUNPHARMA,3,0.8,756,84,105,2024-11-06,2025-07-15,0.45714285714285713,0.4788011695906433,0.5581395348837209,0.4444444444444444,0.75,36,45,12,12,0.4666666666666667,0.44761904761904764,0.0,0.0,0.0,0.0,0.0,0.0,0.0,0.0,0.4444444444444444,0.5,0.0,0.7714285714285715,0.22857142857142856,0.4620102152983896,0
SUNPHARMA,4,0.85,804,89,105,2025-03-13,2025-12-01,0.6095238095238096,0.4904200442151806,0.7092198581560284,0.6097560975609756,0.847457627118644,50,32,14,9,0.5333333333333333,0.5904761904761905,0.0,0.0,0.0,0.0,0.0,0.0,0.0,0.0,0.6097560975609756,0.6086956521739131,0.0,0.780952380952381,0.21904761904761905,0.3771638068854293,0
SUNPHARMA,5,0.9,851,94,106,2025-07-17,2026-04-16,0.6226415094339622,0.6292857142857143,0.6923076923076923,0.6081081081081081,0.8035714285714286,45,29,21,11,0.5754716981132075,0.5754716981132075,0.0,0.0,0.0,0.0,0.0,0.0,0.0,0.0,0.6081081081081081,0.65625,0.0,0.6981132075471698,0.3018867924528302,0.23966436420171822,0
SUNPHARMA,6,0.95,899,99,53,2025-12-02,2026-04-16,0.6226415094339622,0.64,0.6153846153846154,0.5925925925925926,0.64,16,11,17,9,0.6415094339622641,0.49056603773584906,0.0,0.0,0.0,0.0,0.0,0.0,0.0,0.0,0.5925925925925926,0.6538461538461539,0.0,0.5094339622641509,0.49056603773584906,0.7348334464326146,0
CIPLA,1,0.7,659,73,104,2024-03-22,2024-11-11,0.5096153846153846,0.502962962962963,0.5486725663716814,0.49206349206349204,0.62,31,32,22,19,0.5288461538461539,0.5,0.0,0.0,0.0,0.0,0.0,0.0,0.0,0.0,0.49206349206349204,0.5365853658536586,0.0,0.6057692307692307,0.3942307692307692,0.34023232846576656,0
CIPLA,2,0.75,706,78,105,2024-08-05,2025-03-20,0.5428571428571428,0.5366739288307916,0.625,0.5405405405405406,0.7407407407407407,40,34,17,14,0.4857142857142857,0.5142857142857142,0.0,0.0,0.0,0.0,0.0,0.0,0.0,0.0,0.5405405405405406,0.5483870967741935,0.0,0.7047619047619048,0.29523809523809524,0.44753634266214115,0
CIPLA,3,0.8,753,83,105,2024-11-12,2025-07-24,0.5142857142857142,0.5142543859649122,0.592,0.5441176470588235,0.6491228070175439,37,31,17,20,0.5142857142857142,0.5333333333333333,0.0,0.0,0.0,0.0,0.0,0.0,0.0,0.0,0.5441176470588235,0.45945945945945943,0.0,0.6476190476190476,0.3523809523809524,0.31899607140651587,0
CIPLA,4,0.85,801,88,104,2025-03-24,2025-11-25,0.5,0.45498511904761907,0.6388888888888888,0.5227272727272727,0.8214285714285714,46,42,6,10,0.5096153846153846,0.5288461538461539,0.0,0.0,0.0,0.0,0.0,0.0,0.0,0.0,0.5227272727272727,0.375,0.0,0.8461538461538461,0.15384615384615385,0.39657313440863684,0
CIPLA,5,0.9,847,94,105,2025-07-25,2026-04-16,0.4857142857142857,0.5145454545454545,0.5,0.46551724137931033,0.54,27,31,24,23,0.47619047619047616,0.4857142857142857,0.0,0.0,0.0,0.0,0.0,0.0,0.0,0.0,0.46551724137931033,0.5106382978723405,0.0,0.5523809523809524,0.44761904761904764,0.658712475680445,0
CIPLA,6,0.95,894,99,53,2025-12-01,2026-04-16,0.3584905660377358,0.4706744868035191,0.48484848484848486,0.36363636363636365,0.7272727272727273,16,28,3,6,0.41509433962264153,0.41509433962264153,0.0,0.0,0.0,0.0,0.0,0.0,0.0,0.0,0.36363636363636365,0.33333333333333337,0.0,0.8301886792452831,0.16981132075471697,0.3460035960480489,0
LUPIN,1,0.7,689,76,109,2024-04-03,2024-11-25,0.5321100917431193,0.5226504394861393,0.6222222222222222,0.5454545454545454,0.7241379310344828,42,35,16,16,0.5321100917431193,0.5045871559633027,0.0,0.0,0.0,0.0,0.0,0.0,0.0,0.0,0.5454545454545454,0.5,0.0,0.7064220183486238,0.29357798165137616,0.38214827212248187,0
LUPIN,2,0.75,738,81,110,2024-08-05,2025-03-13,0.4727272727272727,0.5552248677248678,0.5671641791044776,0.48717948717948717,0.6785714285714286,38,40,14,18,0.5363636363636364,0.44545454545454544,0.0,0.0,0.0,0.0,0.0,0.0,0.0,0.0,0.48717948717948717,0.4375,0.0,0.7090909090909091,0.2909090909090909,0.42932403157681476,0
LUPIN,3,0.8,787,87,109,2024-11-26,2025-07-16,0.5137614678899083,0.43864406779661014,0.6666666666666666,0.53,0.8983050847457628,53,47,3,6,0.4954128440366973,0.5412844036697247,0.0,0.0,0.0,0.0,0.0,0.0,0.0,0.0,0.53,0.33333333333333337,0.0,0.9174311926605505,0.08256880733944955,0.6765064811534482,0
LUPIN,4,0.85,837,92,109,2025-03-18,2025-11-07,0.48623853211009177,0.4591767881241565,0.6056338028169014,0.5058823529411764,0.7543859649122807,43,42,10,14,0.5229357798165137,0.5412844036697247,0.0,0.0,0.0,0.0,0.0,0.0,0.0,0.0,0.5058823529411764,0.41666666666666663,0.0,0.7798165137614679,0.22018348623853212,1.0,0
LUPIN,5,0.9,885,98,110,2025-07-17,2026-04-10,0.509090909090909,0.5802714333002317,0.6351351351351351,0.5164835164835165,0.8245614035087719,47,44,9,10,0.4909090909090909,0.5181818181818182,0.0,0.0,0.0,0.0,0.0,0.0,0.0,0.0,0.5164835164835165,0.4736842105263158,0.0,0.8272727272727273,0.17272727272727273,0.23735423465478028,0
LUPIN,6,0.95,935,103,55,2025-11-10,2026-04-10,0.5818181818181818,0.4573333333333333,0.684931506849315,0.5813953488372093,0.8333333333333334,25,18,7,5,0.41818181818181815,0.4727272727272727,0.0,0.0,0.0,0.0,0.0,0.0,0.0,0.0,0.5813953488372093,0.5833333333333333,0.0,0.7818181818181819,0.21818181818181817,0.24226102900929739,0
TORNTPHARM,1,0.7,672,74,107,2024-04-03,2024-12-12,0.48598130841121495,0.4781362007168458,0.5669291338582677,0.5538461538461539,0.5806451612903226,36,29,16,26,0.48598130841121495,0.5420560747663551,0.0,0.0,0.0,0.0,0.0,0.0,0.0,0.0,0.5538461538461539,0.38095238095238093,0.0,0.6074766355140186,0.3925233644859813,0.4506830547639358,0
TORNTPHARM,2,0.75,720,80,106,2024-08-06,2025-04-02,0.46226415094339623,0.47535714285714287,0.5777777777777777,0.4588235294117647,0.78,39,46,10,11,0.49056603773584906,0.5,0.0,0.0,0.0,0.0,0.0,0.0,0.0,0.0,0.4588235294117647,0.47619047619047616,0.0,0.8018867924528302,0.19811320754716982,0.318490959511542,0
TORNTPHARM,3,0.8,768,85,107,2024-12-13,2025-07-28,0.48598130841121495,0.4775910364145658,0.6308724832214765,0.5053763440860215,0.8392857142857143,47,46,5,9,0.4953271028037383,0.4953271028037383,0.0,0.0,0.0,0.0,0.0,0.0,0.0,0.0,0.5053763440860215,0.3571428571428571,0.0,0.8691588785046729,0.1308411214953271,0.6387943216014119,0
TORNTPHARM,4,0.85,816,90,107,2025-04-03,2025-12-05,0.5607476635514018,0.48774509803921573,0.6845637583892618,0.5483870967741935,0.9107142857142857,51,42,9,5,0.4953271028037383,0.5233644859813084,0.0,0.0,0.0,0.0,0.0,0.0,0.0,0.0,0.5483870967741935,0.6428571428571428,0.0,0.8691588785046729,0.1308411214953271,1.0,0
TORNTPHARM,5,0.9,864,96,107,2025-07-29,2026-04-21,0.4953271028037383,0.4521313766596785,0.6086956521739131,0.5,0.7777777777777778,42,42,11,12,0.5420560747663551,0.5046728971962616,0.0,0.0,0.0,0.0,0.0,0.0,0.0,0.0,0.5,0.4782608695652174,0.0,0.7850467289719626,0.21495327102803738,1.0,0
TORNTPHARM,6,0.95,912,101,54,2025-12-09,2026-04-21,0.5555555555555556,0.4722222222222222,0.6756756756756757,0.5681818181818182,0.8333333333333334,25,19,5,5,0.5555555555555556,0.46296296296296297,0.0,0.0,0.0,0.0,0.0,0.0,0.0,0.0,0.5681818181818182,0.5,0.0,0.8148148148148148,0.18518518518518517,0.47199823611128244,0
DIVISLAB,1,0.7,766,85,121,2023-11-20,2024-09-18,0.48760330578512395,0.5187949143173024,0.5303030303030303,0.5384615384615384,0.5223880597014925,35,30,24,32,0.5289256198347108,0.4462809917355372,0.0,0.0,0.0,0.0,0.0,0.0,0.0,0.0,0.5384615384615384,0.4285714285714286,0.0,0.5371900826446281,0.4628099173553719,0.10869189192806826,0
DIVISLAB,2,0.75,821,91,121,2024-04-24,2025-02-01,0.49586776859504134,0.5440613026819923,0.5481481481481482,0.5138888888888888,0.5873015873015873,37,35,23,26,0.47107438016528924,0.49586776859504134,0.0,0.0,0.0,0.0,0.0,0.0,0.0,0.0,0.5138888888888888,0.4693877551020408,0.0,0.5950413223140496,0.4049586776859504,1.0,0
DIVISLAB,3,0.8,875,97,122,2024-09-20,2025-06-26,0.5573770491803278,0.5908602150537635,0.5846153846153846,0.5588235294117647,0.6129032258064516,38,30,30,24,0.5245901639344263,0.5655737704918032,0.0,0.0,0.0,0.0,0.0,0.0,0.0,0.0,0.5588235294117647,0.5555555555555556,0.0,0.5573770491803278,0.4426229508196721,0.47355484907496664,0
DIVISLAB,4,0.85,930,103,122,2025-02-03,2025-11-07,0.5409836065573771,0.5346320346320346,0.5882352941176471,0.5714285714285714,0.6060606060606061,40,30,26,26,0.4918032786885246,0.4918032786885246,0.0,0.0,0.0,0.0,0.0,0.0,0.0,0.0,0.5714285714285714,0.5,0.0,0.5737704918032787,0.4262295081967213,0.4153223241410702,0
DIVISLAB,5,0.9,985,109,122,2025-06-27,2026-04-16,0.4098360655737705,0.398110661268556,0.5,0.41379310344827586,0.631578947368421,36,51,14,21,0.4098360655737705,0.45901639344262296,0.0,0.0,0.0,0.0,0.0,0.0,0.0,0.0,0.41379310344827586,0.4,0.0,0.7131147540983607,0.28688524590163933,0.377856949583817,0
DIVISLAB,6,0.95,1040,115,61,2025-11-10,2026-04-16,0.39344262295081966,0.43444444444444447,0.44776119402985076,0.35714285714285715,0.6,15,27,9,10,0.47540983606557374,0.4918032786885246,0.0,0.0,0.0,0.0,0.0,0.0,0.0,0.0,0.35714285714285715,0.4736842105263158,0.0,0.6885245901639344,0.3114754098360656,0.7592808597298518,0
ALKEM,1,0.7,681,75,108,2024-04-09,2024-11-12,0.5462962962962963,0.5453296703296704,0.5504587155963303,0.5660377358490566,0.5357142857142857,30,23,29,26,0.46296296296296297,0.5555555555555556,0.0,0.0,0.0,0.0,0.0,0.0,0.0,0.0,0.5660377358490566,0.5272727272727273,0.0,0.49074074074074076,0.5092592592592593,0.341506320758411,0
ALKEM,2,0.75,729,81,108,2024-07-30,2025-03-11,0.5277777777777778,0.5288461538461537,0.592,0.5068493150684932,0.7115384615384616,37,36,20,15,0.46296296296296297,0.4722222222222222,0.0,0.0,0.0,0.0,0.0,0.0,0.0,0.0,0.5068493150684932,0.5714285714285714,0.0,0.6759259259259259,0.32407407407407407,1.0,0
ALKEM,3,0.8,778,86,108,2024-11-13,2025-07-11,0.4537037037037037,0.47353856796956073,0.549618320610687,0.43902439024390244,0.7346938775510204,36,46,13,13,0.4444444444444444,0.5185185185185185,0.0,0.0,0.0,0.0,0.0,0.0,0.0,0.0,0.43902439024390244,0.5,0.0,0.7592592592592593,0.24074074074074073,0.39555194504914193,0
ALKEM,4,0.85,827,91,108,2025-03-12,2025-12-09,0.4722222222222222,0.4735576923076923,0.5777777777777777,0.4936708860759494,0.6964285714285714,39,40,12,17,0.5370370370370371,0.5185185185185185,0.0,0.0,0.0,0.0,0.0,0.0,0.0,0.0,0.4936708860759494,0.4137931034482759,0.0,0.7314814814814815,0.26851851851851855,1.0,0
ALKEM,5,0.9,875,97,108,2025-07-14,2026-04-21,0.5092592592592593,0.5289879931389365,0.5619834710743802,0.5,0.6415094339622641,34,34,21,19,0.48148148148148145,0.4166666666666667,0.0,0.0,0.0,0.0,0.0,0.0,0.0,0.0,0.5,0.525,0.0,0.6296296296296297,0.37037037037037035,1.0,0
ALKEM,6,0.95,924,102,54,2025-12-10,2026-04-21,0.5370370370370371,0.5125,0.5098039215686274,0.48148148148148145,0.5416666666666666,13,14,16,11,0.5370370370370371,0.48148148148148145,0.0,0.0,0.0,0.0,0.0,0.0,0.0,0.0,0.48148148148148145,0.5925925925925926,0.0,0.5,0.5,0.1850089672012031,0
AUROPHARMA,1,0.7,727,80,116,2024-05-10,2024-12-30,0.5431034482758621,0.4883928571428572,0.43010752688172044,0.5405405405405406,0.35714285714285715,20,17,43,36,0.4396551724137931,0.46551724137931033,0.0,0.0,0.0,0.0,0.0,0.0,0.0,0.0,0.5405405405405406,0.5443037974683544,0.0,0.31896551724137934,0.6810344827586207,0.10000660285425449,0
AUROPHARMA,2,0.75,779,86,115,2024-09-10,2025-04-23,0.5130434782608696,0.5052860696517413,0.42857142857142855,0.42,0.4375,21,29,38,27,0.5739130434782609,0.4956521739130435,0.0,0.0,0.0,0.0,0.0,0.0,0.0,0.0,0.42,0.5846153846153845,0.0,0.43478260869565216,0.5652173913043478,0.3373839729446254,0
AUROPHARMA,3,0.8,831,92,115,2024-12-31,2025-08-14,0.5043478260869565,0.48759079903147695,0.5581395348837209,0.4931506849315068,0.6428571428571429,36,37,22,20,0.46956521739130436,0.48695652173913045,0.0,0.0,0.0,0.0,0.0,0.0,0.0,0.0,0.4931506849315068,0.5238095238095238,0.0,0.6347826086956522,0.3652173913043478,0.5827200390056955,0
AUROPHARMA,4,0.85,882,98,116,2025-04-24,2025-12-16,0.5258620689655172,0.536723163841808,0.5045045045045045,0.5384615384615384,0.4745762711864407,28,24,33,31,0.49137931034482757,0.45689655172413796,0.0,0.0,0.0,0.0,0.0,0.0,0.0,0.0,0.5384615384615384,0.515625,0.0,0.4482758620689655,0.5517241379310345,1.0,0
AUROPHARMA,5,0.9,935,103,116,2025-08-19,2026-04-21,0.5,0.5591397849462366,0.3409090909090909,0.5769230769230769,0.24193548387096775,15,11,43,47,0.47413793103448276,0.5086206896551724,0.0,0.0,0.0,0.0,0.0,0.0,0.0,0.0,0.5769230769230769,0.47777777777777775,0.0,0.22413793103448276,0.7758620689655172,1.0,0
AUROPHARMA,6,0.95,987,109,58,2025-12-17,2026-04-21,0.4827586206896552,0.49759615384615385,0.4444444444444444,0.5454545454545454,0.375,12,10,16,20,0.5517241379310345,0.4482758620689655,0.0,0.0,0.0,0.0,0.0,0.0,0.0,0.0,0.5454545454545454,0.4444444444444444,0.0,0.3793103448275862,0.6206896551724138,1.0,0
HINDUNILVR,1,0.7,636,70,101,2024-05-13,2025-01-08,0.6039603960396039,0.5911949685534592,0.6226415094339622,0.5689655172413793,0.6875,33,25,28,15,0.5643564356435643,0.5643564356435643,0.0,0.0,0.0,0.0,0.0,0.0,0.0,0.0,0.5689655172413793,0.6511627906976745,0.0,0.5742574257425742,0.42574257425742573,0.3987587981000309,0
HINDUNILVR,2,0.75,681,75,101,2024-09-11,2025-05-15,0.5247524752475248,0.5835351089588379,0.5294117647058824,0.45,0.6428571428571429,27,33,26,15,0.5346534653465347,0.4158415841584158,0.0,0.0,0.0,0.0,0.0,0.0,0.0,0.0,0.45,0.6341463414634146,0.0,0.594059405940594,0.40594059405940597,0.4133262376350695,0
HINDUNILVR,3,0.8,727,80,101,2025-01-13,2025-08-26,0.49504950495049505,0.4972549019607843,0.6106870229007634,0.49382716049382713,0.8,40,41,10,10,0.5346534653465347,0.5544554455445545,0.0,0.0,0.0,0.0,0.0,0.0,0.0,0.0,0.49382716049382713,0.5,0.0,0.801980198019802,0.19801980198019803,0.10000660285425449,0
HINDUNILVR,4,0.85,772,85,101,2025-05-19,2025-12-23,0.504950495049505,0.5172549019607844,0.576271186440678,0.5,0.68,34,34,17,16,0.46534653465346537,0.504950495049505,0.0,0.0,0.0,0.0,0.0,0.0,0.0,0.0,0.5,0.5151515151515151,0.0,0.6732673267326733,0.32673267326732675,0.6071004089531646,0
HINDUNILVR,5,0.9,818,90,101,2025-09-01,2026-04-21,0.5445544554455446,0.5338050314465408,0.5490196078431373,0.5185185185185185,0.5833333333333334,28,26,27,20,0.504950495049505,0.5247524752475248,0.0,0.0,0.0,0.0,0.0,0.0,0.0,0.0,0.5185185185185185,0.574468085106383,0.0,0.5346534653465347,0.46534653465346537,0.10000660285425449,0
HINDUNILVR,6,0.95,863,95,51,2025-12-30,2026-04-21,0.43137254901960786,0.4243827160493827,0.43137254901960786,0.4074074074074074,0.4583333333333333,11,16,11,13,0.37254901960784315,0.4117647058823529,0.0,0.0,0.0,0.0,0.0,0.0,0.0,0.0,0.4074074074074074,0.45833333333333337,0.0,0.5294117647058824,0.47058823529411764,1.0,0
NESTLEIND,1,0.7,630,69,100,2024-05-09,2025-01-03,0.45,0.34679999999999994,0.5454545454545454,0.4647887323943662,0.66,33,38,12,17,0.44,0.5,0.0,0.0,0.0,0.0,0.0,0.0,0.0,0.0,0.4647887323943662,0.4137931034482759,0.0,0.71,0.29,0.10000660285425449,0
NESTLEIND,2,0.75,675,74,100,2024-09-09,2025-05-09,0.43,0.4006423123243677,0.5289256198347108,0.43243243243243246,0.6808510638297872,32,42,11,15,0.5,0.43,0.0,0.0,0.0,0.0,0.0,0.0,0.0,0.0,0.43243243243243246,0.42307692307692313,0.0,0.74,0.26,0.47467747021915674,0
NESTLEIND,3,0.8,720,79,100,2025-01-06,2025-08-19,0.52,0.5344551282051282,0.6712328767123288,0.5212765957446809,0.9423076923076923,49,45,3,3,0.52,0.52,0.0,0.0,0.0,0.0,0.0,0.0,0.0,0.0,0.5212765957446809,0.5,0.0,0.94,0.06,1.0,0
NESTLEIND,4,0.85,765,84,100,2025-05-12,2025-12-19,0.47,0.5118047218887555,0.5954198473282443,0.47560975609756095,0.7959183673469388,39,43,8,10,0.52,0.44,0.0,0.0,0.0,0.0,0.0,0.0,0.0,0.0,0.47560975609756095,0.4444444444444444,0.0,0.82,0.18,1.7024221522901108,0
NESTLEIND,5,0.9,810,89,100,2025-08-20,2026-04-21,0.5,0.4943910256410256,0.4897959183673469,0.48,0.5,24,26,26,24,0.46,0.55,0.0,0.0,0.0,0.0,0.0,0.0,0.0,0.0,0.48,0.52,0.0,0.5,0.5,0.540734208019347,0
NESTLEIND,6,0.95,855,94,50,2025-12-24,2026-04-21,0.6,0.6240000000000001,0.5833333333333334,0.6086956521739131,0.56,14,9,16,11,0.58,0.5,0.0,0.0,0.0,0.0,0.0,0.0,0.0,0.0,0.6086956521739131,0.5925925925925926,0.0,0.46,0.54,1.0,0
ITC,1,0.7,647,71,102,2024-02-23,2024-10-24,0.5588235294117647,0.6323076923076923,0.6511627906976745,0.5454545454545454,0.8076923076923077,42,35,15,10,0.6274509803921569,0.5392156862745098,0.0,0.0,0.0,0.0,0.0,0.0,0.0,0.0,0.5454545454545454,0.6,0.0,0.7549019607843137,0.24509803921568626,0.673950862710302,0
ITC,2,0.75,693,76,103,2024-07-04,2025-03-11,0.49514563106796117,0.5586206896551724,0.543859649122807,0.4492753623188406,0.6888888888888889,31,38,20,14,0.5242718446601942,0.4854368932038835,0.0,0.0,0.0,0.0,0.0,0.0,0.0,0.0,0.4492753623188406,0.5882352941176471,0.0,0.6699029126213593,0.3300970873786408,0.7024439688920441,0
ITC,3,0.8,738,82,103,2024-10-28,2025-08-04,0.4368932038834951,0.37909992372234935,0.49122807017543857,0.4117647058823529,0.6086956521739131,28,40,17,18,0.5145631067961165,0.4563106796116505,0.0,0.0,0.0,0.0,0.0,0.0,0.0,0.0,0.4117647058823529,0.48571428571428577,0.0,0.6601941747572816,0.33980582524271846,0.47164805699741125,0
ITC,4,0.85,785,87,102,2025-03-13,2025-12-12,0.4411764705882353,0.3969230769230769,0.5511811023622047,0.4666666666666667,0.6730769230769231,35,40,10,17,0.47058823529411764,0.49019607843137253,0.0,0.0,0.0,0.0,0.0,0.0,0.0,0.0,0.4666666666666667,0.37037037037037035,0.0,0.7352941176470589,0.2647058823529412,1.0,0
ITC,5,0.9,831,92,103,2025-08-05,2026-04-21,0.5436893203883495,0.5350539291217257,0.41975308641975306,0.4594594594594595,0.38636363636363635,17,20,39,27,0.49514563106796117,0.5145631067961165,0.0,0.0,0.0,0.0,0.0,0.0,0.0,0.0,0.4594594594594595,0.5909090909090908,0.0,0.3592233009708738,0.6407766990291263,0.2590686802361271,0
ITC,6,0.95,877,97,52,2025-12-16,2026-04-21,0.6153846153846154,0.43221690590111644,0.0,0.0,0.0,0,1,32,19,0.4423076923076923,0.6346153846153846,0.0,0.0,0.0,0.0,0.0,0.0,0.0,0.0,0.0,0.6274509803921569,0.0,0.019230769230769232,0.9807692307692307,1.0,0
BRITANNIA,1,0.7,621,69,98,2024-05-27,2025-01-13,0.4897959183673469,0.44360587002096435,0.5614035087719298,0.5245901639344263,0.6037735849056604,32,29,16,21,0.47959183673469385,0.4489795918367347,0.0,0.0,0.0,0.0,0.0,0.0,0.0,0.0,0.5245901639344263,0.43243243243243246,0.0,0.6224489795918368,0.37755102040816324,0.4257582788943617,0
BRITANNIA,2,0.75,666,73,99,2024-09-19,2025-05-08,0.6060606060606061,0.5959183673469388,0.6829268292682927,0.5753424657534246,0.84,42,31,18,8,0.6464646464646465,0.5050505050505051,0.0,0.0,0.0,0.0,0.0,0.0,0.0,0.0,0.5753424657534246,0.6923076923076923,0.0,0.7373737373737373,0.26262626262626265,1.0,0
BRITANNIA,3,0.8,710,78,99,2025-01-15,2025-08-21,0.5858585858585859,0.5264462809917355,0.6771653543307087,0.5972222222222222,0.7818181818181819,43,29,15,12,0.5858585858585859,0.5555555555555556,0.0,0.0,0.0,0.0,0.0,0.0,0.0,0.0,0.5972222222222222,0.5555555555555556,0.0,0.7272727272727273,0.2727272727272727,0.6165576629357651,0
BRITANNIA,4,0.85,755,83,98,2025-05-09,2025-12-16,0.5102040816326531,0.5004208754208754,0.6129032258064516,0.5428571428571428,0.7037037037037037,38,32,12,16,0.4489795918367347,0.5102040816326531,0.0,0.0,0.0,0.0,0.0,0.0,0.0,0.0,0.5428571428571428,0.4285714285714286,0.0,0.7142857142857143,0.2857142857142857,0.4258983037296229,0
BRITANNIA,5,0.9,799,88,99,2025-08-25,2026-04-21,0.46464646464646464,0.4665032679738562,0.5546218487394958,0.4852941176470588,0.6470588235294118,33,35,13,18,0.5454545454545454,0.5151515151515151,0.0,0.0,0.0,0.0,0.0,0.0,0.0,0.0,0.4852941176470588,0.4193548387096774,0.0,0.6868686868686869,0.31313131313131315,0.22501005953371683,0
BRITANNIA,6,0.95,843,93,50,2025-12-17,2026-04-21,0.44,0.4423076923076923,0.48148148148148145,0.43333333333333335,0.5416666666666666,13,17,9,11,0.5,0.48,0.0,0.0,0.0,0.0,0.0,0.0,0.0,0.0,0.43333333333333335,0.44999999999999996,0.0,0.6,0.4,1.0,0
TATACONSUM,1,0.7,697,77,110,2024-03-28,2024-12-09,0.5818181818181818,0.6176762661370406,0.5,0.5897435897435898,0.4339622641509434,23,16,41,30,0.5181818181818182,0.5181818181818182,0.0,0.0,0.0,0.0,0.0,0.0,0.0,0.0,0.5897435897435898,0.5774647887323944,0.0,0.35454545454545455,0.6454545454545455,1.0,0
TATACONSUM,2,0.75,747,82,111,2024-08-12,2025-04-07,0.5405405405405406,0.5380116959064327,0.6277372262773723,0.5375,0.7543859649122807,43,37,17,14,0.4774774774774775,0.5765765765765766,0.0,0.0,0.0,0.0,0.0,0.0,0.0,0.0,0.5375,0.5483870967741935,0.0,0.7207207207207207,0.27927927927927926,0.4512221564243546,0
TATACONSUM,3,0.8,796,88,111,2024-12-10,2025-08-04,0.42342342342342343,0.4285250162443145,0.5294117647058824,0.45569620253164556,0.631578947368421,36,43,11,21,0.46846846846846846,0.45045045045045046,0.0,0.0,0.0,0.0,0.0,0.0,0.0,0.0,0.45569620253164556,0.34375,0.0,0.7117117117117117,0.2882882882882883,0.4829043166092988,0
TATACONSUM,4,0.85,846,94,110,2025-04-08,2025-12-09,0.5454545454545454,0.43320105820105825,0.6527777777777778,0.5222222222222223,0.8703703703703703,47,43,13,7,0.4818181818181818,0.5181818181818182,0.0,0.0,0.0,0.0,0.0,0.0,0.0,0.0,0.5222222222222223,0.65,0.0,0.8181818181818182,0.18181818181818182,1.0,0
TATACONSUM,5,0.9,896,99,111,2025-08-05,2026-04-21,0.5405405405405406,0.5508474576271187,0.5853658536585366,0.5625,0.6101694915254238,36,28,24,23,0.5135135135135135,0.46846846846846846,0.0,0.0,0.0,0.0,0.0,0.0,0.0,0.0,0.5625,0.5106382978723405,0.0,0.5765765765765766,0.42342342342342343,1.0,0
TATACONSUM,6,0.95,945,105,56,2025-12-11,2026-04-21,0.5535714285714286,0.5935897435897436,0.6666666666666666,0.5555555555555556,0.8333333333333334,25,20,6,5,0.5178571428571429,0.5357142857142857,0.0,0.0,0.0,0.0,0.0,0.0,0.0,0.0,0.5555555555555556,0.5454545454545454,0.0,0.8035714285714286,0.19642857142857142,1.0,0
MARICO,1,0.7,662,73,105,2024-05-07,2024-12-10,0.4380952380952381,0.48239178283198825,0.48695652173913045,0.49122807017543857,0.4827586206896552,28,29,18,30,0.5714285714285714,0.5333333333333333,0.0,0.0,0.0,0.0,0.0,0.0,0.0,0.0,0.49122807017543857,0.375,0.0,0.5428571428571428,0.45714285714285713,1.0,0
MARICO,2,0.75,709,78,105,2024-08-23,2025-04-02,0.47619047619047616,0.45854545454545453,0.5132743362831859,0.4603174603174603,0.58,29,34,21,21,0.47619047619047616,0.45714285714285713,0.0,0.0,0.0,0.0,0.0,0.0,0.0,0.0,0.4603174603174603,0.5,0.0,0.6,0.4,0.10000660285425449,0
MARICO,3,0.8,756,84,105,2024-12-11,2025-08-04,0.5142857142857142,0.4495645863570392,0.5321100917431193,0.5087719298245614,0.5576923076923077,29,28,25,23,0.5523809523809524,0.4857142857142857,0.0,0.0,0.0,0.0,0.0,0.0,0.0,0.0,0.5087719298245614,0.5208333333333333,0.0,0.5428571428571428,0.45714285714285713,0.8360519742129644,0
MARICO,4,0.85,803,89,105,2025-04-03,2025-12-04,0.47619047619047616,0.5025584795321637,0.5801526717557252,0.4578313253012048,0.7916666666666666,38,45,12,10,0.580952380952381,0.45714285714285713,0.0,0.0,0.0,0.0,0.0,0.0,0.0,0.0,0.4578313253012048,0.5454545454545454,0.0,0.7904761904761904,0.20952380952380953,1.0,0
MARICO,5,0.9,851,94,105,2025-08-06,2026-04-21,0.580952380952381,0.5231107850330153,0.5686274509803921,0.5272727272727272,0.6170212765957447,29,26,32,18,0.5619047619047619,0.44761904761904764,0.0,0.0,0.0,0.0,0.0,0.0,0.0,0.0,0.5272727272727272,0.64,0.0,0.5238095238095238,0.47619047619047616,0.40734754776231374,0
MARICO,6,0.95,898,99,53,2025-12-05,2026-04-21,0.4716981132075472,0.45156695156695154,0.5,0.4666666666666667,0.5384615384615384,14,16,11,12,0.5283018867924528,0.49056603773584906,0.0,0.0,0.0,0.0,0.0,0.0,0.0,0.0,0.4666666666666667,0.4782608695652174,0.0,0.5660377358490566,0.4339622641509434,1.0,0
COLPAL,1,0.7,657,72,104,2024-05-24,2025-01-15,0.5480769230769231,0.5313543599257885,0.6050420168067226,0.5625,0.6545454545454545,36,28,21,19,0.5096153846153846,0.5096153846153846,0.0,0.0,0.0,0.0,0.0,0.0,0.0,0.0,0.5625,0.525,0.0,0.6153846153846154,0.38461538461538464,0.17978036669612218,0
COLPAL,2,0.75,703,78,104,2024-09-30,2025-04-23,0.4230769230769231,0.4628787878787879,0.5774647887323944,0.41836734693877553,0.9318181818181818,41,57,3,3,0.4519230769230769,0.4230769230769231,0.0,0.0,0.0,0.0,0.0,0.0,0.0,0.0,0.41836734693877553,0.5,0.0,0.9423076923076923,0.057692307692307696,0.21489690454203758,0
COLPAL,3,0.8,750,83,104,2025-01-16,2025-08-13,0.46153846153846156,0.44456845238095233,0.631578947368421,0.46153846153846156,1.0,48,56,0,0,0.46153846153846156,0.46153846153846156,0.0,0.0,0.0,0.0,0.0,0.0,0.0,0.0,0.46153846153846156,0.0,0.0,1.0,0.0,1.0,0
COLPAL,4,0.85,797,88,104,2025-04-24,2025-12-10,0.5096153846153846,0.4938409854423293,0.6222222222222222,0.4772727272727273,0.8936170212765957,42,46,11,5,0.41346153846153844,0.4807692307692308,0.0,0.0,0.0,0.0,0.0,0.0,0.0,0.0,0.4772727272727273,0.6875,0.0,0.8461538461538461,0.15384615384615385,1.0,0
COLPAL,5,0.9,844,93,105,2025-08-14,2026-04-21,0.45714285714285713,0.5414545454545454,0.5511811023622047,0.45454545454545453,0.7,35,42,13,15,0.5333333333333333,0.5142857142857142,0.0,0.0,0.0,0.0,0.0,0.0,0.0,0.0,0.45454545454545453,0.4642857142857143,0.0,0.7333333333333333,0.26666666666666666,1.0,0
COLPAL,6,0.95,891,98,53,2025-12-16,2026-04-21,0.5471698113207547,0.49002849002849,0.5384615384615384,0.5384615384615384,0.5384615384615384,14,12,15,12,0.5471698113207547,0.4528301886792453,0.0,0.0,0.0,0.0,0.0,0.0,0.0,0.0,0.5384615384615384,0.5555555555555556,0.0,0.49056603773584906,0.5094339622641509,1.0,0
RELIANCE,1,0.7,668,74,106,2024-03-27,2024-12-02,0.49056603773584906,0.5149572649572649,0.47058823529411764,0.5,0.4444444444444444,24,24,28,30,0.6037735849056604,0.49056603773584906,0.0,0.0,0.0,0.0,0.0,0.0,0.0,0.0,0.5,0.48275862068965514,0.0,0.4528301886792453,0.5471698113207547,0.3357826683497476,0
RELIANCE,2,0.75,716,79,106,2024-08-02,2025-03-13,0.41509433962264153,0.45257843490804184,0.5079365079365079,0.4050632911392405,0.6808510638297872,32,47,12,15,0.5566037735849056,0.4528301886792453,0.0,0.0,0.0,0.0,0.0,0.0,0.0,0.0,0.4050632911392405,0.4444444444444444,0.0,0.7452830188679245,0.25471698113207547,0.2982586375860996,0
RELIANCE,3,0.8,764,84,106,2024-12-03,2025-07-11,0.5094339622641509,0.4832142857142857,0.5737704918032787,0.4861111111111111,0.7,35,37,19,15,0.5094339622641509,0.5283018867924528,0.0,0.0,0.0,0.0,0.0,0.0,0.0,0.0,0.4861111111111111,0.5588235294117647,0.0,0.6792452830188679,0.32075471698113206,0.45213504196264537,0
RELIANCE,4,0.85,811,90,106,2025-03-18,2025-12-02,0.4811320754716981,0.5307938768244927,0.5132743362831859,0.48333333333333334,0.5471698113207547,29,31,22,24,0.5283018867924528,0.5377358490566038,0.0,0.0,0.0,0.0,0.0,0.0,0.0,0.0,0.48333333333333334,0.4782608695652174,0.0,0.5660377358490566,0.4339622641509434,1.0,0
RELIANCE,5,0.9,859,95,107,2025-07-16,2026-04-21,0.4392523364485981,0.42697414395527605,0.4827586206896552,0.4444444444444444,0.5283018867924528,28,35,19,25,0.514018691588785,0.5514018691588785,0.0,0.0,0.0,0.0,0.0,0.0,0.0,0.0,0.4444444444444444,0.43181818181818177,0.0,0.5887850467289719,0.411214953271028,1.0,0
RELIANCE,6,0.95,907,100,54,2025-12-08,2026-04-21,0.7407407407407407,0.6881868131868133,0.75,0.75,0.75,21,7,19,7,0.5370370370370371,0.6111111111111112,0.0,0.0,0.0,0.0,0.0,0.0,0.0,0.0,0.75,0.7307692307692308,0.0,0.5185185185185185,0.48148148148148145,0.10000660285425449,0
ONGC,1,0.7,723,80,115,2024-04-02,2024-12-03,0.45217391304347826,0.46448087431693985,0.5263157894736842,0.4430379746835443,0.6481481481481481,35,44,17,19,0.48695652173913045,0.4434782608695652,0.0,0.0,0.0,0.0,0.0,0.0,0.0,0.0,0.4430379746835443,0.4722222222222222,0.0,0.6869565217391305,0.3130434782608696,0.303830727167016,0
ONGC,2,0.75,775,86,114,2024-08-13,2025-03-13,0.4824561403508772,0.537987012987013,0.5426356589147286,0.4117647058823529,0.7954545454545454,35,50,20,9,0.543859649122807,0.38596491228070173,0.0,0.0,0.0,0.0,0.0,0.0,0.0,0.0,0.4117647058823529,0.6896551724137931,0.0,0.7456140350877193,0.2543859649122807,0.5076786269374832,0
ONGC,3,0.8,827,91,115,2024-12-05,2025-07-10,0.5739130434782609,0.5453995157384989,0.6423357664233577,0.5432098765432098,0.7857142857142857,44,37,22,12,0.591304347826087,0.5826086956521739,0.0,0.0,0.0,0.0,0.0,0.0,0.0,0.0,0.5432098765432098,0.6470588235294117,0.0,0.7043478260869566,0.2956521739130435,0.7297861583184161,0
ONGC,4,0.85,878,97,115,2025-03-18,2025-12-03,0.5130434782608696,0.5127504553734061,0.5942028985507246,0.5324675324675324,0.6721311475409836,41,36,18,20,0.46956521739130436,0.5739130434782609,0.0,0.0,0.0,0.0,0.0,0.0,0.0,0.0,0.5324675324675324,0.4736842105263158,0.0,0.6695652173913044,0.33043478260869563,0.7381674374849896,0
ONGC,5,0.9,930,103,115,2025-07-11,2026-04-16,0.5652173913043478,0.546865489957395,0.5833333333333334,0.603448275862069,0.5645161290322581,35,23,30,27,0.4608695652173913,0.4608695652173913,0.0,0.0,0.0,0.0,0.0,0.0,0.0,0.0,0.603448275862069,0.5263157894736843,0.0,0.5043478260869565,0.4956521739130435,1.0,0
ONGC,6,0.95,981,109,58,2025-12-04,2026-04-16,0.46551724137931033,0.4703030303030303,0.4745762711864407,0.5384615384615384,0.42424242424242425,14,12,13,19,0.39655172413793105,0.5172413793103449,0.0,0.0,0.0,0.0,0.0,0.0,0.0,0.0,0.5384615384615384,0.40625,0.0,0.4482758620689655,0.5517241379310345,1.0,0
GODREJCP,1,0.7,700,77,111,2024-04-30,2024-12-05,0.4954954954954955,0.4636065573770492,0.48148148148148145,0.4482758620689655,0.52,26,32,29,24,0.5135135135135135,0.4774774774774775,0.0,0.0,0.0,0.0,0.0,0.0,0.0,0.0,0.4482758620689655,0.5471698113207547,0.0,0.5225225225225225,0.4774774774774775,0.5109981475500527,0
GODREJCP,2,0.75,750,83,111,2024-08-22,2025-04-07,0.43243243243243246,0.41415868673050615,0.4793388429752066,0.3717948717948718,0.6744186046511628,29,49,19,14,0.4774774774774775,0.46846846846846846,0.0,0.0,0.0,0.0,0.0,0.0,0.0,0.0,0.3717948717948718,0.5757575757575757,0.0,0.7027027027027027,0.2972972972972973,0.5510034382307624,0
GODREJCP,3,0.8,800,88,111,2024-12-06,2025-08-08,0.45045045045045046,0.4178856382978724,0.5196850393700787,0.4125,0.7021276595744681,33,47,17,14,0.5585585585585585,0.42342342342342343,0.0,0.0,0.0,0.0,0.0,0.0,0.0,0.0,0.4125,0.5483870967741935,0.0,0.7207207207207207,0.27927927927927926,1.0,0
GODREJCP,4,0.85,850,94,111,2025-04-08,2025-12-12,0.5855855855855856,0.5618087182823682,0.6666666666666666,0.5411764705882353,0.8679245283018868,46,39,19,7,0.5405405405405406,0.4774774774774775,0.0,0.0,0.0,0.0,0.0,0.0,0.0,0.0,0.5411764705882353,0.7307692307692308,0.0,0.7657657657657657,0.23423423423423423,1.0,0
GODREJCP,5,0.9,900,99,112,2025-08-13,2026-04-21,0.45535714285714285,0.44905175184828033,0.49586776859504134,0.5,0.4918032786885246,30,30,21,31,0.4642857142857143,0.5,0.0,0.0,0.0,0.0,0.0,0.0,0.0,0.0,0.5,0.40384615384615385,0.0,0.5357142857142857,0.4642857142857143,0.5933086653446218,0
GODREJCP,6,0.95,950,105,56,2025-12-15,2026-04-21,0.44642857142857145,0.4921875,0.3673469387755102,0.5294117647058824,0.28125,9,8,16,23,0.5714285714285714,0.42857142857142855,0.0,0.0,0.0,0.0,0.0,0.0,0.0,0.0,0.5294117647058824,0.41025641025641024,0.0,0.30357142857142855,0.6964285714285714,1.0,0
NTPC,1,0.7,692,76,110,2024-04-22,2024-11-11,0.5363636363636364,0.5036962365591398,0.6709677419354839,0.5591397849462365,0.8387096774193549,52,41,7,10,0.4909090909090909,0.5363636363636364,0.0,0.0,0.0,0.0,0.0,0.0,0.0,0.0,0.5591397849462365,0.4117647058823529,0.0,0.8454545454545455,0.15454545454545454,0.24078453983114317,0
NTPC,2,0.75,741,82,110,2024-08-07,2025-03-12,0.41818181818181815,0.43899204244031825,0.5675675675675675,0.4375,0.8076923076923077,42,54,4,10,0.509090909090909,0.4727272727272727,0.0,0.0,0.0,0.0,0.0,0.0,0.0,0.0,0.4375,0.2857142857142857,0.0,0.8727272727272727,0.12727272727272726,0.31271786162170856,0
NTPC,3,0.8,791,87,110,2024-11-13,2025-07-29,0.4090909090909091,0.4243934862080425,0.5454545454545454,0.42391304347826086,0.7647058823529411,39,53,6,12,0.4090909090909091,0.4636363636363636,0.0,0.0,0.0,0.0,0.0,0.0,0.0,0.0,0.42391304347826086,0.33333333333333337,0.0,0.8363636363636363,0.16363636363636364,0.6319050072341948,0
NTPC,4,0.85,840,93,110,2025-03-18,2025-12-09,0.4818181818181818,0.48776455026455023,0.6459627329192547,0.48598130841121495,0.9629629629629629,52,55,1,2,0.4818181818181818,0.4909090909090909,0.0,0.0,0.0,0.0,0.0,0.0,0.0,0.0,0.48598130841121495,0.33333333333333337,0.0,0.9727272727272728,0.02727272727272727,1.0,0
NTPC,5,0.9,890,98,110,2025-07-30,2026-04-21,0.5454545454545454,0.5862412761714856,0.6666666666666666,0.5494505494505495,0.847457627118644,50,41,10,9,0.6090909090909091,0.5363636363636364,0.0,0.0,0.0,0.0,0.0,0.0,0.0,0.0,0.5494505494505495,0.5263157894736843,0.0,0.8272727272727273,0.17272727272727273,1.0,0
NTPC,6,0.95,939,104,55,2025-12-11,2026-04-21,0.6545454545454545,0.6505376344086021,0.7246376811594203,0.6578947368421053,0.8064516129032258,25,13,11,6,0.6181818181818182,0.5454545454545454,0.0,0.0,0.0,0.0,0.0,0.0,0.0,0.0,0.6578947368421053,0.6470588235294117,0.0,0.6909090909090909,0.3090909090909091,1.0,0
POWERGRID,1,0.7,684,76,108,2024-03-22,2024-11-11,0.5277777777777778,0.4836805555555556,0.6277372262773723,0.5584415584415584,0.7166666666666667,43,34,14,17,0.5648148148148148,0.6203703703703703,0.0,0.0,0.0,0.0,0.0,0.0,0.0,0.0,0.5584415584415584,0.4516129032258065,0.0,0.7129629629629629,0.28703703703703703,0.2864348875381601,0
POWERGRID,2,0.75,733,81,109,2024-07-26,2025-03-06,0.47706422018348627,0.49966101694915255,0.6122448979591837,0.4639175257731959,0.9,45,52,7,5,0.5137614678899083,0.45871559633027525,0.0,0.0,0.0,0.0,0.0,0.0,0.0,0.0,0.4639175257731959,0.5833333333333333,0.0,0.8899082568807339,0.11009174311926606,0.2834357179332822,0
POWERGRID,3,0.8,782,86,109,2024-11-12,2025-07-04,0.5504587155963303,0.4720350404312668,0.6918238993710691,0.5339805825242718,0.9821428571428571,55,48,5,1,0.48623853211009177,0.5137614678899083,0.0,0.0,0.0,0.0,0.0,0.0,0.0,0.0,0.5339805825242718,0.8333333333333334,0.0,0.944954128440367,0.05504587155963303,1.0,0
POWERGRID,4,0.85,831,92,108,2025-03-07,2025-11-24,0.5277777777777778,0.6160714285714286,0.6832298136645962,0.5238095238095238,0.9821428571428571,55,50,2,1,0.5370370370370371,0.5185185185185185,0.0,0.0,0.0,0.0,0.0,0.0,0.0,0.0,0.5238095238095238,0.6666666666666667,0.0,0.9722222222222222,0.027777777777777776,1.0,0
POWERGRID,5,0.9,880,97,109,2025-07-08,2026-04-16,0.45871559633027525,0.5197278911564627,0.5986394557823129,0.4489795918367347,0.8979591836734694,44,54,6,5,0.45871559633027525,0.44036697247706424,0.0,0.0,0.0,0.0,0.0,0.0,0.0,0.0,0.4489795918367347,0.5454545454545454,0.0,0.8990825688073395,0.10091743119266056,1.0,0
POWERGRID,6,0.95,928,103,55,2025-11-25,2026-04-16,0.36363636363636365,0.38179347826086957,0.4444444444444444,0.35,0.6086956521739131,14,26,6,9,0.38181818181818183,0.41818181818181815,0.0,0.0,0.0,0.0,0.0,0.0,0.0,0.0,0.35,0.4,0.0,0.7272727272727273,0.2727272727272727,0.7647314202578211,0
BPCL,1,0.7,719,79,114,2024-04-25,2024-12-10,0.5789473684210527,0.6197802197802199,0.6065573770491803,0.6491228070175439,0.5692307692307692,37,20,29,28,0.5526315789473685,0.6052631578947368,0.0,0.0,0.0,0.0,0.0,0.0,0.0,0.0,0.6491228070175439,0.5087719298245614,0.0,0.5,0.5,1.0,0
BPCL,2,0.75,770,85,114,2024-08-14,2025-03-28,0.47368421052631576,0.518313327177593,0.5945945945945946,0.4835164835164835,0.7719298245614035,44,47,10,13,0.4824561403508772,0.5,0.0,0.0,0.0,0.0,0.0,0.0,0.0,0.0,0.4835164835164835,0.4347826086956522,0.0,0.7982456140350878,0.20175438596491227,0.3485878089183204,0
BPCL,3,0.8,821,91,114,2024-12-11,2025-07-29,0.5087719298245614,0.5202598206000619,0.582089552238806,0.5342465753424658,0.639344262295082,39,34,19,22,0.5701754385964912,0.543859649122807,0.0,0.0,0.0,0.0,0.0,0.0,0.0,0.0,0.5342465753424658,0.46341463414634143,0.0,0.6403508771929824,0.35964912280701755,0.6482385643197739,0
BPCL,4,0.85,873,96,114,2025-04-03,2025-12-03,0.47368421052631576,0.502616189596799,0.5454545454545454,0.48,0.631578947368421,36,39,18,21,0.4824561403508772,0.47368421052631576,0.0,0.0,0.0,0.0,0.0,0.0,0.0,0.0,0.48,0.46153846153846156,0.0,0.6578947368421053,0.34210526315789475,0.5481384363858861,0
BPCL,5,0.9,924,102,114,2025-07-30,2026-04-21,0.5263157894736842,0.5440398381574852,0.5263157894736842,0.47619047619047616,0.5882352941176471,30,33,30,21,0.5350877192982456,0.4473684210526316,0.0,0.0,0.0,0.0,0.0,0.0,0.0,0.0,0.47619047619047616,0.5882352941176471,0.0,0.5526315789473685,0.4473684210526316,0.4231591930389934,0
BPCL,6,0.95,975,108,57,2025-12-04,2026-04-21,0.38596491228070173,0.35000000000000003,0.47761194029850745,0.38095238095238093,0.64,16,26,6,9,0.3684210526315789,0.38596491228070173,0.0,0.0,0.0,0.0,0.0,0.0,0.0,0.0,0.38095238095238093,0.4,0.0,0.7368421052631579,0.2631578947368421,0.6161122083626639,0
COALINDIA,1,0.7,702,77,112,2024-03-20,2024-11-01,0.5625,0.5056689342403629,0.631578947368421,0.6,0.6666666666666666,42,28,21,21,0.5625,0.5357142857142857,0.0,0.0,0.0,0.0,0.0,0.0,0.0,0.0,0.6,0.5,0.0,0.625,0.375,0.4871266082839703,0
COALINDIA,2,0.75,752,83,111,2024-07-29,2025-02-24,0.45045045045045046,0.4274509803921569,0.5793103448275863,0.44680851063829785,0.8235294117647058,42,52,8,9,0.42342342342342343,0.4594594594594595,0.0,0.0,0.0,0.0,0.0,0.0,0.0,0.0,0.44680851063829785,0.47058823529411764,0.0,0.8468468468468469,0.15315315315315314,0.16310560683201167,0
COALINDIA,3,0.8,802,89,111,2024-11-04,2025-07-10,0.4594594594594595,0.4661678594664932,0.5588235294117647,0.4578313253012048,0.7169811320754716,38,45,13,15,0.46846846846846846,0.4954954954954955,0.0,0.0,0.0,0.0,0.0,0.0,0.0,0.0,0.4578313253012048,0.4642857142857143,0.0,0.7477477477477478,0.25225225225225223,0.4847608635173962,0
COALINDIA,4,0.85,852,94,112,2025-02-28,2025-11-27,0.5089285714285714,0.5586824432363287,0.6308724832214765,0.5222222222222223,0.7966101694915254,47,43,10,12,0.5267857142857143,0.5357142857142857,0.0,0.0,0.0,0.0,0.0,0.0,0.0,0.0,0.5222222222222223,0.4545454545454546,0.0,0.8035714285714286,0.19642857142857142,1.0,0
COALINDIA,5,0.9,902,100,112,2025-07-11,2026-04-16,0.5178571428571429,0.46306363927086663,0.64,0.5274725274725275,0.8135593220338984,48,43,10,11,0.5089285714285714,0.5178571428571429,0.0,0.0,0.0,0.0,0.0,0.0,0.0,0.0,0.5274725274725275,0.47619047619047616,0.0,0.8125,0.1875,0.33444516716990547,0
COALINDIA,6,0.95,953,105,56,2025-12-02,2026-04-16,0.4642857142857143,0.4732142857142857,0.5714285714285714,0.47619047619047616,0.7142857142857143,20,22,6,8,0.48214285714285715,0.5178571428571429,0.0,0.0,0.0,0.0,0.0,0.0,0.0,0.0,0.47619047619047616,0.4285714285714286,0.0,0.75,0.25,1.0,0
GAIL,1,0.7,837,93,134,2024-01-12,2024-10-04,0.5671641791044776,0.5068926553672317,0.6627906976744186,0.5876288659793815,0.76,57,40,19,18,0.5597014925373134,0.5671641791044776,0.0,0.0,0.0,0.0,0.0,0.0,0.0,0.0,0.5876288659793815,0.5135135135135135,0.0,0.7238805970149254,0.27611940298507465,0.45114533934080964,0
GAIL,2,0.75,898,99,133,2024-06-03,2025-02-10,0.48872180451127817,0.5183423913043479,0.6263736263736264,0.4830508474576271,0.890625,57,61,8,7,0.45864661654135336,0.48120300751879697,0.0,0.0,0.0,0.0,0.0,0.0,0.0,0.0,0.4830508474576271,0.5333333333333333,0.0,0.8872180451127819,0.11278195488721804,0.3493418246564314,0
GAIL,3,0.8,958,106,133,2024-10-08,2025-06-26,0.49624060150375937,0.47984601449275366,0.6171428571428571,0.4864864864864865,0.84375,54,57,12,10,0.5112781954887218,0.49624060150375937,0.0,0.0,0.0,0.0,0.0,0.0,0.0,0.0,0.4864864864864865,0.5454545454545454,0.0,0.8345864661654135,0.16541353383458646,0.4781194975545039,0
GAIL,4,0.85,1017,113,133,2025-02-11,2025-11-17,0.556390977443609,0.49182189913675606,0.6878306878306878,0.5508474576271186,0.9154929577464789,65,53,9,6,0.5263157894736842,0.5338345864661654,0.0,0.0,0.0,0.0,0.0,0.0,0.0,0.0,0.5508474576271186,0.6,0.0,0.8872180451127819,0.11278195488721804,1.0,0
GAIL,5,0.9,1078,119,133,2025-06-30,2026-04-21,0.556390977443609,0.5314337403889643,0.6703910614525139,0.5309734513274337,0.9090909090909091,60,53,14,6,0.48120300751879697,0.49624060150375937,0.0,0.0,0.0,0.0,0.0,0.0,0.0,0.0,0.5309734513274337,0.7,0.0,0.849624060150376,0.15037593984962405,1.0,0
GAIL,6,0.95,1137,126,67,2025-11-20,2026-04-21,0.4626865671641791,0.478494623655914,0.5263157894736842,0.4444444444444444,0.6451612903225806,20,25,11,11,0.5223880597014925,0.5223880597014925,0.0,0.0,0.0,0.0,0.0,0.0,0.0,0.0,0.4444444444444444,0.5,0.0,0.6716417910447762,0.3283582089552239,0.41469912474348575,0
TATAPOWER,1,0.7,807,89,128,2023-11-13,2024-08-23,0.5234375,0.5566590272472625,0.6114649681528662,0.6,0.6233766233766234,48,32,19,29,0.5625,0.5859375,0.0,0.0,0.0,0.0,0.0,0.0,0.0,0.0,0.6,0.39583333333333337,0.0,0.625,0.375,0.4369301259954508,0
TATAPOWER,2,0.75,864,96,128,2024-04-02,2025-01-16,0.4765625,0.47867063492063494,0.588957055214724,0.5274725274725275,0.6666666666666666,48,43,13,24,0.5234375,0.4765625,0.0,0.0,0.0,0.0,0.0,0.0,0.0,0.0,0.5274725274725275,0.3513513513513513,0.0,0.7109375,0.2890625,0.4636205577917966,0
TATAPOWER,3,0.8,922,102,128,2024-08-26,2025-06-12,0.46875,0.4699091132399902,0.5526315789473685,0.5060240963855421,0.6086956521739131,42,41,18,27,0.4453125,0.484375,0.0,0.0,0.0,0.0,0.0,0.0,0.0,0.0,0.5060240963855421,0.4,0.0,0.6484375,0.3515625,0.46950060929431947,0
TATAPOWER,4,0.85,980,108,128,2025-01-20,2025-11-03,0.5625,0.5026960784313725,0.654320987654321,0.5638297872340425,0.7794117647058824,53,41,19,15,0.5390625,0.5234375,0.0,0.0,0.0,0.0,0.0,0.0,0.0,0.0,0.5638297872340425,0.5588235294117647,0.0,0.734375,0.265625,0.35110160683428,0
TATAPOWER,5,0.9,1037,115,129,2025-06-13,2026-04-16,0.46511627906976744,0.5052961001444392,0.6011560693641619,0.46846846846846846,0.8387096774193549,52,59,8,10,0.5038759689922481,0.4806201550387597,0.0,0.0,0.0,0.0,0.0,0.0,0.0,0.0,0.46846846846846846,0.4444444444444444,0.0,0.8604651162790697,0.13953488372093023,0.6293847729202096,0
TATAPOWER,6,0.95,1095,121,65,2025-11-04,2026-04-16,0.47692307692307695,0.5285714285714287,0.6046511627906976,0.4642857142857143,0.8666666666666667,26,30,5,4,0.4461538461538462,0.47692307692307695,0.0,0.0,0.0,0.0,0.0,0.0,0.0,0.0,0.4642857142857143,0.5555555555555556,0.0,0.8615384615384616,0.13846153846153847,1.0,0
HINDALCO,1,0.7,747,83,119,2024-03-28,2024-11-26,0.47058823529411764,0.44623655913978494,0.5263157894736842,0.49295774647887325,0.5645161290322581,35,36,21,27,0.46218487394957986,0.5042016806722689,0.0,0.0,0.0,0.0,0.0,0.0,0.0,0.0,0.49295774647887325,0.4375,0.0,0.5966386554621849,0.40336134453781514,0.33185251066850147,0
HINDALCO,2,0.75,801,89,118,2024-08-01,2025-03-27,0.4661016949152542,0.421264367816092,0.5531914893617021,0.48148148148148145,0.65,39,42,16,21,0.5338983050847458,0.5169491525423728,0.0,0.0,0.0,0.0,0.0,0.0,0.0,0.0,0.48148148148148145,0.43243243243243246,0.0,0.6864406779661016,0.3135593220338983,0.2066562875096966,0
HINDALCO,3,0.8,855,94,119,2024-11-27,2025-08-01,0.4789915966386555,0.4982993197278911,0.5753424657534246,0.5060240963855421,0.6666666666666666,42,41,15,21,0.5462184873949579,0.5294117647058824,0.0,0.0,0.0,0.0,0.0,0.0,0.0,0.0,0.5060240963855421,0.41666666666666663,0.0,0.6974789915966386,0.3025210084033613,0.5715209953231344,0
HINDALCO,4,0.85,908,100,119,2025-03-28,2025-12-05,0.5210084033613446,0.49943310657596374,0.6225165562913907,0.5340909090909091,0.746031746031746,47,41,15,16,0.5546218487394958,0.6386554621848739,0.0,0.0,0.0,0.0,0.0,0.0,0.0,0.0,0.5340909090909091,0.4838709677419355,0.0,0.7394957983193278,0.2605042016806723,0.5298511510147597,0
HINDALCO,5,0.9,962,106,119,2025-08-07,2026-04-21,0.46218487394957986,0.4304347826086956,0.5223880597014925,0.5384615384615384,0.5072463768115942,35,30,20,34,0.5294117647058824,0.44537815126050423,0.0,0.0,0.0,0.0,0.0,0.0,0.0,0.0,0.5384615384615384,0.37037037037037035,0.0,0.5462184873949579,0.453781512605042,0.6310359919561371,0
HINDALCO,6,0.95,1015,112,60,2025-12-08,2026-04-21,0.6166666666666667,0.5933014354066986,0.6933333333333334,0.7027027027027027,0.6842105263157895,26,11,11,12,0.5166666666666667,0.55,0.0,0.0,0.0,0.0,0.0,0.0,0.0,0.0,0.7027027027027027,0.4782608695652174,0.0,0.6166666666666667,0.38333333333333336,0.2300059134020219,0
JSWSTEEL,1,0.7,719,79,114,2024-04-09,2024-11-25,0.5701754385964912,0.5710297766749379,0.6423357664233577,0.5866666666666667,0.7096774193548387,44,31,21,18,0.5087719298245614,0.5614035087719298,0.0,0.0,0.0,0.0,0.0,0.0,0.0,0.0,0.5866666666666667,0.5384615384615384,0.0,0.6578947368421053,0.34210526315789475,0.2922302388115214,0
JSWSTEEL,2,0.75,770,85,114,2024-08-06,2025-03-25,0.5789473684210527,0.5907825549025671,0.6065573770491803,0.6065573770491803,0.6065573770491803,37,24,29,24,0.5526315789473685,0.5350877192982456,0.0,0.0,0.0,0.0,0.0,0.0,0.0,0.0,0.6065573770491803,0.5471698113207547,0.0,0.5350877192982456,0.4649122807017544,0.41804092173683666,0
JSWSTEEL,3,0.8,821,91,114,2024-11-26,2025-08-06,0.5263157894736842,0.5423207140658663,0.49056603773584906,0.5306122448979592,0.45614035087719296,26,23,34,31,0.5350877192982456,0.5,0.0,0.0,0.0,0.0,0.0,0.0,0.0,0.0,0.5306122448979592,0.523076923076923,0.0,0.4298245614035088,0.5701754385964912,0.5282308225986022,0
JSWSTEEL,4,0.85,873,96,114,2025-03-28,2025-12-08,0.5789473684210527,0.6084132384781936,0.5862068965517241,0.5396825396825397,0.6415094339622641,34,29,32,19,0.5350877192982456,0.5350877192982456,0.0,0.0,0.0,0.0,0.0,0.0,0.0,0.0,0.5396825396825397,0.6274509803921569,0.0,0.5526315789473685,0.4473684210526316,0.22462406446971603,0
JSWSTEEL,5,0.9,924,102,114,2025-08-07,2026-04-21,0.6052631578947368,0.6037037037037037,0.64,0.6153846153846154,0.6666666666666666,40,25,29,20,0.543859649122807,0.5526315789473685,0.0,0.0,0.0,0.0,0.0,0.0,0.0,0.0,0.6153846153846154,0.5918367346938775,0.0,0.5701754385964912,0.4298245614035088,0.29726738556911697,0
JSWSTEEL,6,0.95,975,108,57,2025-12-09,2026-04-21,0.5263157894736842,0.59375,0.5423728813559322,0.5925925925925926,0.5,16,11,14,16,0.49122807017543857,0.45614035087719296,0.0,0.0,0.0,0.0,0.0,0.0,0.0,0.0,0.5925925925925926,0.4666666666666667,0.0,0.47368421052631576,0.5263157894736842,0.18422684628540845,0
TATASTEEL,1,0.7,827,91,131,2023-12-13,2024-10-07,0.5267175572519084,0.6091549295774648,0.6219512195121951,0.5483870967741935,0.7183098591549296,51,42,18,20,0.48854961832061067,0.5419847328244275,0.0,0.0,0.0,0.0,0.0,0.0,0.0,0.0,0.5483870967741935,0.4736842105263158,0.0,0.7099236641221374,0.2900763358778626,0.20457672979531677,0
TATASTEEL,2,0.75,886,98,131,2024-05-13,2025-02-06,0.45038167938931295,0.424009324009324,0.5813953488372093,0.4716981132075472,0.7575757575757576,50,56,9,16,0.3969465648854962,0.4351145038167939,0.0,0.0,0.0,0.0,0.0,0.0,0.0,0.0,0.4716981132075472,0.36,0.0,0.8091603053435115,0.19083969465648856,0.4225719670174777,0
TATASTEEL,3,0.8,945,104,131,2024-10-09,2025-06-27,0.48091603053435117,0.4867070895522388,0.6136363636363636,0.4954128440366973,0.8059701492537313,54,55,9,13,0.45038167938931295,0.4961832061068702,0.0,0.0,0.0,0.0,0.0,0.0,0.0,0.0,0.4954128440366973,0.40909090909090906,0.0,0.8320610687022901,0.16793893129770993,0.601185768421371,0
TATASTEEL,4,0.85,1004,111,131,2025-02-07,2025-11-24,0.5343511450381679,0.5123716153127919,0.6666666666666666,0.5304347826086957,0.8970588235294118,61,54,9,7,0.5267175572519084,0.5190839694656488,0.0,0.0,0.0,0.0,0.0,0.0,0.0,0.0,0.5304347826086957,0.5625,0.0,0.8778625954198473,0.12213740458015267,1.0,0
TATASTEEL,5,0.9,1062,118,132,2025-07-01,2026-04-21,0.5151515151515151,0.5242250287026406,0.6235294117647059,0.5145631067961165,0.7910447761194029,53,50,15,14,0.5454545454545454,0.5075757575757576,0.0,0.0,0.0,0.0,0.0,0.0,0.0,0.0,0.5145631067961165,0.5172413793103448,0.0,0.7803030303030303,0.2196969696969697,1.0,0
TATASTEEL,6,0.95,1122,124,66,2025-11-25,2026-04-21,0.5606060606060606,0.5880184331797235,0.6588235294117647,0.56,0.8,28,22,9,7,0.4696969696969697,0.5454545454545454,0.0,0.0,0.0,0.0,0.0,0.0,0.0,0.0,0.56,0.5625,0.0,0.7575757575757576,0.24242424242424243,0.4929667293861595,0
NMDC,1,0.7,741,82,118,2024-05-09,2024-12-10,0.5423728813559322,0.538638322321172,0.5970149253731343,0.5333333333333333,0.6779661016949152,40,35,24,19,0.5677966101694916,0.5338983050847458,0.0,0.0,0.0,0.0,0.0,0.0,0.0,0.0,0.5333333333333333,0.5581395348837209,0.0,0.635593220338983,0.3644067796610169,0.4211902241693369,0
NMDC,2,0.75,794,88,118,2024-08-29,2025-03-27,0.4915254237288136,0.5101982189026142,0.5652173913043478,0.4936708860759494,0.6610169491525424,39,40,19,20,0.5254237288135594,0.5423728813559322,0.0,0.0,0.0,0.0,0.0,0.0,0.0,0.0,0.4936708860759494,0.4871794871794872,0.0,0.6694915254237288,0.3305084745762712,0.6540117178587265,0
NMDC,3,0.8,847,94,118,2024-12-12,2025-07-30,0.5084745762711864,0.471551724137931,0.5538461538461539,0.5142857142857142,0.6,36,34,24,24,0.5084745762711864,0.559322033898305,0.0,0.0,0.0,0.0,0.0,0.0,0.0,0.0,0.5142857142857142,0.5,0.0,0.5932203389830508,0.4067796610169492,1.0,0
NMDC,4,0.85,900,100,118,2025-03-28,2025-12-11,0.4661016949152542,0.46867816091954023,0.3225806451612903,0.45454545454545453,0.25,15,18,40,45,0.4830508474576271,0.4576271186440678,0.0,0.0,0.0,0.0,0.0,0.0,0.0,0.0,0.45454545454545453,0.47058823529411764,0.0,0.2796610169491525,0.7203389830508474,1.0,0
NMDC,5,0.9,954,105,118,2025-07-31,2026-04-16,0.4661016949152542,0.5027417027417027,0.45217391304347826,0.5,0.4126984126984127,26,26,29,37,0.5508474576271186,0.4661016949152542,0.0,0.0,0.0,0.0,0.0,0.0,0.0,0.0,0.5,0.43939393939393945,0.0,0.4406779661016949,0.559322033898305,1.0,0
NMDC,6,0.95,1007,111,59,2025-12-12,2026-04-16,0.5254237288135594,0.6023529411764705,0.5625,0.6,0.5294117647058824,18,12,13,16,0.6440677966101694,0.4745762711864407,0.0,0.0,0.0,0.0,0.0,0.0,0.0,0.0,0.6,0.4482758620689655,0.0,0.5084745762711864,0.4915254237288136,1.0,0
SAIL,1,0.7,763,84,121,2024-04-16,2024-12-09,0.5702479338842975,0.564039408866995,0.6060606060606061,0.5405405405405406,0.6896551724137931,40,34,29,18,0.5371900826446281,0.5454545454545454,0.0,0.0,0.0,0.0,0.0,0.0,0.0,0.0,0.5405405405405406,0.6170212765957447,0.0,0.6115702479338843,0.3884297520661157,0.360074027744225,0
SAIL,2,0.75,817,90,121,2024-08-14,2025-03-24,0.5371900826446281,0.5115131578947367,0.631578947368421,0.5052631578947369,0.8421052631578947,48,47,17,9,0.5041322314049587,0.5041322314049587,0.0,0.0,0.0,0.0,0.0,0.0,0.0,0.0,0.5052631578947369,0.6538461538461539,0.0,0.7851239669421488,0.21487603305785125,0.3680592130874102,0
SAIL,3,0.8,872,96,121,2024-12-11,2025-08-05,0.45454545454545453,0.4945265462506842,0.5875,0.46078431372549017,0.8103448275862069,47,55,8,11,0.5537190082644629,0.48760330578512395,0.0,0.0,0.0,0.0,0.0,0.0,0.0,0.0,0.46078431372549017,0.42105263157894735,0.0,0.8429752066115702,0.15702479338842976,1.0,0
SAIL,4,0.85,926,102,121,2025-03-25,2025-12-11,0.6198347107438017,0.6003280481137234,0.6805555555555556,0.5764705882352941,0.8305084745762712,49,36,26,10,0.5537190082644629,0.49586776859504134,0.0,0.0,0.0,0.0,0.0,0.0,0.0,0.0,0.5764705882352941,0.7222222222222222,0.0,0.7024793388429752,0.2975206611570248,1.0,0
SAIL,5,0.9,981,108,121,2025-08-07,2026-04-21,0.512396694214876,0.5259562841530054,0.512396694214876,0.5081967213114754,0.5166666666666667,31,30,31,29,0.49586776859504134,0.5041322314049587,0.0,0.0,0.0,0.0,0.0,0.0,0.0,0.0,0.5081967213114754,0.5166666666666666,0.0,0.5041322314049587,0.49586776859504134,0.10000660285425449,0
SAIL,6,0.95,1035,114,61,2025-12-15,2026-04-21,0.5245901639344263,0.5387096774193549,0.5084745762711864,0.5357142857142857,0.4838709677419355,15,13,17,16,0.5901639344262295,0.4918032786885246,0.0,0.0,0.0,0.0,0.0,0.0,0.0,0.0,0.5357142857142857,0.5151515151515151,0.0,0.45901639344262296,0.5409836065573771,0.2752714171136235,0
VEDL,1,0.7,760,84,120,2024-05-07,2024-12-20,0.55,0.5577566964285714,0.625,0.5625,0.703125,45,35,21,19,0.5333333333333333,0.55,0.0,0.0,0.0,0.0,0.0,0.0,0.0,0.0,0.5625,0.525,0.0,0.6666666666666666,0.3333333333333333,0.4674342374157817,0
VEDL,2,0.75,814,90,121,2024-08-27,2025-04-17,0.5619834710743802,0.5534539473684211,0.6074074074074074,0.5774647887323944,0.640625,41,30,27,23,0.5454545454545454,0.5537190082644629,0.0,0.0,0.0,0.0,0.0,0.0,0.0,0.0,0.5774647887323944,0.54,0.0,0.5867768595041323,0.4132231404958678,0.73078237129391,0
VEDL,3,0.8,868,96,121,2024-12-23,2025-08-05,0.5785123966942148,0.5268103924820342,0.6577181208053692,0.5975609756097561,0.7313432835820896,49,33,21,18,0.4793388429752066,0.5206611570247934,0.0,0.0,0.0,0.0,0.0,0.0,0.0,0.0,0.5975609756097561,0.5384615384615384,0.0,0.6776859504132231,0.32231404958677684,0.2749288348065488,0
VEDL,4,0.85,923,102,120,2025-04-22,2025-12-05,0.5666666666666667,0.5547830923248054,0.6176470588235294,0.5675675675675675,0.6774193548387096,42,32,26,20,0.5583333333333333,0.5416666666666666,0.0,0.0,0.0,0.0,0.0,0.0,0.0,0.0,0.5675675675675675,0.5652173913043479,0.0,0.6166666666666667,0.38333333333333336,0.43778555944574626,0
VEDL,5,0.9,977,108,121,2025-08-06,2026-04-21,0.5537190082644629,0.5719178082191781,0.5645161290322581,0.6862745098039216,0.4794520547945205,35,16,32,38,0.48760330578512395,0.5289256198347108,0.0,0.0,0.0,0.0,0.0,0.0,0.0,0.0,0.6862745098039216,0.4571428571428572,0.0,0.4214876033057851,0.5785123966942148,0.39304638652906027,0
VEDL,6,0.95,1031,114,61,2025-12-08,2026-04-21,0.5901639344262295,0.6363636363636364,0.6666666666666666,0.8064516129032258,0.5681818181818182,25,6,11,19,0.639344262295082,0.5737704918032787,0.0,0.0,0.0,0.0,0.0,0.0,0.0,0.0,0.8064516129032258,0.3666666666666667,0.0,0.5081967213114754,0.4918032786885246,0.2672026197003304,0
LT,1,0.7,687,76,109,2024-03-21,2024-11-11,0.5596330275229358,0.5065202470830474,0.6923076923076923,0.574468085106383,0.8709677419354839,54,40,7,8,0.5871559633027523,0.5688073394495413,0.0,0.0,0.0,0.0,0.0,0.0,0.0,0.0,0.574468085106383,0.4666666666666667,0.0,0.8623853211009175,0.13761467889908258,1.0,0
LT,2,0.75,737,81,109,2024-07-24,2025-03-05,0.5137614678899083,0.578272604588394,0.6131386861313869,0.49411764705882355,0.8076923076923077,42,43,14,10,0.5137614678899083,0.48623853211009177,0.0,0.0,0.0,0.0,0.0,0.0,0.0,0.0,0.49411764705882355,0.5833333333333333,0.0,0.7798165137614679,0.22018348623853212,0.48561250970285963,0
LT,3,0.8,785,87,109,2024-11-12,2025-07-24,0.5504587155963303,0.4619528619528619,0.631578947368421,0.5384615384615384,0.7636363636363637,42,36,18,13,0.5045871559633027,0.5045871559633027,0.0,0.0,0.0,0.0,0.0,0.0,0.0,0.0,0.5384615384615384,0.5806451612903225,0.0,0.7155963302752294,0.28440366972477066,0.4035590692829638,0
LT,4,0.85,835,92,109,2025-03-06,2025-11-24,0.5596330275229358,0.5116678105696637,0.6756756756756757,0.5813953488372093,0.8064516129032258,50,36,11,12,0.5412844036697247,0.5412844036697247,0.0,0.0,0.0,0.0,0.0,0.0,0.0,0.0,0.5813953488372093,0.4782608695652174,0.0,0.7889908256880734,0.21100917431192662,0.7458035615149636,0
LT,5,0.9,883,98,110,2025-07-25,2026-04-21,0.5363636363636364,0.54,0.6622516556291391,0.5494505494505495,0.8333333333333334,50,41,9,10,0.5,0.5545454545454546,0.0,0.0,0.0,0.0,0.0,0.0,0.0,0.0,0.5494505494505495,0.4736842105263158,0.0,0.8272727272727273,0.17272727272727273,0.5156769915675268,0
LT,6,0.95,933,103,55,2025-11-25,2026-04-21,0.5636363636363636,0.603448275862069,0.6666666666666666,0.5581395348837209,0.8275862068965517,24,19,7,5,0.5636363636363636,0.5636363636363636,0.0,0.0,0.0,0.0,0.0,0.0,0.0,0.0,0.5581395348837209,0.5833333333333333,0.0,0.7818181818181819,0.21818181818181817,0.4619857768428177,0
SIEMENS,1,0.7,799,88,127,2024-02-16,2024-11-08,0.5748031496062992,0.5367021276595746,0.6493506493506493,0.6756756756756757,0.625,50,24,23,30,0.49606299212598426,0.5590551181102362,0.0,0.0,0.0,0.0,0.0,0.0,0.0,0.0,0.6756756756756757,0.4339622641509434,0.0,0.5826771653543307,0.41732283464566927,0.16826188582368892,0
SIEMENS,2,0.75,856,95,126,2024-06-28,2025-03-07,0.5158730158730159,0.5153729838709677,0.6064516129032258,0.5053763440860215,0.7580645161290323,47,46,18,15,0.46825396825396826,0.49206349206349204,0.0,0.0,0.0,0.0,0.0,0.0,0.0,0.0,0.5053763440860215,0.5454545454545454,0.0,0.7380952380952381,0.2619047619047619,0.36377762791599527,0
SIEMENS,3,0.8,913,101,127,2024-11-11,2025-07-16,0.4645669291338583,0.4818948412698413,0.6136363636363636,0.4778761061946903,0.8571428571428571,54,59,5,9,0.4409448818897638,0.5118110236220472,0.0,0.0,0.0,0.0,0.0,0.0,0.0,0.0,0.4778761061946903,0.3571428571428571,0.0,0.889763779527559,0.11023622047244094,0.34536424095364116,0
SIEMENS,4,0.85,970,107,127,2025-03-10,2025-12-02,0.5590551181102362,0.5435323383084577,0.6888888888888889,0.5486725663716814,0.9253731343283582,62,51,9,5,0.5511811023622047,0.5275590551181102,0.0,0.0,0.0,0.0,0.0,0.0,0.0,0.0,0.5486725663716814,0.6428571428571428,0.0,0.889763779527559,0.11023622047244094,2.4871623005440533,0
SIEMENS,5,0.9,1027,114,127,2025-07-17,2026-04-21,0.5669291338582677,0.5194416749750748,0.6927374301675978,0.5585585585585585,0.9117647058823529,62,49,10,6,0.5354330708661418,0.5354330708661418,0.0,0.0,0.0,0.0,0.0,0.0,0.0,0.0,0.5585585585585585,0.625,0.0,0.8740157480314961,0.12598425196850394,1.0,0
SIEMENS,6,0.95,1084,120,64,2025-12-03,2026-04-21,0.53125,0.5083743842364532,0.6341463414634146,0.5531914893617021,0.7428571428571429,26,21,8,9,0.609375,0.453125,0.0,0.0,0.0,0.0,0.0,0.0,0.0,0.0,0.5531914893617021,0.47058823529411764,0.0,0.734375,0.265625,1.0,0
BHEL,1,0.7,885,98,141,2023-12-28,2024-10-14,0.5390070921985816,0.47368421052631576,0.6486486486486487,0.594059405940594,0.7142857142857143,60,41,16,24,0.6028368794326241,0.5957446808510638,0.0,0.0,0.0,0.0,0.0,0.0,0.0,0.0,0.594059405940594,0.4,0.0,0.7163120567375887,0.28368794326241137,0.16370062784956832,0
BHEL,2,0.75,948,105,141,2024-05-29,2025-02-12,0.5177304964539007,0.5398390342052315,0.5903614457831325,0.5104166666666666,0.7,49,47,24,21,0.5460992907801419,0.49645390070921985,0.0,0.0,0.0,0.0,0.0,0.0,0.0,0.0,0.5104166666666666,0.5333333333333333,0.0,0.6808510638297872,0.3191489361702128,0.10000660285425449,0
BHEL,3,0.8,1012,112,140,2024-10-15,2025-07-08,0.5857142857142857,0.625025641025641,0.6847826086956522,0.5779816513761468,0.84,63,46,19,12,0.5642857142857143,0.5571428571428572,0.0,0.0,0.0,0.0,0.0,0.0,0.0,0.0,0.5779816513761468,0.6129032258064516,0.0,0.7785714285714286,0.22142857142857142,0.5105531815956611,0
BHEL,4,0.85,1075,119,140,2025-02-13,2025-11-21,0.5214285714285715,0.5726654298082868,0.6338797814207651,0.5471698113207547,0.7532467532467533,58,48,15,19,0.6,0.5,0.0,0.0,0.0,0.0,0.0,0.0,0.0,0.0,0.5471698113207547,0.4411764705882353,0.0,0.7571428571428571,0.24285714285714285,0.4951239981564452,0
BHEL,5,0.9,1138,126,141,2025-07-10,2026-04-16,0.48226950354609927,0.48951189995966116,0.5780346820809249,0.5050505050505051,0.6756756756756757,50,49,18,24,0.5035460992907801,0.524822695035461,0.0,0.0,0.0,0.0,0.0,0.0,0.0,0.0,0.5050505050505051,0.4285714285714286,0.0,0.7021276595744681,0.2978723404255319,0.518598054072718,0
BHEL,6,0.95,1201,133,71,2025-11-24,2026-04-16,0.4084507042253521,0.37400318979266345,0.4473684210526316,0.4473684210526316,0.4473684210526316,17,21,12,21,0.4225352112676056,0.39436619718309857,0.0,0.0,0.0,0.0,0.0,0.0,0.0,0.0,0.4473684210526316,0.36363636363636365,0.0,0.5352112676056338,0.4647887323943662,0.29484333813862623,0
POLYCAB,1,0.7,684,76,108,2024-06-24,2025-01-17,0.48148148148148145,0.5054869684499315,0.6111111111111112,0.4888888888888889,0.8148148148148148,44,46,8,10,0.5092592592592593,0.5277777777777778,0.0,0.0,0.0,0.0,0.0,0.0,0.0,0.0,0.4888888888888889,0.4444444444444444,0.0,0.8333333333333334,0.16666666666666666,0.2841071924687051,0
POLYCAB,2,0.75,733,81,109,2024-09-30,2025-05-21,0.5045871559633027,0.4702501690331305,0.6447368421052632,0.5212765957446809,0.8448275862068966,49,45,6,9,0.45871559633027525,0.5321100917431193,0.0,0.0,0.0,0.0,0.0,0.0,0.0,0.0,0.5212765957446809,0.4,0.0,0.8623853211009175,0.13761467889908258,2.3908538455450823,0
POLYCAB,3,0.8,782,86,109,2025-01-20,2025-09-01,0.5596330275229358,0.48813559322033906,0.6842105263157895,0.5591397849462365,0.8813559322033898,52,41,9,7,0.4954128440366973,0.5412844036697247,0.0,0.0,0.0,0.0,0.0,0.0,0.0,0.0,0.5591397849462365,0.5625,0.0,0.8532110091743119,0.14678899082568808,0.3216579363184604,0
POLYCAB,4,0.85,831,92,108,2025-05-22,2025-12-18,0.48148148148148145,0.479188166494668,0.6216216216216216,0.5054945054945055,0.8070175438596491,46,45,6,11,0.48148148148148145,0.5277777777777778,0.0,0.0,0.0,0.0,0.0,0.0,0.0,0.0,0.5054945054945055,0.3529411764705882,0.0,0.8425925925925926,0.1574074074074074,1.0,0
POLYCAB,5,0.9,880,97,109,2025-09-05,2026-04-21,0.5596330275229358,0.5431266846361186,0.6619718309859155,0.5465116279069767,0.8392857142857143,47,39,14,9,0.5137614678899083,0.5321100917431193,0.0,0.0,0.0,0.0,0.0,0.0,0.0,0.0,0.5465116279069767,0.6086956521739131,0.0,0.7889908256880734,0.21100917431192662,1.0,0
POLYCAB,6,0.95,928,103,55,2025-12-19,2026-04-21,0.5818181818181818,0.6546666666666667,0.684931506849315,0.5813953488372093,0.8333333333333334,25,18,7,5,0.5636363636363636,0.5636363636363636,0.0,0.0,0.0,0.0,0.0,0.0,0.0,0.0,0.5813953488372093,0.5833333333333333,0.0,0.7818181818181819,0.21818181818181817,0.39335041490140354,0
ABB,1,0.7,829,92,132,2024-02-08,2024-10-18,0.6363636363636364,0.5482810920121334,0.7419354838709677,0.69,0.8023255813953488,69,31,15,17,0.4696969696969697,0.6439393939393939,0.0,0.0,0.0,0.0,0.0,0.0,0.0,0.0,0.69,0.46875,0.0,0.7575757575757576,0.24242424242424243,0.3426826494674663,0
ABB,2,0.75,889,98,132,2024-06-24,2025-02-13,0.5151515151515151,0.5590533088235294,0.632183908045977,0.5,0.859375,55,55,13,9,0.5606060606060606,0.48484848484848486,0.0,0.0,0.0,0.0,0.0,0.0,0.0,0.0,0.5,0.5909090909090908,0.0,0.8333333333333334,0.16666666666666666,0.23497873384757845,0
ABB,3,0.8,948,105,132,2024-10-21,2025-07-14,0.4318181818181818,0.41935483870967744,0.5508982035928144,0.4380952380952381,0.7419354838709677,46,59,11,16,0.5,0.45454545454545453,0.0,0.0,0.0,0.0,0.0,0.0,0.0,0.0,0.4380952380952381,0.40740740740740744,0.0,0.7954545454545454,0.20454545454545456,0.3359838403468407,0
ABB,4,0.85,1008,111,132,2025-02-14,2025-12-03,0.4621212121212121,0.4511019283746556,0.5798816568047337,0.47572815533980584,0.7424242424242424,49,54,12,17,0.5227272727272727,0.49242424242424243,0.0,0.0,0.0,0.0,0.0,0.0,0.0,0.0,0.47572815533980584,0.4137931034482759,0.0,0.7803030303030303,0.2196969696969697,1.0,0
ABB,5,0.9,1067,118,132,2025-07-15,2026-04-21,0.5,0.40602714515758,0.6451612903225806,0.5128205128205128,0.8695652173913043,60,57,6,9,0.49242424242424243,0.5227272727272727,0.0,0.0,0.0,0.0,0.0,0.0,0.0,0.0,0.5128205128205128,0.4,0.0,0.8863636363636364,0.11363636363636363,1.0,0
ABB,6,0.95,1126,125,66,2025-12-05,2026-04-21,0.5303030303030303,0.48089468779123956,0.6666666666666666,0.5535714285714286,0.8378378378378378,31,25,4,6,0.48484848484848486,0.5606060606060606,0.0,0.0,0.0,0.0,0.0,0.0,0.0,0.0,0.5535714285714286,0.4,0.0,0.8484848484848485,0.15151515151515152,1.0,0
HAVELLS,1,0.7,794,88,126,2023-12-13,2024-09-20,0.46825396825396826,0.45004039859951517,0.5620915032679739,0.581081081081081,0.5443037974683544,43,31,16,36,0.5793650793650794,0.5079365079365079,0.0,0.0,0.0,0.0,0.0,0.0,0.0,0.0,0.581081081081081,0.3076923076923077,0.0,0.5873015873015873,0.4126984126984127,0.5864688587653277,0
HAVELLS,2,0.75,851,94,126,2024-05-14,2025-02-04,0.5317460317460317,0.4653565129755606,0.5815602836879432,0.5256410256410257,0.6507936507936508,41,37,26,22,0.4603174603174603,0.48412698412698413,0.0,0.0,0.0,0.0,0.0,0.0,0.0,0.0,0.5256410256410257,0.5416666666666667,0.0,0.6190476190476191,0.38095238095238093,0.5930646634408312,0
HAVELLS,3,0.8,908,100,126,2024-09-23,2025-06-17,0.46825396825396826,0.468813387423935,0.5037037037037037,0.44155844155844154,0.5862068965517241,34,43,25,24,0.47619047619047616,0.4603174603174603,0.0,0.0,0.0,0.0,0.0,0.0,0.0,0.0,0.44155844155844154,0.5102040816326531,0.0,0.6111111111111112,0.3888888888888889,0.7794114217803619,0
HAVELLS,4,0.85,964,107,126,2025-02-06,2025-11-18,0.5158730158730159,0.49861286254728876,0.5734265734265734,0.5,0.6721311475409836,41,41,24,20,0.5317460317460317,0.4523809523809524,0.0,0.0,0.0,0.0,0.0,0.0,0.0,0.0,0.5,0.5454545454545454,0.0,0.6507936507936508,0.3492063492063492,0.40052242212396877,0
HAVELLS,5,0.9,1021,113,127,2025-06-18,2026-04-21,0.49606299212598426,0.48062593144560356,0.5733333333333334,0.48314606741573035,0.7049180327868853,43,46,20,18,0.48031496062992124,0.48031496062992124,0.0,0.0,0.0,0.0,0.0,0.0,0.0,0.0,0.48314606741573035,0.5263157894736843,0.0,0.7007874015748031,0.2992125984251969,0.4773008181363615,0
HAVELLS,6,0.95,1078,119,64,2025-11-19,2026-04-21,0.59375,0.544477028347996,0.6285714285714286,0.5945945945945946,0.6666666666666666,22,15,16,11,0.515625,0.546875,0.0,0.0,0.0,0.0,0.0,0.0,0.0,0.0,0.5945945945945946,0.5925925925925926,0.0,0.578125,0.421875,0.12141299154620631,0
BHARTIARTL,1,0.7,668,74,106,2024-03-15,2024-11-22,0.5471698113207547,0.5786637931034483,0.5932203389830508,0.5833333333333334,0.603448275862069,35,25,23,23,0.49056603773584906,0.5094339622641509,0.0,0.0,0.0,0.0,0.0,0.0,0.0,0.0,0.5833333333333334,0.5,0.0,0.5660377358490566,0.4339622641509434,1.0,0
BHARTIARTL,2,0.75,716,79,106,2024-08-01,2025-03-21,0.5471698113207547,0.5109989181391994,0.6065573770491803,0.5873015873015873,0.6271186440677966,37,26,21,22,0.5660377358490566,0.5283018867924528,0.0,0.0,0.0,0.0,0.0,0.0,0.0,0.0,0.5873015873015873,0.4883720930232558,0.0,0.5943396226415094,0.4056603773584906,0.20669950178236,0
BHARTIARTL,3,0.8,764,84,106,2024-11-27,2025-07-25,0.5943396226415094,0.5132969034608379,0.7393939393939394,0.5865384615384616,1.0,61,43,2,0,0.5377358490566038,0.5754716981132075,0.0,0.0,0.0,0.0,0.0,0.0,0.0,0.0,0.5865384615384616,1.0,0.0,0.9811320754716981,0.018867924528301886,0.10000660285425449,0
BHARTIARTL,4,0.85,811,90,106,2025-03-24,2025-11-25,0.6226415094339622,0.5555555555555556,0.7402597402597403,0.6263736263736264,0.9047619047619048,57,34,9,6,0.5,0.5660377358490566,0.0,0.0,0.0,0.0,0.0,0.0,0.0,0.0,0.6263736263736264,0.6,0.0,0.8584905660377359,0.14150943396226415,0.6513003497641099,0
BHARTIARTL,5,0.9,859,95,106,2025-07-28,2026-04-21,0.5566037735849056,0.5632798573975044,0.624,0.5571428571428572,0.7090909090909091,39,31,20,16,0.5377358490566038,0.5566037735849056,0.0,0.0,0.0,0.0,0.0,0.0,0.0,0.0,0.5571428571428572,0.5555555555555556,0.0,0.660377358490566,0.33962264150943394,0.37256892823824456,0
BHARTIARTL,6,0.95,907,100,53,2025-11-26,2026-04-21,0.5094339622641509,0.5410557184750733,0.59375,0.4523809523809524,0.8636363636363636,19,23,8,3,0.4716981132075472,0.49056603773584906,0.0,0.0,0.0,0.0,0.0,0.0,0.0,0.0,0.4523809523809524,0.7272727272727273,0.0,0.7924528301886793,0.20754716981132076,0.4867547229865185,0
CUMMINSIND,1,0.7,712,79,113,2024-05-15,2024-12-09,0.504424778761062,0.4661989795918367,0.582089552238806,0.5571428571428572,0.609375,39,31,18,25,0.48672566371681414,0.5663716814159292,0.0,0.0,0.0,0.0,0.0,0.0,0.0,0.0,0.5571428571428572,0.41860465116279066,0.0,0.6194690265486725,0.3805309734513274,0.42331456827702224,0
CUMMINSIND,2,0.75,764,84,113,2024-08-30,2025-04-04,0.46017699115044247,0.5482456140350878,0.5906040268456376,0.4731182795698925,0.7857142857142857,44,49,8,12,0.5132743362831859,0.48672566371681414,0.0,0.0,0.0,0.0,0.0,0.0,0.0,0.0,0.4731182795698925,0.4,0.0,0.8230088495575221,0.17699115044247787,0.2003898727070792,0
CUMMINSIND,3,0.8,814,90,113,2024-12-10,2025-08-07,0.5221238938053098,0.39501891551071877,0.6625,0.5353535353535354,0.8688524590163934,53,46,6,8,0.45132743362831856,0.5398230088495575,0.0,0.0,0.0,0.0,0.0,0.0,0.0,0.0,0.5353535353535354,0.4285714285714286,0.0,0.8761061946902655,0.12389380530973451,0.7522680179077866,0
CUMMINSIND,4,0.85,865,96,113,2025-04-07,2025-12-15,0.5575221238938053,0.47453255963894264,0.6794871794871795,0.5888888888888889,0.803030303030303,53,37,10,13,0.5132743362831859,0.584070796460177,0.0,0.0,0.0,0.0,0.0,0.0,0.0,0.0,0.5888888888888889,0.4347826086956522,0.0,0.7964601769911505,0.20353982300884957,1.0,0
CUMMINSIND,5,0.9,916,101,114,2025-08-11,2026-04-21,0.5350877192982456,0.5075757575757576,0.6624203821656051,0.5714285714285714,0.7878787878787878,52,39,9,14,0.5350877192982456,0.5789473684210527,0.0,0.0,0.0,0.0,0.0,0.0,0.0,0.0,0.5714285714285714,0.3913043478260869,0.0,0.7982456140350878,0.20175438596491227,0.4488952978010448,0
CUMMINSIND,6,0.95,967,107,57,2025-12-16,2026-04-21,0.6140350877192983,0.5467532467532468,0.725,0.6444444444444445,0.8285714285714286,29,16,6,6,0.49122807017543857,0.6140350877192983,0.0,0.0,0.0,0.0,0.0,0.0,0.0,0.0,0.6444444444444445,0.5,0.0,0.7894736842105263,0.21052631578947367,0.13981464359903856,0
INDUSTOWER,1,0.7,725,80,115,2024-04-15,2024-12-02,0.5304347826086957,0.5166153846153847,0.37209302325581395,0.7619047619047619,0.24615384615384617,16,5,45,49,0.5652173913043478,0.4782608695652174,0.0,0.0,0.0,0.0,0.0,0.0,0.0,0.0,0.7619047619047619,0.4787234042553191,0.0,0.1826086956521739,0.8173913043478261,1.0,0
INDUSTOWER,2,0.75,777,86,115,2024-08-08,2025-03-27,0.5304347826086957,0.5339393939393939,0.5645161290322581,0.546875,0.5833333333333334,35,29,26,25,0.4782608695652174,0.5043478260869565,0.0,0.0,0.0,0.0,0.0,0.0,0.0,0.0,0.546875,0.5098039215686274,0.0,0.5565217391304348,0.4434782608695652,0.2788792891316133,0
INDUSTOWER,3,0.8,828,92,115,2024-12-03,2025-07-31,0.4608695652173913,0.4346642468239565,0.48333333333333334,0.46774193548387094,0.5,29,33,24,29,0.4608695652173913,0.46956521739130436,0.0,0.0,0.0,0.0,0.0,0.0,0.0,0.0,0.46774193548387094,0.4528301886792453,0.0,0.5391304347826087,0.4608695652173913,0.5778068222916015,0
INDUSTOWER,4,0.85,881,97,115,2025-03-28,2025-12-01,0.4782608695652174,0.49274047186932846,0.5238095238095238,0.4782608695652174,0.5789473684210527,33,36,22,24,0.4956521739130435,0.4956521739130435,0.0,0.0,0.0,0.0,0.0,0.0,0.0,0.0,0.4782608695652174,0.4782608695652174,0.0,0.6,0.4,1.0,0
INDUSTOWER,5,0.9,932,103,116,2025-08-04,2026-04-08,0.5344827586206896,0.5245901639344263,0.5263157894736842,0.5660377358490566,0.4918032786885246,30,23,32,31,0.46551724137931033,0.5775862068965517,0.0,0.0,0.0,0.0,0.0,0.0,0.0,0.0,0.5660377358490566,0.5079365079365079,0.0,0.45689655172413796,0.5431034482758621,0.1874006762594631,0
INDUSTOWER,6,0.95,984,109,58,2025-12-02,2026-04-08,0.5344827586206896,0.5698924731182796,0.5263157894736842,0.5769230769230769,0.4838709677419355,15,11,16,16,0.5172413793103449,0.5689655172413793,0.0,0.0,0.0,0.0,0.0,0.0,0.0,0.0,0.5769230769230769,0.5,0.0,0.4482758620689655,0.5517241379310345,1.0,0
ULTRACEMCO,1,0.7,674,74,107,2024-05-03,2024-12-04,0.514018691588785,0.5147058823529411,0.543859649122807,0.5344827586206896,0.5535714285714286,31,27,24,25,0.4672897196261682,0.514018691588785,0.0,0.0,0.0,0.0,0.0,0.0,0.0,0.0,0.5344827586206896,0.4897959183673469,0.0,0.5420560747663551,0.45794392523364486,1.0,0
ULTRACEMCO,2,0.75,721,80,107,2024-08-14,2025-03-12,0.5514018691588785,0.5478536242083041,0.6065573770491803,0.5068493150684932,0.7551020408163265,37,36,22,12,0.5420560747663551,0.45794392523364486,0.0,0.0,0.0,0.0,0.0,0.0,0.0,0.0,0.5068493150684932,0.6470588235294117,0.0,0.6822429906542056,0.3177570093457944,1.0,0
ULTRACEMCO,3,0.8,770,85,107,2024-12-05,2025-08-07,0.514018691588785,0.5562543675751223,0.6338028169014085,0.5056179775280899,0.8490566037735849,45,44,10,8,0.514018691588785,0.4953271028037383,0.0,0.0,0.0,0.0,0.0,0.0,0.0,0.0,0.5056179775280899,0.5555555555555556,0.0,0.8317757009345794,0.16822429906542055,1.0,0
ULTRACEMCO,4,0.85,818,90,107,2025-03-13,2025-12-08,0.48598130841121495,0.5003501400560224,0.6153846153846154,0.4782608695652174,0.8627450980392157,44,48,8,7,0.4953271028037383,0.5420560747663551,0.0,0.0,0.0,0.0,0.0,0.0,0.0,0.0,0.4782608695652174,0.5333333333333333,0.0,0.8598130841121495,0.14018691588785046,1.0,0
ULTRACEMCO,5,0.9,866,96,107,2025-08-08,2026-04-21,0.4672897196261682,0.47994370161857847,0.5210084033613446,0.44285714285714284,0.6326530612244898,31,39,19,18,0.5327102803738317,0.5420560747663551,0.0,0.0,0.0,0.0,0.0,0.0,0.0,0.0,0.44285714285714284,0.5135135135135135,0.0,0.6542056074766355,0.34579439252336447,0.34257503688082613,0
ULTRACEMCO,6,0.95,914,101,54,2025-12-09,2026-04-21,0.5370370370370371,0.5741758241758241,0.6031746031746031,0.5428571428571428,0.6785714285714286,19,16,10,9,0.5,0.48148148148148145,0.0,0.0,0.0,0.0,0.0,0.0,0.0,0.0,0.5428571428571428,0.5263157894736843,0.0,0.6481481481481481,0.35185185185185186,0.25316283557762714,0
GRASIM,1,0.7,698,77,111,2024-04-05,2024-11-19,0.5585585585585585,0.5875409836065574,0.6474820143884892,0.5769230769230769,0.7377049180327869,45,33,17,16,0.5315315315315315,0.5855855855855856,0.0,0.0,0.0,0.0,0.0,0.0,0.0,0.0,0.5769230769230769,0.5151515151515151,0.0,0.7027027027027027,0.2972972972972973,0.3866145854312505,0
GRASIM,2,0.75,748,83,110,2024-08-05,2025-03-19,0.4727272727272727,0.45157024793388434,0.6027397260273972,0.4835164835164835,0.8,44,47,8,11,0.43636363636363634,0.5272727272727272,0.0,0.0,0.0,0.0,0.0,0.0,0.0,0.0,0.4835164835164835,0.42105263157894735,0.0,0.8272727272727273,0.17272727272727273,0.559191890334803,0
GRASIM,3,0.8,798,88,111,2024-11-22,2025-07-18,0.5045045045045045,0.4749512036434613,0.6357615894039735,0.4897959183673469,0.9056603773584906,48,50,8,5,0.46846846846846846,0.46846846846846846,0.0,0.0,0.0,0.0,0.0,0.0,0.0,0.0,0.4897959183673469,0.6153846153846154,0.0,0.8828828828828829,0.11711711711711711,0.27567544804032884,0
GRASIM,4,0.85,847,94,111,2025-03-21,2025-12-02,0.4954954954954955,0.48536109303838654,0.5882352941176471,0.4819277108433735,0.7547169811320755,40,43,15,13,0.5225225225225225,0.4774774774774775,0.0,0.0,0.0,0.0,0.0,0.0,0.0,0.0,0.4819277108433735,0.5357142857142857,0.0,0.7477477477477478,0.25225225225225223,1.0,0
GRASIM,5,0.9,898,99,111,2025-07-21,2026-04-16,0.5405405405405406,0.6044242029928432,0.6165413533834586,0.5125,0.7735849056603774,41,39,19,12,0.5765765765765766,0.5225225225225225,0.0,0.0,0.0,0.0,0.0,0.0,0.0,0.0,0.5125,0.6129032258064516,0.0,0.7207207207207207,0.27927927927927926,1.4527313226872691,0
GRASIM,6,0.95,947,105,56,2025-12-04,2026-04-16,0.5,0.5782051282051283,0.5757575757575758,0.475,0.7307692307692307,19,21,9,7,0.5,0.5892857142857143,0.0,0.0,0.0,0.0,0.0,0.0,0.0,0.0,0.475,0.5625,0.0,0.7142857142857143,0.2857142857142857,0.7155894050194984,0
AMBUJACEM,1,0.7,717,79,114,2024-05-03,2024-12-13,0.4824561403508772,0.5886699507389163,0.6289308176100629,0.49504950495049505,0.8620689655172413,50,51,5,8,0.5175438596491229,0.5087719298245614,0.0,0.0,0.0,0.0,0.0,0.0,0.0,0.0,0.49504950495049505,0.3846153846153846,0.0,0.8859649122807017,0.11403508771929824,0.3912617473350574,0
AMBUJACEM,2,0.75,768,85,114,2024-08-20,2025-04-07,0.4649122807017544,0.480603448275862,0.5960264900662252,0.47368421052631576,0.8035714285714286,45,50,8,11,0.5789473684210527,0.49122807017543857,0.0,0.0,0.0,0.0,0.0,0.0,0.0,0.0,0.47368421052631576,0.42105263157894735,0.0,0.8333333333333334,0.16666666666666666,0.38474560548671094,0
AMBUJACEM,3,0.8,819,91,114,2024-12-16,2025-08-07,0.5526315789473685,0.5535714285714286,0.6530612244897959,0.5393258426966292,0.8275862068965517,48,41,15,10,0.5263157894736842,0.5175438596491229,0.0,0.0,0.0,0.0,0.0,0.0,0.0,0.0,0.5393258426966292,0.6,0.0,0.7807017543859649,0.21929824561403508,0.4477026253020664,0
AMBUJACEM,4,0.85,871,96,114,2025-04-08,2025-12-10,0.5526315789473685,0.5204714640198511,0.5984251968503937,0.5066666666666667,0.7307692307692307,38,37,25,14,0.543859649122807,0.5,0.0,0.0,0.0,0.0,0.0,0.0,0.0,0.0,0.5066666666666667,0.641025641025641,0.0,0.6578947368421053,0.34210526315789475,0.6909316886625144,0
AMBUJACEM,5,0.9,922,102,114,2025-08-08,2026-04-21,0.42105263157894735,0.4215625,0.47619047619047616,0.39473684210526316,0.6,30,46,18,20,0.40350877192982454,0.543859649122807,0.0,0.0,0.0,0.0,0.0,0.0,0.0,0.0,0.39473684210526316,0.4736842105263158,0.0,0.6666666666666666,0.3333333333333333,0.43935499471026784,0
AMBUJACEM,6,0.95,973,108,57,2025-12-11,2026-04-21,0.47368421052631576,0.5049261083743842,0.53125,0.4722222222222222,0.6071428571428571,17,19,10,11,0.40350877192982454,0.49122807017543857,0.0,0.0,0.0,0.0,0.0,0.0,0.0,0.0,0.4722222222222222,0.47619047619047616,0.0,0.631578947368421,0.3684210526315789,0.3875364547160545,0
ASIANPAINT,1,0.7,750,83,119,2024-01-15,2024-11-07,0.48739495798319327,0.4593220338983051,0.5793103448275863,0.49411764705882355,0.7,42,43,16,18,0.5126050420168067,0.5126050420168067,0.0,0.0,0.0,0.0,0.0,0.0,0.0,0.0,0.49411764705882355,0.47058823529411764,0.0,0.7142857142857143,0.2857142857142857,0.28516267835686665,0
ASIANPAINT,2,0.75,803,89,119,2024-06-27,2025-03-12,0.44537815126050423,0.47359357060849605,0.5217391304347826,0.4186046511627907,0.6923076923076923,36,50,17,16,0.4369747899159664,0.5462184873949579,0.0,0.0,0.0,0.0,0.0,0.0,0.0,0.0,0.4186046511627907,0.5151515151515151,0.0,0.7226890756302521,0.2773109243697479,0.47732865219259535,0
ASIANPAINT,3,0.8,857,95,119,2024-11-08,2025-07-24,0.5462184873949579,0.5157232704402516,0.5344827586206896,0.49206349206349204,0.5849056603773585,31,32,34,22,0.5210084033613446,0.48739495798319327,0.0,0.0,0.0,0.0,0.0,0.0,0.0,0.0,0.49206349206349204,0.6071428571428572,0.0,0.5294117647058824,0.47058823529411764,0.42444723240538845,0
ASIANPAINT,4,0.85,910,101,119,2025-03-13,2025-12-10,0.42857142857142855,0.420486700622524,0.45161290322580644,0.45161290322580644,0.45161290322580644,28,34,23,34,0.5126050420168067,0.4369747899159664,0.0,0.0,0.0,0.0,0.0,0.0,0.0,0.0,0.45161290322580644,0.4035087719298246,0.0,0.5210084033613446,0.4789915966386555,0.3512758844839469,0
ASIANPAINT,5,0.9,964,107,119,2025-07-25,2026-04-21,0.5378151260504201,0.528813559322034,0.5045045045045045,0.5384615384615384,0.4745762711864407,28,24,36,31,0.5042016806722689,0.5042016806722689,0.0,0.0,0.0,0.0,0.0,0.0,0.0,0.0,0.5384615384615384,0.5373134328358209,0.0,0.4369747899159664,0.5630252100840336,0.10518688746384092,0
ASIANPAINT,6,0.95,1017,113,60,2025-12-11,2026-04-21,0.6333333333333333,0.6350446428571429,0.45,0.75,0.32142857142857145,9,3,29,19,0.65,0.5333333333333333,0.0,0.0,0.0,0.0,0.0,0.0,0.0,0.0,0.75,0.6041666666666667,0.0,0.2,0.8,1.0,0
SHREECEM,1,0.7,683,75,109,2024-03-18,2024-11-12,0.5229357798165137,0.5589622641509434,0.5806451612903226,0.5070422535211268,0.6792452830188679,36,35,21,17,0.5137614678899083,0.5412844036697247,0.0,0.0,0.0,0.0,0.0,0.0,0.0,0.0,0.5070422535211268,0.5526315789473684,0.0,0.6513761467889908,0.3486238532110092,0.6363960856271013,0
SHREECEM,2,0.75,732,81,108,2024-08-02,2025-03-11,0.49074074074074076,0.4866255144032922,0.5736434108527132,0.49333333333333335,0.6851851851851852,37,38,16,17,0.42592592592592593,0.49074074074074076,0.0,0.0,0.0,0.0,0.0,0.0,0.0,0.0,0.49333333333333335,0.48484848484848486,0.0,0.6944444444444444,0.3055555555555556,0.45572022487957287,0
SHREECEM,3,0.8,781,86,108,2024-11-14,2025-07-28,0.46296296296296297,0.49931318681318687,0.5166666666666667,0.484375,0.5535714285714286,31,33,19,25,0.5277777777777778,0.5185185185185185,0.0,0.0,0.0,0.0,0.0,0.0,0.0,0.0,0.484375,0.43181818181818177,0.0,0.5925925925925926,0.4074074074074074,1.0,0
SHREECEM,4,0.85,829,92,108,2025-03-13,2025-12-11,0.5277777777777778,0.5308685036623648,0.5785123966942148,0.47297297297297297,0.7446808510638298,35,39,22,12,0.4722222222222222,0.4351851851851852,0.0,0.0,0.0,0.0,0.0,0.0,0.0,0.0,0.47297297297297297,0.6470588235294117,0.0,0.6851851851851852,0.3148148148148148,0.10000660285425449,0
SHREECEM,5,0.9,878,97,109,2025-07-29,2026-04-21,0.4954128440366973,0.5213559322033898,0.5217391304347826,0.46153846153846156,0.6,30,35,24,20,0.4954128440366973,0.48623853211009177,0.0,0.0,0.0,0.0,0.0,0.0,0.0,0.0,0.46153846153846156,0.5454545454545454,0.0,0.5963302752293578,0.4036697247706422,0.3044689983136662,0
SHREECEM,6,0.95,927,102,55,2025-12-12,2026-04-21,0.509090909090909,0.5610079575596817,0.6493506493506493,0.5208333333333334,0.8620689655172413,25,23,3,4,0.509090909090909,0.509090909090909,0.0,0.0,0.0,0.0,0.0,0.0,0.0,0.0,0.5208333333333334,0.4285714285714286,0.0,0.8727272727272727,0.12727272727272726,1.0,0
TITAN,1,0.7,771,85,123,2024-01-09,2024-09-26,0.5772357723577236,0.5309168443496801,0.6285714285714286,0.6027397260273972,0.6567164179104478,44,29,27,23,0.5934959349593496,0.5365853658536586,0.0,0.0,0.0,0.0,0.0,0.0,0.0,0.0,0.6027397260273972,0.54,0.0,0.5934959349593496,0.4065040650406504,0.36200651860827254,0
TITAN,2,0.75,827,91,122,2024-05-23,2025-02-06,0.5,0.44435483870967746,0.5611510791366906,0.5064935064935064,0.6290322580645161,39,38,22,23,0.4426229508196721,0.4672131147540984,0.0,0.0,0.0,0.0,0.0,0.0,0.0,0.0,0.5064935064935064,0.48888888888888893,0.0,0.6311475409836066,0.36885245901639346,0.2753715978041203,0
TITAN,3,0.8,882,97,122,2024-09-30,2025-06-24,0.5,0.5016163793103449,0.5960264900662252,0.4838709677419355,0.7758620689655172,45,48,16,13,0.48360655737704916,0.5245901639344263,0.0,0.0,0.0,0.0,0.0,0.0,0.0,0.0,0.4838709677419355,0.5517241379310345,0.0,0.7622950819672131,0.23770491803278687,1.0,0
TITAN,4,0.85,936,104,122,2025-02-07,2025-11-19,0.5,0.5274193548387096,0.5673758865248227,0.5063291139240507,0.6451612903225806,40,39,21,22,0.48360655737704916,0.4918032786885246,0.0,0.0,0.0,0.0,0.0,0.0,0.0,0.0,0.5063291139240507,0.4883720930232558,0.0,0.6475409836065574,0.3524590163934426,1.0,0
TITAN,5,0.9,991,110,123,2025-06-25,2026-04-21,0.5040650406504065,0.5074074074074074,0.5196850393700787,0.515625,0.5238095238095238,33,31,29,30,0.4146341463414634,0.5040650406504065,0.0,0.0,0.0,0.0,0.0,0.0,0.0,0.0,0.515625,0.4915254237288136,0.0,0.5203252032520326,0.4796747967479675,0.10000660285425449,0
TITAN,6,0.95,1046,116,62,2025-11-21,2026-04-21,0.5,0.5213319458896982,0.5373134328358209,0.5,0.5806451612903226,18,18,13,13,0.41935483870967744,0.45161290322580644,0.0,0.0,0.0,0.0,0.0,0.0,0.0,0.0,0.5,0.5,0.0,0.5806451612903226,0.41935483870967744,0.21625248720447873,0
PIDILITIND,1,0.7,769,85,122,2024-01-12,2024-10-04,0.5245901639344263,0.483695652173913,0.5797101449275363,0.6451612903225806,0.5263157894736842,40,22,24,36,0.5655737704918032,0.4098360655737705,0.0,0.0,0.0,0.0,0.0,0.0,0.0,0.0,0.6451612903225806,0.4,0.0,0.5081967213114754,0.4918032786885246,1.0,0
PIDILITIND,2,0.75,824,91,122,2024-06-03,2025-01-31,0.5327868852459017,0.5705802968960864,0.5128205128205128,0.5769230769230769,0.46153846153846156,30,22,35,35,0.5737704918032787,0.4672131147540984,0.0,0.0,0.0,0.0,0.0,0.0,0.0,0.0,0.5769230769230769,0.5,0.0,0.4262295081967213,0.5737704918032787,1.0,0
PIDILITIND,3,0.8,879,97,122,2024-10-07,2025-06-13,0.4672131147540984,0.4762550881953867,0.5637583892617449,0.44680851063829785,0.7636363636363637,42,52,15,13,0.48360655737704916,0.5081967213114754,0.0,0.0,0.0,0.0,0.0,0.0,0.0,0.0,0.44680851063829785,0.5357142857142857,0.0,0.7704918032786885,0.22950819672131148,0.5165681252903079,0
PIDILITIND,4,0.85,934,103,122,2025-02-01,2025-11-21,0.5,0.5108958837772397,0.6163522012578616,0.49,0.8305084745762712,49,51,12,10,0.4672131147540984,0.47540983606557374,0.0,0.0,0.0,0.0,0.0,0.0,0.0,0.0,0.49,0.5454545454545454,0.0,0.819672131147541,0.18032786885245902,0.38873197628189377,0
PIDILITIND,5,0.9,989,109,123,2025-06-16,2026-04-21,0.5528455284552846,0.4970822281167109,0.6666666666666666,0.55,0.8461538461538461,55,45,13,10,0.5203252032520326,0.5284552845528455,0.0,0.0,0.0,0.0,0.0,0.0,0.0,0.0,0.55,0.5652173913043479,0.0,0.8130081300813008,0.18699186991869918,1.0,0
PIDILITIND,6,0.95,1044,115,62,2025-11-25,2026-04-21,0.4838709677419355,0.46290491118077326,0.5151515151515151,0.5151515151515151,0.5151515151515151,17,16,13,16,0.43548387096774194,0.5161290322580645,0.0,0.0,0.0,0.0,0.0,0.0,0.0,0.0,0.5151515151515151,0.4482758620689655,0.0,0.532258064516129,0.46774193548387094,0.10760182859561875,0
BERGEPAINT,1,0.7,769,85,122,2023-12-28,2024-10-14,0.5491803278688525,0.5727124183006536,0.6666666666666666,0.5670103092783505,0.8088235294117647,55,42,12,13,0.5163934426229508,0.5327868852459017,0.0,0.0,0.0,0.0,0.0,0.0,0.0,0.0,0.5670103092783505,0.48,0.0,0.7950819672131147,0.20491803278688525,0.22047266865888718,0
BERGEPAINT,2,0.75,824,91,122,2024-06-04,2025-02-13,0.5409836065573771,0.5318627450980392,0.6410256410256411,0.5681818181818182,0.7352941176470589,50,38,16,18,0.6065573770491803,0.5245901639344263,0.0,0.0,0.0,0.0,0.0,0.0,0.0,0.0,0.5681818181818182,0.47058823529411764,0.0,0.7213114754098361,0.2786885245901639,0.4088396274761621,0
BERGEPAINT,3,0.8,879,97,122,2024-10-15,2025-07-14,0.5081967213114754,0.500268817204301,0.6,0.5,0.75,45,45,17,15,0.47540983606557374,0.5409836065573771,0.0,0.0,0.0,0.0,0.0,0.0,0.0,0.0,0.5,0.53125,0.0,0.7377049180327869,0.26229508196721313,0.41973689413205767,0
BERGEPAINT,4,0.85,934,103,122,2025-02-14,2025-11-18,0.5327868852459017,0.5495689655172413,0.6459627329192547,0.5360824742268041,0.8125,52,45,13,12,0.5163934426229508,0.5081967213114754,0.0,0.0,0.0,0.0,0.0,0.0,0.0,0.0,0.5360824742268041,0.52,0.0,0.7950819672131147,0.20491803278688525,0.40702172253515373,0
BERGEPAINT,5,0.9,989,109,123,2025-07-15,2026-04-21,0.5447154471544715,0.5519722814498934,0.5692307692307692,0.5,0.6607142857142857,37,37,30,19,0.4796747967479675,0.4796747967479675,0.0,0.0,0.0,0.0,0.0,0.0,0.0,0.0,0.5,0.6122448979591837,0.0,0.6016260162601627,0.3983739837398374,1.0,0
BERGEPAINT,6,0.95,1044,115,62,2025-11-20,2026-04-21,0.5161290322580645,0.5745614035087719,0.5,0.4166666666666667,0.625,15,21,17,9,0.532258064516129,0.5,0.0,0.0,0.0,0.0,0.0,0.0,0.0,0.0,0.4166666666666667,0.6538461538461539,0.0,0.5806451612903226,0.41935483870967744,1.0,0
VOLTAS,1,0.7,829,92,131,2024-02-13,2024-10-25,0.5419847328244275,0.5024189646831156,0.6103896103896104,0.618421052631579,0.6025641025641025,47,29,24,31,0.48854961832061067,0.5190839694656488,0.0,0.0,0.0,0.0,0.0,0.0,0.0,0.0,0.618421052631579,0.4363636363636364,0.0,0.5801526717557252,0.4198473282442748,0.4979564586994019,0
VOLTAS,2,0.75,889,98,131,2024-06-27,2025-02-17,0.4732824427480916,0.4636363636363636,0.49635036496350365,0.4788732394366197,0.5151515151515151,34,37,28,32,0.45038167938931295,0.5114503816793893,0.0,0.0,0.0,0.0,0.0,0.0,0.0,0.0,0.4788732394366197,0.4666666666666667,0.0,0.5419847328244275,0.4580152671755725,0.24601774907553298,0
VOLTAS,3,0.8,947,105,132,2024-10-28,2025-07-02,0.5,0.48759191176470584,0.5147058823529411,0.4861111111111111,0.546875,35,37,31,29,0.45454545454545453,0.4621212121212121,0.0,0.0,0.0,0.0,0.0,0.0,0.0,0.0,0.4861111111111111,0.5166666666666666,0.0,0.5454545454545454,0.45454545454545453,0.379998642996399,0
VOLTAS,4,0.85,1007,111,132,2025-02-20,2025-11-26,0.5,0.6062211981566819,0.6632653061224489,0.5158730158730159,0.9285714285714286,65,61,1,5,0.5227272727272727,0.5303030303030303,0.0,0.0,0.0,0.0,0.0,0.0,0.0,0.0,0.5158730158730159,0.16666666666666663,0.0,0.9545454545454546,0.045454545454545456,1.0,0
VOLTAS,5,0.9,1066,118,132,2025-07-11,2026-04-21,0.49242424242424243,0.5286404416839199,0.5988023952095808,0.5102040816326531,0.7246376811594203,50,48,15,19,0.5227272727272727,0.5227272727272727,0.0,0.0,0.0,0.0,0.0,0.0,0.0,0.0,0.5102040816326531,0.4411764705882353,0.0,0.7424242424242424,0.25757575757575757,0.23277947363308504,0
VOLTAS,6,0.95,1125,125,66,2025-11-27,2026-04-21,0.5454545454545454,0.5714285714285714,0.5833333333333334,0.5675675675675675,0.6,21,16,15,14,0.5757575757575758,0.5303030303030303,0.0,0.0,0.0,0.0,0.0,0.0,0.0,0.0,0.5675675675675675,0.5172413793103448,0.0,0.5606060606060606,0.4393939393939394,0.15550913227827964,0
PAGEIND,1,0.7,818,90,130,2023-12-12,2024-10-01,0.5,0.5150867189356143,0.6107784431137725,0.5204081632653061,0.7391304347826086,51,47,14,18,0.49230769230769234,0.5,0.0,0.0,0.0,0.0,0.0,0.0,0.0,0.0,0.5204081632653061,0.4375,0.0,0.7538461538461538,0.24615384615384617,1.0,0
PAGEIND,2,0.75,876,97,130,2024-05-17,2025-02-11,0.49230769230769234,0.4706581135661677,0.5217391304347826,0.5217391304347826,0.5217391304347826,36,33,28,33,0.5769230769230769,0.5076923076923077,0.0,0.0,0.0,0.0,0.0,0.0,0.0,0.0,0.5217391304347826,0.4590163934426229,0.0,0.5307692307692308,0.46923076923076923,1.0,0
PAGEIND,3,0.8,935,103,130,2024-10-07,2025-06-26,0.5230769230769231,0.5430952380952381,0.5230769230769231,0.5666666666666667,0.4857142857142857,34,26,34,36,0.5846153846153846,0.5384615384615384,0.0,0.0,0.0,0.0,0.0,0.0,0.0,0.0,0.5666666666666667,0.48571428571428577,0.0,0.46153846153846156,0.5384615384615384,1.0,0
PAGEIND,4,0.85,993,110,130,2025-02-12,2025-11-13,0.5153846153846153,0.5060412224591329,0.5039370078740157,0.5,0.5079365079365079,32,32,35,31,0.47692307692307695,0.47692307692307695,0.0,0.0,0.0,0.0,0.0,0.0,0.0,0.0,0.5,0.5303030303030303,0.0,0.49230769230769234,0.5076923076923077,0.2690200764942308,0
PAGEIND,5,0.9,1052,116,130,2025-06-30,2026-04-16,0.5307692307692308,0.5796783625730993,0.5611510791366906,0.4588235294117647,0.7222222222222222,39,46,30,15,0.5307692307692308,0.47692307692307695,0.0,0.0,0.0,0.0,0.0,0.0,0.0,0.0,0.4588235294117647,0.6666666666666667,0.0,0.6538461538461539,0.34615384615384615,0.5809508026394606,0
PAGEIND,6,0.95,1110,123,65,2025-11-14,2026-04-16,0.4461538461538462,0.3905325443786982,0.5,0.391304347826087,0.6923076923076923,18,28,11,8,0.38461538461538464,0.38461538461538464,0.0,0.0,0.0,0.0,0.0,0.0,0.0,0.0,0.391304347826087,0.5789473684210527,0.0,0.7076923076923077,0.2923076923076923,0.44367479274895266,0
DLF,1,0.7,865,96,138,2023-11-30,2024-09-20,0.5144927536231884,0.5127459749552772,0.567741935483871,0.6376811594202898,0.5116279069767442,44,25,27,42,0.5072463768115942,0.4927536231884058,0.0,0.0,0.0,0.0,0.0,0.0,0.0,0.0,0.6376811594202898,0.3913043478260869,0.0,0.5,0.5,0.20307285473793904,0
DLF,2,0.75,927,103,137,2024-04-29,2025-01-24,0.5985401459854015,0.5533333333333333,0.708994708994709,0.5877192982456141,0.8933333333333333,67,47,15,8,0.49635036496350365,0.5693430656934306,0.0,0.0,0.0,0.0,0.0,0.0,0.0,0.0,0.5877192982456141,0.6521739130434783,0.0,0.8321167883211679,0.1678832116788321,0.20887888510752334,0
DLF,3,0.8,990,109,137,2024-09-23,2025-06-18,0.5401459854014599,0.5526427962489344,0.6440677966101694,0.5277777777777778,0.8260869565217391,57,51,17,12,0.5036496350364964,0.5255474452554745,0.0,0.0,0.0,0.0,0.0,0.0,0.0,0.0,0.5277777777777778,0.5862068965517242,0.0,0.7883211678832117,0.2116788321167883,0.39816991240771266,0
DLF,4,0.85,1051,116,138,2025-01-27,2025-11-12,0.47101449275362317,0.4948366701791359,0.6256410256410256,0.46923076923076923,0.9384615384615385,61,69,4,4,0.5144927536231884,0.463768115942029,0.0,0.0,0.0,0.0,0.0,0.0,0.0,0.0,0.46923076923076923,0.5,0.0,0.9420289855072463,0.057971014492753624,0.5217073115693825,0
DLF,5,0.9,1113,123,138,2025-06-19,2026-04-21,0.43478260869565216,0.5491379310344827,0.5411764705882353,0.4107142857142857,0.7931034482758621,46,66,14,12,0.4420289855072464,0.39855072463768115,0.0,0.0,0.0,0.0,0.0,0.0,0.0,0.0,0.4107142857142857,0.5384615384615384,0.0,0.8115942028985508,0.18840579710144928,1.6850780295415368,0
DLF,6,0.95,1175,130,69,2025-11-14,2026-04-21,0.43478260869565216,0.5238095238095237,0.5714285714285714,0.40625,0.9629629629629629,26,38,4,1,0.4492753623188406,0.391304347826087,0.0,0.0,0.0,0.0,0.0,0.0,0.0,0.0,0.40625,0.8,0.0,0.927536231884058,0.07246376811594203,1.0,0
DMART,1,0.7,797,88,127,2023-12-15,2024-09-24,0.5748031496062992,0.5338383838383839,0.6197183098591549,0.6285714285714286,0.6111111111111112,44,26,29,28,0.5590551181102362,0.4330708661417323,0.0,0.0,0.0,0.0,0.0,0.0,0.0,0.0,0.6285714285714286,0.5087719298245614,0.0,0.5511811023622047,0.44881889763779526,1.0,0
DMART,2,0.75,854,94,127,2024-05-24,2025-02-03,0.49606299212598426,0.5015037593984963,0.49206349206349204,0.4492753623188406,0.543859649122807,31,38,32,26,0.44881889763779526,0.4566929133858268,0.0,0.0,0.0,0.0,0.0,0.0,0.0,0.0,0.4492753623188406,0.5517241379310345,0.0,0.5433070866141733,0.4566929133858268,0.10000660285425449,0
DMART,3,0.8,911,101,126,2024-09-25,2025-06-24,0.4365079365079365,0.4418367346938775,0.49645390070921985,0.4117647058823529,0.625,35,50,20,21,0.4444444444444444,0.47619047619047616,0.0,0.0,0.0,0.0,0.0,0.0,0.0,0.0,0.4117647058823529,0.4878048780487805,0.0,0.6746031746031746,0.3253968253968254,0.4683014558957013,0
DMART,4,0.85,968,107,126,2025-02-04,2025-11-18,0.47619047619047616,0.4891633064516129,0.5540540540540541,0.47674418604651164,0.6612903225806451,41,45,19,21,0.4444444444444444,0.49206349206349204,0.0,0.0,0.0,0.0,0.0,0.0,0.0,0.0,0.47674418604651164,0.475,0.0,0.6825396825396826,0.31746031746031744,1.0,0
DMART,5,0.9,1025,113,127,2025-06-25,2026-04-16,0.44881889763779526,0.4662977867203219,0.5138888888888888,0.42045454545454547,0.6607142857142857,37,51,20,19,0.4645669291338583,0.5590551181102362,0.0,0.0,0.0,0.0,0.0,0.0,0.0,0.0,0.42045454545454547,0.5128205128205128,0.0,0.6929133858267716,0.30708661417322836,0.4232455988732363,0
DMART,6,0.95,1081,120,64,2025-11-19,2026-04-16,0.53125,0.530049261083744,0.4444444444444444,0.48,0.41379310344827586,12,13,22,17,0.421875,0.546875,0.0,0.0,0.0,0.0,0.0,0.0,0.0,0.0,0.48,0.5641025641025641,0.0,0.390625,0.609375,1.0,0
ADANIENT,1,0.7,819,90,131,2023-12-27,2024-10-18,0.549618320610687,0.6177705223880596,0.6775956284153005,0.5344827586206896,0.9253731343283582,62,54,10,5,0.5572519083969466,0.5648854961832062,0.0,0.0,0.0,0.0,0.0,0.0,0.0,0.0,0.5344827586206896,0.6666666666666667,0.0,0.8854961832061069,0.11450381679389313,0.4925511350290489,0
ADANIENT,2,0.75,878,97,130,2024-05-22,2025-02-12,0.5307692307692308,0.5393738140417458,0.6303030303030303,0.5048543689320388,0.8387096774193549,52,51,17,10,0.5076923076923077,0.5692307692307692,0.0,0.0,0.0,0.0,0.0,0.0,0.0,0.0,0.5048543689320388,0.6296296296296297,0.0,0.7923076923076923,0.2076923076923077,0.2900992571767513,0
ADANIENT,3,0.8,936,104,130,2024-10-21,2025-07-03,0.5230769230769231,0.5142045454545454,0.6352941176470588,0.5192307692307693,0.8181818181818182,54,50,14,12,0.5,0.5538461538461539,0.0,0.0,0.0,0.0,0.0,0.0,0.0,0.0,0.5192307692307693,0.5384615384615384,0.0,0.8,0.2,0.21821018811977327,0
ADANIENT,4,0.85,995,110,130,2025-02-13,2025-11-26,0.5,0.4885714285714285,0.5255474452554745,0.4675324675324675,0.6,36,41,29,24,0.46923076923076923,0.4846153846153846,0.0,0.0,0.0,0.0,0.0,0.0,0.0,0.0,0.4675324675324675,0.5471698113207547,0.0,0.5923076923076923,0.4076923076923077,1.0,0
ADANIENT,5,0.9,1053,117,130,2025-07-04,2026-04-21,0.3769230769230769,0.43907714491708727,0.40875912408759124,0.35,0.49122807017543857,28,52,21,29,0.43846153846153846,0.49230769230769234,0.0,0.0,0.0,0.0,0.0,0.0,0.0,0.0,0.35,0.42000000000000004,0.0,0.6153846153846154,0.38461538461538464,0.6548298370274527,0
ADANIENT,6,0.95,1112,123,65,2025-11-27,2026-04-21,0.5692307692307692,0.5549242424242424,0.631578947368421,0.5454545454545454,0.75,24,20,13,8,0.5846153846153846,0.5076923076923077,0.0,0.0,0.0,0.0,0.0,0.0,0.0,0.0,0.5454545454545454,0.6190476190476191,0.0,0.676923076923077,0.3230769230769231,1.0,0
GODREJPROP,1,0.7,873,97,138,2024-01-05,2024-10-08,0.5289855072463768,0.5331062380242708,0.5859872611464968,0.575,0.5974025974025974,46,34,27,31,0.5144927536231884,0.5217391304347826,0.0,0.0,0.0,0.0,0.0,0.0,0.0,0.0,0.575,0.4655172413793104,0.0,0.5797101449275363,0.42028985507246375,0.45521266321384996,0
GODREJPROP,2,0.75,936,103,139,2024-06-04,2025-02-11,0.5683453237410072,0.5929606625258799,0.6,0.5555555555555556,0.6521739130434783,45,36,34,24,0.5107913669064749,0.5539568345323741,0.0,0.0,0.0,0.0,0.0,0.0,0.0,0.0,0.5555555555555556,0.5862068965517242,0.0,0.5827338129496403,0.4172661870503597,0.42945594680403093,0
GODREJPROP,3,0.8,998,110,139,2024-10-09,2025-07-16,0.5179856115107914,0.5381110190555096,0.6298342541436464,0.504424778761062,0.8382352941176471,57,56,15,11,0.5107913669064749,0.539568345323741,0.0,0.0,0.0,0.0,0.0,0.0,0.0,0.0,0.504424778761062,0.5769230769230769,0.0,0.8129496402877698,0.18705035971223022,0.746908465824822,0
GODREJPROP,4,0.85,1061,117,138,2025-02-12,2025-11-21,0.47101449275362317,0.5301660710531848,0.6010928961748634,0.47413793103448276,0.8208955223880597,55,61,10,12,0.5434782608695652,0.4927536231884058,0.0,0.0,0.0,0.0,0.0,0.0,0.0,0.0,0.47413793103448276,0.4545454545454546,0.0,0.8405797101449275,0.15942028985507245,1.0,0
GODREJPROP,5,0.9,1123,124,139,2025-07-17,2026-04-21,0.4316546762589928,0.4414583333333334,0.49032258064516127,0.4175824175824176,0.59375,38,53,22,26,0.460431654676259,0.460431654676259,0.0,0.0,0.0,0.0,0.0,0.0,0.0,0.0,0.4175824175824176,0.45833333333333337,0.0,0.6546762589928058,0.34532374100719426,1.0,0
GODREJPROP,6,0.95,1185,131,70,2025-11-24,2026-04-21,0.5142857142857142,0.5438165438165438,0.5277777777777778,0.48717948717948717,0.5757575757575758,19,20,17,14,0.5,0.4857142857142857,0.0,0.0,0.0,0.0,0.0,0.0,0.0,0.0,0.48717948717948717,0.5483870967741935,0.0,0.5571428571428572,0.44285714285714284,1.0,0
ADANIPORTS,1,0.7,708,78,113,2024-05-09,2024-12-13,0.5752212389380531,0.5993730407523511,0.5555555555555556,0.6,0.5172413793103449,30,20,35,28,0.5663716814159292,0.5486725663716814,0.0,0.0,0.0,0.0,0.0,0.0,0.0,0.0,0.6,0.5555555555555556,0.0,0.4424778761061947,0.5575221238938053,0.3506026102951021,0
ADANIPORTS,2,0.75,759,84,112,2024-09-12,2025-03-28,0.48214285714285715,0.535483870967742,0.5,0.4393939393939394,0.58,29,37,25,21,0.48214285714285715,0.5,0.0,0.0,0.0,0.0,0.0,0.0,0.0,0.0,0.4393939393939394,0.5434782608695652,0.0,0.5892857142857143,0.4107142857142857,0.4326456678833077,0
ADANIPORTS,3,0.8,810,89,112,2024-12-16,2025-08-05,0.5178571428571429,0.5491698595146871,0.6197183098591549,0.5,0.8148148148148148,44,44,14,10,0.5089285714285714,0.48214285714285715,0.0,0.0,0.0,0.0,0.0,0.0,0.0,0.0,0.5,0.5833333333333333,0.0,0.7857142857142857,0.21428571428571427,1.0,0
ADANIPORTS,4,0.85,860,95,112,2025-04-03,2025-12-12,0.5357142857142857,0.5503826530612245,0.5517241379310345,0.5333333333333333,0.5714285714285714,32,28,28,24,0.5178571428571429,0.5357142857142857,0.0,0.0,0.0,0.0,0.0,0.0,0.0,0.0,0.5333333333333333,0.5384615384615384,0.0,0.5357142857142857,0.4642857142857143,1.0,0
ADANIPORTS,5,0.9,910,101,113,2025-08-06,2026-04-16,0.5486725663716814,0.5659133709981168,0.4,0.5483870967741935,0.3148148148148148,17,14,45,37,0.5398230088495575,0.584070796460177,0.0,0.0,0.0,0.0,0.0,0.0,0.0,0.0,0.5483870967741935,0.5487804878048781,0.0,0.2743362831858407,0.7256637168141593,0.3624577580666089,0
ADANIPORTS,6,0.95,961,106,57,2025-12-15,2026-04-16,0.6140350877192983,0.5967741935483871,0.45,0.6428571428571429,0.34615384615384615,9,5,26,17,0.43859649122807015,0.631578947368421,0.0,0.0,0.0,0.0,0.0,0.0,0.0,0.0,0.6428571428571429,0.6046511627906976,0.0,0.24561403508771928,0.7543859649122807,0.2540523527733746,0
BEL,1,0.7,746,82,118,2024-05-08,2024-12-18,0.4745762711864407,0.4923784872016106,0.5866666666666667,0.4943820224719101,0.7213114754098361,44,45,12,17,0.4915254237288136,0.4915254237288136,0.0,0.0,0.0,0.0,0.0,0.0,0.0,0.0,0.4943820224719101,0.4137931034482759,0.0,0.7542372881355932,0.2457627118644068,0.3759267878810324,0
BEL,2,0.75,799,88,118,2024-08-28,2025-04-09,0.4830508474576271,0.4328917050691244,0.6390532544378699,0.4778761061946903,0.9642857142857143,54,59,3,2,0.4406779661016949,0.4745762711864407,0.0,0.0,0.0,0.0,0.0,0.0,0.0,0.0,0.4778761061946903,0.6,0.0,0.9576271186440678,0.0423728813559322,0.3572166339155947,0
BEL,3,0.8,852,94,118,2024-12-19,2025-08-05,0.4661016949152542,0.455277538107564,0.6086956521739131,0.47115384615384615,0.8596491228070176,49,55,6,8,0.5084745762711864,0.4830508474576271,0.0,0.0,0.0,0.0,0.0,0.0,0.0,0.0,0.47115384615384615,0.4285714285714286,0.0,0.8813559322033898,0.11864406779661017,1.0,0
BEL,4,0.85,905,100,118,2025-04-16,2025-11-26,0.4322033898305085,0.38888888888888884,0.5314685314685315,0.42696629213483145,0.7037037037037037,38,51,13,16,0.3898305084745763,0.423728813559322,0.0,0.0,0.0,0.0,0.0,0.0,0.0,0.0,0.42696629213483145,0.4482758620689655,0.0,0.7542372881355932,0.2457627118644068,1.0,0
BEL,5,0.9,958,106,119,2025-08-06,2026-04-21,0.47058823529411764,0.4623015873015873,0.5935483870967742,0.46464646464646464,0.8214285714285714,46,53,10,10,0.48739495798319327,0.47058823529411764,0.0,0.0,0.0,0.0,0.0,0.0,0.0,0.0,0.46464646464646464,0.5,0.0,0.8319327731092437,0.16806722689075632,1.0,0
BEL,6,0.95,1011,112,60,2025-12-01,2026-04-21,0.48333333333333334,0.4466666666666667,0.5753424657534246,0.4883720930232558,0.7,21,22,8,9,0.43333333333333335,0.5,0.0,0.0,0.0,0.0,0.0,0.0,0.0,0.0,0.4883720930232558,0.47058823529411764,0.0,0.7166666666666667,0.2833333333333333,1.0,0
IRFC,1,0.7,463,51,74,2024-12-20,2025-05-23,0.43243243243243246,0.4644688644688645,0.43243243243243246,0.41025641025641024,0.45714285714285713,16,23,16,19,0.3918918918918919,0.4594594594594595,0.0,0.0,0.0,0.0,0.0,0.0,0.0,0.0,0.41025641025641024,0.4571428571428572,0.0,0.527027027027027,0.47297297297297297,0.2553190132191451,0
IRFC,2,0.75,496,55,73,2025-03-04,2025-08-05,0.6301369863013698,0.6303353658536586,0.509090909090909,0.6086956521739131,0.4375,14,9,32,18,0.6027397260273972,0.5616438356164384,0.0,0.0,0.0,0.0,0.0,0.0,0.0,0.0,0.6086956521739131,0.64,0.0,0.3150684931506849,0.684931506849315,0.4314523385519042,0
IRFC,3,0.8,530,58,73,2025-05-29,2025-10-28,0.6027397260273972,0.6108527131782946,0.49122807017543857,0.5185185185185185,0.4666666666666667,14,13,30,16,0.5068493150684932,0.589041095890411,0.0,0.0,0.0,0.0,0.0,0.0,0.0,0.0,0.5185185185185185,0.6521739130434783,0.0,0.3698630136986301,0.6301369863013698,0.2942236815216359,0
IRFC,4,0.85,562,62,74,2025-08-07,2026-01-19,0.5405405405405406,0.53125,0.2916666666666667,0.4375,0.21875,7,9,33,25,0.47297297297297297,0.527027027027027,0.0,0.0,0.0,0.0,0.0,0.0,0.0,0.0,0.4375,0.5689655172413793,0.0,0.21621621621621623,0.7837837837837838,0.27100972084376723,0
IRFC,5,0.9,595,66,74,2025-10-29,2026-04-21,0.5405405405405406,0.5773809523809523,0.43333333333333335,0.4642857142857143,0.40625,13,15,27,19,0.5405405405405406,0.527027027027027,0.0,0.0,0.0,0.0,0.0,0.0,0.0,0.0,0.4642857142857143,0.5869565217391304,0.0,0.3783783783783784,0.6216216216216216,0.441809774003426,0
IRFC,6,0.95,629,69,37,2026-01-21,2026-04-21,0.6486486486486487,0.6441176470588236,0.5806451612903226,0.6428571428571429,0.5294117647058824,9,5,15,8,0.6756756756756757,0.6216216216216216,0.0,0.0,0.0,0.0,0.0,0.0,0.0,0.0,0.6428571428571429,0.6521739130434783,0.0,0.3783783783783784,0.6216216216216216,0.5530784174095232,0
HAL,1,0.7,734,81,117,2024-05-06,2024-12-16,0.5470085470085471,0.560233918128655,0.6187050359712231,0.5443037974683544,0.7166666666666667,43,36,21,17,0.5470085470085471,0.5213675213675214,0.0,0.0,0.0,0.0,0.0,0.0,0.0,0.0,0.5443037974683544,0.5526315789473684,0.0,0.6752136752136753,0.3247863247863248,0.2564828678723031,0
HAL,2,0.75,786,87,117,2024-08-21,2025-04-02,0.5641025641025641,0.5809468147282292,0.6909090909090909,0.5377358490566038,0.9661016949152542,57,49,9,2,0.5641025641025641,0.5213675213675214,0.0,0.0,0.0,0.0,0.0,0.0,0.0,0.0,0.5377358490566038,0.8181818181818181,0.0,0.905982905982906,0.09401709401709402,0.3430268687161389,0
HAL,3,0.8,839,93,116,2024-12-17,2025-07-25,0.5172413793103449,0.5989892984542212,0.6626506024096386,0.5092592592592593,0.9482758620689655,55,53,5,3,0.5344827586206896,0.5,0.0,0.0,0.0,0.0,0.0,0.0,0.0,0.0,0.5092592592592593,0.625,0.0,0.9310344827586207,0.06896551724137931,1.0,0
HAL,4,0.85,891,99,116,2025-04-03,2025-12-04,0.5172413793103449,0.5317436661698957,0.6363636363636364,0.494949494949495,0.8909090909090909,49,50,11,6,0.49137931034482757,0.49137931034482757,0.0,0.0,0.0,0.0,0.0,0.0,0.0,0.0,0.494949494949495,0.6470588235294117,0.0,0.853448275862069,0.14655172413793102,0.3676838235910447,0
HAL,5,0.9,944,104,117,2025-07-29,2026-04-21,0.5299145299145299,0.5207602339181286,0.6451612903225806,0.5263157894736842,0.8333333333333334,50,45,12,10,0.49572649572649574,0.5897435897435898,0.0,0.0,0.0,0.0,0.0,0.0,0.0,0.0,0.5263157894736842,0.5454545454545454,0.0,0.811965811965812,0.18803418803418803,0.37515348559091566,0
HAL,6,0.95,996,110,59,2025-12-05,2026-04-21,0.559322033898305,0.5081018518518519,0.6829268292682927,0.56,0.875,28,22,5,4,0.5084745762711864,0.5423728813559322,0.0,0.0,0.0,0.0,0.0,0.0,0.0,0.0,0.56,0.5555555555555556,0.0,0.847457627118644,0.15254237288135594,2.7992452194410986,0
ETERNAL,1,0.7,462,51,73,2025-02-01,2025-06-16,0.5205479452054794,0.5769230769230769,0.5783132530120482,0.4897959183673469,0.7058823529411765,24,25,14,10,0.6027397260273972,0.5068493150684932,0.0,0.0,0.0,0.0,0.0,0.0,0.0,0.0,0.4897959183673469,0.5833333333333333,0.0,0.6712328767123288,0.3287671232876712,0.1864109879899192,0
ETERNAL,2,0.75,495,54,74,2025-04-17,2025-08-21,0.47297297297297297,0.4485025566106647,0.5517241379310345,0.48,0.6486486486486487,24,26,11,13,0.47297297297297297,0.4864864864864865,0.0,0.0,0.0,0.0,0.0,0.0,0.0,0.0,0.48,0.45833333333333337,0.0,0.6756756756756757,0.32432432432432434,0.16760554430040558,0
ETERNAL,3,0.8,528,58,73,2025-06-17,2025-11-11,0.4520547945205479,0.3858858858858859,0.47368421052631576,0.46153846153846156,0.4864864864864865,18,21,15,19,0.4383561643835616,0.410958904109589,0.0,0.0,0.0,0.0,0.0,0.0,0.0,0.0,0.46153846153846156,0.4411764705882353,0.0,0.5342465753424658,0.4657534246575342,0.4942663531966546,0
ETERNAL,4,0.85,561,62,73,2025-08-25,2026-02-03,0.4794520547945205,0.4751879699248121,0.525,0.4666666666666667,0.6,21,24,14,14,0.5068493150684932,0.589041095890411,0.0,0.0,0.0,0.0,0.0,0.0,0.0,0.0,0.4666666666666667,0.5,0.0,0.6164383561643836,0.3835616438356164,1.0,0
ETERNAL,5,0.9,594,65,74,2025-11-12,2026-04-21,0.5675675675675675,0.5954022988505747,0.5428571428571428,0.4634146341463415,0.6551724137931034,19,22,23,10,0.40540540540540543,0.6081081081081081,0.0,0.0,0.0,0.0,0.0,0.0,0.0,0.0,0.4634146341463415,0.696969696969697,0.0,0.5540540540540541,0.44594594594594594,1.0,0
ETERNAL,6,0.95,627,69,37,2026-02-04,2026-04-21,0.5405405405405406,0.5064102564102564,0.41379310344827586,0.375,0.46153846153846156,6,10,14,7,0.32432432432432434,0.5945945945945946,0.0,0.0,0.0,0.0,0.0,0.0,0.0,0.0,0.375,0.6666666666666667,0.0,0.43243243243243246,0.5675675675675675,0.10000660285425449,0
