symbol,window_id,train_ratio,train_size,val_size,test_size,test_start,test_end,oos_accuracy,auc,f1,precision,recall,tp,fp,tn,fn,lgbm_acc,xgb_acc,lstm_acc,bilstm_acc,gru_acc,cnn_lstm_acc,cnn_gru_acc,tcn_gru_acc,tcn_transformer_acc,nbeats_acc,dir_acc_up,dir_acc_down,pct_neutral,pct_up,pct_down,temperature,dl_models_trained
HDFCBANK,1,0.7,639,71,102,2024-02-27,2024-11-01,0.4411764705882353,0.46785714285714286,0.4672897196261682,0.5319148936170213,0.4166666666666667,25,22,20,35,0.5098039215686274,0.4215686274509804,0.0,0.0,0.0,0.0,0.0,0.0,0.0,0.0,0.5319148936170213,0.36363636363636365,0.0,0.46078431372549017,0.5392156862745098,1.0,0
HDFCBANK,2,0.75,685,76,101,2024-07-04,2025-02-19,0.5247524752475248,0.5330188679245284,0.6190476190476191,0.5342465753424658,0.7358490566037735,39,34,14,14,0.4752475247524752,0.5247524752475248,0.0,0.0,0.0,0.0,0.0,0.0,0.0,0.0,0.5342465753424658,0.5,0.0,0.7227722772277227,0.27722772277227725,0.20923998490050955,0
HDFCBANK,3,0.8,731,81,101,2024-11-04,2025-07-10,0.5445544554455446,0.5173913043478261,0.603448275862069,0.5737704918032787,0.6363636363636364,35,26,20,20,0.5346534653465347,0.504950495049505,0.0,0.0,0.0,0.0,0.0,0.0,0.0,0.0,0.5737704918032787,0.5,0.0,0.6039603960396039,0.39603960396039606,1.0,0
HDFCBANK,4,0.85,776,86,102,2025-02-21,2025-12-09,0.5784313725490197,0.5423197492163009,0.6666666666666666,0.6056338028169014,0.7413793103448276,43,28,16,15,0.5980392156862745,0.5686274509803921,0.0,0.0,0.0,0.0,0.0,0.0,0.0,0.0,0.6056338028169014,0.5161290322580645,0.0,0.696078431372549,0.30392156862745096,1.0,0
HDFCBANK,5,0.9,822,91,102,2025-07-14,2026-04-16,0.4803921568627451,0.5174689440993789,0.5954198473282443,0.4588235294117647,0.8478260869565217,39,46,10,7,0.4411764705882353,0.45098039215686275,0.0,0.0,0.0,0.0,0.0,0.0,0.0,0.0,0.4588235294117647,0.5882352941176471,0.0,0.8333333333333334,0.16666666666666666,1.0,0
HDFCBANK,6,0.95,868,96,51,2025-12-10,2026-04-16,0.5490196078431373,0.5361842105263159,0.5306122448979592,0.43333333333333335,0.6842105263157895,13,17,15,6,0.45098039215686275,0.39215686274509803,0.0,0.0,0.0,0.0,0.0,0.0,0.0,0.0,0.43333333333333335,0.7142857142857143,0.0,0.5882352941176471,0.4117647058823529,0.12695025129754356,0
ICICIBANK,1,0.7,644,71,102,2024-02-19,2024-10-25,0.46078431372549017,0.43373015873015874,0.5985401459854015,0.5324675324675324,0.6833333333333333,41,36,6,19,0.5196078431372549,0.5882352941176471,0.0,0.0,0.0,0.0,0.0,0.0,0.0,0.0,0.5324675324675324,0.24,0.0,0.7549019607843137,0.24509803921568626,1.0,0
ICICIBANK,2,0.75,690,76,102,2024-07-02,2025-03-12,0.4803921568627451,0.4161490683229814,0.5954198473282443,0.52,0.6964285714285714,39,36,10,17,0.5196078431372549,0.5392156862745098,0.0,0.0,0.0,0.0,0.0,0.0,0.0,0.0,0.52,0.37037037037037035,0.0,0.7352941176470589,0.2647058823529412,0.5168778363429333,0
ICICIBANK,3,0.8,736,81,102,2024-10-28,2025-07-21,0.5196078431372549,0.45524691358024694,0.631578947368421,0.5316455696202531,0.7777777777777778,42,37,11,12,0.46078431372549017,0.5294117647058824,0.0,0.0,0.0,0.0,0.0,0.0,0.0,0.0,0.5316455696202531,0.4782608695652174,0.0,0.7745098039215687,0.22549019607843138,0.3391397002398907,0
ICICIBANK,4,0.85,782,86,102,2025-03-13,2025-12-02,0.4803921568627451,0.4946153846153846,0.6015037593984962,0.4819277108433735,0.8,40,43,9,10,0.5196078431372549,0.46078431372549017,0.0,0.0,0.0,0.0,0.0,0.0,0.0,0.0,0.4819277108433735,0.4736842105263158,0.0,0.8137254901960784,0.18627450980392157,0.36495217518500234,0
ICICIBANK,5,0.9,828,91,103,2025-07-22,2026-04-16,0.49514563106796117,0.4380196523053666,0.6388888888888888,0.4842105263157895,0.9387755102040817,46,49,5,3,0.5242718446601942,0.49514563106796117,0.0,0.0,0.0,0.0,0.0,0.0,0.0,0.0,0.4842105263157895,0.625,0.0,0.9223300970873787,0.07766990291262135,1.0,0
ICICIBANK,6,0.95,873,97,52,2025-12-04,2026-04-16,0.5192307692307693,0.49037037037037035,0.6666666666666666,0.5208333333333334,0.9259259259259259,25,23,2,2,0.5192307692307693,0.4807692307692308,0.0,0.0,0.0,0.0,0.0,0.0,0.0,0.0,0.5208333333333334,0.5,0.0,0.9230769230769231,0.07692307692307693,2.415233646790561,0
SBIN,1,0.7,678,75,107,2024-03-20,2024-11-06,0.4953271028037383,0.47727272727272724,0.6301369863013698,0.5542168674698795,0.7301587301587301,46,37,7,17,0.5700934579439252,0.5887850467289719,0.0,0.0,0.0,0.0,0.0,0.0,0.0,0.0,0.5542168674698795,0.29166666666666663,0.0,0.7757009345794392,0.22429906542056074,0.12450883378624923,0
SBIN,2,0.75,727,80,107,2024-07-19,2025-02-20,0.5420560747663551,0.4789473684210527,0.6141732283464567,0.5064935064935064,0.78,39,38,19,11,0.5046728971962616,0.4766355140186916,0.0,0.0,0.0,0.0,0.0,0.0,0.0,0.0,0.5064935064935064,0.6333333333333333,0.0,0.719626168224299,0.2803738317757009,0.25300814482861533,0
SBIN,3,0.8,774,86,108,2024-11-07,2025-07-04,0.5648148148148148,0.5914236706689537,0.6758620689655173,0.532608695652174,0.9245283018867925,49,43,12,4,0.5648148148148148,0.5370370370370371,0.0,0.0,0.0,0.0,0.0,0.0,0.0,0.0,0.532608695652174,0.75,0.0,0.8518518518518519,0.14814814814814814,0.2574351530087272,0
SBIN,4,0.85,823,91,108,2025-02-21,2025-12-02,0.5833333333333334,0.5748168817579351,0.7169811320754716,0.5816326530612245,0.9344262295081968,57,41,6,4,0.5740740740740741,0.5740740740740741,0.0,0.0,0.0,0.0,0.0,0.0,0.0,0.0,0.5816326530612245,0.6,0.0,0.9074074074074074,0.09259259259259259,1.0,0
SBIN,5,0.9,872,96,108,2025-07-14,2026-04-16,0.6296296296296297,0.5504261363636364,0.7435897435897436,0.6304347826086957,0.90625,58,34,10,6,0.5833333333333334,0.5925925925925926,0.0,0.0,0.0,0.0,0.0,0.0,0.0,0.0,0.6304347826086957,0.625,0.0,0.8518518518518519,0.14814814814814814,1.340301112469126,0
SBIN,6,0.95,920,102,54,2025-12-04,2026-04-16,0.5555555555555556,0.5382395382395383,0.6842105263157895,0.6046511627906976,0.7878787878787878,26,17,4,7,0.6481481481481481,0.6481481481481481,0.0,0.0,0.0,0.0,0.0,0.0,0.0,0.0,0.6046511627906976,0.36363636363636365,0.0,0.7962962962962963,0.2037037037037037,0.47638059226521484,0
AXISBANK,1,0.7,700,77,111,2024-03-05,2024-11-04,0.5585585585585585,0.5657124268054652,0.6423357664233577,0.5569620253164557,0.7586206896551724,44,35,18,14,0.6216216216216216,0.5495495495495496,0.0,0.0,0.0,0.0,0.0,0.0,0.0,0.0,0.5569620253164557,0.5625,0.0,0.7117117117117117,0.2882882882882883,0.5694201992409806,0
AXISBANK,2,0.75,750,83,111,2024-07-16,2025-03-21,0.40540540540540543,0.42262295081967205,0.47619047619047616,0.39473684210526316,0.6,30,46,15,20,0.43243243243243246,0.40540540540540543,0.0,0.0,0.0,0.0,0.0,0.0,0.0,0.0,0.39473684210526316,0.4285714285714286,0.0,0.6846846846846847,0.3153153153153153,0.23389500127591176,0
AXISBANK,3,0.8,800,88,111,2024-11-05,2025-07-30,0.43243243243243246,0.5053191489361702,0.5467625899280576,0.41304347826086957,0.8085106382978723,38,54,10,9,0.5045045045045045,0.43243243243243246,0.0,0.0,0.0,0.0,0.0,0.0,0.0,0.0,0.41304347826086957,0.5263157894736843,0.0,0.8288288288288288,0.17117117117117117,0.3655469304902569,0
AXISBANK,4,0.85,850,94,111,2025-03-24,2025-12-05,0.5045045045045045,0.5337662337662337,0.6451612903225806,0.5050505050505051,0.8928571428571429,50,49,6,6,0.42342342342342343,0.5045045045045045,0.0,0.0,0.0,0.0,0.0,0.0,0.0,0.0,0.5050505050505051,0.5,0.0,0.8918918918918919,0.10810810810810811,1.0,0
AXISBANK,5,0.9,900,99,112,2025-07-31,2026-04-16,0.5446428571428571,0.48448992644707384,0.6382978723404256,0.5487804878048781,0.7627118644067796,45,37,16,14,0.48214285714285715,0.5267857142857143,0.0,0.0,0.0,0.0,0.0,0.0,0.0,0.0,0.5487804878048781,0.5333333333333333,0.0,0.7321428571428571,0.26785714285714285,1.0,0
AXISBANK,6,0.95,950,105,56,2025-12-10,2026-04-16,0.48214285714285715,0.5223499361430396,0.4727272727272727,0.4642857142857143,0.48148148148148145,13,15,14,14,0.5535714285714286,0.5714285714285714,0.0,0.0,0.0,0.0,0.0,0.0,0.0,0.0,0.4642857142857143,0.5,0.0,0.5,0.5,0.48429550490626694,0
INDUSINDBK,1,0.7,735,81,116,2024-03-18,2024-12-12,0.45689655172413796,0.462114405510632,0.5771812080536913,0.4479166666666667,0.8113207547169812,43,53,10,10,0.5,0.4482758620689655,0.0,0.0,0.0,0.0,0.0,0.0,0.0,0.0,0.4479166666666667,0.5,0.0,0.8275862068965517,0.1724137931034483,0.24697561233016657,0
INDUSINDBK,2,0.75,787,87,117,2024-08-13,2025-04-09,0.5128205128205128,0.4982466393921683,0.6122448979591837,0.5056179775280899,0.7758620689655172,45,44,15,13,0.5470085470085471,0.49572649572649574,0.0,0.0,0.0,0.0,0.0,0.0,0.0,0.0,0.5056179775280899,0.5357142857142857,0.0,0.7606837606837606,0.23931623931623933,1.0,0
INDUSINDBK,3,0.8,839,93,117,2024-12-13,2025-08-01,0.452991452991453,0.3495002939447384,0.5733333333333334,0.4942528735632184,0.6825396825396826,43,44,10,20,0.4700854700854701,0.5384615384615384,0.0,0.0,0.0,0.0,0.0,0.0,0.0,0.0,0.4942528735632184,0.33333333333333337,0.0,0.7435897435897436,0.2564102564102564,1.0,0
INDUSINDBK,4,0.85,892,99,116,2025-04-16,2025-11-26,0.5,0.5224501932798097,0.5,0.5087719298245614,0.4915254237288136,29,28,29,30,0.5258620689655172,0.5603448275862069,0.0,0.0,0.0,0.0,0.0,0.0,0.0,0.0,0.5087719298245614,0.4915254237288136,0.0,0.49137931034482757,0.5086206896551724,0.28625037355163396,0
INDUSINDBK,5,0.9,945,104,117,2025-08-04,2026-04-16,0.4358974358974359,0.4167153711279953,0.4406779661016949,0.43333333333333335,0.4482758620689655,26,34,25,32,0.49572649572649574,0.49572649572649574,0.0,0.0,0.0,0.0,0.0,0.0,0.0,0.0,0.43333333333333335,0.4385964912280702,0.0,0.5128205128205128,0.48717948717948717,1.0,0
INDUSINDBK,6,0.95,997,110,59,2025-12-03,2026-04-16,0.5084745762711864,0.4953917050691244,0.5084745762711864,0.5357142857142857,0.4838709677419355,15,13,15,16,0.5423728813559322,0.559322033898305,0.0,0.0,0.0,0.0,0.0,0.0,0.0,0.0,0.5357142857142857,0.4838709677419355,0.0,0.4745762711864407,0.5254237288135594,0.15113671284478833,0
KOTAKBANK,1,0.7,672,74,107,2024-03-04,2024-11-12,0.40186915887850466,0.4143859649122807,0.3469387755102041,0.4146341463414634,0.2982456140350877,17,24,26,40,0.5794392523364486,0.4672897196261682,0.0,0.0,0.0,0.0,0.0,0.0,0.0,0.0,0.4146341463414634,0.3939393939393939,0.0,0.38317757009345793,0.616822429906542,1.0,0
KOTAKBANK,2,0.75,720,80,106,2024-07-15,2025-03-18,0.5377358490566038,0.5336898395721925,0.5420560747663551,0.5576923076923077,0.5272727272727272,29,23,28,26,0.49056603773584906,0.4811320754716981,0.0,0.0,0.0,0.0,0.0,0.0,0.0,0.0,0.5576923076923077,0.5185185185185186,0.0,0.49056603773584906,0.5094339622641509,0.2774983465098252,0
KOTAKBANK,3,0.8,768,85,107,2024-11-13,2025-07-22,0.4953271028037383,0.544561403508772,0.5645161290322581,0.5223880597014925,0.6140350877192983,35,32,18,22,0.4672897196261682,0.4485981308411215,0.0,0.0,0.0,0.0,0.0,0.0,0.0,0.0,0.5223880597014925,0.44999999999999996,0.0,0.6261682242990654,0.37383177570093457,0.4505759996423173,0
KOTAKBANK,4,0.85,816,90,107,2025-03-19,2025-11-25,0.4953271028037383,0.523758865248227,0.4807692307692308,0.43859649122807015,0.5319148936170213,25,32,28,22,0.4766355140186916,0.5046728971962616,0.0,0.0,0.0,0.0,0.0,0.0,0.0,0.0,0.43859649122807015,0.56,0.0,0.5327102803738317,0.4672897196261682,0.5593951158451315,0
KOTAKBANK,5,0.9,864,96,107,2025-07-23,2026-04-16,0.5233644859813084,0.5613275613275613,0.5142857142857142,0.4426229508196721,0.6136363636363636,27,34,29,17,0.5327102803738317,0.4953271028037383,0.0,0.0,0.0,0.0,0.0,0.0,0.0,0.0,0.4426229508196721,0.6304347826086957,0.0,0.5700934579439252,0.42990654205607476,0.10000660285425449,0
KOTAKBANK,6,0.95,912,101,54,2025-11-27,2026-04-16,0.5740740740740741,0.6269284712482469,0.5490196078431373,0.5,0.6086956521739131,14,14,17,9,0.6111111111111112,0.5555555555555556,0.0,0.0,0.0,0.0,0.0,0.0,0.0,0.0,0.5,0.6538461538461539,0.0,0.5185185185185185,0.48148148148148145,1.0,0
IDFCFIRSTB,1,0.7,739,82,118,2024-04-03,2024-12-11,0.4745762711864407,0.4177707373271889,0.6436781609195402,0.4745762711864407,1.0,56,62,0,0,0.4745762711864407,0.4745762711864407,0.0,0.0,0.0,0.0,0.0,0.0,0.0,0.0,0.4745762711864407,0.0,0.0,1.0,0.0,1.0,0
IDFCFIRSTB,2,0.75,792,88,117,2024-08-26,2025-03-28,0.5128205128205128,0.5313231850117096,0.6586826347305389,0.4954954954954955,0.9821428571428571,55,56,5,1,0.5042735042735043,0.47863247863247865,0.0,0.0,0.0,0.0,0.0,0.0,0.0,0.0,0.4954954954954955,0.8333333333333334,0.0,0.9487179487179487,0.05128205128205128,1.0,0
IDFCFIRSTB,3,0.8,846,93,117,2024-12-16,2025-08-01,0.46153846153846156,0.4903225806451613,0.411214953271028,0.4230769230769231,0.4,22,30,32,33,0.5470085470085471,0.46153846153846156,0.0,0.0,0.0,0.0,0.0,0.0,0.0,0.0,0.4230769230769231,0.49230769230769234,0.0,0.4444444444444444,0.5555555555555556,1.0,0
IDFCFIRSTB,4,0.85,898,99,118,2025-04-02,2025-12-05,0.576271186440678,0.5500725689404935,0.5098039215686274,0.5306122448979592,0.49056603773584906,26,23,42,27,0.559322033898305,0.5338983050847458,0.0,0.0,0.0,0.0,0.0,0.0,0.0,0.0,0.5306122448979592,0.6086956521739131,0.0,0.4152542372881356,0.5847457627118644,0.3247007578830742,0
IDFCFIRSTB,5,0.9,951,105,118,2025-08-05,2026-04-16,0.5423728813559322,0.5849654377880185,0.5846153846153846,0.5135135135135135,0.6785714285714286,38,36,26,18,0.5084745762711864,0.4830508474576271,0.0,0.0,0.0,0.0,0.0,0.0,0.0,0.0,0.5135135135135135,0.5909090909090908,0.0,0.6271186440677966,0.3728813559322034,1.0,0
IDFCFIRSTB,6,0.95,1004,111,59,2025-12-08,2026-04-16,0.6101694915254238,0.596551724137931,0.6349206349206349,0.6060606060606061,0.6666666666666666,20,13,16,10,0.5254237288135594,0.5423728813559322,0.0,0.0,0.0,0.0,0.0,0.0,0.0,0.0,0.6060606060606061,0.6153846153846154,0.0,0.559322033898305,0.4406779661016949,0.4793201121979105,0
BANDHANBNK,1,0.7,769,85,122,2024-05-09,2024-12-02,0.5245901639344263,0.514069264069264,0.48214285714285715,0.48214285714285715,0.48214285714285715,27,29,37,29,0.5245901639344263,0.5655737704918032,0.0,0.0,0.0,0.0,0.0,0.0,0.0,0.0,0.48214285714285715,0.5606060606060606,0.0,0.45901639344262296,0.5409836065573771,0.328167386378989,0
BANDHANBNK,2,0.75,824,91,122,2024-08-23,2025-04-02,0.5327868852459017,0.5388014360673847,0.4672897196261682,0.44642857142857145,0.49019607843137253,25,31,40,26,0.5819672131147541,0.5,0.0,0.0,0.0,0.0,0.0,0.0,0.0,0.0,0.44642857142857145,0.6060606060606061,0.0,0.45901639344262296,0.5409836065573771,0.39152797241513615,0
BANDHANBNK,3,0.8,879,97,122,2024-12-03,2025-07-29,0.4672131147540984,0.4754409769335143,0.4628099173553719,0.42424242424242425,0.509090909090909,28,38,29,27,0.45901639344262296,0.4672131147540984,0.0,0.0,0.0,0.0,0.0,0.0,0.0,0.0,0.42424242424242425,0.5178571428571428,0.0,0.5409836065573771,0.45901639344262296,0.45804319479964645,0
BANDHANBNK,4,0.85,934,103,122,2025-04-03,2025-11-27,0.4180327868852459,0.44517363959529666,0.4740740740740741,0.3902439024390244,0.6037735849056604,32,50,19,21,0.48360655737704916,0.4098360655737705,0.0,0.0,0.0,0.0,0.0,0.0,0.0,0.0,0.3902439024390244,0.475,0.0,0.6721311475409836,0.32786885245901637,0.7485342042774328,0
BANDHANBNK,5,0.9,989,109,122,2025-07-31,2026-04-16,0.5327868852459017,0.4894480519480519,0.32941176470588235,0.4827586206896552,0.25,14,15,51,42,0.5491803278688525,0.5409836065573771,0.0,0.0,0.0,0.0,0.0,0.0,0.0,0.0,0.4827586206896552,0.5483870967741935,0.0,0.23770491803278687,0.7622950819672131,1.0,0
BANDHANBNK,6,0.95,1044,115,61,2025-12-02,2026-04-16,0.5245901639344263,0.48817204301075273,0.21621621621621623,0.6666666666666666,0.12903225806451613,4,2,28,27,0.3770491803278688,0.4918032786885246,0.0,0.0,0.0,0.0,0.0,0.0,0.0,0.0,0.6666666666666666,0.509090909090909,0.0,0.09836065573770492,0.9016393442622951,0.10000660285425449,0
FEDERALBNK,1,0.7,705,78,112,2024-02-06,2024-10-21,0.49107142857142855,0.4829545454545454,0.5128205128205128,0.6122448979591837,0.4411764705882353,30,19,25,38,0.5,0.39285714285714285,0.0,0.0,0.0,0.0,0.0,0.0,0.0,0.0,0.6122448979591837,0.39682539682539686,0.0,0.4375,0.5625,1.0,0
FEDERALBNK,2,0.75,756,83,112,2024-06-19,2025-03-03,0.5089285714285714,0.5126968820315012,0.5801526717557252,0.5428571428571428,0.6229508196721312,38,32,19,23,0.5089285714285714,0.5446428571428571,0.0,0.0,0.0,0.0,0.0,0.0,0.0,0.0,0.5428571428571428,0.45238095238095233,0.0,0.625,0.375,0.1832388755249666,0
FEDERALBNK,3,0.8,806,89,112,2024-10-24,2025-07-11,0.5357142857142857,0.5581098339719028,0.5806451612903226,0.5142857142857142,0.6666666666666666,36,34,24,18,0.5267857142857143,0.5625,0.0,0.0,0.0,0.0,0.0,0.0,0.0,0.0,0.5142857142857142,0.5714285714285714,0.0,0.625,0.375,0.3260583365660448,0
FEDERALBNK,4,0.85,856,95,112,2025-03-04,2025-12-05,0.5535714285714286,0.5432692307692308,0.6428571428571429,0.5625,0.75,45,35,17,15,0.5178571428571429,0.5625,0.0,0.0,0.0,0.0,0.0,0.0,0.0,0.0,0.5625,0.53125,0.0,0.7142857142857143,0.2857142857142857,1.5623498228961001,0
FEDERALBNK,5,0.9,907,100,112,2025-07-14,2026-04-16,0.44642857142857145,0.4666666666666667,0.515625,0.4852941176470588,0.55,33,35,17,27,0.5089285714285714,0.5357142857142857,0.0,0.0,0.0,0.0,0.0,0.0,0.0,0.0,0.4852941176470588,0.38636363636363635,0.0,0.6071428571428571,0.39285714285714285,0.5997410399869932,0
FEDERALBNK,6,0.95,957,106,56,2025-12-08,2026-04-16,0.4107142857142857,0.45918367346938777,0.37735849056603776,0.4,0.35714285714285715,10,15,13,18,0.4642857142857143,0.4642857142857143,0.0,0.0,0.0,0.0,0.0,0.0,0.0,0.0,0.4,0.4193548387096774,0.0,0.44642857142857145,0.5535714285714286,0.44514468842603344,0
BAJAJFINSV,1,0.7,685,76,109,2024-04-22,2024-12-11,0.4954128440366973,0.47971602434077076,0.5378151260504201,0.5245901639344263,0.5517241379310345,32,29,22,26,0.5412844036697247,0.47706422018348627,0.0,0.0,0.0,0.0,0.0,0.0,0.0,0.0,0.5245901639344263,0.45833333333333337,0.0,0.5596330275229358,0.44036697247706424,0.5065112268263892,0
BAJAJFINSV,2,0.75,735,81,108,2024-08-26,2025-04-09,0.46296296296296297,0.44478737997256523,0.43137254901960786,0.4583333333333333,0.4074074074074074,22,26,28,32,0.4351851851851852,0.4537037037037037,0.0,0.0,0.0,0.0,0.0,0.0,0.0,0.0,0.4583333333333333,0.4666666666666667,0.0,0.4444444444444444,0.5555555555555556,0.6141346899383447,0
BAJAJFINSV,3,0.8,783,87,109,2024-12-16,2025-07-25,0.41284403669724773,0.4181818181818182,0.5151515151515151,0.4358974358974359,0.6296296296296297,34,44,11,20,0.42201834862385323,0.5045871559633027,0.0,0.0,0.0,0.0,0.0,0.0,0.0,0.0,0.4358974358974359,0.3548387096774194,0.0,0.7155963302752294,0.28440366972477066,0.21415904710287897,0
BAJAJFINSV,4,0.85,832,92,109,2025-04-16,2025-12-01,0.5045871559633027,0.48653198653198654,0.5909090909090909,0.5,0.7222222222222222,39,39,16,15,0.47706422018348627,0.4954128440366973,0.0,0.0,0.0,0.0,0.0,0.0,0.0,0.0,0.5,0.5161290322580645,0.0,0.7155963302752294,0.28440366972477066,1.0,0
BAJAJFINSV,5,0.9,882,97,109,2025-07-29,2026-04-16,0.5229357798165137,0.5189317106152807,0.5666666666666667,0.4927536231884058,0.6666666666666666,34,35,23,17,0.5321100917431193,0.5596330275229358,0.0,0.0,0.0,0.0,0.0,0.0,0.0,0.0,0.4927536231884058,0.575,0.0,0.6330275229357798,0.3669724770642202,0.10000660285425449,0
BAJAJFINSV,6,0.95,930,103,55,2025-12-02,2026-04-16,0.509090909090909,0.5053763440860215,0.509090909090909,0.45161290322580644,0.5833333333333334,14,17,14,10,0.45454545454545453,0.45454545454545453,0.0,0.0,0.0,0.0,0.0,0.0,0.0,0.0,0.45161290322580644,0.5833333333333333,0.0,0.5636363636363636,0.43636363636363634,1.0,0
AUBANK,1,0.7,741,82,118,2024-05-07,2025-01-01,0.5084745762711864,0.5564213564213564,0.5166666666666667,0.47692307692307695,0.5636363636363636,31,34,29,24,0.5254237288135594,0.5254237288135594,0.0,0.0,0.0,0.0,0.0,0.0,0.0,0.0,0.47692307692307695,0.5471698113207547,0.0,0.5508474576271186,0.4491525423728814,0.4269111999709611,0
AUBANK,2,0.75,794,88,118,2024-09-13,2025-04-25,0.5254237288135594,0.5329462989840348,0.48148148148148145,0.4727272727272727,0.49056603773584906,26,29,36,27,0.5338983050847458,0.5508474576271186,0.0,0.0,0.0,0.0,0.0,0.0,0.0,0.0,0.4727272727272727,0.5714285714285714,0.0,0.4661016949152542,0.5338983050847458,1.0,0
AUBANK,3,0.8,847,94,118,2025-01-03,2025-08-12,0.4830508474576271,0.4632183908045977,0.45045045045045046,0.4716981132075472,0.43103448275862066,25,28,32,33,0.5254237288135594,0.5,0.0,0.0,0.0,0.0,0.0,0.0,0.0,0.0,0.4716981132075472,0.49230769230769234,0.0,0.4491525423728814,0.5508474576271186,0.3190081630899533,0
AUBANK,4,0.85,900,100,118,2025-04-29,2025-12-09,0.559322033898305,0.5165945165945166,0.543859649122807,0.6078431372549019,0.49206349206349204,31,20,35,32,0.6016949152542372,0.4661016949152542,0.0,0.0,0.0,0.0,0.0,0.0,0.0,0.0,0.6078431372549019,0.5223880597014925,0.0,0.4322033898305085,0.5677966101694916,1.0,0
AUBANK,5,0.9,954,105,118,2025-08-13,2026-04-16,0.4745762711864407,0.5131313131313131,0.40384615384615385,0.5121951219512195,0.3333333333333333,21,20,35,42,0.4830508474576271,0.4661016949152542,0.0,0.0,0.0,0.0,0.0,0.0,0.0,0.0,0.5121951219512195,0.4545454545454546,0.0,0.3474576271186441,0.652542372881356,0.14569660759560218,0
AUBANK,6,0.95,1007,111,59,2025-12-10,2026-04-16,0.5423728813559322,0.6059907834101382,0.06896551724137931,1.0,0.03571428571428571,1,0,31,27,0.4576271186440678,0.5254237288135594,0.0,0.0,0.0,0.0,0.0,0.0,0.0,0.0,1.0,0.5344827586206897,0.0,0.01694915254237288,0.9830508474576272,1.0,0
BAJFINANCE,1,0.7,692,76,110,2024-05-08,2025-01-01,0.5727272727272728,0.6223474801061009,0.5688073394495413,0.6078431372549019,0.5344827586206896,31,20,32,27,0.5272727272727272,0.509090909090909,0.0,0.0,0.0,0.0,0.0,0.0,0.0,0.0,0.6078431372549019,0.5423728813559322,0.0,0.4636363636363636,0.5363636363636364,0.43324845181153165,0
BAJFINANCE,2,0.75,741,82,110,2024-09-05,2025-05-06,0.5272727272727272,0.5380291005291006,0.5517241379310345,0.5333333333333333,0.5714285714285714,32,28,26,24,0.509090909090909,0.509090909090909,0.0,0.0,0.0,0.0,0.0,0.0,0.0,0.0,0.5333333333333333,0.52,0.0,0.5454545454545454,0.45454545454545453,0.2814562385607449,0
BAJFINANCE,3,0.8,791,87,110,2025-01-03,2025-08-14,0.5545454545454546,0.5694444444444444,0.5739130434782609,0.559322033898305,0.5892857142857143,33,26,28,23,0.45454545454545453,0.5454545454545454,0.0,0.0,0.0,0.0,0.0,0.0,0.0,0.0,0.559322033898305,0.5490196078431373,0.0,0.5363636363636364,0.4636363636363636,0.3226633457843459,0
BAJFINANCE,4,0.85,840,93,110,2025-05-07,2025-12-01,0.6181818181818182,0.6246684350132626,0.6379310344827587,0.6379310344827587,0.6379310344827587,37,21,31,21,0.5636363636363636,0.5272727272727272,0.0,0.0,0.0,0.0,0.0,0.0,0.0,0.0,0.6379310344827587,0.5961538461538461,0.0,0.5272727272727272,0.4727272727272727,0.4494562468072421,0
BAJFINANCE,5,0.9,890,98,110,2025-08-19,2026-04-16,0.5181818181818182,0.5140681893412777,0.4752475247524752,0.5,0.4528301886792453,24,24,33,29,0.5,0.5363636363636364,0.0,0.0,0.0,0.0,0.0,0.0,0.0,0.0,0.5,0.532258064516129,0.0,0.43636363636363634,0.5636363636363636,0.6140933565160966,0
BAJFINANCE,6,0.95,939,104,55,2025-12-03,2026-04-16,0.4727272727272727,0.5342857142857143,0.49122807017543857,0.3783783783783784,0.7,14,23,12,6,0.4,0.5818181818181818,0.0,0.0,0.0,0.0,0.0,0.0,0.0,0.0,0.3783783783783784,0.6666666666666667,0.0,0.6727272727272727,0.32727272727272727,0.5136284745864739,0
SBILIFE,1,0.7,662,73,105,2024-04-10,2024-11-28,0.5047619047619047,0.5014619883040936,0.559322033898305,0.5409836065573771,0.5789473684210527,33,28,20,24,0.4857142857142857,0.5333333333333333,0.0,0.0,0.0,0.0,0.0,0.0,0.0,0.0,0.5409836065573771,0.4545454545454546,0.0,0.580952380952381,0.41904761904761906,1.0,0
SBILIFE,2,0.75,710,78,105,2024-08-05,2025-03-20,0.4857142857142857,0.45424836601307184,0.509090909090909,0.4745762711864407,0.5490196078431373,28,31,23,23,0.47619047619047616,0.4666666666666667,0.0,0.0,0.0,0.0,0.0,0.0,0.0,0.0,0.4745762711864407,0.5,0.0,0.5619047619047619,0.4380952380952381,0.6204899917451128,0
SBILIFE,3,0.8,756,84,105,2024-12-02,2025-07-23,0.4666666666666667,0.5072568940493469,0.5172413793103449,0.46875,0.5769230769230769,30,34,19,22,0.47619047619047616,0.49523809523809526,0.0,0.0,0.0,0.0,0.0,0.0,0.0,0.0,0.46875,0.46341463414634143,0.0,0.6095238095238096,0.3904761904761905,1.0,0
SBILIFE,4,0.85,804,89,105,2025-03-21,2025-12-01,0.47619047619047616,0.44181818181818183,0.6153846153846154,0.5,0.8,44,44,6,11,0.47619047619047616,0.5238095238095238,0.0,0.0,0.0,0.0,0.0,0.0,0.0,0.0,0.5,0.3529411764705882,0.0,0.8380952380952381,0.1619047619047619,1.0,0
SBILIFE,5,0.9,851,94,106,2025-07-24,2026-04-16,0.4339622641509434,0.47916666666666663,0.4642857142857143,0.48148148148148145,0.4482758620689655,26,28,20,32,0.5377358490566038,0.5471698113207547,0.0,0.0,0.0,0.0,0.0,0.0,0.0,0.0,0.48148148148148145,0.3846153846153846,0.0,0.5094339622641509,0.49056603773584906,1.0,0
SBILIFE,6,0.95,899,99,53,2025-12-02,2026-04-16,0.4528301886792453,0.5071428571428571,0.4727272727272727,0.48148148148148145,0.4642857142857143,13,14,11,15,0.6226415094339622,0.4716981132075472,0.0,0.0,0.0,0.0,0.0,0.0,0.0,0.0,0.48148148148148145,0.42307692307692313,0.0,0.5094339622641509,0.49056603773584906,0.45895452999542136,0
HDFCLIFE,1,0.7,686,76,109,2024-04-19,2024-12-04,0.44036697247706424,0.4022988505747126,0.5040650406504065,0.47692307692307695,0.5344827586206896,31,34,17,27,0.48623853211009177,0.43119266055045874,0.0,0.0,0.0,0.0,0.0,0.0,0.0,0.0,0.47692307692307695,0.38636363636363635,0.0,0.5963302752293578,0.4036697247706422,0.4982822065289142,0
HDFCLIFE,2,0.75,735,81,109,2024-08-20,2025-04-03,0.43119266055045874,0.4549152542372882,0.42592592592592593,0.39655172413793105,0.46,23,35,24,27,0.48623853211009177,0.5137614678899083,0.0,0.0,0.0,0.0,0.0,0.0,0.0,0.0,0.39655172413793105,0.47058823529411764,0.0,0.5321100917431193,0.46788990825688076,0.38063065808043395,0
HDFCLIFE,3,0.8,784,87,109,2024-12-05,2025-08-06,0.47706422018348627,0.4595141700404859,0.45714285714285713,0.4528301886792453,0.46153846153846156,24,29,28,28,0.48623853211009177,0.5412844036697247,0.0,0.0,0.0,0.0,0.0,0.0,0.0,0.0,0.4528301886792453,0.5,0.0,0.48623853211009177,0.5137614678899083,1.0,0
HDFCLIFE,4,0.85,833,92,109,2025-04-04,2025-12-09,0.44954128440366975,0.43171061528059496,0.5238095238095238,0.44,0.6470588235294118,33,42,16,18,0.44036697247706424,0.46788990825688076,0.0,0.0,0.0,0.0,0.0,0.0,0.0,0.0,0.44,0.47058823529411764,0.0,0.6880733944954128,0.3119266055045872,1.0,0
HDFCLIFE,5,0.9,882,98,109,2025-08-07,2026-04-16,0.48623853211009177,0.5152777777777777,0.45098039215686275,0.40350877192982454,0.5111111111111111,23,34,30,22,0.5321100917431193,0.46788990825688076,0.0,0.0,0.0,0.0,0.0,0.0,0.0,0.0,0.40350877192982454,0.5769230769230769,0.0,0.5229357798165137,0.47706422018348627,1.0,0
HDFCLIFE,6,0.95,931,103,55,2025-12-10,2026-04-16,0.41818181818181815,0.44590643274853803,0.36,0.2903225806451613,0.47368421052631576,9,22,14,10,0.41818181818181815,0.4727272727272727,0.0,0.0,0.0,0.0,0.0,0.0,0.0,0.0,0.2903225806451613,0.5833333333333333,0.0,0.5636363636363636,0.43636363636363634,1.0,0
ICICIGI,1,0.7,676,75,108,2024-05-15,2024-12-24,0.4444444444444444,0.46061231510147915,0.5081967213114754,0.47692307692307695,0.543859649122807,31,34,17,26,0.5277777777777778,0.4444444444444444,0.0,0.0,0.0,0.0,0.0,0.0,0.0,0.0,0.47692307692307695,0.39534883720930236,0.0,0.6018518518518519,0.39814814814814814,0.5156346651411386,0
ICICIGI,2,0.75,725,80,107,2024-09-12,2025-04-29,0.40186915887850466,0.4272986457590877,0.42857142857142855,0.36363636363636365,0.5217391304347826,24,42,19,22,0.4485981308411215,0.42990654205607476,0.0,0.0,0.0,0.0,0.0,0.0,0.0,0.0,0.36363636363636365,0.46341463414634143,0.0,0.616822429906542,0.38317757009345793,0.1869251643632768,0
ICICIGI,3,0.8,774,85,107,2024-12-27,2025-08-12,0.38317757009345793,0.4529824561403509,0.45,0.38571428571428573,0.54,27,43,14,23,0.4766355140186916,0.4672897196261682,0.0,0.0,0.0,0.0,0.0,0.0,0.0,0.0,0.38571428571428573,0.3783783783783784,0.0,0.6542056074766355,0.34579439252336447,1.0,0
ICICIGI,4,0.85,821,91,108,2025-04-30,2025-12-02,0.4722222222222222,0.5027519779841761,0.6415094339622641,0.4722222222222222,1.0,51,57,0,0,0.5648148148148148,0.4722222222222222,0.0,0.0,0.0,0.0,0.0,0.0,0.0,0.0,0.4722222222222222,0.0,0.0,1.0,0.0,1.0,0
ICICIGI,5,0.9,870,96,108,2025-08-13,2026-04-16,0.49074074074074076,0.5144827586206897,0.5378151260504201,0.463768115942029,0.64,32,37,21,18,0.5185185185185185,0.46296296296296297,0.0,0.0,0.0,0.0,0.0,0.0,0.0,0.0,0.463768115942029,0.5384615384615384,0.0,0.6388888888888888,0.3611111111111111,1.0,0
ICICIGI,6,0.95,918,102,54,2025-12-03,2026-04-16,0.5370370370370371,0.525,0.5454545454545454,0.4838709677419355,0.625,15,16,14,9,0.5370370370370371,0.4444444444444444,0.0,0.0,0.0,0.0,0.0,0.0,0.0,0.0,0.4838709677419355,0.6086956521739131,0.0,0.5740740740740741,0.42592592592592593,1.0,0
MUTHOOTFIN,1,0.7,711,78,113,2024-04-24,2024-12-11,0.5132743362831859,0.5096345514950167,0.6099290780141844,0.6056338028169014,0.6142857142857143,43,28,15,27,0.504424778761062,0.6194690265486725,0.0,0.0,0.0,0.0,0.0,0.0,0.0,0.0,0.6056338028169014,0.3571428571428571,0.0,0.6283185840707964,0.37168141592920356,1.0,0
MUTHOOTFIN,2,0.75,762,84,112,2024-08-19,2025-04-08,0.5892857142857143,0.6210221793635486,0.5964912280701754,0.6415094339622641,0.5573770491803278,34,19,32,27,0.5267857142857143,0.5446428571428571,0.0,0.0,0.0,0.0,0.0,0.0,0.0,0.0,0.6415094339622641,0.5423728813559322,0.0,0.4732142857142857,0.5267857142857143,0.10000660285425449,0
MUTHOOTFIN,3,0.8,812,90,113,2024-12-12,2025-08-13,0.5221238938053098,0.5175438596491228,0.55,0.5238095238095238,0.5789473684210527,33,30,26,24,0.48672566371681414,0.49557522123893805,0.0,0.0,0.0,0.0,0.0,0.0,0.0,0.0,0.5238095238095238,0.52,0.0,0.5575221238938053,0.4424778761061947,0.2729660593918379,0
MUTHOOTFIN,4,0.85,863,95,113,2025-04-09,2025-12-08,0.48672566371681414,0.4588050314465409,0.6329113924050633,0.5102040816326531,0.8333333333333334,50,48,5,10,0.4690265486725664,0.5221238938053098,0.0,0.0,0.0,0.0,0.0,0.0,0.0,0.0,0.5102040816326531,0.33333333333333337,0.0,0.8672566371681416,0.13274336283185842,0.39925488553553934,0
MUTHOOTFIN,5,0.9,914,101,113,2025-08-19,2026-04-16,0.5663716814159292,0.530448717948718,0.72,0.5727272727272728,0.9692307692307692,63,47,1,2,0.5221238938053098,0.5752212389380531,0.0,0.0,0.0,0.0,0.0,0.0,0.0,0.0,0.5727272727272728,0.33333333333333337,0.0,0.9734513274336283,0.02654867256637168,1.0,0
MUTHOOTFIN,6,0.95,964,107,57,2025-12-11,2026-04-16,0.5087719298245614,0.4565217391304348,0.6585365853658537,0.5625,0.7941176470588235,27,21,2,7,0.49122807017543857,0.5964912280701754,0.0,0.0,0.0,0.0,0.0,0.0,0.0,0.0,0.5625,0.2222222222222222,0.0,0.8421052631578947,0.15789473684210525,0.6426766003524748,0
CHOLAFIN,1,0.7,760,84,120,2024-04-29,2024-12-10,0.5583333333333333,0.5555555555555555,0.6624203821656051,0.5531914893617021,0.8253968253968254,52,42,15,11,0.5583333333333333,0.55,0.0,0.0,0.0,0.0,0.0,0.0,0.0,0.0,0.5531914893617021,0.5769230769230769,0.0,0.7833333333333333,0.21666666666666667,0.4049797862735917,0
CHOLAFIN,2,0.75,814,90,121,2024-08-20,2025-04-03,0.4628099173553719,0.43812430632630406,0.4715447154471545,0.4142857142857143,0.5471698113207547,29,41,27,24,0.4628099173553719,0.39669421487603307,0.0,0.0,0.0,0.0,0.0,0.0,0.0,0.0,0.4142857142857143,0.5294117647058824,0.0,0.5785123966942148,0.4214876033057851,0.2728716595508889,0
CHOLAFIN,3,0.8,868,96,121,2024-12-11,2025-07-30,0.39669421487603307,0.37243150684931503,0.3865546218487395,0.323943661971831,0.4791666666666667,23,48,25,25,0.38016528925619836,0.371900826446281,0.0,0.0,0.0,0.0,0.0,0.0,0.0,0.0,0.323943661971831,0.5,0.0,0.5867768595041323,0.4132231404958678,1.0,0
CHOLAFIN,4,0.85,923,102,120,2025-04-04,2025-12-03,0.45,0.42349650349650353,0.56,0.4421052631578947,0.7636363636363637,42,53,12,13,0.5083333333333333,0.4583333333333333,0.0,0.0,0.0,0.0,0.0,0.0,0.0,0.0,0.4421052631578947,0.48,0.0,0.7916666666666666,0.20833333333333334,1.0,0
CHOLAFIN,5,0.9,977,108,121,2025-07-31,2026-04-16,0.5041322314049587,0.4890530925013684,0.4642857142857143,0.48148148148148145,0.4482758620689655,26,28,35,32,0.4628099173553719,0.5371900826446281,0.0,0.0,0.0,0.0,0.0,0.0,0.0,0.0,0.48148148148148145,0.5223880597014925,0.0,0.4462809917355372,0.5537190082644629,0.1848845113633117,0
CHOLAFIN,6,0.95,1031,114,61,2025-12-04,2026-04-16,0.6065573770491803,0.6536796536796536,0.4,0.6666666666666666,0.2857142857142857,8,4,29,20,0.5245901639344263,0.5409836065573771,0.0,0.0,0.0,0.0,0.0,0.0,0.0,0.0,0.6666666666666666,0.5918367346938775,0.0,0.19672131147540983,0.8032786885245902,0.1614301345383855,0
SHRIRAMFIN,1,0.7,744,82,118,2024-05-16,2025-01-03,0.4661016949152542,0.47048611111111105,0.5190839694656488,0.5074626865671642,0.53125,34,33,21,30,0.5,0.5423728813559322,0.0,0.0,0.0,0.0,0.0,0.0,0.0,0.0,0.5074626865671642,0.4117647058823529,0.0,0.5677966101694916,0.4322033898305085,0.6074178426406074,0
SHRIRAMFIN,2,0.75,797,88,118,2024-09-06,2025-04-30,0.4491525423728814,0.42683982683982685,0.5038167938931297,0.4342105263157895,0.6,33,43,20,22,0.4067796610169492,0.4661016949152542,0.0,0.0,0.0,0.0,0.0,0.0,0.0,0.0,0.4342105263157895,0.47619047619047616,0.0,0.6440677966101694,0.3559322033898305,0.10000660285425449,0
SHRIRAMFIN,3,0.8,850,94,118,2025-01-07,2025-08-13,0.4661016949152542,0.4101010101010101,0.6086956521739131,0.46226415094339623,0.8909090909090909,49,57,6,6,0.5338983050847458,0.4661016949152542,0.0,0.0,0.0,0.0,0.0,0.0,0.0,0.0,0.46226415094339623,0.5,0.0,0.8983050847457628,0.1016949152542373,1.0,0
SHRIRAMFIN,4,0.85,903,100,118,2025-05-05,2025-12-09,0.5508474576271186,0.5518433179723502,0.6074074074074074,0.5616438356164384,0.6612903225806451,41,32,24,21,0.6016949152542372,0.5169491525423728,0.0,0.0,0.0,0.0,0.0,0.0,0.0,0.0,0.5616438356164384,0.5333333333333333,0.0,0.6186440677966102,0.3813559322033898,1.0,0
SHRIRAMFIN,5,0.9,956,106,118,2025-08-14,2026-04-16,0.4406779661016949,0.45449224465905763,0.49230769230769234,0.5079365079365079,0.47761194029850745,32,31,20,35,0.4661016949152542,0.5,0.0,0.0,0.0,0.0,0.0,0.0,0.0,0.0,0.5079365079365079,0.36363636363636365,0.0,0.5338983050847458,0.4661016949152542,1.0,0
SHRIRAMFIN,6,0.95,1009,112,59,2025-12-10,2026-04-16,0.4406779661016949,0.40393518518518523,0.45901639344262296,0.4827586206896552,0.4375,14,15,12,18,0.5254237288135594,0.5084745762711864,0.0,0.0,0.0,0.0,0.0,0.0,0.0,0.0,0.4827586206896552,0.4,0.0,0.4915254237288136,0.5084745762711864,0.10000660285425449,0
TCS,1,0.7,635,70,101,2024-04-09,2024-12-12,0.48514851485148514,0.5043238993710691,0.543859649122807,0.5081967213114754,0.5849056603773585,31,30,18,22,0.4752475247524752,0.4752475247524752,0.0,0.0,0.0,0.0,0.0,0.0,0.0,0.0,0.5081967213114754,0.44999999999999996,0.0,0.6039603960396039,0.39603960396039606,0.7439558588113555,0
TCS,2,0.75,681,75,100,2024-08-13,2025-04-16,0.49,0.5093344155844156,0.6222222222222222,0.46153846153846156,0.9545454545454546,42,49,7,2,0.47,0.44,0.0,0.0,0.0,0.0,0.0,0.0,0.0,0.0,0.46153846153846156,0.7777777777777778,0.0,0.91,0.09,0.26748188768288866,0
TCS,3,0.8,726,80,101,2024-12-13,2025-08-21,0.4752475247524752,0.489344262295082,0.4854368932038835,0.3968253968253968,0.625,25,38,23,15,0.49504950495049505,0.42574257425742573,0.0,0.0,0.0,0.0,0.0,0.0,0.0,0.0,0.3968253968253968,0.6052631578947368,0.0,0.6237623762376238,0.37623762376237624,0.34267388122495485,0
TCS,4,0.85,771,85,101,2025-04-17,2025-12-17,0.504950495049505,0.46335697399527187,0.6031746031746031,0.4810126582278481,0.8085106382978723,38,41,13,9,0.5247524752475248,0.46534653465346537,0.0,0.0,0.0,0.0,0.0,0.0,0.0,0.0,0.4810126582278481,0.5909090909090908,0.0,0.7821782178217822,0.21782178217821782,1.0,0
TCS,5,0.9,817,90,101,2025-08-22,2026-04-16,0.5544554455445545,0.5777080062794349,0.6456692913385826,0.5256410256410257,0.8367346938775511,41,37,15,8,0.5148514851485149,0.46534653465346537,0.0,0.0,0.0,0.0,0.0,0.0,0.0,0.0,0.5256410256410257,0.6521739130434783,0.0,0.7722772277227723,0.22772277227722773,1.0,0
TCS,6,0.95,862,95,51,2025-12-19,2026-04-16,0.39215686274509803,0.37111801242236025,0.4745762711864407,0.3888888888888889,0.6086956521739131,14,22,6,9,0.39215686274509803,0.5490196078431373,0.0,0.0,0.0,0.0,0.0,0.0,0.0,0.0,0.3888888888888889,0.4,0.0,0.7058823529411765,0.29411764705882354,0.1679922840253123,0
MANAPPURAM,1,0.7,749,83,119,2024-04-05,2024-11-25,0.5210084033613446,0.5217514124293785,0.5289256198347108,0.5161290322580645,0.5423728813559322,32,30,30,27,0.5378151260504201,0.47058823529411764,0.0,0.0,0.0,0.0,0.0,0.0,0.0,0.0,0.5161290322580645,0.5263157894736843,0.0,0.5210084033613446,0.4789915966386555,0.2683867106099528,0
MANAPPURAM,2,0.75,802,89,119,2024-08-09,2025-03-18,0.4789915966386555,0.4951950254381006,0.5507246376811594,0.4935064935064935,0.6229508196721312,38,39,19,23,0.44537815126050423,0.5210084033613446,0.0,0.0,0.0,0.0,0.0,0.0,0.0,0.0,0.4935064935064935,0.45238095238095233,0.0,0.6470588235294118,0.35294117647058826,0.18841997838601499,0
MANAPPURAM,3,0.8,856,95,119,2024-11-27,2025-08-04,0.5462184873949579,0.5072886297376094,0.6582278481012658,0.5909090909090909,0.7428571428571429,52,36,13,18,0.5630252100840336,0.5882352941176471,0.0,0.0,0.0,0.0,0.0,0.0,0.0,0.0,0.5909090909090909,0.4193548387096774,0.0,0.7394957983193278,0.2605042016806723,1.0,0
MANAPPURAM,4,0.85,909,101,119,2025-03-19,2025-12-03,0.4957983193277311,0.5446579988694177,0.620253164556962,0.49,0.8448275862068966,49,51,10,9,0.5126050420168067,0.48739495798319327,0.0,0.0,0.0,0.0,0.0,0.0,0.0,0.0,0.49,0.5263157894736843,0.0,0.8403361344537815,0.15966386554621848,1.0,0
MANAPPURAM,5,0.9,963,107,119,2025-08-05,2026-04-09,0.4789915966386555,0.5149971703452179,0.5,0.4626865671641791,0.543859649122807,31,36,26,26,0.453781512605042,0.4789915966386555,0.0,0.0,0.0,0.0,0.0,0.0,0.0,0.0,0.4626865671641791,0.5,0.0,0.5630252100840336,0.4369747899159664,0.3562038637330395,0
MANAPPURAM,6,0.95,1017,112,60,2025-12-04,2026-04-09,0.6,0.5669642857142857,0.6756756756756757,0.5952380952380952,0.78125,25,17,11,7,0.5166666666666667,0.5333333333333333,0.0,0.0,0.0,0.0,0.0,0.0,0.0,0.0,0.5952380952380952,0.6111111111111112,0.0,0.7,0.3,1.0,0
INFY,1,0.7,679,75,108,2024-03-15,2024-12-04,0.5185185185185185,0.5236942234520927,0.59375,0.5507246376811594,0.6440677966101694,38,31,18,21,0.5185185185185185,0.49074074074074076,0.0,0.0,0.0,0.0,0.0,0.0,0.0,0.0,0.5507246376811594,0.46153846153846156,0.0,0.6388888888888888,0.3611111111111111,0.6969037009631631,0
INFY,2,0.75,728,80,108,2024-07-30,2025-03-27,0.5648148148148148,0.5593278463648834,0.591304347826087,0.5573770491803278,0.6296296296296297,34,27,27,20,0.5462962962962963,0.5,0.0,0.0,0.0,0.0,0.0,0.0,0.0,0.0,0.5573770491803278,0.574468085106383,0.0,0.5648148148148148,0.4351851851851852,1.0,0
INFY,3,0.8,776,86,108,2024-12-05,2025-08-01,0.4444444444444444,0.4330925352597179,0.3333333333333333,0.38461538461538464,0.29411764705882354,15,24,33,36,0.4537037037037037,0.5277777777777778,0.0,0.0,0.0,0.0,0.0,0.0,0.0,0.0,0.38461538461538464,0.4782608695652174,0.0,0.3611111111111111,0.6388888888888888,1.0,0
INFY,4,0.85,825,91,108,2025-03-28,2025-12-09,0.5277777777777778,0.5679945054945055,0.592,0.5068493150684932,0.7115384615384616,37,36,20,15,0.5555555555555556,0.5370370370370371,0.0,0.0,0.0,0.0,0.0,0.0,0.0,0.0,0.5068493150684932,0.5714285714285714,0.0,0.6759259259259259,0.32407407407407407,1.0,0
INFY,5,0.9,873,97,108,2025-08-04,2026-04-10,0.5277777777777778,0.513888888888889,0.5233644859813084,0.4745762711864407,0.5833333333333334,28,31,29,20,0.5092592592592593,0.5740740740740741,0.0,0.0,0.0,0.0,0.0,0.0,0.0,0.0,0.4745762711864407,0.5918367346938775,0.0,0.5462962962962963,0.4537037037037037,1.0,0
INFY,6,0.95,922,102,54,2025-12-10,2026-04-10,0.46296296296296297,0.39831697054698456,0.43137254901960786,0.39285714285714285,0.4782608695652174,11,17,14,12,0.3888888888888889,0.5370370370370371,0.0,0.0,0.0,0.0,0.0,0.0,0.0,0.0,0.39285714285714285,0.5384615384615384,0.0,0.5185185185185185,0.48148148148148145,0.10000660285425449,0
HCLTECH,1,0.7,666,74,106,2024-04-29,2024-12-27,0.49056603773584906,0.4459016393442623,0.6086956521739131,0.5454545454545454,0.6885245901639344,42,35,10,19,0.5094339622641509,0.46226415094339623,0.0,0.0,0.0,0.0,0.0,0.0,0.0,0.0,0.5454545454545454,0.3448275862068966,0.0,0.7264150943396226,0.27358490566037735,1.0,0
HCLTECH,2,0.75,714,79,106,2024-08-23,2025-04-23,0.5377358490566038,0.5571428571428572,0.6370370370370371,0.5443037974683544,0.7678571428571429,43,36,14,13,0.5377358490566038,0.5283018867924528,0.0,0.0,0.0,0.0,0.0,0.0,0.0,0.0,0.5443037974683544,0.5185185185185186,0.0,0.7452830188679245,0.25471698113207547,1.0,0
HCLTECH,3,0.8,762,84,106,2024-12-30,2025-08-06,0.4528301886792453,0.4942857142857143,0.5,0.4393939393939394,0.58,29,37,19,21,0.5283018867924528,0.5283018867924528,0.0,0.0,0.0,0.0,0.0,0.0,0.0,0.0,0.4393939393939394,0.475,0.0,0.6226415094339622,0.37735849056603776,0.5820689604113498,0
HCLTECH,4,0.85,810,89,106,2025-04-24,2025-12-08,0.4811320754716981,0.4916221033868093,0.6357615894039735,0.48,0.9411764705882353,48,52,3,3,0.5,0.4811320754716981,0.0,0.0,0.0,0.0,0.0,0.0,0.0,0.0,0.48,0.5,0.0,0.9433962264150944,0.05660377358490566,0.3115638519651241,0
HCLTECH,5,0.9,857,95,106,2025-08-08,2026-04-16,0.5188679245283019,0.4827340690637238,0.6482758620689655,0.5108695652173914,0.8867924528301887,47,45,8,6,0.5283018867924528,0.5,0.0,0.0,0.0,0.0,0.0,0.0,0.0,0.0,0.5108695652173914,0.5714285714285714,0.0,0.8679245283018868,0.1320754716981132,1.0,0
HCLTECH,6,0.95,905,100,53,2025-12-09,2026-04-16,0.5660377358490566,0.5142857142857142,0.6101694915254238,0.5294117647058824,0.72,18,16,12,7,0.5283018867924528,0.5471698113207547,0.0,0.0,0.0,0.0,0.0,0.0,0.0,0.0,0.5294117647058824,0.631578947368421,0.0,0.6415094339622641,0.3584905660377358,1.0,0
WIPRO,1,0.7,673,74,107,2024-05-08,2024-12-23,0.4766355140186916,0.5494350282485876,0.37777777777777777,0.5483870967741935,0.288135593220339,17,14,34,42,0.5420560747663551,0.4485981308411215,0.0,0.0,0.0,0.0,0.0,0.0,0.0,0.0,0.5483870967741935,0.4473684210526315,0.0,0.2897196261682243,0.7102803738317757,1.0,0
WIPRO,2,0.75,721,80,106,2024-09-04,2025-04-17,0.46226415094339623,0.4810714285714286,0.5043478260869565,0.4461538461538462,0.58,29,36,20,21,0.49056603773584906,0.5094339622641509,0.0,0.0,0.0,0.0,0.0,0.0,0.0,0.0,0.4461538461538462,0.4878048780487805,0.0,0.6132075471698113,0.3867924528301887,1.0,0
WIPRO,3,0.8,769,85,107,2024-12-27,2025-08-07,0.514018691588785,0.5430790960451977,0.5,0.4642857142857143,0.5416666666666666,26,30,29,22,0.5233644859813084,0.5233644859813084,0.0,0.0,0.0,0.0,0.0,0.0,0.0,0.0,0.4642857142857143,0.5686274509803921,0.0,0.5233644859813084,0.4766355140186916,1.0,0
WIPRO,4,0.85,817,90,107,2025-04-22,2025-12-11,0.5327102803738317,0.5703781512605043,0.5283018867924528,0.56,0.5,28,22,29,28,0.5887850467289719,0.5327102803738317,0.0,0.0,0.0,0.0,0.0,0.0,0.0,0.0,0.56,0.5087719298245614,0.0,0.4672897196261682,0.5327102803738317,1.0,0
WIPRO,5,0.9,865,96,107,2025-08-08,2026-04-16,0.5420560747663551,0.5584733893557423,0.5739130434782609,0.559322033898305,0.5892857142857143,33,26,25,23,0.5794392523364486,0.5420560747663551,0.0,0.0,0.0,0.0,0.0,0.0,0.0,0.0,0.559322033898305,0.5208333333333333,0.0,0.5514018691588785,0.4485981308411215,0.5054675409536655,0
WIPRO,6,0.95,913,101,54,2025-12-12,2026-04-16,0.5370370370370371,0.5357142857142858,0.5454545454545454,0.5172413793103449,0.5769230769230769,15,14,14,11,0.46296296296296297,0.48148148148148145,0.0,0.0,0.0,0.0,0.0,0.0,0.0,0.0,0.5172413793103449,0.56,0.0,0.5370370370370371,0.46296296296296297,0.14542783488110592,0
TECHM,1,0.7,701,77,111,2024-03-21,2024-11-13,0.5045045045045045,0.5267275097783573,0.5454545454545454,0.532258064516129,0.559322033898305,33,29,23,26,0.5045045045045045,0.5045045045045045,0.0,0.0,0.0,0.0,0.0,0.0,0.0,0.0,0.532258064516129,0.4693877551020408,0.0,0.5585585585585585,0.44144144144144143,0.47956027958104347,0
TECHM,2,0.75,751,83,111,2024-08-02,2025-03-26,0.5225225225225225,0.5705920624593365,0.5891472868217055,0.5,0.7169811320754716,38,38,20,15,0.5765765765765766,0.5225225225225225,0.0,0.0,0.0,0.0,0.0,0.0,0.0,0.0,0.5,0.5714285714285714,0.0,0.6846846846846847,0.3153153153153153,1.0,0
TECHM,3,0.8,801,88,111,2024-11-14,2025-07-24,0.46846846846846846,0.4922027290448343,0.5755395683453237,0.47058823529411764,0.7407407407407407,40,45,12,14,0.5135135135135135,0.5135135135135135,0.0,0.0,0.0,0.0,0.0,0.0,0.0,0.0,0.47058823529411764,0.46153846153846156,0.0,0.7657657657657657,0.23423423423423423,1.0,0
TECHM,4,0.85,851,94,111,2025-03-28,2025-11-25,0.4774774774774775,0.49090909090909085,0.5857142857142857,0.4880952380952381,0.7321428571428571,41,43,12,15,0.4954954954954955,0.5045045045045045,0.0,0.0,0.0,0.0,0.0,0.0,0.0,0.0,0.4880952380952381,0.4444444444444444,0.0,0.7567567567567568,0.24324324324324326,1.0,0
TECHM,5,0.9,900,100,112,2025-07-25,2026-04-16,0.5892857142857143,0.5422647527910686,0.6349206349206349,0.5633802816901409,0.7272727272727273,40,31,26,15,0.4732142857142857,0.4107142857142857,0.0,0.0,0.0,0.0,0.0,0.0,0.0,0.0,0.5633802816901409,0.6341463414634146,0.0,0.6339285714285714,0.36607142857142855,0.6082375486999378,0
TECHM,6,0.95,951,105,56,2025-11-26,2026-04-16,0.5178571428571429,0.4980842911877395,0.4489795918367347,0.5,0.4074074074074074,11,11,18,16,0.5535714285714286,0.5178571428571429,0.0,0.0,0.0,0.0,0.0,0.0,0.0,0.0,0.5,0.5294117647058824,0.0,0.39285714285714285,0.6071428571428571,1.0,0
MPHASIS,1,0.7,738,81,117,2024-04-16,2024-12-06,0.5213675213675214,0.5231729055258467,0.6056338028169014,0.5657894736842105,0.6515151515151515,43,33,18,23,0.5641025641025641,0.6068376068376068,0.0,0.0,0.0,0.0,0.0,0.0,0.0,0.0,0.5657894736842105,0.4390243902439024,0.0,0.6495726495726496,0.3504273504273504,1.0,0
MPHASIS,2,0.75,790,87,117,2024-08-14,2025-03-28,0.46153846153846156,0.45964912280701753,0.5882352941176471,0.4838709677419355,0.75,45,48,9,15,0.452991452991453,0.5213675213675214,0.0,0.0,0.0,0.0,0.0,0.0,0.0,0.0,0.4838709677419355,0.375,0.0,0.7948717948717948,0.20512820512820512,0.11826851043374892,0
MPHASIS,3,0.8,843,93,117,2024-12-09,2025-08-05,0.41025641025641024,0.4229864785420341,0.3783783783783784,0.3684210526315789,0.3888888888888889,21,36,27,33,0.5128205128205128,0.47863247863247865,0.0,0.0,0.0,0.0,0.0,0.0,0.0,0.0,0.3684210526315789,0.44999999999999996,0.0,0.48717948717948717,0.5128205128205128,1.0,0
MPHASIS,4,0.85,895,99,117,2025-04-02,2025-12-03,0.49572649572649574,0.4891812865497076,0.5755395683453237,0.5063291139240507,0.6666666666666666,40,39,18,20,0.49572649572649574,0.5128205128205128,0.0,0.0,0.0,0.0,0.0,0.0,0.0,0.0,0.5063291139240507,0.4736842105263158,0.0,0.6752136752136753,0.3247863247863248,1.0,0
MPHASIS,5,0.9,948,105,117,2025-08-06,2026-04-16,0.37606837606837606,0.36637426900584796,0.45925925925925926,0.3974358974358974,0.543859649122807,31,47,13,26,0.5128205128205128,0.4017094017094017,0.0,0.0,0.0,0.0,0.0,0.0,0.0,0.0,0.3974358974358974,0.33333333333333337,0.0,0.6666666666666666,0.3333333333333333,0.3757539561341871,0
MPHASIS,6,0.95,1000,111,59,2025-12-04,2026-04-16,0.559322033898305,0.6011764705882354,0.5517241379310345,0.48484848484848486,0.64,16,17,17,9,0.6440677966101694,0.576271186440678,0.0,0.0,0.0,0.0,0.0,0.0,0.0,0.0,0.48484848484848486,0.6538461538461539,0.0,0.559322033898305,0.4406779661016949,0.5830812621510808,0
LTIM,1,0.7,707,78,112,2024-03-06,2024-11-27,0.5089285714285714,0.4900641025641026,0.60431654676259,0.5316455696202531,0.7,42,37,15,18,0.4732142857142857,0.5,0.0,0.0,0.0,0.0,0.0,0.0,0.0,0.0,0.5316455696202531,0.4545454545454546,0.0,0.7053571428571429,0.29464285714285715,0.4341759310155786,0
LTIM,2,0.75,757,84,112,2024-07-29,2025-03-13,0.5089285714285714,0.4540816326530612,0.5801526717557252,0.5066666666666667,0.6785714285714286,38,37,19,18,0.5178571428571429,0.5,0.0,0.0,0.0,0.0,0.0,0.0,0.0,0.0,0.5066666666666667,0.5135135135135135,0.0,0.6696428571428571,0.33035714285714285,0.5675170617512221,0
LTIM,3,0.8,808,89,112,2024-12-02,2025-07-30,0.5267857142857143,0.5202551834130782,0.5137614678899083,0.5185185185185185,0.509090909090909,28,26,31,27,0.5535714285714286,0.5089285714285714,0.0,0.0,0.0,0.0,0.0,0.0,0.0,0.0,0.5185185185185185,0.5344827586206897,0.0,0.48214285714285715,0.5178571428571429,0.3483691108493273,0
LTIM,4,0.85,858,95,112,2025-03-19,2025-12-04,0.49107142857142855,0.4455213903743315,0.6068965517241379,0.5714285714285714,0.6470588235294118,44,33,11,24,0.5446428571428571,0.5089285714285714,0.0,0.0,0.0,0.0,0.0,0.0,0.0,0.0,0.5714285714285714,0.3142857142857143,0.0,0.6875,0.3125,0.10000660285425449,0
LTIM,5,0.9,909,100,113,2025-07-31,2026-04-16,0.5132743362831859,0.5059635907093535,0.5669291338582677,0.5294117647058824,0.6101694915254238,36,32,22,23,0.5486725663716814,0.5486725663716814,0.0,0.0,0.0,0.0,0.0,0.0,0.0,0.0,0.5294117647058824,0.48888888888888893,0.0,0.6017699115044248,0.39823008849557523,0.7841575749369466,0
LTIM,6,0.95,959,106,57,2025-12-05,2026-04-16,0.45614035087719296,0.4883116883116883,0.41509433962264153,0.3548387096774194,0.5,11,20,15,11,0.5263157894736842,0.42105263157894735,0.0,0.0,0.0,0.0,0.0,0.0,0.0,0.0,0.3548387096774194,0.5769230769230769,0.0,0.543859649122807,0.45614035087719296,0.4624976774006163,0
PERSISTENT,1,0.7,742,82,118,2024-05-22,2025-01-01,0.4915254237288136,0.3928132678132678,0.6153846153846154,0.5853658536585366,0.6486486486486487,48,34,10,26,0.5423728813559322,0.4915254237288136,0.0,0.0,0.0,0.0,0.0,0.0,0.0,0.0,0.5853658536585366,0.2777777777777778,0.0,0.6949152542372882,0.3050847457627119,0.4094849455883368,0
PERSISTENT,2,0.75,795,88,118,2024-09-09,2025-04-22,0.4491525423728814,0.435632183908046,0.5255474452554745,0.4675324675324675,0.6,36,41,17,24,0.4661016949152542,0.4322033898305085,0.0,0.0,0.0,0.0,0.0,0.0,0.0,0.0,0.4675324675324675,0.41463414634146345,0.0,0.652542372881356,0.3474576271186441,0.41568933988395573,0
PERSISTENT,3,0.8,848,94,118,2025-01-03,2025-08-11,0.4491525423728814,0.4901960784313726,0.5578231292517006,0.4270833333333333,0.803921568627451,41,55,12,10,0.4406779661016949,0.4491525423728814,0.0,0.0,0.0,0.0,0.0,0.0,0.0,0.0,0.4270833333333333,0.5454545454545454,0.0,0.8135593220338984,0.1864406779661017,0.3286961387733896,0
PERSISTENT,4,0.85,901,100,118,2025-04-24,2025-12-09,0.4745762711864407,0.4749423963133641,0.6395348837209303,0.47413793103448276,0.9821428571428571,55,61,1,1,0.4322033898305085,0.4745762711864407,0.0,0.0,0.0,0.0,0.0,0.0,0.0,0.0,0.47413793103448276,0.5,0.0,0.9830508474576272,0.01694915254237288,1.0,0
PERSISTENT,5,0.9,954,106,118,2025-08-13,2026-04-16,0.4915254237288136,0.5339861751152073,0.625,0.4807692307692308,0.8928571428571429,50,54,8,6,0.5084745762711864,0.559322033898305,0.0,0.0,0.0,0.0,0.0,0.0,0.0,0.0,0.4807692307692308,0.5714285714285714,0.0,0.8813559322033898,0.11864406779661017,1.0,0
PERSISTENT,6,0.95,1008,111,59,2025-12-10,2026-04-16,0.4406779661016949,0.4347319347319347,0.49230769230769234,0.41025641025641024,0.6153846153846154,16,23,10,10,0.4576271186440678,0.4745762711864407,0.0,0.0,0.0,0.0,0.0,0.0,0.0,0.0,0.41025641025641024,0.5,0.0,0.6610169491525424,0.3389830508474576,1.0,0
TATAELXSI,1,0.7,719,79,114,2024-04-16,2024-12-12,0.4649122807017544,0.49861325115562405,0.42990654205607476,0.4423076923076923,0.41818181818181815,23,29,30,32,0.43859649122807015,0.5175438596491229,0.0,0.0,0.0,0.0,0.0,0.0,0.0,0.0,0.4423076923076923,0.4838709677419355,0.0,0.45614035087719296,0.543859649122807,0.40649581310666427,0
TATAELXSI,2,0.75,770,85,114,2024-08-28,2025-04-07,0.4649122807017544,0.41822800889171163,0.26506024096385544,0.3055555555555556,0.23404255319148937,11,25,42,36,0.5087719298245614,0.5263157894736842,0.0,0.0,0.0,0.0,0.0,0.0,0.0,0.0,0.3055555555555556,0.5384615384615384,0.0,0.3157894736842105,0.6842105263157895,0.17549048453446642,0
TATAELXSI,3,0.8,821,91,114,2024-12-16,2025-08-11,0.5526315789473685,0.5325682382133995,0.48484848484848486,0.5106382978723404,0.46153846153846156,24,23,39,28,0.5877192982456141,0.5263157894736842,0.0,0.0,0.0,0.0,0.0,0.0,0.0,0.0,0.5106382978723404,0.582089552238806,0.0,0.41228070175438597,0.5877192982456141,1.0,0
TATAELXSI,4,0.85,873,96,114,2025-04-08,2025-12-09,0.5350877192982456,0.3869471079492731,0.03636363636363636,0.5,0.018867924528301886,1,1,60,52,0.45614035087719296,0.5350877192982456,0.0,0.0,0.0,0.0,0.0,0.0,0.0,0.0,0.5,0.5357142857142857,0.0,0.017543859649122806,0.9824561403508771,0.18270407058470445,0
TATAELXSI,5,0.9,924,102,115,2025-08-12,2026-04-16,0.5565217391304348,0.5418221393034826,0.2153846153846154,0.4117647058823529,0.14583333333333334,7,10,57,41,0.5043478260869565,0.5826086956521739,0.0,0.0,0.0,0.0,0.0,0.0,0.0,0.0,0.4117647058823529,0.5816326530612245,0.0,0.14782608695652175,0.8521739130434782,0.6115737411350788,0
TATAELXSI,6,0.95,975,108,58,2025-12-10,2026-04-16,0.46551724137931033,0.5006060606060606,0.4918032786885246,0.4166666666666667,0.6,15,21,12,10,0.5,0.5689655172413793,0.0,0.0,0.0,0.0,0.0,0.0,0.0,0.0,0.4166666666666667,0.5454545454545454,0.0,0.6206896551724138,0.3793103448275862,1.0,0
COFORGE,1,0.7,757,84,120,2024-04-05,2024-12-16,0.525,0.4588719153936545,0.6459627329192547,0.5977011494252874,0.7027027027027027,52,35,11,22,0.5583333333333333,0.38333333333333336,0.0,0.0,0.0,0.0,0.0,0.0,0.0,0.0,0.5977011494252874,0.33333333333333337,0.0,0.725,0.275,1.0,0
COFORGE,2,0.75,811,90,120,2024-08-19,2025-04-30,0.5333333333333333,0.5124421296296297,0.6410256410256411,0.5952380952380952,0.6944444444444444,50,34,14,22,0.49166666666666664,0.49166666666666664,0.0,0.0,0.0,0.0,0.0,0.0,0.0,0.0,0.5952380952380952,0.38888888888888884,0.0,0.7,0.3,1.0,0
COFORGE,3,0.8,865,96,120,2024-12-17,2025-08-14,0.4583333333333333,0.4668531468531468,0.5255474452554745,0.5,0.5538461538461539,36,36,19,29,0.4666666666666667,0.43333333333333335,0.0,0.0,0.0,0.0,0.0,0.0,0.0,0.0,0.5,0.39583333333333337,0.0,0.6,0.4,0.6830114381866197,0
COFORGE,4,0.85,919,102,120,2025-05-05,2025-12-11,0.39166666666666666,0.34981316470250073,0.4748201438848921,0.4852941176470588,0.4647887323943662,33,35,14,38,0.44166666666666665,0.43333333333333335,0.0,0.0,0.0,0.0,0.0,0.0,0.0,0.0,0.4852941176470588,0.2692307692307693,0.0,0.5666666666666667,0.43333333333333335,0.3999012719547354,0
COFORGE,5,0.9,973,108,121,2025-08-19,2026-04-10,0.4793388429752066,0.46830601092896174,0.6227544910179641,0.48598130841121495,0.8666666666666667,52,55,6,8,0.48760330578512395,0.49586776859504134,0.0,0.0,0.0,0.0,0.0,0.0,0.0,0.0,0.48598130841121495,0.4285714285714286,0.0,0.8842975206611571,0.11570247933884298,1.0,0
COFORGE,6,0.95,1027,114,61,2025-12-12,2026-04-10,0.45901639344262296,0.44111111111111106,0.5074626865671642,0.40476190476190477,0.68,17,25,11,8,0.5573770491803278,0.4098360655737705,0.0,0.0,0.0,0.0,0.0,0.0,0.0,0.0,0.40476190476190477,0.5789473684210527,0.0,0.6885245901639344,0.3114754098360656,0.16111697929561147,0
OFSS,1,0.7,687,76,109,2024-06-25,2025-01-28,0.48623853211009177,0.506060606060606,0.48148148148148145,0.49056603773584906,0.4727272727272727,26,27,27,29,0.47706422018348627,0.4954128440366973,0.0,0.0,0.0,0.0,0.0,0.0,0.0,0.0,0.49056603773584906,0.4821428571428571,0.0,0.48623853211009177,0.5137614678899083,0.3115673547163126,0
OFSS,2,0.75,737,81,109,2024-10-11,2025-05-14,0.5137614678899083,0.5122377622377621,0.39080459770114945,0.3953488372093023,0.38636363636363635,17,26,39,27,0.5321100917431193,0.46788990825688076,0.0,0.0,0.0,0.0,0.0,0.0,0.0,0.0,0.3953488372093023,0.5909090909090908,0.0,0.3944954128440367,0.6055045871559633,0.4292449017172676,0
OFSS,3,0.8,785,87,109,2025-01-29,2025-08-25,0.5137614678899083,0.48809523809523814,0.49523809523809526,0.4642857142857143,0.5306122448979592,26,30,30,23,0.42201834862385323,0.5229357798165137,0.0,0.0,0.0,0.0,0.0,0.0,0.0,0.0,0.4642857142857143,0.5660377358490566,0.0,0.5137614678899083,0.48623853211009177,0.5438142342314999,0
OFSS,4,0.85,835,92,109,2025-05-15,2025-12-10,0.44954128440366975,0.421727395411606,0.5454545454545454,0.45,0.6923076923076923,36,44,13,16,0.44036697247706424,0.44954128440366975,0.0,0.0,0.0,0.0,0.0,0.0,0.0,0.0,0.45,0.4482758620689655,0.0,0.7339449541284404,0.26605504587155965,1.0,0
OFSS,5,0.9,883,98,110,2025-08-26,2026-04-16,0.4909090909090909,0.48833333333333334,0.5483870967741935,0.4594594594594595,0.68,34,40,20,16,0.4909090909090909,0.5,0.0,0.0,0.0,0.0,0.0,0.0,0.0,0.0,0.4594594594594595,0.5555555555555556,0.0,0.6727272727272727,0.32727272727272727,1.0,0
OFSS,6,0.95,933,103,55,2025-12-15,2026-04-16,0.4909090909090909,0.5333333333333333,0.17647058823529413,0.3333333333333333,0.12,3,6,24,22,0.5818181818181818,0.5454545454545454,0.0,0.0,0.0,0.0,0.0,0.0,0.0,0.0,0.3333333333333333,0.5217391304347826,0.0,0.16363636363636364,0.8363636363636363,0.23242693830273975,0
MARUTI,1,0.7,656,72,104,2024-04-29,2024-12-12,0.4326923076923077,0.45283018867924524,0.49572649572649574,0.4393939393939394,0.5686274509803921,29,37,16,22,0.4326923076923077,0.5,0.0,0.0,0.0,0.0,0.0,0.0,0.0,0.0,0.4393939393939394,0.42105263157894735,0.0,0.6346153846153846,0.36538461538461536,0.4531058945360976,0
MARUTI,2,0.75,702,78,104,2024-08-26,2025-04-24,0.4230769230769231,0.4341172079134005,0.5238095238095238,0.4177215189873418,0.7021276595744681,33,46,11,14,0.49038461538461536,0.4519230769230769,0.0,0.0,0.0,0.0,0.0,0.0,0.0,0.0,0.4177215189873418,0.43999999999999995,0.0,0.7596153846153846,0.2403846153846154,0.23909333359483115,0
MARUTI,3,0.8,749,83,104,2024-12-16,2025-08-11,0.5192307692307693,0.5567887532371438,0.647887323943662,0.5054945054945055,0.9019607843137255,46,45,8,5,0.5096153846153846,0.49038461538461536,0.0,0.0,0.0,0.0,0.0,0.0,0.0,0.0,0.5054945054945055,0.6153846153846154,0.0,0.875,0.125,1.0,0
MARUTI,4,0.85,796,88,104,2025-04-25,2025-12-23,0.5576923076923077,0.5154403354937095,0.6617647058823529,0.6,0.7377049180327869,45,30,13,16,0.5192307692307693,0.5865384615384616,0.0,0.0,0.0,0.0,0.0,0.0,0.0,0.0,0.6,0.4482758620689655,0.0,0.7211538461538461,0.27884615384615385,1.0,0
MARUTI,5,0.9,843,93,105,2025-08-13,2026-04-16,0.47619047619047616,0.4692982456140351,0.5217391304347826,0.5172413793103449,0.5263157894736842,30,28,20,27,0.4380952380952381,0.49523809523809526,0.0,0.0,0.0,0.0,0.0,0.0,0.0,0.0,0.5172413793103449,0.42553191489361697,0.0,0.5523809523809524,0.44761904761904764,1.7280814283516628,0
MARUTI,6,0.95,890,98,53,2025-12-24,2026-04-16,0.5094339622641509,0.47270114942528735,0.5666666666666667,0.4722222222222222,0.7083333333333334,17,19,10,7,0.4716981132075472,0.4528301886792453,0.0,0.0,0.0,0.0,0.0,0.0,0.0,0.0,0.4722222222222222,0.5882352941176471,0.0,0.6792452830188679,0.32075471698113206,0.10000660285425449,0
NAUKRI,1,0.7,842,93,134,2024-02-09,2024-10-30,0.5447761194029851,0.5487179487179488,0.6211180124223602,0.5434782608695652,0.7246376811594203,50,42,23,19,0.5149253731343284,0.5149253731343284,0.0,0.0,0.0,0.0,0.0,0.0,0.0,0.0,0.5434782608695652,0.5476190476190477,0.0,0.6865671641791045,0.31343283582089554,1.0,0
NAUKRI,2,0.75,902,100,134,2024-07-02,2025-03-03,0.5373134328358209,0.4984375,0.6219512195121951,0.5425531914893617,0.7285714285714285,51,43,21,19,0.5447761194029851,0.4701492537313433,0.0,0.0,0.0,0.0,0.0,0.0,0.0,0.0,0.5425531914893617,0.525,0.0,0.7014925373134329,0.29850746268656714,0.10000660285425449,0
NAUKRI,3,0.8,963,106,134,2024-11-01,2025-07-08,0.5149253731343284,0.46001336600579196,0.6153846153846154,0.5098039215686274,0.7761194029850746,52,50,17,15,0.4701492537313433,0.5074626865671642,0.0,0.0,0.0,0.0,0.0,0.0,0.0,0.0,0.5098039215686274,0.53125,0.0,0.7611940298507462,0.23880597014925373,0.21216686290188647,0
NAUKRI,4,0.85,1023,113,134,2025-03-04,2025-11-14,0.44029850746268656,0.43130034522439586,0.5614035087719298,0.41379310344827586,0.8727272727272727,48,68,11,7,0.417910447761194,0.417910447761194,0.0,0.0,0.0,0.0,0.0,0.0,0.0,0.0,0.41379310344827586,0.6111111111111112,0.0,0.8656716417910447,0.13432835820895522,0.40624375970193033,0
NAUKRI,5,0.9,1083,120,134,2025-07-09,2026-04-16,0.417910447761194,0.5661464585834334,0.5125,0.36936936936936937,0.8367346938775511,41,70,15,8,0.43283582089552236,0.40298507462686567,0.0,0.0,0.0,0.0,0.0,0.0,0.0,0.0,0.36936936936936937,0.6521739130434783,0.0,0.8283582089552238,0.17164179104477612,0.10000660285425449,0
NAUKRI,6,0.95,1143,127,67,2025-11-17,2026-04-16,0.40298507462686567,0.47238095238095235,0.4444444444444444,0.3404255319148936,0.64,16,31,11,9,0.40298507462686567,0.373134328358209,0.0,0.0,0.0,0.0,0.0,0.0,0.0,0.0,0.3404255319148936,0.55,0.0,0.7014925373134329,0.29850746268656714,1.0,0
BAJAJ-AUTO,1,0.7,662,73,105,2024-05-16,2024-12-19,0.5238095238095238,0.4658181818181818,0.6376811594202898,0.5301204819277109,0.8,44,39,11,11,0.45714285714285713,0.5238095238095238,0.0,0.0,0.0,0.0,0.0,0.0,0.0,0.0,0.5301204819277109,0.5,0.0,0.7904761904761904,0.20952380952380953,0.24866746055339914,0
BAJAJ-AUTO,2,0.75,710,78,105,2024-09-10,2025-04-29,0.4666666666666667,0.4684519442406456,0.6164383561643836,0.45454545454545453,0.9574468085106383,45,54,4,2,0.44761904761904764,0.44761904761904764,0.0,0.0,0.0,0.0,0.0,0.0,0.0,0.0,0.45454545454545453,0.6666666666666667,0.0,0.9428571428571428,0.05714285714285714,0.12098533909492001,0
BAJAJ-AUTO,3,0.8,756,84,105,2024-12-24,2025-08-25,0.37142857142857144,0.37264150943396224,0.45901639344262296,0.4057971014492754,0.5283018867924528,28,41,11,25,0.4380952380952381,0.5047619047619047,0.0,0.0,0.0,0.0,0.0,0.0,0.0,0.0,0.4057971014492754,0.3055555555555556,0.0,0.6571428571428571,0.34285714285714286,1.0,0
BAJAJ-AUTO,4,0.85,804,89,105,2025-04-30,2025-12-23,0.44761904761904764,0.4248911465892598,0.5606060606060606,0.46835443037974683,0.6981132075471698,37,42,10,16,0.5523809523809524,0.4666666666666667,0.0,0.0,0.0,0.0,0.0,0.0,0.0,0.0,0.46835443037974683,0.3846153846153846,0.0,0.7523809523809524,0.24761904761904763,2.188992352691966,0
BAJAJ-AUTO,5,0.9,851,94,106,2025-08-29,2026-04-16,0.5377358490566038,0.5146428571428572,0.6016260162601627,0.5522388059701493,0.6607142857142857,37,30,20,19,0.5188679245283019,0.4339622641509434,0.0,0.0,0.0,0.0,0.0,0.0,0.0,0.0,0.5522388059701493,0.5128205128205128,0.0,0.6320754716981132,0.36792452830188677,0.4988705807123973,0
BAJAJ-AUTO,6,0.95,899,99,53,2025-12-24,2026-04-16,0.5849056603773585,0.5938416422287389,0.6333333333333333,0.6551724137931034,0.6129032258064516,19,10,12,12,0.5094339622641509,0.4716981132075472,0.0,0.0,0.0,0.0,0.0,0.0,0.0,0.0,0.6551724137931034,0.5,0.0,0.5471698113207547,0.4528301886792453,1.0,0
TVSMOTOR,1,0.7,712,79,113,2024-04-22,2024-12-02,0.5575221238938053,0.4145712443584784,0.7093023255813954,0.5754716981132075,0.9242424242424242,61,45,2,5,0.4336283185840708,0.584070796460177,0.0,0.0,0.0,0.0,0.0,0.0,0.0,0.0,0.5754716981132075,0.2857142857142857,0.0,0.9380530973451328,0.061946902654867256,0.21877690246606127,0
TVSMOTOR,2,0.75,763,84,113,2024-08-07,2025-03-24,0.5309734513274337,0.40857503152585123,0.6748466257668712,0.5392156862745098,0.9016393442622951,55,47,5,6,0.4690265486725664,0.5398230088495575,0.0,0.0,0.0,0.0,0.0,0.0,0.0,0.0,0.5392156862745098,0.4545454545454546,0.0,0.9026548672566371,0.09734513274336283,0.562997097811512,0
TVSMOTOR,3,0.8,814,90,113,2024-12-03,2025-07-21,0.5309734513274337,0.5109855618330195,0.6490066225165563,0.532608695652174,0.8305084745762712,49,43,11,10,0.45132743362831856,0.5221238938053098,0.0,0.0,0.0,0.0,0.0,0.0,0.0,0.0,0.532608695652174,0.5238095238095238,0.0,0.8141592920353983,0.18584070796460178,0.35399507309107,0
TVSMOTOR,4,0.85,864,96,113,2025-03-25,2025-12-11,0.5221238938053098,0.5072327044025158,0.6707317073170732,0.5288461538461539,0.9166666666666666,55,49,4,5,0.5221238938053098,0.5309734513274337,0.0,0.0,0.0,0.0,0.0,0.0,0.0,0.0,0.5288461538461539,0.4444444444444444,0.0,0.9203539823008849,0.07964601769911504,0.46968752951537834,0
TVSMOTOR,5,0.9,916,101,113,2025-07-24,2026-04-16,0.4247787610619469,0.41071428571428575,0.5390070921985816,0.4470588235294118,0.6785714285714286,38,47,10,18,0.4336283185840708,0.4690265486725664,0.0,0.0,0.0,0.0,0.0,0.0,0.0,0.0,0.4470588235294118,0.3571428571428571,0.0,0.7522123893805309,0.24778761061946902,0.5402276405067022,0
TVSMOTOR,6,0.95,966,107,57,2025-12-12,2026-04-16,0.5263157894736842,0.5769230769230769,0.6493506493506493,0.49019607843137253,0.9615384615384616,25,26,5,1,0.49122807017543857,0.45614035087719296,0.0,0.0,0.0,0.0,0.0,0.0,0.0,0.0,0.49019607843137253,0.8333333333333334,0.0,0.8947368421052632,0.10526315789473684,1.0,0
EICHERMOT,1,0.7,716,79,114,2024-03-20,2024-12-03,0.42105263157894735,0.3941448382126348,0.2826086956521739,0.3939393939393939,0.22033898305084745,13,20,35,46,0.3684210526315789,0.4824561403508772,0.0,0.0,0.0,0.0,0.0,0.0,0.0,0.0,0.3939393939393939,0.4320987654320988,0.0,0.2894736842105263,0.7105263157894737,1.0,0
EICHERMOT,2,0.75,767,85,114,2024-08-05,2025-03-26,0.5263157894736842,0.5378411910669976,0.25,0.45,0.17307692307692307,9,11,51,43,0.47368421052631576,0.5350877192982456,0.0,0.0,0.0,0.0,0.0,0.0,0.0,0.0,0.45,0.5425531914893618,0.0,0.17543859649122806,0.8245614035087719,1.0,0
EICHERMOT,3,0.8,819,90,114,2024-12-04,2025-07-28,0.5614035087719298,0.5189289012003694,0.5370370370370371,0.5686274509803921,0.5087719298245614,29,22,35,28,0.5,0.5526315789473685,0.0,0.0,0.0,0.0,0.0,0.0,0.0,0.0,0.5686274509803921,0.5555555555555556,0.0,0.4473684210526316,0.5526315789473685,1.0,0
EICHERMOT,4,0.85,870,96,114,2025-03-28,2025-12-15,0.5175438596491229,0.4928125,0.5217391304347826,0.5882352941176471,0.46875,30,21,29,34,0.5614035087719298,0.4824561403508772,0.0,0.0,0.0,0.0,0.0,0.0,0.0,0.0,0.5882352941176471,0.46031746031746035,0.0,0.4473684210526316,0.5526315789473685,0.36531889925528443,0
EICHERMOT,5,0.9,921,102,114,2025-07-31,2026-04-16,0.5175438596491229,0.5247432306255835,0.5454545454545454,0.5689655172413793,0.5238095238095238,33,25,26,30,0.4824561403508772,0.5175438596491229,0.0,0.0,0.0,0.0,0.0,0.0,0.0,0.0,0.5689655172413793,0.4642857142857143,0.0,0.5087719298245614,0.49122807017543857,0.4334387957818635,0
EICHERMOT,6,0.95,972,108,57,2025-12-16,2026-04-16,0.45614035087719296,0.4642857142857143,0.5230769230769231,0.4594594594594595,0.6071428571428571,17,20,9,11,0.5614035087719298,0.543859649122807,0.0,0.0,0.0,0.0,0.0,0.0,0.0,0.0,0.4594594594594595,0.44999999999999996,0.0,0.6491228070175439,0.3508771929824561,0.7177302527774375,0
HEROMOTOCO,1,0.7,697,77,111,2024-05-16,2025-01-01,0.4954954954954955,0.5256994144437216,0.5625,0.48,0.6792452830188679,36,39,19,17,0.5225225225225225,0.4954954954954955,0.0,0.0,0.0,0.0,0.0,0.0,0.0,0.0,0.48,0.5277777777777778,0.0,0.6756756756756757,0.32432432432432434,1.0,0
HEROMOTOCO,2,0.75,747,83,110,2024-09-16,2025-04-24,0.41818181818181815,0.49932065217391297,0.5492957746478874,0.40625,0.8478260869565217,39,57,7,7,0.4727272727272727,0.41818181818181815,0.0,0.0,0.0,0.0,0.0,0.0,0.0,0.0,0.40625,0.5,0.0,0.8727272727272727,0.12727272727272726,0.15485318447740568,0
HEROMOTOCO,3,0.8,797,88,111,2025-01-03,2025-08-08,0.4954954954954955,0.4804814573845153,0.582089552238806,0.5131578947368421,0.6724137931034483,39,37,16,19,0.44144144144144143,0.5225225225225225,0.0,0.0,0.0,0.0,0.0,0.0,0.0,0.0,0.5131578947368421,0.4571428571428572,0.0,0.6846846846846847,0.3153153153153153,1.0,0
HEROMOTOCO,4,0.85,846,94,111,2025-04-25,2025-12-18,0.5225225225225225,0.45138888888888884,0.6580645161290323,0.5543478260869565,0.8095238095238095,51,41,7,12,0.45045045045045046,0.5585585585585585,0.0,0.0,0.0,0.0,0.0,0.0,0.0,0.0,0.5543478260869565,0.368421052631579,0.0,0.8288288288288288,0.17117117117117117,1.0,0
HEROMOTOCO,5,0.9,897,99,111,2025-08-11,2026-04-16,0.4954954954954955,0.45208604954367665,0.5172413793103449,0.5263157894736842,0.5084745762711864,30,27,25,29,0.5045045045045045,0.46846846846846846,0.0,0.0,0.0,0.0,0.0,0.0,0.0,0.0,0.5263157894736842,0.4629629629629629,0.0,0.5135135135135135,0.4864864864864865,1.0,0
HEROMOTOCO,6,0.95,946,105,56,2025-12-19,2026-04-16,0.44642857142857145,0.38775510204081637,0.45614035087719296,0.4482758620689655,0.4642857142857143,13,16,12,15,0.5535714285714286,0.5535714285714286,0.0,0.0,0.0,0.0,0.0,0.0,0.0,0.0,0.4482758620689655,0.4444444444444444,0.0,0.5178571428571429,0.48214285714285715,1.0,0
BOSCHLTD,1,0.7,782,86,124,2024-01-05,2024-10-01,0.6370967741935484,0.5475386779184248,0.7643979057591623,0.6517857142857143,0.9240506329113924,73,39,6,6,0.5887096774193549,0.6370967741935484,0.0,0.0,0.0,0.0,0.0,0.0,0.0,0.0,0.6517857142857143,0.5,0.0,0.9032258064516129,0.0967741935483871,0.10000660285425449,0
BOSCHLTD,2,0.75,837,93,124,2024-05-31,2025-02-21,0.532258064516129,0.5554106910039114,0.6506024096385542,0.5346534653465347,0.8307692307692308,54,47,12,11,0.47580645161290325,0.5241935483870968,0.0,0.0,0.0,0.0,0.0,0.0,0.0,0.0,0.5346534653465347,0.5217391304347826,0.0,0.8145161290322581,0.18548387096774194,0.13738504699869653,0
BOSCHLTD,3,0.8,893,99,124,2024-10-07,2025-07-22,0.5,0.5140974967061924,0.6593406593406593,0.5309734513274337,0.8695652173913043,60,53,2,9,0.5725806451612904,0.5564516129032258,0.0,0.0,0.0,0.0,0.0,0.0,0.0,0.0,0.5309734513274337,0.18181818181818177,0.0,0.9112903225806451,0.08870967741935484,0.236844528946888,0
BOSCHLTD,4,0.85,949,105,124,2025-02-24,2025-12-01,0.5967741935483871,0.5185185185185185,0.691358024691358,0.6086956521739131,0.8,56,36,18,14,0.5806451612903226,0.5564516129032258,0.0,0.0,0.0,0.0,0.0,0.0,0.0,0.0,0.6086956521739131,0.5625,0.0,0.7419354838709677,0.25806451612903225,0.7372075709507223,0
BOSCHLTD,5,0.9,1005,111,125,2025-07-25,2026-04-16,0.496,0.4517543859649123,0.6037735849056604,0.47058823529411764,0.8421052631578947,48,54,14,9,0.464,0.456,0.0,0.0,0.0,0.0,0.0,0.0,0.0,0.0,0.47058823529411764,0.6086956521739131,0.0,0.816,0.184,1.0,0
BOSCHLTD,6,0.95,1061,117,63,2025-12-03,2026-04-16,0.47619047619047616,0.4026369168356998,0.5822784810126582,0.46,0.7931034482758621,23,27,7,6,0.5079365079365079,0.5079365079365079,0.0,0.0,0.0,0.0,0.0,0.0,0.0,0.0,0.46,0.5384615384615384,0.0,0.7936507936507936,0.20634920634920634,0.3867654396916437,0
MOTHERSON,1,0.7,751,83,119,2024-05-15,2024-12-27,0.453781512605042,0.44139508290451684,0.4715447154471545,0.5087719298245614,0.4393939393939394,29,28,25,37,0.44537815126050423,0.453781512605042,0.0,0.0,0.0,0.0,0.0,0.0,0.0,0.0,0.5087719298245614,0.4032258064516129,0.0,0.4789915966386555,0.5210084033613446,0.30364557113560914,0
MOTHERSON,2,0.75,805,89,119,2024-09-12,2025-04-24,0.453781512605042,0.4792022792022792,0.5517241379310345,0.43956043956043955,0.7407407407407407,40,51,14,14,0.453781512605042,0.453781512605042,0.0,0.0,0.0,0.0,0.0,0.0,0.0,0.0,0.43956043956043955,0.5,0.0,0.7647058823529411,0.23529411764705882,0.16225487760174268,0
MOTHERSON,3,0.8,858,95,119,2024-12-30,2025-08-04,0.4789915966386555,0.5426553672316384,0.6219512195121951,0.4857142857142857,0.864406779661017,51,54,6,8,0.4957983193277311,0.4957983193277311,0.0,0.0,0.0,0.0,0.0,0.0,0.0,0.0,0.4857142857142857,0.4285714285714286,0.0,0.8823529411764706,0.11764705882352941,1.0,0
MOTHERSON,4,0.85,912,101,119,2025-04-25,2025-12-09,0.5378151260504201,0.4595359366157329,0.6857142857142857,0.5309734513274337,0.967741935483871,60,53,4,2,0.48739495798319327,0.5210084033613446,0.0,0.0,0.0,0.0,0.0,0.0,0.0,0.0,0.5309734513274337,0.6666666666666667,0.0,0.9495798319327731,0.05042016806722689,1.0,0
MOTHERSON,5,0.9,965,107,120,2025-08-05,2026-04-16,0.5,0.49416017797552836,0.5238095238095238,0.4852941176470588,0.5689655172413793,33,35,27,25,0.475,0.4666666666666667,0.0,0.0,0.0,0.0,0.0,0.0,0.0,0.0,0.4852941176470588,0.5192307692307692,0.0,0.5666666666666667,0.43333333333333335,0.38409213140822734,0
MOTHERSON,6,0.95,1019,113,60,2025-12-10,2026-04-16,0.4666666666666667,0.5084175084175084,0.5428571428571428,0.4418604651162791,0.7037037037037037,19,24,9,8,0.38333333333333336,0.4166666666666667,0.0,0.0,0.0,0.0,0.0,0.0,0.0,0.0,0.4418604651162791,0.5294117647058824,0.0,0.7166666666666667,0.2833333333333333,0.37092946284502204,0
M&M,1,0.7,697,77,111,2024-05-10,2024-12-16,0.4954954954954955,0.4503968253968254,0.6056338028169014,0.5443037974683544,0.6825396825396826,43,36,12,20,0.4774774774774775,0.5675675675675675,0.0,0.0,0.0,0.0,0.0,0.0,0.0,0.0,0.5443037974683544,0.375,0.0,0.7117117117117117,0.2882882882882883,2.0888143428209496,0
M&M,2,0.75,747,83,110,2024-08-30,2025-04-03,0.42727272727272725,0.3779761904761905,0.5467625899280576,0.4578313253012048,0.6785714285714286,38,45,9,18,0.509090909090909,0.509090909090909,0.0,0.0,0.0,0.0,0.0,0.0,0.0,0.0,0.4578313253012048,0.33333333333333337,0.0,0.7545454545454545,0.24545454545454545,0.49405339003539295,0
M&M,3,0.8,797,88,111,2024-12-18,2025-08-08,0.46846846846846846,0.40107561929595825,0.5874125874125874,0.5,0.711864406779661,42,42,10,17,0.4594594594594595,0.5315315315315315,0.0,0.0,0.0,0.0,0.0,0.0,0.0,0.0,0.5,0.37037037037037035,0.0,0.7567567567567568,0.24324324324324326,0.3876482681950856,0
M&M,4,0.85,846,94,111,2025-04-04,2025-12-04,0.5045045045045045,0.41788563829787234,0.6666666666666666,0.5445544554455446,0.859375,55,46,1,9,0.5495495495495496,0.5765765765765766,0.0,0.0,0.0,0.0,0.0,0.0,0.0,0.0,0.5445544554455446,0.09999999999999998,0.0,0.9099099099099099,0.09009009009009009,1.0,0
M&M,5,0.9,897,99,111,2025-08-11,2026-04-16,0.5225225225225225,0.48538961038961037,0.6490066225165563,0.5157894736842106,0.875,49,46,9,7,0.5315315315315315,0.5045045045045045,0.0,0.0,0.0,0.0,0.0,0.0,0.0,0.0,0.5157894736842106,0.5625,0.0,0.8558558558558559,0.14414414414414414,1.0,0
M&M,6,0.95,946,105,56,2025-12-05,2026-04-16,0.4107142857142857,0.5612903225806452,0.547945205479452,0.4166666666666667,0.8,20,28,3,5,0.5,0.5,0.0,0.0,0.0,0.0,0.0,0.0,0.0,0.0,0.4166666666666667,0.375,0.0,0.8571428571428571,0.14285714285714285,0.7603141014056176,0
EXIDEIND,1,0.7,697,77,111,2024-05-08,2024-12-10,0.5225225225225225,0.5269655620532814,0.624113475177305,0.5238095238095238,0.7719298245614035,44,40,14,13,0.4954954954954955,0.5135135135135135,0.0,0.0,0.0,0.0,0.0,0.0,0.0,0.0,0.5238095238095238,0.5185185185185186,0.0,0.7567567567567568,0.24324324324324326,0.14209389400676836,0
EXIDEIND,2,0.75,747,83,110,2024-09-04,2025-04-07,0.4818181818181818,0.4862080425390496,0.5581395348837209,0.46153846153846156,0.7058823529411765,36,42,17,15,0.4818181818181818,0.4636363636363636,0.0,0.0,0.0,0.0,0.0,0.0,0.0,0.0,0.46153846153846156,0.53125,0.0,0.7090909090909091,0.2909090909090909,0.32671344280530573,0
EXIDEIND,3,0.8,797,88,111,2024-12-11,2025-08-08,0.5225225225225225,0.5198051948051948,0.6394557823129252,0.5164835164835165,0.8392857142857143,47,44,11,9,0.5135135135135135,0.5045045045045045,0.0,0.0,0.0,0.0,0.0,0.0,0.0,0.0,0.5164835164835165,0.55,0.0,0.8198198198198198,0.18018018018018017,1.0,0
EXIDEIND,4,0.85,846,94,111,2025-04-08,2025-12-10,0.5135135135135135,0.4740090968161143,0.6666666666666666,0.5142857142857142,0.9473684210526315,54,51,3,3,0.4774774774774775,0.5135135135135135,0.0,0.0,0.0,0.0,0.0,0.0,0.0,0.0,0.5142857142857142,0.5,0.0,0.9459459459459459,0.05405405405405406,1.0,0
EXIDEIND,5,0.9,897,99,111,2025-08-14,2026-04-16,0.5315315315315315,0.5358788676761026,0.49019607843137253,0.4716981132075472,0.5102040816326531,25,28,34,24,0.6036036036036037,0.44144144144144143,0.0,0.0,0.0,0.0,0.0,0.0,0.0,0.0,0.4716981132075472,0.5862068965517242,0.0,0.4774774774774775,0.5225225225225225,1.0,0
EXIDEIND,6,0.95,946,105,56,2025-12-15,2026-04-16,0.42857142857142855,0.45718050065876153,0.5151515151515151,0.3953488372093023,0.7391304347826086,17,26,7,6,0.5714285714285714,0.44642857142857145,0.0,0.0,0.0,0.0,0.0,0.0,0.0,0.0,0.3953488372093023,0.5384615384615384,0.0,0.7678571428571429,0.23214285714285715,0.39569164183274935,0
DRREDDY,1,0.7,652,72,104,2024-04-16,2024-12-11,0.4807692307692308,0.487606363300037,0.6029411764705882,0.4823529411764706,0.803921568627451,41,44,9,10,0.40384615384615385,0.49038461538461536,0.0,0.0,0.0,0.0,0.0,0.0,0.0,0.0,0.4823529411764706,0.4736842105263158,0.0,0.8173076923076923,0.18269230769230768,0.21698122159372996,0
DRREDDY,2,0.75,699,77,103,2024-08-09,2025-04-04,0.39805825242718446,0.4143939393939394,0.5507246376811594,0.4222222222222222,0.7916666666666666,38,52,3,10,0.44660194174757284,0.46601941747572817,0.0,0.0,0.0,0.0,0.0,0.0,0.0,0.0,0.4222222222222222,0.23076923076923073,0.0,0.8737864077669902,0.1262135922330097,0.10156119386152918,0
DRREDDY,3,0.8,746,82,103,2024-12-13,2025-07-30,0.5825242718446602,0.5503432494279176,0.6993006993006993,0.5813953488372093,0.8771929824561403,50,36,10,7,0.5436893203883495,0.5533980582524272,0.0,0.0,0.0,0.0,0.0,0.0,0.0,0.0,0.5813953488372093,0.5882352941176471,0.0,0.8349514563106796,0.1650485436893204,1.0,0
DRREDDY,4,0.85,792,87,104,2025-04-07,2025-12-01,0.5865384615384616,0.521889400921659,0.6993006993006993,0.6172839506172839,0.8064516129032258,50,31,11,12,0.5769230769230769,0.6153846153846154,0.0,0.0,0.0,0.0,0.0,0.0,0.0,0.0,0.6172839506172839,0.4782608695652174,0.0,0.7788461538461539,0.22115384615384615,1.0,0
DRREDDY,5,0.9,838,93,104,2025-07-31,2026-04-16,0.5673076923076923,0.5239171374764595,0.6715328467153284,0.5897435897435898,0.7796610169491526,46,32,13,13,0.6057692307692307,0.5,0.0,0.0,0.0,0.0,0.0,0.0,0.0,0.0,0.5897435897435898,0.5,0.0,0.75,0.25,0.5186510184190315,0
DRREDDY,6,0.95,885,98,52,2025-12-02,2026-04-16,0.5,0.47321428571428575,0.6486486486486487,0.5217391304347826,0.8571428571428571,24,22,2,4,0.4423076923076923,0.5192307692307693,0.0,0.0,0.0,0.0,0.0,0.0,0.0,0.0,0.5217391304347826,0.33333333333333337,0.0,0.8846153846153846,0.11538461538461539,1.0,0
SUNPHARMA,1,0.7,662,73,105,2024-03-13,2024-11-05,0.44761904761904764,0.47959183673469385,0.4727272727272727,0.5531914893617021,0.4126984126984127,26,21,21,37,0.5333333333333333,0.49523809523809526,0.0,0.0,0.0,0.0,0.0,0.0,0.0,0.0,0.5531914893617021,0.3620689655172413,0.0,0.44761904761904764,0.5523809523809524,1.0,0
SUNPHARMA,2,0.75,710,78,105,2024-07-15,2025-03-11,0.5238095238095238,0.5156023222060959,0.5535714285714286,0.5254237288135594,0.5849056603773585,31,28,24,22,0.5428571428571428,0.5333333333333333,0.0,0.0,0.0,0.0,0.0,0.0,0.0,0.0,0.5254237288135594,0.5217391304347826,0.0,0.5619047619047619,0.4380952380952381,0.2664485041631942,0
SUNPHARMA,3,0.8,756,84,105,2024-11-06,2025-07-15,0.45714285714285713,0.4817251461988304,0.5581395348837209,0.4444444444444444,0.75,36,45,12,12,0.4666666666666667,0.44761904761904764,0.0,0.0,0.0,0.0,0.0,0.0,0.0,0.0,0.4444444444444444,0.5,0.0,0.7714285714285715,0.22857142857142856,0.29858232179430433,0
SUNPHARMA,4,0.85,804,89,105,2025-03-13,2025-12-01,0.6,0.5014738393515108,0.7,0.6049382716049383,0.8305084745762712,49,32,14,10,0.5333333333333333,0.5904761904761905,0.0,0.0,0.0,0.0,0.0,0.0,0.0,0.0,0.6049382716049383,0.5833333333333333,0.0,0.7714285714285715,0.22857142857142856,0.5838460013908111,0
SUNPHARMA,5,0.9,851,94,106,2025-07-17,2026-04-16,0.5849056603773585,0.6160714285714286,0.6451612903225806,0.5882352941176471,0.7142857142857143,40,28,22,16,0.5754716981132075,0.5754716981132075,0.0,0.0,0.0,0.0,0.0,0.0,0.0,0.0,0.5882352941176471,0.5789473684210527,0.0,0.6415094339622641,0.3584905660377358,1.0,0
SUNPHARMA,6,0.95,899,99,53,2025-12-02,2026-04-16,0.6037735849056604,0.6371428571428572,0.5882352941176471,0.5769230769230769,0.6,15,11,17,10,0.6415094339622641,0.49056603773584906,0.0,0.0,0.0,0.0,0.0,0.0,0.0,0.0,0.5769230769230769,0.6296296296296297,0.0,0.49056603773584906,0.5094339622641509,1.0,0
CIPLA,1,0.7,659,73,104,2024-03-22,2024-11-11,0.5,0.5233333333333333,0.5185185185185185,0.4827586206896552,0.56,28,30,24,22,0.5288461538461539,0.5,0.0,0.0,0.0,0.0,0.0,0.0,0.0,0.0,0.4827586206896552,0.5217391304347826,0.0,0.5576923076923077,0.4423076923076923,0.37451092423869575,0
CIPLA,2,0.75,706,78,105,2024-08-05,2025-03-20,0.5523809523809524,0.5301379811183733,0.6466165413533834,0.5443037974683544,0.7962962962962963,43,36,15,11,0.4857142857142857,0.5142857142857142,0.0,0.0,0.0,0.0,0.0,0.0,0.0,0.0,0.5443037974683544,0.5769230769230769,0.0,0.7523809523809524,0.24761904761904763,0.4974638576645743,0
CIPLA,3,0.8,753,83,105,2024-11-12,2025-07-24,0.5047619047619047,0.5307017543859649,0.5737704918032787,0.5384615384615384,0.6140350877192983,35,30,18,22,0.5142857142857142,0.5333333333333333,0.0,0.0,0.0,0.0,0.0,0.0,0.0,0.0,0.5384615384615384,0.44999999999999996,0.0,0.6190476190476191,0.38095238095238093,0.3364791412126099,0
CIPLA,4,0.85,801,88,104,2025-03-24,2025-11-25,0.5384615384615384,0.48995535714285715,0.6521739130434783,0.5487804878048781,0.8035714285714286,45,37,11,11,0.5096153846153846,0.5288461538461539,0.0,0.0,0.0,0.0,0.0,0.0,0.0,0.0,0.5487804878048781,0.5,0.0,0.7884615384615384,0.21153846153846154,0.28942731947359207,0
CIPLA,5,0.9,847,94,105,2025-07-25,2026-04-16,0.49523809523809526,0.5003636363636363,0.5137614678899083,0.4745762711864407,0.56,28,31,24,22,0.4666666666666667,0.4857142857142857,0.0,0.0,0.0,0.0,0.0,0.0,0.0,0.0,0.4745762711864407,0.5217391304347826,0.0,0.5619047619047619,0.4380952380952381,1.0,0
CIPLA,6,0.95,894,99,53,2025-12-01,2026-04-16,0.37735849056603776,0.4530791788856305,0.5074626865671642,0.37777777777777777,0.7727272727272727,17,28,3,5,0.41509433962264153,0.41509433962264153,0.0,0.0,0.0,0.0,0.0,0.0,0.0,0.0,0.37777777777777777,0.375,0.0,0.8490566037735849,0.1509433962264151,0.3681318771665283,0
LUPIN,1,0.7,689,76,109,2024-04-03,2024-11-25,0.5045871559633027,0.504394861392833,0.578125,0.5285714285714286,0.6379310344827587,37,33,18,21,0.5321100917431193,0.5045871559633027,0.0,0.0,0.0,0.0,0.0,0.0,0.0,0.0,0.5285714285714286,0.46153846153846156,0.0,0.6422018348623854,0.3577981651376147,0.3565881921520216,0
LUPIN,2,0.75,738,81,110,2024-08-05,2025-03-13,0.5,0.5459656084656085,0.5801526717557252,0.5066666666666667,0.6785714285714286,38,37,17,18,0.5363636363636364,0.44545454545454544,0.0,0.0,0.0,0.0,0.0,0.0,0.0,0.0,0.5066666666666667,0.48571428571428577,0.0,0.6818181818181818,0.3181818181818182,0.3686557470752719,0
LUPIN,3,0.8,787,87,109,2024-11-26,2025-07-16,0.5229357798165137,0.4345762711864407,0.675,0.5346534653465347,0.9152542372881356,54,47,3,5,0.4954128440366973,0.5412844036697247,0.0,0.0,0.0,0.0,0.0,0.0,0.0,0.0,0.5346534653465347,0.375,0.0,0.926605504587156,0.07339449541284404,1.0,0
LUPIN,4,0.85,837,92,109,2025-03-18,2025-11-07,0.5137614678899083,0.4578272604588395,0.6394557823129252,0.5222222222222223,0.8245614035087719,47,43,9,10,0.5229357798165137,0.5412844036697247,0.0,0.0,0.0,0.0,0.0,0.0,0.0,0.0,0.5222222222222223,0.4736842105263158,0.0,0.8256880733944955,0.1743119266055046,1.0,0
LUPIN,5,0.9,885,98,110,2025-07-17,2026-04-10,0.5,0.5802714333002317,0.6258503401360545,0.5111111111111111,0.8070175438596491,46,44,9,11,0.4909090909090909,0.5181818181818182,0.0,0.0,0.0,0.0,0.0,0.0,0.0,0.0,0.5111111111111111,0.44999999999999996,0.0,0.8181818181818182,0.18181818181818182,0.3440327220951302,0
LUPIN,6,0.95,935,103,55,2025-11-10,2026-04-10,0.5636363636363636,0.45733333333333337,0.6571428571428571,0.575,0.7666666666666667,23,17,8,7,0.41818181818181815,0.4727272727272727,0.0,0.0,0.0,0.0,0.0,0.0,0.0,0.0,0.575,0.5333333333333333,0.0,0.7272727272727273,0.2727272727272727,0.4022556886407882,0
DIVISLAB,1,0.7,766,85,121,2023-11-20,2024-09-18,0.47107438016528924,0.5243228302929795,0.4666666666666667,0.5283018867924528,0.417910447761194,28,25,29,39,0.5289256198347108,0.4462809917355372,0.0,0.0,0.0,0.0,0.0,0.0,0.0,0.0,0.5283018867924528,0.42647058823529416,0.0,0.4380165289256198,0.5619834710743802,0.4344381630474793,0
DIVISLAB,2,0.75,821,91,121,2024-04-24,2025-02-01,0.512396694214876,0.545703338806787,0.549618320610687,0.5294117647058824,0.5714285714285714,36,32,26,27,0.47107438016528924,0.49586776859504134,0.0,0.0,0.0,0.0,0.0,0.0,0.0,0.0,0.5294117647058824,0.49056603773584906,0.0,0.5619834710743802,0.4380165289256198,0.5809796046303534,0
DIVISLAB,3,0.8,875,97,122,2024-09-20,2025-06-26,0.5655737704918032,0.5809139784946237,0.5691056910569106,0.5737704918032787,0.5645161290322581,35,26,34,27,0.5245901639344263,0.5655737704918032,0.0,0.0,0.0,0.0,0.0,0.0,0.0,0.0,0.5737704918032787,0.5573770491803278,0.0,0.5,0.5,1.0,0
DIVISLAB,4,0.85,930,103,122,2025-02-03,2025-11-07,0.5491803278688525,0.536525974025974,0.5801526717557252,0.5846153846153846,0.5757575757575758,38,27,29,28,0.4918032786885246,0.4918032786885246,0.0,0.0,0.0,0.0,0.0,0.0,0.0,0.0,0.5846153846153846,0.5087719298245614,0.0,0.5327868852459017,0.4672131147540984,0.6094657080433228,0
DIVISLAB,5,0.9,985,109,122,2025-06-27,2026-04-16,0.45901639344262296,0.40140086206896547,0.5217391304347826,0.45,0.6206896551724138,36,44,20,22,0.4180327868852459,0.45901639344262296,0.0,0.0,0.0,0.0,0.0,0.0,0.0,0.0,0.45,0.47619047619047616,0.0,0.6557377049180327,0.3442622950819672,0.3952349132855529,0
DIVISLAB,6,0.95,1040,115,61,2025-11-10,2026-04-16,0.4098360655737705,0.44945054945054946,0.4375,0.3684210526315789,0.5384615384615384,14,24,11,12,0.4918032786885246,0.47540983606557374,0.0,0.0,0.0,0.0,0.0,0.0,0.0,0.0,0.3684210526315789,0.4782608695652174,0.0,0.6229508196721312,0.3770491803278688,1.0,0
TORNTPHARM,1,0.7,672,74,106,2024-04-03,2024-12-11,0.4811320754716981,0.4597449908925319,0.5669291338582677,0.5454545454545454,0.5901639344262295,36,30,15,25,0.42452830188679247,0.5188679245283019,0.0,0.0,0.0,0.0,0.0,0.0,0.0,0.0,0.5454545454545454,0.375,0.0,0.6226415094339622,0.37735849056603776,0.17870380356776,0
TORNTPHARM,2,0.75,720,79,107,2024-08-05,2025-04-02,0.4672897196261682,0.46428571428571425,0.5714285714285714,0.4634146341463415,0.7450980392156863,38,44,12,13,0.48598130841121495,0.4953271028037383,0.0,0.0,0.0,0.0,0.0,0.0,0.0,0.0,0.4634146341463415,0.48,0.0,0.7663551401869159,0.2336448598130841,0.18680695253259055,0
TORNTPHARM,3,0.8,767,85,107,2024-12-12,2025-07-25,0.5233644859813084,0.453781512605042,0.6482758620689655,0.5280898876404494,0.8392857142857143,47,42,9,9,0.4953271028037383,0.4953271028037383,0.0,0.0,0.0,0.0,0.0,0.0,0.0,0.0,0.5280898876404494,0.5,0.0,0.8317757009345794,0.16822429906542055,0.3687514467532275,0
TORNTPHARM,4,0.85,816,90,106,2025-04-03,2025-12-03,0.5471698113207547,0.5078571428571428,0.6842105263157895,0.5416666666666666,0.9285714285714286,52,44,6,4,0.5,0.5283018867924528,0.0,0.0,0.0,0.0,0.0,0.0,0.0,0.0,0.5416666666666666,0.6,0.0,0.9056603773584906,0.09433962264150944,1.0,0
TORNTPHARM,5,0.9,864,95,107,2025-07-28,2026-04-16,0.5046728971962616,0.5755244755244755,0.6624203821656051,0.5098039215686274,0.9454545454545454,52,50,2,3,0.5046728971962616,0.514018691588785,0.0,0.0,0.0,0.0,0.0,0.0,0.0,0.0,0.5098039215686274,0.4,0.0,0.9532710280373832,0.04672897196261682,1.0,0
TORNTPHARM,6,0.95,911,101,54,2025-12-05,2026-04-16,0.46296296296296297,0.4166666666666667,0.5671641791044776,0.5135135135135135,0.6333333333333333,19,18,6,11,0.5555555555555556,0.5185185185185185,0.0,0.0,0.0,0.0,0.0,0.0,0.0,0.0,0.5135135135135135,0.3529411764705882,0.0,0.6851851851851852,0.3148148148148148,0.49562240558526677,0
AUROPHARMA,1,0.7,727,80,116,2024-05-10,2024-12-30,0.5517241379310345,0.48750000000000004,0.4222222222222222,0.5588235294117647,0.3392857142857143,19,15,45,37,0.4396551724137931,0.46551724137931033,0.0,0.0,0.0,0.0,0.0,0.0,0.0,0.0,0.5588235294117647,0.5487804878048781,0.0,0.29310344827586204,0.7068965517241379,0.10037703653098368,0
AUROPHARMA,2,0.75,779,86,115,2024-09-10,2025-04-23,0.5130434782608696,0.5049751243781094,0.4166666666666667,0.4166666666666667,0.4166666666666667,20,28,39,28,0.5739130434782609,0.4956521739130435,0.0,0.0,0.0,0.0,0.0,0.0,0.0,0.0,0.4166666666666667,0.582089552238806,0.0,0.41739130434782606,0.5826086956521739,0.5942088373998586,0
AUROPHARMA,3,0.8,831,92,115,2024-12-31,2025-08-14,0.48695652173913045,0.4546004842615012,0.5354330708661418,0.4788732394366197,0.6071428571428571,34,37,22,22,0.46956521739130436,0.48695652173913045,0.0,0.0,0.0,0.0,0.0,0.0,0.0,0.0,0.4788732394366197,0.5,0.0,0.6173913043478261,0.3826086956521739,0.7300456719184203,0
AUROPHARMA,4,0.85,882,98,116,2025-04-24,2025-12-16,0.5344827586206896,0.5313707998810586,0.5344827586206896,0.543859649122807,0.5254237288135594,31,26,31,28,0.49137931034482757,0.45689655172413796,0.0,0.0,0.0,0.0,0.0,0.0,0.0,0.0,0.543859649122807,0.5254237288135593,0.0,0.49137931034482757,0.5086206896551724,1.0,0
AUROPHARMA,5,0.9,935,103,116,2025-08-19,2026-04-16,0.4827586206896552,0.5514157973174366,0.3181818181818182,0.5185185185185185,0.22950819672131148,14,13,42,47,0.4827586206896552,0.5172413793103449,0.0,0.0,0.0,0.0,0.0,0.0,0.0,0.0,0.5185185185185185,0.4719101123595506,0.0,0.23275862068965517,0.7672413793103449,1.0,0
AUROPHARMA,6,0.95,987,109,58,2025-12-17,2026-04-16,0.5,0.5185185185185186,0.35555555555555557,0.5714285714285714,0.25806451612903225,8,6,21,23,0.5517241379310345,0.46551724137931033,0.0,0.0,0.0,0.0,0.0,0.0,0.0,0.0,0.5714285714285714,0.4772727272727273,0.0,0.2413793103448276,0.7586206896551724,1.0,0
ALKEM,1,0.7,680,75,108,2024-04-05,2024-11-11,0.5277777777777778,0.5921097770154373,0.49504950495049505,0.5434782608695652,0.45454545454545453,25,21,32,30,0.5092592592592593,0.48148148148148145,0.0,0.0,0.0,0.0,0.0,0.0,0.0,0.0,0.5434782608695652,0.5161290322580645,0.0,0.42592592592592593,0.5740740740740741,0.2964058816421682,0
ALKEM,2,0.75,729,80,108,2024-07-29,2025-03-10,0.5092592592592593,0.5516295025728988,0.5826771653543307,0.5,0.6981132075471698,37,37,18,16,0.5185185185185185,0.5370370370370371,0.0,0.0,0.0,0.0,0.0,0.0,0.0,0.0,0.5,0.5294117647058824,0.0,0.6851851851851852,0.3148148148148148,0.36606122696354026,0
ALKEM,3,0.8,777,86,108,2024-11-12,2025-07-10,0.5,0.5281909373919059,0.5263157894736842,0.46153846153846156,0.6122448979591837,30,35,24,19,0.5,0.5,0.0,0.0,0.0,0.0,0.0,0.0,0.0,0.0,0.46153846153846156,0.5581395348837209,0.0,0.6018518518518519,0.39814814814814814,0.45025669821563347,0
ALKEM,4,0.85,826,91,108,2025-03-11,2025-12-08,0.5462962962962963,0.4852335164835165,0.6524822695035462,0.5411764705882353,0.8214285714285714,46,39,13,10,0.5462962962962963,0.5092592592592593,0.0,0.0,0.0,0.0,0.0,0.0,0.0,0.0,0.5411764705882353,0.5652173913043479,0.0,0.7870370370370371,0.21296296296296297,0.1778699622235787,0
ALKEM,5,0.9,874,97,108,2025-07-11,2026-04-10,0.5462962962962963,0.5408093278463648,0.6016260162601627,0.5362318840579711,0.6851851851851852,37,32,22,17,0.5277777777777778,0.5740740740740741,0.0,0.0,0.0,0.0,0.0,0.0,0.0,0.0,0.5362318840579711,0.5641025641025641,0.0,0.6388888888888888,0.3611111111111111,1.5756591613227673,0
ALKEM,6,0.95,923,102,54,2025-12-09,2026-04-10,0.5370370370370371,0.5083333333333333,0.5098039215686274,0.48148148148148145,0.5416666666666666,13,14,16,11,0.5,0.5555555555555556,0.0,0.0,0.0,0.0,0.0,0.0,0.0,0.0,0.48148148148148145,0.5925925925925926,0.0,0.5,0.5,1.0,0
NESTLEIND,1,0.7,629,69,100,2024-05-08,2025-01-01,0.44,0.3988,0.5757575757575758,0.4634146341463415,0.76,38,44,6,12,0.45,0.43,0.0,0.0,0.0,0.0,0.0,0.0,0.0,0.0,0.4634146341463415,0.33333333333333337,0.0,0.82,0.18,0.14643402034737707,0
NESTLEIND,2,0.75,674,74,100,2024-09-06,2025-05-08,0.51,0.4909674829385789,0.6201550387596899,0.4878048780487805,0.851063829787234,40,42,11,7,0.51,0.55,0.0,0.0,0.0,0.0,0.0,0.0,0.0,0.0,0.4878048780487805,0.6111111111111112,0.0,0.82,0.18,0.4723723018491415,0
NESTLEIND,3,0.8,719,79,100,2025-01-03,2025-08-14,0.49,0.5814325730292116,0.6382978723404256,0.5,0.8823529411764706,45,45,4,6,0.56,0.51,0.0,0.0,0.0,0.0,0.0,0.0,0.0,0.0,0.5,0.4,0.0,0.9,0.1,1.0,0
NESTLEIND,4,0.85,764,84,100,2025-05-09,2025-12-18,0.53,0.558623449379752,0.6666666666666666,0.5108695652173914,0.9591836734693877,47,45,6,2,0.46,0.49,0.0,0.0,0.0,0.0,0.0,0.0,0.0,0.0,0.5108695652173914,0.75,0.0,0.92,0.08,1.0,0
NESTLEIND,5,0.9,809,89,100,2025-08-19,2026-04-16,0.47,0.49118589743589747,0.5137614678899083,0.45901639344262296,0.5833333333333334,28,33,19,20,0.41,0.46,0.0,0.0,0.0,0.0,0.0,0.0,0.0,0.0,0.45901639344262296,0.4871794871794872,0.0,0.61,0.39,0.4823565627217342,0
NESTLEIND,6,0.95,854,94,50,2025-12-19,2026-04-16,0.58,0.5952000000000001,0.5882352941176471,0.5769230769230769,0.6,15,11,14,10,0.6,0.54,0.0,0.0,0.0,0.0,0.0,0.0,0.0,0.0,0.5769230769230769,0.5833333333333333,0.0,0.52,0.48,1.0,0
ITC,1,0.7,646,71,103,2024-02-22,2024-10-24,0.5145631067961165,0.5196078431372549,0.5614035087719298,0.5161290322580645,0.6153846153846154,32,30,21,20,0.6213592233009708,0.5145631067961165,0.0,0.0,0.0,0.0,0.0,0.0,0.0,0.0,0.5161290322580645,0.5121951219512195,0.0,0.6019417475728155,0.39805825242718446,0.317495483620234,0
ITC,2,0.75,692,76,103,2024-07-02,2025-03-06,0.44660194174757284,0.5678160919540229,0.5289256198347108,0.42105263157894735,0.7111111111111111,32,44,14,13,0.5631067961165048,0.47572815533980584,0.0,0.0,0.0,0.0,0.0,0.0,0.0,0.0,0.42105263157894735,0.5185185185185186,0.0,0.7378640776699029,0.2621359223300971,0.26916025551985445,0
ITC,3,0.8,738,82,102,2024-10-28,2025-07-31,0.5588235294117647,0.5217391304347826,0.5945945945945946,0.5076923076923077,0.717391304347826,33,32,24,13,0.5490196078431373,0.49019607843137253,0.0,0.0,0.0,0.0,0.0,0.0,0.0,0.0,0.5076923076923077,0.6486486486486487,0.0,0.6372549019607843,0.3627450980392157,0.5844702574739721,0
ITC,4,0.85,784,87,102,2025-03-11,2025-12-11,0.47058823529411764,0.46461538461538465,0.5714285714285714,0.4864864864864865,0.6923076923076923,36,38,12,16,0.43137254901960786,0.4803921568627451,0.0,0.0,0.0,0.0,0.0,0.0,0.0,0.0,0.4864864864864865,0.4285714285714286,0.0,0.7254901960784313,0.27450980392156865,0.7755653269076868,0
ITC,5,0.9,830,92,103,2025-08-04,2026-04-16,0.5339805825242718,0.5550387596899226,0.5555555555555556,0.46153846153846156,0.6976744186046512,30,35,25,13,0.5048543689320388,0.44660194174757284,0.0,0.0,0.0,0.0,0.0,0.0,0.0,0.0,0.46153846153846156,0.6578947368421053,0.0,0.6310679611650486,0.36893203883495146,1.0,0
ITC,6,0.95,876,97,52,2025-12-12,2026-04-16,0.6730769230769231,0.5725677830940988,0.48484848484848486,0.5714285714285714,0.42105263157894735,8,6,27,11,0.5192307692307693,0.6346153846153846,0.0,0.0,0.0,0.0,0.0,0.0,0.0,0.0,0.5714285714285714,0.7105263157894737,0.0,0.2692307692307692,0.7307692307692307,1.0,0
HINDUNILVR,1,0.7,635,70,101,2024-05-09,2025-01-07,0.6138613861386139,0.6025943396226415,0.6213592233009708,0.5818181818181818,0.6666666666666666,32,23,30,16,0.5841584158415841,0.6138613861386139,0.0,0.0,0.0,0.0,0.0,0.0,0.0,0.0,0.5818181818181818,0.6521739130434783,0.0,0.5445544554455446,0.45544554455445546,0.3375629130779862,0
HINDUNILVR,2,0.75,681,75,100,2024-09-11,2025-05-13,0.54,0.6440677966101694,0.5818181818181818,0.463768115942029,0.7804878048780488,32,37,22,9,0.59,0.48,0.0,0.0,0.0,0.0,0.0,0.0,0.0,0.0,0.463768115942029,0.7096774193548387,0.0,0.69,0.31,0.2034518401190919,0
HINDUNILVR,3,0.8,726,80,101,2025-01-08,2025-08-25,0.4752475247524752,0.46509803921568627,0.5619834710743802,0.4857142857142857,0.6666666666666666,34,36,14,17,0.504950495049505,0.504950495049505,0.0,0.0,0.0,0.0,0.0,0.0,0.0,0.0,0.4857142857142857,0.4516129032258065,0.0,0.693069306930693,0.3069306930693069,0.1154627707619979,0
HINDUNILVR,4,0.85,771,85,101,2025-05-15,2025-12-22,0.5346534653465347,0.5156862745098039,0.6050420168067226,0.5294117647058824,0.7058823529411765,36,32,18,15,0.504950495049505,0.5742574257425742,0.0,0.0,0.0,0.0,0.0,0.0,0.0,0.0,0.5294117647058824,0.5454545454545454,0.0,0.6732673267326733,0.32673267326732675,1.0,0
HINDUNILVR,5,0.9,817,90,101,2025-08-26,2026-04-16,0.5247524752475248,0.5366430260047281,0.5294117647058824,0.4909090909090909,0.574468085106383,27,28,26,20,0.5346534653465347,0.48514851485148514,0.0,0.0,0.0,0.0,0.0,0.0,0.0,0.0,0.4909090909090909,0.5652173913043479,0.0,0.5445544554455446,0.45544554455445546,0.10000660285425449,0
HINDUNILVR,6,0.95,862,95,51,2025-12-23,2026-04-16,0.49019607843137253,0.47049689440993786,0.48,0.4444444444444444,0.5217391304347826,12,15,13,11,0.5294117647058824,0.43137254901960786,0.0,0.0,0.0,0.0,0.0,0.0,0.0,0.0,0.4444444444444444,0.5416666666666667,0.0,0.5294117647058824,0.47058823529411764,0.4276160011248828,0
BRITANNIA,1,0.7,621,68,99,2024-05-24,2025-01-13,0.5454545454545454,0.5159967186218212,0.6017699115044248,0.5666666666666667,0.6415094339622641,34,26,20,19,0.494949494949495,0.5757575757575758,0.0,0.0,0.0,0.0,0.0,0.0,0.0,0.0,0.5666666666666667,0.5128205128205128,0.0,0.6060606060606061,0.3939393939393939,0.10000660285425449,0
BRITANNIA,2,0.75,665,73,99,2024-09-16,2025-05-07,0.5959595959595959,0.6248979591836734,0.6825396825396826,0.5657894736842105,0.86,43,33,16,7,0.6060606060606061,0.6161616161616161,0.0,0.0,0.0,0.0,0.0,0.0,0.0,0.0,0.5657894736842105,0.6956521739130435,0.0,0.7676767676767676,0.23232323232323232,0.43858073524681696,0
BRITANNIA,3,0.8,710,78,98,2025-01-15,2025-08-20,0.5306122448979592,0.5653276955602538,0.6515151515151515,0.5584415584415584,0.7818181818181819,43,34,9,12,0.5408163265306123,0.5510204081632653,0.0,0.0,0.0,0.0,0.0,0.0,0.0,0.0,0.5584415584415584,0.4285714285714286,0.0,0.7857142857142857,0.21428571428571427,1.0,0
BRITANNIA,4,0.85,754,83,98,2025-05-08,2025-12-15,0.46938775510204084,0.46043771043771037,0.5272727272727272,0.5178571428571429,0.5370370370370371,29,27,17,25,0.41836734693877553,0.46938775510204084,0.0,0.0,0.0,0.0,0.0,0.0,0.0,0.0,0.5178571428571429,0.40476190476190477,0.0,0.5714285714285714,0.42857142857142855,0.6287582439425229,0
BRITANNIA,5,0.9,798,88,99,2025-08-21,2026-04-16,0.5252525252525253,0.5306372549019608,0.591304347826087,0.53125,0.6666666666666666,34,30,18,17,0.5151515151515151,0.5959595959595959,0.0,0.0,0.0,0.0,0.0,0.0,0.0,0.0,0.53125,0.5142857142857142,0.0,0.6464646464646465,0.35353535353535354,0.31855713047437445,0
BRITANNIA,6,0.95,842,93,50,2025-12-16,2026-04-16,0.54,0.5056,0.6229508196721312,0.5277777777777778,0.76,19,17,8,6,0.54,0.52,0.0,0.0,0.0,0.0,0.0,0.0,0.0,0.0,0.5277777777777778,0.5714285714285714,0.0,0.72,0.28,0.14114046580363898,0
TATACONSUM,1,0.7,696,77,111,2024-03-27,2024-12-09,0.5675675675675675,0.5870695256660169,0.29411764705882354,0.7142857142857143,0.18518518518518517,10,4,53,44,0.4774774774774775,0.5225225225225225,0.0,0.0,0.0,0.0,0.0,0.0,0.0,0.0,0.7142857142857143,0.5463917525773196,0.0,0.12612612612612611,0.8738738738738738,1.0,0
TATACONSUM,2,0.75,746,82,111,2024-08-09,2025-04-04,0.5225225225225225,0.498051948051948,0.5391304347826087,0.5254237288135594,0.5535714285714286,31,28,27,25,0.5135135135135135,0.5135135135135135,0.0,0.0,0.0,0.0,0.0,0.0,0.0,0.0,0.5254237288135594,0.5192307692307692,0.0,0.5315315315315315,0.46846846846846846,0.4499678640060651,0
TATACONSUM,3,0.8,796,88,110,2024-12-10,2025-07-29,0.45454545454545453,0.3793445878848063,0.5384615384615384,0.4794520547945205,0.6140350877192983,35,38,15,22,0.4636363636363636,0.4636363636363636,0.0,0.0,0.0,0.0,0.0,0.0,0.0,0.0,0.4794520547945205,0.4054054054054054,0.0,0.6636363636363637,0.33636363636363636,0.6413429168796186,0
TATACONSUM,4,0.85,846,93,110,2025-04-07,2025-12-05,0.4727272727272727,0.4945454545454545,0.6133333333333333,0.4842105263157895,0.8363636363636363,46,49,6,9,0.4909090909090909,0.5636363636363636,0.0,0.0,0.0,0.0,0.0,0.0,0.0,0.0,0.4842105263157895,0.4,0.0,0.8636363636363636,0.13636363636363635,0.44296317240844646,0
TATACONSUM,5,0.9,895,99,111,2025-08-04,2026-04-16,0.5045045045045045,0.5289525048796356,0.5528455284552846,0.5230769230769231,0.5862068965517241,34,31,22,24,0.5495495495495496,0.4774774774774775,0.0,0.0,0.0,0.0,0.0,0.0,0.0,0.0,0.5230769230769231,0.4782608695652174,0.0,0.5855855855855856,0.4144144144144144,1.0,0
TATACONSUM,6,0.95,945,104,56,2025-12-09,2026-04-16,0.5178571428571429,0.4431673052362708,0.6493506493506493,0.5208333333333334,0.8620689655172413,25,23,4,4,0.5357142857142857,0.5178571428571429,0.0,0.0,0.0,0.0,0.0,0.0,0.0,0.0,0.5208333333333334,0.5,0.0,0.8571428571428571,0.14285714285714285,1.0,0
MARICO,1,0.7,661,73,105,2024-05-06,2024-12-09,0.5238095238095238,0.5348495964783565,0.5370370370370371,0.58,0.5,29,21,26,29,0.47619047619047616,0.580952380952381,0.0,0.0,0.0,0.0,0.0,0.0,0.0,0.0,0.58,0.4727272727272728,0.0,0.47619047619047616,0.5238095238095238,1.0,0
MARICO,2,0.75,708,78,105,2024-08-22,2025-03-28,0.5142857142857142,0.4978134110787172,0.5321100917431193,0.48333333333333334,0.5918367346938775,29,31,25,20,0.5238095238095238,0.4666666666666667,0.0,0.0,0.0,0.0,0.0,0.0,0.0,0.0,0.48333333333333334,0.5555555555555556,0.0,0.5714285714285714,0.42857142857142855,0.33118896366027933,0
MARICO,3,0.8,756,83,105,2024-12-10,2025-08-01,0.4857142857142857,0.5163280116110305,0.509090909090909,0.49122807017543857,0.5283018867924528,28,29,23,25,0.5619047619047619,0.45714285714285713,0.0,0.0,0.0,0.0,0.0,0.0,0.0,0.0,0.49122807017543857,0.47916666666666663,0.0,0.5428571428571428,0.45714285714285713,0.5680783214195816,0
MARICO,4,0.85,802,89,105,2025-04-02,2025-12-03,0.4666666666666667,0.5328947368421053,0.5555555555555556,0.44871794871794873,0.7291666666666666,35,43,14,13,0.4857142857142857,0.45714285714285713,0.0,0.0,0.0,0.0,0.0,0.0,0.0,0.0,0.44871794871794873,0.5185185185185186,0.0,0.7428571428571429,0.2571428571428571,1.0,0
MARICO,5,0.9,850,94,105,2025-08-04,2026-04-16,0.4666666666666667,0.4867354458364038,0.5,0.42424242424242425,0.6086956521739131,28,38,21,18,0.4380952380952381,0.4,0.0,0.0,0.0,0.0,0.0,0.0,0.0,0.0,0.42424242424242425,0.5384615384615384,0.0,0.6285714285714286,0.37142857142857144,0.3189275516665036,0
MARICO,6,0.95,897,99,53,2025-12-04,2026-04-16,0.4716981132075472,0.45584045584045585,0.5,0.4666666666666667,0.5384615384615384,14,16,11,12,0.4716981132075472,0.49056603773584906,0.0,0.0,0.0,0.0,0.0,0.0,0.0,0.0,0.4666666666666667,0.4782608695652174,0.0,0.5660377358490566,0.4339622641509434,1.0,0
RELIANCE,1,0.7,668,74,106,2024-03-27,2024-12-02,0.5283018867924528,0.5224358974358975,0.4791666666666667,0.5476190476190477,0.42592592592592593,23,19,33,31,0.5754716981132075,0.49056603773584906,0.0,0.0,0.0,0.0,0.0,0.0,0.0,0.0,0.5476190476190477,0.515625,0.0,0.39622641509433965,0.6037735849056604,0.5395319878378138,0
RELIANCE,2,0.75,716,79,106,2024-08-02,2025-03-13,0.42452830188679247,0.45293905517490085,0.512,0.41025641025641024,0.6808510638297872,32,46,13,15,0.5377358490566038,0.4528301886792453,0.0,0.0,0.0,0.0,0.0,0.0,0.0,0.0,0.41025641025641024,0.4642857142857143,0.0,0.7358490566037735,0.2641509433962264,0.3243053090220638,0
RELIANCE,3,0.8,764,84,106,2024-12-03,2025-07-11,0.4811320754716981,0.4896428571428571,0.5669291338582677,0.4675324675324675,0.72,36,41,15,14,0.5094339622641509,0.4811320754716981,0.0,0.0,0.0,0.0,0.0,0.0,0.0,0.0,0.4675324675324675,0.5172413793103448,0.0,0.7264150943396226,0.27358490566037735,0.4062723845785982,0
RELIANCE,4,0.85,811,90,106,2025-03-18,2025-12-02,0.5754716981132075,0.5838376646493414,0.5631067961165048,0.58,0.5471698113207547,29,21,32,24,0.5377358490566038,0.5188679245283019,0.0,0.0,0.0,0.0,0.0,0.0,0.0,0.0,0.58,0.5714285714285714,0.0,0.4716981132075472,0.5283018867924528,1.0,0
RELIANCE,5,0.9,859,95,106,2025-07-16,2026-04-16,0.49056603773584906,0.45762108262108264,0.509090909090909,0.4827586206896552,0.5384615384615384,28,30,24,24,0.49056603773584906,0.5471698113207547,0.0,0.0,0.0,0.0,0.0,0.0,0.0,0.0,0.4827586206896552,0.5,0.0,0.5471698113207547,0.4528301886792453,1.0,0
RELIANCE,6,0.95,907,100,53,2025-12-08,2026-04-16,0.49056603773584906,0.5783475783475783,0.49056603773584906,0.5,0.48148148148148145,13,13,13,14,0.4716981132075472,0.4716981132075472,0.0,0.0,0.0,0.0,0.0,0.0,0.0,0.0,0.5,0.4814814814814815,0.0,0.49056603773584906,0.5094339622641509,0.13851162043986798,0
COLPAL,1,0.7,656,72,104,2024-05-23,2025-01-14,0.5961538461538461,0.5391465677179963,0.6956521739130435,0.5783132530120482,0.8727272727272727,48,35,14,7,0.5288461538461539,0.5384615384615384,0.0,0.0,0.0,0.0,0.0,0.0,0.0,0.0,0.5783132530120482,0.6666666666666667,0.0,0.7980769230769231,0.20192307692307693,0.10000660285425449,0
COLPAL,2,0.75,702,78,104,2024-09-27,2025-04-22,0.4326923076923077,0.48030303030303034,0.556390977443609,0.4157303370786517,0.8409090909090909,37,52,8,7,0.49038461538461536,0.4230769230769231,0.0,0.0,0.0,0.0,0.0,0.0,0.0,0.0,0.4157303370786517,0.5333333333333333,0.0,0.8557692307692307,0.14423076923076922,0.20816785235609017,0
COLPAL,3,0.8,749,83,104,2025-01-15,2025-08-12,0.4807692307692308,0.5260416666666667,0.5846153846153846,0.4634146341463415,0.7916666666666666,38,44,12,10,0.46153846153846156,0.47115384615384615,0.0,0.0,0.0,0.0,0.0,0.0,0.0,0.0,0.4634146341463415,0.5454545454545454,0.0,0.7884615384615384,0.21153846153846154,1.0,0
COLPAL,4,0.85,796,88,104,2025-04-23,2025-12-09,0.5192307692307693,0.5296752519596865,0.576271186440678,0.4788732394366197,0.723404255319149,34,37,20,13,0.5096153846153846,0.5096153846153846,0.0,0.0,0.0,0.0,0.0,0.0,0.0,0.0,0.4788732394366197,0.6060606060606061,0.0,0.6826923076923077,0.3173076923076923,1.0,0
COLPAL,5,0.9,843,93,105,2025-08-13,2026-04-16,0.49523809523809526,0.5029154518950437,0.5891472868217055,0.475,0.7755102040816326,38,42,14,11,0.4380952380952381,0.5047619047619047,0.0,0.0,0.0,0.0,0.0,0.0,0.0,0.0,0.475,0.56,0.0,0.7619047619047619,0.23809523809523808,1.0,0
COLPAL,6,0.95,890,98,53,2025-12-10,2026-04-16,0.41509433962264153,0.4943019943019944,0.4918032786885246,0.42857142857142855,0.5769230769230769,15,20,7,11,0.4339622641509434,0.4716981132075472,0.0,0.0,0.0,0.0,0.0,0.0,0.0,0.0,0.42857142857142855,0.38888888888888884,0.0,0.660377358490566,0.33962264150943394,0.5614983399015077,0
GODREJCP,1,0.7,700,77,111,2024-04-30,2024-12-05,0.4954954954954955,0.4754098360655738,0.5,0.45161290322580644,0.56,28,34,27,22,0.5045045045045045,0.46846846846846846,0.0,0.0,0.0,0.0,0.0,0.0,0.0,0.0,0.45161290322580644,0.5510204081632653,0.0,0.5585585585585585,0.44144144144144143,0.5728139240727315,0
GODREJCP,2,0.75,749,83,111,2024-08-21,2025-04-03,0.38738738738738737,0.4168946648426813,0.4426229508196721,0.34177215189873417,0.627906976744186,27,52,16,16,0.40540540540540543,0.42342342342342343,0.0,0.0,0.0,0.0,0.0,0.0,0.0,0.0,0.34177215189873417,0.5,0.0,0.7117117117117117,0.2882882882882883,2.1859978672078304,0
GODREJCP,3,0.8,800,88,111,2024-12-06,2025-08-08,0.45045045045045046,0.4607712765957447,0.5413533834586466,0.4186046511627907,0.7659574468085106,36,50,14,11,0.5405405405405406,0.42342342342342343,0.0,0.0,0.0,0.0,0.0,0.0,0.0,0.0,0.4186046511627907,0.56,0.0,0.7747747747747747,0.22522522522522523,1.0,0
GODREJCP,4,0.85,849,94,111,2025-04-07,2025-12-11,0.5045045045045045,0.5104098893949253,0.5925925925925926,0.4878048780487805,0.7547169811320755,40,42,16,13,0.4864864864864865,0.4774774774774775,0.0,0.0,0.0,0.0,0.0,0.0,0.0,0.0,0.4878048780487805,0.5517241379310345,0.0,0.7387387387387387,0.26126126126126126,1.0,0
GODREJCP,5,0.9,900,99,111,2025-08-13,2026-04-16,0.4774774774774775,0.4699346405228758,0.5084745762711864,0.5172413793103449,0.5,30,28,23,30,0.4864864864864865,0.4594594594594595,0.0,0.0,0.0,0.0,0.0,0.0,0.0,0.0,0.5172413793103449,0.4339622641509434,0.0,0.5225225225225225,0.4774774774774775,1.671966067157931,0
GODREJCP,6,0.95,949,105,56,2025-12-12,2026-04-16,0.4642857142857143,0.41536458333333337,0.3181818181818182,0.5833333333333334,0.21875,7,5,19,25,0.4642857142857143,0.42857142857142855,0.0,0.0,0.0,0.0,0.0,0.0,0.0,0.0,0.5833333333333334,0.43181818181818177,0.0,0.21428571428571427,0.7857142857142857,0.6919603267256684,0
ONGC,1,0.7,723,80,115,2024-04-02,2024-12-03,0.46956521739130436,0.4599271402550091,0.5271317829457365,0.4533333333333333,0.6296296296296297,34,41,20,20,0.48695652173913045,0.4434782608695652,0.0,0.0,0.0,0.0,0.0,0.0,0.0,0.0,0.4533333333333333,0.5,0.0,0.6521739130434783,0.34782608695652173,0.2804569999127549,0
ONGC,2,0.75,775,86,114,2024-08-13,2025-03-13,0.5,0.5220779220779221,0.5511811023622047,0.42168674698795183,0.7954545454545454,35,48,22,9,0.543859649122807,0.38596491228070173,0.0,0.0,0.0,0.0,0.0,0.0,0.0,0.0,0.42168674698795183,0.7096774193548387,0.0,0.7280701754385965,0.2719298245614035,0.35411088229102433,0
ONGC,3,0.8,827,91,115,2024-12-05,2025-07-10,0.6,0.5541767554479419,0.6567164179104478,0.5641025641025641,0.7857142857142857,44,34,25,12,0.591304347826087,0.5826086956521739,0.0,0.0,0.0,0.0,0.0,0.0,0.0,0.0,0.5641025641025641,0.6756756756756757,0.0,0.6782608695652174,0.3217391304347826,1.0,0
ONGC,4,0.85,878,97,115,2025-03-18,2025-12-03,0.5130434782608696,0.5103217972070431,0.5942028985507246,0.5324675324675324,0.6721311475409836,41,36,18,20,0.46956521739130436,0.5739130434782609,0.0,0.0,0.0,0.0,0.0,0.0,0.0,0.0,0.5324675324675324,0.4736842105263158,0.0,0.6695652173913044,0.33043478260869563,1.0,0
ONGC,5,0.9,930,103,115,2025-07-11,2026-04-16,0.5478260869565217,0.5468654899573951,0.559322033898305,0.5892857142857143,0.532258064516129,33,23,30,29,0.4608695652173913,0.4608695652173913,0.0,0.0,0.0,0.0,0.0,0.0,0.0,0.0,0.5892857142857143,0.5084745762711864,0.0,0.48695652173913045,0.5130434782608696,1.0,0
ONGC,6,0.95,981,109,58,2025-12-04,2026-04-16,0.4482758620689655,0.463030303030303,0.42857142857142855,0.5217391304347826,0.36363636363636365,12,11,14,21,0.39655172413793105,0.5172413793103449,0.0,0.0,0.0,0.0,0.0,0.0,0.0,0.0,0.5217391304347826,0.4,0.0,0.39655172413793105,0.603448275862069,1.0,0
NTPC,1,0.7,691,76,110,2024-04-19,2024-11-08,0.5454545454545454,0.5,0.6794871794871795,0.5638297872340425,0.8548387096774194,53,41,7,9,0.5,0.5636363636363636,0.0,0.0,0.0,0.0,0.0,0.0,0.0,0.0,0.5638297872340425,0.4375,0.0,0.8545454545454545,0.14545454545454545,0.22631734861200908,0
NTPC,2,0.75,740,82,110,2024-08-06,2025-03-06,0.5181818181818182,0.4108090185676392,0.6580645161290323,0.49514563106796117,0.9807692307692307,51,52,6,1,0.44545454545454544,0.4727272727272727,0.0,0.0,0.0,0.0,0.0,0.0,0.0,0.0,0.49514563106796117,0.8571428571428572,0.0,0.9363636363636364,0.06363636363636363,0.23604244895199306,0
NTPC,3,0.8,790,87,110,2024-11-11,2025-07-28,0.42727272727272725,0.3906666666666666,0.5531914893617021,0.42857142857142855,0.78,39,52,8,11,0.4090909090909091,0.45454545454545453,0.0,0.0,0.0,0.0,0.0,0.0,0.0,0.0,0.42857142857142855,0.42105263157894735,0.0,0.8272727272727273,0.17272727272727273,0.4048463894828574,0
NTPC,4,0.85,839,93,110,2025-03-12,2025-12-05,0.5,0.5185185185185186,0.6099290780141844,0.4942528735632184,0.7962962962962963,43,44,12,11,0.5545454545454546,0.4909090909090909,0.0,0.0,0.0,0.0,0.0,0.0,0.0,0.0,0.4942528735632184,0.5217391304347826,0.0,0.7909090909090909,0.20909090909090908,1.0,0
NTPC,5,0.9,889,98,110,2025-07-29,2026-04-16,0.5545454545454546,0.543369890329013,0.6666666666666666,0.5568181818181818,0.8305084745762712,49,39,12,10,0.5545454545454546,0.5363636363636364,0.0,0.0,0.0,0.0,0.0,0.0,0.0,0.0,0.5568181818181818,0.5454545454545454,0.0,0.8,0.2,1.0,0
NTPC,6,0.95,938,104,55,2025-12-09,2026-04-16,0.6363636363636364,0.6008064516129032,0.7142857142857143,0.6410256410256411,0.8064516129032258,25,14,10,6,0.5818181818181818,0.5636363636363636,0.0,0.0,0.0,0.0,0.0,0.0,0.0,0.0,0.6410256410256411,0.625,0.0,0.7090909090909091,0.2909090909090909,1.0,0
BPCL,1,0.7,718,79,114,2024-04-24,2024-12-06,0.5175438596491229,0.506436420722135,0.5217391304347826,0.6,0.46153846153846156,30,20,29,35,0.5087719298245614,0.5087719298245614,0.0,0.0,0.0,0.0,0.0,0.0,0.0,0.0,0.6,0.453125,0.0,0.43859649122807015,0.5614035087719298,0.361370486475355,0
BPCL,2,0.75,769,85,114,2024-08-13,2025-03-27,0.45614035087719296,0.4493690366266544,0.5866666666666667,0.4731182795698925,0.7719298245614035,44,49,8,13,0.4298245614035088,0.5350877192982456,0.0,0.0,0.0,0.0,0.0,0.0,0.0,0.0,0.4731182795698925,0.38095238095238093,0.0,0.8157894736842105,0.18421052631578946,0.17642444972343677,0
BPCL,3,0.8,820,91,114,2024-12-10,2025-07-28,0.4473684210526316,0.48499845344880915,0.4878048780487805,0.4838709677419355,0.4918032786885246,30,32,21,31,0.5175438596491229,0.45614035087719296,0.0,0.0,0.0,0.0,0.0,0.0,0.0,0.0,0.4838709677419355,0.40384615384615385,0.0,0.543859649122807,0.45614035087719296,0.32322795284571454,0
BPCL,4,0.85,872,96,114,2025-03-28,2025-12-01,0.4473684210526316,0.499384236453202,0.5714285714285714,0.47191011235955055,0.7241379310344828,42,47,9,16,0.5526315789473685,0.5087719298245614,0.0,0.0,0.0,0.0,0.0,0.0,0.0,0.0,0.47191011235955055,0.36,0.0,0.7807017543859649,0.21929824561403508,0.5878555925768152,0
BPCL,5,0.9,923,102,114,2025-07-29,2026-04-16,0.47368421052631576,0.5210918114143921,0.589041095890411,0.4574468085106383,0.8269230769230769,43,51,11,9,0.5526315789473685,0.45614035087719296,0.0,0.0,0.0,0.0,0.0,0.0,0.0,0.0,0.4574468085106383,0.55,0.0,0.8245614035087719,0.17543859649122806,0.4062920145408337,0
BPCL,6,0.95,974,108,57,2025-12-03,2026-04-16,0.43859649122807015,0.40624999999999994,0.5294117647058824,0.4186046511627907,0.72,18,25,7,7,0.49122807017543857,0.43859649122807015,0.0,0.0,0.0,0.0,0.0,0.0,0.0,0.0,0.4186046511627907,0.5,0.0,0.7543859649122807,0.24561403508771928,0.10000660285425449,0
POWERGRID,1,0.7,684,76,108,2024-03-22,2024-11-11,0.5092592592592593,0.47604166666666664,0.6187050359712231,0.5443037974683544,0.7166666666666667,43,36,12,17,0.5648148148148148,0.6203703703703703,0.0,0.0,0.0,0.0,0.0,0.0,0.0,0.0,0.5443037974683544,0.4137931034482759,0.0,0.7314814814814815,0.26851851851851855,0.17750486118480202,0
POWERGRID,2,0.75,733,81,109,2024-07-26,2025-03-06,0.45871559633027525,0.5250847457627118,0.593103448275862,0.45263157894736844,0.86,43,52,7,7,0.5137614678899083,0.45871559633027525,0.0,0.0,0.0,0.0,0.0,0.0,0.0,0.0,0.45263157894736844,0.5,0.0,0.8715596330275229,0.12844036697247707,0.2836377750380643,0
POWERGRID,3,0.8,782,86,109,2024-11-12,2025-07-04,0.5412844036697247,0.4656334231805929,0.6875,0.5288461538461539,0.9821428571428571,55,49,4,1,0.48623853211009177,0.5137614678899083,0.0,0.0,0.0,0.0,0.0,0.0,0.0,0.0,0.5288461538461539,0.8,0.0,0.9541284403669725,0.045871559633027525,1.673200351065677,0
POWERGRID,4,0.85,831,92,108,2025-03-07,2025-11-24,0.5277777777777778,0.5995879120879121,0.6832298136645962,0.5238095238095238,0.9821428571428571,55,50,2,1,0.5370370370370371,0.5185185185185185,0.0,0.0,0.0,0.0,0.0,0.0,0.0,0.0,0.5238095238095238,0.6666666666666667,0.0,0.9722222222222222,0.027777777777777776,1.0,0
POWERGRID,5,0.9,880,97,109,2025-07-08,2026-04-16,0.46788990825688076,0.5034013605442177,0.6133333333333333,0.45544554455445546,0.9387755102040817,46,55,5,3,0.45871559633027525,0.44036697247706424,0.0,0.0,0.0,0.0,0.0,0.0,0.0,0.0,0.45544554455445546,0.625,0.0,0.926605504587156,0.07339449541284404,2.184299296602432,0
POWERGRID,6,0.95,928,103,55,2025-11-25,2026-04-16,0.43636363636363634,0.3872282608695652,0.5230769230769231,0.40476190476190477,0.7391304347826086,17,25,7,6,0.38181818181818183,0.41818181818181815,0.0,0.0,0.0,0.0,0.0,0.0,0.0,0.0,0.40476190476190477,0.5384615384615384,0.0,0.7636363636363637,0.23636363636363636,1.0,0
COALINDIA,1,0.7,702,77,112,2024-03-20,2024-11-01,0.5535714285714286,0.4862325882734046,0.609375,0.6,0.6190476190476191,39,26,23,24,0.5625,0.5357142857142857,0.0,0.0,0.0,0.0,0.0,0.0,0.0,0.0,0.6,0.4893617021276596,0.0,0.5803571428571429,0.41964285714285715,0.6623874349139582,0
COALINDIA,2,0.75,752,83,111,2024-07-29,2025-02-24,0.4774774774774775,0.4140522875816994,0.5915492957746479,0.46153846153846156,0.8235294117647058,42,49,11,9,0.42342342342342343,0.4594594594594595,0.0,0.0,0.0,0.0,0.0,0.0,0.0,0.0,0.46153846153846156,0.55,0.0,0.8198198198198198,0.18018018018018017,0.1514593935088839,0
COALINDIA,3,0.8,802,89,111,2024-11-04,2025-07-10,0.45045045045045046,0.46746909564085887,0.5547445255474452,0.4523809523809524,0.7169811320754716,38,46,12,15,0.46846846846846846,0.4954954954954955,0.0,0.0,0.0,0.0,0.0,0.0,0.0,0.0,0.4523809523809524,0.4444444444444444,0.0,0.7567567567567568,0.24324324324324326,0.7261297110305147,0
COALINDIA,4,0.85,852,94,112,2025-02-28,2025-11-27,0.5089285714285714,0.5510073552926127,0.6357615894039735,0.5217391304347826,0.8135593220338984,48,44,9,11,0.5267857142857143,0.5357142857142857,0.0,0.0,0.0,0.0,0.0,0.0,0.0,0.0,0.5217391304347826,0.44999999999999996,0.0,0.8214285714285714,0.17857142857142858,1.0,0
COALINDIA,5,0.9,902,100,112,2025-07-11,2026-04-16,0.5357142857142857,0.4483530540454109,0.6388888888888888,0.5411764705882353,0.7796610169491526,46,39,14,13,0.5089285714285714,0.5178571428571429,0.0,0.0,0.0,0.0,0.0,0.0,0.0,0.0,0.5411764705882353,0.5185185185185186,0.0,0.7589285714285714,0.24107142857142858,0.3814041772534273,0
COALINDIA,6,0.95,953,105,56,2025-12-02,2026-04-16,0.4642857142857143,0.4795918367346939,0.5588235294117647,0.475,0.6785714285714286,19,21,7,9,0.48214285714285715,0.5178571428571429,0.0,0.0,0.0,0.0,0.0,0.0,0.0,0.0,0.475,0.4375,0.0,0.7142857142857143,0.2857142857142857,1.0,0
GAIL,1,0.7,837,93,133,2024-01-12,2024-09-27,0.6165413533834586,0.6193103448275862,0.6909090909090909,0.6333333333333333,0.76,57,33,25,18,0.556390977443609,0.5639097744360902,0.0,0.0,0.0,0.0,0.0,0.0,0.0,0.0,0.6333333333333333,0.5813953488372092,0.0,0.6766917293233082,0.3233082706766917,0.23962486936033744,0
GAIL,2,0.75,897,99,133,2024-05-31,2025-02-07,0.5263157894736842,0.5486425339366516,0.6358381502890174,0.5092592592592593,0.8461538461538461,55,53,15,10,0.5263157894736842,0.48872180451127817,0.0,0.0,0.0,0.0,0.0,0.0,0.0,0.0,0.5092592592592593,0.6,0.0,0.8120300751879699,0.18796992481203006,0.20294448149359406,0
GAIL,3,0.8,957,106,133,2024-10-04,2025-06-25,0.44360902255639095,0.41156462585034015,0.5131578947368421,0.43820224719101125,0.6190476190476191,39,50,20,24,0.48872180451127817,0.41353383458646614,0.0,0.0,0.0,0.0,0.0,0.0,0.0,0.0,0.43820224719101125,0.4545454545454546,0.0,0.6691729323308271,0.3308270676691729,0.7491987181026603,0
GAIL,4,0.85,1017,112,133,2025-02-10,2025-11-14,0.5112781954887218,0.4947751022262608,0.632768361581921,0.5283018867924528,0.7887323943661971,56,50,12,15,0.5263157894736842,0.5338345864661654,0.0,0.0,0.0,0.0,0.0,0.0,0.0,0.0,0.5283018867924528,0.4444444444444444,0.0,0.7969924812030075,0.20300751879699247,1.0,0
GAIL,5,0.9,1077,119,133,2025-06-26,2026-04-16,0.47368421052631576,0.48756218905472637,0.5333333333333333,0.47619047619047616,0.6060606060606061,40,44,23,26,0.5263157894736842,0.49624060150375937,0.0,0.0,0.0,0.0,0.0,0.0,0.0,0.0,0.47619047619047616,0.4693877551020408,0.0,0.631578947368421,0.3684210526315789,1.0,0
GAIL,6,0.95,1136,126,67,2025-11-17,2026-04-16,0.47761194029850745,0.47477477477477475,0.4927536231884058,0.4358974358974359,0.5666666666666667,17,22,15,13,0.5373134328358209,0.5223880597014925,0.0,0.0,0.0,0.0,0.0,0.0,0.0,0.0,0.4358974358974359,0.5357142857142857,0.0,0.582089552238806,0.417910447761194,0.45308400878516647,0
HINDALCO,1,0.7,747,83,119,2024-03-28,2024-11-26,0.453781512605042,0.4473684210526316,0.49612403100775193,0.47761194029850745,0.5161290322580645,32,35,22,30,0.46218487394957986,0.5042016806722689,0.0,0.0,0.0,0.0,0.0,0.0,0.0,0.0,0.47761194029850745,0.42307692307692313,0.0,0.5630252100840336,0.4369747899159664,0.46608487921819103,0
HINDALCO,2,0.75,801,89,118,2024-08-01,2025-03-27,0.4491525423728814,0.4063218390804597,0.5390070921985816,0.4691358024691358,0.6333333333333333,38,43,15,22,0.5338983050847458,0.5169491525423728,0.0,0.0,0.0,0.0,0.0,0.0,0.0,0.0,0.4691358024691358,0.4054054054054054,0.0,0.6864406779661016,0.3135593220338983,0.2264186858051581,0
HINDALCO,3,0.8,855,94,119,2024-11-27,2025-08-01,0.453781512605042,0.4832766439909297,0.5517241379310345,0.4878048780487805,0.6349206349206349,40,42,14,23,0.5462184873949579,0.5294117647058824,0.0,0.0,0.0,0.0,0.0,0.0,0.0,0.0,0.4878048780487805,0.3783783783783784,0.0,0.6890756302521008,0.31092436974789917,1.0,0
HINDALCO,4,0.85,908,100,119,2025-03-28,2025-12-05,0.5378151260504201,0.5127551020408163,0.6308724832214765,0.5465116279069767,0.746031746031746,47,39,17,16,0.5546218487394958,0.6386554621848739,0.0,0.0,0.0,0.0,0.0,0.0,0.0,0.0,0.5465116279069767,0.5151515151515151,0.0,0.7226890756302521,0.2773109243697479,0.5674241237445444,0
HINDALCO,5,0.9,962,106,119,2025-08-07,2026-04-16,0.453781512605042,0.4472463768115942,0.5038167938931297,0.532258064516129,0.4782608695652174,33,29,21,36,0.5378151260504201,0.453781512605042,0.0,0.0,0.0,0.0,0.0,0.0,0.0,0.0,0.532258064516129,0.368421052631579,0.0,0.5210084033613446,0.4789915966386555,1.0,0
HINDALCO,6,0.95,1015,112,60,2025-12-08,2026-04-16,0.55,0.5956937799043063,0.6197183098591549,0.6666666666666666,0.5789473684210527,22,11,11,16,0.5,0.55,0.0,0.0,0.0,0.0,0.0,0.0,0.0,0.0,0.6666666666666666,0.40740740740740744,0.0,0.55,0.45,0.31648336806770183,0
TATAPOWER,1,0.7,807,89,128,2023-11-13,2024-08-23,0.5390625,0.5614973262032086,0.609271523178808,0.6216216216216216,0.5974025974025974,46,28,23,31,0.5625,0.5859375,0.0,0.0,0.0,0.0,0.0,0.0,0.0,0.0,0.6216216216216216,0.42592592592592593,0.0,0.578125,0.421875,0.389786820538673,0
TATAPOWER,2,0.75,864,96,128,2024-04-02,2025-01-16,0.5078125,0.48214285714285715,0.6134969325153374,0.5494505494505495,0.6944444444444444,50,41,15,22,0.5234375,0.4765625,0.0,0.0,0.0,0.0,0.0,0.0,0.0,0.0,0.5494505494505495,0.4054054054054054,0.0,0.7109375,0.2890625,0.41873871449181677,0
TATAPOWER,3,0.8,922,102,128,2024-08-26,2025-06-12,0.5078125,0.4694178334561533,0.5655172413793104,0.5394736842105263,0.5942028985507246,41,35,24,28,0.4453125,0.484375,0.0,0.0,0.0,0.0,0.0,0.0,0.0,0.0,0.5394736842105263,0.46153846153846156,0.0,0.59375,0.40625,0.3944945854678659,0
TATAPOWER,4,0.85,980,108,128,2025-01-20,2025-11-03,0.578125,0.5112745098039215,0.6666666666666666,0.574468085106383,0.7941176470588235,54,40,20,14,0.5390625,0.5234375,0.0,0.0,0.0,0.0,0.0,0.0,0.0,0.0,0.574468085106383,0.5882352941176471,0.0,0.734375,0.265625,0.38799302809408015,0
TATAPOWER,5,0.9,1037,115,129,2025-06-13,2026-04-16,0.4573643410852713,0.516610495907559,0.5977011494252874,0.4642857142857143,0.8387096774193549,52,60,7,10,0.5038759689922481,0.4806201550387597,0.0,0.0,0.0,0.0,0.0,0.0,0.0,0.0,0.4642857142857143,0.4117647058823529,0.0,0.8682170542635659,0.13178294573643412,0.5575038921757273,0
TATAPOWER,6,0.95,1095,121,65,2025-11-04,2026-04-16,0.4461538461538462,0.5257142857142857,0.5909090909090909,0.4482758620689655,0.8666666666666667,26,32,3,4,0.4461538461538462,0.47692307692307695,0.0,0.0,0.0,0.0,0.0,0.0,0.0,0.0,0.4482758620689655,0.4285714285714286,0.0,0.8923076923076924,0.1076923076923077,1.0,0
TATASTEEL,1,0.7,826,91,131,2023-12-12,2024-10-04,0.549618320610687,0.6061676082862524,0.609271523178808,0.5822784810126582,0.6388888888888888,46,33,26,26,0.5725190839694656,0.549618320610687,0.0,0.0,0.0,0.0,0.0,0.0,0.0,0.0,0.5822784810126582,0.5,0.0,0.6030534351145038,0.3969465648854962,0.3466401876598892,0
TATASTEEL,2,0.75,885,98,131,2024-05-10,2025-02-05,0.4580152671755725,0.4200466200466201,0.5696969696969697,0.47474747474747475,0.7121212121212122,47,52,13,19,0.48091603053435117,0.4351145038167939,0.0,0.0,0.0,0.0,0.0,0.0,0.0,0.0,0.47474747474747475,0.40625,0.0,0.7557251908396947,0.24427480916030533,0.4503898997194543,0
TATASTEEL,3,0.8,944,104,131,2024-10-07,2025-06-26,0.44274809160305345,0.4442630597014925,0.546583850931677,0.46808510638297873,0.6567164179104478,44,50,14,23,0.45038167938931295,0.4732824427480916,0.0,0.0,0.0,0.0,0.0,0.0,0.0,0.0,0.46808510638297873,0.3783783783783784,0.0,0.7175572519083969,0.2824427480916031,0.5737333574808144,0
TATASTEEL,4,0.85,1003,111,131,2025-02-06,2025-11-21,0.5038167938931297,0.4871615312791783,0.6368715083798883,0.5135135135135135,0.8382352941176471,57,54,9,11,0.4580152671755725,0.5190839694656488,0.0,0.0,0.0,0.0,0.0,0.0,0.0,0.0,0.5135135135135135,0.44999999999999996,0.0,0.8473282442748091,0.15267175572519084,1.0,0
TATASTEEL,5,0.9,1062,117,132,2025-06-27,2026-04-16,0.5075757575757576,0.5137741046831956,0.6198830409356725,0.5047619047619047,0.803030303030303,53,52,14,13,0.49242424242424243,0.5,0.0,0.0,0.0,0.0,0.0,0.0,0.0,0.0,0.5047619047619047,0.5185185185185186,0.0,0.7954545454545454,0.20454545454545456,1.0,0
TATASTEEL,6,0.95,1121,124,66,2025-11-24,2026-04-16,0.4696969696969697,0.5308755760368664,0.5679012345679012,0.5,0.6571428571428571,23,23,8,12,0.5151515151515151,0.5606060606060606,0.0,0.0,0.0,0.0,0.0,0.0,0.0,0.0,0.5,0.4,0.0,0.696969696969697,0.30303030303030304,0.678856739938876,0
JSWSTEEL,1,0.7,718,79,114,2024-04-05,2024-11-22,0.5087719298245614,0.542803970223325,0.5942028985507246,0.5394736842105263,0.6612903225806451,41,35,17,21,0.5701754385964912,0.47368421052631576,0.0,0.0,0.0,0.0,0.0,0.0,0.0,0.0,0.5394736842105263,0.4473684210526315,0.0,0.6666666666666666,0.3333333333333333,0.4257842745873709,0
JSWSTEEL,2,0.75,769,85,114,2024-08-05,2025-03-20,0.5,0.5195409429280397,0.5777777777777777,0.5342465753424658,0.6290322580645161,39,34,18,23,0.5087719298245614,0.5087719298245614,0.0,0.0,0.0,0.0,0.0,0.0,0.0,0.0,0.5342465753424658,0.4390243902439024,0.0,0.6403508771929824,0.35964912280701755,1.0,0
JSWSTEEL,3,0.8,820,91,114,2024-11-25,2025-08-01,0.5263157894736842,0.5001538935056941,0.5178571428571429,0.5272727272727272,0.5087719298245614,29,26,31,28,0.5614035087719298,0.4473684210526316,0.0,0.0,0.0,0.0,0.0,0.0,0.0,0.0,0.5272727272727272,0.5254237288135593,0.0,0.4824561403508772,0.5175438596491229,0.622962159001825,0
JSWSTEEL,4,0.85,872,96,114,2025-03-25,2025-12-05,0.5526315789473685,0.4556139808227653,0.41379310344827586,0.5294117647058824,0.33962264150943394,18,16,45,35,0.5350877192982456,0.47368421052631576,0.0,0.0,0.0,0.0,0.0,0.0,0.0,0.0,0.5294117647058824,0.5625,0.0,0.2982456140350877,0.7017543859649122,1.0,0
JSWSTEEL,5,0.9,923,102,114,2025-08-06,2026-04-16,0.49122807017543857,0.4812867305907826,0.48214285714285715,0.5294117647058824,0.4426229508196721,27,24,29,34,0.47368421052631576,0.47368421052631576,0.0,0.0,0.0,0.0,0.0,0.0,0.0,0.0,0.5294117647058824,0.46031746031746035,0.0,0.4473684210526316,0.5526315789473685,0.4844925363310703,0
JSWSTEEL,6,0.95,974,108,57,2025-12-08,2026-04-16,0.49122807017543857,0.4875,0.43137254901960786,0.5789473684210527,0.34375,11,8,17,21,0.543859649122807,0.43859649122807015,0.0,0.0,0.0,0.0,0.0,0.0,0.0,0.0,0.5789473684210527,0.4473684210526315,0.0,0.3333333333333333,0.6666666666666666,0.20497478426458482,0
SAIL,1,0.7,762,84,121,2024-04-15,2024-12-06,0.5785123966942148,0.5674342105263157,0.5853658536585366,0.5454545454545454,0.631578947368421,36,30,34,21,0.512396694214876,0.5454545454545454,0.0,0.0,0.0,0.0,0.0,0.0,0.0,0.0,0.5454545454545454,0.6181818181818182,0.0,0.5454545454545454,0.45454545454545453,0.4438466256271553,0
SAIL,2,0.75,816,90,121,2024-08-13,2025-03-21,0.5289256198347108,0.4904057017543859,0.6122448979591837,0.5,0.7894736842105263,45,45,19,12,0.5289256198347108,0.4793388429752066,0.0,0.0,0.0,0.0,0.0,0.0,0.0,0.0,0.5,0.6129032258064516,0.0,0.743801652892562,0.256198347107438,0.4754002282009468,0
SAIL,3,0.8,871,96,121,2024-12-09,2025-08-01,0.48760330578512395,0.494805904866047,0.5921052631578947,0.4838709677419355,0.7627118644067796,45,48,14,14,0.48760330578512395,0.4628099173553719,0.0,0.0,0.0,0.0,0.0,0.0,0.0,0.0,0.4838709677419355,0.5,0.0,0.768595041322314,0.23140495867768596,2.25776670987718,0
SAIL,4,0.85,925,102,121,2025-03-24,2025-12-10,0.5619834710743802,0.5938697318007663,0.6344827586206897,0.5287356321839081,0.7931034482758621,46,41,22,12,0.512396694214876,0.4793388429752066,0.0,0.0,0.0,0.0,0.0,0.0,0.0,0.0,0.5287356321839081,0.6470588235294117,0.0,0.71900826446281,0.2809917355371901,1.0,0
SAIL,5,0.9,980,108,121,2025-08-05,2026-04-16,0.5785123966942148,0.565882996172772,0.5714285714285714,0.5666666666666667,0.576271186440678,34,26,36,25,0.5702479338842975,0.5289256198347108,0.0,0.0,0.0,0.0,0.0,0.0,0.0,0.0,0.5666666666666667,0.5901639344262295,0.0,0.49586776859504134,0.5041322314049587,1.4832540826772107,0
SAIL,6,0.95,1034,114,61,2025-12-11,2026-04-16,0.4098360655737705,0.3483870967741935,0.28,0.3684210526315789,0.22580645161290322,7,12,18,24,0.5081967213114754,0.4918032786885246,0.0,0.0,0.0,0.0,0.0,0.0,0.0,0.0,0.3684210526315789,0.4285714285714286,0.0,0.3114754098360656,0.6885245901639344,0.23787280792393406,0
VEDL,1,0.7,759,84,121,2024-05-06,2024-12-20,0.512396694214876,0.5317982456140351,0.528,0.5409836065573771,0.515625,33,28,29,31,0.5041322314049587,0.5289256198347108,0.0,0.0,0.0,0.0,0.0,0.0,0.0,0.0,0.5409836065573771,0.4833333333333333,0.0,0.5041322314049587,0.49586776859504134,0.3900972009641024,0
VEDL,2,0.75,813,90,121,2024-08-23,2025-04-09,0.5371900826446281,0.5575657894736842,0.5555555555555556,0.5645161290322581,0.546875,35,27,30,29,0.512396694214876,0.5619834710743802,0.0,0.0,0.0,0.0,0.0,0.0,0.0,0.0,0.5645161290322581,0.5084745762711864,0.0,0.512396694214876,0.48760330578512395,0.6285943776705584,0
VEDL,3,0.8,868,96,120,2024-12-23,2025-08-04,0.5333333333333333,0.500280583613917,0.6056338028169014,0.5657894736842105,0.6515151515151515,43,33,21,23,0.5083333333333333,0.4666666666666667,0.0,0.0,0.0,0.0,0.0,0.0,0.0,0.0,0.5657894736842105,0.4772727272727273,0.0,0.6333333333333333,0.36666666666666664,0.49518645544625195,0
VEDL,4,0.85,922,102,120,2025-04-17,2025-12-04,0.5333333333333333,0.5238095238095238,0.6164383561643836,0.5421686746987951,0.7142857142857143,45,38,19,18,0.5166666666666667,0.5666666666666667,0.0,0.0,0.0,0.0,0.0,0.0,0.0,0.0,0.5421686746987951,0.5135135135135135,0.0,0.6916666666666667,0.30833333333333335,1.0,0
VEDL,5,0.9,976,108,121,2025-08-05,2026-04-16,0.5702479338842975,0.5603795284646349,0.6438356164383562,0.6527777777777778,0.6351351351351351,47,25,22,27,0.5950413223140496,0.5206611570247934,0.0,0.0,0.0,0.0,0.0,0.0,0.0,0.0,0.6527777777777778,0.44897959183673475,0.0,0.5950413223140496,0.4049586776859504,0.6724231579287125,0
VEDL,6,0.95,1030,114,61,2025-12-05,2026-04-16,0.5573770491803278,0.536096256684492,0.6896551724137931,0.6976744186046512,0.6818181818181818,30,13,4,14,0.5737704918032787,0.4098360655737705,0.0,0.0,0.0,0.0,0.0,0.0,0.0,0.0,0.6976744186046512,0.2222222222222222,0.0,0.7049180327868853,0.29508196721311475,0.26843606414110655,0
NMDC,1,0.7,741,82,118,2024-05-09,2024-12-10,0.559322033898305,0.555587474863545,0.6,0.5492957746478874,0.6610169491525424,39,32,27,20,0.5677966101694916,0.5338983050847458,0.0,0.0,0.0,0.0,0.0,0.0,0.0,0.0,0.5492957746478874,0.574468085106383,0.0,0.6016949152542372,0.3983050847457627,0.3829494729372864,0
NMDC,2,0.75,794,88,118,2024-08-29,2025-03-27,0.4830508474576271,0.5087618500430912,0.5481481481481482,0.4868421052631579,0.6271186440677966,37,39,20,22,0.5254237288135594,0.5423728813559322,0.0,0.0,0.0,0.0,0.0,0.0,0.0,0.0,0.4868421052631579,0.47619047619047616,0.0,0.6440677966101694,0.3559322033898305,0.10000660285425449,0
NMDC,3,0.8,847,94,118,2024-12-12,2025-07-30,0.4915254237288136,0.4870689655172414,0.53125,0.5,0.5666666666666667,34,34,24,26,0.5084745762711864,0.559322033898305,0.0,0.0,0.0,0.0,0.0,0.0,0.0,0.0,0.5,0.48,0.0,0.576271186440678,0.423728813559322,1.0,0
NMDC,4,0.85,900,100,118,2025-03-28,2025-12-11,0.4745762711864407,0.4770114942528736,0.3541666666666667,0.4722222222222222,0.2833333333333333,17,19,39,43,0.4830508474576271,0.4576271186440678,0.0,0.0,0.0,0.0,0.0,0.0,0.0,0.0,0.4722222222222222,0.47560975609756095,0.0,0.3050847457627119,0.6949152542372882,1.0,0
NMDC,5,0.9,954,105,118,2025-07-31,2026-04-16,0.4830508474576271,0.5138248847926268,0.46017699115044247,0.5098039215686274,0.41935483870967744,26,25,31,36,0.5508474576271186,0.4745762711864407,0.0,0.0,0.0,0.0,0.0,0.0,0.0,0.0,0.5098039215686274,0.4626865671641791,0.0,0.4322033898305085,0.5677966101694916,1.0,0
NMDC,6,0.95,1007,111,59,2025-12-12,2026-04-16,0.559322033898305,0.6235431235431235,0.5806451612903226,0.6206896551724138,0.5454545454545454,18,11,15,15,0.6440677966101694,0.4745762711864407,0.0,0.0,0.0,0.0,0.0,0.0,0.0,0.0,0.6206896551724138,0.5,0.0,0.4915254237288136,0.5084745762711864,1.488277312594737,0
LT,1,0.7,687,76,109,2024-03-21,2024-11-11,0.5321100917431193,0.5308853809196981,0.6622516556291391,0.5617977528089888,0.8064516129032258,50,39,8,12,0.5779816513761468,0.5321100917431193,0.0,0.0,0.0,0.0,0.0,0.0,0.0,0.0,0.5617977528089888,0.4,0.0,0.8165137614678899,0.1834862385321101,0.2858614225106438,0
LT,2,0.75,736,81,109,2024-07-23,2025-03-04,0.48623853211009177,0.5358350236646383,0.6,0.47191011235955055,0.8235294117647058,42,47,11,9,0.5321100917431193,0.46788990825688076,0.0,0.0,0.0,0.0,0.0,0.0,0.0,0.0,0.47191011235955055,0.55,0.0,0.8165137614678899,0.1834862385321101,0.2800340999411501,0
LT,3,0.8,785,87,109,2024-11-12,2025-07-24,0.5688073394495413,0.6107744107744109,0.6518518518518519,0.55,0.8,44,36,18,11,0.5596330275229358,0.5045871559633027,0.0,0.0,0.0,0.0,0.0,0.0,0.0,0.0,0.55,0.6206896551724138,0.0,0.7339449541284404,0.26605504587155965,0.4463379997861316,0
LT,4,0.85,834,92,109,2025-03-05,2025-11-19,0.5688073394495413,0.5403726708074534,0.6967741935483871,0.5869565217391305,0.8571428571428571,54,38,8,9,0.5504587155963303,0.6055045871559633,0.0,0.0,0.0,0.0,0.0,0.0,0.0,0.0,0.5869565217391305,0.47058823529411764,0.0,0.8440366972477065,0.1559633027522936,1.0,0
LT,5,0.9,883,98,109,2025-07-25,2026-04-16,0.5229357798165137,0.5450819672131147,0.6119402985074627,0.5616438356164384,0.6721311475409836,41,32,16,20,0.5871559633027523,0.5229357798165137,0.0,0.0,0.0,0.0,0.0,0.0,0.0,0.0,0.5616438356164384,0.4444444444444444,0.0,0.6697247706422018,0.3302752293577982,0.5676027223211476,0
LT,6,0.95,932,103,55,2025-11-24,2026-04-16,0.5272727272727272,0.4933333333333333,0.59375,0.5588235294117647,0.6333333333333333,19,15,10,11,0.5636363636363636,0.4727272727272727,0.0,0.0,0.0,0.0,0.0,0.0,0.0,0.0,0.5588235294117647,0.47619047619047616,0.0,0.6181818181818182,0.38181818181818183,0.1622464222284753,0
BHEL,1,0.7,885,98,141,2023-12-28,2024-10-14,0.5390070921985816,0.4590643274853802,0.656084656084656,0.5904761904761905,0.7380952380952381,62,43,14,22,0.6028368794326241,0.5957446808510638,0.0,0.0,0.0,0.0,0.0,0.0,0.0,0.0,0.5904761904761905,0.38888888888888884,0.0,0.7446808510638298,0.2553191489361702,0.1340132296039225,0
BHEL,2,0.75,948,105,141,2024-05-29,2025-02-12,0.5035460992907801,0.5344064386317907,0.6153846153846154,0.5,0.8,56,56,15,14,0.5460992907801419,0.49645390070921985,0.0,0.0,0.0,0.0,0.0,0.0,0.0,0.0,0.5,0.5172413793103448,0.0,0.7943262411347518,0.20567375886524822,0.10000660285425449,0
BHEL,3,0.8,1012,112,140,2024-10-15,2025-07-08,0.6,0.634051282051282,0.6888888888888889,0.5904761904761905,0.8266666666666667,62,43,22,13,0.5642857142857143,0.5571428571428572,0.0,0.0,0.0,0.0,0.0,0.0,0.0,0.0,0.5904761904761905,0.6285714285714286,0.0,0.75,0.25,0.522825913225662,0
BHEL,4,0.85,1075,119,140,2025-02-13,2025-11-21,0.5357142857142857,0.5724592867450011,0.6285714285714286,0.5612244897959183,0.7142857142857143,55,43,20,22,0.6,0.5,0.0,0.0,0.0,0.0,0.0,0.0,0.0,0.0,0.5612244897959183,0.47619047619047616,0.0,0.7,0.3,0.7304824394174733,0
BHEL,5,0.9,1138,126,141,2025-07-10,2026-04-16,0.524822695035461,0.5205479452054794,0.6417112299465241,0.5263157894736842,0.821917808219178,60,54,14,13,0.49645390070921985,0.5177304964539007,0.0,0.0,0.0,0.0,0.0,0.0,0.0,0.0,0.5263157894736842,0.5185185185185186,0.0,0.8085106382978723,0.19148936170212766,1.0,0
BHEL,6,0.95,1201,133,71,2025-11-24,2026-04-16,0.36619718309859156,0.34737678855325915,0.4155844155844156,0.4,0.43243243243243246,16,24,10,21,0.4084507042253521,0.38028169014084506,0.0,0.0,0.0,0.0,0.0,0.0,0.0,0.0,0.4,0.32258064516129037,0.0,0.5633802816901409,0.43661971830985913,0.28718565543850566,0
HAVELLS,1,0.7,794,88,126,2023-12-13,2024-09-20,0.5158730158730159,0.5025585779692971,0.5906040268456376,0.6285714285714286,0.5569620253164557,44,26,21,35,0.5,0.626984126984127,0.0,0.0,0.0,0.0,0.0,0.0,0.0,0.0,0.6285714285714286,0.375,0.0,0.5555555555555556,0.4444444444444444,1.0,0
HAVELLS,2,0.75,851,94,126,2024-05-14,2025-02-04,0.5317460317460317,0.5195263290501385,0.5203252032520326,0.5333333333333333,0.5079365079365079,32,28,35,31,0.5396825396825397,0.5,0.0,0.0,0.0,0.0,0.0,0.0,0.0,0.0,0.5333333333333333,0.5303030303030303,0.0,0.47619047619047616,0.5238095238095238,0.344772469605367,0
HAVELLS,3,0.8,908,100,126,2024-09-23,2025-06-17,0.46825396825396826,0.4855476673427992,0.5562913907284768,0.45161290322580644,0.7241379310344828,42,51,17,16,0.5317460317460317,0.4523809523809524,0.0,0.0,0.0,0.0,0.0,0.0,0.0,0.0,0.45161290322580644,0.5151515151515151,0.0,0.7380952380952381,0.2619047619047619,0.10000660285425449,0
HAVELLS,4,0.85,964,107,126,2025-02-06,2025-11-18,0.5634920634920635,0.596469104665826,0.6625766871165644,0.5294117647058824,0.8852459016393442,54,48,17,7,0.5396825396825397,0.48412698412698413,0.0,0.0,0.0,0.0,0.0,0.0,0.0,0.0,0.5294117647058824,0.7083333333333333,0.0,0.8095238095238095,0.19047619047619047,1.0,0
HAVELLS,5,0.9,1021,113,126,2025-06-18,2026-04-16,0.5158730158730159,0.5169191919191919,0.5850340136054422,0.4942528735632184,0.7166666666666667,43,44,22,17,0.49206349206349204,0.47619047619047616,0.0,0.0,0.0,0.0,0.0,0.0,0.0,0.0,0.4942528735632184,0.5641025641025641,0.0,0.6904761904761905,0.30952380952380953,1.0,0
HAVELLS,6,0.95,1078,119,63,2025-11-19,2026-04-16,0.47619047619047616,0.4939516129032258,0.5217391304347826,0.4864864864864865,0.5625,18,19,12,14,0.5079365079365079,0.5238095238095238,0.0,0.0,0.0,0.0,0.0,0.0,0.0,0.0,0.4864864864864865,0.46153846153846156,0.0,0.5873015873015873,0.4126984126984127,0.6919413837758561,0
SIEMENS,1,0.7,798,88,127,2024-02-15,2024-11-07,0.5748031496062992,0.5888352120236178,0.6746987951807228,0.6588235294117647,0.691358024691358,56,29,17,25,0.6377952755905512,0.5984251968503937,0.0,0.0,0.0,0.0,0.0,0.0,0.0,0.0,0.6588235294117647,0.40476190476190477,0.0,0.6692913385826772,0.33070866141732286,0.1970427276262993,0
SIEMENS,2,0.75,855,95,126,2024-06-27,2025-03-06,0.5238095238095238,0.5372983870967741,0.6052631578947368,0.5111111111111111,0.7419354838709677,46,44,20,16,0.46825396825396826,0.49206349206349204,0.0,0.0,0.0,0.0,0.0,0.0,0.0,0.0,0.5111111111111111,0.5555555555555556,0.0,0.7142857142857143,0.2857142857142857,0.10000660285425449,0
SIEMENS,3,0.8,912,101,127,2024-11-08,2025-07-15,0.49606299212598426,0.46749379652605455,0.6,0.4897959183673469,0.7741935483870968,48,50,15,14,0.5433070866141733,0.47244094488188976,0.0,0.0,0.0,0.0,0.0,0.0,0.0,0.0,0.4897959183673469,0.5172413793103448,0.0,0.7716535433070866,0.2283464566929134,0.26466336745803765,0
SIEMENS,4,0.85,969,107,127,2025-03-07,2025-12-01,0.49606299212598426,0.42786069651741293,0.627906976744186,0.5142857142857142,0.8059701492537313,54,51,9,13,0.49606299212598426,0.48031496062992124,0.0,0.0,0.0,0.0,0.0,0.0,0.0,0.0,0.5142857142857142,0.40909090909090906,0.0,0.8267716535433071,0.1732283464566929,0.48807937503939913,0
SIEMENS,5,0.9,1026,114,127,2025-07-16,2026-04-16,0.5275590551181102,0.45513459621136587,0.6808510638297872,0.5333333333333333,0.9411764705882353,64,56,3,4,0.5039370078740157,0.48031496062992124,0.0,0.0,0.0,0.0,0.0,0.0,0.0,0.0,0.5333333333333333,0.4285714285714286,0.0,0.9448818897637795,0.05511811023622047,0.5498544179262149,0
SIEMENS,6,0.95,1083,120,64,2025-12-02,2026-04-16,0.53125,0.4362745098039216,0.6428571428571429,0.54,0.7941176470588235,27,23,7,7,0.515625,0.546875,0.0,0.0,0.0,0.0,0.0,0.0,0.0,0.0,0.54,0.5,0.0,0.78125,0.21875,1.0,0
ABB,1,0.7,829,92,131,2024-02-08,2024-10-17,0.5801526717557252,0.5648578811369509,0.6540880503144654,0.7123287671232876,0.6046511627906976,52,21,24,34,0.5572519083969466,0.5954198473282443,0.0,0.0,0.0,0.0,0.0,0.0,0.0,0.0,0.7123287671232876,0.4137931034482759,0.0,0.5572519083969466,0.44274809160305345,0.4482238596352351,0
ABB,2,0.75,889,98,131,2024-06-24,2025-02-10,0.4732824427480916,0.4453125,0.6349206349206349,0.48,0.9375,60,65,2,4,0.5190839694656488,0.48854961832061067,0.0,0.0,0.0,0.0,0.0,0.0,0.0,0.0,0.48,0.33333333333333337,0.0,0.9541984732824428,0.04580152671755725,0.1516672454084051,0
ABB,3,0.8,947,105,132,2024-10-18,2025-07-11,0.4772727272727273,0.4771889400921659,0.5964912280701754,0.46788990825688076,0.8225806451612904,51,58,12,11,0.48484848484848486,0.4696969696969697,0.0,0.0,0.0,0.0,0.0,0.0,0.0,0.0,0.46788990825688076,0.5217391304347826,0.0,0.8257575757575758,0.17424242424242425,0.21185212270037987,0
ABB,4,0.85,1007,111,132,2025-02-13,2025-12-02,0.5151515151515151,0.5177956371986223,0.6444444444444445,0.5043478260869565,0.8923076923076924,58,57,10,7,0.49242424242424243,0.49242424242424243,0.0,0.0,0.0,0.0,0.0,0.0,0.0,0.0,0.5043478260869565,0.5882352941176471,0.0,0.8712121212121212,0.12878787878787878,1.0,0
ABB,5,0.9,1066,118,132,2025-07-14,2026-04-16,0.5151515151515151,0.40831801470588236,0.68,0.5151515151515151,1.0,68,64,0,0,0.44696969696969696,0.5151515151515151,0.0,0.0,0.0,0.0,0.0,0.0,0.0,0.0,0.5151515151515151,0.0,0.0,1.0,0.0,1.0,0
ABB,6,0.95,1125,125,66,2025-12-03,2026-04-16,0.48484848484848486,0.435228331780056,0.6304347826086957,0.5272727272727272,0.7837837837837838,29,26,3,8,0.4696969696969697,0.5606060606060606,0.0,0.0,0.0,0.0,0.0,0.0,0.0,0.0,0.5272727272727272,0.2727272727272727,0.0,0.8333333333333334,0.16666666666666666,2.4498533039139336,0
POLYCAB,1,0.7,684,75,109,2024-06-21,2025-01-17,0.5412844036697247,0.5404040404040404,0.6621621621621622,0.5268817204301075,0.8909090909090909,49,44,10,6,0.5504587155963303,0.5412844036697247,0.0,0.0,0.0,0.0,0.0,0.0,0.0,0.0,0.5268817204301075,0.625,0.0,0.8532110091743119,0.14678899082568808,0.1263969141804494,0
POLYCAB,2,0.75,732,81,109,2024-09-27,2025-05-20,0.5412844036697247,0.5250169033130493,0.647887323943662,0.5476190476190477,0.7931034482758621,46,38,13,12,0.5412844036697247,0.45871559633027525,0.0,0.0,0.0,0.0,0.0,0.0,0.0,0.0,0.5476190476190477,0.52,0.0,0.7706422018348624,0.22935779816513763,0.7017467285642578,0
POLYCAB,3,0.8,782,86,108,2025-01-20,2025-08-29,0.5,0.45517241379310347,0.6582278481012658,0.52,0.896551724137931,52,48,2,6,0.4444444444444444,0.5370370370370371,0.0,0.0,0.0,0.0,0.0,0.0,0.0,0.0,0.52,0.25,0.0,0.9259259259259259,0.07407407407407407,0.27839884613877064,0
POLYCAB,4,0.85,830,92,108,2025-05-21,2025-12-16,0.46296296296296297,0.4175824175824176,0.6233766233766234,0.4897959183673469,0.8571428571428571,48,50,2,8,0.4351851851851852,0.5092592592592593,0.0,0.0,0.0,0.0,0.0,0.0,0.0,0.0,0.4897959183673469,0.19999999999999996,0.0,0.9074074074074074,0.09259259259259259,0.2096945619442452,0
POLYCAB,5,0.9,879,97,109,2025-09-01,2026-04-16,0.48623853211009177,0.48820754716981135,0.6,0.5,0.75,42,42,11,14,0.41284403669724773,0.45871559633027525,0.0,0.0,0.0,0.0,0.0,0.0,0.0,0.0,0.5,0.43999999999999995,0.0,0.7706422018348624,0.22935779816513763,0.43470319131137036,0
POLYCAB,6,0.95,927,103,55,2025-12-18,2026-04-16,0.4727272727272727,0.43200000000000005,0.5797101449275363,0.5128205128205128,0.6666666666666666,20,19,6,10,0.38181818181818183,0.5272727272727272,0.0,0.0,0.0,0.0,0.0,0.0,0.0,0.0,0.5128205128205128,0.375,0.0,0.7090909090909091,0.2909090909090909,1.0,0
CUMMINSIND,1,0.7,712,79,113,2024-05-15,2024-12-09,0.5663716814159292,0.3899872448979592,0.6993865030674846,0.5757575757575758,0.890625,57,42,7,7,0.5221238938053098,0.5486725663716814,0.0,0.0,0.0,0.0,0.0,0.0,0.0,0.0,0.5757575757575758,0.5,0.0,0.8761061946902655,0.12389380530973451,0.38460194880785287,0
CUMMINSIND,2,0.75,763,84,113,2024-08-27,2025-04-03,0.48672566371681414,0.49686716791979957,0.6233766233766234,0.4897959183673469,0.8571428571428571,48,50,7,8,0.5398230088495575,0.48672566371681414,0.0,0.0,0.0,0.0,0.0,0.0,0.0,0.0,0.4897959183673469,0.4666666666666667,0.0,0.8672566371681416,0.13274336283185842,0.26292090187453143,0
CUMMINSIND,3,0.8,814,90,113,2024-12-10,2025-08-07,0.5309734513274337,0.5003152585119799,0.6900584795321637,0.5363636363636364,0.9672131147540983,59,51,1,2,0.504424778761062,0.5398230088495575,0.0,0.0,0.0,0.0,0.0,0.0,0.0,0.0,0.5363636363636364,0.33333333333333337,0.0,0.9734513274336283,0.02654867256637168,1.2930635449888983,0
CUMMINSIND,4,0.85,864,96,113,2025-04-04,2025-12-12,0.5398230088495575,0.5064474532559639,0.6790123456790124,0.5729166666666666,0.8333333333333334,55,41,6,11,0.504424778761062,0.584070796460177,0.0,0.0,0.0,0.0,0.0,0.0,0.0,0.0,0.5729166666666666,0.3529411764705882,0.0,0.8495575221238938,0.1504424778761062,1.0,0
CUMMINSIND,5,0.9,916,101,113,2025-08-11,2026-04-16,0.5398230088495575,0.4903846153846154,0.6941176470588235,0.5619047619047619,0.9076923076923077,59,46,2,6,0.49557522123893805,0.5752212389380531,0.0,0.0,0.0,0.0,0.0,0.0,0.0,0.0,0.5619047619047619,0.25,0.0,0.9292035398230089,0.07079646017699115,1.0,0
CUMMINSIND,6,0.95,966,107,57,2025-12-15,2026-04-16,0.5263157894736842,0.5089514066496164,0.6896551724137931,0.5660377358490566,0.8823529411764706,30,23,0,4,0.5263157894736842,0.5964912280701754,0.0,0.0,0.0,0.0,0.0,0.0,0.0,0.0,0.5660377358490566,0.0,0.0,0.9298245614035088,0.07017543859649122,0.3716130228214893,0
BHARTIARTL,1,0.7,667,74,106,2024-03-14,2024-11-14,0.5471698113207547,0.5747126436781609,0.5471698113207547,0.6041666666666666,0.5,29,19,29,29,0.5094339622641509,0.3584905660377358,0.0,0.0,0.0,0.0,0.0,0.0,0.0,0.0,0.6041666666666666,0.5,0.0,0.4528301886792453,0.5471698113207547,1.0,0
BHARTIARTL,2,0.75,715,79,106,2024-07-31,2025-03-20,0.5849056603773585,0.5931159420289855,0.6,0.66,0.55,33,17,29,27,0.5094339622641509,0.49056603773584906,0.0,0.0,0.0,0.0,0.0,0.0,0.0,0.0,0.66,0.5178571428571428,0.0,0.4716981132075472,0.5283018867924528,0.2682586873143305,0
BHARTIARTL,3,0.8,763,84,106,2024-11-22,2025-07-22,0.5566037735849056,0.5080645161290323,0.7080745341614907,0.5757575757575758,0.9193548387096774,57,42,2,5,0.46226415094339623,0.5754716981132075,0.0,0.0,0.0,0.0,0.0,0.0,0.0,0.0,0.5757575757575758,0.2857142857142857,0.0,0.9339622641509434,0.0660377358490566,0.18082885995352707,0
BHARTIARTL,4,0.85,810,90,106,2025-03-21,2025-11-24,0.5660377358490566,0.533407161314138,0.7012987012987013,0.5934065934065934,0.8571428571428571,54,37,6,9,0.5471698113207547,0.5943396226415094,0.0,0.0,0.0,0.0,0.0,0.0,0.0,0.0,0.5934065934065934,0.4,0.0,0.8584905660377359,0.14150943396226415,1.8106295071117688,0
BHARTIARTL,5,0.9,858,95,106,2025-07-25,2026-04-09,0.5,0.5493761140819964,0.6394557823129252,0.5108695652173914,0.8545454545454545,47,45,6,8,0.5377358490566038,0.5188679245283019,0.0,0.0,0.0,0.0,0.0,0.0,0.0,0.0,0.5108695652173914,0.4285714285714286,0.0,0.8679245283018868,0.1320754716981132,0.2359130585837846,0
BHARTIARTL,6,0.95,906,100,53,2025-11-25,2026-04-09,0.5660377358490566,0.6627565982404692,0.6349206349206349,0.4878048780487805,0.9090909090909091,20,21,10,2,0.5283018867924528,0.5471698113207547,0.0,0.0,0.0,0.0,0.0,0.0,0.0,0.0,0.4878048780487805,0.8333333333333334,0.0,0.7735849056603774,0.22641509433962265,0.37569109881612484,0
INDUSTOWER,1,0.7,725,80,115,2024-04-15,2024-12-02,0.5043478260869565,0.5135384615384615,0.27848101265822783,0.7857142857142857,0.16923076923076924,11,3,47,54,0.5652173913043478,0.4782608695652174,0.0,0.0,0.0,0.0,0.0,0.0,0.0,0.0,0.7857142857142857,0.4653465346534653,0.0,0.12173913043478261,0.8782608695652174,1.0,0
INDUSTOWER,2,0.75,777,86,115,2024-08-08,2025-03-27,0.5304347826086957,0.5221212121212121,0.5,0.5625,0.45,27,21,34,33,0.4782608695652174,0.5043478260869565,0.0,0.0,0.0,0.0,0.0,0.0,0.0,0.0,0.5625,0.5074626865671642,0.0,0.41739130434782606,0.5826086956521739,1.0,0
INDUSTOWER,3,0.8,828,92,115,2024-12-03,2025-07-31,0.46956521739130436,0.4525105868118572,0.46956521739130436,0.47368421052631576,0.46551724137931033,27,30,27,31,0.4608695652173913,0.46956521739130436,0.0,0.0,0.0,0.0,0.0,0.0,0.0,0.0,0.47368421052631576,0.4655172413793104,0.0,0.4956521739130435,0.5043478260869565,0.6215474531272628,0
INDUSTOWER,4,0.85,881,97,115,2025-03-28,2025-12-01,0.46956521739130436,0.499697519661222,0.5413533834586466,0.47368421052631576,0.631578947368421,36,40,18,21,0.4956521739130435,0.4956521739130435,0.0,0.0,0.0,0.0,0.0,0.0,0.0,0.0,0.47368421052631576,0.46153846153846156,0.0,0.6608695652173913,0.3391304347826087,1.0,0
INDUSTOWER,5,0.9,932,103,116,2025-08-04,2026-04-08,0.5431034482758621,0.5242921013412817,0.5391304347826087,0.5740740740740741,0.5081967213114754,31,23,32,30,0.46551724137931033,0.5775862068965517,0.0,0.0,0.0,0.0,0.0,0.0,0.0,0.0,0.5740740740740741,0.5161290322580645,0.0,0.46551724137931033,0.5344827586206896,0.24507766806508993,0
INDUSTOWER,6,0.95,984,109,58,2025-12-02,2026-04-08,0.5,0.5913978494623655,0.49122807017543857,0.5384615384615384,0.45161290322580644,14,12,15,17,0.5172413793103449,0.5689655172413793,0.0,0.0,0.0,0.0,0.0,0.0,0.0,0.0,0.5384615384615384,0.46875,0.0,0.4482758620689655,0.5517241379310345,1.5472154297387422,0
GRASIM,1,0.7,698,77,111,2024-04-05,2024-11-19,0.5585585585585585,0.5816393442622951,0.631578947368421,0.5833333333333334,0.6885245901639344,42,30,20,19,0.5315315315315315,0.5855855855855856,0.0,0.0,0.0,0.0,0.0,0.0,0.0,0.0,0.5833333333333334,0.5128205128205128,0.0,0.6486486486486487,0.35135135135135137,0.3243111631970007,0
GRASIM,2,0.75,748,83,110,2024-08-05,2025-03-19,0.4818181818181818,0.45157024793388434,0.5899280575539568,0.4880952380952381,0.7454545454545455,41,43,12,14,0.43636363636363634,0.5272727272727272,0.0,0.0,0.0,0.0,0.0,0.0,0.0,0.0,0.4880952380952381,0.46153846153846156,0.0,0.7636363636363637,0.23636363636363636,0.5764902959132829,0
GRASIM,3,0.8,798,88,111,2024-11-22,2025-07-18,0.4774774774774775,0.43656473649967464,0.6133333333333333,0.4742268041237113,0.8679245283018868,46,51,7,7,0.46846846846846846,0.46846846846846846,0.0,0.0,0.0,0.0,0.0,0.0,0.0,0.0,0.4742268041237113,0.5,0.0,0.8738738738738738,0.12612612612612611,0.16196967863995124,0
GRASIM,4,0.85,847,94,111,2025-03-21,2025-12-02,0.5135135135135135,0.4889394925178919,0.6029411764705882,0.4939759036144578,0.7735849056603774,41,42,16,12,0.5225225225225225,0.4774774774774775,0.0,0.0,0.0,0.0,0.0,0.0,0.0,0.0,0.4939759036144578,0.5714285714285714,0.0,0.7477477477477478,0.25225225225225223,1.0,0
GRASIM,5,0.9,898,99,111,2025-07-21,2026-04-16,0.5315315315315315,0.5761223162003904,0.5737704918032787,0.5072463768115942,0.660377358490566,35,34,24,18,0.5675675675675675,0.5225225225225225,0.0,0.0,0.0,0.0,0.0,0.0,0.0,0.0,0.5072463768115942,0.5714285714285714,0.0,0.6216216216216216,0.3783783783783784,1.0,0
GRASIM,6,0.95,947,105,56,2025-12-04,2026-04-16,0.5357142857142857,0.5974358974358974,0.59375,0.5,0.7307692307692307,19,19,11,7,0.5,0.5892857142857143,0.0,0.0,0.0,0.0,0.0,0.0,0.0,0.0,0.5,0.6111111111111112,0.0,0.6785714285714286,0.32142857142857145,0.6567654674360395,0
ULTRACEMCO,1,0.7,673,74,107,2024-04-26,2024-12-03,0.5794392523364486,0.5861344537815126,0.6341463414634146,0.582089552238806,0.6964285714285714,39,28,23,17,0.5420560747663551,0.4953271028037383,0.0,0.0,0.0,0.0,0.0,0.0,0.0,0.0,0.582089552238806,0.575,0.0,0.6261682242990654,0.37383177570093457,0.4034728861883312,0
ULTRACEMCO,2,0.75,721,80,106,2024-08-14,2025-03-11,0.5471698113207547,0.5836018617973505,0.5714285714285714,0.5079365079365079,0.6530612244897959,32,31,26,17,0.5,0.46226415094339623,0.0,0.0,0.0,0.0,0.0,0.0,0.0,0.0,0.5079365079365079,0.6046511627906976,0.0,0.5943396226415094,0.4056603773584906,0.7972531579807414,0
ULTRACEMCO,3,0.8,769,85,107,2024-12-04,2025-08-05,0.5233644859813084,0.5335429769392034,0.592,0.5211267605633803,0.6851851851851852,37,34,19,17,0.5420560747663551,0.4953271028037383,0.0,0.0,0.0,0.0,0.0,0.0,0.0,0.0,0.5211267605633803,0.5277777777777778,0.0,0.6635514018691588,0.3364485981308411,0.5697622002175562,0
ULTRACEMCO,4,0.85,817,90,107,2025-03-12,2025-12-05,0.45794392523364486,0.4919467787114846,0.546875,0.45454545454545453,0.6862745098039216,35,42,14,16,0.48598130841121495,0.514018691588785,0.0,0.0,0.0,0.0,0.0,0.0,0.0,0.0,0.45454545454545453,0.4666666666666667,0.0,0.719626168224299,0.2803738317757009,0.6778356277043623,0
ULTRACEMCO,5,0.9,865,96,107,2025-08-07,2026-04-16,0.5607476635514018,0.620409604519774,0.6115702479338843,0.5068493150684932,0.7708333333333334,37,36,23,11,0.5046728971962616,0.5607476635514018,0.0,0.0,0.0,0.0,0.0,0.0,0.0,0.0,0.5068493150684932,0.6764705882352942,0.0,0.6822429906542056,0.3177570093457944,0.5411341160994869,0
ULTRACEMCO,6,0.95,913,101,54,2025-12-08,2026-04-16,0.5,0.541838134430727,0.5846153846153846,0.5,0.7037037037037037,19,19,8,8,0.4444444444444444,0.48148148148148145,0.0,0.0,0.0,0.0,0.0,0.0,0.0,0.0,0.5,0.5,0.0,0.7037037037037037,0.2962962962962963,1.0,0
TITAN,1,0.7,771,85,122,2024-01-09,2024-09-25,0.48360655737704916,0.45454545454545453,0.5190839694656488,0.5230769230769231,0.5151515151515151,34,31,25,32,0.5327868852459017,0.45901639344262296,0.0,0.0,0.0,0.0,0.0,0.0,0.0,0.0,0.5230769230769231,0.4385964912280702,0.0,0.5327868852459017,0.4672131147540984,1.0,0
TITAN,2,0.75,826,91,122,2024-05-22,2025-02-05,0.47540983606557374,0.47956989247311826,0.5151515151515151,0.4857142857142857,0.5483870967741935,34,36,24,28,0.48360655737704916,0.4918032786885246,0.0,0.0,0.0,0.0,0.0,0.0,0.0,0.0,0.4857142857142857,0.46153846153846156,0.0,0.5737704918032787,0.4262295081967213,0.2070253639635196,0
TITAN,3,0.8,881,97,122,2024-09-26,2025-06-23,0.5081967213114754,0.5625,0.6052631578947368,0.48936170212765956,0.7931034482758621,46,48,16,12,0.48360655737704916,0.48360655737704916,0.0,0.0,0.0,0.0,0.0,0.0,0.0,0.0,0.48936170212765956,0.5714285714285714,0.0,0.7704918032786885,0.22950819672131148,0.45924930235863354,0
TITAN,4,0.85,936,103,122,2025-02-06,2025-11-18,0.5573770491803278,0.5547484530535378,0.6029411764705882,0.5616438356164384,0.6507936507936508,41,32,27,22,0.5737704918032787,0.5081967213114754,0.0,0.0,0.0,0.0,0.0,0.0,0.0,0.0,0.5616438356164384,0.5510204081632653,0.0,0.5983606557377049,0.4016393442622951,1.0,0
TITAN,5,0.9,990,110,123,2025-06-24,2026-04-16,0.5284552845528455,0.5625,0.5245901639344263,0.5517241379310345,0.5,32,26,33,32,0.5365853658536586,0.5121951219512195,0.0,0.0,0.0,0.0,0.0,0.0,0.0,0.0,0.5517241379310345,0.5076923076923077,0.0,0.4715447154471545,0.5284552845528455,1.0,0
TITAN,6,0.95,1045,116,62,2025-11-19,2026-04-16,0.46774193548387094,0.46826222684703434,0.45901639344262296,0.4666666666666667,0.45161290322580644,14,16,15,17,0.43548387096774194,0.5161290322580645,0.0,0.0,0.0,0.0,0.0,0.0,0.0,0.0,0.4666666666666667,0.46875,0.0,0.4838709677419355,0.5161290322580645,0.5052125193747594,0
SHREECEM,1,0.7,683,75,108,2024-03-18,2024-11-08,0.4351851851851852,0.4528301886792453,0.5196850393700787,0.44594594594594594,0.6226415094339622,33,41,14,20,0.46296296296296297,0.42592592592592593,0.0,0.0,0.0,0.0,0.0,0.0,0.0,0.0,0.44594594594594594,0.4117647058823529,0.0,0.6851851851851852,0.3148148148148148,0.5761183029694749,0
SHREECEM,2,0.75,731,81,108,2024-08-01,2025-03-04,0.4444444444444444,0.43449931412894377,0.5161290322580645,0.45714285714285713,0.5925925925925926,32,38,16,22,0.4537037037037037,0.46296296296296297,0.0,0.0,0.0,0.0,0.0,0.0,0.0,0.0,0.45714285714285713,0.42105263157894735,0.0,0.6481481481481481,0.35185185185185186,1.0,0
SHREECEM,3,0.8,780,86,108,2024-11-12,2025-07-25,0.5462962962962963,0.5106456043956044,0.5950413223140496,0.5538461538461539,0.6428571428571429,36,29,23,20,0.5092592592592593,0.5185185185185185,0.0,0.0,0.0,0.0,0.0,0.0,0.0,0.0,0.5538461538461539,0.5348837209302326,0.0,0.6018518518518519,0.39814814814814814,1.0,0
SHREECEM,4,0.85,828,92,108,2025-03-11,2025-12-10,0.4351851851851852,0.42952314165497896,0.5413533834586466,0.41379310344827586,0.782608695652174,36,51,11,10,0.4722222222222222,0.42592592592592593,0.0,0.0,0.0,0.0,0.0,0.0,0.0,0.0,0.41379310344827586,0.5238095238095238,0.0,0.8055555555555556,0.19444444444444445,1.0,0
SHREECEM,5,0.9,877,97,109,2025-07-28,2026-04-16,0.48623853211009177,0.5632653061224491,0.5625,0.45569620253164556,0.7346938775510204,36,43,17,13,0.48623853211009177,0.5321100917431193,0.0,0.0,0.0,0.0,0.0,0.0,0.0,0.0,0.45569620253164556,0.5666666666666667,0.0,0.7247706422018348,0.27522935779816515,0.512454041171864,0
SHREECEM,6,0.95,926,102,55,2025-12-11,2026-04-16,0.6,0.5702917771883289,0.6764705882352942,0.5897435897435898,0.7931034482758621,23,16,10,6,0.6,0.4909090909090909,0.0,0.0,0.0,0.0,0.0,0.0,0.0,0.0,0.5897435897435898,0.625,0.0,0.7090909090909091,0.2909090909090909,1.0,0
AMBUJACEM,1,0.7,717,79,114,2024-05-03,2024-12-13,0.4824561403508772,0.6102216748768473,0.6242038216560509,0.494949494949495,0.8448275862068966,49,50,6,9,0.5175438596491229,0.5087719298245614,0.0,0.0,0.0,0.0,0.0,0.0,0.0,0.0,0.494949494949495,0.4,0.0,0.868421052631579,0.13157894736842105,0.2991222505377809,0
AMBUJACEM,2,0.75,768,85,114,2024-08-20,2025-04-07,0.47368421052631576,0.4821428571428572,0.5774647887323944,0.47674418604651164,0.7321428571428571,41,45,13,15,0.5789473684210527,0.49122807017543857,0.0,0.0,0.0,0.0,0.0,0.0,0.0,0.0,0.47674418604651164,0.4642857142857143,0.0,0.7543859649122807,0.24561403508771928,0.22672580118128435,0
AMBUJACEM,3,0.8,819,91,114,2024-12-16,2025-08-07,0.543859649122807,0.5646551724137931,0.6338028169014085,0.5357142857142857,0.7758620689655172,45,39,17,13,0.5263157894736842,0.5263157894736842,0.0,0.0,0.0,0.0,0.0,0.0,0.0,0.0,0.5357142857142857,0.5666666666666667,0.0,0.7368421052631579,0.2631578947368421,0.5100810606911783,0
AMBUJACEM,4,0.85,871,96,114,2025-04-08,2025-12-10,0.5526315789473685,0.5226426799007444,0.5714285714285714,0.5074626865671642,0.6538461538461539,34,33,29,18,0.543859649122807,0.5,0.0,0.0,0.0,0.0,0.0,0.0,0.0,0.0,0.5074626865671642,0.6170212765957447,0.0,0.5877192982456141,0.41228070175438597,0.7652659631522186,0
AMBUJACEM,5,0.9,922,102,114,2025-08-08,2026-04-16,0.4473684210526316,0.4364207221350079,0.4878048780487805,0.40540540540540543,0.6122448979591837,30,44,21,19,0.41228070175438597,0.5526315789473685,0.0,0.0,0.0,0.0,0.0,0.0,0.0,0.0,0.40540540540540543,0.525,0.0,0.6491228070175439,0.3508771929824561,0.4886113865741771,0
AMBUJACEM,6,0.95,973,108,57,2025-12-11,2026-04-16,0.47368421052631576,0.5012345679012346,0.5161290322580645,0.45714285714285713,0.5925925925925926,16,19,11,11,0.38596491228070173,0.5087719298245614,0.0,0.0,0.0,0.0,0.0,0.0,0.0,0.0,0.45714285714285713,0.5,0.0,0.6140350877192983,0.38596491228070173,0.5174812346784862,0
PIDILITIND,1,0.7,769,85,122,2024-01-12,2024-10-04,0.5245901639344263,0.48998855835240274,0.5538461538461539,0.6666666666666666,0.47368421052631576,36,18,28,40,0.4918032786885246,0.3770491803278688,0.0,0.0,0.0,0.0,0.0,0.0,0.0,0.0,0.6666666666666666,0.4117647058823529,0.0,0.4426229508196721,0.5573770491803278,1.0,0
PIDILITIND,2,0.75,824,91,122,2024-06-03,2025-01-31,0.5655737704918032,0.550472334682861,0.4752475247524752,0.6666666666666666,0.36923076923076925,24,12,45,41,0.5819672131147541,0.4672131147540984,0.0,0.0,0.0,0.0,0.0,0.0,0.0,0.0,0.6666666666666666,0.5232558139534884,0.0,0.29508196721311475,0.7049180327868853,1.0,0
PIDILITIND,3,0.8,879,97,122,2024-10-07,2025-06-13,0.45081967213114754,0.4795115332428765,0.5314685314685315,0.4318181818181818,0.6909090909090909,38,50,17,17,0.48360655737704916,0.5245901639344263,0.0,0.0,0.0,0.0,0.0,0.0,0.0,0.0,0.4318181818181818,0.5,0.0,0.7213114754098361,0.2786885245901639,0.49416259005697605,0
PIDILITIND,4,0.85,934,103,122,2025-02-01,2025-11-21,0.4672131147540984,0.52515469464622,0.5751633986928104,0.46808510638297873,0.7457627118644068,44,50,13,15,0.47540983606557374,0.47540983606557374,0.0,0.0,0.0,0.0,0.0,0.0,0.0,0.0,0.46808510638297873,0.4642857142857143,0.0,0.7704918032786885,0.22950819672131148,0.25665057888993137,0
PIDILITIND,5,0.9,989,109,122,2025-06-16,2026-04-16,0.5409836065573771,0.5205811138014528,0.6455696202531646,0.5368421052631579,0.8095238095238095,51,44,15,12,0.5245901639344263,0.5163934426229508,0.0,0.0,0.0,0.0,0.0,0.0,0.0,0.0,0.5368421052631579,0.5555555555555556,0.0,0.7786885245901639,0.22131147540983606,1.0,0
PIDILITIND,6,0.95,1044,115,61,2025-11-25,2026-04-16,0.4426229508196721,0.4720430107526882,0.41379310344827586,0.4444444444444444,0.3870967741935484,12,15,15,19,0.5081967213114754,0.5081967213114754,0.0,0.0,0.0,0.0,0.0,0.0,0.0,0.0,0.4444444444444444,0.4411764705882353,0.0,0.4426229508196721,0.5573770491803278,0.15417456667838275,0
ASIANPAINT,1,0.7,749,83,119,2024-01-09,2024-11-06,0.4957983193277311,0.5079140757490107,0.4915254237288136,0.5087719298245614,0.47540983606557374,29,28,30,32,0.4789915966386555,0.5546218487394958,0.0,0.0,0.0,0.0,0.0,0.0,0.0,0.0,0.5087719298245614,0.4838709677419355,0.0,0.4789915966386555,0.5210084033613446,1.0,0
ASIANPAINT,2,0.75,802,89,119,2024-06-26,2025-03-11,0.5546218487394958,0.6023441966838193,0.5826771653543307,0.5,0.6981132075471698,37,37,29,16,0.5210084033613446,0.5630252100840336,0.0,0.0,0.0,0.0,0.0,0.0,0.0,0.0,0.5,0.6444444444444444,0.0,0.6218487394957983,0.37815126050420167,0.36658424673924916,0
ASIANPAINT,3,0.8,856,95,119,2024-11-07,2025-07-23,0.5126050420168067,0.5763293310463121,0.5245901639344263,0.463768115942029,0.6037735849056604,32,37,29,21,0.5126050420168067,0.5126050420168067,0.0,0.0,0.0,0.0,0.0,0.0,0.0,0.0,0.463768115942029,0.5800000000000001,0.0,0.5798319327731093,0.42016806722689076,0.37138990463182886,0
ASIANPAINT,4,0.85,909,101,119,2025-03-12,2025-12-08,0.453781512605042,0.46943972835314085,0.4881889763779528,0.47692307692307695,0.5,31,34,23,31,0.5210084033613446,0.453781512605042,0.0,0.0,0.0,0.0,0.0,0.0,0.0,0.0,0.47692307692307695,0.42592592592592593,0.0,0.5462184873949579,0.453781512605042,0.6524052290846095,0
ASIANPAINT,5,0.9,963,107,119,2025-07-24,2026-04-16,0.47058823529411764,0.45590729225551163,0.4424778761061947,0.45454545454545453,0.43103448275862066,25,30,31,33,0.4789915966386555,0.5210084033613446,0.0,0.0,0.0,0.0,0.0,0.0,0.0,0.0,0.45454545454545453,0.484375,0.0,0.46218487394957986,0.5378151260504201,0.35593851820817973,0
ASIANPAINT,6,0.95,1017,112,60,2025-12-10,2026-04-16,0.5333333333333333,0.5937149270482605,0.36363636363636365,0.47058823529411764,0.2962962962962963,8,9,24,19,0.5333333333333333,0.55,0.0,0.0,0.0,0.0,0.0,0.0,0.0,0.0,0.47058823529411764,0.5581395348837209,0.0,0.2833333333333333,0.7166666666666667,1.0,0
BERGEPAINT,1,0.7,769,85,122,2023-12-28,2024-10-14,0.5327868852459017,0.5479302832244008,0.632258064516129,0.5632183908045977,0.7205882352941176,49,38,16,19,0.5327868852459017,0.5491803278688525,0.0,0.0,0.0,0.0,0.0,0.0,0.0,0.0,0.5632183908045977,0.4571428571428572,0.0,0.7131147540983607,0.28688524590163933,0.14702742708284408,0
BERGEPAINT,2,0.75,824,91,122,2024-06-04,2025-02-13,0.5655737704918032,0.5441176470588236,0.6490066225165563,0.5903614457831325,0.7205882352941176,49,34,20,19,0.6147540983606558,0.5573770491803278,0.0,0.0,0.0,0.0,0.0,0.0,0.0,0.0,0.5903614457831325,0.5128205128205128,0.0,0.680327868852459,0.319672131147541,0.6918861923611012,0
BERGEPAINT,3,0.8,879,97,122,2024-10-15,2025-07-14,0.4180327868852459,0.4701612903225806,0.5034965034965035,0.43373493975903615,0.6,36,47,15,24,0.45901639344262296,0.5245901639344263,0.0,0.0,0.0,0.0,0.0,0.0,0.0,0.0,0.43373493975903615,0.3846153846153846,0.0,0.680327868852459,0.319672131147541,0.3845067958155403,0
BERGEPAINT,4,0.85,934,103,122,2025-02-14,2025-11-18,0.5163934426229508,0.5309806034482758,0.6242038216560509,0.5268817204301075,0.765625,49,44,14,15,0.5081967213114754,0.5,0.0,0.0,0.0,0.0,0.0,0.0,0.0,0.0,0.5268817204301075,0.48275862068965514,0.0,0.7622950819672131,0.23770491803278687,0.4556340658909265,0
BERGEPAINT,5,0.9,989,109,122,2025-07-15,2026-04-16,0.5163934426229508,0.549512987012987,0.5042016806722689,0.47619047619047616,0.5357142857142857,30,33,33,26,0.4672131147540984,0.48360655737704916,0.0,0.0,0.0,0.0,0.0,0.0,0.0,0.0,0.47619047619047616,0.5593220338983051,0.0,0.5163934426229508,0.48360655737704916,1.0,0
BERGEPAINT,6,0.95,1044,115,61,2025-11-20,2026-04-16,0.47540983606557374,0.5472972972972974,0.4666666666666667,0.3888888888888889,0.5833333333333334,14,22,15,10,0.5081967213114754,0.5573770491803278,0.0,0.0,0.0,0.0,0.0,0.0,0.0,0.0,0.3888888888888889,0.6,0.0,0.5901639344262295,0.4098360655737705,1.0,0
PAGEIND,1,0.7,818,90,130,2023-12-12,2024-10-01,0.5076923076923077,0.4989308624376336,0.6190476190476191,0.5252525252525253,0.7536231884057971,52,47,14,17,0.49230769230769234,0.5,0.0,0.0,0.0,0.0,0.0,0.0,0.0,0.0,0.5252525252525253,0.4516129032258065,0.0,0.7615384615384615,0.23846153846153847,1.0,0
PAGEIND,2,0.75,876,97,130,2024-05-17,2025-02-11,0.5,0.4773105250653362,0.5454545454545454,0.527027027027027,0.5652173913043478,39,35,26,30,0.5769230769230769,0.5076923076923077,0.0,0.0,0.0,0.0,0.0,0.0,0.0,0.0,0.527027027027027,0.4642857142857143,0.0,0.5692307692307692,0.4307692307692308,1.0,0
PAGEIND,3,0.8,935,103,130,2024-10-07,2025-06-26,0.5461538461538461,0.5602380952380953,0.549618320610687,0.5901639344262295,0.5142857142857142,36,25,35,34,0.5846153846153846,0.5384615384615384,0.0,0.0,0.0,0.0,0.0,0.0,0.0,0.0,0.5901639344262295,0.5072463768115942,0.0,0.46923076923076923,0.5307692307692308,1.0,0
PAGEIND,4,0.85,993,110,130,2025-02-12,2025-11-13,0.5,0.5041459369817578,0.5038167938931297,0.4852941176470588,0.5238095238095238,33,35,32,30,0.47692307692307695,0.47692307692307695,0.0,0.0,0.0,0.0,0.0,0.0,0.0,0.0,0.4852941176470588,0.5161290322580645,0.0,0.5230769230769231,0.47692307692307695,0.32243560277524846,0
PAGEIND,5,0.9,1052,116,130,2025-06-30,2026-04-16,0.5076923076923077,0.5850389863547758,0.5616438356164384,0.44565217391304346,0.7592592592592593,41,51,25,13,0.5307692307692308,0.46923076923076923,0.0,0.0,0.0,0.0,0.0,0.0,0.0,0.0,0.44565217391304346,0.6578947368421053,0.0,0.7076923076923077,0.2923076923076923,1.0,0
PAGEIND,6,0.95,1110,123,65,2025-11-14,2026-04-16,0.4,0.4240631163708086,0.4935064935064935,0.37254901960784315,0.7307692307692307,19,32,7,7,0.4,0.38461538461538464,0.0,0.0,0.0,0.0,0.0,0.0,0.0,0.0,0.37254901960784315,0.5,0.0,0.7846153846153846,0.2153846153846154,0.4982630902571612,0
VOLTAS,1,0.7,828,92,132,2024-02-12,2024-10-25,0.5454545454545454,0.569859087652257,0.5945945945945946,0.6376811594202898,0.5569620253164557,44,25,28,35,0.5075757575757576,0.5227272727272727,0.0,0.0,0.0,0.0,0.0,0.0,0.0,0.0,0.6376811594202898,0.4444444444444444,0.0,0.5227272727272727,0.4772727272727273,0.5709816358538917,0
VOLTAS,2,0.75,888,98,131,2024-06-26,2025-02-14,0.5419847328244275,0.5645988805970149,0.5714285714285714,0.547945205479452,0.5970149253731343,40,33,31,27,0.5419847328244275,0.5190839694656488,0.0,0.0,0.0,0.0,0.0,0.0,0.0,0.0,0.547945205479452,0.5344827586206897,0.0,0.5572519083969466,0.44274809160305345,2.327724573994082,0
VOLTAS,3,0.8,947,105,131,2024-10-28,2025-07-01,0.4122137404580153,0.44934640522875813,0.5032258064516129,0.42391304347826086,0.6190476190476191,39,53,15,24,0.42748091603053434,0.48091603053435117,0.0,0.0,0.0,0.0,0.0,0.0,0.0,0.0,0.42391304347826086,0.3846153846153846,0.0,0.7022900763358778,0.29770992366412213,0.19634585927844952,0
VOLTAS,4,0.85,1006,111,132,2025-02-17,2025-11-25,0.5227272727272727,0.5178283873936048,0.6272189349112426,0.53,0.7681159420289855,53,47,16,16,0.4393939393939394,0.5227272727272727,0.0,0.0,0.0,0.0,0.0,0.0,0.0,0.0,0.53,0.5,0.0,0.7575757575757576,0.24242424242424243,1.0,0
VOLTAS,5,0.9,1065,118,132,2025-07-02,2026-04-16,0.5454545454545454,0.5625,0.6341463414634146,0.5416666666666666,0.7647058823529411,52,44,20,16,0.4621212121212121,0.5151515151515151,0.0,0.0,0.0,0.0,0.0,0.0,0.0,0.0,0.5416666666666666,0.5555555555555556,0.0,0.7272727272727273,0.2727272727272727,1.0,0
VOLTAS,6,0.95,1125,124,66,2025-11-26,2026-04-16,0.5757575757575758,0.5514705882352942,0.6216216216216216,0.575,0.6764705882352942,23,17,15,11,0.5303030303030303,0.5151515151515151,0.0,0.0,0.0,0.0,0.0,0.0,0.0,0.0,0.575,0.5769230769230769,0.0,0.6060606060606061,0.3939393939393939,1.0,0
DLF,1,0.7,865,96,137,2023-11-30,2024-09-19,0.39416058394160586,0.3875565610859729,0.4503311258278146,0.5151515151515151,0.4,34,32,20,51,0.5255474452554745,0.40145985401459855,0.0,0.0,0.0,0.0,0.0,0.0,0.0,0.0,0.5151515151515151,0.2816901408450704,0.0,0.48175182481751827,0.5182481751824818,1.0,0
DLF,2,0.75,927,102,138,2024-04-26,2025-01-24,0.5144927536231884,0.46423280423280416,0.6417112299465241,0.5357142857142857,0.8,60,52,11,15,0.4782608695652174,0.5434782608695652,0.0,0.0,0.0,0.0,0.0,0.0,0.0,0.0,0.5357142857142857,0.42307692307692313,0.0,0.8115942028985508,0.18840579710144928,0.10000660285425449,0
DLF,3,0.8,989,109,137,2024-09-20,2025-06-17,0.5036496350364964,0.5579957356076759,0.6382978723404256,0.5084745762711864,0.8571428571428571,60,58,9,10,0.5328467153284672,0.5109489051094891,0.0,0.0,0.0,0.0,0.0,0.0,0.0,0.0,0.5084745762711864,0.4736842105263158,0.0,0.8613138686131386,0.1386861313868613,0.22203915110540262,0
DLF,4,0.85,1051,116,137,2025-01-27,2025-11-11,0.5401459854014599,0.5991010273972603,0.6440677966101694,0.504424778761062,0.890625,57,56,17,7,0.5401459854014599,0.45985401459854014,0.0,0.0,0.0,0.0,0.0,0.0,0.0,0.0,0.504424778761062,0.7083333333333333,0.0,0.8248175182481752,0.17518248175182483,0.4255925479161493,0
DLF,5,0.9,1112,123,138,2025-06-18,2026-04-16,0.41304347826086957,0.5509581881533101,0.5371428571428571,0.3949579831932773,0.8392857142857143,47,72,10,9,0.4782608695652174,0.4057971014492754,0.0,0.0,0.0,0.0,0.0,0.0,0.0,0.0,0.3949579831932773,0.5263157894736843,0.0,0.8623188405797102,0.13768115942028986,1.0,0
DLF,6,0.95,1174,130,69,2025-11-12,2026-04-16,0.463768115942029,0.47227191413237923,0.5432098765432098,0.4,0.8461538461538461,22,33,10,4,0.4057971014492754,0.4057971014492754,0.0,0.0,0.0,0.0,0.0,0.0,0.0,0.0,0.4,0.7142857142857143,0.0,0.7971014492753623,0.2028985507246377,1.0,0
DMART,1,0.7,797,88,127,2023-12-15,2024-09-24,0.5669291338582677,0.5325757575757576,0.60431654676259,0.6268656716417911,0.5833333333333334,42,25,30,30,0.5590551181102362,0.4330708661417323,0.0,0.0,0.0,0.0,0.0,0.0,0.0,0.0,0.6268656716417911,0.5,0.0,0.5275590551181102,0.47244094488188976,1.0,0
DMART,2,0.75,854,94,127,2024-05-24,2025-02-03,0.4881889763779528,0.4927318295739348,0.48,0.4411764705882353,0.5263157894736842,30,38,32,27,0.44881889763779526,0.4566929133858268,0.0,0.0,0.0,0.0,0.0,0.0,0.0,0.0,0.4411764705882353,0.5423728813559322,0.0,0.5354330708661418,0.4645669291338583,0.10092993196232877,0
DMART,3,0.8,911,101,126,2024-09-25,2025-06-24,0.4444444444444444,0.44948979591836735,0.4852941176470588,0.4125,0.5892857142857143,33,47,23,23,0.4444444444444444,0.47619047619047616,0.0,0.0,0.0,0.0,0.0,0.0,0.0,0.0,0.4125,0.5,0.0,0.6349206349206349,0.36507936507936506,0.6200987208789009,0
DMART,4,0.85,968,107,126,2025-02-04,2025-11-18,0.4523809523809524,0.4879032258064516,0.5369127516778524,0.45977011494252873,0.6451612903225806,40,47,17,22,0.4444444444444444,0.49206349206349204,0.0,0.0,0.0,0.0,0.0,0.0,0.0,0.0,0.45977011494252873,0.4358974358974359,0.0,0.6904761904761905,0.30952380952380953,1.0,0
DMART,5,0.9,1025,113,127,2025-06-25,2026-04-16,0.4251968503937008,0.4544768611670021,0.46715328467153283,0.3950617283950617,0.5714285714285714,32,49,22,24,0.4645669291338583,0.5590551181102362,0.0,0.0,0.0,0.0,0.0,0.0,0.0,0.0,0.3950617283950617,0.4782608695652174,0.0,0.6377952755905512,0.36220472440944884,1.0,0
DMART,6,0.95,1081,120,64,2025-11-19,2026-04-16,0.515625,0.5310344827586206,0.41509433962264153,0.4583333333333333,0.3793103448275862,11,13,22,18,0.421875,0.546875,0.0,0.0,0.0,0.0,0.0,0.0,0.0,0.0,0.4583333333333333,0.55,0.0,0.375,0.625,1.0,0
GODREJPROP,1,0.7,873,96,139,2024-01-04,2024-10-08,0.60431654676259,0.5647330811265238,0.6961325966850829,0.6116504854368932,0.8076923076923077,63,40,21,15,0.5971223021582733,0.5611510791366906,0.0,0.0,0.0,0.0,0.0,0.0,0.0,0.0,0.6116504854368932,0.5833333333333333,0.0,0.7410071942446043,0.2589928057553957,1.0,0
GODREJPROP,2,0.75,935,103,139,2024-06-03,2025-02-10,0.5107913669064749,0.5513457556935818,0.6091954022988506,0.5047619047619047,0.7681159420289855,53,52,18,16,0.5251798561151079,0.49640287769784175,0.0,0.0,0.0,0.0,0.0,0.0,0.0,0.0,0.5047619047619047,0.5294117647058824,0.0,0.7553956834532374,0.2446043165467626,0.16190933466059762,0
GODREJPROP,3,0.8,998,110,138,2024-10-09,2025-07-15,0.5,0.4927475299558545,0.6229508196721312,0.49137931034482757,0.8507462686567164,57,59,12,10,0.5144927536231884,0.4855072463768116,0.0,0.0,0.0,0.0,0.0,0.0,0.0,0.0,0.49137931034482757,0.5454545454545454,0.0,0.8405797101449275,0.15942028985507245,0.5108879620915064,0
GODREJPROP,4,0.85,1060,117,138,2025-02-11,2025-11-20,0.4855072463768116,0.4528063905822998,0.6033519553072626,0.48214285714285715,0.8059701492537313,54,58,13,13,0.5072463768115942,0.4855072463768116,0.0,0.0,0.0,0.0,0.0,0.0,0.0,0.0,0.48214285714285715,0.5,0.0,0.8115942028985508,0.18840579710144928,1.0,0
GODREJPROP,5,0.9,1122,124,139,2025-07-16,2026-04-16,0.5107913669064749,0.54,0.6304347826086957,0.48333333333333334,0.90625,58,62,13,6,0.5467625899280576,0.45323741007194246,0.0,0.0,0.0,0.0,0.0,0.0,0.0,0.0,0.48333333333333334,0.6842105263157895,0.0,0.8633093525179856,0.1366906474820144,1.0,0
GODREJPROP,6,0.95,1184,131,70,2025-11-21,2026-04-16,0.6285714285714286,0.6324013157894738,0.675,0.5625,0.84375,27,21,17,5,0.6142857142857143,0.6,0.0,0.0,0.0,0.0,0.0,0.0,0.0,0.0,0.5625,0.7727272727272727,0.0,0.6857142857142857,0.3142857142857143,1.0,0
ADANIENT,1,0.7,819,90,130,2023-12-27,2024-10-16,0.5538461538461539,0.5271262733949301,0.6375,0.5483870967741935,0.7611940298507462,51,42,21,16,0.5,0.49230769230769234,0.0,0.0,0.0,0.0,0.0,0.0,0.0,0.0,0.5483870967741935,0.5675675675675675,0.0,0.7153846153846154,0.2846153846153846,0.5613851287481725,0
ADANIENT,2,0.75,877,97,130,2024-05-17,2025-02-11,0.6230769230769231,0.6297085998578535,0.6201550387596899,0.6060606060606061,0.6349206349206349,40,26,41,23,0.5384615384615384,0.49230769230769234,0.0,0.0,0.0,0.0,0.0,0.0,0.0,0.0,0.6060606060606061,0.640625,0.0,0.5076923076923077,0.49230769230769234,0.6506276150362522,0
ADANIENT,3,0.8,936,103,130,2024-10-18,2025-07-02,0.5461538461538461,0.5307765151515151,0.6193548387096774,0.5393258426966292,0.7272727272727273,48,41,23,18,0.43846153846153846,0.5230769230769231,0.0,0.0,0.0,0.0,0.0,0.0,0.0,0.0,0.5393258426966292,0.5609756097560976,0.0,0.6846153846153846,0.3153846153846154,0.21092291835033997,0
ADANIENT,4,0.85,994,110,130,2025-02-12,2025-11-25,0.5538461538461539,0.5764285714285714,0.618421052631579,0.5108695652173914,0.7833333333333333,47,45,25,13,0.49230769230769234,0.5307692307692308,0.0,0.0,0.0,0.0,0.0,0.0,0.0,0.0,0.5108695652173914,0.6578947368421053,0.0,0.7076923076923077,0.2923076923076923,1.0,0
ADANIENT,5,0.9,1053,116,130,2025-07-03,2026-04-16,0.5538461538461539,0.5212355212355213,0.5,0.48333333333333334,0.5178571428571429,29,31,43,27,0.5,0.5,0.0,0.0,0.0,0.0,0.0,0.0,0.0,0.0,0.48333333333333334,0.6142857142857143,0.0,0.46153846153846156,0.5384615384615384,0.5161578921781682,0
ADANIENT,6,0.95,1111,123,65,2025-11-26,2026-04-16,0.6,0.6166982922201139,0.59375,0.5757575757575758,0.6129032258064516,19,14,20,12,0.5076923076923077,0.5538461538461539,0.0,0.0,0.0,0.0,0.0,0.0,0.0,0.0,0.5757575757575758,0.625,0.0,0.5076923076923077,0.49230769230769234,0.3073217414665366,0
BEL,1,0.7,745,82,118,2024-05-07,2024-12-17,0.5932203389830508,0.6126152073732718,0.6712328767123288,0.5833333333333334,0.7903225806451613,49,35,21,13,0.4745762711864407,0.5932203389830508,0.0,0.0,0.0,0.0,0.0,0.0,0.0,0.0,0.5833333333333334,0.6176470588235294,0.0,0.711864406779661,0.288135593220339,0.22090362668826063,0
BEL,2,0.75,798,88,118,2024-08-26,2025-04-08,0.4830508474576271,0.4810966810966811,0.5547445255474452,0.4634146341463415,0.6909090909090909,38,44,19,17,0.5338983050847458,0.4576271186440678,0.0,0.0,0.0,0.0,0.0,0.0,0.0,0.0,0.4634146341463415,0.5277777777777778,0.0,0.6949152542372882,0.3050847457627119,0.40924333438645666,0
BEL,3,0.8,851,94,118,2024-12-18,2025-08-04,0.4745762711864407,0.4265552995391705,0.6075949367088608,0.47058823529411764,0.8571428571428571,48,54,8,8,0.5254237288135594,0.4745762711864407,0.0,0.0,0.0,0.0,0.0,0.0,0.0,0.0,0.47058823529411764,0.5,0.0,0.864406779661017,0.13559322033898305,1.0,0
BEL,4,0.85,904,100,118,2025-04-09,2025-11-25,0.4661016949152542,0.4920634920634921,0.496,0.44285714285714284,0.5636363636363636,31,39,24,24,0.5254237288135594,0.5,0.0,0.0,0.0,0.0,0.0,0.0,0.0,0.0,0.44285714285714284,0.5,0.0,0.5932203389830508,0.4067796610169492,0.6634733320366465,0
BEL,5,0.9,957,106,119,2025-08-05,2026-04-16,0.44537815126050423,0.4606677985285795,0.46774193548387094,0.43283582089552236,0.5087719298245614,29,38,24,28,0.44537815126050423,0.5462184873949579,0.0,0.0,0.0,0.0,0.0,0.0,0.0,0.0,0.43283582089552236,0.46153846153846156,0.0,0.5630252100840336,0.4369747899159664,1.0,0
BEL,6,0.95,1010,112,60,2025-11-26,2026-04-16,0.43333333333333335,0.5211111111111111,0.46875,0.4411764705882353,0.5,15,19,11,15,0.4166666666666667,0.5666666666666667,0.0,0.0,0.0,0.0,0.0,0.0,0.0,0.0,0.4411764705882353,0.42307692307692313,0.0,0.5666666666666667,0.43333333333333335,1.4545715554299545,0
ADANIPORTS,1,0.7,708,78,113,2024-05-09,2024-12-13,0.48672566371681414,0.5078369905956113,0.4727272727272727,0.5,0.4482758620689655,26,26,29,32,0.48672566371681414,0.48672566371681414,0.0,0.0,0.0,0.0,0.0,0.0,0.0,0.0,0.5,0.47540983606557374,0.0,0.46017699115044247,0.5398230088495575,1.0,0
ADANIPORTS,2,0.75,759,84,112,2024-09-12,2025-03-28,0.5267857142857143,0.5254838709677419,0.5391304347826087,0.47692307692307695,0.62,31,34,28,19,0.5535714285714286,0.5267857142857143,0.0,0.0,0.0,0.0,0.0,0.0,0.0,0.0,0.47692307692307695,0.5957446808510638,0.0,0.5803571428571429,0.41964285714285715,0.8108570512792721,0
ADANIPORTS,3,0.8,810,89,112,2024-12-16,2025-08-05,0.5535714285714286,0.5833333333333334,0.6212121212121212,0.5256410256410257,0.7592592592592593,41,37,21,13,0.49107142857142855,0.5625,0.0,0.0,0.0,0.0,0.0,0.0,0.0,0.0,0.5256410256410257,0.6176470588235294,0.0,0.6964285714285714,0.30357142857142855,0.5790450041157414,0
ADANIPORTS,4,0.85,860,95,112,2025-04-03,2025-12-12,0.5089285714285714,0.5369897959183674,0.5454545454545454,0.5076923076923077,0.5892857142857143,33,32,24,23,0.5446428571428571,0.5625,0.0,0.0,0.0,0.0,0.0,0.0,0.0,0.0,0.5076923076923077,0.5106382978723405,0.0,0.5803571428571429,0.41964285714285715,1.0,0
ADANIPORTS,5,0.9,910,101,113,2025-08-06,2026-04-16,0.504424778761062,0.571563088512241,0.40425531914893614,0.475,0.35185185185185186,19,21,38,35,0.4424778761061947,0.5575221238938053,0.0,0.0,0.0,0.0,0.0,0.0,0.0,0.0,0.475,0.5205479452054795,0.0,0.35398230088495575,0.6460176991150443,0.33290044631389853,0
ADANIPORTS,6,0.95,961,106,57,2025-12-15,2026-04-16,0.543859649122807,0.5173697270471463,0.5,0.5,0.5,13,13,18,13,0.47368421052631576,0.5263157894736842,0.0,0.0,0.0,0.0,0.0,0.0,0.0,0.0,0.5,0.5806451612903225,0.0,0.45614035087719296,0.543859649122807,0.10000660285425449,0
HAL,1,0.7,733,81,117,2024-05-03,2024-12-10,0.452991452991453,0.46666666666666673,0.5076923076923077,0.4714285714285714,0.55,33,37,20,27,0.49572649572649574,0.48717948717948717,0.0,0.0,0.0,0.0,0.0,0.0,0.0,0.0,0.4714285714285714,0.42553191489361697,0.0,0.5982905982905983,0.4017094017094017,0.4569648325563525,0
HAL,2,0.75,786,87,116,2024-08-21,2025-03-28,0.5517241379310345,0.5891795481569561,0.6578947368421053,0.5319148936170213,0.8620689655172413,50,44,14,8,0.5517241379310345,0.5258620689655172,0.0,0.0,0.0,0.0,0.0,0.0,0.0,0.0,0.5319148936170213,0.6363636363636364,0.0,0.8103448275862069,0.1896551724137931,0.3475038304587262,0
HAL,3,0.8,838,93,116,2024-12-16,2025-07-24,0.5431034482758621,0.5633174791914388,0.6826347305389222,0.5229357798165137,0.9827586206896551,57,52,6,1,0.5689655172413793,0.5,0.0,0.0,0.0,0.0,0.0,0.0,0.0,0.0,0.5229357798165137,0.8571428571428572,0.0,0.9396551724137931,0.0603448275862069,1.0,0
HAL,4,0.85,891,98,116,2025-04-02,2025-12-03,0.47413793103448276,0.4845238095238096,0.5960264900662252,0.47368421052631576,0.8035714285714286,45,50,10,11,0.4396551724137931,0.4827586206896552,0.0,0.0,0.0,0.0,0.0,0.0,0.0,0.0,0.47368421052631576,0.47619047619047616,0.0,0.8189655172413793,0.1810344827586207,0.806033921080173,0
HAL,5,0.9,943,104,117,2025-07-25,2026-04-16,0.4444444444444444,0.46610169491525427,0.5390070921985816,0.4634146341463415,0.6440677966101694,38,44,14,21,0.4700854700854701,0.48717948717948717,0.0,0.0,0.0,0.0,0.0,0.0,0.0,0.0,0.4634146341463415,0.4,0.0,0.7008547008547008,0.29914529914529914,0.44286055672148383,0
HAL,6,0.95,995,110,59,2025-12-04,2026-04-16,0.5423728813559322,0.5115207373271888,0.6966292134831461,0.5344827586206896,1.0,31,27,1,0,0.5423728813559322,0.5254237288135594,0.0,0.0,0.0,0.0,0.0,0.0,0.0,0.0,0.5344827586206896,1.0,0.0,0.9830508474576272,0.01694915254237288,1.0,0
ETERNAL,1,0.7,462,51,73,2025-02-01,2025-06-16,0.6027397260273972,0.6319758672699849,0.6233766233766234,0.5581395348837209,0.7058823529411765,24,19,20,10,0.589041095890411,0.5616438356164384,0.0,0.0,0.0,0.0,0.0,0.0,0.0,0.0,0.5581395348837209,0.6666666666666667,0.0,0.589041095890411,0.410958904109589,0.5484789457821402,0
ETERNAL,2,0.75,495,54,74,2025-04-17,2025-08-21,0.6216216216216216,0.5734112490869248,0.631578947368421,0.6153846153846154,0.6486486486486487,24,15,22,13,0.5135135135135135,0.6216216216216216,0.0,0.0,0.0,0.0,0.0,0.0,0.0,0.0,0.6153846153846154,0.6285714285714286,0.0,0.527027027027027,0.47297297297297297,0.37105096090065587,0
ETERNAL,3,0.8,528,58,73,2025-06-17,2025-11-11,0.4657534246575342,0.4444444444444444,0.4507042253521127,0.47058823529411764,0.43243243243243246,16,18,18,21,0.5205479452054794,0.5068493150684932,0.0,0.0,0.0,0.0,0.0,0.0,0.0,0.0,0.47058823529411764,0.46153846153846156,0.0,0.4657534246575342,0.5342465753424658,0.4339279397527692,0
ETERNAL,4,0.85,561,62,73,2025-08-25,2026-02-03,0.5068493150684932,0.4917293233082707,0.4375,0.4827586206896552,0.4,14,15,23,21,0.5205479452054794,0.5205479452054794,0.0,0.0,0.0,0.0,0.0,0.0,0.0,0.0,0.4827586206896552,0.5227272727272727,0.0,0.3972602739726027,0.6027397260273972,1.0,0
ETERNAL,5,0.9,594,65,74,2025-11-12,2026-04-16,0.4864864864864865,0.4937888198757764,0.4722222222222222,0.38636363636363635,0.6071428571428571,17,27,19,11,0.43243243243243246,0.6216216216216216,0.0,0.0,0.0,0.0,0.0,0.0,0.0,0.0,0.38636363636363635,0.6333333333333333,0.0,0.5945945945945946,0.40540540540540543,1.0,0
ETERNAL,6,0.95,627,69,37,2026-02-04,2026-04-16,0.43243243243243246,0.49,0.46153846153846156,0.3333333333333333,0.75,9,18,7,3,0.3783783783783784,0.40540540540540543,0.0,0.0,0.0,0.0,0.0,0.0,0.0,0.0,0.3333333333333333,0.7,0.0,0.7297297297297297,0.2702702702702703,1.0,0
IRFC,1,0.7,462,51,74,2024-12-19,2025-05-21,0.5135135135135135,0.4838235294117647,0.47058823529411764,0.47058823529411764,0.47058823529411764,16,18,22,18,0.527027027027027,0.44594594594594594,0.0,0.0,0.0,0.0,0.0,0.0,0.0,0.0,0.47058823529411764,0.55,0.0,0.4594594594594595,0.5405405405405406,0.6314658231386908,0
IRFC,2,0.75,495,55,73,2025-03-03,2025-08-04,0.547945205479452,0.41893939393939394,0.23255813953488372,0.5,0.15151515151515152,5,5,35,28,0.5205479452054794,0.547945205479452,0.0,0.0,0.0,0.0,0.0,0.0,0.0,0.0,0.5,0.5555555555555556,0.0,0.136986301369863,0.863013698630137,0.11193071765922198,0
IRFC,3,0.8,529,58,73,2025-05-23,2025-10-27,0.5342465753424658,0.5317829457364341,0.43333333333333335,0.43333333333333335,0.43333333333333335,13,17,26,17,0.547945205479452,0.589041095890411,0.0,0.0,0.0,0.0,0.0,0.0,0.0,0.0,0.43333333333333335,0.6046511627906976,0.0,0.410958904109589,0.589041095890411,0.20571742375559654,0
IRFC,4,0.85,561,62,74,2025-08-05,2026-01-13,0.5540540540540541,0.4352678571428571,0.1951219512195122,0.4444444444444444,0.125,4,5,37,28,0.6081081081081081,0.5405405405405406,0.0,0.0,0.0,0.0,0.0,0.0,0.0,0.0,0.4444444444444444,0.5692307692307692,0.0,0.12162162162162163,0.8783783783783784,0.36924948917862294,0
IRFC,5,0.9,594,66,74,2025-10-28,2026-04-16,0.581081081081081,0.5543885971492873,0.4918032786885246,0.5,0.4838709677419355,15,15,28,16,0.5675675675675675,0.581081081081081,0.0,0.0,0.0,0.0,0.0,0.0,0.0,0.0,0.5,0.6363636363636364,0.0,0.40540540540540543,0.5945945945945946,0.630438211480095,0
IRFC,6,0.95,628,69,37,2026-01-19,2026-04-16,0.5945945945945946,0.5878787878787879,0.5454545454545454,0.5,0.6,9,9,13,6,0.5135135135135135,0.5945945945945946,0.0,0.0,0.0,0.0,0.0,0.0,0.0,0.0,0.5,0.6842105263157895,0.0,0.4864864864864865,0.5135135135135135,0.5803706359641219,0
