{
  "window_id": 3,
  "train_ratio": 0.9,
  "acc_all": 0.5337837837837838,
  "acc_conf": 0.5079365079365079,
  "conf_rate": 0.8513513513513513,
  "n_conf": 126,
  "auc": 0.5605479452054793
}