{
  "window_id": 2,
  "train_ratio": 0.8,
  "acc_all": 0.49174917491749176,
  "acc_conf": 0.4972375690607735,
  "conf_rate": 0.5973597359735974,
  "n_conf": 181,
  "auc": 0.5044062472733618
}