{
  "window_id": 3,
  "train_ratio": 0.9,
  "acc_all": 0.5,
  "acc_conf": 0.5619834710743802,
  "conf_rate": 0.7857142857142857,
  "n_conf": 121,
  "auc": 0.5500421940928272
}