{
  "window_id": 1,
  "train_ratio": 0.7,
  "acc_all": 0.5915032679738562,
  "acc_conf": 0.5852534562211982,
  "conf_rate": 0.7091503267973857,
  "n_conf": 217,
  "auc": 0.5947933142393024
}